# https://github.com/mikedh/trimesh
v -24.43944832 2.29609728 280.86077880
v -26.89619348 0.00000214 279.11077880
v -24.89617440 0.00000214 281.11077880
v -26.28722282 -3.06145978 279.36077880
v -24.43944832 -2.29609823 277.36080940
v -24.89617440 0.00000214 277.11080940
v -26.28722282 3.06145883 278.86080940
v -26.28722282 3.06145883 282.86080940
v -23.13882348 4.24264193 280.61077880
v -24.55304620 5.65685987 282.61077880
v -26.89619348 0.00000214 283.11077880
v -24.43944832 -2.29609823 281.36080940
v -24.55304620 -5.65685797 279.61077880
v -23.13882348 -4.24263763 277.61077880
v -24.50760170 -4.31255817 276.31079100
v -24.02270790 -5.12652016 276.36080940
v -25.47881600 -2.72662139 276.23580940
v -24.97145744 -3.55510163 276.27499380
v -25.63806054 -1.63278389 276.17745980
v -25.89618202 0.00000214 276.11077880
v -25.72281930 -1.09664810 276.15557860
v -25.58592888 1.22458374 276.04412840
v -24.43944832 2.29609728 276.86077880
v -24.55304620 5.65685987 278.61077880
v -24.43944832 2.29609728 284.86077880
v -23.13882348 4.24264193 284.61077880
v -21.19227882 5.54327965 280.36077880
v -21.95765206 7.39103937 282.36077880
v -21.19227882 5.54327965 284.36080940
v -24.89617440 0.00000214 285.11080940
v -26.28722282 -3.06145978 283.36077880
v -23.13882348 -4.24263763 281.61077880
v -21.95765206 -7.39103794 279.86077880
v -21.19227882 -5.54327774 277.86077880
v -22.35138986 -6.34158182 276.44412240
v -21.71847818 -6.81362104 276.48577880
v -23.34918114 -5.61617851 276.39434820
v -23.13882348 -4.24263763 275.11080940
v -21.19227882 -5.54327774 275.11080940
v -24.43944832 -2.29609823 275.11080940
v -23.87625786 -3.13898206 275.11080940
v -23.86511132 -3.17334104 275.12078860
v -23.51453682 -3.69798017 275.12078860
v -23.49161430 -3.71464229 275.11080940
v -24.89617440 0.00000214 275.11080940
v -25.53979394 1.41650188 276.03616340
v -25.24785896 2.63094115 275.98580940
v -24.48533150 3.65332103 275.91848760
v -24.39816568 3.77017927 275.91076660
v -23.13882348 4.24264193 276.61080940
v -21.95765206 7.39103937 278.36077880
v -26.28722282 3.06145883 286.86077880
v -24.55304620 5.65685987 286.61080940
v -21.95765206 7.39103937 286.36077880
v -18.89618584 6.00000048 280.11077880
v -18.89618584 8.00000000 282.11080940
v -18.89618584 6.00000048 284.11077880
v -18.89618584 8.00000000 286.11077880
v -26.89619348 0.00000214 287.11077880
v -24.43944832 -2.29609823 285.36077880
v -24.55304620 -5.65685797 283.61080940
v -21.19227882 -5.54327774 281.86077880
v -18.89618584 -8.00000095 280.11077880
v -18.89618584 -5.99999905 278.11080940
v -19.50847908 -7.34487915 276.57745360
v -18.89618584 -7.50000191 276.61080940
v -21.04378030 -6.97580147 276.51376340
v -20.87374016 -5.61663866 275.12078860
v -20.89271066 -5.60286236 275.11080940
v -20.42278572 -5.70634222 275.12078860
v -20.37251564 -5.70634222 275.11080940
v -18.89618584 -5.99999905 275.11080940
v -23.75028130 -3.52671838 275.10079960
v -20.75027368 -5.70634222 275.10079960
v -23.75028130 -3.52671838 275.12078860
v -20.75027368 -5.70634222 275.12078860
v -24.89617440 0.00000214 275.10079960
v -23.75028130 3.52672267 275.10079960
v -23.87625786 3.13898110 275.11080940
v -23.86511132 3.17334008 275.12078860
v -23.75028130 3.52672267 275.12078860
v -24.43944832 2.29609728 275.11080940
v -23.66916176 4.77298021 275.86080940
v -23.49161430 3.71464133 275.11080940
v -23.13882348 4.24264193 275.11080940
v -23.51453682 3.69797921 275.12078860
v -22.72996804 5.33245945 275.80313120
v -22.31253334 5.58114147 275.77743540
v -21.19227882 5.54327965 276.36080940
v -18.89618584 8.00000000 278.11080940
v -24.43944832 2.29609728 288.86080940
v -23.13882348 4.24264193 288.61077880
v -21.19227882 5.54327965 288.36080940
v -18.89618584 6.00000048 288.11080940
v -16.60006616 5.54327965 279.86077880
v -15.83471582 7.39103937 281.86077880
v -16.60006616 5.54327965 283.86077880
v -15.83471582 7.39103937 285.86080940
v -16.60006616 5.54327965 287.86077880
v -24.89617440 0.00000214 289.11080940
v -26.28722282 -3.06145978 287.36080940
v -23.13882348 -4.24263763 285.61077880
v -21.95765206 -7.39103794 283.86077880
v -18.89618584 -5.99999905 282.11080940
v -15.83471582 -7.39103794 280.36077880
v -16.60006616 -5.54327774 278.36077880
v -16.44698998 -7.11281967 276.71081540
v -15.97821710 -7.04458237 276.73580940
v -18.34786126 -7.41332006 276.63317880
v -17.36958214 -5.70634222 275.12078860
v -17.41985222 -5.70634222 275.11080940
v -16.91860482 -5.61663866 275.12078860
v -16.89965722 -5.60286236 275.11080940
v -16.60006616 -5.54327774 275.11080940
v -17.04207132 -5.70634222 275.10079960
v -17.04207132 -5.70634222 275.12078860
v -20.75027368 5.70634127 275.10079960
v -17.04207132 5.70634127 275.10079960
v -14.04206750 3.52672267 275.10079960
v -12.89619348 0.00000214 275.10079960
v -14.04206750 -3.52671838 275.10079960
v -20.89271066 5.60285902 275.11080940
v -20.87374016 5.61664009 275.12078860
v -20.75027368 5.70634127 275.12078860
v -21.19227882 5.54327965 275.11080940
v -21.43145272 6.12069893 275.73577880
v -20.52994058 6.25193977 275.68768320
v -18.89618584 6.00000048 276.11077880
v -19.71258064 6.37093925 275.64410400
v -15.83471582 7.39103937 277.86077880
v -26.28722282 3.06145883 290.86077880
v -24.55304620 5.65685987 290.61080940
v -21.95765206 7.39103937 290.36080940
v -18.89618584 8.00000000 290.11077880
v -15.83471582 7.39103937 289.86080940
v -14.65354440 4.24264193 279.61077880
v -13.23932550 5.65685987 281.61077880
v -14.65354440 4.24264193 283.61080940
v -13.23932550 5.65685987 285.61077880
v -14.65354440 4.24264193 287.61077880
v -13.23932550 5.65685987 289.61080940
v -26.89619348 0.00000214 291.11080940
v -24.43944832 -2.29609823 289.36077880
v -24.55304620 -5.65685797 287.61077880
v -21.19227882 -5.54327774 285.86080940
v -18.89618584 -8.00000095 284.11077880
v -16.60006616 -5.54327774 282.36077880
v -13.23932550 -5.65685797 280.61077880
v -14.65354440 -4.24263763 278.61077880
v -13.68743416 -5.64171743 276.84414680
v -13.41609474 -5.48008060 276.86077880
v -15.62316796 -6.82714081 276.75259400
v -14.65354440 -4.24263763 275.11080940
v -14.30075356 -3.71464229 275.11080940
v -14.04206750 -3.52671838 275.12078860
v -14.27783104 -3.69798017 275.12078860
v -13.91609094 -3.13898206 275.11080940
v -13.92725656 -3.17334104 275.12078860
v -12.89619348 0.00000214 275.11080940
v -13.91609094 3.13898110 275.11080940
v -14.04206750 3.52672267 275.12078860
v -13.92725656 3.17334008 275.12078860
v -14.30075356 3.71464133 275.11080940
v -16.89965722 5.60285902 275.11080940
v -17.04207132 5.70634127 275.12078860
v -14.27783104 3.69797921 275.12078860
v -16.91860482 5.61664009 275.12078860
v -17.41985222 5.70634127 275.11080940
v -20.37251564 5.70634127 275.11080940
v -17.36958214 5.70634127 275.12078860
v -20.42278572 5.70634127 275.12078860
v -18.89618584 6.49999952 275.61080940
v -18.89618584 6.00000048 275.11080940
v -16.60006616 5.54327965 275.86080940
v -18.18970010 6.32100010 275.57232660
v -17.05930230 6.03462076 275.51077280
v -13.23932550 5.65685987 277.61077880
v -24.43944832 2.29609728 292.86080940
v -23.13882348 4.24264193 292.61077880
v -21.19227882 5.54327965 292.36077880
v -18.89618584 6.00000048 292.11080940
v -16.60006616 5.54327965 291.86080940
v -14.65354440 4.24264193 291.61077880
v -13.35290048 2.29609728 279.36077880
v -11.50514314 3.06145883 281.36080940
v -13.35290048 2.29609728 283.36077880
v -11.50514314 3.06145883 285.36077880
v -13.35290048 2.29609728 287.36080940
v -11.50514314 3.06145883 289.36077880
v -13.35290048 2.29609728 291.36080940
v -24.89617440 0.00000214 293.11077880
v -26.28722282 -3.06145978 291.36080940
v -23.13882348 -4.24263763 289.61080940
v -21.95765206 -7.39103794 287.86077880
v -18.89618584 -5.99999905 286.11077880
v -15.83471582 -7.39103794 284.36080940
v -14.65354440 -4.24263763 282.61077880
v -11.50514314 -3.06145978 280.86077880
v -13.35290048 -2.29609823 278.86080940
v -11.71504112 -3.14022112 276.97747800
v -11.62062164 -3.01363850 276.98580940
v -13.25287530 -5.25555992 276.87200920
v -13.35290048 -2.29609823 275.11080940
v -11.58820816 -2.87870145 276.99136360
v -10.89617630 0.00000214 277.11080940
v -13.35290048 2.29609728 275.36077880
v -13.23742196 2.34393954 275.23580940
v -13.21117684 2.16363835 275.22619620
v -13.35290048 2.29609728 275.11080940
v -14.65354440 4.24264193 275.11080940
v -14.29025552 4.10636139 275.34155280
v -13.34535118 2.52015781 275.24414060
v -16.60006616 5.54327965 275.11080940
v -16.45656868 5.88973999 275.48580940
v -14.65354440 4.24264193 275.61080940
v -16.01841256 5.56293964 275.45693960
v -14.81101510 4.66242170 275.37744140
v -11.50514314 3.06145883 277.36080940
v -26.28722282 3.06145883 294.86077880
v -24.55304620 5.65685987 294.61077880
v -21.95765206 7.39103937 294.36077880
v -18.89618584 8.00000000 294.11077880
v -15.83471582 7.39103937 293.86077880
v -13.23932550 5.65685987 293.61080940
v -11.50514314 3.06145883 293.36077880
v -12.89619348 0.00000214 279.11077880
v -10.89617630 0.00000214 281.11077880
v -12.89619348 0.00000214 283.11077880
v -10.89617630 0.00000214 285.11080940
v -12.89619348 0.00000214 287.11077880
v -10.89617630 0.00000214 289.11080940
v -12.89619348 0.00000214 291.11080940
v -10.89617630 0.00000214 293.11077880
v -26.89619348 0.00000214 295.11077880
v -24.43944832 -2.29609823 293.36077880
v -24.55304620 -5.65685797 291.61077880
v -21.19227882 -5.54327774 289.86080940
v -18.89618584 -8.00000095 288.11080940
v -16.60006616 -5.54327774 286.36077880
v -13.23932550 -5.65685797 284.61077880
v -13.35290048 -2.29609823 282.86080940
v -14.47675224 4.41941977 275.36077880
v -24.43944832 2.29609728 296.86080940
v -23.13882348 4.24264193 296.61077880
v -21.19227882 5.54327965 296.36077880
v -18.89618584 6.00000048 296.11080940
v -16.60006616 5.54327965 295.86077880
v -14.65354440 4.24264193 295.61077880
v -13.35290048 2.29609728 295.36080940
v -12.89619348 0.00000214 295.11077880
v -11.50514314 -3.06145978 284.86077880
v -13.35290048 -2.29609823 286.86077880
v -11.50514314 -3.06145978 288.86080940
v -13.35290048 -2.29609823 290.86077880
v -11.50514314 -3.06145978 292.86080940
v -13.35290048 -2.29609823 294.86077880
v -24.89617440 0.00000214 297.11077880
v -26.28722282 -3.06145978 295.36080940
v -23.13882348 -4.24263763 293.61080940
v -21.95765206 -7.39103794 291.86080940
v -18.89618584 -5.99999905 290.11077880
v -15.83471582 -7.39103794 288.36080940
v -14.65354440 -4.24263763 286.61080940
v -26.28722282 3.06145883 298.86077880
v -24.55304620 5.65685987 298.61077880
v -21.95765206 7.39103937 298.36080940
v -18.89618584 8.00000000 298.11077880
v -15.83471582 7.39103937 297.86077880
v -13.23932550 5.65685987 297.61080940
v -11.50514314 3.06145883 297.36077880
v -10.89617630 0.00000214 297.11077880
v -11.50514314 -3.06145978 296.86080940
v -13.23932550 -5.65685797 288.61077880
v -14.65354440 -4.24263763 290.61080940
v -13.23932550 -5.65685797 292.61077880
v -14.65354440 -4.24263763 294.61077880
v -13.23932550 -5.65685797 296.61077880
v -26.89619348 0.00000214 299.11080940
v -24.43944832 -2.29609823 297.36077880
v -24.55304620 -5.65685797 295.61077880
v -21.19227882 -5.54327774 293.86077880
v -18.89618584 -8.00000095 292.11080940
v -16.60006616 -5.54327774 290.36080940
v -24.43944832 2.29609728 300.86077880
v -23.13882348 4.24264193 300.61080940
v -21.19227882 5.54327965 300.36077880
v -18.89618584 6.00000048 300.11077880
v -16.60006616 5.54327965 299.86080940
v -14.65354440 4.24264193 299.61077880
v -13.35290048 2.29609728 299.36077880
v -12.89619348 0.00000214 299.11080940
v -13.35290048 -2.29609823 298.86077880
v -14.65354440 -4.24263763 298.61077880
v -15.83471582 -7.39103794 292.36077880
v -16.60006616 -5.54327774 294.36077880
v -15.83471582 -7.39103794 296.36077880
v -16.60006616 -5.54327774 298.36080940
v -24.89617440 0.00000214 301.11077880
v -26.28722282 -3.06145978 299.36077880
v -23.13882348 -4.24263763 297.61080940
v -21.95765206 -7.39103794 295.86077880
v -18.89618584 -5.99999905 294.11077880
v -26.28722282 3.06145883 302.86080940
v -24.55304620 5.65685987 302.61077880
v -21.95765206 7.39103937 302.36077880
v -18.89618584 8.00000000 302.11080940
v -15.83471582 7.39103937 301.86077880
v -13.23932550 5.65685987 301.61077880
v -11.50514314 3.06145883 301.36080940
v -10.89617630 0.00000214 301.11077880
v -11.50514314 -3.06145978 300.86077880
v -13.23932550 -5.65685797 300.61080940
v -15.83471582 -7.39103794 300.36077880
v -18.89618584 -8.00000095 296.11080940
v -18.89618584 -5.99999905 298.11077880
v -18.89618584 -8.00000095 300.11077880
v -26.89619348 0.00000214 303.11080940
v -24.43944832 -2.29609823 301.36080940
v -24.55304620 -5.65685797 299.61077880
v -21.19227882 -5.54327774 297.86077880
v -24.43944832 2.29609728 304.86077880
v -23.13882348 4.24264193 304.61080940
v -21.19227882 5.54327965 304.36080940
v -18.89618584 6.00000048 304.11077880
v -16.60006616 5.54327965 303.86080940
v -14.65354440 4.24264193 303.61080940
v -13.35290048 2.29609728 303.36077880
v -12.89619348 0.00000214 303.11080940
v -13.35290048 -2.29609823 302.86080940
v -14.65354440 -4.24263763 302.61077880
v -16.60006616 -5.54327774 302.36077880
v -18.89618584 -5.99999905 302.11080940
v -21.95765206 -7.39103794 299.86080940
v -21.19227882 -5.54327774 301.86077880
v -24.89617440 0.00000214 305.11080940
v -26.28722282 -3.06145978 303.36077880
v -23.13882348 -4.24263763 301.61077880
v -26.28722282 3.06145883 306.86080940
v -24.55304620 5.65685987 306.61080940
v -21.95765206 7.39103937 306.36077880
v -18.89618584 8.00000000 306.11080940
v -15.83471582 7.39103937 305.86080940
v -13.23932550 5.65685987 305.61077880
v -11.50514314 3.06145883 305.36080940
v -10.89617630 0.00000214 305.11080940
v -11.50514314 -3.06145978 304.86077880
v -13.23932550 -5.65685797 304.61080940
v -15.83471582 -7.39103794 304.36080940
v -18.89618584 -8.00000095 304.11077880
v -21.95765206 -7.39103794 303.86080940
v -24.55304620 -5.65685797 303.61080940
v -26.89619348 0.00000214 307.11077880
v -24.43944832 -2.29609823 305.36080940
v -24.43944832 2.29609728 308.86077880
v -23.13882348 4.24264193 308.61077880
v -21.19227882 5.54327965 308.36074820
v -18.89618584 6.00000048 308.11077880
v -16.60006616 5.54327965 307.86077880
v -14.65354440 4.24264193 307.61074820
v -13.35290048 2.29609728 307.36080940
v -12.89619348 0.00000214 307.11077880
v -13.35290048 -2.29609823 306.86080940
v -14.65354440 -4.24263763 306.61080940
v -16.60006616 -5.54327774 306.36077880
v -18.89618584 -5.99999905 306.11080940
v -21.19227882 -5.54327774 305.86080940
v -23.13882348 -4.24263763 305.61077880
v -24.89617440 0.00000214 309.11077880
v -26.28722282 -3.06145978 307.36080940
v -26.28722282 3.06145883 310.86080940
v -24.55304620 5.65685987 310.61077880
v -21.95765206 7.39103937 310.36077880
v -18.89618584 8.00000000 310.11080940
v -15.83471582 7.39103937 309.86077880
v -13.23932550 5.65685987 309.61077880
v -11.50514314 3.06145883 309.36077880
v -10.89617630 0.00000214 309.11077880
v -11.50514314 -3.06145978 308.86077880
v -13.23932550 -5.65685797 308.61077880
v -15.83471582 -7.39103794 308.36074820
v -18.89618584 -8.00000095 308.11077880
v -21.95765206 -7.39103794 307.86077880
v -24.55304620 -5.65685797 307.61074820
v -26.89619348 0.00000214 311.11077880
v -24.43944832 -2.29609823 309.36077880
v -24.43944832 2.29609728 312.86077880
v -23.13882348 4.24264193 312.61077880
v -21.19227882 5.54327965 312.36080940
v -18.89618584 6.00000048 312.11077880
v -16.60006616 5.54327965 311.86077880
v -14.65354440 4.24264193 311.61080940
v -13.35290048 2.29609728 311.36077880
v -12.89619348 0.00000214 311.11077880
v -13.35290048 -2.29609823 310.86080940
v -14.65354440 -4.24263763 310.61077880
v -16.60006616 -5.54327774 310.36077880
v -18.89618584 -5.99999905 310.11080940
v -21.19227882 -5.54327774 309.86077880
v -23.13882348 -4.24263763 309.61077880
v -24.89617440 0.00000214 313.11080940
v -26.28722282 -3.06145978 311.36077880
v -26.28722282 3.06145883 314.86077880
v -24.55304620 5.65685987 314.61080940
v -21.95765206 7.39103937 314.36077880
v -18.89618584 8.00000000 314.11077880
v -15.83471582 7.39103937 313.86080940
v -13.23932550 5.65685987 313.61077880
v -11.50514314 3.06145883 313.36077880
v -10.89617630 0.00000214 313.11080940
v -11.50514314 -3.06145978 312.86077880
v -13.23932550 -5.65685797 312.61077880
v -15.83471582 -7.39103794 312.36080940
v -18.89618584 -8.00000095 312.11077880
v -21.95765206 -7.39103794 311.86077880
v -24.55304620 -5.65685797 311.61080940
v -26.89619348 0.00000214 315.11077880
v -24.43944832 -2.29609823 313.36077880
v -24.43944832 2.29609728 316.86080940
v -23.13882348 4.24264193 316.61077880
v -21.19227882 5.54327965 316.36077880
v -18.89618584 6.00000048 316.11080940
v -16.60006616 5.54327965 315.86077880
v -14.65354440 4.24264193 315.61077880
v -13.35290048 2.29609728 315.36080940
v -12.89619348 0.00000214 315.11077880
v -13.35290048 -2.29609823 314.86077880
v -14.65354440 -4.24263763 314.61080940
v -16.60006616 -5.54327774 314.36077880
v -18.89618584 -5.99999905 314.11077880
v -21.19227882 -5.54327774 313.86080940
v -23.13882348 -4.24263763 313.61077880
v -24.89617440 0.00000214 317.11077880
v -26.28722282 -3.06145978 315.36080940
v -26.28722282 3.06145883 318.86077880
v -24.55304620 5.65685987 318.61080940
v -21.95765206 7.39103937 318.36080940
v -18.89618584 8.00000000 318.11077880
v -15.83471582 7.39103937 317.86080940
v -13.23932550 5.65685987 317.61080940
v -11.50514314 3.06145883 317.36077880
v -10.89617630 0.00000214 317.11077880
v -11.50514314 -3.06145978 316.86080940
v -13.23932550 -5.65685797 316.61077880
v -15.83471582 -7.39103794 316.36077880
v -18.89618584 -8.00000095 316.11080940
v -21.95765206 -7.39103794 315.86077880
v -24.55304620 -5.65685797 315.61077880
v -26.89619348 0.00000214 319.11080940
v -24.43944832 -2.29609823 317.36077880
v -24.43944832 2.29609728 320.86080940
v -23.13882348 4.24264193 320.61080940
v -21.19227882 5.54327965 320.36077880
v -18.89618584 6.00000048 320.11080940
v -16.60006616 5.54327965 319.86080940
v -14.65354440 4.24264193 319.61077880
v -13.35290048 2.29609728 319.36080940
v -12.89619348 0.00000214 319.11080940
v -13.35290048 -2.29609823 318.86077880
v -14.65354440 -4.24263763 318.61080940
v -16.60006616 -5.54327774 318.36080940
v -18.89618584 -5.99999905 318.11077880
v -21.19227882 -5.54327774 317.86080940
v -23.13882348 -4.24263763 317.61080940
v -24.89617440 0.00000214 321.11077880
v -26.28722282 -3.06145978 319.36080940
v -26.28722282 3.06145883 322.86077880
v -24.55304620 5.65685987 322.61077880
v -21.95765206 7.39103937 322.36074820
v -18.89618584 8.00000000 322.11080940
v -15.83471582 7.39103937 321.86077880
v -13.23932550 5.65685987 321.61080940
v -11.50514314 3.06145883 321.36080940
v -10.89617630 0.00000214 321.11077880
v -11.50514314 -3.06145978 320.86080940
v -13.23932550 -5.65685797 320.61080940
v -15.83471582 -7.39103794 320.36077880
v -18.89618584 -8.00000095 320.11080940
v -21.95765206 -7.39103794 319.86080940
v -24.55304620 -5.65685797 319.61077880
v -26.89619348 0.00000214 323.11077880
v -24.43944832 -2.29609823 321.36080940
v -24.43944832 2.29609728 324.86080940
v -23.13882348 4.24264193 324.61077880
v -21.19227882 5.54327965 324.36077880
v -18.89618584 6.00000048 324.11077880
v -16.60006616 5.54327965 323.86077880
v -14.65354440 4.24264193 323.61077880
v -13.35290048 2.29609728 323.36077880
v -12.89619348 0.00000214 323.11077880
v -13.35290048 -2.29609823 322.86077880
v -14.65354440 -4.24263763 322.61077880
v -16.60006616 -5.54327774 322.36074820
v -18.89618584 -5.99999905 322.11080940
v -21.19227882 -5.54327774 321.86077880
v -23.13882348 -4.24263763 321.61080940
v -24.89617440 0.00000214 325.11077880
v -26.28722282 -3.06145978 323.36077880
v -26.28722282 3.06145883 326.86077880
v -24.55304620 5.65685987 326.61077880
v -21.95765206 7.39103937 326.36080940
v -18.89618584 8.00000000 326.11077880
v -15.83471582 7.39103937 325.86077880
v -13.23932550 5.65685987 325.61080940
v -11.50514314 3.06145883 325.36077880
v -10.89617630 0.00000214 325.11077880
v -11.50514314 -3.06145978 324.86080940
v -13.23932550 -5.65685797 324.61077880
v -15.83471582 -7.39103794 324.36077880
v -18.89618584 -8.00000095 324.11077880
v -21.95765206 -7.39103794 323.86077880
v -24.55304620 -5.65685797 323.61077880
v -26.89619348 0.00000214 327.11080940
v -24.43944832 -2.29609823 325.36077880
v -24.43944832 2.29609728 328.86077880
v -23.13882348 4.24264193 328.61080940
v -21.19227882 5.54327965 328.36077880
v -18.89618584 6.00000048 328.11077880
v -16.60006616 5.54327965 327.86080940
v -14.65354440 4.24264193 327.61077880
v -13.35290048 2.29609728 327.36077880
v -12.89619348 0.00000214 327.11080940
v -13.35290048 -2.29609823 326.86077880
v -14.65354440 -4.24263763 326.61077880
v -16.60006616 -5.54327774 326.36080940
v -18.89618584 -5.99999905 326.11077880
v -21.19227882 -5.54327774 325.86077880
v -23.13882348 -4.24263763 325.61080940
v -24.89617440 0.00000214 329.11077880
v -26.28722282 -3.06145978 327.36077880
v -26.28722282 3.06145883 330.86080940
v -24.55304620 5.65685987 330.61077880
v -21.95765206 7.39103937 330.36077880
v -18.89618584 8.00000000 330.11080940
v -15.83471582 7.39103937 329.86077880
v -13.23932550 5.65685987 329.61077880
v -11.50514314 3.06145883 329.36080940
v -10.89617630 0.00000214 329.11077880
v -11.50514314 -3.06145978 328.86077880
v -13.23932550 -5.65685797 328.61080940
v -15.83471582 -7.39103794 328.36077880
v -18.89618584 -8.00000095 328.11077880
v -21.95765206 -7.39103794 327.86080940
v -24.55304620 -5.65685797 327.61077880
v -26.89619348 0.00000214 331.11077880
v -24.43944832 -2.29609823 329.36080940
v -24.43944832 2.29609728 332.86077880
v -23.13882348 4.24264193 332.61080940
v -21.19227882 5.54327965 332.36080940
v -18.89618584 6.00000048 332.11077880
v -16.60006616 5.54327965 331.86080940
v -14.65354440 4.24264193 331.61080940
v -13.35290048 2.29609728 331.36077880
v -12.89619348 0.00000214 331.11077880
v -13.35290048 -2.29609823 330.86080940
v -14.65354440 -4.24263763 330.61077880
v -16.60006616 -5.54327774 330.36077880
v -18.89618584 -5.99999905 330.11080940
v -21.19227882 -5.54327774 329.86077880
v -23.13882348 -4.24263763 329.61077880
v -24.89617440 0.00000214 333.11080940
v -26.28722282 -3.06145978 331.36077880
v -26.28722282 3.06145883 334.86080940
v -24.55304620 5.65685987 334.61080940
v -21.95765206 7.39103937 334.36077880
v -18.89618584 8.00000000 334.11080940
v -15.83471582 7.39103937 333.86080940
v -13.23932550 5.65685987 333.61077880
v -11.50514314 3.06145883 333.36080940
v -10.89617630 0.00000214 333.11080940
v -11.50514314 -3.06145978 332.86077880
v -13.23932550 -5.65685797 332.61080940
v -15.83471582 -7.39103794 332.36080940
v -18.89618584 -8.00000095 332.11077880
v -21.95765206 -7.39103794 331.86080940
v -24.55304620 -5.65685797 331.61080940
v -26.89619348 0.00000214 335.11077880
v -24.43944832 -2.29609823 333.36080940
v -24.43944832 2.29609728 336.86080940
v -23.13882348 4.24264193 336.61077880
v -21.19227882 5.54327965 336.36080940
v -18.89618584 6.00000048 336.11080940
v -16.60006616 5.54327965 335.86077880
v -14.65354440 4.24264193 335.61080940
v -13.35290048 2.29609728 335.36080940
v -12.89619348 0.00000214 335.11077880
v -13.35290048 -2.29609823 334.86080940
v -14.65354440 -4.24263763 334.61080940
v -16.60006616 -5.54327774 334.36077880
v -18.89618584 -5.99999905 334.11080940
v -21.19227882 -5.54327774 333.86080940
v -23.13882348 -4.24263763 333.61077880
v -24.89617440 0.00000214 337.11074820
v -26.28722282 -3.06145978 335.36080940
v -26.28722282 3.06145883 338.86077880
v -24.55304620 5.65685987 338.61077880
v -21.95765206 7.39103937 338.36077880
v -18.89618584 8.00000000 338.11077880
v -15.83471582 7.39103937 337.86077880
v -13.23932550 5.65685987 337.61077880
v -11.50514314 3.06145883 337.36077880
v -10.89617630 0.00000214 337.11074820
v -11.50514314 -3.06145978 336.86080940
v -13.23932550 -5.65685797 336.61077880
v -15.83471582 -7.39103794 336.36080940
v -18.89618584 -8.00000095 336.11080940
v -21.95765206 -7.39103794 335.86077880
v -24.55304620 -5.65685797 335.61080940
v -26.89619348 0.00000214 339.11077880
v -24.43944832 -2.29609823 337.36077880
v -24.43944832 2.29609728 340.86077880
v -23.13882348 4.24264193 340.61077880
v -21.19227882 5.54327965 340.36080940
v -18.89618584 6.00000048 340.11077880
v -16.60006616 5.54327965 339.86077880
v -14.65354440 4.24264193 339.61080940
v -13.35290048 2.29609728 339.36077880
v -12.89619348 0.00000214 339.11077880
v -13.35290048 -2.29609823 338.86077880
v -14.65354440 -4.24263763 338.61077880
v -16.60006616 -5.54327774 338.36077880
v -18.89618584 -5.99999905 338.11077880
v -21.19227882 -5.54327774 337.86077880
v -23.13882348 -4.24263763 337.61077880
v -24.89617440 0.00000214 341.11080940
v -26.28722282 -3.06145978 339.36077880
v -26.28722282 3.06145883 342.86077880
v -24.55304620 5.65685987 342.61080940
v -21.95765206 7.39103937 342.36077880
v -18.89618584 8.00000000 342.11077880
v -15.83471582 7.39103937 341.86080940
v -13.23932550 5.65685987 341.61077880
v -11.50514314 3.06145883 341.36077880
v -10.89617630 0.00000214 341.11080940
v -11.50514314 -3.06145978 340.86077880
v -13.23932550 -5.65685797 340.61077880
v -15.83471582 -7.39103794 340.36080940
v -18.89618584 -8.00000095 340.11077880
v -21.95765206 -7.39103794 339.86077880
v -24.55304620 -5.65685797 339.61080940
v -26.89619348 0.00000214 343.11077880
v -24.43944832 -2.29609823 341.36077880
v -24.43944832 2.29609728 344.86080940
v -23.13882348 4.24264193 344.61077880
v -21.19227882 5.54327965 344.36077880
v -18.89618584 6.00000048 344.11080940
v -16.60006616 5.54327965 343.86077880
v -14.65354440 4.24264193 343.61077880
v -13.35290048 2.29609728 343.36080940
v -12.89619348 0.00000214 343.11077880
v -13.35290048 -2.29609823 342.86077880
v -14.65354440 -4.24263763 342.61080940
v -16.60006616 -5.54327774 342.36077880
v -18.89618584 -5.99999905 342.11077880
v -21.19227882 -5.54327774 341.86080940
v -23.13882348 -4.24263763 341.61077880
v -24.89617440 0.00000214 345.11077880
v -26.28722282 -3.06145978 343.36080940
v -26.28722282 3.06145883 346.86077880
v -24.55304620 5.65685987 346.61080940
v -21.95765206 7.39103937 346.36080940
v -18.89618584 8.00000000 346.11077880
v -15.83471582 7.39103937 345.86077880
v -13.23932550 5.65685987 345.61080940
v -11.50514314 3.06145883 345.36077880
v -10.89617630 0.00000214 345.11077880
v -11.50514314 -3.06145978 344.86080940
v -13.23932550 -5.65685797 344.61077880
v -15.83471582 -7.39103794 344.36077880
v -18.89618584 -8.00000095 344.11080940
v -21.95765206 -7.39103794 343.86077880
v -24.55304620 -5.65685797 343.61077880
v -26.89619348 0.00000214 347.11080940
v -24.43944832 -2.29609823 345.36077880
v -24.43944832 2.29609728 348.86080940
v -23.13882348 4.24264193 348.61080940
v -21.19227882 5.54327965 348.36077880
v -18.89618584 6.00000048 348.11080940
v -16.60006616 5.54327965 347.86080940
v -14.65354440 4.24264193 347.61077880
v -13.35290048 2.29609728 347.36080940
v -12.89619348 0.00000214 347.11080940
v -13.35290048 -2.29609823 346.86077880
v -14.65354440 -4.24263763 346.61080940
v -16.60006616 -5.54327774 346.36080940
v -18.89618584 -5.99999905 346.11077880
v -21.19227882 -5.54327774 345.86077880
v -23.13882348 -4.24263763 345.61080940
v -24.89617440 0.00000214 349.11077880
v -26.28722282 -3.06145978 347.36080940
v -26.28722282 3.06145883 350.86080940
v -24.55304620 5.65685987 350.61077880
v -21.95765206 7.39103937 350.36074820
v -18.89618584 8.00000000 350.11080940
v -15.83471582 7.39103937 349.86077880
v -13.23932550 5.65685987 349.61080940
v -11.50514314 3.06145883 349.36080940
v -10.89617630 0.00000214 349.11077880
v -11.50514314 -3.06145978 348.86080940
v -13.23932550 -5.65685797 348.61080940
v -15.83471582 -7.39103794 348.36077880
v -18.89618584 -8.00000095 348.11080940
v -21.95765206 -7.39103794 347.86080940
v -24.55304620 -5.65685797 347.61077880
v -26.89619348 0.00000214 351.11074820
v -24.43944832 -2.29609823 349.36080940
v -24.43944832 2.29609728 352.86077880
v -23.13882348 4.24264193 352.61077880
v -21.19227882 5.54327965 352.36080940
v -18.89618584 6.00000048 352.11077880
v -16.60006616 5.54327965 351.86074820
v -14.65354440 4.24264193 351.61080940
v -13.35290048 2.29609728 351.36077880
v -12.89619348 0.00000214 351.11074820
v -13.35290048 -2.29609823 350.86080940
v -14.65354440 -4.24263763 350.61077880
v -16.60006616 -5.54327774 350.36074820
v -18.89618584 -5.99999905 350.11080940
v -21.19227882 -5.54327774 349.86077880
v -23.13882348 -4.24263763 349.61080940
v -24.89617440 0.00000214 353.11077880
v -26.28722282 -3.06145978 351.36077880
v -26.28722282 3.06145883 354.86077880
v -24.55304620 5.65685987 354.61077880
v -21.95765206 7.39103937 354.36080940
v -18.89618584 8.00000000 354.11077880
v -15.83471582 7.39103937 353.86077880
v -13.23932550 5.65685987 353.61077880
v -11.50514314 3.06145883 353.36077880
v -10.89617630 0.00000214 353.11077880
v -11.50514314 -3.06145978 352.86077880
v -13.23932550 -5.65685797 352.61077880
v -15.83471582 -7.39103794 352.36080940
v -18.89618584 -8.00000095 352.11077880
v -21.95765206 -7.39103794 351.86074820
v -24.55304620 -5.65685797 351.61080940
v -26.89619348 0.00000214 355.11080940
v -24.43944832 -2.29609823 353.36077880
v -24.43944832 2.29609728 356.86077880
v -23.13882348 4.24264193 356.61080940
v -21.19227882 5.54327965 356.36077880
v -18.89618584 6.00000048 356.11077880
v -16.60006616 5.54327965 355.86080940
v -14.65354440 4.24264193 355.61077880
v -13.35290048 2.29609728 355.36077880
v -12.89619348 0.00000214 355.11080940
v -13.35290048 -2.29609823 354.86077880
v -14.65354440 -4.24263763 354.61077880
v -16.60006616 -5.54327774 354.36080940
v -18.89618584 -5.99999905 354.11077880
v -21.19227882 -5.54327774 353.86077880
v -23.13882348 -4.24263763 353.61077880
v -24.89617440 0.00000214 357.11077880
v -26.28722282 -3.06145978 355.36077880
v -26.28722282 3.06145883 358.86080940
v -24.55304620 5.65685987 358.61077880
v -21.95765206 7.39103937 358.36077880
v -18.89618584 8.00000000 358.11080940
v -15.83471582 7.39103937 357.86077880
v -13.23932550 5.65685987 357.61077880
v -11.50514314 3.06145883 357.36080940
v -10.89617630 0.00000214 357.11077880
v -11.50514314 -3.06145978 356.86077880
v -13.23932550 -5.65685797 356.61080940
v -15.83471582 -7.39103794 356.36077880
v -18.89618584 -8.00000095 356.11077880
v -21.95765206 -7.39103794 355.86080940
v -24.55304620 -5.65685797 355.61077880
v -26.89619348 0.00000214 359.11077880
v -24.43944832 -2.29609823 357.36080940
v -24.43944832 2.29609728 360.86077880
v -23.13882348 4.24264193 360.61077880
v -21.19227882 5.54327965 360.36080940
v -18.89618584 6.00000048 360.11077880
v -16.60006616 5.54327965 359.86077880
v -14.65354440 4.24264193 359.61080940
v -13.35290048 2.29609728 359.36077880
v -12.89619348 0.00000214 359.11077880
v -13.35290048 -2.29609823 358.86080940
v -14.65354440 -4.24263763 358.61077880
v -16.60006616 -5.54327774 358.36077880
v -18.89618584 -5.99999905 358.11080940
v -21.19227882 -5.54327774 357.86077880
v -23.13882348 -4.24263763 357.61077880
v -24.89617440 0.00000214 361.11080940
v -26.28722282 -3.06145978 359.36077880
v -26.28722282 3.06145883 362.86080940
v -24.55304620 5.65685987 362.61080940
v -21.95765206 7.39103937 362.36077880
v -18.89618584 8.00000000 362.11080940
v -15.83471582 7.39103937 361.86080940
v -13.23932550 5.65685987 361.61077880
v -11.50514314 3.06145883 361.36080940
v -10.89617630 0.00000214 361.11080940
v -11.50514314 -3.06145978 360.86077880
v -13.23932550 -5.65685797 360.61077880
v -15.83471582 -7.39103794 360.36080940
v -18.89618584 -8.00000095 360.11077880
v -21.95765206 -7.39103794 359.86077880
v -24.55304620 -5.65685797 359.61080940
v -26.89619348 0.00000214 363.11077880
v -24.43944832 -2.29609823 361.36080940
v -24.43944832 2.29609728 364.86080940
v -23.13882348 4.24264193 364.61077880
v -21.19227882 5.54327965 364.36080940
v -18.89618584 6.00000048 364.11080940
v -16.60006616 5.54327965 363.86077880
v -14.65354440 4.24264193 363.61080940
v -13.35290048 2.29609728 363.36080940
v -12.89619348 0.00000214 363.11077880
v -13.35290048 -2.29609823 362.86080940
v -14.65354440 -4.24263763 362.61080940
v -16.60006616 -5.54327774 362.36077880
v -18.89618584 -5.99999905 362.11080940
v -21.19227882 -5.54327774 361.86080940
v -23.13882348 -4.24263763 361.61077880
v -24.89617440 0.00000214 365.11074820
v -26.28722282 -3.06145978 363.36080940
v -26.28722282 3.06145883 366.86077880
v -24.55304620 5.65685987 366.61074820
v -21.95765206 7.39103937 366.36080940
v -18.89618584 8.00000000 366.11077880
v -15.83471582 7.39103937 365.86074820
v -13.23932550 5.65685987 365.61080940
v -11.50514314 3.06145883 365.36077880
v -10.89617630 0.00000214 365.11074820
v -11.50514314 -3.06145978 364.86080940
v -13.23932550 -5.65685797 364.61077880
v -15.83471582 -7.39103794 364.36080940
v -18.89618584 -8.00000095 364.11080940
v -21.95765206 -7.39103794 363.86077880
v -24.55304620 -5.65685797 363.61080940
v -26.89619348 0.00000214 367.11080940
v -24.43944832 -2.29609823 365.36077880
v -24.43944832 2.29609728 368.86077880
v -23.13882348 4.24264193 368.61077880
v -21.19227882 5.54327965 368.36080940
v -18.89618584 6.00000048 368.11077880
v -16.60006616 5.54327965 367.86077880
v -14.65354440 4.24264193 367.61077880
v -13.35290048 2.29609728 367.36077880
v -12.89619348 0.00000214 367.11080940
v -13.35290048 -2.29609823 366.86077880
v -14.65354440 -4.24263763 366.61074820
v -16.60006616 -5.54327774 366.36080940
v -18.89618584 -5.99999905 366.11077880
v -21.19227882 -5.54327774 365.86074820
v -23.13882348 -4.24263763 365.61080940
v -24.89617440 0.00000214 369.11080940
v -26.28722282 -3.06145978 367.36077880
v -26.28722282 3.06145883 370.86077880
v -24.55304620 5.65685987 370.61080940
v -21.95765206 7.39103937 370.36077880
v -18.89618584 8.00000000 370.11077880
v -15.83471582 7.39103937 369.86080940
v -13.23932550 5.65685987 369.61077880
v -11.50514314 3.06145883 369.36077880
v -10.89617630 0.00000214 369.11080940
v -11.50514314 -3.06145978 368.86077880
v -13.23932550 -5.65685797 368.61077880
v -15.83471582 -7.39103794 368.36080940
v -18.89618584 -8.00000095 368.11077880
v -21.95765206 -7.39103794 367.86077880
v -24.55304620 -5.65685797 367.61077880
v -26.89619348 0.00000214 371.11077880
v -24.43944832 -2.29609823 369.36077880
v -24.43944832 2.29609728 372.86080940
v -23.13882348 4.24264193 372.61077880
v -21.19227882 5.54327965 372.36077880
v -18.89618584 6.00000048 372.11080940
v -16.60006616 5.54327965 371.86077880
v -14.65354440 4.24264193 371.61077880
v -13.35290048 2.29609728 371.36080940
v -12.89619348 0.00000214 371.11077880
v -13.35290048 -2.29609823 370.86077880
v -14.65354440 -4.24263763 370.61080940
v -16.60006616 -5.54327774 370.36077880
v -18.89618584 -5.99999905 370.11077880
v -21.19227882 -5.54327774 369.86080940
v -23.13882348 -4.24263763 369.61077880
v -24.89617440 0.00000214 373.11077880
v -26.28722282 -3.06145978 371.36080940
v -26.28722282 3.06145883 374.86077880
v -24.55304620 5.65685987 374.61077880
v -21.95765206 7.39103937 374.36080940
v -18.89618584 8.00000000 374.11077880
v -15.83471582 7.39103937 373.86077880
v -13.23932550 5.65685987 373.61080940
v -11.50514314 3.06145883 373.36077880
v -10.89617630 0.00000214 373.11077880
v -11.50514314 -3.06145978 372.86080940
v -13.23932550 -5.65685797 372.61077880
v -15.83471582 -7.39103794 372.36077880
v -18.89618584 -8.00000095 372.11080940
v -21.95765206 -7.39103794 371.86077880
v -24.55304620 -5.65685797 371.61077880
v -26.89619348 0.00000214 375.11080940
v -24.43944832 -2.29609823 373.36077880
v -24.43944832 2.29609728 376.86080940
v -23.13882348 4.24264193 376.61080940
v -21.19227882 5.54327965 376.36077880
v -18.89618584 6.00000048 376.11080940
v -16.60006616 5.54327965 375.86080940
v -14.65354440 4.24264193 375.61077880
v -13.35290048 2.29609728 375.36077880
v -12.89619348 0.00000214 375.11080940
v -13.35290048 -2.29609823 374.86077880
v -14.65354440 -4.24263763 374.61077880
v -16.60006616 -5.54327774 374.36080940
v -18.89618584 -5.99999905 374.11077880
v -21.19227882 -5.54327774 373.86077880
v -23.13882348 -4.24263763 373.61080940
v -24.89617440 0.00000214 377.11077880
v -26.28722282 -3.06145978 375.36077880
v -26.28722282 3.06145883 378.86080940
v -24.55304620 5.65685987 378.61077880
v -21.95765206 7.39103937 378.36080940
v -18.89618584 8.00000000 378.11080940
v -15.83471582 7.39103937 377.86077880
v -13.23932550 5.65685987 377.61080940
v -11.50514314 3.06145883 377.36080940
v -10.89617630 0.00000214 377.11077880
v -11.50514314 -3.06145978 376.86080940
v -13.23932550 -5.65685797 376.61080940
v -15.83471582 -7.39103794 376.36077880
v -18.89618584 -8.00000095 376.11080940
v -21.95765206 -7.39103794 375.86080940
v -24.55304620 -5.65685797 375.61077880
v -26.89619348 0.00000214 379.11074820
v -24.43944832 -2.29609823 377.36080940
v -24.43944832 2.29609728 380.86077880
v -23.13882348 4.24264193 380.61074820
v -21.19227882 5.54327965 380.36080940
v -18.89618584 6.00000048 380.11077880
v -16.60006616 5.54327965 379.86074820
v -14.65354440 4.24264193 379.61080940
v -13.35290048 2.29609728 379.36077880
v -12.89619348 0.00000214 379.11074820
v -13.35290048 -2.29609823 378.86080940
v -14.65354440 -4.24263763 378.61077880
v -16.60006616 -5.54327774 378.36080940
v -18.89618584 -5.99999905 378.11080940
v -21.19227882 -5.54327774 377.86077880
v -23.13882348 -4.24263763 377.61080940
v -24.89617440 0.00000214 381.11080940
v -26.28722282 -3.06145978 379.36077880
v -26.28722282 3.06145883 382.86077880
v -24.55304620 5.65685987 382.61077880
v -21.95765206 7.39103937 382.36077880
v -18.89618584 8.00000000 382.11077880
v -15.83471582 7.39103937 381.86080940
v -13.23932550 5.65685987 381.61077880
v -11.50514314 3.06145883 381.36074820
v -10.89617630 0.00000214 381.11080940
v -11.50514314 -3.06145978 380.86077880
v -13.23932550 -5.65685797 380.61074820
v -15.83471582 -7.39103794 380.36080940
v -18.89618584 -8.00000095 380.11077880
v -21.95765206 -7.39103794 379.86074820
v -24.55304620 -5.65685797 379.61080940
v -26.89619348 0.00000214 383.11080940
v -24.43944832 -2.29609823 381.36074820
v -24.43944832 2.29609728 384.86077880
v -23.13882348 4.24264193 384.61080940
v -21.19227882 5.54327965 384.36077880
v -18.89618584 6.00000048 384.11077880
v -16.60006616 5.54327965 383.86080940
v -14.65354440 4.24264193 383.61077880
v -13.35290048 2.29609728 383.36077880
v -12.89619348 0.00000214 383.11080940
v -13.35290048 -2.29609823 382.86077880
v -14.65354440 -4.24263763 382.61077880
v -16.60006616 -5.54327774 382.36077880
v -18.89618584 -5.99999905 382.11077880
v -21.19227882 -5.54327774 381.86080940
v -23.13882348 -4.24263763 381.61077880
v -24.89617440 0.00000214 385.11077880
v -26.28722282 -3.06145978 383.36077880
v -26.28722282 3.06145883 386.86080940
v -24.55304620 5.65685987 386.61077880
v -21.95765206 7.39103937 386.36077880
v -18.89618584 8.00000000 386.11080940
v -15.83471582 7.39103937 385.86077880
v -13.23932550 5.65685987 385.61077880
v -11.50514314 3.06145883 385.36080940
v -10.89617630 0.00000214 385.11077880
v -11.50514314 -3.06145978 384.86077880
v -13.23932550 -5.65685797 384.61080940
v -15.83471582 -7.39103794 384.36077880
v -18.89618584 -8.00000095 384.11077880
v -21.95765206 -7.39103794 383.86080940
v -24.55304620 -5.65685797 383.61077880
v -26.89619348 0.00000214 387.11077880
v -24.43944832 -2.29609823 385.36080940
v -24.43944832 2.29609728 388.86077880
v -23.13882348 4.24264193 388.61077880
v -21.19227882 5.54327965 388.36080940
v -18.89618584 6.00000048 388.11077880
v -16.60006616 5.54327965 387.86077880
v -14.65354440 4.24264193 387.61080940
v -13.35290048 2.29609728 387.36077880
v -12.89619348 0.00000214 387.11077880
v -13.35290048 -2.29609823 386.86080940
v -14.65354440 -4.24263763 386.61077880
v -16.60006616 -5.54327774 386.36077880
v -18.89618584 -5.99999905 386.11080940
v -21.19227882 -5.54327774 385.86077880
v -23.13882348 -4.24263763 385.61077880
v -24.89617440 0.00000214 389.11080940
v -26.28722282 -3.06145978 387.36077880
v -26.28722282 3.06145883 390.86080940
v -24.55304620 5.65685987 390.61080940
v -21.95765206 7.39103937 390.36077880
v -18.89618584 8.00000000 390.11080940
v -15.83471582 7.39103937 389.86080940
v -13.23932550 5.65685987 389.61077880
v -11.50514314 3.06145883 389.36077880
v -10.89617630 0.00000214 389.11080940
v -11.50514314 -3.06145978 388.86077880
v -13.23932550 -5.65685797 388.61077880
v -15.83471582 -7.39103794 388.36080940
v -18.89618584 -8.00000095 388.11077880
v -21.95765206 -7.39103794 387.86077880
v -24.55304620 -5.65685797 387.61080940
v -26.89619348 0.00000214 391.11077880
v -24.43944832 -2.29609823 389.36077880
v -24.43944832 2.29609728 392.86080940
v -23.13882348 4.24264193 392.61077880
v -21.19227882 5.54327965 392.36080940
v -18.89618584 6.00000048 392.11080940
v -16.60006616 5.54327965 391.86077880
v -14.65354440 4.24264193 391.61080940
v -13.35290048 2.29609728 391.36080940
v -12.89619348 0.00000214 391.11077880
v -13.35290048 -2.29609823 390.86080940
v -14.65354440 -4.24263763 390.61080940
v -16.60006616 -5.54327774 390.36077880
v -18.89618584 -5.99999905 390.11080940
v -21.19227882 -5.54327774 389.86080940
v -23.13882348 -4.24263763 389.61077880
v -24.89617440 0.00000214 393.11080940
v -26.28722282 -3.06145978 391.36080940
v -26.28722282 3.06145883 394.86077880
v -24.55304620 5.65685987 394.61074820
v -21.95765206 7.39103937 394.36080940
v -18.89618584 8.00000000 394.11077880
v -15.83471582 7.39103937 393.86074820
v -13.23932550 5.65685987 393.61080940
v -11.50514314 3.06145883 393.36077880
v -10.89617630 0.00000214 393.11080940
v -11.50514314 -3.06145978 392.86080940
v -13.23932550 -5.65685797 392.61077880
v -15.83471582 -7.39103794 392.36080940
v -18.89618584 -8.00000095 392.11080940
v -21.95765206 -7.39103794 391.86077880
v -24.55304620 -5.65685797 391.61080940
v -26.89619348 0.00000214 395.11080940
v -24.43944832 -2.29609823 393.36077880
v -24.43944832 2.29609728 396.86077880
v -23.13882348 4.24264193 396.61080940
v -21.19227882 5.54327965 396.36077880
v -18.89618584 6.00000048 396.11077880
v -16.60006616 5.54327965 395.86080940
v -14.65354440 4.24264193 395.61077880
v -13.35290048 2.29609728 395.36074820
v -12.89619348 0.00000214 395.11080940
v -13.35290048 -2.29609823 394.86077880
v -14.65354440 -4.24263763 394.61074820
v -16.60006616 -5.54327774 394.36080940
v -18.89618584 -5.99999905 394.11077880
v -21.19227882 -5.54327774 393.86074820
v -23.13882348 -4.24263763 393.61080940
v -24.89617440 0.00000214 397.11077880
v -26.28722282 -3.06145978 395.36074820
v -26.28722282 3.06145883 398.86077880
v -24.55304620 5.65685987 398.61080940
v -21.95765206 7.39103937 398.36077880
v -18.89618584 8.00000000 398.11077880
v -15.83471582 7.39103937 397.86080940
v -13.23932550 5.65685987 397.61077880
v -11.50514314 3.06145883 397.36077880
v -10.89617630 0.00000214 397.11077880
v -11.50514314 -3.06145978 396.86077880
v -13.23932550 -5.65685797 396.61080940
v -15.83471582 -7.39103794 396.36077880
v -18.89618584 -8.00000095 396.11077880
v -21.95765206 -7.39103794 395.86080940
v -24.55304620 -5.65685797 395.61077880
v -26.89619348 0.00000214 399.11077880
v -24.43944832 -2.29609823 397.36077880
v -24.43944832 2.29609728 400.86080940
v -23.13882348 4.24264193 400.61077880
v -21.19227882 5.54327965 400.36077880
v -18.89618584 6.00000048 400.11080940
v -16.60006616 5.54327965 399.86077880
v -14.65354440 4.24264193 399.61077880
v -13.35290048 2.29609728 399.36080940
v -12.89619348 0.00000214 399.11077880
v -13.35290048 -2.29609823 398.86077880
v -14.65354440 -4.24263763 398.61080940
v -16.60006616 -5.54327774 398.36077880
v -18.89618584 -5.99999905 398.11077880
v -21.19227882 -5.54327774 397.86080940
v -23.13882348 -4.24263763 397.61077880
v -24.89617440 0.00000214 401.11077880
v -26.28722282 -3.06145978 399.36080940
v -26.28722282 3.06145883 402.86077880
v -24.55304620 5.65685987 402.61077880
v -21.95765206 7.39103937 402.36080940
v -18.89618584 8.00000000 402.11077880
v -15.83471582 7.39103937 401.86077880
v -13.23932550 5.65685987 401.61080940
v -11.50514314 3.06145883 401.36077880
v -10.89617630 0.00000214 401.11077880
v -11.50514314 -3.06145978 400.86080940
v -13.23932550 -5.65685797 400.61077880
v -15.83471582 -7.39103794 400.36077880
v -18.89618584 -8.00000095 400.11080940
v -21.95765206 -7.39103794 399.86077880
v -24.55304620 -5.65685797 399.61077880
v -26.89619348 0.00000214 403.11080940
v -24.43944832 -2.29609823 401.36077880
v -24.43944832 2.29609728 404.86080940
v -23.13882348 4.24264193 404.61080940
v -21.19227882 5.54327965 404.36077880
v -18.89618584 6.00000048 404.11077880
v -16.60006616 5.54327965 403.86080940
v -14.65354440 4.24264193 403.61077880
v -13.35290048 2.29609728 403.36077880
v -12.89619348 0.00000214 403.11080940
v -13.35290048 -2.29609823 402.86077880
v -14.65354440 -4.24263763 402.61077880
v -16.60006616 -5.54327774 402.36080940
v -18.89618584 -5.99999905 402.11077880
v -21.19227882 -5.54327774 401.86077880
v -23.13882348 -4.24263763 401.61080940
v -24.89617440 0.00000214 405.11077880
v -26.28722282 -3.06145978 403.36077880
v -26.28722282 3.06145883 406.86080940
v -24.55304620 5.65685987 406.61077880
v -21.95765206 7.39103937 406.36080940
v -18.89618584 8.00000000 406.11080940
v -15.83471582 7.39103937 405.86077880
v -13.23932550 5.65685987 405.61080940
v -11.50514314 3.06145883 405.36080940
v -10.89617630 0.00000214 405.11077880
v -11.50514314 -3.06145978 404.86080940
v -13.23932550 -5.65685797 404.61080940
v -15.83471582 -7.39103794 404.36077880
v -18.89618584 -8.00000095 404.11077880
v -21.95765206 -7.39103794 403.86080940
v -24.55304620 -5.65685797 403.61077880
v -26.89619348 0.00000214 407.11080940
v -24.43944832 -2.29609823 405.36080940
v -24.43944832 2.29609728 408.86077880
v -23.13882348 4.24264193 408.61074820
v -21.19227882 5.54327965 408.36080940
v -18.89618584 6.00000048 408.11077880
v -16.60006616 5.54327965 407.86080940
v -14.65354440 4.24264193 407.61080940
v -13.35290048 2.29609728 407.36077880
v -12.89619348 0.00000214 407.11080940
v -13.35290048 -2.29609823 406.86080940
v -14.65354440 -4.24263763 406.61077880
v -16.60006616 -5.54327774 406.36080940
v -18.89618584 -5.99999905 406.11080940
v -21.19227882 -5.54327774 405.86077880
v -23.13882348 -4.24263763 405.61080940
v -24.89617440 0.00000214 409.11080940
v -26.28722282 -3.06145978 407.36077880
v -26.28722282 3.06145883 410.86077880
v -24.55304620 5.65685987 410.61080940
v -21.95765206 7.39103937 410.36077880
v -18.89618584 8.00000000 410.11074820
v -15.83471582 7.39103937 409.86080940
v -13.23932550 5.65685987 409.61077880
v -11.50514314 3.06145883 409.36074820
v -10.89617630 0.00000214 409.11080940
v -11.50514314 -3.06145978 408.86077880
v -13.23932550 -5.65685797 408.61074820
v -15.83471582 -7.39103794 408.36080940
v -18.89618584 -8.00000095 408.11077880
v -21.95765206 -7.39103794 407.86080940
v -24.55304620 -5.65685797 407.61080940
v -26.89619348 0.00000214 411.11077880
v -24.43944832 -2.29609823 409.36074820
v -24.43944832 2.29609728 412.86077880
v -23.13882348 4.24264193 412.61080940
v -21.19227882 5.54327965 412.36077880
v -18.89618584 6.00000048 412.11077880
v -16.60006616 5.54327965 411.86077880
v -14.65354440 4.24264193 411.61077880
v -13.35290048 2.29609728 411.36077880
v -12.89619348 0.00000214 411.11077880
v -13.35290048 -2.29609823 410.86077880
v -14.65354440 -4.24263763 410.61080940
v -16.60006616 -5.54327774 410.36077880
v -18.89618584 -5.99999905 410.11074820
v -21.19227882 -5.54327774 409.86080940
v -23.13882348 -4.24263763 409.61077880
v -24.89617440 0.00000214 413.11077880
v -26.28722282 -3.06145978 411.36077880
v -26.28722282 3.06145883 414.86080940
v -24.55304620 5.65685987 414.61077880
v -21.95765206 7.39103937 414.36077880
v -18.89618584 8.00000000 414.11080940
v -15.83471582 7.39103937 413.86077880
v -13.23932550 5.65685987 413.61077880
v -11.50514314 3.06145883 413.36080940
v -10.89617630 0.00000214 413.11077880
v -11.50514314 -3.06145978 412.86077880
v -13.23932550 -5.65685797 412.61080940
v -15.83471582 -7.39103794 412.36077880
v -18.89618584 -8.00000095 412.11077880
v -21.95765206 -7.39103794 411.86077880
v -24.55304620 -5.65685797 411.61077880
v -26.89619348 0.00000214 415.11077880
v -24.43944832 -2.29609823 413.36080940
v -24.43944832 2.29609728 416.86077880
v -23.13882348 4.24264193 416.61077880
v -21.19227882 5.54327965 416.36080940
v -18.89618584 6.00000048 416.11077880
v -16.60006616 5.54327965 415.86077880
v -14.65354440 4.24264193 415.61080940
v -13.35290048 2.29609728 415.36077880
v -12.89619348 0.00000214 415.11077880
v -13.35290048 -2.29609823 414.86080940
v -14.65354440 -4.24263763 414.61077880
v -16.60006616 -5.54327774 414.36077880
v -18.89618584 -5.99999905 414.11080940
v -21.19227882 -5.54327774 413.86077880
v -23.13882348 -4.24263763 413.61077880
v -24.89617440 0.00000214 417.11080940
v -26.28722282 -3.06145978 415.36077880
v -26.28722282 3.06145883 418.86077880
v -24.55304620 5.65685987 418.61080940
v -21.95765206 7.39103937 418.36077880
v -18.89618584 8.00000000 418.11077880
v -15.83471582 7.39103937 417.86080940
v -13.23932550 5.65685987 417.61077880
v -11.50514314 3.06145883 417.36077880
v -10.89617630 0.00000214 417.11080940
v -11.50514314 -3.06145978 416.86077880
v -13.23932550 -5.65685797 416.61077880
v -15.83471582 -7.39103794 416.36080940
v -18.89618584 -8.00000095 416.11077880
v -21.95765206 -7.39103794 415.86077880
v -24.55304620 -5.65685797 415.61080940
v -26.89619348 0.00000214 419.11077880
v -24.43944832 -2.29609823 417.36077880
v -24.43944832 2.29609728 420.86080940
v -23.13882348 4.24264193 420.61077880
v -21.19227882 5.54327965 420.36080940
v -18.89618584 6.00000048 420.11080940
v -16.60006616 5.54327965 419.86077880
v -14.65354440 4.24264193 419.61080940
v -13.35290048 2.29609728 419.36080940
v -12.89619348 0.00000214 419.11077880
v -13.35290048 -2.29609823 418.86077880
v -14.65354440 -4.24263763 418.61080940
v -16.60006616 -5.54327774 418.36077880
v -18.89618584 -5.99999905 418.11077880
v -21.19227882 -5.54327774 417.86080940
v -23.13882348 -4.24263763 417.61077880
v -24.89617440 0.00000214 421.11080940
v -26.28722282 -3.06145978 419.36080940
v -26.28722282 3.06145883 422.86077880
v -24.55304620 5.65685987 422.61080940
v -21.95765206 7.39103937 422.36080940
v -18.89618584 8.00000000 422.11077880
v -15.83471582 7.39103937 421.86080940
v -13.23932550 5.65685987 421.61080940
v -11.50514314 3.06145883 421.36077880
v -10.89617630 0.00000214 421.11080940
v -11.50514314 -3.06145978 420.86080940
v -13.23932550 -5.65685797 420.61077880
v -15.83471582 -7.39103794 420.36080940
v -18.89618584 -8.00000095 420.11080940
v -21.95765206 -7.39103794 419.86077880
v -24.55304620 -5.65685797 419.61080940
v -26.89619348 0.00000214 423.11080940
v -24.43944832 -2.29609823 421.36077880
v -24.43944832 2.29609728 424.86074820
v -23.13882348 4.24264193 424.61080940
v -21.19227882 5.54327965 424.36077880
v -18.89618584 6.00000048 424.11074820
v -16.60006616 5.54327965 423.86080940
v -14.65354440 4.24264193 423.61077880
v -13.35290048 2.29609728 423.36074820
v -12.89619348 0.00000214 423.11080940
v -13.35290048 -2.29609823 422.86077880
v -14.65354440 -4.24263763 422.61080940
v -16.60006616 -5.54327774 422.36080940
v -18.89618584 -5.99999905 422.11077880
v -21.19227882 -5.54327774 421.86080940
v -23.13882348 -4.24263763 421.61080940
v -24.89617440 0.00000214 425.11077880
v -26.28722282 -3.06145978 423.36074820
v -26.28722282 3.06145883 426.86077880
v -24.55304620 5.65685987 426.61080940
v -21.95765206 7.39103937 426.36077880
v -18.89618584 8.00000000 426.11077880
v -15.83471582 7.39103937 425.86077880
v -13.23932550 5.65685987 425.61077880
v -11.50514314 3.06145883 425.36080940
v -10.89617630 0.00000214 425.11077880
v -11.50514314 -3.06145978 424.86074820
v -13.23932550 -5.65685797 424.61080940
v -15.83471582 -7.39103794 424.36077880
v -18.89618584 -8.00000095 424.11074820
v -21.95765206 -7.39103794 423.86080940
v -24.55304620 -5.65685797 423.61077880
v -26.89619348 0.00000214 427.11077880
v -24.43944832 -2.29609823 425.36080940
v -24.43944832 2.29609728 428.86080940
v -23.13882348 4.24264193 428.61077880
v -21.19227882 5.54327965 428.36077880
v -18.89618584 6.00000048 428.11080940
v -16.60006616 5.54327965 427.86077880
v -14.65354440 4.24264193 427.61077880
v -13.35290048 2.29609728 427.36080940
v -12.89619348 0.00000214 427.11077880
v -13.35290048 -2.29609823 426.86077880
v -14.65354440 -4.24263763 426.61080940
v -16.60006616 -5.54327774 426.36077880
v -18.89618584 -5.99999905 426.11077880
v -21.19227882 -5.54327774 425.86077880
v -23.13882348 -4.24263763 425.61077880
v -24.89617440 0.00000214 429.11077880
v -26.28722282 -3.06145978 427.36080940
v -26.28722282 3.06145883 430.86077880
v -24.55304620 5.65685987 430.61077880
v -21.95765206 7.39103937 430.36080940
v -18.89618584 8.00000000 430.11077880
v -15.83471582 7.39103937 429.86077880
v -13.23932550 5.65685987 429.61080940
v -11.50514314 3.06145883 429.36077880
v -10.89617630 0.00000214 429.11077880
v -11.50514314 -3.06145978 428.86080940
v -13.23932550 -5.65685797 428.61077880
v -15.83471582 -7.39103794 428.36077880
v -18.89618584 -8.00000095 428.11080940
v -21.95765206 -7.39103794 427.86077880
v -24.55304620 -5.65685797 427.61077880
v -26.89619348 0.00000214 431.11080940
v -24.43944832 -2.29609823 429.36077880
v -24.43944832 2.29609728 432.86077880
v -23.13882348 4.24264193 432.61080940
v -21.19227882 5.54327965 432.36077880
v -18.89618584 6.00000048 432.11077880
v -16.60006616 5.54327965 431.86080940
v -14.65354440 4.24264193 431.61077880
v -13.35290048 2.29609728 431.36077880
v -12.89619348 0.00000214 431.11080940
v -13.35290048 -2.29609823 430.86077880
v -14.65354440 -4.24263763 430.61077880
v -16.60006616 -5.54327774 430.36080940
v -18.89618584 -5.99999905 430.11077880
v -21.19227882 -5.54327774 429.86077880
v -23.13882348 -4.24263763 429.61080940
v -24.89617440 0.00000214 433.11077880
v -26.28722282 -3.06145978 431.36077880
v -26.28722282 3.06145883 434.86080940
v -24.55304620 5.65685987 434.61077880
v -21.95765206 7.39103937 434.36080940
v -18.89618584 8.00000000 434.11080940
v -15.83471582 7.39103937 433.86077880
v -13.23932550 5.65685987 433.61077880
v -11.50514314 3.06145883 433.36080940
v -10.89617630 0.00000214 433.11077880
v -11.50514314 -3.06145978 432.86077880
v -13.23932550 -5.65685797 432.61080940
v -15.83471582 -7.39103794 432.36077880
v -18.89618584 -8.00000095 432.11077880
v -21.95765206 -7.39103794 431.86080940
v -24.55304620 -5.65685797 431.61077880
v -26.89619348 0.00000214 435.11080940
v -24.43944832 -2.29609823 433.36080940
v -24.43944832 2.29609728 436.86077880
v -23.13882348 4.24264193 436.61080940
v -21.19227882 5.54327965 436.36080940
v -18.89618584 6.00000048 436.11077880
v -16.60006616 5.54327965 435.86080940
v -14.65354440 4.24264193 435.61080940
v -13.35290048 2.29609728 435.36077880
v -12.89619348 0.00000214 435.11080940
v -13.35290048 -2.29609823 434.86080940
v -14.65354440 -4.24263763 434.61077880
v -16.60006616 -5.54327774 434.36080940
v -18.89618584 -5.99999905 434.11080940
v -21.19227882 -5.54327774 433.86077880
v -23.13882348 -4.24263763 433.61077880
v -24.89617440 0.00000214 437.11080940
v -26.28722282 -3.06145978 435.36077880
v -26.28722282 3.06145883 438.86074820
v -24.55304620 5.65685987 438.61080940
v -21.95765206 7.39103937 438.36077880
v -18.89618584 8.00000000 438.11080940
v -15.83471582 7.39103937 437.86080940
v -13.23932550 5.65685987 437.61077880
v -11.50514314 3.06145883 437.36080940
v -10.89617630 0.00000214 437.11080940
v -11.50514314 -3.06145978 436.86077880
v -13.23932550 -5.65685797 436.61080940
v -15.83471582 -7.39103794 436.36080940
v -18.89618584 -8.00000095 436.11077880
v -21.95765206 -7.39103794 435.86080940
v -24.55304620 -5.65685797 435.61080940
v -26.89619348 0.00000214 439.11077880
v -24.43944832 -2.29609823 437.36080940
v -24.43944832 2.29609728 440.86077880
v -23.13882348 4.24264193 440.61077880
v -21.19227882 5.54327965 440.36077880
v -18.89618584 6.00000048 440.11077880
v -16.60006616 5.54327965 439.86077880
v -14.65354440 4.24264193 439.61074820
v -13.35290048 2.29609728 439.36077880
v -12.89619348 0.00000214 439.11077880
v -13.35290048 -2.29609823 438.86074820
v -14.65354440 -4.24263763 438.61080940
v -16.60006616 -5.54327774 438.36077880
v -18.89618584 -5.99999905 438.11080940
v -21.19227882 -5.54327774 437.86080940
v -23.13882348 -4.24263763 437.61077880
v -24.89617440 0.00000214 441.11077880
v -26.28722282 -3.06145978 439.36077880
v -26.28722282 3.06145883 442.86080940
v -24.55304620 5.65685987 442.61077880
v -21.95765206 7.39103937 442.36077880
v -18.89618584 8.00000000 442.11080940
v -15.83471582 7.39103937 441.86077880
v -13.23932550 5.65685987 441.61077880
v -11.50514314 3.06145883 441.36080940
v -10.89617630 0.00000214 441.11077880
v -11.50514314 -3.06145978 440.86077880
v -13.23932550 -5.65685797 440.61077880
v -15.83471582 -7.39103794 440.36077880
v -18.89618584 -8.00000095 440.11077880
v -21.95765206 -7.39103794 439.86077880
v -24.55304620 -5.65685797 439.61074820
v -26.89619348 0.00000214 443.11077880
v -24.43944832 -2.29609823 441.36080940
v -24.43944832 2.29609728 444.86077880
v -23.13882348 4.24264193 444.61077880
v -21.19227882 5.54327965 444.36080940
v -18.89618584 6.00000048 444.11077880
v -16.60006616 5.54327965 443.86077880
v -14.65354440 4.24264193 443.61080940
v -13.35290048 2.29609728 443.36077880
v -12.89619348 0.00000214 443.11077880
v -13.35290048 -2.29609823 442.86080940
v -14.65354440 -4.24263763 442.61077880
v -16.60006616 -5.54327774 442.36077880
v -18.89618584 -5.99999905 442.11080940
v -21.19227882 -5.54327774 441.86077880
v -23.13882348 -4.24263763 441.61077880
v -24.89617440 0.00000214 445.11080940
v -26.28722282 -3.06145978 443.36077880
v -26.28722282 3.06145883 446.86077880
v -24.55304620 5.65685987 446.61080940
v -21.95765206 7.39103937 446.36077880
v -18.89618584 8.00000000 446.11077880
v -15.83471582 7.39103937 445.86080940
v -13.23932550 5.65685987 445.61077880
v -11.50514314 3.06145883 445.36077880
v -10.89617630 0.00000214 445.11080940
v -11.50514314 -3.06145978 444.86077880
v -13.23932550 -5.65685797 444.61077880
v -15.83471582 -7.39103794 444.36080940
v -18.89618584 -8.00000095 444.11077880
v -21.95765206 -7.39103794 443.86077880
v -24.55304620 -5.65685797 443.61080940
v -26.89619348 0.00000214 447.11077880
v -24.43944832 -2.29609823 445.36077880
v -24.43944832 2.29609728 448.86080940
v -23.13882348 4.24264193 448.61077880
v -21.19227882 5.54327965 448.36077880
v -18.89618584 6.00000048 448.11080940
v -16.60006616 5.54327965 447.86077880
v -14.65354440 4.24264193 447.61077880
v -13.35290048 2.29609728 447.36080940
v -12.89619348 0.00000214 447.11077880
v -13.35290048 -2.29609823 446.86077880
v -14.65354440 -4.24263763 446.61080940
v -16.60006616 -5.54327774 446.36077880
v -18.89618584 -5.99999905 446.11077880
v -21.19227882 -5.54327774 445.86080940
v -23.13882348 -4.24263763 445.61077880
v -24.89617440 0.00000214 449.11080940
v -26.28722282 -3.06145978 447.36080940
v -26.28722282 3.06145883 450.86077880
v -24.55304620 5.65685987 450.61080940
v -21.95765206 7.39103937 450.36080940
v -18.89618584 8.00000000 450.11077880
v -15.83471582 7.39103937 449.86080940
v -13.23932550 5.65685987 449.61080940
v -11.50514314 3.06145883 449.36077880
v -10.89617630 0.00000214 449.11080940
v -11.50514314 -3.06145978 448.86080940
v -13.23932550 -5.65685797 448.61077880
v -15.83471582 -7.39103794 448.36077880
v -18.89618584 -8.00000095 448.11080940
v -21.95765206 -7.39103794 447.86077880
v -24.55304620 -5.65685797 447.61077880
v -26.89619348 0.00000214 451.11080940
v -24.43944832 -2.29609823 449.36077880
v -24.43944832 2.29609728 452.86080940
v -23.13882348 4.24264193 452.61080940
v -21.19227882 5.54327965 452.36077880
v -18.89618584 6.00000048 452.11080940
v -16.60006616 5.54327965 451.86080940
v -14.65354440 4.24264193 451.61077880
v -13.35290048 2.29609728 451.36080940
v -12.89619348 0.00000214 451.11080940
v -13.35290048 -2.29609823 450.86077880
v -14.65354440 -4.24263763 450.61080940
v -16.60006616 -5.54327774 450.36080940
v -18.89618584 -5.99999905 450.11077880
v -21.19227882 -5.54327774 449.86080940
v -23.13882348 -4.24263763 449.61080940
v -24.89617440 0.00000214 453.11077880
v -26.28722282 -3.06145978 451.36080940
v -26.28722282 3.06145883 454.86077880
v -24.55304620 5.65685987 454.61077880
v -21.95765206 7.39103937 454.36077880
v -18.89618584 8.00000000 454.11077880
v -15.83471582 7.39103937 453.86077880
v -13.23932550 5.65685987 453.61074820
v -11.50514314 3.06145883 453.36080940
v -10.89617630 0.00000214 453.11077880
v -11.50514314 -3.06145978 452.86080940
v -13.23932550 -5.65685797 452.61080940
v -15.83471582 -7.39103794 452.36077880
v -18.89618584 -8.00000095 452.11080940
v -21.95765206 -7.39103794 451.86080940
v -24.55304620 -5.65685797 451.61077880
v -26.89619348 0.00000214 455.11077880
v -24.43944832 -2.29609823 453.36080940
v -24.43944832 2.29609728 456.86080940
v -23.13882348 4.24264193 456.61077880
v -21.19227882 5.54327965 456.36077880
v -18.89618584 6.00000048 456.11080940
v -16.60006616 5.54327965 455.86077880
v -14.65354440 4.24264193 455.61077880
v -13.35290048 2.29609728 455.36077880
v -12.89619348 0.00000214 455.11077880
v -13.35290048 -2.29609823 454.86077880
v -14.65354440 -4.24263763 454.61077880
v -16.60006616 -5.54327774 454.36077880
v -18.89618584 -5.99999905 454.11077880
v -21.19227882 -5.54327774 453.86077880
v -23.13882348 -4.24263763 453.61074820
v -24.89617440 0.00000214 457.11077880
v -26.28722282 -3.06145978 455.36077880
v -26.28722282 3.06145883 458.86080940
v -24.55304620 5.65685987 458.61077880
v -21.95765206 7.39103937 458.36080940
v -18.89618584 8.00000000 458.11080940
v -15.83471582 7.39103937 457.86077880
v -13.23932550 5.65685987 457.61080940
v -11.50514314 3.06145883 457.36077880
v -10.89617630 0.00000214 457.11077880
v -11.50514314 -3.06145978 456.86080940
v -13.23932550 -5.65685797 456.61077880
v -15.83471582 -7.39103794 456.36077880
v -18.89618584 -8.00000095 456.11080940
v -21.95765206 -7.39103794 455.86077880
v -24.55304620 -5.65685797 455.61077880
v -26.89619348 0.00000214 459.11080940
v -24.43944832 -2.29609823 457.36077880
v -24.43944832 2.29609728 460.86077880
v -23.13882348 4.24264193 460.61074820
v -21.19227882 5.54327965 460.36080940
v -18.89618584 6.00000048 460.11077880
v -16.60006616 5.54327965 459.86080940
v -14.65354440 4.24264193 459.61080940
v -13.35290048 2.29609728 459.36077880
v -12.89619348 0.00000214 459.11080940
v -13.35290048 -2.29609823 458.86080940
v -14.65354440 -4.24263763 458.61077880
v -16.60006616 -5.54327774 458.36080940
v -18.89618584 -5.99999905 458.11080940
v -21.19227882 -5.54327774 457.86077880
v -23.13882348 -4.24263763 457.61080940
v -24.89617440 0.00000214 461.11080940
v -26.28722282 -3.06145978 459.36077880
v -26.28722282 3.06145883 462.86077880
v -24.55304620 5.65685987 462.61077880
v -21.95765206 7.39103937 462.36077880
v -18.89618584 8.00000000 462.11077880
v -15.83471582 7.39103937 461.86077880
v -13.23932550 5.65685987 461.61077880
v -11.50514314 3.06145883 461.36074820
v -10.89617630 0.00000214 461.11080940
v -11.50514314 -3.06145978 460.86077880
v -13.23932550 -5.65685797 460.61074820
v -15.83471582 -7.39103794 460.36080940
v -18.89618584 -8.00000095 460.11077880
v -21.95765206 -7.39103794 459.86080940
v -24.55304620 -5.65685797 459.61080940
v -26.89619348 0.00000214 463.11080940
v -24.43944832 -2.29609823 461.36074820
v -24.43944832 2.29609728 464.86077880
v -23.13882348 4.24264193 464.61080940
v -21.19227882 5.54327965 464.36077880
v -18.89618584 6.00000048 464.11077880
v -16.60006616 5.54327965 463.86080940
v -14.65354440 4.24264193 463.61077880
v -13.35290048 2.29609728 463.36077880
v -12.89619348 0.00000214 463.11080940
v -13.35290048 -2.29609823 462.86077880
v -14.65354440 -4.24263763 462.61077880
v -16.60006616 -5.54327774 462.36077880
v -18.89618584 -5.99999905 462.11077880
v -21.19227882 -5.54327774 461.86077880
v -23.13882348 -4.24263763 461.61077880
v -24.89617440 0.00000214 465.11077880
v -26.28722282 -3.06145978 463.36077880
v -26.28722282 3.06145883 466.86080940
v -24.55304620 5.65685987 466.61077880
v -21.95765206 7.39103937 466.36077880
v -18.89618584 8.00000000 466.11080940
v -15.83471582 7.39103937 465.86077880
v -13.23932550 5.65685987 465.61077880
v -11.50514314 3.06145883 465.36080940
v -10.89617630 0.00000214 465.11077880
v -11.50514314 -3.06145978 464.86077880
v -13.23932550 -5.65685797 464.61080940
v -15.83471582 -7.39103794 464.36077880
v -18.89618584 -8.00000095 464.11077880
v -21.95765206 -7.39103794 463.86080940
v -24.55304620 -5.65685797 463.61077880
v -26.89619348 0.00000214 467.11077880
v -24.43944832 -2.29609823 465.36080940
v -24.43944832 2.29609728 468.86077880
v -23.13882348 4.24264193 468.61077880
v -21.19227882 5.54327965 468.36080940
v -18.89618584 6.00000048 468.11077880
v -16.60006616 5.54327965 467.86077880
v -14.65354440 4.24264193 467.61080940
v -13.35290048 2.29609728 467.36077880
v -12.89619348 0.00000214 467.11077880
v -13.35290048 -2.29609823 466.86080940
v -14.65354440 -4.24263763 466.61077880
v -16.60006616 -5.54327774 466.36077880
v -18.89618584 -5.99999905 466.11080940
v -21.19227882 -5.54327774 465.86077880
v -23.13882348 -4.24263763 465.61077880
v -24.89617440 0.00000214 469.11080940
v -26.28722282 -3.06145978 467.36077880
v -26.28722282 3.06145883 470.86080940
v -24.55304620 5.65685987 470.61080940
v -21.95765206 7.39103937 470.36077880
v -18.89618584 8.00000000 470.11077880
v -15.83471582 7.39103937 469.86080940
v -13.23932550 5.65685987 469.61077880
v -11.50514314 3.06145883 469.36077880
v -10.89617630 0.00000214 469.11080940
v -11.50514314 -3.06145978 468.86077880
v -13.23932550 -5.65685797 468.61077880
v -15.83471582 -7.39103794 468.36080940
v -18.89618584 -8.00000095 468.11077880
v -21.95765206 -7.39103794 467.86077880
v -24.55304620 -5.65685797 467.61080940
v -26.89619348 0.00000214 471.11077880
v -24.43944832 -2.29609823 469.36077880
v -24.43944832 2.29609728 472.86080940
v -23.13882348 4.24264193 472.61077880
v -21.19227882 5.54327965 472.36080940
v -18.89618584 6.00000048 472.11080940
v -16.60006616 5.54327965 471.86077880
v -14.65354440 4.24264193 471.61080940
v -13.35290048 2.29609728 471.36080940
v -12.89619348 0.00000214 471.11077880
v -13.35290048 -2.29609823 470.86080940
v -14.65354440 -4.24263763 470.61080940
v -16.60006616 -5.54327774 470.36077880
v -18.89618584 -5.99999905 470.11077880
v -21.19227882 -5.54327774 469.86080940
v -23.13882348 -4.24263763 469.61077880
v -24.89617440 0.00000214 473.11080940
v -26.28722282 -3.06145978 471.36080940
v -25.63806054 1.63278294 474.04418940
v -25.47881600 2.72662044 473.98580940
v -24.50760170 4.31256247 473.91076660
v -24.02270790 5.12651920 473.86080940
v -24.97145744 3.55510068 473.94659420
v -22.35138986 6.34158087 473.77737420
v -21.71847818 6.81362009 473.73577880
v -23.34918114 5.61617994 473.82720940
v -19.50847908 7.34488058 473.64419560
v -18.89618584 7.50000095 473.61080940
v -21.04378030 6.97580051 473.70776360
v -16.44698998 7.11282110 473.51077280
v -15.97821710 7.04457903 473.48580940
v -18.34786126 7.41331911 473.58840940
v -13.68743416 5.64171934 473.37738040
v -13.41609474 5.48007965 473.36077880
v -15.62316796 6.82713985 473.46899420
v -11.71504112 3.14022017 473.24417120
v -11.62062164 3.01363754 473.23580940
v -13.25287530 5.25555897 473.34957880
v -10.89617630 0.00000214 473.11080940
v -11.58820816 2.87870049 473.23019400
v -10.95414444 0.24109046 473.12078860
v -10.92053886 0.12245978 473.12078860
v -11.50514314 -3.06145978 472.86080940
v -13.23932550 -5.65685797 472.61077880
v -15.83471582 -7.39103794 472.36080940
v -18.89618584 -8.00000095 472.11080940
v -21.95765206 -7.39103794 471.86077880
v -24.55304620 -5.65685797 471.61080940
v -25.89618202 0.00000214 474.11077880
v -25.72281930 1.09664714 474.06597900
v -25.58592888 -1.22458470 474.17736820
v -24.43944832 -2.29609823 473.36077880
v -24.43944832 2.29609728 475.11077880
v -23.13882348 4.24264193 475.11077880
v -21.19227882 5.54327965 475.11077880
v -18.89618584 6.00000048 475.11077880
v -16.60006616 5.54327965 475.11077880
v -14.65354440 4.24264193 475.11077880
v -13.35290048 2.29609728 475.11077880
v -12.89619348 0.00000214 475.11077880
v -10.90617272 0.00000214 473.12078860
v -13.35290048 -2.29609823 474.86077880
v -14.65354440 -4.24263763 474.61080940
v -16.60006616 -5.54327774 474.36080940
v -18.89618584 -5.99999905 474.11077880
v -21.19227882 -5.54327774 473.86080940
v -23.13882348 -4.24263763 473.61080940
v -24.89617440 0.00000214 475.11077880
v -25.53979394 -1.41649759 474.18539420
v -25.24785896 -2.63094211 474.23580940
v -24.48533150 -3.65332198 474.30319220
v -24.39816568 -3.77018023 474.31079100
v -24.43944832 -2.29609823 475.11077880
v -21.19227882 -5.54327774 475.11077880
v -23.13882348 -4.24263763 475.11077880
v -18.89618584 -5.99999905 475.11077880
v -16.60006616 -5.54327774 475.11077880
v -14.65354440 -4.24263763 475.11077880
v -13.35290048 -2.29609823 475.11077880
v -13.23742196 -2.34394050 474.98580940
v -13.21117684 -2.16363931 474.99539180
v -13.34535118 -2.52015877 474.97738640
v -14.47675224 -4.41942072 474.86077880
v -14.29025552 -4.10636234 474.87997440
v -14.81101510 -4.66241741 474.84417720
v -16.45656868 -5.88973856 474.73577880
v -16.01841256 -5.56294060 474.76458740
v -17.05930230 -6.03461933 474.71081540
v -18.18970010 -6.32099867 474.64920040
v -18.89618584 -6.49999809 474.61080940
v -19.71258064 -6.37094259 474.57739260
v -20.52994058 -6.25194073 474.53381340
v -21.43145272 -6.12069988 474.48577880
v -22.31253334 -5.58113956 474.44421380
v -23.66916176 -4.77298117 474.36080940
v -22.72996804 -5.33246040 474.41836540
v -24.43944832 2.29609728 -94.62397766
v -26.89619348 0.00000214 -96.37396240
v -24.89617440 0.00000214 -94.37394714
v -26.28722282 -3.06145978 -96.12397766
v -24.43944832 -2.29609823 -98.12395478
v -24.89617440 0.00000214 -98.37393952
v -26.28722282 3.06145883 -96.62394714
v -26.28722282 3.06145883 -92.62395478
v -23.13882348 4.24264193 -94.87396240
v -24.55304620 5.65685987 -92.87393952
v -26.89619348 0.00000214 -92.37397004
v -24.43944832 -2.29609823 -94.12396240
v -24.55304620 -5.65685797 -95.87394714
v -23.13882348 -4.24263763 -97.87397004
v -24.50760170 -4.31255817 -99.17396546
v -24.02270790 -5.12652016 -99.12393952
v -25.47881600 -2.72662139 -99.24895478
v -24.97145744 -3.55510163 -99.20976258
v -25.63806054 -1.63278389 -99.30730438
v -25.89618202 0.00000214 -99.37397004
v -25.72281930 -1.09664810 -99.32917786
v -25.58592888 1.22458374 -99.44063568
v -24.43944832 2.29609728 -98.62397004
v -24.55304620 5.65685987 -96.87397766
v -24.43944832 2.29609728 -90.62393952
v -23.13882348 4.24264193 -90.87397004
v -21.19227882 5.54327965 -95.12394714
v -21.95765206 7.39103937 -93.12397004
v -21.19227882 5.54327965 -91.12395478
v -24.89617440 0.00000214 -90.37395478
v -26.28722282 -3.06145978 -92.12393952
v -23.13882348 -4.24263763 -93.87397004
v -21.95765206 -7.39103794 -95.62396240
v -21.19227882 -5.54327774 -97.62397766
v -22.35138986 -6.34158182 -99.04062652
v -21.71847818 -6.81362104 -98.99897004
v -23.34918114 -5.61617851 -99.09040070
v -23.13882348 -4.24263763 -100.37395478
v -21.19227882 -5.54327774 -100.37395478
v -24.43944832 -2.29609823 -100.37395478
v -23.87625786 -3.13898206 -100.37395478
v -23.86511132 -3.17334104 -100.36396026
v -23.51453682 -3.69798017 -100.36396026
v -23.49161430 -3.71464229 -100.37395478
v -24.89617440 0.00000214 -100.37395478
v -25.53979394 1.41650188 -99.44858552
v -25.24785896 2.63094115 -99.49893952
v -24.48533150 3.65332103 -99.56627656
v -24.39816568 3.77017927 -99.57397460
v -23.13882348 4.24264193 -98.87395478
v -21.95765206 7.39103937 -97.12396240
v -26.28722282 3.06145883 -88.62396240
v -24.55304620 5.65685987 -88.87394714
v -21.95765206 7.39103937 -89.12397766
v -18.89618584 6.00000048 -95.37397766
v -18.89618584 8.00000000 -93.37395478
v -18.89618584 6.00000048 -91.37393952
v -18.89618584 8.00000000 -89.37396240
v -26.89619348 0.00000214 -88.37397766
v -24.43944832 -2.29609823 -90.12396240
v -24.55304620 -5.65685797 -91.87395478
v -21.19227882 -5.54327774 -93.62394714
v -18.89618584 -8.00000095 -95.37397766
v -18.89618584 -5.99999905 -97.37395478
v -19.50847908 -7.34487915 -98.90728760
v -18.89618584 -7.50000191 -98.87395478
v -21.04378030 -6.97580147 -98.97098542
v -20.87374016 -5.61663866 -100.36396026
v -20.89271066 -5.60286236 -100.37395478
v -20.42278572 -5.70634222 -100.36396026
v -20.37251564 -5.70634222 -100.37395478
v -18.89618584 -5.99999905 -100.37395478
v -23.75028130 -3.52671838 -100.38395690
v -20.75027368 -5.70634222 -100.38395690
v -23.75028130 -3.52671838 -100.36396026
v -20.75027368 -5.70634222 -100.36396026
v -24.89617440 0.00000214 -100.38395690
v -23.75028130 3.52672267 -100.38395690
v -23.87625786 3.13898110 -100.37395478
v -23.86511132 3.17334008 -100.36396026
v -23.75028130 3.52672267 -100.36396026
v -24.43944832 2.29609728 -100.37395478
v -23.66916176 4.77298021 -99.62395478
v -23.49161430 3.71464133 -100.37395478
v -23.13882348 4.24264193 -100.37395478
v -23.51453682 3.69797921 -100.36396026
v -22.72996804 5.33245945 -99.68163300
v -22.31253334 5.58114147 -99.70731354
v -21.19227882 5.54327965 -99.12393952
v -18.89618584 8.00000000 -97.37395478
v -24.43944832 2.29609728 -86.62394714
v -23.13882348 4.24264193 -86.87397004
v -21.19227882 5.54327965 -87.12396240
v -18.89618584 6.00000048 -87.37394714
v -16.60006616 5.54327965 -95.62396240
v -15.83471582 7.39103937 -93.62394714
v -16.60006616 5.54327965 -91.62397004
v -15.83471582 7.39103937 -89.62395478
v -16.60006616 5.54327965 -87.62397766
v -24.89617440 0.00000214 -86.37396240
v -26.28722282 -3.06145978 -88.12394714
v -23.13882348 -4.24263763 -89.87397766
v -21.95765206 -7.39103794 -91.62397004
v -18.89618584 -5.99999905 -93.37395478
v -15.83471582 -7.39103794 -95.12394714
v -16.60006616 -5.54327774 -97.12396240
v -16.44698998 -7.11281967 -98.77394866
v -15.97821710 -7.04458237 -98.74893952
v -18.34786126 -7.41332006 -98.85157776
v -17.36958214 -5.70634222 -100.36396026
v -17.41985222 -5.70634222 -100.37395478
v -16.91860482 -5.61663866 -100.36396026
v -16.89965722 -5.60286236 -100.37395478
v -16.60006616 -5.54327774 -100.37395478
v -17.04207132 -5.70634222 -100.38395690
v -17.04207132 -5.70634222 -100.36396026
v -20.75027368 5.70634127 -100.38395690
v -17.04207132 5.70634127 -100.38395690
v -14.04206750 3.52672267 -100.38395690
v -12.89619348 0.00000214 -100.38395690
v -14.04206750 -3.52671838 -100.38395690
v -20.89271066 5.60285902 -100.37395478
v -20.87374016 5.61664009 -100.36396026
v -20.75027368 5.70634127 -100.36396026
v -21.19227882 5.54327965 -100.37395478
v -21.43145272 6.12069893 -99.74897004
v -20.52994058 6.25193977 -99.79702758
v -18.89618584 6.00000048 -99.37397004
v -19.71258064 6.37093925 -99.84060668
v -15.83471582 7.39103937 -97.62397766
v -26.28722282 3.06145883 -84.62397004
v -24.55304620 5.65685987 -84.87395478
v -21.95765206 7.39103937 -85.12393952
v -18.89618584 8.00000000 -85.37397004
v -15.83471582 7.39103937 -85.62395478
v -14.65354440 4.24264193 -95.87394714
v -13.23932550 5.65685987 -93.87397004
v -14.65354440 4.24264193 -91.87395478
v -13.23932550 5.65685987 -89.87397766
v -14.65354440 4.24264193 -87.87396240
v -13.23932550 5.65685987 -85.87394714
v -26.89619348 0.00000214 -84.37393952
v -24.43944832 -2.29609823 -86.12397004
v -24.55304620 -5.65685797 -87.87396240
v -21.19227882 -5.54327774 -89.62395478
v -18.89618584 -8.00000095 -91.37393952
v -16.60006616 -5.54327774 -93.12397004
v -13.23932550 -5.65685797 -94.87396240
v -14.65354440 -4.24263763 -96.87397766
v -13.68743416 -5.64171743 -98.64061738
v -13.41609474 -5.48008060 -98.62397004
v -15.62316796 -6.82714081 -98.73217010
v -14.65354440 -4.24263763 -100.37395478
v -14.30075356 -3.71464229 -100.37395478
v -14.04206750 -3.52671838 -100.36396026
v -14.27783104 -3.69798017 -100.36396026
v -13.91609094 -3.13898206 -100.37395478
v -13.92725656 -3.17334104 -100.36396026
v -12.89619348 0.00000214 -100.37395478
v -13.91609094 3.13898110 -100.37395478
v -14.04206750 3.52672267 -100.36396026
v -13.92725656 3.17334008 -100.36396026
v -14.30075356 3.71464133 -100.37395478
v -16.89965722 5.60285902 -100.37395478
v -17.04207132 5.70634127 -100.36396026
v -14.27783104 3.69797921 -100.36396026
v -16.91860482 5.61664009 -100.36396026
v -17.41985222 5.70634127 -100.37395478
v -20.37251564 5.70634127 -100.37395478
v -17.36958214 5.70634127 -100.36396026
v -20.42278572 5.70634127 -100.36396026
v -18.89618584 6.49999952 -99.87393952
v -18.89618584 6.00000048 -100.37395478
v -16.60006616 5.54327965 -99.62395478
v -18.18970010 6.32100010 -99.91242218
v -17.05930230 6.03462076 -99.97394562
v -13.23932550 5.65685987 -97.87397004
v -24.43944832 2.29609728 -82.62395478
v -23.13882348 4.24264193 -82.87397766
v -21.19227882 5.54327965 -83.12397004
v -18.89618584 6.00000048 -83.37395478
v -16.60006616 5.54327965 -83.62393952
v -14.65354440 4.24264193 -83.87397004
v -13.35290048 2.29609728 -96.12397766
v -11.50514314 3.06145883 -94.12396240
v -13.35290048 2.29609728 -92.12393952
v -11.50514314 3.06145883 -90.12396240
v -13.35290048 2.29609728 -88.12394714
v -11.50514314 3.06145883 -86.12397004
v -13.35290048 2.29609728 -84.12395478
v -24.89617440 0.00000214 -82.37396240
v -26.28722282 -3.06145978 -84.12395478
v -23.13882348 -4.24263763 -85.87394714
v -21.95765206 -7.39103794 -87.62397766
v -18.89618584 -5.99999905 -89.37396240
v -15.83471582 -7.39103794 -91.12395478
v -14.65354440 -4.24263763 -92.87393952
v -11.50514314 -3.06145978 -94.62397766
v -13.35290048 -2.29609823 -96.62394714
v -11.71504112 -3.14022112 -98.50727844
v -11.62062164 -3.01363850 -98.49895478
v -13.25287530 -5.25555992 -98.61276246
v -13.35290048 -2.29609823 -100.37395478
v -11.58820816 -2.87870145 -98.49334716
v -10.89617630 0.00000214 -98.37393952
v -13.35290048 2.29609728 -100.12397004
v -13.23742196 2.34393954 -100.24894714
v -13.21117684 2.16363835 -100.25856018
v -13.35290048 2.29609728 -100.37395478
v -14.65354440 4.24264193 -100.37395478
v -14.29025552 4.10636139 -100.14321136
v -13.34535118 2.52015781 -100.24062348
v -16.60006616 5.54327965 -100.37395478
v -16.45656868 5.88973999 -99.99895478
v -14.65354440 4.24264193 -99.87393952
v -16.01841256 5.56293964 -100.02781678
v -14.81101510 4.66242170 -100.10728454
v -11.50514314 3.06145883 -98.12395478
v -26.28722282 3.06145883 -80.62397766
v -24.55304620 5.65685987 -80.87396240
v -21.95765206 7.39103937 -81.12394714
v -18.89618584 8.00000000 -81.37397766
v -15.83471582 7.39103937 -81.62396240
v -13.23932550 5.65685987 -81.87394714
v -11.50514314 3.06145883 -82.12397766
v -12.89619348 0.00000214 -96.37396240
v -10.89617630 0.00000214 -94.37394714
v -12.89619348 0.00000214 -92.37397004
v -10.89617630 0.00000214 -90.37395478
v -12.89619348 0.00000214 -88.37397766
v -10.89617630 0.00000214 -86.37396240
v -12.89619348 0.00000214 -84.37393952
v -10.89617630 0.00000214 -82.37396240
v -26.89619348 0.00000214 -80.37394714
v -24.43944832 -2.29609823 -82.12397766
v -24.55304620 -5.65685797 -83.87397004
v -21.19227882 -5.54327774 -85.62395478
v -18.89618584 -8.00000095 -87.37394714
v -16.60006616 -5.54327774 -89.12397766
v -13.23932550 -5.65685797 -90.87397004
v -13.35290048 -2.29609823 -92.62395478
v -14.47675224 4.41941977 -100.12397004
v -24.43944832 2.29609728 -78.62395478
v -23.13882348 4.24264193 -78.87394714
v -21.19227882 5.54327965 -79.12397004
v -18.89618584 6.00000048 -79.37396240
v -16.60006616 5.54327965 -79.62394714
v -14.65354440 4.24264193 -79.87397766
v -13.35290048 2.29609728 -80.12396240
v -12.89619348 0.00000214 -80.37394714
v -11.50514314 -3.06145978 -90.62393952
v -13.35290048 -2.29609823 -88.62396240
v -11.50514314 -3.06145978 -86.62394714
v -13.35290048 -2.29609823 -84.62397004
v -11.50514314 -3.06145978 -82.62395478
v -13.35290048 -2.29609823 -80.62397766
v -24.89617440 0.00000214 -78.37397004
v -26.28722282 -3.06145978 -80.12396240
v -23.13882348 -4.24263763 -81.87394714
v -21.95765206 -7.39103794 -83.62393952
v -18.89618584 -5.99999905 -85.37397004
v -15.83471582 -7.39103794 -87.12396240
v -14.65354440 -4.24263763 -88.87394714
v -26.28722282 3.06145883 -76.62393952
v -24.55304620 5.65685987 -76.87397004
v -21.95765206 7.39103937 -77.12395478
v -18.89618584 8.00000000 -77.37393952
v -15.83471582 7.39103937 -77.62397004
v -13.23932550 5.65685987 -77.87395478
v -11.50514314 3.06145883 -78.12393952
v -10.89617630 0.00000214 -78.37397004
v -11.50514314 -3.06145978 -78.62395478
v -13.23932550 -5.65685797 -86.87397004
v -14.65354440 -4.24263763 -84.87395478
v -13.23932550 -5.65685797 -82.87397766
v -14.65354440 -4.24263763 -80.87396240
v -13.23932550 -5.65685797 -78.87394714
v -26.89619348 0.00000214 -76.37395478
v -24.43944832 -2.29609823 -78.12393952
v -24.55304620 -5.65685797 -79.87397766
v -21.19227882 -5.54327774 -81.62396240
v -18.89618584 -8.00000095 -83.37395478
v -16.60006616 -5.54327774 -85.12393952
v -24.43944832 2.29609728 -74.62396240
v -23.13882348 4.24264193 -74.87394714
v -21.19227882 5.54327965 -75.12393952
v -18.89618584 6.00000048 -75.37396240
v -16.60006616 5.54327965 -75.62395478
v -14.65354440 4.24264193 -75.87393952
v -13.35290048 2.29609728 -76.12397004
v -12.89619348 0.00000214 -76.37395478
v -13.35290048 -2.29609823 -76.62393952
v -14.65354440 -4.24263763 -76.87397004
v -15.83471582 -7.39103794 -83.12397004
v -16.60006616 -5.54327774 -81.12394714
v -15.83471582 -7.39103794 -79.12397004
v -16.60006616 -5.54327774 -77.12395478
v -24.89617440 0.00000214 -74.37397766
v -26.28722282 -3.06145978 -76.12397004
v -23.13882348 -4.24263763 -77.87395478
v -21.95765206 -7.39103794 -79.62394714
v -18.89618584 -5.99999905 -81.37397766
v -26.28722282 3.06145883 -72.62394714
v -24.55304620 5.65685987 -72.87397766
v -21.95765206 7.39103937 -73.12396240
v -18.89618584 8.00000000 -73.37394714
v -15.83471582 7.39103937 -73.62397766
v -13.23932550 5.65685987 -73.87396240
v -11.50514314 3.06145883 -74.12394714
v -10.89617630 0.00000214 -74.37397766
v -11.50514314 -3.06145978 -74.62396240
v -13.23932550 -5.65685797 -74.87394714
v -15.83471582 -7.39103794 -75.12393952
v -18.89618584 -8.00000095 -79.37396240
v -18.89618584 -5.99999905 -77.37393952
v -18.89618584 -8.00000095 -75.37396240
v -26.89619348 0.00000214 -72.37396240
v -24.43944832 -2.29609823 -74.12394714
v -24.55304620 -5.65685797 -75.87393952
v -21.19227882 -5.54327774 -77.62397004
v -24.43944832 2.29609728 -70.62397004
v -23.13882348 4.24264193 -70.87395478
v -21.19227882 5.54327965 -71.12394714
v -18.89618584 6.00000048 -71.37397004
v -16.60006616 5.54327965 -71.62395478
v -14.65354440 4.24264193 -71.87394714
v -13.35290048 2.29609728 -72.12397004
v -12.89619348 0.00000214 -72.37396240
v -13.35290048 -2.29609823 -72.62394714
v -14.65354440 -4.24263763 -72.87397766
v -16.60006616 -5.54327774 -73.12396240
v -18.89618584 -5.99999905 -73.37394714
v -21.95765206 -7.39103794 -75.62395478
v -21.19227882 -5.54327774 -73.62397766
v -24.89617440 0.00000214 -70.37393952
v -26.28722282 -3.06145978 -72.12397004
v -23.13882348 -4.24263763 -73.87396240
v -26.28722282 3.06145883 -68.62395478
v -24.55304620 5.65685987 -68.87393952
v -21.95765206 7.39103937 -69.12397004
v -18.89618584 8.00000000 -69.37395478
v -15.83471582 7.39103937 -69.62393952
v -13.23932550 5.65685987 -69.87397004
v -11.50514314 3.06145883 -70.12395478
v -10.89617630 0.00000214 -70.37393952
v -11.50514314 -3.06145978 -70.62397004
v -13.23932550 -5.65685797 -70.87395478
v -15.83471582 -7.39103794 -71.12394714
v -18.89618584 -8.00000095 -71.37397004
v -21.95765206 -7.39103794 -71.62395478
v -24.55304620 -5.65685797 -71.87394714
v -26.89619348 0.00000214 -68.37396240
v -24.43944832 -2.29609823 -70.12395478
v -24.43944832 2.29609728 -66.62397766
v -23.13882348 4.24264193 -66.87396240
v -21.19227882 5.54327965 -67.12394714
v -18.89618584 6.00000048 -67.37397766
v -16.60006616 5.54327965 -67.62396240
v -14.65354440 4.24264193 -67.87395478
v -13.35290048 2.29609728 -68.12393952
v -12.89619348 0.00000214 -68.37396240
v -13.35290048 -2.29609823 -68.62395478
v -14.65354440 -4.24263763 -68.87393952
v -16.60006616 -5.54327774 -69.12397004
v -18.89618584 -5.99999905 -69.37395478
v -21.19227882 -5.54327774 -69.62393952
v -23.13882348 -4.24263763 -69.87397004
v -24.89617440 0.00000214 -66.37394714
v -26.28722282 -3.06145978 -68.12393952
v -26.28722282 3.06145883 -64.62397004
v -24.55304620 5.65685987 -64.87395478
v -21.95765206 7.39103937 -65.12398530
v -18.89618584 8.00000000 -65.37397004
v -15.83471582 7.39103937 -65.62395478
v -13.23932550 5.65685987 -65.87398530
v -11.50514314 3.06145883 -66.12396240
v -10.89617630 0.00000214 -66.37394714
v -11.50514314 -3.06145978 -66.62397766
v -13.23932550 -5.65685797 -66.87396240
v -15.83471582 -7.39103794 -67.12394714
v -18.89618584 -8.00000095 -67.37397766
v -21.95765206 -7.39103794 -67.62396240
v -24.55304620 -5.65685797 -67.87395478
v -26.89619348 0.00000214 -64.37398530
v -24.43944832 -2.29609823 -66.12396240
v -24.43944832 2.29609728 -62.62395096
v -23.13882348 4.24264193 -62.87398148
v -21.19227882 5.54327965 -63.12396622
v -18.89618584 6.00000048 -63.37395478
v -16.60006616 5.54327965 -63.62398148
v -14.65354440 4.24264193 -63.87396622
v -13.35290048 2.29609728 -64.12395478
v -12.89619348 0.00000214 -64.37398530
v -13.35290048 -2.29609823 -64.62397004
v -14.65354440 -4.24263763 -64.87395478
v -16.60006616 -5.54327774 -65.12398530
v -18.89618584 -5.99999905 -65.37397004
v -21.19227882 -5.54327774 -65.62395478
v -23.13882348 -4.24263763 -65.87398530
v -24.89617440 0.00000214 -62.37396622
v -26.28722282 -3.06145978 -64.12395478
v -26.28722282 3.06145883 -60.62397384
v -24.55304620 5.65685987 -60.87396240
v -21.95765206 7.39103937 -61.12394714
v -18.89618584 8.00000000 -61.37397766
v -15.83471582 7.39103937 -61.62396240
v -13.23932550 5.65685987 -61.87395096
v -11.50514314 3.06145883 -62.12397766
v -10.89617630 0.00000214 -62.37396622
v -11.50514314 -3.06145978 -62.62395096
v -13.23932550 -5.65685797 -62.87398148
v -15.83471582 -7.39103794 -63.12396622
v -18.89618584 -8.00000095 -63.37395478
v -21.95765206 -7.39103794 -63.62398148
v -24.55304620 -5.65685797 -63.87396622
v -26.89619348 0.00000214 -60.37394714
v -24.43944832 -2.29609823 -62.12397766
v -24.43944832 2.29609728 -58.62395858
v -23.13882348 4.24264193 -58.87398530
v -21.19227882 5.54327965 -59.12397384
v -18.89618584 6.00000048 -59.37395858
v -16.60006616 5.54327965 -59.62398910
v -14.65354440 4.24264193 -59.87397384
v -13.35290048 2.29609728 -60.12396240
v -12.89619348 0.00000214 -60.37394714
v -13.35290048 -2.29609823 -60.62397384
v -14.65354440 -4.24263763 -60.87396240
v -16.60006616 -5.54327774 -61.12394714
v -18.89618584 -5.99999905 -61.37397766
v -21.19227882 -5.54327774 -61.62396240
v -23.13882348 -4.24263763 -61.87395096
v -24.89617440 0.00000214 -58.37397004
v -26.28722282 -3.06145978 -60.12396240
v -26.28722282 3.06145883 -56.62398148
v -24.55304620 5.65685987 -56.87397004
v -21.95765206 7.39103937 -57.12395478
v -18.89618584 8.00000000 -57.37398530
v -15.83471582 7.39103937 -57.62397004
v -13.23932550 5.65685987 -57.87395478
v -11.50514314 3.06145883 -58.12398530
v -10.89617630 0.00000214 -58.37397004
v -11.50514314 -3.06145978 -58.62395858
v -13.23932550 -5.65685797 -58.87398530
v -15.83471582 -7.39103794 -59.12397384
v -18.89618584 -8.00000095 -59.37395858
v -21.95765206 -7.39103794 -59.62398910
v -24.55304620 -5.65685797 -59.87397384
v -26.89619348 0.00000214 -56.37395478
v -24.43944832 -2.29609823 -58.12398530
v -24.43944832 2.29609728 -54.62396240
v -23.13882348 4.24264193 -54.87395096
v -21.19227882 5.54327965 -55.12397766
v -18.89618584 6.00000048 -55.37396622
v -16.60006616 5.54327965 -55.62395096
v -14.65354440 4.24264193 -55.87398148
v -13.35290048 2.29609728 -56.12396622
v -12.89619348 0.00000214 -56.37395478
v -13.35290048 -2.29609823 -56.62398148
v -14.65354440 -4.24263763 -56.87397004
v -16.60006616 -5.54327774 -57.12395478
v -18.89618584 -5.99999905 -57.37398530
v -21.19227882 -5.54327774 -57.62397004
v -23.13882348 -4.24263763 -57.87395478
v -24.89617440 0.00000214 -54.37397766
v -26.28722282 -3.06145978 -56.12396622
v -26.28722282 3.06145883 -52.62398910
v -24.55304620 5.65685987 -52.87397384
v -21.95765206 7.39103937 -53.12396240
v -18.89618584 8.00000000 -53.37394714
v -15.83471582 7.39103937 -53.62397766
v -13.23932550 5.65685987 -53.87396240
v -11.50514314 3.06145883 -54.12395096
v -10.89617630 0.00000214 -54.37397766
v -11.50514314 -3.06145978 -54.62396240
v -13.23932550 -5.65685797 -54.87395096
v -15.83471582 -7.39103794 -55.12397766
v -18.89618584 -8.00000095 -55.37396622
v -21.95765206 -7.39103794 -55.62395096
v -24.55304620 -5.65685797 -55.87398148
v -26.89619348 0.00000214 -52.37395858
v -24.43944832 -2.29609823 -54.12395096
v -24.43944832 2.29609728 -50.62397004
v -23.13882348 4.24264193 -50.87395858
v -21.19227882 5.54327965 -51.12398530
v -18.89618584 6.00000048 -51.37397384
v -16.60006616 5.54327965 -51.62395858
v -14.65354440 4.24264193 -51.87398530
v -13.35290048 2.29609728 -52.12397384
v -12.89619348 0.00000214 -52.37395858
v -13.35290048 -2.29609823 -52.62398910
v -14.65354440 -4.24263763 -52.87397384
v -16.60006616 -5.54327774 -53.12396240
v -18.89618584 -5.99999905 -53.37394714
v -21.19227882 -5.54327774 -53.62397766
v -23.13882348 -4.24263763 -53.87396240
v -24.89617440 0.00000214 -50.37398530
v -26.28722282 -3.06145978 -52.12397384
v -26.28722282 3.06145883 -48.62395096
v -24.55304620 5.65685987 -48.87398148
v -21.95765206 7.39103937 -49.12396622
v -18.89618584 8.00000000 -49.37395478
v -15.83471582 7.39103937 -49.62398148
v -13.23932550 5.65685987 -49.87397004
v -11.50514314 3.06145883 -50.12395478
v -10.89617630 0.00000214 -50.37398530
v -11.50514314 -3.06145978 -50.62397004
v -13.23932550 -5.65685797 -50.87395858
v -15.83471582 -7.39103794 -51.12398530
v -18.89618584 -8.00000095 -51.37397384
v -21.95765206 -7.39103794 -51.62395858
v -24.55304620 -5.65685797 -51.87398530
v -26.89619348 0.00000214 -48.37396622
v -24.43944832 -2.29609823 -50.12395478
v -24.43944832 2.29609728 -46.62397766
v -23.13882348 4.24264193 -46.87396240
v -21.19227882 5.54327965 -47.12395096
v -18.89618584 6.00000048 -47.37397766
v -16.60006616 5.54327965 -47.62396622
v -14.65354440 4.24264193 -47.87395096
v -13.35290048 2.29609728 -48.12398148
v -12.89619348 0.00000214 -48.37396622
v -13.35290048 -2.29609823 -48.62395096
v -14.65354440 -4.24263763 -48.87398148
v -16.60006616 -5.54327774 -49.12396622
v -18.89618584 -5.99999905 -49.37395478
v -21.19227882 -5.54327774 -49.62398148
v -23.13882348 -4.24263763 -49.87397004
v -24.89617440 0.00000214 -46.37394714
v -26.28722282 -3.06145978 -48.12398148
v -26.28722282 3.06145883 -44.62395858
v -24.55304620 5.65685987 -44.87398910
v -21.95765206 7.39103937 -45.12397384
v -18.89618584 8.00000000 -45.37395858
v -15.83471582 7.39103937 -45.62394714
v -13.23932550 5.65685987 -45.87397384
v -11.50514314 3.06145883 -46.12396240
v -10.89617630 0.00000214 -46.37394714
v -11.50514314 -3.06145978 -46.62397766
v -13.23932550 -5.65685797 -46.87396240
v -15.83471582 -7.39103794 -47.12395096
v -18.89618584 -8.00000095 -47.37397766
v -21.95765206 -7.39103794 -47.62396622
v -24.55304620 -5.65685797 -47.87395096
v -26.89619348 0.00000214 -44.37397384
v -24.43944832 -2.29609823 -46.12396240
v -24.43944832 2.29609728 -42.62398148
v -23.13882348 4.24264193 -42.87397004
v -21.19227882 5.54327965 -43.12395478
v -18.89618584 6.00000048 -43.37398530
v -16.60006616 5.54327965 -43.62397004
v -14.65354440 4.24264193 -43.87395858
v -13.35290048 2.29609728 -44.12398530
v -12.89619348 0.00000214 -44.37397384
v -13.35290048 -2.29609823 -44.62395858
v -14.65354440 -4.24263763 -44.87398910
v -16.60006616 -5.54327774 -45.12397384
v -18.89618584 -5.99999905 -45.37395858
v -21.19227882 -5.54327774 -45.62394714
v -23.13882348 -4.24263763 -45.87397384
v -24.89617440 0.00000214 -42.37395478
v -26.28722282 -3.06145978 -44.12398530
v -26.28722282 3.06145883 -40.62396622
v -24.55304620 5.65685987 -40.87395096
v -21.95765206 7.39103937 -41.12398148
v -18.89618584 8.00000000 -41.37396622
v -15.83471582 7.39103937 -41.62395478
v -13.23932550 5.65685987 -41.87398148
v -11.50514314 3.06145883 -42.12397004
v -10.89617630 0.00000214 -42.37395478
v -11.50514314 -3.06145978 -42.62398148
v -13.23932550 -5.65685797 -42.87397004
v -15.83471582 -7.39103794 -43.12395478
v -18.89618584 -8.00000095 -43.37398530
v -21.95765206 -7.39103794 -43.62397004
v -24.55304620 -5.65685797 -43.87395858
v -26.89619348 0.00000214 -40.37397766
v -24.43944832 -2.29609823 -42.12397004
v -24.43944832 2.29609728 -38.62394714
v -23.13882348 4.24264193 -38.87397766
v -21.19227882 5.54327965 -39.12396240
v -18.89618584 6.00000048 -39.37394714
v -16.60006616 5.54327965 -39.62397766
v -14.65354440 4.24264193 -39.87396240
v -13.35290048 2.29609728 -40.12395096
v -12.89619348 0.00000214 -40.37397766
v -13.35290048 -2.29609823 -40.62396622
v -14.65354440 -4.24263763 -40.87395096
v -16.60006616 -5.54327774 -41.12398148
v -18.89618584 -5.99999905 -41.37396622
v -21.19227882 -5.54327774 -41.62395478
v -23.13882348 -4.24263763 -41.87398148
v -24.89617440 0.00000214 -38.37396240
v -26.28722282 -3.06145978 -40.12395096
v -26.28722282 3.06145883 -36.62397004
v -24.55304620 5.65685987 -36.87395858
v -21.95765206 7.39103937 -37.12398530
v -18.89618584 8.00000000 -37.37397384
v -15.83471582 7.39103937 -37.62395858
v -13.23932550 5.65685987 -37.87398910
v -11.50514314 3.06145883 -38.12397384
v -10.89617630 0.00000214 -38.37396240
v -11.50514314 -3.06145978 -38.62394714
v -13.23932550 -5.65685797 -38.87397766
v -15.83471582 -7.39103794 -39.12396240
v -18.89618584 -8.00000095 -39.37394714
v -21.95765206 -7.39103794 -39.62397766
v -24.55304620 -5.65685797 -39.87396240
v -26.89619348 0.00000214 -36.37398530
v -24.43944832 -2.29609823 -38.12397384
v -24.43944832 2.29609728 -34.62395478
v -23.13882348 4.24264193 -34.87398148
v -21.19227882 5.54327965 -35.12397004
v -18.89618584 6.00000048 -35.37395478
v -16.60006616 5.54327965 -35.62398530
v -14.65354440 4.24264193 -35.87397004
v -13.35290048 2.29609728 -36.12395858
v -12.89619348 0.00000214 -36.37398530
v -13.35290048 -2.29609823 -36.62397004
v -14.65354440 -4.24263763 -36.87395858
v -16.60006616 -5.54327774 -37.12398530
v -18.89618584 -5.99999905 -37.37397384
v -21.19227882 -5.54327774 -37.62395858
v -23.13882348 -4.24263763 -37.87398910
v -24.89617440 0.00000214 -34.37396622
v -26.28722282 -3.06145978 -36.12395858
v -26.28722282 3.06145883 -32.62397766
v -24.55304620 5.65685987 -32.87396622
v -21.95765206 7.39103937 -33.12395096
v -18.89618584 8.00000000 -33.37397766
v -15.83471582 7.39103937 -33.62396622
v -13.23932550 5.65685987 -33.87395096
v -11.50514314 3.06145883 -34.12398148
v -10.89617630 0.00000214 -34.37396622
v -11.50514314 -3.06145978 -34.62395478
v -13.23932550 -5.65685797 -34.87398148
v -15.83471582 -7.39103794 -35.12397004
v -18.89618584 -8.00000095 -35.37395478
v -21.95765206 -7.39103794 -35.62398530
v -24.55304620 -5.65685797 -35.87397004
v -26.89619348 0.00000214 -32.37395096
v -24.43944832 -2.29609823 -34.12398148
v -24.43944832 2.29609728 -30.62396050
v -23.13882348 4.24264193 -30.87394714
v -21.19227882 5.54327965 -31.12397576
v -18.89618584 6.00000048 -31.37396240
v -16.60006616 5.54327965 -31.62394906
v -14.65354440 4.24264193 -31.87397576
v -13.35290048 2.29609728 -32.12396240
v -12.89619348 0.00000214 -32.37395096
v -13.35290048 -2.29609823 -32.62397766
v -14.65354440 -4.24263763 -32.87396622
v -16.60006616 -5.54327774 -33.12395096
v -18.89618584 -5.99999905 -33.37397766
v -21.19227882 -5.54327774 -33.62396622
v -23.13882348 -4.24263763 -33.87395096
v -24.89617440 0.00000214 -30.37397384
v -26.28722282 -3.06145978 -32.12396240
v -26.28722282 3.06145883 -28.62398338
v -24.55304620 5.65685987 -28.87397004
v -21.95765206 7.39103937 -29.12395668
v -18.89618584 8.00000000 -29.37398530
v -15.83471582 7.39103937 -29.62397194
v -13.23932550 5.65685987 -29.87395858
v -11.50514314 3.06145883 -30.12398720
v -10.89617630 0.00000214 -30.37397384
v -11.50514314 -3.06145978 -30.62396050
v -13.23932550 -5.65685797 -30.87394714
v -15.83471582 -7.39103794 -31.12397576
v -18.89618584 -8.00000095 -31.37396240
v -21.95765206 -7.39103794 -31.62394906
v -24.55304620 -5.65685797 -31.87397576
v -26.89619348 0.00000214 -28.37395668
v -24.43944832 -2.29609823 -30.12398720
v -24.43944832 2.29609728 -26.62396622
v -23.13882348 4.24264193 -26.87395286
v -21.19227882 5.54327965 -27.12398148
v -18.89618584 6.00000048 -27.37396812
v -16.60006616 5.54327965 -27.62395478
v -14.65354440 4.24264193 -27.87398338
v -13.35290048 2.29609728 -28.12397004
v -12.89619348 0.00000214 -28.37395668
v -13.35290048 -2.29609823 -28.62398338
v -14.65354440 -4.24263763 -28.87397004
v -16.60006616 -5.54327774 -29.12395668
v -18.89618584 -5.99999905 -29.37398530
v -21.19227882 -5.54327774 -29.62397194
v -23.13882348 -4.24263763 -29.87395858
v -24.89617440 0.00000214 -26.37397956
v -26.28722282 -3.06145978 -28.12397004
v -26.28722282 3.06145883 -24.62394906
v -24.55304620 5.65685987 -24.87397766
v -21.95765206 7.39103937 -25.12396430
v -18.89618584 8.00000000 -25.37395096
v -15.83471582 7.39103937 -25.62397766
v -13.23932550 5.65685987 -25.87396430
v -11.50514314 3.06145883 -26.12395096
v -10.89617630 0.00000214 -26.37397956
v -11.50514314 -3.06145978 -26.62396622
v -13.23932550 -5.65685797 -26.87395286
v -15.83471582 -7.39103794 -27.12398148
v -18.89618584 -8.00000095 -27.37396812
v -21.95765206 -7.39103794 -27.62395478
v -24.55304620 -5.65685797 -27.87398338
v -26.89619348 0.00000214 -24.37396240
v -24.43944832 -2.29609823 -26.12395096
v -24.43944832 2.29609728 -22.62397194
v -23.13882348 4.24264193 -22.87395858
v -21.19227882 5.54327965 -23.12394524
v -18.89618584 6.00000048 -23.37397384
v -16.60006616 5.54327965 -23.62396050
v -14.65354440 4.24264193 -23.87394714
v -13.35290048 2.29609728 -24.12397576
v -12.89619348 0.00000214 -24.37396240
v -13.35290048 -2.29609823 -24.62394906
v -14.65354440 -4.24263763 -24.87397766
v -16.60006616 -5.54327774 -25.12396430
v -18.89618584 -5.99999905 -25.37395096
v -21.19227882 -5.54327774 -25.62397766
v -23.13882348 -4.24263763 -25.87396430
v -24.89617440 0.00000214 -22.37398530
v -26.28722282 -3.06145978 -24.12397576
v -26.28722282 3.06145883 -20.62395478
v -24.55304620 5.65685987 -20.87398338
v -21.95765206 7.39103937 -21.12397004
v -18.89618584 8.00000000 -21.37395668
v -15.83471582 7.39103937 -21.62398530
v -13.23932550 5.65685987 -21.87397194
v -11.50514314 3.06145883 -22.12395858
v -10.89617630 0.00000214 -22.37398530
v -11.50514314 -3.06145978 -22.62397194
v -13.23932550 -5.65685797 -22.87395858
v -15.83471582 -7.39103794 -23.12394524
v -18.89618584 -8.00000095 -23.37397384
v -21.95765206 -7.39103794 -23.62396050
v -24.55304620 -5.65685797 -23.87394714
v -26.89619348 0.00000214 -20.37396812
v -24.43944832 -2.29609823 -22.12395858
v -24.43944832 2.29609728 -18.62397957
v -23.13882348 4.24264193 -18.87396622
v -21.19227882 5.54327965 -19.12395287
v -18.89618584 6.00000048 -19.37397957
v -16.60006616 5.54327965 -19.62396622
v -14.65354440 4.24264193 -19.87395287
v -13.35290048 2.29609728 -20.12398148
v -12.89619348 0.00000214 -20.37396812
v -13.35290048 -2.29609823 -20.62395478
v -14.65354440 -4.24263763 -20.87398338
v -16.60006616 -5.54327774 -21.12397004
v -18.89618584 -5.99999905 -21.37395668
v -21.19227882 -5.54327774 -21.62398530
v -23.13882348 -4.24263763 -21.87397194
v -24.89617440 0.00000214 -18.37395096
v -26.28722282 -3.06145978 -20.12398148
v -26.28722282 3.06145883 -16.62396049
v -24.55304620 5.65685987 -16.87394714
v -21.95765206 7.39103937 -17.12397575
v -18.89618584 8.00000000 -17.37396240
v -15.83471582 7.39103937 -17.62394905
v -13.23932550 5.65685987 -17.87397766
v -11.50514314 3.06145883 -18.12396431
v -10.89617630 0.00000214 -18.37395096
v -11.50514314 -3.06145978 -18.62397957
v -13.23932550 -5.65685797 -18.87396622
v -15.83471582 -7.39103794 -19.12395287
v -18.89618584 -8.00000095 -19.37397957
v -21.95765206 -7.39103794 -19.62396622
v -24.55304620 -5.65685797 -19.87395287
v -26.89619348 0.00000214 -16.37397385
v -24.43944832 -2.29609823 -18.12396431
v -24.43944832 2.29609728 -14.62398529
v -23.13882348 4.24264193 -14.87397194
v -21.19227882 5.54327965 -15.12395859
v -18.89618584 6.00000048 -15.37398720
v -16.60006616 5.54327965 -15.62397289
v -14.65354440 4.24264193 -15.87395954
v -13.35290048 2.29609728 -16.12394714
v -12.89619348 0.00000214 -16.37397385
v -13.35290048 -2.29609823 -16.62396049
v -14.65354440 -4.24263763 -16.87394714
v -16.60006616 -5.54327774 -17.12397575
v -18.89618584 -5.99999905 -17.37396240
v -21.19227882 -5.54327774 -17.62394905
v -23.13882348 -4.24263763 -17.87397766
v -24.89617440 0.00000214 -14.37395668
v -26.28722282 -3.06145978 -16.12394714
v -26.28722282 3.06145883 -12.62396717
v -24.55304620 5.65685987 -12.87395382
v -21.95765206 7.39103937 -13.12398243
v -18.89618584 8.00000000 -13.37396908
v -15.83471582 7.39103937 -13.62395573
v -13.23932550 5.65685987 -13.87398434
v -11.50514314 3.06145883 -14.12397003
v -10.89617630 0.00000214 -14.37395668
v -11.50514314 -3.06145978 -14.62398529
v -13.23932550 -5.65685797 -14.87397194
v -15.83471582 -7.39103794 -15.12395859
v -18.89618584 -8.00000095 -15.37398720
v -21.95765206 -7.39103794 -15.62397289
v -24.55304620 -5.65685797 -15.87395954
v -26.89619348 0.00000214 -12.37398148
v -24.43944832 -2.29609823 -14.12397003
v -24.43944832 2.29609728 -10.62395000
v -23.13882348 4.24264193 -10.87397861
v -21.19227882 5.54327965 -11.12396431
v -18.89618584 6.00000048 -11.37395096
v -16.60006616 5.54327965 -11.62397957
v -14.65354440 4.24264193 -11.87396622
v -13.35290048 2.29609728 -12.12395287
v -12.89619348 0.00000214 -12.37398148
v -13.35290048 -2.29609823 -12.62396717
v -14.65354440 -4.24263763 -12.87395382
v -16.60006616 -5.54327774 -13.12398243
v -18.89618584 -5.99999905 -13.37396908
v -21.19227882 -5.54327774 -13.62395573
v -23.13882348 -4.24263763 -13.87398434
v -24.89617440 0.00000214 -10.37396336
v -26.28722282 -3.06145978 -12.12395287
v -26.28722282 3.06145883 -8.62397385
v -24.55304620 5.65685987 -8.87396049
v -21.95765206 7.39103937 -9.12394714
v -18.89618584 8.00000000 -9.37397575
v -15.83471582 7.39103937 -9.62396145
v -13.23932550 5.65685987 -9.87394810
v -11.50514314 3.06145883 -10.12397671
v -10.89617630 0.00000214 -10.37396336
v -11.50514314 -3.06145978 -10.62395000
v -13.23932550 -5.65685797 -10.87397861
v -15.83471582 -7.39103794 -11.12396431
v -18.89618584 -8.00000095 -11.37395096
v -21.95765206 -7.39103794 -11.62397957
v -24.55304620 -5.65685797 -11.87396622
v -26.89619348 0.00000214 -8.37394524
v -24.43944832 -2.29609823 -10.12397671
v -24.43944832 2.29609728 -6.62395620
v -23.13882348 4.24264193 -6.87398434
v -21.19227882 5.54327965 -7.12397099
v -18.89618584 6.00000048 -7.37395763
v -16.60006616 5.54327965 -7.62398577
v -14.65354440 4.24264193 -7.87397242
v -13.35290048 2.29609728 -8.12395859
v -12.89619348 0.00000214 -8.37394524
v -13.35290048 -2.29609823 -8.62397385
v -14.65354440 -4.24263763 -8.87396049
v -16.60006616 -5.54327774 -9.12394714
v -18.89618584 -5.99999905 -9.37397575
v -21.19227882 -5.54327774 -9.62396145
v -23.13882348 -4.24263763 -9.87394810
v -24.89617440 0.00000214 -6.37396955
v -26.28722282 -3.06145978 -8.12395859
v -26.28722282 3.06145883 -4.62398005
v -24.55304620 5.65685987 -4.87396669
v -21.95765206 7.39103937 -5.12395334
v -18.89618584 8.00000000 -5.37398148
v -15.83471582 7.39103937 -5.62396812
v -13.23932550 5.65685987 -5.87395477
v -11.50514314 3.06145883 -6.12398291
v -10.89617630 0.00000214 -6.37396955
v -11.50514314 -3.06145978 -6.62395620
v -13.23932550 -5.65685797 -6.87398434
v -15.83471582 -7.39103794 -7.12397099
v -18.89618584 -8.00000095 -7.37395763
v -21.95765206 -7.39103794 -7.62398577
v -24.55304620 -5.65685797 -7.87397242
v -26.89619348 0.00000214 -4.37395191
v -24.43944832 -2.29609823 -6.12398291
v -24.43944832 2.29609728 -2.62396240
v -23.13882348 4.24264193 -2.87394881
v -21.19227882 5.54327965 -3.12397718
v -18.89618584 6.00000048 -3.37396383
v -16.60006616 5.54327965 -3.62395024
v -14.65354440 4.24264193 -3.87397861
v -13.35290048 2.29609728 -4.12396526
v -12.89619348 0.00000214 -4.37395191
v -13.35290048 -2.29609823 -4.62398005
v -14.65354440 -4.24263763 -4.87396669
v -16.60006616 -5.54327774 -5.12395334
v -18.89618584 -5.99999905 -5.37398148
v -21.19227882 -5.54327774 -5.62396812
v -23.13882348 -4.24263763 -5.87395477
v -24.89617440 0.00000214 -2.37397575
v -26.28722282 -3.06145978 -4.12396526
v -26.28722282 3.06145883 -0.62394458
v -24.55304620 5.65685987 -0.87397295
v -21.95765206 7.39103937 -1.12395954
v -18.89618584 8.00000000 -1.37394607
v -15.83471582 7.39103937 -1.62397444
v -13.23932550 5.65685987 -1.87396097
v -11.50514314 3.06145883 -2.12394738
v -10.89617630 0.00000214 -2.37397575
v -11.50514314 -3.06145978 -2.62396240
v -13.23932550 -5.65685797 -2.87394881
v -15.83471582 -7.39103794 -3.12397718
v -18.89618584 -8.00000095 -3.37396383
v -21.95765206 -7.39103794 -3.62395024
v -24.55304620 -5.65685797 -3.87397861
v -26.89619348 0.00000214 -0.37395808
v -24.43944832 -2.29609823 -2.12394738
v -24.43944832 2.29609728 1.37603128
v -23.13882348 4.24264193 1.12604475
v -21.19227882 5.54327965 0.87601644
v -18.89618584 6.00000048 0.62602991
v -16.60006616 5.54327965 0.37604335
v -14.65354440 4.24264193 0.12601501
v -13.35290048 2.29609728 -0.12397154
v -12.89619348 0.00000214 -0.37395808
v -13.35290048 -2.29609823 -0.62394458
v -14.65354440 -4.24263763 -0.87397295
v -16.60006616 -5.54327774 -1.12395954
v -18.89618584 -5.99999905 -1.37394607
v -21.19227882 -5.54327774 -1.62397444
v -23.13882348 -4.24263763 -1.87396097
v -24.89617440 0.00000214 1.62601793
v -26.28722282 -3.06145978 -0.12397154
v -26.28722282 3.06145883 3.37604904
v -24.55304620 5.65685987 3.12602067
v -21.95765206 7.39103937 2.87603426
v -18.89618584 8.00000000 2.62604761
v -15.83471582 7.39103937 2.37601924
v -13.23932550 5.65685987 2.12603283
v -11.50514314 3.06145883 1.87604618
v -10.89617630 0.00000214 1.62601793
v -11.50514314 -3.06145978 1.37603128
v -13.23932550 -5.65685797 1.12604475
v -15.83471582 -7.39103794 0.87601644
v -18.89618584 -8.00000095 0.62602991
v -21.95765206 -7.39103794 0.37604335
v -24.55304620 -5.65685797 0.12601501
v -26.89619348 0.00000214 3.62603569
v -24.43944832 -2.29609823 1.87604618
v -24.43944832 2.29609728 5.37602520
v -23.13882348 4.24264193 5.12603855
v -21.19227882 5.54327965 4.87605190
v -18.89618584 6.00000048 4.62602377
v -16.60006616 5.54327965 4.37603712
v -14.65354440 4.24264193 4.12605047
v -13.35290048 2.29609728 3.87602210
v -12.89619348 0.00000214 3.62603569
v -13.35290048 -2.29609823 3.37604904
v -14.65354440 -4.24263763 3.12602067
v -16.60006616 -5.54327774 2.87603426
v -18.89618584 -5.99999905 2.62604761
v -21.19227882 -5.54327774 2.37601924
v -23.13882348 -4.24263763 2.12603283
v -24.89617440 0.00000214 5.62605333
v -26.28722282 -3.06145978 3.87602210
v -26.28722282 3.06145883 7.37604284
v -24.55304620 5.65685987 7.12601423
v -21.95765206 7.39103937 6.87602806
v -18.89618584 8.00000000 6.62604141
v -15.83471582 7.39103937 6.37605476
v -13.23932550 5.65685987 6.12602663
v -11.50514314 3.06145883 5.87603998
v -10.89617630 0.00000214 5.62605333
v -11.50514314 -3.06145978 5.37602520
v -13.23932550 -5.65685797 5.12603855
v -15.83471582 -7.39103794 4.87605190
v -18.89618584 -8.00000095 4.62602377
v -21.95765206 -7.39103794 4.37603712
v -24.55304620 -5.65685797 4.12605047
v -26.89619348 0.00000214 7.62602949
v -24.43944832 -2.29609823 5.87603998
v -24.43944832 2.29609728 9.37601852
v -23.13882348 4.24264193 9.12603188
v -21.19227882 5.54327965 8.87604523
v -18.89618584 6.00000048 8.62601757
v -16.60006616 5.54327965 8.37603092
v -14.65354440 4.24264193 8.12604427
v -13.35290048 2.29609728 7.87601566
v -12.89619348 0.00000214 7.62602949
v -13.35290048 -2.29609823 7.37604284
v -14.65354440 -4.24263763 7.12601423
v -16.60006616 -5.54327774 6.87602806
v -18.89618584 -5.99999905 6.62604141
v -21.19227882 -5.54327774 6.37605476
v -23.13882348 -4.24263763 6.12602663
v -24.89617440 0.00000214 9.62604713
v -26.28722282 -3.06145978 7.87601566
v -26.28722282 3.06145883 11.37603664
v -24.55304620 5.65685987 11.12605000
v -21.95765206 7.39103937 10.87602139
v -18.89618584 8.00000000 10.62603474
v -15.83471582 7.39103937 10.37604809
v -13.23932550 5.65685987 10.12602043
v -11.50514314 3.06145883 9.87603378
v -10.89617630 0.00000214 9.62604713
v -11.50514314 -3.06145978 9.37601852
v -13.23932550 -5.65685797 9.12603188
v -15.83471582 -7.39103794 8.87604523
v -18.89618584 -8.00000095 8.62601757
v -21.95765206 -7.39103794 8.37603092
v -24.55304620 -5.65685797 8.12604427
v -26.89619348 0.00000214 11.62602329
v -24.43944832 -2.29609823 9.87603378
v -24.43944832 2.29609728 13.37605381
v -23.13882348 4.24264193 13.12602615
v -21.19227882 5.54327965 12.87603951
v -18.89618584 6.00000048 12.62605286
v -16.60006616 5.54327965 12.37602425
v -14.65354440 4.24264193 12.12603760
v -13.35290048 2.29609728 11.87605095
v -12.89619348 0.00000214 11.62602329
v -13.35290048 -2.29609823 11.37603664
v -14.65354440 -4.24263763 11.12605000
v -16.60006616 -5.54327774 10.87602139
v -18.89618584 -5.99999905 10.62603474
v -21.19227882 -5.54327774 10.37604809
v -23.13882348 -4.24263763 10.12602043
v -24.89617440 0.00000214 13.62604046
v -26.28722282 -3.06145978 11.87605095
v -26.28722282 3.06145883 15.37602997
v -24.55304620 5.65685987 15.12604332
v -21.95765206 7.39103937 14.87601566
v -18.89618584 8.00000000 14.62602901
v -15.83471582 7.39103937 14.37604237
v -13.23932550 5.65685987 14.12601376
v -11.50514314 3.06145883 13.87602711
v -10.89617630 0.00000214 13.62604046
v -11.50514314 -3.06145978 13.37605381
v -13.23932550 -5.65685797 13.12602615
v -15.83471582 -7.39103794 12.87603951
v -18.89618584 -8.00000095 12.62605286
v -21.95765206 -7.39103794 12.37602425
v -24.55304620 -5.65685797 12.12603760
v -26.89619348 0.00000214 15.62601662
v -24.43944832 -2.29609823 13.87602711
v -24.43944832 2.29609728 17.37604713
v -23.13882348 4.24264193 17.12602043
v -21.19227882 5.54327965 16.87603378
v -18.89618584 6.00000048 16.62604713
v -16.60006616 5.54327965 16.37601852
v -14.65354440 4.24264193 16.12603188
v -13.35290048 2.29609728 15.87604523
v -12.89619348 0.00000214 15.62601662
v -13.35290048 -2.29609823 15.37602997
v -14.65354440 -4.24263763 15.12604332
v -16.60006616 -5.54327774 14.87601566
v -18.89618584 -5.99999905 14.62602901
v -21.19227882 -5.54327774 14.37604237
v -23.13882348 -4.24263763 14.12601376
v -24.89617440 0.00000214 17.62603378
v -26.28722282 -3.06145978 15.87604523
v -26.28722282 3.06145883 19.37602425
v -24.55304620 5.65685987 19.12603760
v -21.95765206 7.39103937 18.87605095
v -18.89618584 8.00000000 18.62602234
v -15.83471582 7.39103937 18.37603569
v -13.23932550 5.65685987 18.12604904
v -11.50514314 3.06145883 17.87602043
v -10.89617630 0.00000214 17.62603378
v -11.50514314 -3.06145978 17.37604713
v -13.23932550 -5.65685797 17.12602043
v -15.83471582 -7.39103794 16.87603378
v -18.89618584 -8.00000095 16.62604713
v -21.95765206 -7.39103794 16.37601852
v -24.55304620 -5.65685797 16.12603188
v -26.89619348 0.00000214 19.62605286
v -24.43944832 -2.29609823 17.87602043
v -24.43944832 2.29609728 21.37604142
v -23.13882348 4.24264193 21.12605476
v -21.19227882 5.54327965 20.87602616
v -18.89618584 6.00000048 20.62603950
v -16.60006616 5.54327965 20.37605286
v -14.65354440 4.24264193 20.12602616
v -13.35290048 2.29609728 19.87603951
v -12.89619348 0.00000214 19.62605286
v -13.35290048 -2.29609823 19.37602425
v -14.65354440 -4.24263763 19.12603760
v -16.60006616 -5.54327774 18.87605095
v -18.89618584 -5.99999905 18.62602234
v -21.19227882 -5.54327774 18.37603569
v -23.13882348 -4.24263763 18.12604904
v -24.89617440 0.00000214 21.62602806
v -26.28722282 -3.06145978 19.87603951
v -26.28722282 3.06145883 23.37601852
v -24.55304620 5.65685987 23.12603188
v -21.95765206 7.39103937 22.87604522
v -18.89618584 8.00000000 22.62601662
v -15.83471582 7.39103937 22.37602996
v -13.23932550 5.65685987 22.12604332
v -11.50514314 3.06145883 21.87601470
v -10.89617630 0.00000214 21.62602806
v -11.50514314 -3.06145978 21.37604142
v -13.23932550 -5.65685797 21.12605476
v -15.83471582 -7.39103794 20.87602616
v -18.89618584 -8.00000095 20.62603950
v -21.95765206 -7.39103794 20.37605286
v -24.55304620 -5.65685797 20.12602616
v -26.89619348 0.00000214 23.62604522
v -24.43944832 -2.29609823 21.87601470
v -24.43944832 2.29609728 25.37603570
v -23.13882348 4.24264193 25.12604904
v -21.19227882 5.54327965 24.87602044
v -18.89618584 6.00000048 24.62603378
v -16.60006616 5.54327965 24.37604714
v -14.65354440 4.24264193 24.12601852
v -13.35290048 2.29609728 23.87603188
v -12.89619348 0.00000214 23.62604522
v -13.35290048 -2.29609823 23.37601852
v -14.65354440 -4.24263763 23.12603188
v -16.60006616 -5.54327774 22.87604522
v -18.89618584 -5.99999905 22.62601662
v -21.19227882 -5.54327774 22.37602996
v -23.13882348 -4.24263763 22.12604332
v -24.89617440 0.00000214 25.62602234
v -26.28722282 -3.06145978 23.87603188
v -26.28722282 3.06145883 27.37605286
v -24.55304620 5.65685987 27.12602424
v -21.95765206 7.39103937 26.87603760
v -18.89618584 8.00000000 26.62605094
v -15.83471582 7.39103937 26.37602424
v -13.23932550 5.65685987 26.12603760
v -11.50514314 3.06145883 25.87605094
v -10.89617630 0.00000214 25.62602234
v -11.50514314 -3.06145978 25.37603570
v -13.23932550 -5.65685797 25.12604904
v -15.83471582 -7.39103794 24.87602044
v -18.89618584 -8.00000095 24.62603378
v -21.95765206 -7.39103794 24.37604714
v -24.55304620 -5.65685797 24.12601852
v -26.89619348 0.00000214 27.62603950
v -24.43944832 -2.29609823 25.87605094
v -24.43944832 2.29609728 29.37602996
v -23.13882348 4.24264193 29.12604332
v -21.19227882 5.54327965 28.87601470
v -18.89618584 6.00000048 28.62602806
v -16.60006616 5.54327965 28.37604142
v -14.65354440 4.24264193 28.12605476
v -13.35290048 2.29609728 27.87602616
v -12.89619348 0.00000214 27.62603950
v -13.35290048 -2.29609823 27.37605286
v -14.65354440 -4.24263763 27.12602424
v -16.60006616 -5.54327774 26.87603760
v -18.89618584 -5.99999905 26.62605094
v -21.19227882 -5.54327774 26.37602424
v -23.13882348 -4.24263763 26.12603760
v -24.89617440 0.00000214 29.62601470
v -26.28722282 -3.06145978 27.87602616
v -26.28722282 3.06145883 31.37604714
v -24.55304620 5.65685987 31.12601852
v -21.95765206 7.39103937 30.87603188
v -18.89618584 8.00000000 30.62604522
v -15.83471582 7.39103937 30.37601662
v -13.23932550 5.65685987 30.12602996
v -11.50514314 3.06145883 29.87604332
v -10.89617630 0.00000214 29.62601470
v -11.50514314 -3.06145978 29.37602996
v -13.23932550 -5.65685797 29.12604332
v -15.83471582 -7.39103794 28.87601470
v -18.89618584 -8.00000095 28.62602806
v -21.95765206 -7.39103794 28.37604142
v -24.55304620 -5.65685797 28.12605476
v -26.89619348 0.00000214 31.62603378
v -24.43944832 -2.29609823 29.87604332
v -24.43944832 2.29609728 33.37602234
v -23.13882348 4.24264193 33.12603760
v -21.19227882 5.54327965 32.87604904
v -18.89618584 6.00000048 32.62602234
v -16.60006616 5.54327965 32.37603378
v -14.65354440 4.24264193 32.12604904
v -13.35290048 2.29609728 31.87602044
v -12.89619348 0.00000214 31.62603378
v -13.35290048 -2.29609823 31.37604714
v -14.65354440 -4.24263763 31.12601852
v -16.60006616 -5.54327774 30.87603188
v -18.89618584 -5.99999905 30.62604522
v -21.19227882 -5.54327774 30.37601662
v -23.13882348 -4.24263763 30.12602996
v -24.89617440 0.00000214 33.62605286
v -26.28722282 -3.06145978 31.87602044
v -26.28722282 3.06145883 35.37604142
v -24.55304620 5.65685987 35.12605286
v -21.95765206 7.39103937 34.87602616
v -18.89618584 8.00000000 34.62603760
v -15.83471582 7.39103937 34.37605286
v -13.23932550 5.65685987 34.12602234
v -11.50514314 3.06145883 33.87603760
v -10.89617630 0.00000214 33.62605286
v -11.50514314 -3.06145978 33.37602234
v -13.23932550 -5.65685797 33.12603760
v -15.83471582 -7.39103794 32.87604904
v -18.89618584 -8.00000095 32.62602234
v -21.95765206 -7.39103794 32.37603378
v -24.55304620 -5.65685797 32.12604904
v -26.89619348 0.00000214 35.62602616
v -24.43944832 -2.29609823 33.87603760
v -24.43944832 2.29609728 37.37601470
v -23.13882348 4.24264193 37.12602996
v -21.19227882 5.54327965 36.87604522
v -18.89618584 6.00000048 36.62601470
v -16.60006616 5.54327965 36.37602996
v -14.65354440 4.24264193 36.12604142
v -13.35290048 2.29609728 35.87601470
v -12.89619348 0.00000214 35.62602616
v -13.35290048 -2.29609823 35.37604142
v -14.65354440 -4.24263763 35.12605286
v -16.60006616 -5.54327774 34.87602616
v -18.89618584 -5.99999905 34.62603760
v -21.19227882 -5.54327774 34.37605286
v -23.13882348 -4.24263763 34.12602234
v -24.89617440 0.00000214 37.62604522
v -26.28722282 -3.06145978 35.87601470
v -26.28722282 3.06145883 39.37603378
v -24.55304620 5.65685987 39.12604904
v -21.95765206 7.39103937 38.87601852
v -18.89618584 8.00000000 38.62603378
v -15.83471582 7.39103937 38.37604522
v -13.23932550 5.65685987 38.12601852
v -11.50514314 3.06145883 37.87602996
v -10.89617630 0.00000214 37.62604522
v -11.50514314 -3.06145978 37.37601470
v -13.23932550 -5.65685797 37.12602996
v -15.83471582 -7.39103794 36.87604522
v -18.89618584 -8.00000095 36.62601470
v -21.95765206 -7.39103794 36.37602996
v -24.55304620 -5.65685797 36.12604142
v -26.89619348 0.00000214 39.62602234
v -24.43944832 -2.29609823 37.87602996
v -24.43944832 2.29609728 41.37605286
v -23.13882348 4.24264193 41.12602234
v -21.19227882 5.54327965 40.87603760
v -18.89618584 6.00000048 40.62604904
v -16.60006616 5.54327965 40.37602234
v -14.65354440 4.24264193 40.12603760
v -13.35290048 2.29609728 39.87604904
v -12.89619348 0.00000214 39.62602234
v -13.35290048 -2.29609823 39.37603378
v -14.65354440 -4.24263763 39.12604904
v -16.60006616 -5.54327774 38.87601852
v -18.89618584 -5.99999905 38.62603378
v -21.19227882 -5.54327774 38.37604522
v -23.13882348 -4.24263763 38.12601852
v -24.89617440 0.00000214 41.62603760
v -26.28722282 -3.06145978 39.87604904
v -26.28722282 3.06145883 43.37602616
v -24.55304620 5.65685987 43.12604142
v -21.95765206 7.39103937 42.87601470
v -18.89618584 8.00000000 42.62602616
v -15.83471582 7.39103937 42.37604142
v -13.23932550 5.65685987 42.12605286
v -11.50514314 3.06145883 41.87602616
v -10.89617630 0.00000214 41.62603760
v -11.50514314 -3.06145978 41.37605286
v -13.23932550 -5.65685797 41.12602234
v -15.83471582 -7.39103794 40.87603760
v -18.89618584 -8.00000095 40.62604904
v -21.95765206 -7.39103794 40.37602234
v -24.55304620 -5.65685797 40.12603760
v -26.89619348 0.00000214 43.62601470
v -24.43944832 -2.29609823 41.87602616
v -24.43944832 2.29609728 45.37604522
v -23.13882348 4.24264193 45.12601852
v -21.19227882 5.54327965 44.87602996
v -18.89618584 6.00000048 44.62604522
v -16.60006616 5.54327965 44.37601470
v -14.65354440 4.24264193 44.12602996
v -13.35290048 2.29609728 43.87604142
v -12.89619348 0.00000214 43.62601470
v -13.35290048 -2.29609823 43.37602616
v -14.65354440 -4.24263763 43.12604142
v -16.60006616 -5.54327774 42.87601470
v -18.89618584 -5.99999905 42.62602616
v -21.19227882 -5.54327774 42.37604142
v -23.13882348 -4.24263763 42.12605286
v -24.89617440 0.00000214 45.62603378
v -26.28722282 -3.06145978 43.87604142
v -26.28722282 3.06145883 47.37602234
v -24.55304620 5.65685987 47.12603378
v -21.95765206 7.39103937 46.87604904
v -18.89618584 8.00000000 46.62601852
v -15.83471582 7.39103937 46.37603378
v -13.23932550 5.65685987 46.12604904
v -11.50514314 3.06145883 45.87601852
v -10.89617630 0.00000214 45.62603378
v -11.50514314 -3.06145978 45.37604522
v -13.23932550 -5.65685797 45.12601852
v -15.83471582 -7.39103794 44.87602996
v -18.89618584 -8.00000095 44.62604522
v -21.95765206 -7.39103794 44.37601470
v -24.55304620 -5.65685797 44.12602996
v -26.89619348 0.00000214 47.62604904
v -24.43944832 -2.29609823 45.87601852
v -24.43944832 2.29609728 49.37603760
v -23.13882348 4.24264193 49.12605286
v -21.19227882 5.54327965 48.87602616
v -18.89618584 6.00000048 48.62603760
v -16.60006616 5.54327965 48.37605286
v -14.65354440 4.24264193 48.12602234
v -13.35290048 2.29609728 47.87603760
v -12.89619348 0.00000214 47.62604904
v -13.35290048 -2.29609823 47.37602234
v -14.65354440 -4.24263763 47.12603378
v -16.60006616 -5.54327774 46.87604904
v -18.89618584 -5.99999905 46.62601852
v -21.19227882 -5.54327774 46.37603378
v -23.13882348 -4.24263763 46.12604904
v -24.89617440 0.00000214 49.62602616
v -26.28722282 -3.06145978 47.87603760
v -26.28722282 3.06145883 51.37601470
v -24.55304620 5.65685987 51.12602996
v -21.95765206 7.39103937 50.87604142
v -18.89618584 8.00000000 50.62601470
v -15.83471582 7.39103937 50.37602616
v -13.23932550 5.65685987 50.12604142
v -11.50514314 3.06145883 49.87605286
v -10.89617630 0.00000214 49.62602616
v -11.50514314 -3.06145978 49.37603760
v -13.23932550 -5.65685797 49.12605286
v -15.83471582 -7.39103794 48.87602616
v -18.89618584 -8.00000095 48.62603760
v -21.95765206 -7.39103794 48.37605286
v -24.55304620 -5.65685797 48.12602234
v -26.89619348 0.00000214 51.62604522
v -24.43944832 -2.29609823 49.87605286
v -24.43944832 2.29609728 53.37603378
v -23.13882348 4.24264193 53.12604522
v -21.19227882 5.54327965 52.87601852
v -18.89618584 6.00000048 52.62602996
v -16.60006616 5.54327965 52.37604522
v -14.65354440 4.24264193 52.12601852
v -13.35290048 2.29609728 51.87602996
v -12.89619348 0.00000214 51.62604522
v -13.35290048 -2.29609823 51.37601470
v -14.65354440 -4.24263763 51.12602996
v -16.60006616 -5.54327774 50.87604142
v -18.89618584 -5.99999905 50.62601470
v -21.19227882 -5.54327774 50.37602616
v -23.13882348 -4.24263763 50.12604142
v -24.89617440 0.00000214 53.62601852
v -26.28722282 -3.06145978 51.87602996
v -26.28722282 3.06145883 55.37604904
v -24.55304620 5.65685987 55.12602234
v -21.95765206 7.39103937 54.87603760
v -18.89618584 8.00000000 54.62604904
v -15.83471582 7.39103937 54.37602234
v -13.23932550 5.65685987 54.12603378
v -11.50514314 3.06145883 53.87604904
v -10.89617630 0.00000214 53.62601852
v -11.50514314 -3.06145978 53.37603378
v -13.23932550 -5.65685797 53.12604522
v -15.83471582 -7.39103794 52.87601852
v -18.89618584 -8.00000095 52.62602996
v -21.95765206 -7.39103794 52.37604522
v -24.55304620 -5.65685797 52.12601852
v -26.89619348 0.00000214 55.62603760
v -24.43944832 -2.29609823 53.87604904
v -24.43944832 2.29609728 57.37602616
v -23.13882348 4.24264193 57.12604142
v -21.19227882 5.54327965 56.87601090
v -18.89618584 6.00000048 56.62602616
v -16.60006616 5.54327965 56.37603760
v -14.65354440 4.24264193 56.12605286
v -13.35290048 2.29609728 55.87602234
v -12.89619348 0.00000214 55.62603760
v -13.35290048 -2.29609823 55.37604904
v -14.65354440 -4.24263763 55.12602234
v -16.60006616 -5.54327774 54.87603760
v -18.89618584 -5.99999905 54.62604904
v -21.19227882 -5.54327774 54.37602234
v -23.13882348 -4.24263763 54.12603378
v -24.89617440 0.00000214 57.62601470
v -26.28722282 -3.06145978 55.87602234
v -26.28722282 3.06145883 59.37604522
v -24.55304620 5.65685987 59.12601470
v -21.95765206 7.39103937 58.87602996
v -18.89618584 8.00000000 58.62604142
v -15.83471582 7.39103937 58.37601470
v -13.23932550 5.65685987 58.12602996
v -11.50514314 3.06145883 57.87604142
v -10.89617630 0.00000214 57.62601470
v -11.50514314 -3.06145978 57.37602616
v -13.23932550 -5.65685797 57.12604142
v -15.83471582 -7.39103794 56.87601090
v -18.89618584 -8.00000095 56.62602616
v -21.95765206 -7.39103794 56.37603760
v -24.55304620 -5.65685797 56.12605286
v -26.89619348 0.00000214 59.62602996
v -24.43944832 -2.29609823 57.87604142
v -24.43944832 2.29609728 61.37602234
v -23.13882348 4.24264193 61.12603378
v -21.19227882 5.54327965 60.87604904
v -18.89618584 6.00000048 60.62601852
v -16.60006616 5.54327965 60.37603378
v -14.65354440 4.24264193 60.12604522
v -13.35290048 2.29609728 59.87601852
v -12.89619348 0.00000214 59.62602996
v -13.35290048 -2.29609823 59.37604522
v -14.65354440 -4.24263763 59.12601470
v -16.60006616 -5.54327774 58.87602996
v -18.89618584 -5.99999905 58.62604142
v -21.19227882 -5.54327774 58.37601470
v -23.13882348 -4.24263763 58.12602996
v -24.89617440 0.00000214 61.62604904
v -26.28722282 -3.06145978 59.87601852
v -26.28722282 3.06145883 63.37603760
v -24.55304620 5.65685987 63.12605286
v -21.95765206 7.39103937 62.87602234
v -18.89618584 8.00000000 62.62603760
v -15.83471582 7.39103937 62.37604904
v -13.23932550 5.65685987 62.12602234
v -11.50514314 3.06145883 61.87603378
v -10.89617630 0.00000214 61.62604904
v -11.50514314 -3.06145978 61.37602234
v -13.23932550 -5.65685797 61.12603378
v -15.83471582 -7.39103794 60.87604904
v -18.89618584 -8.00000095 60.62601852
v -21.95765206 -7.39103794 60.37603378
v -24.55304620 -5.65685797 60.12604522
v -26.89619348 0.00000214 63.62602616
v -24.43944832 -2.29609823 61.87603378
v -24.43944832 2.29609728 65.37601470
v -23.13882348 4.24264193 65.12602996
v -21.19227882 5.54327965 64.87603760
v -18.89618584 6.00000048 64.62601470
v -16.60006616 5.54327965 64.37602996
v -14.65354440 4.24264193 64.12603760
v -13.35290048 2.29609728 63.87601090
v -12.89619348 0.00000214 63.62602616
v -13.35290048 -2.29609823 63.37603760
v -14.65354440 -4.24263763 63.12605286
v -16.60006616 -5.54327774 62.87602234
v -18.89618584 -5.99999905 62.62603760
v -21.19227882 -5.54327774 62.37604904
v -23.13882348 -4.24263763 62.12602234
v -24.89617440 0.00000214 65.62604522
v -26.28722282 -3.06145978 63.87601090
v -26.28722282 3.06145883 67.37602996
v -24.55304620 5.65685987 67.12604522
v -21.95765206 7.39103937 66.87601470
v -18.89618584 8.00000000 66.62602996
v -15.83471582 7.39103937 66.37604522
v -13.23932550 5.65685987 66.12601470
v -11.50514314 3.06145883 65.87602996
v -10.89617630 0.00000214 65.62604522
v -11.50514314 -3.06145978 65.37601470
v -13.23932550 -5.65685797 65.12602996
v -15.83471582 -7.39103794 64.87603760
v -18.89618584 -8.00000095 64.62601470
v -21.95765206 -7.39103794 64.37602996
v -24.55304620 -5.65685797 64.12603760
v -26.89619348 0.00000214 67.62602234
v -24.43944832 -2.29609823 65.87602996
v -24.43944832 2.29609728 69.37605286
v -23.13882348 4.24264193 69.12602234
v -21.19227882 5.54327965 68.87603760
v -18.89618584 6.00000048 68.62604522
v -16.60006616 5.54327965 68.37602234
v -14.65354440 4.24264193 68.12602996
v -13.35290048 2.29609728 67.87604522
v -12.89619348 0.00000214 67.62602234
v -13.35290048 -2.29609823 67.37602996
v -14.65354440 -4.24263763 67.12604522
v -16.60006616 -5.54327774 66.87601470
v -18.89618584 -5.99999905 66.62602996
v -21.19227882 -5.54327774 66.37604522
v -23.13882348 -4.24263763 66.12601470
v -24.89617440 0.00000214 69.62603760
v -26.28722282 -3.06145978 67.87604522
v -26.28722282 3.06145883 71.37602234
v -24.55304620 5.65685987 71.12603760
v -21.95765206 7.39103937 70.87605286
v -18.89618584 8.00000000 70.62602234
v -15.83471582 7.39103937 70.37603760
v -13.23932550 5.65685987 70.12605286
v -11.50514314 3.06145883 69.87602234
v -10.89617630 0.00000214 69.62603760
v -11.50514314 -3.06145978 69.37605286
v -13.23932550 -5.65685797 69.12602234
v -15.83471582 -7.39103794 68.87603760
v -18.89618584 -8.00000095 68.62604522
v -21.95765206 -7.39103794 68.37602234
v -24.55304620 -5.65685797 68.12602996
v -26.89619348 0.00000214 71.62601470
v -24.43944832 -2.29609823 69.87602234
v -24.43944832 2.29609728 73.37604522
v -23.13882348 4.24264193 73.12601470
v -21.19227882 5.54327965 72.87602996
v -18.89618584 6.00000048 72.62604522
v -16.60006616 5.54327965 72.37601470
v -14.65354440 4.24264193 72.12602996
v -13.35290048 2.29609728 71.87603760
v -12.89619348 0.00000214 71.62601470
v -13.35290048 -2.29609823 71.37602234
v -14.65354440 -4.24263763 71.12603760
v -16.60006616 -5.54327774 70.87605286
v -18.89618584 -5.99999905 70.62602234
v -21.19227882 -5.54327774 70.37603760
v -23.13882348 -4.24263763 70.12605286
v -24.89617440 0.00000214 73.62602996
v -26.28722282 -3.06145978 71.87603760
v -26.28722282 3.06145883 75.37602996
v -24.55304620 5.65685987 75.12604522
v -21.95765206 7.39103937 74.87606048
v -18.89618584 8.00000000 74.62602996
v -15.83471582 7.39103937 74.37604522
v -13.23932550 5.65685987 74.12605286
v -11.50514314 3.06145883 73.87601470
v -10.89617630 0.00000214 73.62602996
v -11.50514314 -3.06145978 73.37604522
v -13.23932550 -5.65685797 73.12601470
v -15.83471582 -7.39103794 72.87602996
v -18.89618584 -8.00000095 72.62604522
v -21.95765206 -7.39103794 72.37601470
v -24.55304620 -5.65685797 72.12602996
v -26.89619348 0.00000214 75.62606048
v -24.43944832 -2.29609823 73.87601470
v -24.43944832 2.29609728 77.37604522
v -23.13882348 4.24264193 77.12606048
v -21.19227882 5.54327965 76.87602996
v -18.89618584 6.00000048 76.62604522
v -16.60006616 5.54327965 76.37606048
v -14.65354440 4.24264193 76.12602996
v -13.35290048 2.29609728 75.87604522
v -12.89619348 0.00000214 75.62606048
v -13.35290048 -2.29609823 75.37602996
v -14.65354440 -4.24263763 75.12604522
v -16.60006616 -5.54327774 74.87606048
v -18.89618584 -5.99999905 74.62602996
v -21.19227882 -5.54327774 74.37604522
v -23.13882348 -4.24263763 74.12605286
v -24.89617440 0.00000214 77.62603760
v -26.28722282 -3.06145978 75.87604522
v -26.28722282 3.06145883 79.37602234
v -24.55304620 5.65685987 79.12603760
v -21.95765206 7.39103937 78.87605286
v -18.89618584 8.00000000 78.62602234
v -15.83471582 7.39103937 78.37603760
v -13.23932550 5.65685987 78.12605286
v -11.50514314 3.06145883 77.87606048
v -10.89617630 0.00000214 77.62603760
v -11.50514314 -3.06145978 77.37604522
v -13.23932550 -5.65685797 77.12606048
v -15.83471582 -7.39103794 76.87602996
v -18.89618584 -8.00000095 76.62604522
v -21.95765206 -7.39103794 76.37606048
v -24.55304620 -5.65685797 76.12602996
v -26.89619348 0.00000214 79.62605286
v -24.43944832 -2.29609823 77.87606048
v -24.43944832 2.29609728 81.37603760
v -23.13882348 4.24264193 81.12605286
v -21.19227882 5.54327965 80.87602996
v -18.89618584 6.00000048 80.62603760
v -16.60006616 5.54327965 80.37605286
v -14.65354440 4.24264193 80.12602234
v -13.35290048 2.29609728 79.87603760
v -12.89619348 0.00000214 79.62605286
v -13.35290048 -2.29609823 79.37602234
v -14.65354440 -4.24263763 79.12603760
v -16.60006616 -5.54327774 78.87605286
v -18.89618584 -5.99999905 78.62602234
v -21.19227882 -5.54327774 78.37603760
v -23.13882348 -4.24263763 78.12605286
v -24.89617440 0.00000214 81.62602996
v -26.28722282 -3.06145978 79.87603760
v -26.28722282 3.06145883 83.37606048
v -24.55304620 5.65685987 83.12602996
v -21.95765206 7.39103937 82.87604522
v -18.89618584 8.00000000 82.62606048
v -15.83471582 7.39103937 82.37602996
v -13.23932550 5.65685987 82.12604522
v -11.50514314 3.06145883 81.87605286
v -10.89617630 0.00000214 81.62602996
v -11.50514314 -3.06145978 81.37603760
v -13.23932550 -5.65685797 81.12605286
v -15.83471582 -7.39103794 80.87602996
v -18.89618584 -8.00000095 80.62603760
v -21.95765206 -7.39103794 80.37605286
v -24.55304620 -5.65685797 80.12602234
v -26.89619348 0.00000214 83.62604522
v -24.43944832 -2.29609823 81.87605286
v -24.43944832 2.29609728 85.37603760
v -23.13882348 4.24264193 85.12600708
v -21.19227882 5.54327965 84.87606048
v -18.89618584 6.00000048 84.62602996
v -16.60006616 5.54327965 84.37604522
v -14.65354440 4.24264193 84.12606048
v -13.35290048 2.29609728 83.87602996
v -12.89619348 0.00000214 83.62604522
v -13.35290048 -2.29609823 83.37606048
v -14.65354440 -4.24263763 83.12602996
v -16.60006616 -5.54327774 82.87604522
v -18.89618584 -5.99999905 82.62606048
v -21.19227882 -5.54327774 82.37602996
v -23.13882348 -4.24263763 82.12604522
v -24.89617440 0.00000214 85.62606048
v -26.28722282 -3.06145978 83.87602996
v -26.28722282 3.06145883 87.37601470
v -24.55304620 5.65685987 87.12602234
v -21.95765206 7.39103937 86.87603760
v -18.89618584 8.00000000 86.62600708
v -15.83471582 7.39103937 86.37602234
v -13.23932550 5.65685987 86.12603760
v -11.50514314 3.06145883 85.87600708
v -10.89617630 0.00000214 85.62606048
v -11.50514314 -3.06145978 85.37603760
v -13.23932550 -5.65685797 85.12600708
v -15.83471582 -7.39103794 84.87606048
v -18.89618584 -8.00000095 84.62602996
v -21.95765206 -7.39103794 84.37604522
v -24.55304620 -5.65685797 84.12606048
v -26.89619348 0.00000214 87.62603760
v -24.43944832 -2.29609823 85.87600708
v -24.43944832 2.29609728 89.37602996
v -23.13882348 4.24264193 89.12604522
v -21.19227882 5.54327965 88.87601470
v -18.89618584 6.00000048 88.62602996
v -16.60006616 5.54327965 88.37603760
v -14.65354440 4.24264193 88.12601470
v -13.35290048 2.29609728 87.87602234
v -12.89619348 0.00000214 87.62603760
v -13.35290048 -2.29609823 87.37601470
v -14.65354440 -4.24263763 87.12602234
v -16.60006616 -5.54327774 86.87603760
v -18.89618584 -5.99999905 86.62600708
v -21.19227882 -5.54327774 86.37602234
v -23.13882348 -4.24263763 86.12603760
v -24.89617440 0.00000214 89.62601470
v -26.28722282 -3.06145978 87.87602234
v -26.28722282 3.06145883 91.37604522
v -24.55304620 5.65685987 91.12601470
v -21.95765206 7.39103937 90.87602996
v -18.89618584 8.00000000 90.62604522
v -15.83471582 7.39103937 90.37601470
v -13.23932550 5.65685987 90.12602996
v -11.50514314 3.06145883 89.87604522
v -10.89617630 0.00000214 89.62601470
v -11.50514314 -3.06145978 89.37602996
v -13.23932550 -5.65685797 89.12604522
v -15.83471582 -7.39103794 88.87601470
v -18.89618584 -8.00000095 88.62602996
v -21.95765206 -7.39103794 88.37603760
v -24.55304620 -5.65685797 88.12601470
v -26.89619348 0.00000214 91.62602996
v -24.43944832 -2.29609823 89.87604522
v -24.43944832 2.29609728 93.37602234
v -23.13882348 4.24264193 93.12603760
v -21.19227882 5.54327965 92.87605286
v -18.89618584 6.00000048 92.62602234
v -16.60006616 5.54327965 92.37603760
v -14.65354440 4.24264193 92.12604522
v -13.35290048 2.29609728 91.87602234
v -12.89619348 0.00000214 91.62602996
v -13.35290048 -2.29609823 91.37604522
v -14.65354440 -4.24263763 91.12601470
v -16.60006616 -5.54327774 90.87602996
v -18.89618584 -5.99999905 90.62604522
v -21.19227882 -5.54327774 90.37601470
v -23.13882348 -4.24263763 90.12602996
v -24.89617440 0.00000214 93.62605286
v -26.28722282 -3.06145978 91.87602234
v -26.28722282 3.06145883 95.37603760
v -24.55304620 5.65685987 95.12605286
v -21.95765206 7.39103937 94.87602234
v -18.89618584 8.00000000 94.62603760
v -15.83471582 7.39103937 94.37605286
v -13.23932550 5.65685987 94.12602234
v -11.50514314 3.06145883 93.87603760
v -10.89617630 0.00000214 93.62605286
v -11.50514314 -3.06145978 93.37602234
v -13.23932550 -5.65685797 93.12603760
v -15.83471582 -7.39103794 92.87605286
v -18.89618584 -8.00000095 92.62602234
v -21.95765206 -7.39103794 92.37603760
v -24.55304620 -5.65685797 92.12604522
v -26.89619348 0.00000214 95.62602996
v -24.43944832 -2.29609823 93.87603760
v -24.43944832 2.29609728 97.37606048
v -23.13882348 4.24264193 97.12602996
v -21.19227882 5.54327965 96.87604522
v -18.89618584 6.00000048 96.62605286
v -16.60006616 5.54327965 96.37602996
v -14.65354440 4.24264193 96.12604522
v -13.35290048 2.29609728 95.87605286
v -12.89619348 0.00000214 95.62602996
v -13.35290048 -2.29609823 95.37603760
v -14.65354440 -4.24263763 95.12605286
v -16.60006616 -5.54327774 94.87602234
v -18.89618584 -5.99999905 94.62603760
v -21.19227882 -5.54327774 94.37605286
v -23.13882348 -4.24263763 94.12602234
v -24.89617440 0.00000214 97.62604522
v -26.28722282 -3.06145978 95.87605286
v -25.63806054 1.63278294 98.55944824
v -25.47881600 2.72662044 98.50106048
v -24.50760170 4.31256247 98.42602540
v -24.02270790 5.12651920 98.37604522
v -24.97145744 3.55510068 98.46183014
v -22.35138986 6.34158087 98.29260254
v -21.71847818 6.81362009 98.25102996
v -23.34918114 5.61617994 98.34246064
v -19.50847908 7.34488058 98.15943908
v -18.89618584 7.50000095 98.12606048
v -21.04378030 6.97580051 98.22300720
v -16.44698998 7.11282110 98.02601624
v -15.97821710 7.04457903 98.00104522
v -18.34786126 7.41331911 98.10363770
v -13.68743416 5.64171934 97.89263916
v -13.41609474 5.48007965 97.87602996
v -15.62316796 6.82713985 97.98423004
v -11.71504112 3.14022017 97.75942230
v -11.62062164 3.01363754 97.75106048
v -13.25287530 5.25555897 97.86482238
v -10.89617630 0.00000214 97.62604522
v -11.58820816 2.87870049 97.74545288
v -10.95414444 0.24109046 97.63603974
v -10.92053886 0.12245978 97.63603974
v -11.50514314 -3.06145978 97.37606048
v -13.23932550 -5.65685797 97.12602996
v -15.83471582 -7.39103794 96.87604522
v -18.89618584 -8.00000095 96.62605286
v -21.95765206 -7.39103794 96.37602996
v -24.55304620 -5.65685797 96.12604522
v -25.89618202 0.00000214 98.62602996
v -25.72281930 1.09664714 98.58123780
v -25.58592888 -1.22458470 98.69261932
v -24.43944832 -2.29609823 97.87602996
v -24.43944832 2.29609728 99.62602234
v -23.13882348 4.24264193 99.62602234
v -21.19227882 5.54327965 99.62602234
v -18.89618584 6.00000048 99.62602234
v -16.60006616 5.54327965 99.62602234
v -14.65354440 4.24264193 99.62602234
v -13.35290048 2.29609728 99.62602234
v -12.89619348 0.00000214 99.62602234
v -10.90617272 0.00000214 97.63603974
v -13.35290048 -2.29609823 99.37603760
v -14.65354440 -4.24263763 99.12604522
v -16.60006616 -5.54327774 98.87606048
v -18.89618584 -5.99999905 98.62602996
v -21.19227882 -5.54327774 98.37604522
v -23.13882348 -4.24263763 98.12606048
v -24.89617440 0.00000214 99.62602234
v -25.53979394 -1.41649759 98.70064544
v -25.24785896 -2.63094211 98.75104522
v -24.48533150 -3.65332198 98.81842804
v -24.39816568 -3.77018023 98.82604218
v -24.43944832 -2.29609823 99.62602234
v -21.19227882 -5.54327774 99.62602234
v -23.13882348 -4.24263763 99.62602234
v -18.89618584 -5.99999905 99.62602234
v -16.60006616 -5.54327774 99.62602234
v -14.65354440 -4.24263763 99.62602234
v -13.35290048 -2.29609823 99.62602234
v -13.23742196 -2.34394050 99.50104522
v -13.21117684 -2.16363931 99.51062774
v -13.34535118 -2.52015877 99.49263764
v -14.47675224 -4.41942072 99.37603760
v -14.29025552 -4.10636234 99.39523316
v -14.81101510 -4.66241741 99.35942840
v -16.45656868 -5.88973856 99.25102234
v -16.01841256 -5.56294060 99.27983856
v -17.05930230 -6.03461933 99.22605134
v -18.18970010 -6.32099867 99.16444396
v -18.89618584 -6.49999809 99.12604522
v -19.71258064 -6.37094259 99.09262848
v -20.52994058 -6.25194073 99.04904938
v -21.43145272 -6.12069988 99.00102996
v -22.31253334 -5.58113956 98.95945740
v -23.66916176 -4.77298117 98.87606048
v -22.72996804 -5.33246040 98.93360900
v -24.43944832 2.29609728 89.26219940
v -26.89619348 0.00000214 87.51219178
v -24.89617440 0.00000214 89.51220704
v -26.28722282 -3.06145978 87.76219940
v -24.43944832 -2.29609823 85.76219940
v -24.89617440 0.00000214 85.51221466
v -26.28722282 3.06145883 87.26220704
v -26.28722282 3.06145883 91.26219940
v -23.13882348 4.24264193 89.01219178
v -24.55304620 5.65685987 91.01221466
v -26.89619348 0.00000214 91.51218414
v -24.43944832 -2.29609823 89.76219940
v -24.55304620 -5.65685797 88.01220704
v -23.13882348 -4.24263763 86.01219178
v -24.50760170 -4.31255817 84.71219636
v -24.02270790 -5.12652016 84.76221466
v -25.47881600 -2.72662139 84.63719940
v -24.97145744 -3.55510163 84.67639160
v -25.63806054 -1.63278389 84.57885742
v -25.89618202 0.00000214 84.51218414
v -25.72281930 -1.09664810 84.55698394
v -25.58592888 1.22458374 84.44554138
v -24.43944832 2.29609728 85.26219178
v -24.55304620 5.65685987 87.01219940
v -24.43944832 2.29609728 93.26221466
v -23.13882348 4.24264193 93.01219178
v -21.19227882 5.54327965 88.76220704
v -21.95765206 7.39103937 90.76218414
v -21.19227882 5.54327965 92.76219940
v -24.89617440 0.00000214 93.51220704
v -26.28722282 -3.06145978 91.76221466
v -23.13882348 -4.24263763 90.01220704
v -21.95765206 -7.39103794 88.26219178
v -21.19227882 -5.54327774 86.26219940
v -22.35138986 -6.34158182 84.84552764
v -21.71847818 -6.81362104 84.88718414
v -23.34918114 -5.61617851 84.79577636
v -23.13882348 -4.24263763 83.51219940
v -21.19227882 -5.54327774 83.51219940
v -24.43944832 -2.29609823 83.51219940
v -23.87625786 -3.13898206 83.51219940
v -23.86511132 -3.17334104 83.52219390
v -23.51453682 -3.69798017 83.52219390
v -23.49161430 -3.71464229 83.51219940
v -24.89617440 0.00000214 83.51219940
v -25.53979394 1.41650188 84.43756866
v -25.24785896 2.63094115 84.38721466
v -24.48533150 3.65332103 84.31990052
v -24.39816568 3.77017927 84.31220246
v -23.13882348 4.24264193 85.01219940
v -21.95765206 7.39103937 86.76219178
v -26.28722282 3.06145883 95.26219178
v -24.55304620 5.65685987 95.01220704
v -21.95765206 7.39103937 94.76217652
v -18.89618584 6.00000048 88.51219940
v -18.89618584 8.00000000 90.51219940
v -18.89618584 6.00000048 92.51221466
v -18.89618584 8.00000000 94.51219178
v -26.89619348 0.00000214 95.51217652
v -24.43944832 -2.29609823 93.76219178
v -24.55304620 -5.65685797 92.01219940
v -21.19227882 -5.54327774 90.26221466
v -18.89618584 -8.00000095 88.51219940
v -18.89618584 -5.99999905 86.51220704
v -19.50847908 -7.34487915 84.97886658
v -18.89618584 -7.50000191 85.01219940
v -21.04378030 -6.97580147 84.91519166
v -20.87374016 -5.61663866 83.52219390
v -20.89271066 -5.60286236 83.51219940
v -20.42278572 -5.70634222 83.52219390
v -20.37251564 -5.70634222 83.51219940
v -18.89618584 -5.99999905 83.51219940
v -23.75028130 -3.52671838 83.50220490
v -20.75027368 -5.70634222 83.50220490
v -23.75028130 -3.52671838 83.52219390
v -20.75027368 -5.70634222 83.52219390
v -24.89617440 0.00000214 83.50220490
v -23.75028130 3.52672267 83.50220490
v -23.87625786 3.13898110 83.51219940
v -23.86511132 3.17334008 83.52219390
v -23.75028130 3.52672267 83.52219390
v -24.43944832 2.29609728 83.51219940
v -23.66916176 4.77298021 84.26219940
v -23.49161430 3.71464133 83.51219940
v -23.13882348 4.24264193 83.51219940
v -23.51453682 3.69797921 83.52219390
v -22.72996804 5.33245945 84.20452118
v -22.31253334 5.58114147 84.17886352
v -21.19227882 5.54327965 84.76221466
v -18.89618584 8.00000000 86.51220704
v -24.43944832 2.29609728 97.26221466
v -23.13882348 4.24264193 97.01218414
v -21.19227882 5.54327965 96.76219940
v -18.89618584 6.00000048 96.51220704
v -16.60006616 5.54327965 88.26219178
v -15.83471582 7.39103937 90.26221466
v -16.60006616 5.54327965 92.26218414
v -15.83471582 7.39103937 94.26220704
v -16.60006616 5.54327965 96.26218414
v -24.89617440 0.00000214 97.51219940
v -26.28722282 -3.06145978 95.76220704
v -23.13882348 -4.24263763 94.01217652
v -21.95765206 -7.39103794 92.26218414
v -18.89618584 -5.99999905 90.51219940
v -15.83471582 -7.39103794 88.76220704
v -16.60006616 -5.54327774 86.76219178
v -16.44698998 -7.11281967 85.11220550
v -15.97821710 -7.04458237 85.13721466
v -18.34786126 -7.41332006 85.03457642
v -17.36958214 -5.70634222 83.52219390
v -17.41985222 -5.70634222 83.51219940
v -16.91860482 -5.61663866 83.52219390
v -16.89965722 -5.60286236 83.51219940
v -16.60006616 -5.54327774 83.51219940
v -17.04207132 -5.70634222 83.50220490
v -17.04207132 -5.70634222 83.52219390
v -20.75027368 5.70634127 83.50220490
v -17.04207132 5.70634127 83.50220490
v -14.04206750 3.52672267 83.50220490
v -12.89619348 0.00000214 83.50220490
v -14.04206750 -3.52671838 83.50220490
v -20.89271066 5.60285902 83.51219940
v -20.87374016 5.61664009 83.52219390
v -20.75027368 5.70634127 83.52219390
v -21.19227882 5.54327965 83.51219940
v -21.43145272 6.12069893 84.13720704
v -20.52994058 6.25193977 84.08912658
v -18.89618584 6.00000048 84.51218414
v -19.71258064 6.37093925 84.04554748
v -15.83471582 7.39103937 86.26219940
v -26.28722282 3.06145883 99.26218414
v -24.55304620 5.65685987 99.01219940
v -21.95765206 7.39103937 98.76221466
v -18.89618584 8.00000000 98.51218414
v -15.83471582 7.39103937 98.26219940
v -14.65354440 4.24264193 88.01220704
v -13.23932550 5.65685987 90.01220704
v -14.65354440 4.24264193 92.01219940
v -13.23932550 5.65685987 94.01217652
v -14.65354440 4.24264193 96.01219178
v -13.23932550 5.65685987 98.01221466
v -26.89619348 0.00000214 99.51221466
v -24.43944832 -2.29609823 97.76218414
v -24.55304620 -5.65685797 96.01219178
v -21.19227882 -5.54327774 94.26220704
v -18.89618584 -8.00000095 92.51221466
v -16.60006616 -5.54327774 90.76218414
v -13.23932550 -5.65685797 89.01219178
v -14.65354440 -4.24263763 87.01219940
v -13.68743416 -5.64171743 85.24554444
v -13.41609474 -5.48008060 85.26219178
v -15.62316796 -6.82714081 85.15398406
v -14.65354440 -4.24263763 83.51219940
v -14.30075356 -3.71464229 83.51219940
v -14.04206750 -3.52671838 83.52219390
v -14.27783104 -3.69798017 83.52219390
v -13.91609094 -3.13898206 83.51219940
v -13.92725656 -3.17334104 83.52219390
v -12.89619348 0.00000214 83.51219940
v -13.91609094 3.13898110 83.51219940
v -14.04206750 3.52672267 83.52219390
v -13.92725656 3.17334008 83.52219390
v -14.30075356 3.71464133 83.51219940
v -16.89965722 5.60285902 83.51219940
v -17.04207132 5.70634127 83.52219390
v -14.27783104 3.69797921 83.52219390
v -16.91860482 5.61664009 83.52219390
v -17.41985222 5.70634127 83.51219940
v -20.37251564 5.70634127 83.51219940
v -17.36958214 5.70634127 83.52219390
v -20.42278572 5.70634127 83.52219390
v -18.89618584 6.49999952 84.01221466
v -18.89618584 6.00000048 83.51219940
v -16.60006616 5.54327965 84.26219940
v -18.18970010 6.32100010 83.97373200
v -17.05930230 6.03462076 83.91220856
v -13.23932550 5.65685987 86.01219178
v -24.43944832 2.29609728 101.26220704
v -23.13882348 4.24264193 101.01217652
v -21.19227882 5.54327965 100.76219178
v -18.89618584 6.00000048 100.51220704
v -16.60006616 5.54327965 100.26221466
v -14.65354440 4.24264193 100.01219178
v -13.35290048 2.29609728 87.76219940
v -11.50514314 3.06145883 89.76219940
v -13.35290048 2.29609728 91.76221466
v -11.50514314 3.06145883 93.76219178
v -13.35290048 2.29609728 95.76220704
v -11.50514314 3.06145883 97.76218414
v -13.35290048 2.29609728 99.76219940
v -24.89617440 0.00000214 101.51219178
v -26.28722282 -3.06145978 99.76219940
v -23.13882348 -4.24263763 98.01221466
v -21.95765206 -7.39103794 96.26218414
v -18.89618584 -5.99999905 94.51219178
v -15.83471582 -7.39103794 92.76219940
v -14.65354440 -4.24263763 91.01221466
v -11.50514314 -3.06145978 89.26219940
v -13.35290048 -2.29609823 87.26220704
v -11.71504112 -3.14022112 85.37887574
v -11.62062164 -3.01363850 85.38719940
v -13.25287530 -5.25555992 85.27339936
v -13.35290048 -2.29609823 83.51219940
v -11.58820816 -2.87870145 85.39280700
v -10.89617630 0.00000214 85.51221466
v -13.35290048 2.29609728 83.76220704
v -13.23742196 2.34393954 83.63721466
v -13.21117684 2.16363835 83.62759400
v -13.35290048 2.29609728 83.51219940
v -14.65354440 4.24264193 83.51219940
v -14.29025552 4.10636139 83.74296570
v -13.34535118 2.52015781 83.64553834
v -16.60006616 5.54327965 83.51219940
v -16.45656868 5.88973999 83.88719940
v -14.65354440 4.24264193 84.01221466
v -16.01841256 5.56293964 83.85833740
v -14.81101510 4.66242170 83.77886962
v -11.50514314 3.06145883 85.76219940
v -26.28722282 3.06145883 103.26218414
v -24.55304620 5.65685987 103.01219178
v -21.95765206 7.39103937 102.76220704
v -18.89618584 8.00000000 102.51217652
v -15.83471582 7.39103937 102.26219178
v -13.23932550 5.65685987 102.01220704
v -11.50514314 3.06145883 101.76217652
v -12.89619348 0.00000214 87.51219178
v -10.89617630 0.00000214 89.51220704
v -12.89619348 0.00000214 91.51218414
v -10.89617630 0.00000214 93.51220704
v -12.89619348 0.00000214 95.51217652
v -10.89617630 0.00000214 97.51219940
v -12.89619348 0.00000214 99.51221466
v -10.89617630 0.00000214 101.51219178
v -26.89619348 0.00000214 103.51220704
v -24.43944832 -2.29609823 101.76217652
v -24.55304620 -5.65685797 100.01219178
v -21.19227882 -5.54327774 98.26219940
v -18.89618584 -8.00000095 96.51220704
v -16.60006616 -5.54327774 94.76217652
v -13.23932550 -5.65685797 93.01219178
v -13.35290048 -2.29609823 91.26219940
v -14.47675224 4.41941977 83.76220704
v -24.43944832 2.29609728 105.26219940
v -23.13882348 4.24264193 105.01221466
v -21.19227882 5.54327965 104.76218414
v -18.89618584 6.00000048 104.51219940
v -16.60006616 5.54327965 104.26220704
v -14.65354440 4.24264193 104.01218414
v -13.35290048 2.29609728 103.76219940
v -12.89619348 0.00000214 103.51220704
v -11.50514314 -3.06145978 93.26221466
v -13.35290048 -2.29609823 95.26219178
v -11.50514314 -3.06145978 97.26221466
v -13.35290048 -2.29609823 99.26218414
v -11.50514314 -3.06145978 101.26220704
v -13.35290048 -2.29609823 103.26218414
v -24.89617440 0.00000214 105.51218414
v -26.28722282 -3.06145978 103.76219940
v -23.13882348 -4.24263763 102.01220704
v -21.95765206 -7.39103794 100.26221466
v -18.89618584 -5.99999905 98.51218414
v -15.83471582 -7.39103794 96.76219940
v -14.65354440 -4.24263763 95.01220704
v -26.28722282 3.06145883 107.26221466
v -24.55304620 5.65685987 107.01218414
v -21.95765206 7.39103937 106.76219940
v -18.89618584 8.00000000 106.51221466
v -15.83471582 7.39103937 106.26218414
v -13.23932550 5.65685987 106.01219940
v -11.50514314 3.06145883 105.76221466
v -10.89617630 0.00000214 105.51218414
v -11.50514314 -3.06145978 105.26219940
v -13.23932550 -5.65685797 97.01218414
v -14.65354440 -4.24263763 99.01219940
v -13.23932550 -5.65685797 101.01217652
v -14.65354440 -4.24263763 103.01219178
v -13.23932550 -5.65685797 105.01221466
v -26.89619348 0.00000214 107.51219940
v -24.43944832 -2.29609823 105.76221466
v -24.55304620 -5.65685797 104.01218414
v -21.19227882 -5.54327774 102.26219178
v -18.89618584 -8.00000095 100.51220704
v -16.60006616 -5.54327774 98.76221466
v -24.43944832 2.29609728 109.26219178
v -23.13882348 4.24264193 109.01220704
v -21.19227882 5.54327965 108.76222230
v -18.89618584 6.00000048 108.51219178
v -16.60006616 5.54327965 108.26220704
v -14.65354440 4.24264193 108.01221466
v -13.35290048 2.29609728 107.76219178
v -12.89619348 0.00000214 107.51219940
v -13.35290048 -2.29609823 107.26221466
v -14.65354440 -4.24263763 107.01218414
v -15.83471582 -7.39103794 100.76219178
v -16.60006616 -5.54327774 102.76220704
v -15.83471582 -7.39103794 104.76218414
v -16.60006616 -5.54327774 106.76219940
v -24.89617440 0.00000214 109.51217652
v -26.28722282 -3.06145978 107.76219178
v -23.13882348 -4.24263763 106.01219940
v -21.95765206 -7.39103794 104.26220704
v -18.89618584 -5.99999905 102.51217652
v -26.28722282 3.06145883 111.26220704
v -24.55304620 5.65685987 111.01218414
v -21.95765206 7.39103937 110.76219178
v -18.89618584 8.00000000 110.51220704
v -15.83471582 7.39103937 110.26217652
v -13.23932550 5.65685987 110.01219178
v -11.50514314 3.06145883 109.76220704
v -10.89617630 0.00000214 109.51217652
v -11.50514314 -3.06145978 109.26219178
v -13.23932550 -5.65685797 109.01220704
v -15.83471582 -7.39103794 108.76222230
v -18.89618584 -8.00000095 104.51219940
v -18.89618584 -5.99999905 106.51221466
v -18.89618584 -8.00000095 108.51219178
v -26.89619348 0.00000214 111.51219940
v -24.43944832 -2.29609823 109.76220704
v -24.55304620 -5.65685797 108.01221466
v -21.19227882 -5.54327774 106.26218414
v -24.43944832 2.29609728 113.26218414
v -23.13882348 4.24264193 113.01219940
v -21.19227882 5.54327965 112.76221466
v -18.89618584 6.00000048 112.51218414
v -16.60006616 5.54327965 112.26219940
v -14.65354440 4.24264193 112.01221466
v -13.35290048 2.29609728 111.76218414
v -12.89619348 0.00000214 111.51219940
v -13.35290048 -2.29609823 111.26220704
v -14.65354440 -4.24263763 111.01218414
v -16.60006616 -5.54327774 110.76219178
v -18.89618584 -5.99999905 110.51220704
v -21.95765206 -7.39103794 108.26220704
v -21.19227882 -5.54327774 110.26217652
v -24.89617440 0.00000214 113.51221466
v -26.28722282 -3.06145978 111.76218414
v -23.13882348 -4.24263763 110.01219178
v -26.28722282 3.06145883 115.26220704
v -24.55304620 5.65685987 115.01221466
v -21.95765206 7.39103937 114.76219178
v -18.89618584 8.00000000 114.51219940
v -15.83471582 7.39103937 114.26221466
v -13.23932550 5.65685987 114.01218414
v -11.50514314 3.06145883 113.76219940
v -10.89617630 0.00000214 113.51221466
v -11.50514314 -3.06145978 113.26218414
v -13.23932550 -5.65685797 113.01219940
v -15.83471582 -7.39103794 112.76221466
v -18.89618584 -8.00000095 112.51218414
v -21.95765206 -7.39103794 112.26219940
v -24.55304620 -5.65685797 112.01221466
v -26.89619348 0.00000214 115.51219178
v -24.43944832 -2.29609823 113.76219940
v -24.43944832 2.29609728 117.26217652
v -23.13882348 4.24264193 117.01219178
v -21.19227882 5.54327965 116.76220704
v -18.89618584 6.00000048 116.51217652
v -16.60006616 5.54327965 116.26219178
v -14.65354440 4.24264193 116.01220704
v -13.35290048 2.29609728 115.76222230
v -12.89619348 0.00000214 115.51219178
v -13.35290048 -2.29609823 115.26220704
v -14.65354440 -4.24263763 115.01221466
v -16.60006616 -5.54327774 114.76219178
v -18.89618584 -5.99999905 114.51219940
v -21.19227882 -5.54327774 114.26221466
v -23.13882348 -4.24263763 114.01218414
v -24.89617440 0.00000214 117.51220704
v -26.28722282 -3.06145978 115.76222230
v -26.28722282 3.06145883 119.26219940
v -24.55304620 5.65685987 119.01220704
v -21.95765206 7.39103937 118.76218414
v -18.89618584 8.00000000 118.51219940
v -15.83471582 7.39103937 118.26220704
v -13.23932550 5.65685987 118.01218414
v -11.50514314 3.06145883 117.76219178
v -10.89617630 0.00000214 117.51220704
v -11.50514314 -3.06145978 117.26217652
v -13.23932550 -5.65685797 117.01219178
v -15.83471582 -7.39103794 116.76220704
v -18.89618584 -8.00000095 116.51217652
v -21.95765206 -7.39103794 116.26219178
v -24.55304620 -5.65685797 116.01220704
v -26.89619348 0.00000214 119.51218414
v -24.43944832 -2.29609823 117.76219178
v -24.43944832 2.29609728 121.26221466
v -23.13882348 4.24264193 121.01218414
v -21.19227882 5.54327965 120.76219940
v -18.89618584 6.00000048 120.51221466
v -16.60006616 5.54327965 120.26218414
v -14.65354440 4.24264193 120.01219940
v -13.35290048 2.29609728 119.76221466
v -12.89619348 0.00000214 119.51218414
v -13.35290048 -2.29609823 119.26219940
v -14.65354440 -4.24263763 119.01220704
v -16.60006616 -5.54327774 118.76218414
v -18.89618584 -5.99999905 118.51219940
v -21.19227882 -5.54327774 118.26220704
v -23.13882348 -4.24263763 118.01218414
v -24.89617440 0.00000214 121.51219940
v -26.28722282 -3.06145978 119.76221466
v -26.28722282 3.06145883 123.26219178
v -24.55304620 5.65685987 123.01220704
v -21.95765206 7.39103937 122.76221466
v -18.89618584 8.00000000 122.51219178
v -15.83471582 7.39103937 122.26219940
v -13.23932550 5.65685987 122.01221466
v -11.50514314 3.06145883 121.76219178
v -10.89617630 0.00000214 121.51219940
v -11.50514314 -3.06145978 121.26221466
v -13.23932550 -5.65685797 121.01218414
v -15.83471582 -7.39103794 120.76219940
v -18.89618584 -8.00000095 120.51221466
v -21.95765206 -7.39103794 120.26218414
v -24.55304620 -5.65685797 120.01219940
v -26.89619348 0.00000214 123.51222230
v -24.43944832 -2.29609823 121.76219178
v -24.43944832 2.29609728 125.26220704
v -23.13882348 4.24264193 125.01218414
v -21.19227882 5.54327965 124.76219178
v -18.89618584 6.00000048 124.51220704
v -16.60006616 5.54327965 124.26217652
v -14.65354440 4.24264193 124.01219178
v -13.35290048 2.29609728 123.76220704
v -12.89619348 0.00000214 123.51222230
v -13.35290048 -2.29609823 123.26219178
v -14.65354440 -4.24263763 123.01220704
v -16.60006616 -5.54327774 122.76221466
v -18.89618584 -5.99999905 122.51219178
v -21.19227882 -5.54327774 122.26219940
v -23.13882348 -4.24263763 122.01221466
v -24.89617440 0.00000214 125.51219178
v -26.28722282 -3.06145978 123.76220704
v -26.28722282 3.06145883 127.26218414
v -24.55304620 5.65685987 127.01219940
v -21.95765206 7.39103937 126.76221466
v -18.89618584 8.00000000 126.51218414
v -15.83471582 7.39103937 126.26219940
v -13.23932550 5.65685987 126.01220704
v -11.50514314 3.06145883 125.76218414
v -10.89617630 0.00000214 125.51219178
v -11.50514314 -3.06145978 125.26220704
v -13.23932550 -5.65685797 125.01218414
v -15.83471582 -7.39103794 124.76219178
v -18.89618584 -8.00000095 124.51220704
v -21.95765206 -7.39103794 124.26217652
v -24.55304620 -5.65685797 124.01219178
v -26.89619348 0.00000214 127.51221466
v -24.43944832 -2.29609823 125.76218414
v -24.43944832 2.29609728 129.26220704
v -23.13882348 4.24264193 129.01222230
v -21.19227882 5.54327965 128.76219178
v -18.89618584 6.00000048 128.51220704
v -16.60006616 5.54327965 128.26220704
v -14.65354440 4.24264193 128.01219178
v -13.35290048 2.29609728 127.76219940
v -12.89619348 0.00000214 127.51221466
v -13.35290048 -2.29609823 127.26218414
v -14.65354440 -4.24263763 127.01219940
v -16.60006616 -5.54327774 126.76221466
v -18.89618584 -5.99999905 126.51218414
v -21.19227882 -5.54327774 126.26219940
v -23.13882348 -4.24263763 126.01220704
v -24.89617440 0.00000214 129.51219178
v -26.28722282 -3.06145978 127.76219940
v -26.28722282 3.06145883 131.26217652
v -24.55304620 5.65685987 131.01219178
v -21.95765206 7.39103937 130.76220704
v -18.89618584 8.00000000 130.51222230
v -15.83471582 7.39103937 130.26219178
v -13.23932550 5.65685987 130.01220704
v -11.50514314 3.06145883 129.76222230
v -10.89617630 0.00000214 129.51219178
v -11.50514314 -3.06145978 129.26220704
v -13.23932550 -5.65685797 129.01222230
v -15.83471582 -7.39103794 128.76219178
v -18.89618584 -8.00000095 128.51220704
v -21.95765206 -7.39103794 128.26220704
v -24.55304620 -5.65685797 128.01219178
v -26.89619348 0.00000214 131.51220704
v -24.43944832 -2.29609823 129.76222230
v -24.43944832 2.29609728 133.26219178
v -23.13882348 4.24264193 133.01220704
v -21.19227882 5.54327965 132.76217652
v -18.89618584 6.00000048 132.51219178
v -16.60006616 5.54327965 132.26220704
v -14.65354440 4.24264193 132.01217652
v -13.35290048 2.29609728 131.76219178
v -12.89619348 0.00000214 131.51220704
v -13.35290048 -2.29609823 131.26217652
v -14.65354440 -4.24263763 131.01219178
v -16.60006616 -5.54327774 130.76220704
v -18.89618584 -5.99999905 130.51222230
v -21.19227882 -5.54327774 130.26219178
v -23.13882348 -4.24263763 130.01220704
v -24.89617440 0.00000214 133.51217652
v -26.28722282 -3.06145978 131.76219178
v -26.28722282 3.06145883 135.26220704
v -24.55304620 5.65685987 135.01219178
v -21.95765206 7.39103937 134.76219178
v -18.89618584 8.00000000 134.51220704
v -15.83471582 7.39103937 134.26219178
v -13.23932550 5.65685987 134.01219178
v -11.50514314 3.06145883 133.76220704
v -10.89617630 0.00000214 133.51217652
v -11.50514314 -3.06145978 133.26219178
v -13.23932550 -5.65685797 133.01220704
v -15.83471582 -7.39103794 132.76217652
v -18.89618584 -8.00000095 132.51219178
v -21.95765206 -7.39103794 132.26220704
v -24.55304620 -5.65685797 132.01217652
v -26.89619348 0.00000214 135.51220704
v -24.43944832 -2.29609823 133.76220704
v -24.43944832 2.29609728 137.26219178
v -23.13882348 4.24264193 137.01220704
v -21.19227882 5.54327965 136.76222230
v -18.89618584 6.00000048 136.51219178
v -16.60006616 5.54327965 136.26220704
v -14.65354440 4.24264193 136.01222230
v -13.35290048 2.29609728 135.76219178
v -12.89619348 0.00000214 135.51220704
v -13.35290048 -2.29609823 135.26220704
v -14.65354440 -4.24263763 135.01219178
v -16.60006616 -5.54327774 134.76219178
v -18.89618584 -5.99999905 134.51220704
v -21.19227882 -5.54327774 134.26219178
v -23.13882348 -4.24263763 134.01219178
v -24.89617440 0.00000214 137.51222230
v -26.28722282 -3.06145978 135.76219178
v -26.28722282 3.06145883 139.26220704
v -24.55304620 5.65685987 139.01217652
v -21.95765206 7.39103937 138.76219178
v -18.89618584 8.00000000 138.51220704
v -15.83471582 7.39103937 138.26222230
v -13.23932550 5.65685987 138.01219178
v -11.50514314 3.06145883 137.76220704
v -10.89617630 0.00000214 137.51222230
v -11.50514314 -3.06145978 137.26219178
v -13.23932550 -5.65685797 137.01220704
v -15.83471582 -7.39103794 136.76222230
v -18.89618584 -8.00000095 136.51219178
v -21.95765206 -7.39103794 136.26220704
v -24.55304620 -5.65685797 136.01222230
v -26.89619348 0.00000214 139.51219178
v -24.43944832 -2.29609823 137.76220704
v -24.43944832 2.29609728 141.26217652
v -23.13882348 4.24264193 141.01219178
v -21.19227882 5.54327965 140.76220704
v -18.89618584 6.00000048 140.51217652
v -16.60006616 5.54327965 140.26219178
v -14.65354440 4.24264193 140.01220704
v -13.35290048 2.29609728 139.76217652
v -12.89619348 0.00000214 139.51219178
v -13.35290048 -2.29609823 139.26220704
v -14.65354440 -4.24263763 139.01217652
v -16.60006616 -5.54327774 138.76219178
v -18.89618584 -5.99999905 138.51220704
v -21.19227882 -5.54327774 138.26222230
v -23.13882348 -4.24263763 138.01219178
v -24.89617440 0.00000214 141.51220704
v -26.28722282 -3.06145978 139.76217652
v -26.28722282 3.06145883 143.26220704
v -24.55304620 5.65685987 143.01222230
v -21.95765206 7.39103937 142.76219178
v -18.89618584 8.00000000 142.51220704
v -15.83471582 7.39103937 142.26220704
v -13.23932550 5.65685987 142.01219178
v -11.50514314 3.06145883 141.76219178
v -10.89617630 0.00000214 141.51220704
v -11.50514314 -3.06145978 141.26217652
v -13.23932550 -5.65685797 141.01219178
v -15.83471582 -7.39103794 140.76220704
v -18.89618584 -8.00000095 140.51217652
v -21.95765206 -7.39103794 140.26219178
v -24.55304620 -5.65685797 140.01220704
v -26.89619348 0.00000214 143.51219178
v -24.43944832 -2.29609823 141.76219178
v -24.43944832 2.29609728 145.26222230
v -23.13882348 4.24264193 145.01219178
v -21.19227882 5.54327965 144.76220704
v -18.89618584 6.00000048 144.51222230
v -16.60006616 5.54327965 144.26219178
v -14.65354440 4.24264193 144.01220704
v -13.35290048 2.29609728 143.76222230
v -12.89619348 0.00000214 143.51219178
v -13.35290048 -2.29609823 143.26220704
v -14.65354440 -4.24263763 143.01222230
v -16.60006616 -5.54327774 142.76219178
v -18.89618584 -5.99999905 142.51220704
v -21.19227882 -5.54327774 142.26220704
v -23.13882348 -4.24263763 142.01219178
v -24.89617440 0.00000214 145.51220704
v -26.28722282 -3.06145978 143.76222230
v -26.28722282 3.06145883 147.26219178
v -24.55304620 5.65685987 147.01220704
v -21.95765206 7.39103937 146.76217652
v -18.89618584 8.00000000 146.51219178
v -15.83471582 7.39103937 146.26220704
v -13.23932550 5.65685987 146.01217652
v -11.50514314 3.06145883 145.76219178
v -10.89617630 0.00000214 145.51220704
v -11.50514314 -3.06145978 145.26222230
v -13.23932550 -5.65685797 145.01219178
v -15.83471582 -7.39103794 144.76220704
v -18.89618584 -8.00000095 144.51222230
v -21.95765206 -7.39103794 144.26219178
v -24.55304620 -5.65685797 144.01220704
v -26.89619348 0.00000214 147.51217652
v -24.43944832 -2.29609823 145.76219178
v -24.43944832 2.29609728 149.26220704
v -23.13882348 4.24264193 149.01219178
v -21.19227882 5.54327965 148.76219178
v -18.89618584 6.00000048 148.51220704
v -16.60006616 5.54327965 148.26217652
v -14.65354440 4.24264193 148.01219178
v -13.35290048 2.29609728 147.76220704
v -12.89619348 0.00000214 147.51217652
v -13.35290048 -2.29609823 147.26219178
v -14.65354440 -4.24263763 147.01220704
v -16.60006616 -5.54327774 146.76217652
v -18.89618584 -5.99999905 146.51219178
v -21.19227882 -5.54327774 146.26220704
v -23.13882348 -4.24263763 146.01217652
v -24.89617440 0.00000214 149.51220704
v -26.28722282 -3.06145978 147.76220704
v -26.28722282 3.06145883 151.26219178
v -24.55304620 5.65685987 151.01220704
v -21.95765206 7.39103937 150.76222230
v -18.89618584 8.00000000 150.51219178
v -15.83471582 7.39103937 150.26220704
v -13.23932550 5.65685987 150.01220704
v -11.50514314 3.06145883 149.76219178
v -10.89617630 0.00000214 149.51220704
v -11.50514314 -3.06145978 149.26220704
v -13.23932550 -5.65685797 149.01219178
v -15.83471582 -7.39103794 148.76219178
v -18.89618584 -8.00000095 148.51220704
v -21.95765206 -7.39103794 148.26217652
v -24.55304620 -5.65685797 148.01219178
v -26.89619348 0.00000214 151.51222230
v -24.43944832 -2.29609823 149.76219178
v -24.43944832 2.29609728 153.26220704
v -23.13882348 4.24264193 153.01222230
v -21.19227882 5.54327965 152.76219178
v -18.89618584 6.00000048 152.51220704
v -16.60006616 5.54327965 152.26222230
v -14.65354440 4.24264193 152.01219178
v -13.35290048 2.29609728 151.76220704
v -12.89619348 0.00000214 151.51222230
v -13.35290048 -2.29609823 151.26219178
v -14.65354440 -4.24263763 151.01220704
v -16.60006616 -5.54327774 150.76222230
v -18.89618584 -5.99999905 150.51219178
v -21.19227882 -5.54327774 150.26220704
v -23.13882348 -4.24263763 150.01220704
v -24.89617440 0.00000214 153.51219178
v -26.28722282 -3.06145978 151.76220704
v -26.28722282 3.06145883 155.26217652
v -24.55304620 5.65685987 155.01219178
v -21.95765206 7.39103937 154.76220704
v -18.89618584 8.00000000 154.51217652
v -15.83471582 7.39103937 154.26219178
v -13.23932550 5.65685987 154.01220704
v -11.50514314 3.06145883 153.76217652
v -10.89617630 0.00000214 153.51219178
v -11.50514314 -3.06145978 153.26220704
v -13.23932550 -5.65685797 153.01222230
v -15.83471582 -7.39103794 152.76219178
v -18.89618584 -8.00000095 152.51220704
v -21.95765206 -7.39103794 152.26222230
v -24.55304620 -5.65685797 152.01219178
v -26.89619348 0.00000214 155.51220704
v -24.43944832 -2.29609823 153.76217652
v -24.43944832 2.29609728 157.26220704
v -23.13882348 4.24264193 157.01220704
v -21.19227882 5.54327965 156.76219178
v -18.89618584 6.00000048 156.51219178
v -16.60006616 5.54327965 156.26220704
v -14.65354440 4.24264193 156.01217652
v -13.35290048 2.29609728 155.76219178
v -12.89619348 0.00000214 155.51220704
v -13.35290048 -2.29609823 155.26217652
v -14.65354440 -4.24263763 155.01219178
v -16.60006616 -5.54327774 154.76220704
v -18.89618584 -5.99999905 154.51217652
v -21.19227882 -5.54327774 154.26219178
v -23.13882348 -4.24263763 154.01220704
v -24.89617440 0.00000214 157.51219178
v -26.28722282 -3.06145978 155.76219178
v -26.28722282 3.06145883 159.26222230
v -24.55304620 5.65685987 159.01219178
v -21.95765206 7.39103937 158.76220704
v -18.89618584 8.00000000 158.51222230
v -15.83471582 7.39103937 158.26219178
v -13.23932550 5.65685987 158.01220704
v -11.50514314 3.06145883 157.76222230
v -10.89617630 0.00000214 157.51219178
v -11.50514314 -3.06145978 157.26220704
v -13.23932550 -5.65685797 157.01220704
v -15.83471582 -7.39103794 156.76219178
v -18.89618584 -8.00000095 156.51219178
v -21.95765206 -7.39103794 156.26220704
v -24.55304620 -5.65685797 156.01217652
v -26.89619348 0.00000214 159.51220704
v -24.43944832 -2.29609823 157.76222230
v -24.43944832 2.29609728 161.26219178
v -23.13882348 4.24264193 161.01220704
v -21.19227882 5.54327965 160.76222230
v -18.89618584 6.00000048 160.51219178
v -16.60006616 5.54327965 160.26220704
v -14.65354440 4.24264193 160.01222230
v -13.35290048 2.29609728 159.76219178
v -12.89619348 0.00000214 159.51220704
v -13.35290048 -2.29609823 159.26222230
v -14.65354440 -4.24263763 159.01219178
v -16.60006616 -5.54327774 158.76220704
v -18.89618584 -5.99999905 158.51222230
v -21.19227882 -5.54327774 158.26219178
v -23.13882348 -4.24263763 158.01220704
v -24.89617440 0.00000214 161.51217652
v -26.28722282 -3.06145978 159.76219178
v -26.28722282 3.06145883 163.26220704
v -24.55304620 5.65685987 163.01217652
v -21.95765206 7.39103937 162.76219178
v -18.89618584 8.00000000 162.51220704
v -15.83471582 7.39103937 162.26217652
v -13.23932550 5.65685987 162.01219178
v -11.50514314 3.06145883 161.76220704
v -10.89617630 0.00000214 161.51217652
v -11.50514314 -3.06145978 161.26219178
v -13.23932550 -5.65685797 161.01220704
v -15.83471582 -7.39103794 160.76222230
v -18.89618584 -8.00000095 160.51219178
v -21.95765206 -7.39103794 160.26220704
v -24.55304620 -5.65685797 160.01222230
v -26.89619348 0.00000214 163.51219178
v -24.43944832 -2.29609823 161.76220704
v -24.43944832 2.29609728 165.26219178
v -23.13882348 4.24264193 165.01220704
v -21.19227882 5.54327965 164.76222230
v -18.89618584 6.00000048 164.51219178
v -16.60006616 5.54327965 164.26220704
v -14.65354440 4.24264193 164.01220704
v -13.35290048 2.29609728 163.76219178
v -12.89619348 0.00000214 163.51219178
v -13.35290048 -2.29609823 163.26220704
v -14.65354440 -4.24263763 163.01217652
v -16.60006616 -5.54327774 162.76219178
v -18.89618584 -5.99999905 162.51220704
v -21.19227882 -5.54327774 162.26217652
v -23.13882348 -4.24263763 162.01219178
v -24.89617440 0.00000214 165.51222230
v -26.28722282 -3.06145978 163.76219178
v -26.28722282 3.06145883 167.26220704
v -24.55304620 5.65685987 167.01222230
v -21.95765206 7.39103937 166.76219178
v -18.89618584 8.00000000 166.51220704
v -15.83471582 7.39103937 166.26222230
v -13.23932550 5.65685987 166.01219178
v -11.50514314 3.06145883 165.76220704
v -10.89617630 0.00000214 165.51222230
v -11.50514314 -3.06145978 165.26219178
v -13.23932550 -5.65685797 165.01220704
v -15.83471582 -7.39103794 164.76222230
v -18.89618584 -8.00000095 164.51219178
v -21.95765206 -7.39103794 164.26220704
v -24.55304620 -5.65685797 164.01220704
v -26.89619348 0.00000214 167.51219178
v -24.43944832 -2.29609823 165.76220704
v -24.43944832 2.29609728 169.26217652
v -23.13882348 4.24264193 169.01219178
v -21.19227882 5.54327965 168.76220704
v -18.89618584 6.00000048 168.51217652
v -16.60006616 5.54327965 168.26219178
v -14.65354440 4.24264193 168.01220704
v -13.35290048 2.29609728 167.76222230
v -12.89619348 0.00000214 167.51219178
v -13.35290048 -2.29609823 167.26220704
v -14.65354440 -4.24263763 167.01222230
v -16.60006616 -5.54327774 166.76219178
v -18.89618584 -5.99999905 166.51220704
v -21.19227882 -5.54327774 166.26222230
v -23.13882348 -4.24263763 166.01219178
v -24.89617440 0.00000214 169.51220704
v -26.28722282 -3.06145978 167.76222230
v -26.28722282 3.06145883 171.26219178
v -24.55304620 5.65685987 171.01220704
v -21.95765206 7.39103937 170.76219178
v -18.89618584 8.00000000 170.51219178
v -15.83471582 7.39103937 170.26220704
v -13.23932550 5.65685987 170.01217652
v -11.50514314 3.06145883 169.76219178
v -10.89617630 0.00000214 169.51220704
v -11.50514314 -3.06145978 169.26217652
v -13.23932550 -5.65685797 169.01219178
v -15.83471582 -7.39103794 168.76220704
v -18.89618584 -8.00000095 168.51217652
v -21.95765206 -7.39103794 168.26219178
v -24.55304620 -5.65685797 168.01220704
v -26.89619348 0.00000214 171.51219178
v -24.43944832 -2.29609823 169.76219178
v -24.43944832 2.29609728 173.26222230
v -23.13882348 4.24264193 173.01219178
v -21.19227882 5.54327965 172.76220704
v -18.89618584 6.00000048 172.51222230
v -16.60006616 5.54327965 172.26219178
v -14.65354440 4.24264193 172.01220704
v -13.35290048 2.29609728 171.76220704
v -12.89619348 0.00000214 171.51219178
v -13.35290048 -2.29609823 171.26219178
v -14.65354440 -4.24263763 171.01220704
v -16.60006616 -5.54327774 170.76219178
v -18.89618584 -5.99999905 170.51219178
v -21.19227882 -5.54327774 170.26220704
v -23.13882348 -4.24263763 170.01217652
v -24.89617440 0.00000214 173.51220704
v -26.28722282 -3.06145978 171.76220704
v -26.28722282 3.06145883 175.26219178
v -24.55304620 5.65685987 175.01220704
v -21.95765206 7.39103937 174.76222230
v -18.89618584 8.00000000 174.51219178
v -15.83471582 7.39103937 174.26220704
v -13.23932550 5.65685987 174.01222230
v -11.50514314 3.06145883 173.76219178
v -10.89617630 0.00000214 173.51220704
v -11.50514314 -3.06145978 173.26222230
v -13.23932550 -5.65685797 173.01219178
v -15.83471582 -7.39103794 172.76220704
v -18.89618584 -8.00000095 172.51222230
v -21.95765206 -7.39103794 172.26219178
v -24.55304620 -5.65685797 172.01220704
v -26.89619348 0.00000214 175.51222230
v -24.43944832 -2.29609823 173.76219178
v -24.43944832 2.29609728 177.26220704
v -23.13882348 4.24264193 177.01217652
v -21.19227882 5.54327965 176.76219178
v -18.89618584 6.00000048 176.51220704
v -16.60006616 5.54327965 176.26217652
v -14.65354440 4.24264193 176.01219178
v -13.35290048 2.29609728 175.76220704
v -12.89619348 0.00000214 175.51222230
v -13.35290048 -2.29609823 175.26219178
v -14.65354440 -4.24263763 175.01220704
v -16.60006616 -5.54327774 174.76222230
v -18.89618584 -5.99999905 174.51219178
v -21.19227882 -5.54327774 174.26220704
v -23.13882348 -4.24263763 174.01222230
v -24.89617440 0.00000214 177.51219178
v -26.28722282 -3.06145978 175.76220704
v -26.28722282 3.06145883 179.26219178
v -24.55304620 5.65685987 179.01220704
v -21.95765206 7.39103937 178.76220704
v -18.89618584 8.00000000 178.51219178
v -15.83471582 7.39103937 178.26219178
v -13.23932550 5.65685987 178.01220704
v -11.50514314 3.06145883 177.76217652
v -10.89617630 0.00000214 177.51219178
v -11.50514314 -3.06145978 177.26220704
v -13.23932550 -5.65685797 177.01217652
v -15.83471582 -7.39103794 176.76219178
v -18.89618584 -8.00000095 176.51220704
v -21.95765206 -7.39103794 176.26217652
v -24.55304620 -5.65685797 176.01219178
v -26.89619348 0.00000214 179.51222230
v -24.43944832 -2.29609823 177.76217652
v -24.43944832 2.29609728 181.26220704
v -23.13882348 4.24264193 181.01222230
v -21.19227882 5.54327965 180.76219178
v -18.89618584 6.00000048 180.51220704
v -16.60006616 5.54327965 180.26222230
v -14.65354440 4.24264193 180.01219178
v -13.35290048 2.29609728 179.76220704
v -12.89619348 0.00000214 179.51222230
v -13.35290048 -2.29609823 179.26219178
v -14.65354440 -4.24263763 179.01220704
v -16.60006616 -5.54327774 178.76220704
v -18.89618584 -5.99999905 178.51219178
v -21.19227882 -5.54327774 178.26219178
v -23.13882348 -4.24263763 178.01220704
v -24.89617440 0.00000214 181.51219178
v -26.28722282 -3.06145978 179.76220704
v -26.28722282 3.06145883 183.26222230
v -24.55304620 5.65685987 183.01219178
v -21.95765206 7.39103937 182.76220704
v -18.89618584 8.00000000 182.51222230
v -15.83471582 7.39103937 182.26219178
v -13.23932550 5.65685987 182.01220704
v -11.50514314 3.06145883 181.76222230
v -10.89617630 0.00000214 181.51219178
v -11.50514314 -3.06145978 181.26220704
v -13.23932550 -5.65685797 181.01222230
v -15.83471582 -7.39103794 180.76219178
v -18.89618584 -8.00000095 180.51220704
v -21.95765206 -7.39103794 180.26222230
v -24.55304620 -5.65685797 180.01219178
v -26.89619348 0.00000214 183.51220704
v -24.43944832 -2.29609823 181.76222230
v -24.43944832 2.29609728 185.26219178
v -23.13882348 4.24264193 185.01220704
v -21.19227882 5.54327965 184.76217652
v -18.89618584 6.00000048 184.51219178
v -16.60006616 5.54327965 184.26220704
v -14.65354440 4.24264193 184.01217652
v -13.35290048 2.29609728 183.76219178
v -12.89619348 0.00000214 183.51220704
v -13.35290048 -2.29609823 183.26222230
v -14.65354440 -4.24263763 183.01219178
v -16.60006616 -5.54327774 182.76220704
v -18.89618584 -5.99999905 182.51222230
v -21.19227882 -5.54327774 182.26219178
v -23.13882348 -4.24263763 182.01220704
v -24.89617440 0.00000214 185.51219178
v -26.28722282 -3.06145978 183.76219178
v -26.28722282 3.06145883 187.26222230
v -24.55304620 5.65685987 187.01219178
v -21.95765206 7.39103937 186.76220704
v -18.89618584 8.00000000 186.51220704
v -15.83471582 7.39103937 186.26219178
v -13.23932550 5.65685987 186.01220704
v -11.50514314 3.06145883 185.76220704
v -10.89617630 0.00000214 185.51219178
v -11.50514314 -3.06145978 185.26219178
v -13.23932550 -5.65685797 185.01220704
v -15.83471582 -7.39103794 184.76217652
v -18.89618584 -8.00000095 184.51219178
v -21.95765206 -7.39103794 184.26220704
v -24.55304620 -5.65685797 184.01217652
v -26.89619348 0.00000214 187.51220704
v -24.43944832 -2.29609823 185.76220704
v -24.43944832 2.29609728 189.26219178
v -23.13882348 4.24264193 189.01220704
v -21.19227882 5.54327965 188.76222230
v -18.89618584 6.00000048 188.51219178
v -16.60006616 5.54327965 188.26220704
v -14.65354440 4.24264193 188.01222230
v -13.35290048 2.29609728 187.76219178
v -12.89619348 0.00000214 187.51220704
v -13.35290048 -2.29609823 187.26222230
v -14.65354440 -4.24263763 187.01219178
v -16.60006616 -5.54327774 186.76220704
v -18.89618584 -5.99999905 186.51220704
v -21.19227882 -5.54327774 186.26219178
v -23.13882348 -4.24263763 186.01220704
v -24.89617440 0.00000214 189.51222230
v -26.28722282 -3.06145978 187.76219178
v -26.28722282 3.06145883 191.26220704
v -24.55304620 5.65685987 191.01217652
v -21.95765206 7.39103937 190.76219178
v -18.89618584 8.00000000 190.51220704
v -15.83471582 7.39103937 190.26222230
v -13.23932550 5.65685987 190.01219178
v -11.50514314 3.06145883 189.76220704
v -10.89617630 0.00000214 189.51222230
v -11.50514314 -3.06145978 189.26219178
v -13.23932550 -5.65685797 189.01220704
v -15.83471582 -7.39103794 188.76222230
v -18.89618584 -8.00000095 188.51219178
v -21.95765206 -7.39103794 188.26220704
v -24.55304620 -5.65685797 188.01222230
v -26.89619348 0.00000214 191.51219178
v -24.43944832 -2.29609823 189.76220704
v -24.43944832 2.29609728 193.26219178
v -23.13882348 4.24264193 193.01219178
v -21.19227882 5.54327965 192.76220704
v -18.89618584 6.00000048 192.51217652
v -16.60006616 5.54327965 192.26219178
v -14.65354440 4.24264193 192.01220704
v -13.35290048 2.29609728 191.76217652
v -12.89619348 0.00000214 191.51219178
v -13.35290048 -2.29609823 191.26220704
v -14.65354440 -4.24263763 191.01217652
v -16.60006616 -5.54327774 190.76219178
v -18.89618584 -5.99999905 190.51220704
v -21.19227882 -5.54327774 190.26222230
v -23.13882348 -4.24263763 190.01219178
v -24.89617440 0.00000214 193.51220704
v -26.28722282 -3.06145978 191.76217652
v -26.28722282 3.06145883 195.26220704
v -24.55304620 5.65685987 195.01222230
v -21.95765206 7.39103937 194.76219178
v -18.89618584 8.00000000 194.51220704
v -15.83471582 7.39103937 194.26222230
v -13.23932550 5.65685987 194.01219178
v -11.50514314 3.06145883 193.76220704
v -10.89617630 0.00000214 193.51220704
v -11.50514314 -3.06145978 193.26219178
v -13.23932550 -5.65685797 193.01219178
v -15.83471582 -7.39103794 192.76220704
v -18.89618584 -8.00000095 192.51217652
v -21.95765206 -7.39103794 192.26219178
v -24.55304620 -5.65685797 192.01220704
v -26.89619348 0.00000214 195.51219178
v -24.43944832 -2.29609823 193.76220704
v -24.43944832 2.29609728 197.26222230
v -23.13882348 4.24264193 197.01219178
v -21.19227882 5.54327965 196.76220704
v -18.89618584 6.00000048 196.51222230
v -16.60006616 5.54327965 196.26219178
v -14.65354440 4.24264193 196.01220704
v -13.35290048 2.29609728 195.76222230
v -12.89619348 0.00000214 195.51219178
v -13.35290048 -2.29609823 195.26220704
v -14.65354440 -4.24263763 195.01222230
v -16.60006616 -5.54327774 194.76219178
v -18.89618584 -5.99999905 194.51220704
v -21.19227882 -5.54327774 194.26222230
v -23.13882348 -4.24263763 194.01219178
v -24.89617440 0.00000214 197.51220704
v -26.28722282 -3.06145978 195.76222230
v -26.28722282 3.06145883 199.26219178
v -24.55304620 5.65685987 199.01220704
v -21.95765206 7.39103937 198.76217652
v -18.89618584 8.00000000 198.51219178
v -15.83471582 7.39103937 198.26220704
v -13.23932550 5.65685987 198.01217652
v -11.50514314 3.06145883 197.76219178
v -10.89617630 0.00000214 197.51220704
v -11.50514314 -3.06145978 197.26222230
v -13.23932550 -5.65685797 197.01219178
v -15.83471582 -7.39103794 196.76220704
v -18.89618584 -8.00000095 196.51222230
v -21.95765206 -7.39103794 196.26219178
v -24.55304620 -5.65685797 196.01220704
v -26.89619348 0.00000214 199.51217652
v -24.43944832 -2.29609823 197.76219178
v -24.43944832 2.29609728 201.26222220
v -23.13882348 4.24264193 201.01219180
v -21.19227882 5.54327965 200.76220700
v -18.89618584 6.00000048 200.51220700
v -16.60006616 5.54327965 200.26219180
v -14.65354440 4.24264193 200.01219180
v -13.35290048 2.29609728 199.76220704
v -12.89619348 0.00000214 199.51217652
v -13.35290048 -2.29609823 199.26219178
v -14.65354440 -4.24263763 199.01220704
v -16.60006616 -5.54327774 198.76217652
v -18.89618584 -5.99999905 198.51219178
v -21.19227882 -5.54327774 198.26220704
v -23.13882348 -4.24263763 198.01217652
v -24.89617440 0.00000214 201.51220700
v -26.28722282 -3.06145978 199.76220704
v -26.28722282 3.06145883 203.26219180
v -24.55304620 5.65685987 203.01220700
v -21.95765206 7.39103937 202.76222220
v -18.89618584 8.00000000 202.51219180
v -15.83471582 7.39103937 202.26220700
v -13.23932550 5.65685987 202.01222220
v -11.50514314 3.06145883 201.76219180
v -10.89617630 0.00000214 201.51220700
v -11.50514314 -3.06145978 201.26222220
v -13.23932550 -5.65685797 201.01219180
v -15.83471582 -7.39103794 200.76220700
v -18.89618584 -8.00000095 200.51220700
v -21.95765206 -7.39103794 200.26219180
v -24.55304620 -5.65685797 200.01219180
v -26.89619348 0.00000214 203.51222220
v -24.43944832 -2.29609823 201.76219180
v -24.43944832 2.29609728 205.26220700
v -23.13882348 4.24264193 205.01222220
v -21.19227882 5.54327965 204.76219180
v -18.89618584 6.00000048 204.51220700
v -16.60006616 5.54327965 204.26222220
v -14.65354440 4.24264193 204.01219180
v -13.35290048 2.29609728 203.76220700
v -12.89619348 0.00000214 203.51222220
v -13.35290048 -2.29609823 203.26219180
v -14.65354440 -4.24263763 203.01220700
v -16.60006616 -5.54327774 202.76222220
v -18.89618584 -5.99999905 202.51219180
v -21.19227882 -5.54327774 202.26220700
v -23.13882348 -4.24263763 202.01222220
v -24.89617440 0.00000214 205.51219180
v -26.28722282 -3.06145978 203.76220700
v -26.28722282 3.06145883 207.26219180
v -24.55304620 5.65685987 207.01219180
v -21.95765206 7.39103937 206.76220700
v -18.89618584 8.00000000 206.51217660
v -15.83471582 7.39103937 206.26219180
v -13.23932550 5.65685987 206.01220700
v -11.50514314 3.06145883 205.76217660
v -10.89617630 0.00000214 205.51219180
v -11.50514314 -3.06145978 205.26220700
v -13.23932550 -5.65685797 205.01222220
v -15.83471582 -7.39103794 204.76219180
v -18.89618584 -8.00000095 204.51220700
v -21.95765206 -7.39103794 204.26222220
v -24.55304620 -5.65685797 204.01219180
v -26.89619348 0.00000214 207.51220700
v -24.43944832 -2.29609823 205.76217660
v -24.43944832 2.29609728 209.26220700
v -23.13882348 4.24264193 209.01222220
v -21.19227882 5.54327965 208.76219180
v -18.89618584 6.00000048 208.51220700
v -16.60006616 5.54327965 208.26220700
v -14.65354440 4.24264193 208.01219180
v -13.35290048 2.29609728 207.76219180
v -12.89619348 0.00000214 207.51220700
v -13.35290048 -2.29609823 207.26219180
v -14.65354440 -4.24263763 207.01219180
v -16.60006616 -5.54327774 206.76220700
v -18.89618584 -5.99999905 206.51217660
v -21.19227882 -5.54327774 206.26219180
v -23.13882348 -4.24263763 206.01220700
v -24.89617440 0.00000214 209.51219180
v -26.28722282 -3.06145978 207.76219180
v -26.28722282 3.06145883 211.26222220
v -24.55304620 5.65685987 211.01219180
v -21.95765206 7.39103937 210.76220700
v -18.89618584 8.00000000 210.51222220
v -15.83471582 7.39103937 210.26219180
v -13.23932550 5.65685987 210.01220700
v -11.50514314 3.06145883 209.76222220
v -10.89617630 0.00000214 209.51219180
v -11.50514314 -3.06145978 209.26220700
v -13.23932550 -5.65685797 209.01222220
v -15.83471582 -7.39103794 208.76219180
v -18.89618584 -8.00000095 208.51220700
v -21.95765206 -7.39103794 208.26220700
v -24.55304620 -5.65685797 208.01219180
v -26.89619348 0.00000214 211.51220700
v -24.43944832 -2.29609823 209.76222220
v -24.43944832 2.29609728 213.26219180
v -23.13882348 4.24264193 213.01220700
v -21.19227882 5.54327965 212.76217660
v -18.89618584 6.00000048 212.51219180
v -16.60006616 5.54327965 212.26220700
v -14.65354440 4.24264193 212.01222220
v -13.35290048 2.29609728 211.76219180
v -12.89619348 0.00000214 211.51220700
v -13.35290048 -2.29609823 211.26222220
v -14.65354440 -4.24263763 211.01219180
v -16.60006616 -5.54327774 210.76220700
v -18.89618584 -5.99999905 210.51222220
v -21.19227882 -5.54327774 210.26219180
v -23.13882348 -4.24263763 210.01220700
v -24.89617440 0.00000214 213.51217660
v -26.28722282 -3.06145978 211.76219180
v -26.28722282 3.06145883 215.26220700
v -24.55304620 5.65685987 215.01219180
v -21.95765206 7.39103937 214.76219180
v -18.89618584 8.00000000 214.51220700
v -15.83471582 7.39103937 214.26217660
v -13.23932550 5.65685987 214.01219180
v -11.50514314 3.06145883 213.76220700
v -10.89617630 0.00000214 213.51217660
v -11.50514314 -3.06145978 213.26219180
v -13.23932550 -5.65685797 213.01220700
v -15.83471582 -7.39103794 212.76217660
v -18.89618584 -8.00000095 212.51219180
v -21.95765206 -7.39103794 212.26220700
v -24.55304620 -5.65685797 212.01222220
v -26.89619348 0.00000214 215.51220700
v -24.43944832 -2.29609823 213.76220700
v -24.43944832 2.29609728 217.26219180
v -23.13882348 4.24264193 217.01220700
v -21.19227882 5.54327965 216.76222220
v -18.89618584 6.00000048 216.51219180
v -16.60006616 5.54327965 216.26220700
v -14.65354440 4.24264193 216.01222220
v -13.35290048 2.29609728 215.76219180
v -12.89619348 0.00000214 215.51220700
v -13.35290048 -2.29609823 215.26220700
v -14.65354440 -4.24263763 215.01219180
v -16.60006616 -5.54327774 214.76219180
v -18.89618584 -5.99999905 214.51220700
v -21.19227882 -5.54327774 214.26217660
v -23.13882348 -4.24263763 214.01219180
v -24.89617440 0.00000214 217.51222220
v -26.28722282 -3.06145978 215.76219180
v -26.28722282 3.06145883 219.26220700
v -24.55304620 5.65685987 219.01222220
v -21.95765206 7.39103937 218.76219180
v -18.89618584 8.00000000 218.51220700
v -15.83471582 7.39103937 218.26222220
v -13.23932550 5.65685987 218.01219180
v -11.50514314 3.06145883 217.76220700
v -10.89617630 0.00000214 217.51222220
v -11.50514314 -3.06145978 217.26219180
v -13.23932550 -5.65685797 217.01220700
v -15.83471582 -7.39103794 216.76222220
v -18.89618584 -8.00000095 216.51219180
v -21.95765206 -7.39103794 216.26220700
v -24.55304620 -5.65685797 216.01222220
v -26.89619348 0.00000214 219.51219180
v -24.43944832 -2.29609823 217.76220700
v -24.43944832 2.29609728 221.26217660
v -23.13882348 4.24264193 221.01219180
v -21.19227882 5.54327965 220.76220700
v -18.89618584 6.00000048 220.51217660
v -16.60006616 5.54327965 220.26219180
v -14.65354440 4.24264193 220.01220700
v -13.35290048 2.29609728 219.76217660
v -12.89619348 0.00000214 219.51219180
v -13.35290048 -2.29609823 219.26220700
v -14.65354440 -4.24263763 219.01222220
v -16.60006616 -5.54327774 218.76219180
v -18.89618584 -5.99999905 218.51220700
v -21.19227882 -5.54327774 218.26222220
v -23.13882348 -4.24263763 218.01219180
v -24.89617440 0.00000214 221.51220700
v -26.28722282 -3.06145978 219.76217660
v -26.28722282 3.06145883 223.26220700
v -24.55304620 5.65685987 223.01220700
v -21.95765206 7.39103937 222.76219180
v -18.89618584 8.00000000 222.51220700
v -15.83471582 7.39103937 222.26220700
v -13.23932550 5.65685987 222.01219180
v -11.50514314 3.06145883 221.76219180
v -10.89617630 0.00000214 221.51220700
v -11.50514314 -3.06145978 221.26217660
v -13.23932550 -5.65685797 221.01219180
v -15.83471582 -7.39103794 220.76220700
v -18.89618584 -8.00000095 220.51217660
v -21.95765206 -7.39103794 220.26219180
v -24.55304620 -5.65685797 220.01220700
v -26.89619348 0.00000214 223.51219180
v -24.43944832 -2.29609823 221.76219180
v -24.43944832 2.29609728 225.26222220
v -23.13882348 4.24264193 225.01219180
v -21.19227882 5.54327965 224.76220700
v -18.89618584 6.00000048 224.51222220
v -16.60006616 5.54327965 224.26219180
v -14.65354440 4.24264193 224.01220700
v -13.35290048 2.29609728 223.76222220
v -12.89619348 0.00000214 223.51219180
v -13.35290048 -2.29609823 223.26220700
v -14.65354440 -4.24263763 223.01220700
v -16.60006616 -5.54327774 222.76219180
v -18.89618584 -5.99999905 222.51220700
v -21.19227882 -5.54327774 222.26220700
v -23.13882348 -4.24263763 222.01219180
v -24.89617440 0.00000214 225.51220700
v -26.28722282 -3.06145978 223.76222220
v -26.28722282 3.06145883 227.26219180
v -24.55304620 5.65685987 227.01220700
v -21.95765206 7.39103937 226.76217660
v -18.89618584 8.00000000 226.51219180
v -15.83471582 7.39103937 226.26220700
v -13.23932550 5.65685987 226.01222220
v -11.50514314 3.06145883 225.76219180
v -10.89617630 0.00000214 225.51220700
v -11.50514314 -3.06145978 225.26222220
v -13.23932550 -5.65685797 225.01219180
v -15.83471582 -7.39103794 224.76220700
v -18.89618584 -8.00000095 224.51222220
v -21.95765206 -7.39103794 224.26219180
v -24.55304620 -5.65685797 224.01220700
v -26.89619348 0.00000214 227.51217660
v -24.43944832 -2.29609823 225.76219180
v -24.43944832 2.29609728 229.26220700
v -23.13882348 4.24264193 229.01219180
v -21.19227882 5.54327965 228.76219180
v -18.89618584 6.00000048 228.51220700
v -16.60006616 5.54327965 228.26217660
v -14.65354440 4.24264193 228.01219180
v -13.35290048 2.29609728 227.76220700
v -12.89619348 0.00000214 227.51217660
v -13.35290048 -2.29609823 227.26219180
v -14.65354440 -4.24263763 227.01220700
v -16.60006616 -5.54327774 226.76217660
v -18.89618584 -5.99999905 226.51219180
v -21.19227882 -5.54327774 226.26220700
v -23.13882348 -4.24263763 226.01222220
v -24.89617440 0.00000214 229.51219180
v -26.28722282 -3.06145978 227.76220700
v -26.28722282 3.06145883 231.26219180
v -24.55304620 5.65685987 231.01220700
v -21.95765206 7.39103937 230.76222220
v -18.89618584 8.00000000 230.51219180
v -15.83471582 7.39103937 230.26220700
v -13.23932550 5.65685987 230.01220700
v -11.50514314 3.06145883 229.76219180
v -10.89617630 0.00000214 229.51219180
v -11.50514314 -3.06145978 229.26220700
v -13.23932550 -5.65685797 229.01219180
v -15.83471582 -7.39103794 228.76219180
v -18.89618584 -8.00000095 228.51220700
v -21.95765206 -7.39103794 228.26217660
v -24.55304620 -5.65685797 228.01219180
v -26.89619348 0.00000214 231.51222220
v -24.43944832 -2.29609823 229.76219180
v -24.43944832 2.29609728 233.26220700
v -23.13882348 4.24264193 233.01222220
v -21.19227882 5.54327965 232.76219180
v -18.89618584 6.00000048 232.51220700
v -16.60006616 5.54327965 232.26222220
v -14.65354440 4.24264193 232.01219180
v -13.35290048 2.29609728 231.76220700
v -12.89619348 0.00000214 231.51222220
v -13.35290048 -2.29609823 231.26219180
v -14.65354440 -4.24263763 231.01220700
v -16.60006616 -5.54327774 230.76222220
v -18.89618584 -5.99999905 230.51219180
v -21.19227882 -5.54327774 230.26220700
v -23.13882348 -4.24263763 230.01220700
v -24.89617440 0.00000214 233.51219180
v -26.28722282 -3.06145978 231.76220700
v -26.28722282 3.06145883 235.26217660
v -24.55304620 5.65685987 235.01219180
v -21.95765206 7.39103937 234.76220700
v -18.89618584 8.00000000 234.51217660
v -15.83471582 7.39103937 234.26219180
v -13.23932550 5.65685987 234.01220700
v -11.50514314 3.06145883 233.76222220
v -10.89617630 0.00000214 233.51219180
v -11.50514314 -3.06145978 233.26220700
v -13.23932550 -5.65685797 233.01222220
v -15.83471582 -7.39103794 232.76219180
v -18.89618584 -8.00000095 232.51220700
v -21.95765206 -7.39103794 232.26222220
v -24.55304620 -5.65685797 232.01219180
v -26.89619348 0.00000214 235.51220700
v -24.43944832 -2.29609823 233.76222220
v -24.43944832 2.29609728 237.26220700
v -23.13882348 4.24264193 237.01220700
v -21.19227882 5.54327965 236.76219180
v -18.89618584 6.00000048 236.51219180
v -16.60006616 5.54327965 236.26220700
v -14.65354440 4.24264193 236.01217660
v -13.35290048 2.29609728 235.76219180
v -12.89619348 0.00000214 235.51220700
v -13.35290048 -2.29609823 235.26217660
v -14.65354440 -4.24263763 235.01219180
v -16.60006616 -5.54327774 234.76220700
v -18.89618584 -5.99999905 234.51217660
v -21.19227882 -5.54327774 234.26219180
v -23.13882348 -4.24263763 234.01220700
v -24.89617440 0.00000214 237.51219180
v -26.28722282 -3.06145978 235.76219180
v -26.28722282 3.06145883 239.26222220
v -24.55304620 5.65685987 239.01219180
v -21.95765206 7.39103937 238.76220700
v -18.89618584 8.00000000 238.51222220
v -15.83471582 7.39103937 238.26219180
v -13.23932550 5.65685987 238.01220700
v -11.50514314 3.06145883 237.76222220
v -10.89617630 0.00000214 237.51219180
v -11.50514314 -3.06145978 237.26220700
v -13.23932550 -5.65685797 237.01220700
v -15.83471582 -7.39103794 236.76219180
v -18.89618584 -8.00000095 236.51219180
v -21.95765206 -7.39103794 236.26220700
v -24.55304620 -5.65685797 236.01217660
v -26.89619348 0.00000214 239.51220700
v -24.43944832 -2.29609823 237.76222220
v -24.43944832 2.29609728 241.26219180
v -23.13882348 4.24264193 241.01220700
v -21.19227882 5.54327965 240.76217660
v -18.89618584 6.00000048 240.51219180
v -16.60006616 5.54327965 240.26220700
v -14.65354440 4.24264193 240.01222220
v -13.35290048 2.29609728 239.76219180
v -12.89619348 0.00000214 239.51220700
v -13.35290048 -2.29609823 239.26222220
v -14.65354440 -4.24263763 239.01219180
v -16.60006616 -5.54327774 238.76220700
v -18.89618584 -5.99999905 238.51222220
v -21.19227882 -5.54327774 238.26219180
v -23.13882348 -4.24263763 238.01220700
v -24.89617440 0.00000214 241.51217660
v -26.28722282 -3.06145978 239.76219180
v -26.28722282 3.06145883 243.26220700
v -24.55304620 5.65685987 243.01217660
v -21.95765206 7.39103937 242.76219180
v -18.89618584 8.00000000 242.51220700
v -15.83471582 7.39103937 242.26217660
v -13.23932550 5.65685987 242.01219180
v -11.50514314 3.06145883 241.76220700
v -10.89617630 0.00000214 241.51217660
v -11.50514314 -3.06145978 241.26219180
v -13.23932550 -5.65685797 241.01220700
v -15.83471582 -7.39103794 240.76217660
v -18.89618584 -8.00000095 240.51219180
v -21.95765206 -7.39103794 240.26220700
v -24.55304620 -5.65685797 240.01222220
v -26.89619348 0.00000214 243.51219180
v -24.43944832 -2.29609823 241.76220700
v -24.43944832 2.29609728 245.26219180
v -23.13882348 4.24264193 245.01220700
v -21.19227882 5.54327965 244.76220700
v -18.89618584 6.00000048 244.51219180
v -16.60006616 5.54327965 244.26219180
v -14.65354440 4.24264193 244.01220700
v -13.35290048 2.29609728 243.76219180
v -12.89619348 0.00000214 243.51219180
v -13.35290048 -2.29609823 243.26220700
v -14.65354440 -4.24263763 243.01217660
v -16.60006616 -5.54327774 242.76219180
v -18.89618584 -5.99999905 242.51220700
v -21.19227882 -5.54327774 242.26217660
v -23.13882348 -4.24263763 242.01219180
v -24.89617440 0.00000214 245.51222220
v -26.28722282 -3.06145978 243.76219180
v -26.28722282 3.06145883 247.26220700
v -24.55304620 5.65685987 247.01222220
v -21.95765206 7.39103937 246.76219180
v -18.89618584 8.00000000 246.51220700
v -15.83471582 7.39103937 246.26222220
v -13.23932550 5.65685987 246.01219180
v -11.50514314 3.06145883 245.76220700
v -10.89617630 0.00000214 245.51222220
v -11.50514314 -3.06145978 245.26219180
v -13.23932550 -5.65685797 245.01220700
v -15.83471582 -7.39103794 244.76220700
v -18.89618584 -8.00000095 244.51219180
v -21.95765206 -7.39103794 244.26219180
v -24.55304620 -5.65685797 244.01220700
v -26.89619348 0.00000214 247.51219180
v -24.43944832 -2.29609823 245.76220700
v -24.43944832 2.29609728 249.26217660
v -23.13882348 4.24264193 249.01219180
v -21.19227882 5.54327965 248.76220700
v -18.89618584 6.00000048 248.51217660
v -16.60006616 5.54327965 248.26219180
v -14.65354440 4.24264193 248.01220700
v -13.35290048 2.29609728 247.76217660
v -12.89619348 0.00000214 247.51219180
v -13.35290048 -2.29609823 247.26220700
v -14.65354440 -4.24263763 247.01222220
v -16.60006616 -5.54327774 246.76219180
v -18.89618584 -5.99999905 246.51220700
v -21.19227882 -5.54327774 246.26222220
v -23.13882348 -4.24263763 246.01219180
v -24.89617440 0.00000214 249.51220700
v -26.28722282 -3.06145978 247.76217660
v -26.28722282 3.06145883 251.26219180
v -24.55304620 5.65685987 251.01220700
v -21.95765206 7.39103937 250.76217660
v -18.89618584 8.00000000 250.51219180
v -15.83471582 7.39103937 250.26220700
v -13.23932550 5.65685987 250.01217660
v -11.50514314 3.06145883 249.76219180
v -10.89617630 0.00000214 249.51220700
v -11.50514314 -3.06145978 249.26217660
v -13.23932550 -5.65685797 249.01219180
v -15.83471582 -7.39103794 248.76220700
v -18.89618584 -8.00000095 248.51217660
v -21.95765206 -7.39103794 248.26219180
v -24.55304620 -5.65685797 248.01220700
v -26.89619348 0.00000214 251.51219180
v -24.43944832 -2.29609823 249.76219180
v -24.43944832 2.29609728 253.26222220
v -23.13882348 4.24264193 253.01219180
v -21.19227882 5.54327965 252.76220700
v -18.89618584 6.00000048 252.51222220
v -16.60006616 5.54327965 252.26219180
v -14.65354440 4.24264193 252.01220700
v -13.35290048 2.29609728 251.76220700
v -12.89619348 0.00000214 251.51219180
v -13.35290048 -2.29609823 251.26219180
v -14.65354440 -4.24263763 251.01220700
v -16.60006616 -5.54327774 250.76217660
v -18.89618584 -5.99999905 250.51219180
v -21.19227882 -5.54327774 250.26220700
v -23.13882348 -4.24263763 250.01217660
v -24.89617440 0.00000214 253.51220700
v -26.28722282 -3.06145978 251.76220700
v -26.28722282 3.06145883 255.26219180
v -24.55304620 5.65685987 255.01220700
v -21.95765206 7.39103937 254.76222220
v -18.89618584 8.00000000 254.51219180
v -15.83471582 7.39103937 254.26220700
v -13.23932550 5.65685987 254.01222220
v -11.50514314 3.06145883 253.76219180
v -10.89617630 0.00000214 253.51220700
v -11.50514314 -3.06145978 253.26222220
v -13.23932550 -5.65685797 253.01219180
v -15.83471582 -7.39103794 252.76220700
v -18.89618584 -8.00000095 252.51222220
v -21.95765206 -7.39103794 252.26219180
v -24.55304620 -5.65685797 252.01220700
v -26.89619348 0.00000214 255.51217660
v -24.43944832 -2.29609823 253.76219180
v -24.43944832 2.29609728 257.26220700
v -23.13882348 4.24264193 257.01217660
v -21.19227882 5.54327965 256.76220700
v -18.89618584 6.00000048 256.51220700
v -16.60006616 5.54327965 256.26217660
v -14.65354440 4.24264193 256.01220700
v -13.35290048 2.29609728 255.76220700
v -12.89619348 0.00000214 255.51217660
v -13.35290048 -2.29609823 255.26219180
v -14.65354440 -4.24263763 255.01220700
v -16.60006616 -5.54327774 254.76222220
v -18.89618584 -5.99999905 254.51219180
v -21.19227882 -5.54327774 254.26220700
v -23.13882348 -4.24263763 254.01222220
v -24.89617440 0.00000214 257.51220700
v -26.28722282 -3.06145978 255.76220700
v -26.28722282 3.06145883 259.26217660
v -24.55304620 5.65685987 259.01220700
v -21.95765206 7.39103937 258.76220700
v -18.89618584 8.00000000 258.51217660
v -15.83471582 7.39103937 258.26220700
v -13.23932550 5.65685987 258.01220700
v -11.50514314 3.06145883 257.76217660
v -10.89617630 0.00000214 257.51220700
v -11.50514314 -3.06145978 257.26220700
v -13.23932550 -5.65685797 257.01217660
v -15.83471582 -7.39103794 256.76220700
v -18.89618584 -8.00000095 256.51220700
v -21.95765206 -7.39103794 256.26217660
v -24.55304620 -5.65685797 256.01220700
v -26.89619348 0.00000214 259.51220700
v -24.43944832 -2.29609823 257.76217660
v -24.43944832 2.29609728 261.26220700
v -23.13882348 4.24264193 261.01220700
v -21.19227882 5.54327965 260.76217660
v -18.89618584 6.00000048 260.51220700
v -16.60006616 5.54327965 260.26220700
v -14.65354440 4.24264193 260.01217660
v -13.35290048 2.29609728 259.76220700
v -12.89619348 0.00000214 259.51220700
v -13.35290048 -2.29609823 259.26217660
v -14.65354440 -4.24263763 259.01220700
v -16.60006616 -5.54327774 258.76220700
v -18.89618584 -5.99999905 258.51217660
v -21.19227882 -5.54327774 258.26220700
v -23.13882348 -4.24263763 258.01220700
v -24.89617440 0.00000214 261.51217660
v -26.28722282 -3.06145978 259.76220700
v -26.28722282 3.06145883 263.26217660
v -24.55304620 5.65685987 263.01220700
v -21.95765206 7.39103937 262.76220700
v -18.89618584 8.00000000 262.51217660
v -15.83471582 7.39103937 262.26220700
v -13.23932550 5.65685987 262.01220700
v -11.50514314 3.06145883 261.76220700
v -10.89617630 0.00000214 261.51217660
v -11.50514314 -3.06145978 261.26220700
v -13.23932550 -5.65685797 261.01220700
v -15.83471582 -7.39103794 260.76217660
v -18.89618584 -8.00000095 260.51220700
v -21.95765206 -7.39103794 260.26220700
v -24.55304620 -5.65685797 260.01217660
v -26.89619348 0.00000214 263.51220700
v -24.43944832 -2.29609823 261.76220700
v -24.43944832 2.29609728 265.26220700
v -23.13882348 4.24264193 265.01220700
v -21.19227882 5.54327965 264.76217660
v -18.89618584 6.00000048 264.51220700
v -16.60006616 5.54327965 264.26220700
v -14.65354440 4.24264193 264.01217660
v -13.35290048 2.29609728 263.76220700
v -12.89619348 0.00000214 263.51220700
v -13.35290048 -2.29609823 263.26217660
v -14.65354440 -4.24263763 263.01220700
v -16.60006616 -5.54327774 262.76220700
v -18.89618584 -5.99999905 262.51217660
v -21.19227882 -5.54327774 262.26220700
v -23.13882348 -4.24263763 262.01220700
v -24.89617440 0.00000214 265.51217660
v -26.28722282 -3.06145978 263.76220700
v -26.28722282 3.06145883 267.26220700
v -24.55304620 5.65685987 267.01217660
v -21.95765206 7.39103937 266.76220700
v -18.89618584 8.00000000 266.51220700
v -15.83471582 7.39103937 266.26217660
v -13.23932550 5.65685987 266.01220700
v -11.50514314 3.06145883 265.76220700
v -10.89617630 0.00000214 265.51217660
v -11.50514314 -3.06145978 265.26220700
v -13.23932550 -5.65685797 265.01220700
v -15.83471582 -7.39103794 264.76217660
v -18.89618584 -8.00000095 264.51220700
v -21.95765206 -7.39103794 264.26220700
v -24.55304620 -5.65685797 264.01217660
v -26.89619348 0.00000214 267.51220700
v -24.43944832 -2.29609823 265.76220700
v -24.43944832 2.29609728 269.26217660
v -23.13882348 4.24264193 269.01217660
v -21.19227882 5.54327965 268.76220700
v -18.89618584 6.00000048 268.51217660
v -16.60006616 5.54327965 268.26220700
v -14.65354440 4.24264193 268.01220700
v -13.35290048 2.29609728 267.76217660
v -12.89619348 0.00000214 267.51220700
v -13.35290048 -2.29609823 267.26220700
v -14.65354440 -4.24263763 267.01217660
v -16.60006616 -5.54327774 266.76220700
v -18.89618584 -5.99999905 266.51220700
v -21.19227882 -5.54327774 266.26217660
v -23.13882348 -4.24263763 266.01220700
v -24.89617440 0.00000214 269.51220700
v -26.28722282 -3.06145978 267.76217660
v -26.28722282 3.06145883 271.26217660
v -24.55304620 5.65685987 271.01217660
v -21.95765206 7.39103937 270.76220700
v -18.89618584 8.00000000 270.51217660
v -15.83471582 7.39103937 270.26217660
v -13.23932550 5.65685987 270.01220700
v -11.50514314 3.06145883 269.76217660
v -10.89617630 0.00000214 269.51220700
v -11.50514314 -3.06145978 269.26217660
v -13.23932550 -5.65685797 269.01217660
v -15.83471582 -7.39103794 268.76220700
v -18.89618584 -8.00000095 268.51217660
v -21.95765206 -7.39103794 268.26220700
v -24.55304620 -5.65685797 268.01220700
v -26.89619348 0.00000214 271.51220700
v -24.43944832 -2.29609823 269.76217660
v -24.43944832 2.29609728 273.26217660
v -23.13882348 4.24264193 273.01220700
v -21.19227882 5.54327965 272.76217660
v -18.89618584 6.00000048 272.51217660
v -16.60006616 5.54327965 272.26220700
v -14.65354440 4.24264193 272.01217660
v -13.35290048 2.29609728 271.76217660
v -12.89619348 0.00000214 271.51220700
v -13.35290048 -2.29609823 271.26217660
v -14.65354440 -4.24263763 271.01217660
v -16.60006616 -5.54327774 270.76220700
v -18.89618584 -5.99999905 270.51217660
v -21.19227882 -5.54327774 270.26217660
v -23.13882348 -4.24263763 270.01220700
v -24.89617440 0.00000214 273.51217660
v -26.28722282 -3.06145978 271.76217660
v -26.28722282 3.06145883 275.26220700
v -24.55304620 5.65685987 275.01217660
v -21.95765206 7.39103937 274.76217660
v -18.89618584 8.00000000 274.51220700
v -15.83471582 7.39103937 274.26217660
v -13.23932550 5.65685987 274.01217660
v -11.50514314 3.06145883 273.76220700
v -10.89617630 0.00000214 273.51217660
v -11.50514314 -3.06145978 273.26217660
v -13.23932550 -5.65685797 273.01220700
v -15.83471582 -7.39103794 272.76217660
v -18.89618584 -8.00000095 272.51217660
v -21.95765206 -7.39103794 272.26220700
v -24.55304620 -5.65685797 272.01217660
v -26.89619348 0.00000214 275.51217660
v -24.43944832 -2.29609823 273.76220700
v -24.43944832 2.29609728 277.26217660
v -23.13882348 4.24264193 277.01220700
v -21.19227882 5.54327965 276.76220700
v -18.89618584 6.00000048 276.51217660
v -16.60006616 5.54327965 276.26217660
v -14.65354440 4.24264193 276.01220700
v -13.35290048 2.29609728 275.76217660
v -12.89619348 0.00000214 275.51217660
v -13.35290048 -2.29609823 275.26220700
v -14.65354440 -4.24263763 275.01217660
v -16.60006616 -5.54327774 274.76217660
v -18.89618584 -5.99999905 274.51220700
v -21.19227882 -5.54327774 274.26217660
v -23.13882348 -4.24263763 274.01217660
v -24.89617440 0.00000214 277.51220700
v -26.28722282 -3.06145978 275.76217660
v -26.28722282 3.06145883 279.26220700
v -24.55304620 5.65685987 279.01220700
v -21.95765206 7.39103937 278.76217660
v -18.89618584 8.00000000 278.51220700
v -15.83471582 7.39103937 278.26220700
v -13.23932550 5.65685987 278.01217660
v -11.50514314 3.06145883 277.76220700
v -10.89617630 0.00000214 277.51220700
v -11.50514314 -3.06145978 277.26217660
v -13.23932550 -5.65685797 277.01220700
v -15.83471582 -7.39103794 276.76220700
v -18.89618584 -8.00000095 276.51217660
v -21.95765206 -7.39103794 276.26217660
v -24.55304620 -5.65685797 276.01220700
v -26.89619348 0.00000214 279.51217660
v -24.43944832 -2.29609823 277.76220700
v -24.43944832 2.29609728 281.26220700
v -23.13882348 4.24264193 281.01217660
v -21.19227882 5.54327965 280.76220700
v -18.89618584 6.00000048 280.51220700
v -16.60006616 5.54327965 280.26217660
v -14.65354440 4.24264193 280.01220700
v -13.35290048 2.29609728 279.76220700
v -12.89619348 0.00000214 279.51217660
v -13.35290048 -2.29609823 279.26220700
v -14.65354440 -4.24263763 279.01220700
v -16.60006616 -5.54327774 278.76217660
v -18.89618584 -5.99999905 278.51220700
v -21.19227882 -5.54327774 278.26220700
v -23.13882348 -4.24263763 278.01217660
v -24.89617440 0.00000214 281.51220700
v -26.28722282 -3.06145978 279.76220700
v -25.63806054 1.63278294 282.44561760
v -25.47881600 2.72662044 282.38720700
v -24.50760170 4.31256247 282.31219480
v -24.02270790 5.12651920 282.26220700
v -24.97145744 3.55510068 282.34799200
v -22.35138986 6.34158087 282.17877200
v -21.71847818 6.81362009 282.13717660
v -23.34918114 5.61617994 282.22860720
v -19.50847908 7.34488058 282.04559320
v -18.89618584 7.50000095 282.01220700
v -21.04378030 6.97580051 282.10916140
v -16.44698998 7.11282110 281.91217040
v -15.97821710 7.04457903 281.88720700
v -18.34786126 7.41331911 281.98980720
v -13.68743416 5.64171934 281.77877800
v -13.41609474 5.48007965 281.76217660
v -15.62316796 6.82713985 281.87039180
v -11.71504112 3.14022017 281.64556880
v -11.62062164 3.01363754 281.63720700
v -13.25287530 5.25555897 281.75097660
v -10.89617630 0.00000214 281.51220700
v -11.58820816 2.87870049 281.63162240
v -10.95414444 0.24109046 281.52218620
v -10.92053886 0.12245978 281.52218620
v -11.50514314 -3.06145978 281.26220700
v -13.23932550 -5.65685797 281.01217660
v -15.83471582 -7.39103794 280.76220700
v -18.89618584 -8.00000095 280.51220700
v -21.95765206 -7.39103794 280.26217660
v -24.55304620 -5.65685797 280.01220700
v -25.89618202 0.00000214 282.51217660
v -25.72281930 1.09664714 282.46740720
v -25.58592888 -1.22458470 282.57876580
v -24.43944832 -2.29609823 281.76217660
v -24.43944832 2.29609728 283.51217660
v -23.13882348 4.24264193 283.51217660
v -21.19227882 5.54327965 283.51217660
v -18.89618584 6.00000048 283.51217660
v -16.60006616 5.54327965 283.51217660
v -14.65354440 4.24264193 283.51217660
v -13.35290048 2.29609728 283.51217660
v -12.89619348 0.00000214 283.51217660
v -10.90617272 0.00000214 281.52218620
v -13.35290048 -2.29609823 283.26217660
v -14.65354440 -4.24263763 283.01220700
v -16.60006616 -5.54327774 282.76220700
v -18.89618584 -5.99999905 282.51217660
v -21.19227882 -5.54327774 282.26220700
v -23.13882348 -4.24263763 282.01220700
v -24.89617440 0.00000214 283.51217660
v -25.53979394 -1.41649759 282.58679200
v -25.24785896 -2.63094211 282.63720700
v -24.48533150 -3.65332198 282.70458980
v -24.39816568 -3.77018023 282.71218880
v -24.43944832 -2.29609823 283.51217660
v -21.19227882 -5.54327774 283.51217660
v -23.13882348 -4.24263763 283.51217660
v -18.89618584 -5.99999905 283.51217660
v -16.60006616 -5.54327774 283.51217660
v -14.65354440 -4.24263763 283.51217660
v -13.35290048 -2.29609823 283.51217660
v -13.23742196 -2.34394050 283.38720700
v -13.21117684 -2.16363931 283.39678960
v -13.34535118 -2.52015877 283.37878420
v -14.47675224 -4.41942072 283.26217660
v -14.29025552 -4.10636234 283.28140260
v -14.81101510 -4.66241741 283.24557500
v -16.45656868 -5.88973856 283.13717660
v -16.01841256 -5.56294060 283.16598520
v -17.05930230 -6.03461933 283.11221320
v -18.18970010 -6.32099867 283.05059820
v -18.89618584 -6.49999809 283.01220700
v -19.71258064 -6.37094259 282.97879020
v -20.52994058 -6.25194073 282.93521120
v -21.43145272 -6.12069988 282.88717660
v -22.31253334 -5.58113956 282.84561160
v -23.66916176 -4.77298117 282.76220700
v -22.72996804 -5.33246040 282.81976320
v -24.43944832 2.29609728 -274.08648680
v -26.89619348 0.00000214 -275.83648680
v -24.89617440 0.00000214 -273.83645620
v -26.28722282 -3.06145978 -275.58648680
v -24.43944832 -2.29609823 -277.58648680
v -24.89617440 0.00000214 -277.83645620
v -26.28722282 3.06145883 -276.08645620
v -26.28722282 3.06145883 -272.08648680
v -23.13882348 4.24264193 -274.33648680
v -24.55304620 5.65685987 -272.33645620
v -26.89619348 0.00000214 -271.83648680
v -24.43944832 -2.29609823 -273.58648680
v -24.55304620 -5.65685797 -275.33645620
v -23.13882348 -4.24263763 -277.33648680
v -24.50760170 -4.31255817 -278.63647460
v -24.02270790 -5.12652016 -278.58645620
v -25.47881600 -2.72662139 -278.71148680
v -24.97145744 -3.55510163 -278.67227180
v -25.63806054 -1.63278389 -278.76980600
v -25.89618202 0.00000214 -278.83648680
v -25.72281930 -1.09664810 -278.79168700
v -25.58592888 1.22458374 -278.90316780
v -24.43944832 2.29609728 -278.08648680
v -24.55304620 5.65685987 -276.33648680
v -24.43944832 2.29609728 -270.08645620
v -23.13882348 4.24264193 -270.33648680
v -21.19227882 5.54327965 -274.58645620
v -21.95765206 7.39103937 -272.58648680
v -21.19227882 5.54327965 -270.58648680
v -24.89617440 0.00000214 -269.83648680
v -26.28722282 -3.06145978 -271.58645620
v -23.13882348 -4.24263763 -273.33648680
v -21.95765206 -7.39103794 -275.08648680
v -21.19227882 -5.54327774 -277.08648680
v -22.35138986 -6.34158182 -278.50314340
v -21.71847818 -6.81362104 -278.46148680
v -23.34918114 -5.61617851 -278.55291740
v -23.13882348 -4.24263763 -279.83648680
v -21.19227882 -5.54327774 -279.83648680
v -24.43944832 -2.29609823 -279.83648680
v -23.87625786 -3.13898206 -279.83648680
v -23.86511132 -3.17334104 -279.82647700
v -23.51453682 -3.69798017 -279.82647700
v -23.49161430 -3.71464229 -279.83648680
v -24.89617440 0.00000214 -279.83648680
v -25.53979394 1.41650188 -278.91110220
v -25.24785896 2.63094115 -278.96145620
v -24.48533150 3.65332103 -279.02880860
v -24.39816568 3.77017927 -279.03649900
v -23.13882348 4.24264193 -278.33648680
v -21.95765206 7.39103937 -276.58648680
v -26.28722282 3.06145883 -268.08648680
v -24.55304620 5.65685987 -268.33645620
v -21.95765206 7.39103937 -268.58648680
v -18.89618584 6.00000048 -274.83648680
v -18.89618584 8.00000000 -272.83648680
v -18.89618584 6.00000048 -270.83645620
v -18.89618584 8.00000000 -268.83648680
v -26.89619348 0.00000214 -267.83648680
v -24.43944832 -2.29609823 -269.58648680
v -24.55304620 -5.65685797 -271.33648680
v -21.19227882 -5.54327774 -273.08645620
v -18.89618584 -8.00000095 -274.83648680
v -18.89618584 -5.99999905 -276.83645620
v -19.50847908 -7.34487915 -278.36981200
v -18.89618584 -7.50000191 -278.33648680
v -21.04378030 -6.97580147 -278.43350220
v -20.87374016 -5.61663866 -279.82647700
v -20.89271066 -5.60286236 -279.83648680
v -20.42278572 -5.70634222 -279.82647700
v -20.37251564 -5.70634222 -279.83648680
v -18.89618584 -5.99999905 -279.83648680
v -23.75028130 -3.52671838 -279.84646600
v -20.75027368 -5.70634222 -279.84646600
v -23.75028130 -3.52671838 -279.82647700
v -20.75027368 -5.70634222 -279.82647700
v -24.89617440 0.00000214 -279.84646600
v -23.75028130 3.52672267 -279.84646600
v -23.87625786 3.13898110 -279.83648680
v -23.86511132 3.17334008 -279.82647700
v -23.75028130 3.52672267 -279.82647700
v -24.43944832 2.29609728 -279.83648680
v -23.66916176 4.77298021 -279.08648680
v -23.49161430 3.71464133 -279.83648680
v -23.13882348 4.24264193 -279.83648680
v -23.51453682 3.69797921 -279.82647700
v -22.72996804 5.33245945 -279.14416500
v -22.31253334 5.58114147 -279.16983040
v -21.19227882 5.54327965 -278.58645620
v -18.89618584 8.00000000 -276.83645620
v -24.43944832 2.29609728 -266.08645620
v -23.13882348 4.24264193 -266.33648680
v -21.19227882 5.54327965 -266.58648680
v -18.89618584 6.00000048 -266.83645620
v -16.60006616 5.54327965 -275.08648680
v -15.83471582 7.39103937 -273.08645620
v -16.60006616 5.54327965 -271.08648680
v -15.83471582 7.39103937 -269.08645620
v -16.60006616 5.54327965 -267.08648680
v -24.89617440 0.00000214 -265.83648680
v -26.28722282 -3.06145978 -267.58645620
v -23.13882348 -4.24263763 -269.33648680
v -21.95765206 -7.39103794 -271.08648680
v -18.89618584 -5.99999905 -272.83648680
v -15.83471582 -7.39103794 -274.58645620
v -16.60006616 -5.54327774 -276.58648680
v -16.44698998 -7.11281967 -278.23648080
v -15.97821710 -7.04458237 -278.21145620
v -18.34786126 -7.41332006 -278.31408700
v -17.36958214 -5.70634222 -279.82647700
v -17.41985222 -5.70634222 -279.83648680
v -16.91860482 -5.61663866 -279.82647700
v -16.89965722 -5.60286236 -279.83648680
v -16.60006616 -5.54327774 -279.83648680
v -17.04207132 -5.70634222 -279.84646600
v -17.04207132 -5.70634222 -279.82647700
v -20.75027368 5.70634127 -279.84646600
v -17.04207132 5.70634127 -279.84646600
v -14.04206750 3.52672267 -279.84646600
v -12.89619348 0.00000214 -279.84646600
v -14.04206750 -3.52671838 -279.84646600
v -20.89271066 5.60285902 -279.83648680
v -20.87374016 5.61664009 -279.82647700
v -20.75027368 5.70634127 -279.82647700
v -21.19227882 5.54327965 -279.83648680
v -21.43145272 6.12069893 -279.21148680
v -20.52994058 6.25193977 -279.25955200
v -18.89618584 6.00000048 -278.83648680
v -19.71258064 6.37093925 -279.30313120
v -15.83471582 7.39103937 -277.08648680
v -26.28722282 3.06145883 -264.08648680
v -24.55304620 5.65685987 -264.33648680
v -21.95765206 7.39103937 -264.58645620
v -18.89618584 8.00000000 -264.83648680
v -15.83471582 7.39103937 -265.08648680
v -14.65354440 4.24264193 -275.33645620
v -13.23932550 5.65685987 -273.33648680
v -14.65354440 4.24264193 -271.33648680
v -13.23932550 5.65685987 -269.33648680
v -14.65354440 4.24264193 -267.33648680
v -13.23932550 5.65685987 -265.33645620
v -26.89619348 0.00000214 -263.83645620
v -24.43944832 -2.29609823 -265.58648680
v -24.55304620 -5.65685797 -267.33648680
v -21.19227882 -5.54327774 -269.08645620
v -18.89618584 -8.00000095 -270.83645620
v -16.60006616 -5.54327774 -272.58648680
v -13.23932550 -5.65685797 -274.33648680
v -14.65354440 -4.24263763 -276.33648680
v -13.68743416 -5.64171743 -278.10311880
v -13.41609474 -5.48008060 -278.08648680
v -15.62316796 -6.82714081 -278.19470220
v -14.65354440 -4.24263763 -279.83648680
v -14.30075356 -3.71464229 -279.83648680
v -14.04206750 -3.52671838 -279.82647700
v -14.27783104 -3.69798017 -279.82647700
v -13.91609094 -3.13898206 -279.83648680
v -13.92725656 -3.17334104 -279.82647700
v -12.89619348 0.00000214 -279.83648680
v -13.91609094 3.13898110 -279.83648680
v -14.04206750 3.52672267 -279.82647700
v -13.92725656 3.17334008 -279.82647700
v -14.30075356 3.71464133 -279.83648680
v -16.89965722 5.60285902 -279.83648680
v -17.04207132 5.70634127 -279.82647700
v -14.27783104 3.69797921 -279.82647700
v -16.91860482 5.61664009 -279.82647700
v -17.41985222 5.70634127 -279.83648680
v -20.37251564 5.70634127 -279.83648680
v -17.36958214 5.70634127 -279.82647700
v -20.42278572 5.70634127 -279.82647700
v -18.89618584 6.49999952 -279.33645620
v -18.89618584 6.00000048 -279.83648680
v -16.60006616 5.54327965 -279.08648680
v -18.18970010 6.32100010 -279.37493900
v -17.05930230 6.03462076 -279.43646240
v -13.23932550 5.65685987 -277.33648680
v -24.43944832 2.29609728 -262.08645620
v -23.13882348 4.24264193 -262.33648680
v -21.19227882 5.54327965 -262.58648680
v -18.89618584 6.00000048 -262.83648680
v -16.60006616 5.54327965 -263.08645620
v -14.65354440 4.24264193 -263.33648680
v -13.35290048 2.29609728 -275.58648680
v -11.50514314 3.06145883 -273.58648680
v -13.35290048 2.29609728 -271.58645620
v -11.50514314 3.06145883 -269.58648680
v -13.35290048 2.29609728 -267.58645620
v -11.50514314 3.06145883 -265.58648680
v -13.35290048 2.29609728 -263.58648680
v -24.89617440 0.00000214 -261.83648680
v -26.28722282 -3.06145978 -263.58648680
v -23.13882348 -4.24263763 -265.33645620
v -21.95765206 -7.39103794 -267.08648680
v -18.89618584 -5.99999905 -268.83648680
v -15.83471582 -7.39103794 -270.58648680
v -14.65354440 -4.24263763 -272.33645620
v -11.50514314 -3.06145978 -274.08648680
v -13.35290048 -2.29609823 -276.08645620
v -11.71504112 -3.14022112 -277.96978760
v -11.62062164 -3.01363850 -277.96148680
v -13.25287530 -5.25555992 -278.07528680
v -13.35290048 -2.29609823 -279.83648680
v -11.58820816 -2.87870145 -277.95587160
v -10.89617630 0.00000214 -277.83645620
v -13.35290048 2.29609728 -279.58648680
v -13.23742196 2.34393954 -279.71145620
v -13.21117684 2.16363835 -279.72106940
v -13.35290048 2.29609728 -279.83648680
v -14.65354440 4.24264193 -279.83648680
v -14.29025552 4.10636139 -279.60574340
v -13.34535118 2.52015781 -279.70312500
v -16.60006616 5.54327965 -279.83648680
v -16.45656868 5.88973999 -279.46148680
v -14.65354440 4.24264193 -279.33645620
v -16.01841256 5.56293964 -279.49032600
v -14.81101510 4.66242170 -279.56979380
v -11.50514314 3.06145883 -277.58648680
v -26.28722282 3.06145883 -260.08648680
v -24.55304620 5.65685987 -260.33648680
v -21.95765206 7.39103937 -260.58645620
v -18.89618584 8.00000000 -260.83648680
v -15.83471582 7.39103937 -261.08648680
v -13.23932550 5.65685987 -261.33645620
v -11.50514314 3.06145883 -261.58648680
v -12.89619348 0.00000214 -275.83648680
v -10.89617630 0.00000214 -273.83645620
v -12.89619348 0.00000214 -271.83648680
v -10.89617630 0.00000214 -269.83648680
v -12.89619348 0.00000214 -267.83648680
v -10.89617630 0.00000214 -265.83648680
v -12.89619348 0.00000214 -263.83645620
v -10.89617630 0.00000214 -261.83648680
v -26.89619348 0.00000214 -259.83645620
v -24.43944832 -2.29609823 -261.58648680
v -24.55304620 -5.65685797 -263.33648680
v -21.19227882 -5.54327774 -265.08648680
v -18.89618584 -8.00000095 -266.83645620
v -16.60006616 -5.54327774 -268.58648680
v -13.23932550 -5.65685797 -270.33648680
v -13.35290048 -2.29609823 -272.08648680
v -14.47675224 4.41941977 -279.58648680
v -24.43944832 2.29609728 -258.08648680
v -23.13882348 4.24264193 -258.33645620
v -21.19227882 5.54327965 -258.58648680
v -18.89618584 6.00000048 -258.83648680
v -16.60006616 5.54327965 -259.08645620
v -14.65354440 4.24264193 -259.33648680
v -13.35290048 2.29609728 -259.58648680
v -12.89619348 0.00000214 -259.83645620
v -11.50514314 -3.06145978 -270.08645620
v -13.35290048 -2.29609823 -268.08648680
v -11.50514314 -3.06145978 -266.08645620
v -13.35290048 -2.29609823 -264.08648680
v -11.50514314 -3.06145978 -262.08645620
v -13.35290048 -2.29609823 -260.08648680
v -24.89617440 0.00000214 -257.83648680
v -26.28722282 -3.06145978 -259.58648680
v -23.13882348 -4.24263763 -261.33645620
v -21.95765206 -7.39103794 -263.08645620
v -18.89618584 -5.99999905 -264.83648680
v -15.83471582 -7.39103794 -266.58648680
v -14.65354440 -4.24263763 -268.33645620
v -26.28722282 3.06145883 -256.08645620
v -24.55304620 5.65685987 -256.33648680
v -21.95765206 7.39103937 -256.58648680
v -18.89618584 8.00000000 -256.83645620
v -15.83471582 7.39103937 -257.08648680
v -13.23932550 5.65685987 -257.33648680
v -11.50514314 3.06145883 -257.58645620
v -10.89617630 0.00000214 -257.83648680
v -11.50514314 -3.06145978 -258.08648680
v -13.23932550 -5.65685797 -266.33648680
v -14.65354440 -4.24263763 -264.33648680
v -13.23932550 -5.65685797 -262.33648680
v -14.65354440 -4.24263763 -260.33648680
v -13.23932550 -5.65685797 -258.33645620
v -26.89619348 0.00000214 -255.83647160
v -24.43944832 -2.29609823 -257.58645620
v -24.55304620 -5.65685797 -259.33648680
v -21.19227882 -5.54327774 -261.08648680
v -18.89618584 -8.00000095 -262.83648680
v -16.60006616 -5.54327774 -264.58645620
v -24.43944832 2.29609728 -254.08648680
v -23.13882348 4.24264193 -254.33647160
v -21.19227882 5.54327965 -254.58645620
v -18.89618584 6.00000048 -254.83648680
v -16.60006616 5.54327965 -255.08647160
v -14.65354440 4.24264193 -255.33645620
v -13.35290048 2.29609728 -255.58648680
v -12.89619348 0.00000214 -255.83647160
v -13.35290048 -2.29609823 -256.08645620
v -14.65354440 -4.24263763 -256.33648680
v -15.83471582 -7.39103794 -262.58648680
v -16.60006616 -5.54327774 -260.58645620
v -15.83471582 -7.39103794 -258.58648680
v -16.60006616 -5.54327774 -256.58648680
v -24.89617440 0.00000214 -253.83650200
v -26.28722282 -3.06145978 -255.58648680
v -23.13882348 -4.24263763 -257.33648680
v -21.95765206 -7.39103794 -259.08645620
v -18.89618584 -5.99999905 -260.83648680
v -26.28722282 3.06145883 -252.08647160
v -24.55304620 5.65685987 -252.33648680
v -21.95765206 7.39103937 -252.58648680
v -18.89618584 8.00000000 -252.83647160
v -15.83471582 7.39103937 -253.08650200
v -13.23932550 5.65685987 -253.33648680
v -11.50514314 3.06145883 -253.58647160
v -10.89617630 0.00000214 -253.83650200
v -11.50514314 -3.06145978 -254.08648680
v -13.23932550 -5.65685797 -254.33647160
v -15.83471582 -7.39103794 -254.58645620
v -18.89618584 -8.00000095 -258.83648680
v -18.89618584 -5.99999905 -256.83645620
v -18.89618584 -8.00000095 -254.83648680
v -26.89619348 0.00000214 -251.83648680
v -24.43944832 -2.29609823 -253.58647160
v -24.55304620 -5.65685797 -255.33645620
v -21.19227882 -5.54327774 -257.08648680
v -24.43944832 2.29609728 -250.08648680
v -23.13882348 4.24264193 -250.33647160
v -21.19227882 5.54327965 -250.58645620
v -18.89618584 6.00000048 -250.83648680
v -16.60006616 5.54327965 -251.08647160
v -14.65354440 4.24264193 -251.33647160
v -13.35290048 2.29609728 -251.58648680
v -12.89619348 0.00000214 -251.83648680
v -13.35290048 -2.29609823 -252.08647160
v -14.65354440 -4.24263763 -252.33648680
v -16.60006616 -5.54327774 -252.58648680
v -18.89618584 -5.99999905 -252.83647160
v -21.95765206 -7.39103794 -255.08647160
v -21.19227882 -5.54327774 -253.08650200
v -24.89617440 0.00000214 -249.83645620
v -26.28722282 -3.06145978 -251.58648680
v -23.13882348 -4.24263763 -253.33648680
v -26.28722282 3.06145883 -248.08647160
v -24.55304620 5.65685987 -248.33645620
v -21.95765206 7.39103937 -248.58648680
v -18.89618584 8.00000000 -248.83647160
v -15.83471582 7.39103937 -249.08645620
v -13.23932550 5.65685987 -249.33648680
v -11.50514314 3.06145883 -249.58647160
v -10.89617630 0.00000214 -249.83645620
v -11.50514314 -3.06145978 -250.08648680
v -13.23932550 -5.65685797 -250.33647160
v -15.83471582 -7.39103794 -250.58645620
v -18.89618584 -8.00000095 -250.83648680
v -21.95765206 -7.39103794 -251.08647160
v -24.55304620 -5.65685797 -251.33647160
v -26.89619348 0.00000214 -247.83648680
v -24.43944832 -2.29609823 -249.58647160
v -24.43944832 2.29609728 -246.08650200
v -23.13882348 4.24264193 -246.33648680
v -21.19227882 5.54327965 -246.58647160
v -18.89618584 6.00000048 -246.83650200
v -16.60006616 5.54327965 -247.08648680
v -14.65354440 4.24264193 -247.33647160
v -13.35290048 2.29609728 -247.58645620
v -12.89619348 0.00000214 -247.83648680
v -13.35290048 -2.29609823 -248.08647160
v -14.65354440 -4.24263763 -248.33645620
v -16.60006616 -5.54327774 -248.58648680
v -18.89618584 -5.99999905 -248.83647160
v -21.19227882 -5.54327774 -249.08645620
v -23.13882348 -4.24263763 -249.33648680
v -24.89617440 0.00000214 -245.83647160
v -26.28722282 -3.06145978 -247.58645620
v -26.28722282 3.06145883 -244.08647160
v -24.55304620 5.65685987 -244.33647160
v -21.95765206 7.39103937 -244.58648680
v -18.89618584 8.00000000 -244.83648680
v -15.83471582 7.39103937 -245.08647160
v -13.23932550 5.65685987 -245.33650200
v -11.50514314 3.06145883 -245.58648680
v -10.89617630 0.00000214 -245.83647160
v -11.50514314 -3.06145978 -246.08650200
v -13.23932550 -5.65685797 -246.33648680
v -15.83471582 -7.39103794 -246.58647160
v -18.89618584 -8.00000095 -246.83650200
v -21.95765206 -7.39103794 -247.08648680
v -24.55304620 -5.65685797 -247.33647160
v -26.89619348 0.00000214 -243.83648680
v -24.43944832 -2.29609823 -245.58648680
v -24.43944832 2.29609728 -242.08645620
v -23.13882348 4.24264193 -242.33648680
v -21.19227882 5.54327965 -242.58647160
v -18.89618584 6.00000048 -242.83645620
v -16.60006616 5.54327965 -243.08648680
v -14.65354440 4.24264193 -243.33647160
v -13.35290048 2.29609728 -243.58645620
v -12.89619348 0.00000214 -243.83648680
v -13.35290048 -2.29609823 -244.08647160
v -14.65354440 -4.24263763 -244.33647160
v -16.60006616 -5.54327774 -244.58648680
v -18.89618584 -5.99999905 -244.83648680
v -21.19227882 -5.54327774 -245.08647160
v -23.13882348 -4.24263763 -245.33650200
v -24.89617440 0.00000214 -241.83647160
v -26.28722282 -3.06145978 -243.58645620
v -26.28722282 3.06145883 -240.08648680
v -24.55304620 5.65685987 -240.33647160
v -21.95765206 7.39103937 -240.58645620
v -18.89618584 8.00000000 -240.83648680
v -15.83471582 7.39103937 -241.08647160
v -13.23932550 5.65685987 -241.33645620
v -11.50514314 3.06145883 -241.58648680
v -10.89617630 0.00000214 -241.83647160
v -11.50514314 -3.06145978 -242.08645620
v -13.23932550 -5.65685797 -242.33648680
v -15.83471582 -7.39103794 -242.58647160
v -18.89618584 -8.00000095 -242.83645620
v -21.95765206 -7.39103794 -243.08648680
v -24.55304620 -5.65685797 -243.33647160
v -26.89619348 0.00000214 -239.83645620
v -24.43944832 -2.29609823 -241.58648680
v -24.43944832 2.29609728 -238.08647160
v -23.13882348 4.24264193 -238.33650200
v -21.19227882 5.54327965 -238.58648680
v -18.89618584 6.00000048 -238.83647160
v -16.60006616 5.54327965 -239.08650200
v -14.65354440 4.24264193 -239.33648680
v -13.35290048 2.29609728 -239.58647160
v -12.89619348 0.00000214 -239.83645620
v -13.35290048 -2.29609823 -240.08648680
v -14.65354440 -4.24263763 -240.33647160
v -16.60006616 -5.54327774 -240.58645620
v -18.89618584 -5.99999905 -240.83648680
v -21.19227882 -5.54327774 -241.08647160
v -23.13882348 -4.24263763 -241.33645620
v -24.89617440 0.00000214 -237.83648680
v -26.28722282 -3.06145978 -239.58647160
v -26.28722282 3.06145883 -236.08648680
v -24.55304620 5.65685987 -236.33647160
v -21.95765206 7.39103937 -236.58647160
v -18.89618584 8.00000000 -236.83648680
v -15.83471582 7.39103937 -237.08648680
v -13.23932550 5.65685987 -237.33647160
v -11.50514314 3.06145883 -237.58648680
v -10.89617630 0.00000214 -237.83648680
v -11.50514314 -3.06145978 -238.08647160
v -13.23932550 -5.65685797 -238.33650200
v -15.83471582 -7.39103794 -238.58648680
v -18.89618584 -8.00000095 -238.83647160
v -21.95765206 -7.39103794 -239.08650200
v -24.55304620 -5.65685797 -239.33648680
v -26.89619348 0.00000214 -235.83645620
v -24.43944832 -2.29609823 -237.58648680
v -24.43944832 2.29609728 -234.08647160
v -23.13882348 4.24264193 -234.33645620
v -21.19227882 5.54327965 -234.58648680
v -18.89618584 6.00000048 -234.83647160
v -16.60006616 5.54327965 -235.08645620
v -14.65354440 4.24264193 -235.33648680
v -13.35290048 2.29609728 -235.58647160
v -12.89619348 0.00000214 -235.83645620
v -13.35290048 -2.29609823 -236.08648680
v -14.65354440 -4.24263763 -236.33647160
v -16.60006616 -5.54327774 -236.58647160
v -18.89618584 -5.99999905 -236.83648680
v -21.19227882 -5.54327774 -237.08648680
v -23.13882348 -4.24263763 -237.33647160
v -24.89617440 0.00000214 -233.83648680
v -26.28722282 -3.06145978 -235.58647160
v -26.28722282 3.06145883 -232.08650200
v -24.55304620 5.65685987 -232.33648680
v -21.95765206 7.39103937 -232.58647160
v -18.89618584 8.00000000 -232.83645620
v -15.83471582 7.39103937 -233.08648680
v -13.23932550 5.65685987 -233.33647160
v -11.50514314 3.06145883 -233.58645620
v -10.89617630 0.00000214 -233.83648680
v -11.50514314 -3.06145978 -234.08647160
v -13.23932550 -5.65685797 -234.33645620
v -15.83471582 -7.39103794 -234.58648680
v -18.89618584 -8.00000095 -234.83647160
v -21.95765206 -7.39103794 -235.08645620
v -24.55304620 -5.65685797 -235.33648680
v -26.89619348 0.00000214 -231.83647160
v -24.43944832 -2.29609823 -233.58645620
v -24.43944832 2.29609728 -230.08648680
v -23.13882348 4.24264193 -230.33647160
v -21.19227882 5.54327965 -230.58650200
v -18.89618584 6.00000048 -230.83648680
v -16.60006616 5.54327965 -231.08647160
v -14.65354440 4.24264193 -231.33650200
v -13.35290048 2.29609728 -231.58648680
v -12.89619348 0.00000214 -231.83647160
v -13.35290048 -2.29609823 -232.08650200
v -14.65354440 -4.24263763 -232.33648680
v -16.60006616 -5.54327774 -232.58647160
v -18.89618584 -5.99999905 -232.83645620
v -21.19227882 -5.54327774 -233.08648680
v -23.13882348 -4.24263763 -233.33647160
v -24.89617440 0.00000214 -229.83648680
v -26.28722282 -3.06145978 -231.58648680
v -26.28722282 3.06145883 -228.08645620
v -24.55304620 5.65685987 -228.33648680
v -21.95765206 7.39103937 -228.58647160
v -18.89618584 8.00000000 -228.83645620
v -15.83471582 7.39103937 -229.08648680
v -13.23932550 5.65685987 -229.33647160
v -11.50514314 3.06145883 -229.58647160
v -10.89617630 0.00000214 -229.83648680
v -11.50514314 -3.06145978 -230.08648680
v -13.23932550 -5.65685797 -230.33647160
v -15.83471582 -7.39103794 -230.58650200
v -18.89618584 -8.00000095 -230.83648680
v -21.95765206 -7.39103794 -231.08647160
v -24.55304620 -5.65685797 -231.33650200
v -26.89619348 0.00000214 -227.83647160
v -24.43944832 -2.29609823 -229.58647160
v -24.43944832 2.29609728 -226.08648680
v -23.13882348 4.24264193 -226.33647160
v -21.19227882 5.54327965 -226.58645620
v -18.89618584 6.00000048 -226.83648680
v -16.60006616 5.54327965 -227.08647160
v -14.65354440 4.24264193 -227.33645620
v -13.35290048 2.29609728 -227.58648680
v -12.89619348 0.00000214 -227.83647160
v -13.35290048 -2.29609823 -228.08645620
v -14.65354440 -4.24263763 -228.33648680
v -16.60006616 -5.54327774 -228.58647160
v -18.89618584 -5.99999905 -228.83645620
v -21.19227882 -5.54327774 -229.08648680
v -23.13882348 -4.24263763 -229.33647160
v -24.89617440 0.00000214 -225.83645620
v -26.28722282 -3.06145978 -227.58648680
v -26.28722282 3.06145883 -224.08647160
v -24.55304620 5.65685987 -224.33650200
v -21.95765206 7.39103937 -224.58648680
v -18.89618584 8.00000000 -224.83647160
v -15.83471582 7.39103937 -225.08645620
v -13.23932550 5.65685987 -225.33648680
v -11.50514314 3.06145883 -225.58647160
v -10.89617630 0.00000214 -225.83645620
v -11.50514314 -3.06145978 -226.08648680
v -13.23932550 -5.65685797 -226.33647160
v -15.83471582 -7.39103794 -226.58645620
v -18.89618584 -8.00000095 -226.83648680
v -21.95765206 -7.39103794 -227.08647160
v -24.55304620 -5.65685797 -227.33645620
v -26.89619348 0.00000214 -223.83648680
v -24.43944832 -2.29609823 -225.58647160
v -24.43944832 2.29609728 -222.08648680
v -23.13882348 4.24264193 -222.33647160
v -21.19227882 5.54327965 -222.58647160
v -18.89618584 6.00000048 -222.83648680
v -16.60006616 5.54327965 -223.08648680
v -14.65354440 4.24264193 -223.33647160
v -13.35290048 2.29609728 -223.58650200
v -12.89619348 0.00000214 -223.83648680
v -13.35290048 -2.29609823 -224.08647160
v -14.65354440 -4.24263763 -224.33650200
v -16.60006616 -5.54327774 -224.58648680
v -18.89618584 -5.99999905 -224.83647160
v -21.19227882 -5.54327774 -225.08645620
v -23.13882348 -4.24263763 -225.33648680
v -24.89617440 0.00000214 -221.83647160
v -26.28722282 -3.06145978 -223.58650200
v -26.28722282 3.06145883 -220.08647160
v -24.55304620 5.65685987 -220.33645620
v -21.95765206 7.39103937 -220.58648680
v -18.89618584 8.00000000 -220.83647160
v -15.83471582 7.39103937 -221.08645620
v -13.23932550 5.65685987 -221.33648680
v -11.50514314 3.06145883 -221.58647160
v -10.89617630 0.00000214 -221.83647160
v -11.50514314 -3.06145978 -222.08648680
v -13.23932550 -5.65685797 -222.33647160
v -15.83471582 -7.39103794 -222.58647160
v -18.89618584 -8.00000095 -222.83648680
v -21.95765206 -7.39103794 -223.08648680
v -24.55304620 -5.65685797 -223.33647160
v -26.89619348 0.00000214 -219.83648680
v -24.43944832 -2.29609823 -221.58647160
v -24.43944832 2.29609728 -218.08645620
v -23.13882348 4.24264193 -218.33648680
v -21.19227882 5.54327965 -218.58647160
v -18.89618584 6.00000048 -218.83645620
v -16.60006616 5.54327965 -219.08648680
v -14.65354440 4.24264193 -219.33647160
v -13.35290048 2.29609728 -219.58645620
v -12.89619348 0.00000214 -219.83648680
v -13.35290048 -2.29609823 -220.08647160
v -14.65354440 -4.24263763 -220.33645620
v -16.60006616 -5.54327774 -220.58648680
v -18.89618584 -5.99999905 -220.83647160
v -21.19227882 -5.54327774 -221.08645620
v -23.13882348 -4.24263763 -221.33648680
v -24.89617440 0.00000214 -217.83647160
v -26.28722282 -3.06145978 -219.58645620
v -26.28722282 3.06145883 -216.08648680
v -24.55304620 5.65685987 -216.33647160
v -21.95765206 7.39103937 -216.58650200
v -18.89618584 8.00000000 -216.83648680
v -15.83471582 7.39103937 -217.08647160
v -13.23932550 5.65685987 -217.33650200
v -11.50514314 3.06145883 -217.58648680
v -10.89617630 0.00000214 -217.83647160
v -11.50514314 -3.06145978 -218.08645620
v -13.23932550 -5.65685797 -218.33648680
v -15.83471582 -7.39103794 -218.58647160
v -18.89618584 -8.00000095 -218.83645620
v -21.95765206 -7.39103794 -219.08648680
v -24.55304620 -5.65685797 -219.33647160
v -26.89619348 0.00000214 -215.83648680
v -24.43944832 -2.29609823 -217.58648680
v -24.43944832 2.29609728 -214.08645620
v -23.13882348 4.24264193 -214.33648680
v -21.19227882 5.54327965 -214.58647160
v -18.89618584 6.00000048 -214.83647160
v -16.60006616 5.54327965 -215.08648680
v -14.65354440 4.24264193 -215.33648680
v -13.35290048 2.29609728 -215.58647160
v -12.89619348 0.00000214 -215.83648680
v -13.35290048 -2.29609823 -216.08648680
v -14.65354440 -4.24263763 -216.33647160
v -16.60006616 -5.54327774 -216.58650200
v -18.89618584 -5.99999905 -216.83648680
v -21.19227882 -5.54327774 -217.08647160
v -23.13882348 -4.24263763 -217.33650200
v -24.89617440 0.00000214 -213.83647160
v -26.28722282 -3.06145978 -215.58647160
v -26.28722282 3.06145883 -212.08648680
v -24.55304620 5.65685987 -212.33647160
v -21.95765206 7.39103937 -212.58645620
v -18.89618584 8.00000000 -212.83648680
v -15.83471582 7.39103937 -213.08647160
v -13.23932550 5.65685987 -213.33645620
v -11.50514314 3.06145883 -213.58648680
v -10.89617630 0.00000214 -213.83647160
v -11.50514314 -3.06145978 -214.08645620
v -13.23932550 -5.65685797 -214.33648680
v -15.83471582 -7.39103794 -214.58647160
v -18.89618584 -8.00000095 -214.83647160
v -21.95765206 -7.39103794 -215.08648680
v -24.55304620 -5.65685797 -215.33648680
v -26.89619348 0.00000214 -211.83645620
v -24.43944832 -2.29609823 -213.58648680
v -24.43944832 2.29609728 -210.08647160
v -23.13882348 4.24264193 -210.33645620
v -21.19227882 5.54327965 -210.58648680
v -18.89618584 6.00000048 -210.83647160
v -16.60006616 5.54327965 -211.08645620
v -14.65354440 4.24264193 -211.33648680
v -13.35290048 2.29609728 -211.58647160
v -12.89619348 0.00000214 -211.83645620
v -13.35290048 -2.29609823 -212.08648680
v -14.65354440 -4.24263763 -212.33647160
v -16.60006616 -5.54327774 -212.58645620
v -18.89618584 -5.99999905 -212.83648680
v -21.19227882 -5.54327774 -213.08647160
v -23.13882348 -4.24263763 -213.33645620
v -24.89617440 0.00000214 -209.83648680
v -26.28722282 -3.06145978 -211.58647160
v -26.28722282 3.06145883 -208.08648680
v -24.55304620 5.65685987 -208.33648680
v -21.95765206 7.39103937 -208.58647160
v -18.89618584 8.00000000 -208.83650200
v -15.83471582 7.39103937 -209.08648680
v -13.23932550 5.65685987 -209.33647160
v -11.50514314 3.06145883 -209.58650200
v -10.89617630 0.00000214 -209.83648680
v -11.50514314 -3.06145978 -210.08647160
v -13.23932550 -5.65685797 -210.33645620
v -15.83471582 -7.39103794 -210.58648680
v -18.89618584 -8.00000095 -210.83647160
v -21.95765206 -7.39103794 -211.08645620
v -24.55304620 -5.65685797 -211.33648680
v -26.89619348 0.00000214 -207.83647160
v -24.43944832 -2.29609823 -209.58650200
v -24.43944832 2.29609728 -206.08647160
v -23.13882348 4.24264193 -206.33645620
v -21.19227882 5.54327965 -206.58648680
v -18.89618584 6.00000048 -206.83647160
v -16.60006616 5.54327965 -207.08645620
v -14.65354440 4.24264193 -207.33648680
v -13.35290048 2.29609728 -207.58647160
v -12.89619348 0.00000214 -207.83647160
v -13.35290048 -2.29609823 -208.08648680
v -14.65354440 -4.24263763 -208.33648680
v -16.60006616 -5.54327774 -208.58647160
v -18.89618584 -5.99999905 -208.83650200
v -21.19227882 -5.54327774 -209.08648680
v -23.13882348 -4.24263763 -209.33647160
v -24.89617440 0.00000214 -205.83648680
v -26.28722282 -3.06145978 -207.58647160
v -26.28722282 3.06145883 -204.08645620
v -24.55304620 5.65685987 -204.33648680
v -21.95765206 7.39103937 -204.58647160
v -18.89618584 8.00000000 -204.83645620
v -15.83471582 7.39103937 -205.08648680
v -13.23932550 5.65685987 -205.33647160
v -11.50514314 3.06145883 -205.58645620
v -10.89617630 0.00000214 -205.83648680
v -11.50514314 -3.06145978 -206.08647160
v -13.23932550 -5.65685797 -206.33645620
v -15.83471582 -7.39103794 -206.58648680
v -18.89618584 -8.00000095 -206.83647160
v -21.95765206 -7.39103794 -207.08645620
v -24.55304620 -5.65685797 -207.33648680
v -26.89619348 0.00000214 -203.83647160
v -24.43944832 -2.29609823 -205.58645620
v -24.43944832 2.29609728 -202.08648680
v -23.13882348 4.24264193 -202.33647160
v -21.19227882 5.54327965 -202.58645620
v -18.89618584 6.00000048 -202.83648680
v -16.60006616 5.54327965 -203.08647160
v -14.65354440 4.24264193 -203.33645620
v -13.35290048 2.29609728 -203.58648680
v -12.89619348 0.00000214 -203.83647160
v -13.35290048 -2.29609823 -204.08645620
v -14.65354440 -4.24263763 -204.33648680
v -16.60006616 -5.54327774 -204.58647160
v -18.89618584 -5.99999905 -204.83645620
v -21.19227882 -5.54327774 -205.08648680
v -23.13882348 -4.24263763 -205.33647160
v -24.89617440 0.00000214 -201.83650200
v -26.28722282 -3.06145978 -203.58648680
v -26.28722282 3.06145883 -200.08647160
v -24.55304620 5.65685987 -200.33648680
v -21.95765206 7.39103937 -200.58647160
v -18.89618584 8.00000000 -200.83647160
v -15.83471582 7.39103937 -201.08648680
v -13.23932550 5.65685987 -201.33648680
v -11.50514314 3.06145883 -201.58647160
v -10.89617630 0.00000214 -201.83650200
v -11.50514314 -3.06145978 -202.08648680
v -13.23932550 -5.65685797 -202.33647160
v -15.83471582 -7.39103794 -202.58645620
v -18.89618584 -8.00000095 -202.83648680
v -21.95765206 -7.39103794 -203.08647160
v -24.55304620 -5.65685797 -203.33645620
v -26.89619348 0.00000214 -199.83647156
v -24.43944832 -2.29609823 -201.58647160
v -24.43944832 2.29609728 -198.08648682
v -23.13882348 4.24264193 -198.33647156
v -21.19227882 5.54327965 -198.58645630
v -18.89618584 6.00000048 -198.83648682
v -16.60006616 5.54327965 -199.08647156
v -14.65354440 4.24264193 -199.33645630
v -13.35290048 2.29609728 -199.58648682
v -12.89619348 0.00000214 -199.83647156
v -13.35290048 -2.29609823 -200.08647160
v -14.65354440 -4.24263763 -200.33648680
v -16.60006616 -5.54327774 -200.58647160
v -18.89618584 -5.99999905 -200.83647160
v -21.19227882 -5.54327774 -201.08648680
v -23.13882348 -4.24263763 -201.33648680
v -24.89617440 0.00000214 -197.83645630
v -26.28722282 -3.06145978 -199.58648682
v -26.28722282 3.06145883 -196.08647156
v -24.55304620 5.65685987 -196.33645630
v -21.95765206 7.39103937 -196.58648682
v -18.89618584 8.00000000 -196.83647156
v -15.83471582 7.39103937 -197.08645630
v -13.23932550 5.65685987 -197.33648682
v -11.50514314 3.06145883 -197.58647156
v -10.89617630 0.00000214 -197.83645630
v -11.50514314 -3.06145978 -198.08648682
v -13.23932550 -5.65685797 -198.33647156
v -15.83471582 -7.39103794 -198.58645630
v -18.89618584 -8.00000095 -198.83648682
v -21.95765206 -7.39103794 -199.08647156
v -24.55304620 -5.65685797 -199.33645630
v -26.89619348 0.00000214 -195.83648682
v -24.43944832 -2.29609823 -197.58647156
v -24.43944832 2.29609728 -194.08650208
v -23.13882348 4.24264193 -194.33648682
v -21.19227882 5.54327965 -194.58647156
v -18.89618584 6.00000048 -194.83650208
v -16.60006616 5.54327965 -195.08648682
v -14.65354440 4.24264193 -195.33647156
v -13.35290048 2.29609728 -195.58645630
v -12.89619348 0.00000214 -195.83648682
v -13.35290048 -2.29609823 -196.08647156
v -14.65354440 -4.24263763 -196.33645630
v -16.60006616 -5.54327774 -196.58648682
v -18.89618584 -5.99999905 -196.83647156
v -21.19227882 -5.54327774 -197.08645630
v -23.13882348 -4.24263763 -197.33648682
v -24.89617440 0.00000214 -193.83647156
v -26.28722282 -3.06145978 -195.58645630
v -26.28722282 3.06145883 -192.08647156
v -24.55304620 5.65685987 -192.33645630
v -21.95765206 7.39103937 -192.58648682
v -18.89618584 8.00000000 -192.83647156
v -15.83471582 7.39103937 -193.08647156
v -13.23932550 5.65685987 -193.33648682
v -11.50514314 3.06145883 -193.58648682
v -10.89617630 0.00000214 -193.83647156
v -11.50514314 -3.06145978 -194.08650208
v -13.23932550 -5.65685797 -194.33648682
v -15.83471582 -7.39103794 -194.58647156
v -18.89618584 -8.00000095 -194.83650208
v -21.95765206 -7.39103794 -195.08648682
v -24.55304620 -5.65685797 -195.33647156
v -26.89619348 0.00000214 -191.83648682
v -24.43944832 -2.29609823 -193.58648682
v -24.43944832 2.29609728 -190.08645630
v -23.13882348 4.24264193 -190.33648682
v -21.19227882 5.54327965 -190.58647156
v -18.89618584 6.00000048 -190.83645630
v -16.60006616 5.54327965 -191.08648682
v -14.65354440 4.24264193 -191.33647156
v -13.35290048 2.29609728 -191.58645630
v -12.89619348 0.00000214 -191.83648682
v -13.35290048 -2.29609823 -192.08647156
v -14.65354440 -4.24263763 -192.33645630
v -16.60006616 -5.54327774 -192.58648682
v -18.89618584 -5.99999905 -192.83647156
v -21.19227882 -5.54327774 -193.08647156
v -23.13882348 -4.24263763 -193.33648682
v -24.89617440 0.00000214 -189.83647156
v -26.28722282 -3.06145978 -191.58645630
v -26.28722282 3.06145883 -188.08648682
v -24.55304620 5.65685987 -188.33647156
v -21.95765206 7.39103937 -188.58645630
v -18.89618584 8.00000000 -188.83648682
v -15.83471582 7.39103937 -189.08647156
v -13.23932550 5.65685987 -189.33645630
v -11.50514314 3.06145883 -189.58648682
v -10.89617630 0.00000214 -189.83647156
v -11.50514314 -3.06145978 -190.08645630
v -13.23932550 -5.65685797 -190.33648682
v -15.83471582 -7.39103794 -190.58647156
v -18.89618584 -8.00000095 -190.83645630
v -21.95765206 -7.39103794 -191.08648682
v -24.55304620 -5.65685797 -191.33647156
v -26.89619348 0.00000214 -187.83645630
v -24.43944832 -2.29609823 -189.58648682
v -24.43944832 2.29609728 -186.08647156
v -23.13882348 4.24264193 -186.33648682
v -21.19227882 5.54327965 -186.58648682
v -18.89618584 6.00000048 -186.83647156
v -16.60006616 5.54327965 -187.08650208
v -14.65354440 4.24264193 -187.33648682
v -13.35290048 2.29609728 -187.58647156
v -12.89619348 0.00000214 -187.83645630
v -13.35290048 -2.29609823 -188.08648682
v -14.65354440 -4.24263763 -188.33647156
v -16.60006616 -5.54327774 -188.58645630
v -18.89618584 -5.99999905 -188.83648682
v -21.19227882 -5.54327774 -189.08647156
v -23.13882348 -4.24263763 -189.33645630
v -24.89617440 0.00000214 -185.83647156
v -26.28722282 -3.06145978 -187.58647156
v -26.28722282 3.06145883 -184.08648682
v -24.55304620 5.65685987 -184.33647156
v -21.95765206 7.39103937 -184.58645630
v -18.89618584 8.00000000 -184.83648682
v -15.83471582 7.39103937 -185.08647156
v -13.23932550 5.65685987 -185.33645630
v -11.50514314 3.06145883 -185.58648682
v -10.89617630 0.00000214 -185.83647156
v -11.50514314 -3.06145978 -186.08647156
v -13.23932550 -5.65685797 -186.33648682
v -15.83471582 -7.39103794 -186.58648682
v -18.89618584 -8.00000095 -186.83647156
v -21.95765206 -7.39103794 -187.08650208
v -24.55304620 -5.65685797 -187.33648682
v -26.89619348 0.00000214 -183.83645630
v -24.43944832 -2.29609823 -185.58648682
v -24.43944832 2.29609728 -182.08647156
v -23.13882348 4.24264193 -182.33645630
v -21.19227882 5.54327965 -182.58648682
v -18.89618584 6.00000048 -182.83647156
v -16.60006616 5.54327965 -183.08645630
v -14.65354440 4.24264193 -183.33648682
v -13.35290048 2.29609728 -183.58647156
v -12.89619348 0.00000214 -183.83645630
v -13.35290048 -2.29609823 -184.08648682
v -14.65354440 -4.24263763 -184.33647156
v -16.60006616 -5.54327774 -184.58645630
v -18.89618584 -5.99999905 -184.83648682
v -21.19227882 -5.54327774 -185.08647156
v -23.13882348 -4.24263763 -185.33645630
v -24.89617440 0.00000214 -181.83648682
v -26.28722282 -3.06145978 -183.58647156
v -26.28722282 3.06145883 -180.08645630
v -24.55304620 5.65685987 -180.33648682
v -21.95765206 7.39103937 -180.58647156
v -18.89618584 8.00000000 -180.83645630
v -15.83471582 7.39103937 -181.08648682
v -13.23932550 5.65685987 -181.33647156
v -11.50514314 3.06145883 -181.58645630
v -10.89617630 0.00000214 -181.83648682
v -11.50514314 -3.06145978 -182.08647156
v -13.23932550 -5.65685797 -182.33645630
v -15.83471582 -7.39103794 -182.58648682
v -18.89618584 -8.00000095 -182.83647156
v -21.95765206 -7.39103794 -183.08645630
v -24.55304620 -5.65685797 -183.33648682
v -26.89619348 0.00000214 -179.83647156
v -24.43944832 -2.29609823 -181.58645630
v -24.43944832 2.29609728 -178.08647156
v -23.13882348 4.24264193 -178.33647156
v -21.19227882 5.54327965 -178.58648682
v -18.89618584 6.00000048 -178.83648682
v -16.60006616 5.54327965 -179.08647156
v -14.65354440 4.24264193 -179.33648682
v -13.35290048 2.29609728 -179.58648682
v -12.89619348 0.00000214 -179.83647156
v -13.35290048 -2.29609823 -180.08645630
v -14.65354440 -4.24263763 -180.33648682
v -16.60006616 -5.54327774 -180.58647156
v -18.89618584 -5.99999905 -180.83645630
v -21.19227882 -5.54327774 -181.08648682
v -23.13882348 -4.24263763 -181.33647156
v -24.89617440 0.00000214 -177.83648682
v -26.28722282 -3.06145978 -179.58648682
v -26.28722282 3.06145883 -176.08645630
v -24.55304620 5.65685987 -176.33648682
v -21.95765206 7.39103937 -176.58647156
v -18.89618584 8.00000000 -176.83645630
v -15.83471582 7.39103937 -177.08648682
v -13.23932550 5.65685987 -177.33647156
v -11.50514314 3.06145883 -177.58645630
v -10.89617630 0.00000214 -177.83648682
v -11.50514314 -3.06145978 -178.08647156
v -13.23932550 -5.65685797 -178.33647156
v -15.83471582 -7.39103794 -178.58648682
v -18.89618584 -8.00000095 -178.83648682
v -21.95765206 -7.39103794 -179.08647156
v -24.55304620 -5.65685797 -179.33648682
v -26.89619348 0.00000214 -175.83647156
v -24.43944832 -2.29609823 -177.58645630
v -24.43944832 2.29609728 -174.08648682
v -23.13882348 4.24264193 -174.33647156
v -21.19227882 5.54327965 -174.58645630
v -18.89618584 6.00000048 -174.83648682
v -16.60006616 5.54327965 -175.08647156
v -14.65354440 4.24264193 -175.33645630
v -13.35290048 2.29609728 -175.58648682
v -12.89619348 0.00000214 -175.83647156
v -13.35290048 -2.29609823 -176.08645630
v -14.65354440 -4.24263763 -176.33648682
v -16.60006616 -5.54327774 -176.58647156
v -18.89618584 -5.99999905 -176.83645630
v -21.19227882 -5.54327774 -177.08648682
v -23.13882348 -4.24263763 -177.33647156
v -24.89617440 0.00000214 -173.83645630
v -26.28722282 -3.06145978 -175.58648682
v -26.28722282 3.06145883 -172.08647156
v -24.55304620 5.65685987 -172.33650208
v -21.95765206 7.39103937 -172.58648682
v -18.89618584 8.00000000 -172.83647156
v -15.83471582 7.39103937 -173.08645630
v -13.23932550 5.65685987 -173.33648682
v -11.50514314 3.06145883 -173.58647156
v -10.89617630 0.00000214 -173.83645630
v -11.50514314 -3.06145978 -174.08648682
v -13.23932550 -5.65685797 -174.33647156
v -15.83471582 -7.39103794 -174.58645630
v -18.89618584 -8.00000095 -174.83648682
v -21.95765206 -7.39103794 -175.08647156
v -24.55304620 -5.65685797 -175.33645630
v -26.89619348 0.00000214 -171.83648682
v -24.43944832 -2.29609823 -173.58647156
v -24.43944832 2.29609728 -170.08648682
v -23.13882348 4.24264193 -170.33647156
v -21.19227882 5.54327965 -170.58645630
v -18.89618584 6.00000048 -170.83648682
v -16.60006616 5.54327965 -171.08647156
v -14.65354440 4.24264193 -171.33647156
v -13.35290048 2.29609728 -171.58648682
v -12.89619348 0.00000214 -171.83648682
v -13.35290048 -2.29609823 -172.08647156
v -14.65354440 -4.24263763 -172.33650208
v -16.60006616 -5.54327774 -172.58648682
v -18.89618584 -5.99999905 -172.83647156
v -21.19227882 -5.54327774 -173.08645630
v -23.13882348 -4.24263763 -173.33648682
v -24.89617440 0.00000214 -169.83645630
v -26.28722282 -3.06145978 -171.58648682
v -26.28722282 3.06145883 -168.08647156
v -24.55304620 5.65685987 -168.33645630
v -21.95765206 7.39103937 -168.58648682
v -18.89618584 8.00000000 -168.83647156
v -15.83471582 7.39103937 -169.08645630
v -13.23932550 5.65685987 -169.33648682
v -11.50514314 3.06145883 -169.58647156
v -10.89617630 0.00000214 -169.83645630
v -11.50514314 -3.06145978 -170.08648682
v -13.23932550 -5.65685797 -170.33647156
v -15.83471582 -7.39103794 -170.58645630
v -18.89618584 -8.00000095 -170.83648682
v -21.95765206 -7.39103794 -171.08647156
v -24.55304620 -5.65685797 -171.33647156
v -26.89619348 0.00000214 -167.83648682
v -24.43944832 -2.29609823 -169.58647156
v -24.43944832 2.29609728 -166.08645630
v -23.13882348 4.24264193 -166.33648682
v -21.19227882 5.54327965 -166.58647156
v -18.89618584 6.00000048 -166.83645630
v -16.60006616 5.54327965 -167.08648682
v -14.65354440 4.24264193 -167.33647156
v -13.35290048 2.29609728 -167.58645630
v -12.89619348 0.00000214 -167.83648682
v -13.35290048 -2.29609823 -168.08647156
v -14.65354440 -4.24263763 -168.33645630
v -16.60006616 -5.54327774 -168.58648682
v -18.89618584 -5.99999905 -168.83647156
v -21.19227882 -5.54327774 -169.08645630
v -23.13882348 -4.24263763 -169.33648682
v -24.89617440 0.00000214 -165.83647156
v -26.28722282 -3.06145978 -167.58645630
v -26.28722282 3.06145883 -164.08647156
v -24.55304620 5.65685987 -164.33647156
v -21.95765206 7.39103937 -164.58648682
v -18.89618584 8.00000000 -164.83648682
v -15.83471582 7.39103937 -165.08647156
v -13.23932550 5.65685987 -165.33650208
v -11.50514314 3.06145883 -165.58648682
v -10.89617630 0.00000214 -165.83647156
v -11.50514314 -3.06145978 -166.08645630
v -13.23932550 -5.65685797 -166.33648682
v -15.83471582 -7.39103794 -166.58647156
v -18.89618584 -8.00000095 -166.83645630
v -21.95765206 -7.39103794 -167.08648682
v -24.55304620 -5.65685797 -167.33647156
v -26.89619348 0.00000214 -163.83648682
v -24.43944832 -2.29609823 -165.58648682
v -24.43944832 2.29609728 -162.08645630
v -23.13882348 4.24264193 -162.33648682
v -21.19227882 5.54327965 -162.58647156
v -18.89618584 6.00000048 -162.83645630
v -16.60006616 5.54327965 -163.08648682
v -14.65354440 4.24264193 -163.33647156
v -13.35290048 2.29609728 -163.58647156
v -12.89619348 0.00000214 -163.83648682
v -13.35290048 -2.29609823 -164.08647156
v -14.65354440 -4.24263763 -164.33647156
v -16.60006616 -5.54327774 -164.58648682
v -18.89618584 -5.99999905 -164.83648682
v -21.19227882 -5.54327774 -165.08647156
v -23.13882348 -4.24263763 -165.33650208
v -24.89617440 0.00000214 -161.83647156
v -26.28722282 -3.06145978 -163.58647156
v -26.28722282 3.06145883 -160.08648682
v -24.55304620 5.65685987 -160.33647156
v -21.95765206 7.39103937 -160.58645630
v -18.89618584 8.00000000 -160.83648682
v -15.83471582 7.39103937 -161.08647156
v -13.23932550 5.65685987 -161.33645630
v -11.50514314 3.06145883 -161.58648682
v -10.89617630 0.00000214 -161.83647156
v -11.50514314 -3.06145978 -162.08645630
v -13.23932550 -5.65685797 -162.33648682
v -15.83471582 -7.39103794 -162.58647156
v -18.89618584 -8.00000095 -162.83645630
v -21.95765206 -7.39103794 -163.08648682
v -24.55304620 -5.65685797 -163.33647156
v -26.89619348 0.00000214 -159.83645630
v -24.43944832 -2.29609823 -161.58648682
v -24.43944832 2.29609728 -158.08647156
v -23.13882348 4.24264193 -158.33645630
v -21.19227882 5.54327965 -158.58648682
v -18.89618584 6.00000048 -158.83647156
v -16.60006616 5.54327965 -159.08645630
v -14.65354440 4.24264193 -159.33648682
v -13.35290048 2.29609728 -159.58647156
v -12.89619348 0.00000214 -159.83645630
v -13.35290048 -2.29609823 -160.08648682
v -14.65354440 -4.24263763 -160.33647156
v -16.60006616 -5.54327774 -160.58645630
v -18.89618584 -5.99999905 -160.83648682
v -21.19227882 -5.54327774 -161.08647156
v -23.13882348 -4.24263763 -161.33645630
v -24.89617440 0.00000214 -157.83648682
v -26.28722282 -3.06145978 -159.58647156
v -26.28722282 3.06145883 -156.08648682
v -24.55304620 5.65685987 -156.33647156
v -21.95765206 7.39103937 -156.58647156
v -18.89618584 8.00000000 -156.83648682
v -15.83471582 7.39103937 -157.08648682
v -13.23932550 5.65685987 -157.33647156
v -11.50514314 3.06145883 -157.58650208
v -10.89617630 0.00000214 -157.83648682
v -11.50514314 -3.06145978 -158.08647156
v -13.23932550 -5.65685797 -158.33645630
v -15.83471582 -7.39103794 -158.58648682
v -18.89618584 -8.00000095 -158.83647156
v -21.95765206 -7.39103794 -159.08645630
v -24.55304620 -5.65685797 -159.33648682
v -26.89619348 0.00000214 -155.83645630
v -24.43944832 -2.29609823 -157.58650208
v -24.43944832 2.29609728 -154.08647156
v -23.13882348 4.24264193 -154.33645630
v -21.19227882 5.54327965 -154.58648682
v -18.89618584 6.00000048 -154.83647156
v -16.60006616 5.54327965 -155.08645630
v -14.65354440 4.24264193 -155.33648682
v -13.35290048 2.29609728 -155.58647156
v -12.89619348 0.00000214 -155.83645630
v -13.35290048 -2.29609823 -156.08648682
v -14.65354440 -4.24263763 -156.33647156
v -16.60006616 -5.54327774 -156.58647156
v -18.89618584 -5.99999905 -156.83648682
v -21.19227882 -5.54327774 -157.08648682
v -23.13882348 -4.24263763 -157.33647156
v -24.89617440 0.00000214 -153.83648682
v -26.28722282 -3.06145978 -155.58647156
v -26.28722282 3.06145883 -152.08645630
v -24.55304620 5.65685987 -152.33648682
v -21.95765206 7.39103937 -152.58647156
v -18.89618584 8.00000000 -152.83645630
v -15.83471582 7.39103937 -153.08648682
v -13.23932550 5.65685987 -153.33647156
v -11.50514314 3.06145883 -153.58645630
v -10.89617630 0.00000214 -153.83648682
v -11.50514314 -3.06145978 -154.08647156
v -13.23932550 -5.65685797 -154.33645630
v -15.83471582 -7.39103794 -154.58648682
v -18.89618584 -8.00000095 -154.83647156
v -21.95765206 -7.39103794 -155.08645630
v -24.55304620 -5.65685797 -155.33648682
v -26.89619348 0.00000214 -151.83647156
v -24.43944832 -2.29609823 -153.58645630
v -24.43944832 2.29609728 -150.08648682
v -23.13882348 4.24264193 -150.33647156
v -21.19227882 5.54327965 -150.58650208
v -18.89618584 6.00000048 -150.83648682
v -16.60006616 5.54327965 -151.08647156
v -14.65354440 4.24264193 -151.33645630
v -13.35290048 2.29609728 -151.58648682
v -12.89619348 0.00000214 -151.83647156
v -13.35290048 -2.29609823 -152.08645630
v -14.65354440 -4.24263763 -152.33648682
v -16.60006616 -5.54327774 -152.58647156
v -18.89618584 -5.99999905 -152.83645630
v -21.19227882 -5.54327774 -153.08648682
v -23.13882348 -4.24263763 -153.33647156
v -24.89617440 0.00000214 -149.83648682
v -26.28722282 -3.06145978 -151.58648682
v -26.28722282 3.06145883 -148.08645630
v -24.55304620 5.65685987 -148.33648682
v -21.95765206 7.39103937 -148.58647156
v -18.89618584 8.00000000 -148.83645630
v -15.83471582 7.39103937 -149.08648682
v -13.23932550 5.65685987 -149.33647156
v -11.50514314 3.06145883 -149.58647156
v -10.89617630 0.00000214 -149.83648682
v -11.50514314 -3.06145978 -150.08648682
v -13.23932550 -5.65685797 -150.33647156
v -15.83471582 -7.39103794 -150.58650208
v -18.89618584 -8.00000095 -150.83648682
v -21.95765206 -7.39103794 -151.08647156
v -24.55304620 -5.65685797 -151.33645630
v -26.89619348 0.00000214 -147.83647156
v -24.43944832 -2.29609823 -149.58647156
v -24.43944832 2.29609728 -146.08648682
v -23.13882348 4.24264193 -146.33647156
v -21.19227882 5.54327965 -146.58645630
v -18.89618584 6.00000048 -146.83648682
v -16.60006616 5.54327965 -147.08647156
v -14.65354440 4.24264193 -147.33645630
v -13.35290048 2.29609728 -147.58648682
v -12.89619348 0.00000214 -147.83647156
v -13.35290048 -2.29609823 -148.08645630
v -14.65354440 -4.24263763 -148.33648682
v -16.60006616 -5.54327774 -148.58647156
v -18.89618584 -5.99999905 -148.83645630
v -21.19227882 -5.54327774 -149.08648682
v -23.13882348 -4.24263763 -149.33647156
v -24.89617440 0.00000214 -145.83645630
v -26.28722282 -3.06145978 -147.58648682
v -26.28722282 3.06145883 -144.08647156
v -24.55304620 5.65685987 -144.33645630
v -21.95765206 7.39103937 -144.58648682
v -18.89618584 8.00000000 -144.83647156
v -15.83471582 7.39103937 -145.08645630
v -13.23932550 5.65685987 -145.33648682
v -11.50514314 3.06145883 -145.58647156
v -10.89617630 0.00000214 -145.83645630
v -11.50514314 -3.06145978 -146.08648682
v -13.23932550 -5.65685797 -146.33647156
v -15.83471582 -7.39103794 -146.58645630
v -18.89618584 -8.00000095 -146.83648682
v -21.95765206 -7.39103794 -147.08647156
v -24.55304620 -5.65685797 -147.33645630
v -26.89619348 0.00000214 -143.83648682
v -24.43944832 -2.29609823 -145.58647156
v -24.43944832 2.29609728 -142.08648682
v -23.13882348 4.24264193 -142.33648682
v -21.19227882 5.54327965 -142.58647156
v -18.89618584 6.00000048 -142.83648682
v -16.60006616 5.54327965 -143.08648682
v -14.65354440 4.24264193 -143.33647156
v -13.35290048 2.29609728 -143.58650208
v -12.89619348 0.00000214 -143.83648682
v -13.35290048 -2.29609823 -144.08647156
v -14.65354440 -4.24263763 -144.33645630
v -16.60006616 -5.54327774 -144.58648682
v -18.89618584 -5.99999905 -144.83647156
v -21.19227882 -5.54327774 -145.08645630
v -23.13882348 -4.24263763 -145.33648682
v -24.89617440 0.00000214 -141.83647156
v -26.28722282 -3.06145978 -143.58650208
v -26.28722282 3.06145883 -140.08647156
v -24.55304620 5.65685987 -140.33645630
v -21.95765206 7.39103937 -140.58648682
v -18.89618584 8.00000000 -140.83647156
v -15.83471582 7.39103937 -141.08645630
v -13.23932550 5.65685987 -141.33648682
v -11.50514314 3.06145883 -141.58647156
v -10.89617630 0.00000214 -141.83647156
v -11.50514314 -3.06145978 -142.08648682
v -13.23932550 -5.65685797 -142.33648682
v -15.83471582 -7.39103794 -142.58647156
v -18.89618584 -8.00000095 -142.83648682
v -21.95765206 -7.39103794 -143.08648682
v -24.55304620 -5.65685797 -143.33647156
v -26.89619348 0.00000214 -139.83648682
v -24.43944832 -2.29609823 -141.58647156
v -24.43944832 2.29609728 -138.08645630
v -23.13882348 4.24264193 -138.33648682
v -21.19227882 5.54327965 -138.58647156
v -18.89618584 6.00000048 -138.83645630
v -16.60006616 5.54327965 -139.08648682
v -14.65354440 4.24264193 -139.33647156
v -13.35290048 2.29609728 -139.58645630
v -12.89619348 0.00000214 -139.83648682
v -13.35290048 -2.29609823 -140.08647156
v -14.65354440 -4.24263763 -140.33645630
v -16.60006616 -5.54327774 -140.58648682
v -18.89618584 -5.99999905 -140.83647156
v -21.19227882 -5.54327774 -141.08645630
v -23.13882348 -4.24263763 -141.33648682
v -24.89617440 0.00000214 -137.83647156
v -26.28722282 -3.06145978 -139.58645630
v -26.28722282 3.06145883 -136.08648682
v -24.55304620 5.65685987 -136.33647156
v -21.95765206 7.39103937 -136.58650208
v -18.89618584 8.00000000 -136.83648682
v -15.83471582 7.39103937 -137.08647156
v -13.23932550 5.65685987 -137.33645630
v -11.50514314 3.06145883 -137.58648682
v -10.89617630 0.00000214 -137.83647156
v -11.50514314 -3.06145978 -138.08645630
v -13.23932550 -5.65685797 -138.33648682
v -15.83471582 -7.39103794 -138.58647156
v -18.89618584 -8.00000095 -138.83645630
v -21.95765206 -7.39103794 -139.08648682
v -24.55304620 -5.65685797 -139.33647156
v -26.89619348 0.00000214 -135.83650208
v -24.43944832 -2.29609823 -137.58648682
v -24.43944832 2.29609728 -134.08645630
v -23.13882348 4.24264193 -134.33648682
v -21.19227882 5.54327965 -134.58647156
v -18.89618584 6.00000048 -134.83647156
v -16.60006616 5.54327965 -135.08648682
v -14.65354440 4.24264193 -135.33648682
v -13.35290048 2.29609728 -135.58647156
v -12.89619348 0.00000214 -135.83650208
v -13.35290048 -2.29609823 -136.08648682
v -14.65354440 -4.24263763 -136.33647156
v -16.60006616 -5.54327774 -136.58650208
v -18.89618584 -5.99999905 -136.83648682
v -21.19227882 -5.54327774 -137.08647156
v -23.13882348 -4.24263763 -137.33645630
v -24.89617440 0.00000214 -133.83647156
v -26.28722282 -3.06145978 -135.58647156
v -26.28722282 3.06145883 -132.08648682
v -24.55304620 5.65685987 -132.33647156
v -21.95765206 7.39103937 -132.58645630
v -18.89618584 8.00000000 -132.83648682
v -15.83471582 7.39103937 -133.08647156
v -13.23932550 5.65685987 -133.33645630
v -11.50514314 3.06145883 -133.58648682
v -10.89617630 0.00000214 -133.83647156
v -11.50514314 -3.06145978 -134.08645630
v -13.23932550 -5.65685797 -134.33648682
v -15.83471582 -7.39103794 -134.58647156
v -18.89618584 -8.00000095 -134.83647156
v -21.95765206 -7.39103794 -135.08648682
v -24.55304620 -5.65685797 -135.33648682
v -26.89619348 0.00000214 -131.83645630
v -24.43944832 -2.29609823 -133.58648682
v -24.43944832 2.29609728 -130.08647156
v -23.13882348 4.24264193 -130.33645630
v -21.19227882 5.54327965 -130.58648682
v -18.89618584 6.00000048 -130.83647156
v -16.60006616 5.54327965 -131.08645630
v -14.65354440 4.24264193 -131.33648682
v -13.35290048 2.29609728 -131.58647156
v -12.89619348 0.00000214 -131.83645630
v -13.35290048 -2.29609823 -132.08648682
v -14.65354440 -4.24263763 -132.33647156
v -16.60006616 -5.54327774 -132.58645630
v -18.89618584 -5.99999905 -132.83648682
v -21.19227882 -5.54327774 -133.08647156
v -23.13882348 -4.24263763 -133.33645630
v -24.89617440 0.00000214 -129.83648682
v -26.28722282 -3.06145978 -131.58647156
v -26.28722282 3.06145883 -128.08648682
v -24.55304620 5.65685987 -128.33648682
v -21.95765206 7.39103937 -128.58647156
v -18.89618584 8.00000000 -128.83650208
v -15.83471582 7.39103937 -129.08648682
v -13.23932550 5.65685987 -129.33647156
v -11.50514314 3.06145883 -129.58645630
v -10.89617630 0.00000214 -129.83648682
v -11.50514314 -3.06145978 -130.08647156
v -13.23932550 -5.65685797 -130.33645630
v -15.83471582 -7.39103794 -130.58648682
v -18.89618584 -8.00000095 -130.83647156
v -21.95765206 -7.39103794 -131.08645630
v -24.55304620 -5.65685797 -131.33648682
v -26.89619348 0.00000214 -127.83646392
v -24.43944832 -2.29609823 -129.58645630
v -24.43944832 2.29609728 -126.08647918
v -23.13882348 4.24264193 -126.33646392
v -21.19227882 5.54327965 -126.58649444
v -18.89618584 6.00000048 -126.83647918
v -16.60006616 5.54327965 -127.08646392
v -14.65354440 4.24264193 -127.33649444
v -13.35290048 2.29609728 -127.58647918
v -12.89619348 0.00000214 -127.83646392
v -13.35290048 -2.29609823 -128.08648682
v -14.65354440 -4.24263763 -128.33648682
v -16.60006616 -5.54327774 -128.58647156
v -18.89618584 -5.99999905 -128.83650208
v -21.19227882 -5.54327774 -129.08648682
v -23.13882348 -4.24263763 -129.33647156
v -24.89617440 0.00000214 -125.83648682
v -26.28722282 -3.06145978 -127.58647918
v -26.28722282 3.06145883 -124.08645630
v -24.55304620 5.65685987 -124.33648682
v -21.95765206 7.39103937 -124.58647156
v -18.89618584 8.00000000 -124.83645630
v -15.83471582 7.39103937 -125.08648682
v -13.23932550 5.65685987 -125.33647156
v -11.50514314 3.06145883 -125.58646392
v -10.89617630 0.00000214 -125.83648682
v -11.50514314 -3.06145978 -126.08647918
v -13.23932550 -5.65685797 -126.33646392
v -15.83471582 -7.39103794 -126.58649444
v -18.89618584 -8.00000095 -126.83647918
v -21.95765206 -7.39103794 -127.08646392
v -24.55304620 -5.65685797 -127.33649444
v -26.89619348 0.00000214 -123.83647156
v -24.43944832 -2.29609823 -125.58646392
v -24.43944832 2.29609728 -122.08647918
v -23.13882348 4.24264193 -122.33647156
v -21.19227882 5.54327965 -122.58649444
v -18.89618584 6.00000048 -122.83648682
v -16.60006616 5.54327965 -123.08647156
v -14.65354440 4.24264193 -123.33645630
v -13.35290048 2.29609728 -123.58648682
v -12.89619348 0.00000214 -123.83647156
v -13.35290048 -2.29609823 -124.08645630
v -14.65354440 -4.24263763 -124.33648682
v -16.60006616 -5.54327774 -124.58647156
v -18.89618584 -5.99999905 -124.83645630
v -21.19227882 -5.54327774 -125.08648682
v -23.13882348 -4.24263763 -125.33647156
v -24.89617440 0.00000214 -121.83649444
v -26.28722282 -3.06145978 -123.58648682
v -26.28722282 3.06145883 -120.08646392
v -24.55304620 5.65685987 -120.33649444
v -21.95765206 7.39103937 -120.58647918
v -18.89618584 8.00000000 -120.83646392
v -15.83471582 7.39103937 -121.08649444
v -13.23932550 5.65685987 -121.33647918
v -11.50514314 3.06145883 -121.58646392
v -10.89617630 0.00000214 -121.83649444
v -11.50514314 -3.06145978 -122.08647918
v -13.23932550 -5.65685797 -122.33647156
v -15.83471582 -7.39103794 -122.58649444
v -18.89618584 -8.00000095 -122.83648682
v -21.95765206 -7.39103794 -123.08647156
v -24.55304620 -5.65685797 -123.33645630
v -26.89619348 0.00000214 -119.83647918
v -24.43944832 -2.29609823 -121.58646392
v -24.43944832 2.29609728 -118.08648682
v -23.13882348 4.24264193 -118.33647156
v -21.19227882 5.54327965 -118.58646392
v -18.89618584 6.00000048 -118.83648682
v -16.60006616 5.54327965 -119.08647918
v -14.65354440 4.24264193 -119.33646392
v -13.35290048 2.29609728 -119.58649444
v -12.89619348 0.00000214 -119.83647918
v -13.35290048 -2.29609823 -120.08646392
v -14.65354440 -4.24263763 -120.33649444
v -16.60006616 -5.54327774 -120.58647918
v -18.89618584 -5.99999905 -120.83646392
v -21.19227882 -5.54327774 -121.08649444
v -23.13882348 -4.24263763 -121.33647918
v -24.89617440 0.00000214 -117.83646392
v -26.28722282 -3.06145978 -119.58649444
v -26.28722282 3.06145883 -116.08647156
v -24.55304620 5.65685987 -116.33645630
v -21.95765206 7.39103937 -116.58648682
v -18.89618584 8.00000000 -116.83647156
v -15.83471582 7.39103937 -117.08645630
v -13.23932550 5.65685987 -117.33648682
v -11.50514314 3.06145883 -117.58647156
v -10.89617630 0.00000214 -117.83646392
v -11.50514314 -3.06145978 -118.08648682
v -13.23932550 -5.65685797 -118.33647156
v -15.83471582 -7.39103794 -118.58646392
v -18.89618584 -8.00000095 -118.83648682
v -21.95765206 -7.39103794 -119.08647918
v -24.55304620 -5.65685797 -119.33646392
v -26.89619348 0.00000214 -115.83648682
v -24.43944832 -2.29609823 -117.58647156
v -24.43944832 2.29609728 -114.08649444
v -23.13882348 4.24264193 -114.33647918
v -21.19227882 5.54327965 -114.58647156
v -18.89618584 6.00000048 -114.83649444
v -16.60006616 5.54327965 -115.08647918
v -14.65354440 4.24264193 -115.33647156
v -13.35290048 2.29609728 -115.58649444
v -12.89619348 0.00000214 -115.83648682
v -13.35290048 -2.29609823 -116.08647156
v -14.65354440 -4.24263763 -116.33645630
v -16.60006616 -5.54327774 -116.58648682
v -18.89618584 -5.99999905 -116.83647156
v -21.19227882 -5.54327774 -117.08645630
v -23.13882348 -4.24263763 -117.33648682
v -24.89617440 0.00000214 -113.83646392
v -26.28722282 -3.06145978 -115.58649444
v -26.28722282 3.06145883 -112.08647918
v -24.55304620 5.65685987 -112.33646392
v -21.95765206 7.39103937 -112.58649444
v -18.89618584 8.00000000 -112.83647918
v -15.83471582 7.39103937 -113.08646392
v -13.23932550 5.65685987 -113.33649444
v -11.50514314 3.06145883 -113.58647918
v -10.89617630 0.00000214 -113.83646392
v -11.50514314 -3.06145978 -114.08649444
v -13.23932550 -5.65685797 -114.33647918
v -15.83471582 -7.39103794 -114.58647156
v -18.89618584 -8.00000095 -114.83649444
v -21.95765206 -7.39103794 -115.08647918
v -24.55304620 -5.65685797 -115.33647156
v -26.89619348 0.00000214 -111.83649444
v -24.43944832 -2.29609823 -113.58647918
v -24.43944832 2.29609728 -110.08645630
v -23.13882348 4.24264193 -110.33648682
v -21.19227882 5.54327965 -110.58647156
v -18.89618584 6.00000048 -110.83646392
v -16.60006616 5.54327965 -111.08648682
v -14.65354440 4.24264193 -111.33647918
v -13.35290048 2.29609728 -111.58646392
v -12.89619348 0.00000214 -111.83649444
v -13.35290048 -2.29609823 -112.08647918
v -14.65354440 -4.24263763 -112.33646392
v -16.60006616 -5.54327774 -112.58649444
v -18.89618584 -5.99999905 -112.83647918
v -21.19227882 -5.54327774 -113.08646392
v -23.13882348 -4.24263763 -113.33649444
v -24.89617440 0.00000214 -109.83647156
v -26.28722282 -3.06145978 -111.58646392
v -26.28722282 3.06145883 -108.08648682
v -24.55304620 5.65685987 -108.33647156
v -21.95765206 7.39103937 -108.58645630
v -18.89618584 8.00000000 -108.83648682
v -15.83471582 7.39103937 -109.08647156
v -13.23932550 5.65685987 -109.33645630
v -11.50514314 3.06145883 -109.58648682
v -10.89617630 0.00000214 -109.83647156
v -11.50514314 -3.06145978 -110.08645630
v -13.23932550 -5.65685797 -110.33648682
v -15.83471582 -7.39103794 -110.58647156
v -18.89618584 -8.00000095 -110.83646392
v -21.95765206 -7.39103794 -111.08648682
v -24.55304620 -5.65685797 -111.33647918
v -26.89619348 0.00000214 -107.83649444
v -24.43944832 -2.29609823 -109.58648682
v -24.43944832 2.29609728 -106.08646392
v -23.13882348 4.24264193 -106.33649444
v -21.19227882 5.54327965 -106.58647918
v -18.89618584 6.00000048 -106.83646392
v -16.60006616 5.54327965 -107.08649444
v -14.65354440 4.24264193 -107.33647918
v -13.35290048 2.29609728 -107.58647156
v -12.89619348 0.00000214 -107.83649444
v -13.35290048 -2.29609823 -108.08648682
v -14.65354440 -4.24263763 -108.33647156
v -16.60006616 -5.54327774 -108.58645630
v -18.89618584 -5.99999905 -108.83648682
v -21.19227882 -5.54327774 -109.08647156
v -23.13882348 -4.24263763 -109.33645630
v -24.89617440 0.00000214 -105.83647918
v -26.28722282 -3.06145978 -107.58647156
v -26.28722282 3.06145883 -104.08648682
v -24.55304620 5.65685987 -104.33647918
v -21.95765206 7.39103937 -104.58646392
v -18.89618584 8.00000000 -104.83649444
v -15.83471582 7.39103937 -105.08647918
v -13.23932550 5.65685987 -105.33646392
v -11.50514314 3.06145883 -105.58649444
v -10.89617630 0.00000214 -105.83647918
v -11.50514314 -3.06145978 -106.08646392
v -13.23932550 -5.65685797 -106.33649444
v -15.83471582 -7.39103794 -106.58647918
v -18.89618584 -8.00000095 -106.83646392
v -21.95765206 -7.39103794 -107.08649444
v -24.55304620 -5.65685797 -107.33647918
v -26.89619348 0.00000214 -103.83646392
v -24.43944832 -2.29609823 -105.58649444
v -24.43944832 2.29609728 -102.08647156
v -23.13882348 4.24264193 -102.33645630
v -21.19227882 5.54327965 -102.58648682
v -18.89618584 6.00000048 -102.83647156
v -16.60006616 5.54327965 -103.08645630
v -14.65354440 4.24264193 -103.33648682
v -13.35290048 2.29609728 -103.58647156
v -12.89619348 0.00000214 -103.83646392
v -13.35290048 -2.29609823 -104.08648682
v -14.65354440 -4.24263763 -104.33647918
v -16.60006616 -5.54327774 -104.58646392
v -18.89618584 -5.99999905 -104.83649444
v -21.19227882 -5.54327774 -105.08647918
v -23.13882348 -4.24263763 -105.33646392
v -24.89617440 0.00000214 -101.83648682
v -26.28722282 -3.06145978 -103.58647156
v -26.28722282 3.06145883 -100.08649444
v -24.55304620 5.65685987 -100.33647918
v -21.95765206 7.39103937 -100.58647156
v -18.89618584 8.00000000 -100.83649444
v -15.83471582 7.39103937 -101.08648682
v -13.23932550 5.65685987 -101.33647156
v -11.50514314 3.06145883 -101.58645630
v -10.89617630 0.00000214 -101.83648682
v -11.50514314 -3.06145978 -102.08647156
v -13.23932550 -5.65685797 -102.33645630
v -15.83471582 -7.39103794 -102.58648682
v -18.89618584 -8.00000095 -102.83647156
v -21.95765206 -7.39103794 -103.08645630
v -24.55304620 -5.65685797 -103.33648682
v -26.89619348 0.00000214 -99.83646392
v -24.43944832 -2.29609823 -101.58645630
v -24.43944832 2.29609728 -98.08647918
v -23.13882348 4.24264193 -98.33646392
v -21.19227882 5.54327965 -98.58649444
v -18.89618584 6.00000048 -98.83647918
v -16.60006616 5.54327965 -99.08646392
v -14.65354440 4.24264193 -99.33649444
v -13.35290048 2.29609728 -99.58647918
v -12.89619348 0.00000214 -99.83646392
v -13.35290048 -2.29609823 -100.08649444
v -14.65354440 -4.24263763 -100.33647918
v -16.60006616 -5.54327774 -100.58647156
v -18.89618584 -5.99999905 -100.83649444
v -21.19227882 -5.54327774 -101.08648682
v -23.13882348 -4.24263763 -101.33647156
v -24.89617440 0.00000214 -97.83649444
v -26.28722282 -3.06145978 -99.58647918
v -26.28722282 3.06145883 -96.08646392
v -24.55304620 5.65685987 -96.33648682
v -21.95765206 7.39103937 -96.58647918
v -18.89618584 8.00000000 -96.83646392
v -15.83471582 7.39103937 -97.08648682
v -13.23932550 5.65685987 -97.33647918
v -11.50514314 3.06145883 -97.58646392
v -10.89617630 0.00000214 -97.83649444
v -11.50514314 -3.06145978 -98.08647918
v -13.23932550 -5.65685797 -98.33646392
v -15.83471582 -7.39103794 -98.58649444
v -18.89618584 -8.00000095 -98.83647918
v -21.95765206 -7.39103794 -99.08646392
v -24.55304620 -5.65685797 -99.33649444
v -26.89619348 0.00000214 -95.83647156
v -24.43944832 -2.29609823 -97.58646392
v -24.43944832 2.29609728 -94.08648682
v -23.13882348 4.24264193 -94.33650970
v -21.19227882 5.54327965 -94.58645630
v -18.89618584 6.00000048 -94.83648682
v -16.60006616 5.54327965 -95.08647156
v -14.65354440 4.24264193 -95.33645630
v -13.35290048 2.29609728 -95.58648682
v -12.89619348 0.00000214 -95.83647156
v -13.35290048 -2.29609823 -96.08646392
v -14.65354440 -4.24263763 -96.33648682
v -16.60006616 -5.54327774 -96.58647918
v -18.89618584 -5.99999905 -96.83646392
v -21.19227882 -5.54327774 -97.08648682
v -23.13882348 -4.24263763 -97.33647918
v -24.89617440 0.00000214 -93.83645630
v -26.28722282 -3.06145978 -95.58648682
v -26.28722282 3.06145883 -92.08650970
v -24.55304620 5.65685987 -92.33649444
v -21.95765206 7.39103937 -92.58647918
v -18.89618584 8.00000000 -92.83650970
v -15.83471582 7.39103937 -93.08649444
v -13.23932550 5.65685987 -93.33648682
v -11.50514314 3.06145883 -93.58650970
v -10.89617630 0.00000214 -93.83645630
v -11.50514314 -3.06145978 -94.08648682
v -13.23932550 -5.65685797 -94.33650970
v -15.83471582 -7.39103794 -94.58645630
v -18.89618584 -8.00000095 -94.83648682
v -21.95765206 -7.39103794 -95.08647156
v -24.55304620 -5.65685797 -95.33645630
v -26.89619348 0.00000214 -91.83647918
v -24.43944832 -2.29609823 -93.58650970
v -24.43944832 2.29609728 -90.08649444
v -23.13882348 4.24264193 -90.33647918
v -21.19227882 5.54327965 -90.58650208
v -18.89618584 6.00000048 -90.83649444
v -16.60006616 5.54327965 -91.08647918
v -14.65354440 4.24264193 -91.33650970
v -13.35290048 2.29609728 -91.58649444
v -12.89619348 0.00000214 -91.83647918
v -13.35290048 -2.29609823 -92.08650970
v -14.65354440 -4.24263763 -92.33649444
v -16.60006616 -5.54327774 -92.58647918
v -18.89618584 -5.99999905 -92.83650970
v -21.19227882 -5.54327774 -93.08649444
v -23.13882348 -4.24263763 -93.33648682
v -24.89617440 0.00000214 -89.83650208
v -26.28722282 -3.06145978 -91.58649444
v -26.28722282 3.06145883 -88.08647156
v -24.55304620 5.65685987 -88.33650208
v -21.95765206 7.39103937 -88.58648682
v -18.89618584 8.00000000 -88.83647156
v -15.83471582 7.39103937 -89.08650208
v -13.23932550 5.65685987 -89.33648682
v -11.50514314 3.06145883 -89.58647918
v -10.89617630 0.00000214 -89.83650208
v -11.50514314 -3.06145978 -90.08649444
v -13.23932550 -5.65685797 -90.33647918
v -15.83471582 -7.39103794 -90.58650208
v -18.89618584 -8.00000095 -90.83649444
v -21.95765206 -7.39103794 -91.08647918
v -24.55304620 -5.65685797 -91.33650970
v -26.89619348 0.00000214 -87.83648682
v -24.43944832 -2.29609823 -89.58647918
v -24.43944832 2.29609728 -86.08649444
v -23.13882348 4.24264193 -86.33648682
v -21.19227882 5.54327965 -86.58647156
v -18.89618584 6.00000048 -86.83650208
v -16.60006616 5.54327965 -87.08648682
v -14.65354440 4.24264193 -87.33647156
v -13.35290048 2.29609728 -87.58650208
v -12.89619348 0.00000214 -87.83648682
v -13.35290048 -2.29609823 -88.08647156
v -14.65354440 -4.24263763 -88.33650208
v -16.60006616 -5.54327774 -88.58648682
v -18.89618584 -5.99999905 -88.83647156
v -21.19227882 -5.54327774 -89.08650208
v -23.13882348 -4.24263763 -89.33648682
v -24.89617440 0.00000214 -85.83647156
v -26.28722282 -3.06145978 -87.58650208
v -26.28722282 3.06145883 -84.08647918
v -24.55304620 5.65685987 -84.33646392
v -21.95765206 7.39103937 -84.58649444
v -18.89618584 8.00000000 -84.83647918
v -15.83471582 7.39103937 -85.08646392
v -13.23932550 5.65685987 -85.33649444
v -11.50514314 3.06145883 -85.58647918
v -10.89617630 0.00000214 -85.83647156
v -11.50514314 -3.06145978 -86.08649444
v -13.23932550 -5.65685797 -86.33648682
v -15.83471582 -7.39103794 -86.58647156
v -18.89618584 -8.00000095 -86.83650208
v -21.95765206 -7.39103794 -87.08648682
v -24.55304620 -5.65685797 -87.33647156
v -26.89619348 0.00000214 -83.83649444
v -24.43944832 -2.29609823 -85.58647918
v -24.43944832 2.29609728 -82.08646392
v -23.13882348 4.24264193 -82.33648682
v -21.19227882 5.54327965 -82.58647918
v -18.89618584 6.00000048 -82.83646392
v -16.60006616 5.54327965 -83.08649444
v -14.65354440 4.24264193 -83.33647918
v -13.35290048 2.29609728 -83.58646392
v -12.89619348 0.00000214 -83.83649444
v -13.35290048 -2.29609823 -84.08647918
v -14.65354440 -4.24263763 -84.33646392
v -16.60006616 -5.54327774 -84.58649444
v -18.89618584 -5.99999905 -84.83647918
v -21.19227882 -5.54327774 -85.08646392
v -23.13882348 -4.24263763 -85.33649444
v -24.89617440 0.00000214 -81.83647156
v -26.28722282 -3.06145978 -83.58646392
v -25.63806054 1.63278294 -80.90306854
v -25.47881600 2.72662044 -80.96145630
v -24.50760170 4.31256247 -81.03649140
v -24.02270790 5.12651920 -81.08647156
v -24.97145744 3.55510068 -81.00069428
v -22.35138986 6.34158087 -81.16991424
v -21.71847818 6.81362009 -81.21148682
v -23.34918114 5.61617994 -81.12005616
v -19.50847908 7.34488058 -81.30308532
v -18.89618584 7.50000095 -81.33646392
v -21.04378030 6.97580051 -81.23950958
v -16.44698998 7.11282110 -81.43650818
v -15.97821710 7.04457903 -81.46147156
v -18.34786126 7.41331911 -81.35887908
v -13.68743416 5.64171934 -81.56988526
v -13.41609474 5.48007965 -81.58648682
v -15.62316796 6.82713985 -81.47828674
v -11.71504112 3.14022017 -81.70309448
v -11.62062164 3.01363754 -81.71146392
v -13.25287530 5.25555897 -81.59769440
v -10.89617630 0.00000214 -81.83647156
v -11.58820816 2.87870049 -81.71706390
v -10.95414444 0.24109046 -81.82647706
v -10.92053886 0.12245978 -81.82647706
v -11.50514314 -3.06145978 -82.08646392
v -13.23932550 -5.65685797 -82.33648682
v -15.83471582 -7.39103794 -82.58647918
v -18.89618584 -8.00000095 -82.83646392
v -21.95765206 -7.39103794 -83.08649444
v -24.55304620 -5.65685797 -83.33647918
v -25.89618202 0.00000214 -80.83648682
v -25.72281930 1.09664714 -80.88127900
v -25.58592888 -1.22458470 -80.76990510
v -24.43944832 -2.29609823 -81.58648682
v -24.43944832 2.29609728 -79.83650208
v -23.13882348 4.24264193 -79.83650208
v -21.19227882 5.54327965 -79.83650208
v -18.89618584 6.00000048 -79.83650208
v -16.60006616 5.54327965 -79.83650208
v -14.65354440 4.24264193 -79.83650208
v -13.35290048 2.29609728 -79.83650208
v -12.89619348 0.00000214 -79.83650208
v -10.90617272 0.00000214 -81.82647706
v -13.35290048 -2.29609823 -80.08648682
v -14.65354440 -4.24263763 -80.33647156
v -16.60006616 -5.54327774 -80.58645630
v -18.89618584 -5.99999905 -80.83648682
v -21.19227882 -5.54327774 -81.08647156
v -23.13882348 -4.24263763 -81.33646392
v -24.89617440 0.00000214 -79.83650208
v -25.53979394 -1.41649759 -80.76187134
v -25.24785896 -2.63094211 -80.71147156
v -24.48533150 -3.65332198 -80.64409638
v -24.39816568 -3.77018023 -80.63648224
v -24.43944832 -2.29609823 -79.83650208
v -21.19227882 -5.54327774 -79.83650208
v -23.13882348 -4.24263763 -79.83650208
v -18.89618584 -5.99999905 -79.83650208
v -16.60006616 -5.54327774 -79.83650208
v -14.65354440 -4.24263763 -79.83650208
v -13.35290048 -2.29609823 -79.83650208
v -13.23742196 -2.34394050 -79.96147156
v -13.21117684 -2.16363931 -79.95189666
v -13.34535118 -2.52015877 -79.96987916
v -14.47675224 -4.41942072 -80.08648682
v -14.29025552 -4.10636234 -80.06729126
v -14.81101510 -4.66241741 -80.10308838
v -16.45656868 -5.88973856 -80.21150208
v -16.01841256 -5.56294060 -80.18268586
v -17.05930230 -6.03461933 -80.23647308
v -18.18970010 -6.32099867 -80.29808044
v -18.89618584 -6.49999809 -80.33647156
v -19.71258064 -6.37094259 -80.36988830
v -20.52994058 -6.25194073 -80.41347504
v -21.43145272 -6.12069988 -80.46148682
v -22.31253334 -5.58113956 -80.50305938
v -23.66916176 -4.77298117 -80.58645630
v -22.72996804 -5.33246040 -80.52890778
f 1 2 3
f 3 2 4
f 4 2 5
f 5 2 6
f 6 2 7
f 7 2 1
f 3 8 1
f 9 7 1
f 1 10 9
f 1 8 10
f 3 11 8
f 12 11 3
f 3 4 12
f 12 4 13
f 13 4 14
f 14 4 5
f 5 15 16
f 14 5 16
f 5 17 18
f 15 5 18
f 19 17 6
f 6 17 5
f 20 21 6
f 6 21 19
f 20 6 22
f 22 6 23
f 6 7 23
f 23 7 24
f 24 7 9
f 8 11 25
f 10 8 26
f 26 8 25
f 27 24 9
f 27 9 28
f 9 10 28
f 28 10 29
f 29 10 26
f 25 11 30
f 30 11 31
f 31 11 12
f 32 31 12
f 12 13 32
f 32 13 33
f 33 13 34
f 34 13 14
f 34 14 35
f 36 34 35
f 14 16 37
f 35 14 37
f 16 38 37
f 37 38 39
f 18 38 15
f 15 38 16
f 17 40 18
f 18 40 41
f 18 41 42
f 18 42 43
f 43 44 18
f 18 44 38
f 21 40 19
f 19 40 17
f 20 45 21
f 21 45 40
f 20 22 45
f 45 22 46
f 46 22 23
f 47 46 23
f 48 47 23
f 49 48 50
f 50 48 23
f 23 24 50
f 50 24 51
f 51 24 27
f 30 52 25
f 25 53 26
f 25 52 53
f 29 26 54
f 26 53 54
f 55 51 27
f 55 27 56
f 27 28 56
f 56 28 57
f 57 28 29
f 57 29 58
f 29 54 58
f 30 59 52
f 60 59 30
f 30 31 60
f 60 31 61
f 61 31 32
f 62 61 32
f 62 32 33
f 62 33 63
f 63 33 64
f 64 33 34
f 64 34 65
f 66 64 65
f 34 36 67
f 65 34 67
f 67 36 39
f 68 67 69
f 69 67 39
f 70 67 68
f 71 67 70
f 72 67 71
f 37 39 35
f 35 39 36
f 44 69 38
f 38 69 39
f 44 73 74
f 44 43 75
f 76 68 74
f 68 69 74
f 75 73 44
f 69 44 74
f 43 42 75
f 77 73 45
f 41 73 75
f 45 73 41
f 41 75 42
f 40 45 41
f 77 45 78
f 78 45 79
f 78 79 80
f 78 80 81
f 79 45 82
f 46 47 45
f 45 47 82
f 82 47 48
f 48 49 82
f 82 49 83
f 84 83 85
f 86 83 84
f 80 83 86
f 82 83 80
f 79 82 80
f 83 49 50
f 87 83 50
f 88 87 89
f 89 87 50
f 89 50 51
f 89 51 90
f 90 51 55
f 52 59 91
f 53 52 92
f 92 52 91
f 54 53 93
f 93 53 92
f 58 54 94
f 94 54 93
f 90 55 95
f 95 55 96
f 96 55 56
f 96 56 97
f 56 57 97
f 97 57 98
f 98 57 58
f 98 58 99
f 58 94 99
f 91 59 100
f 100 59 101
f 101 59 60
f 102 101 60
f 60 61 102
f 102 61 103
f 103 61 62
f 104 103 62
f 104 62 63
f 104 63 105
f 105 63 106
f 106 63 64
f 106 64 107
f 108 106 107
f 64 66 109
f 107 64 109
f 109 66 72
f 110 109 111
f 111 109 72
f 112 109 110
f 113 109 112
f 114 109 113
f 65 67 72
f 66 65 72
f 72 71 111
f 71 74 115
f 71 70 76
f 116 110 115
f 110 111 115
f 76 74 71
f 111 71 115
f 70 68 76
f 77 78 73
f 73 78 117
f 73 117 118
f 73 118 119
f 73 119 120
f 73 120 121
f 73 121 115
f 73 115 74
f 122 117 84
f 78 81 84
f 78 84 117
f 117 122 123
f 117 123 124
f 84 81 86
f 81 80 86
f 84 85 122
f 122 85 125
f 85 87 125
f 125 87 88
f 125 88 126
f 85 83 87
f 126 88 89
f 126 89 127
f 127 89 128
f 127 128 129
f 128 89 90
f 130 128 90
f 130 90 95
f 100 131 91
f 91 132 92
f 91 131 132
f 93 92 133
f 92 132 133
f 94 93 134
f 93 133 134
f 99 94 135
f 135 94 134
f 130 95 136
f 136 95 137
f 137 95 96
f 137 96 138
f 96 97 138
f 138 97 139
f 139 97 98
f 139 98 140
f 98 99 140
f 140 99 141
f 141 99 135
f 100 142 131
f 143 142 100
f 100 101 143
f 143 101 144
f 144 101 102
f 145 144 102
f 145 102 103
f 145 103 146
f 146 103 104
f 147 146 104
f 147 104 105
f 148 147 105
f 148 105 149
f 105 106 149
f 149 106 150
f 151 149 150
f 152 106 108
f 150 106 152
f 114 153 108
f 108 153 152
f 107 109 114
f 108 107 114
f 113 154 114
f 114 154 153
f 113 115 121
f 113 112 116
f 155 156 121
f 156 154 121
f 116 115 113
f 154 113 121
f 112 110 116
f 157 121 120
f 157 158 155
f 155 121 157
f 159 157 120
f 160 119 161
f 160 159 120
f 120 119 160
f 162 160 161
f 163 119 164
f 118 165 164
f 118 164 119
f 119 163 166
f 119 166 161
f 164 165 167
f 168 118 169
f 117 124 169
f 117 169 118
f 118 168 170
f 118 170 165
f 169 124 171
f 124 123 171
f 125 127 122
f 123 127 129
f 169 172 173
f 171 172 169
f 122 127 123
f 123 129 172
f 123 172 171
f 125 126 127
f 172 129 128
f 128 174 172
f 175 174 176
f 172 174 175
f 174 128 130
f 177 174 130
f 177 130 136
f 131 142 178
f 132 131 179
f 179 131 178
f 133 132 180
f 180 132 179
f 134 133 181
f 181 133 180
f 135 134 182
f 134 181 182
f 141 135 183
f 135 182 183
f 177 136 184
f 184 136 185
f 185 136 137
f 137 186 185
f 137 138 186
f 186 138 187
f 187 138 139
f 139 188 187
f 139 140 188
f 188 140 189
f 189 140 141
f 141 190 189
f 141 183 190
f 178 142 191
f 191 142 192
f 192 142 143
f 193 192 143
f 143 144 193
f 193 144 194
f 194 144 145
f 195 194 145
f 195 145 146
f 195 146 196
f 196 146 147
f 196 147 197
f 197 147 148
f 198 197 148
f 148 199 198
f 148 149 199
f 199 149 200
f 201 199 200
f 200 149 151
f 202 200 151
f 153 154 151
f 151 154 156
f 151 156 158
f 158 157 151
f 151 157 203
f 151 203 202
f 152 153 150
f 150 153 151
f 158 156 155
f 203 157 159
f 201 203 159
f 204 201 159
f 204 159 205
f 159 206 205
f 207 206 159
f 208 207 159
f 159 209 208
f 159 160 209
f 210 211 163
f 166 211 212
f 160 207 209
f 162 207 160
f 163 211 166
f 166 212 207
f 166 207 162
f 161 166 162
f 164 213 163
f 163 213 210
f 173 175 168
f 168 175 176
f 168 176 214
f 164 214 213
f 167 214 164
f 170 214 167
f 168 214 170
f 165 170 167
f 168 169 173
f 175 173 172
f 214 176 174
f 214 174 215
f 216 214 217
f 217 214 215
f 215 174 177
f 218 215 177
f 177 184 218
f 191 219 178
f 178 220 179
f 178 219 220
f 180 179 221
f 179 220 221
f 181 180 222
f 180 221 222
f 182 181 223
f 223 181 222
f 183 182 224
f 224 182 223
f 190 183 225
f 225 183 224
f 218 184 226
f 226 184 227
f 227 184 185
f 185 228 227
f 185 186 228
f 228 186 229
f 229 186 187
f 187 230 229
f 187 188 230
f 230 188 231
f 231 188 189
f 189 232 231
f 189 190 232
f 232 190 233
f 233 190 225
f 191 234 219
f 235 234 191
f 191 192 235
f 235 192 236
f 236 192 193
f 237 236 193
f 237 193 194
f 237 194 238
f 238 194 195
f 239 238 195
f 239 195 196
f 240 239 196
f 240 196 197
f 240 197 241
f 241 197 198
f 227 241 198
f 198 226 227
f 198 199 226
f 226 199 205
f 204 199 201
f 205 199 204
f 203 200 202
f 203 201 200
f 218 226 205
f 205 206 218
f 206 215 218
f 242 215 206
f 211 242 206
f 212 211 206
f 212 206 207
f 208 209 207
f 211 210 242
f 213 216 210
f 210 216 217
f 210 217 242
f 216 213 214
f 242 217 215
f 219 234 243
f 220 219 244
f 244 219 243
f 221 220 245
f 245 220 244
f 222 221 246
f 246 221 245
f 223 222 247
f 222 246 247
f 224 223 248
f 223 247 248
f 224 249 225
f 224 248 249
f 225 250 233
f 225 249 250
f 228 241 227
f 251 241 228
f 251 228 229
f 229 252 251
f 230 252 229
f 253 252 230
f 253 230 231
f 231 254 253
f 232 254 231
f 255 254 232
f 255 232 233
f 233 256 255
f 250 256 233
f 243 234 257
f 257 234 258
f 258 234 235
f 259 258 235
f 235 236 259
f 259 236 260
f 260 236 237
f 261 260 237
f 261 237 238
f 261 238 262
f 262 238 239
f 262 239 263
f 263 239 240
f 251 263 240
f 240 241 251
f 257 264 243
f 243 265 244
f 243 264 265
f 245 244 266
f 244 265 266
f 246 245 267
f 245 266 267
f 247 246 268
f 268 246 267
f 248 247 269
f 269 247 268
f 249 248 270
f 270 248 269
f 250 249 271
f 271 249 270
f 272 256 250
f 272 250 271
f 252 263 251
f 273 252 253
f 273 263 252
f 254 274 253
f 253 274 273
f 275 254 255
f 275 274 254
f 256 276 255
f 255 276 275
f 277 256 272
f 277 276 256
f 257 278 264
f 279 278 257
f 257 258 279
f 279 258 280
f 280 258 259
f 281 280 259
f 281 259 260
f 281 260 282
f 282 260 261
f 283 282 261
f 283 261 262
f 273 283 262
f 273 262 263
f 264 278 284
f 265 264 285
f 285 264 284
f 266 265 286
f 286 265 285
f 267 266 287
f 287 266 286
f 268 267 288
f 267 287 288
f 269 268 289
f 268 288 289
f 269 290 270
f 269 289 290
f 270 291 271
f 270 290 291
f 271 292 272
f 291 292 271
f 292 293 272
f 272 293 277
f 274 283 273
f 275 294 274
f 294 283 274
f 276 295 275
f 275 295 294
f 277 296 276
f 296 295 276
f 293 297 277
f 277 297 296
f 284 278 298
f 298 278 299
f 299 278 279
f 300 299 279
f 279 280 300
f 300 280 301
f 301 280 281
f 302 301 281
f 302 281 282
f 302 282 294
f 294 282 283
f 298 303 284
f 284 304 285
f 284 303 304
f 286 285 305
f 285 304 305
f 287 286 306
f 286 305 306
f 288 287 307
f 307 287 306
f 289 288 308
f 308 288 307
f 290 289 309
f 309 289 308
f 291 290 310
f 310 290 309
f 311 292 291
f 311 291 310
f 312 292 311
f 312 293 292
f 312 313 293
f 313 297 293
f 295 302 294
f 296 314 295
f 295 314 302
f 297 315 296
f 315 314 296
f 313 316 297
f 297 316 315
f 298 317 303
f 318 317 298
f 298 299 318
f 318 299 319
f 319 299 300
f 320 319 300
f 320 300 301
f 320 301 314
f 314 301 302
f 303 317 321
f 304 303 322
f 322 303 321
f 305 304 323
f 323 304 322
f 306 305 324
f 324 305 323
f 307 306 325
f 306 324 325
f 308 307 326
f 307 325 326
f 308 327 309
f 308 326 327
f 309 328 310
f 309 327 328
f 310 329 311
f 328 329 310
f 329 330 311
f 311 330 312
f 330 331 312
f 312 331 313
f 331 332 313
f 332 316 313
f 315 320 314
f 316 333 315
f 315 333 320
f 332 334 316
f 334 333 316
f 321 317 335
f 335 317 336
f 336 317 318
f 337 336 318
f 318 319 337
f 337 319 333
f 333 319 320
f 335 338 321
f 321 339 322
f 321 338 339
f 323 322 340
f 322 339 340
f 324 323 341
f 323 340 341
f 325 324 342
f 342 324 341
f 326 325 343
f 343 325 342
f 327 326 344
f 344 326 343
f 328 327 345
f 345 327 344
f 346 329 328
f 346 328 345
f 347 329 346
f 347 330 329
f 347 348 330
f 348 331 330
f 348 349 331
f 331 349 332
f 349 350 332
f 332 350 334
f 334 337 333
f 350 351 334
f 334 351 337
f 335 352 338
f 353 352 335
f 335 336 353
f 353 336 351
f 351 336 337
f 338 352 354
f 339 338 355
f 355 338 354
f 340 339 356
f 356 339 355
f 341 340 357
f 357 340 356
f 342 341 358
f 341 357 358
f 343 342 359
f 342 358 359
f 343 360 344
f 343 359 360
f 344 361 345
f 344 360 361
f 345 362 346
f 361 362 345
f 362 363 346
f 346 363 347
f 363 364 347
f 347 364 348
f 364 365 348
f 365 349 348
f 365 366 349
f 366 350 349
f 366 367 350
f 367 351 350
f 353 351 367
f 354 352 368
f 368 352 369
f 369 352 353
f 367 369 353
f 368 370 354
f 354 371 355
f 354 370 371
f 356 355 372
f 355 371 372
f 357 356 373
f 356 372 373
f 358 357 374
f 374 357 373
f 359 358 375
f 375 358 374
f 360 359 376
f 376 359 375
f 361 360 377
f 377 360 376
f 378 362 361
f 378 361 377
f 379 362 378
f 379 363 362
f 379 380 363
f 380 364 363
f 380 381 364
f 364 381 365
f 381 382 365
f 365 382 366
f 382 383 366
f 366 383 367
f 383 369 367
f 368 384 370
f 385 384 368
f 368 369 385
f 385 369 383
f 370 384 386
f 371 370 387
f 387 370 386
f 372 371 388
f 388 371 387
f 373 372 389
f 389 372 388
f 374 373 390
f 373 389 390
f 375 374 391
f 374 390 391
f 375 392 376
f 375 391 392
f 376 393 377
f 376 392 393
f 377 394 378
f 393 394 377
f 394 395 378
f 378 395 379
f 395 396 379
f 379 396 380
f 396 397 380
f 397 381 380
f 397 398 381
f 398 382 381
f 398 399 382
f 399 383 382
f 385 383 399
f 386 384 400
f 400 384 401
f 401 384 385
f 399 401 385
f 400 402 386
f 386 403 387
f 386 402 403
f 388 387 404
f 387 403 404
f 389 388 405
f 388 404 405
f 390 389 406
f 406 389 405
f 391 390 407
f 407 390 406
f 392 391 408
f 408 391 407
f 393 392 409
f 409 392 408
f 410 394 393
f 410 393 409
f 411 394 410
f 411 395 394
f 411 412 395
f 412 396 395
f 412 413 396
f 396 413 397
f 413 414 397
f 397 414 398
f 414 415 398
f 398 415 399
f 415 401 399
f 400 416 402
f 417 416 400
f 400 401 417
f 417 401 415
f 402 416 418
f 403 402 419
f 419 402 418
f 404 403 420
f 420 403 419
f 405 404 421
f 421 404 420
f 406 405 422
f 405 421 422
f 407 406 423
f 406 422 423
f 407 424 408
f 407 423 424
f 408 425 409
f 408 424 425
f 409 426 410
f 425 426 409
f 426 427 410
f 410 427 411
f 427 428 411
f 411 428 412
f 428 429 412
f 429 413 412
f 429 430 413
f 430 414 413
f 430 431 414
f 431 415 414
f 417 415 431
f 418 416 432
f 432 416 433
f 433 416 417
f 431 433 417
f 432 434 418
f 418 435 419
f 418 434 435
f 420 419 436
f 419 435 436
f 421 420 437
f 420 436 437
f 422 421 438
f 438 421 437
f 423 422 439
f 439 422 438
f 424 423 440
f 440 423 439
f 425 424 441
f 441 424 440
f 442 426 425
f 442 425 441
f 443 426 442
f 443 427 426
f 443 444 427
f 444 428 427
f 444 445 428
f 428 445 429
f 445 446 429
f 429 446 430
f 446 447 430
f 430 447 431
f 447 433 431
f 432 448 434
f 449 448 432
f 432 433 449
f 449 433 447
f 434 448 450
f 435 434 451
f 451 434 450
f 436 435 452
f 452 435 451
f 437 436 453
f 453 436 452
f 438 437 454
f 437 453 454
f 439 438 455
f 438 454 455
f 439 456 440
f 439 455 456
f 440 457 441
f 440 456 457
f 441 458 442
f 457 458 441
f 458 459 442
f 442 459 443
f 459 460 443
f 443 460 444
f 460 461 444
f 461 445 444
f 461 462 445
f 462 446 445
f 462 463 446
f 463 447 446
f 449 447 463
f 450 448 464
f 464 448 465
f 465 448 449
f 463 465 449
f 464 466 450
f 450 467 451
f 450 466 467
f 452 451 468
f 451 467 468
f 453 452 469
f 452 468 469
f 454 453 470
f 470 453 469
f 455 454 471
f 471 454 470
f 456 455 472
f 472 455 471
f 457 456 473
f 473 456 472
f 474 458 457
f 474 457 473
f 475 458 474
f 475 459 458
f 475 476 459
f 476 460 459
f 476 477 460
f 460 477 461
f 477 478 461
f 461 478 462
f 478 479 462
f 462 479 463
f 479 465 463
f 464 480 466
f 481 480 464
f 464 465 481
f 481 465 479
f 466 480 482
f 467 466 483
f 483 466 482
f 468 467 484
f 484 467 483
f 469 468 485
f 485 468 484
f 470 469 486
f 469 485 486
f 471 470 487
f 470 486 487
f 471 488 472
f 471 487 488
f 472 489 473
f 472 488 489
f 473 490 474
f 489 490 473
f 490 491 474
f 474 491 475
f 491 492 475
f 475 492 476
f 492 493 476
f 493 477 476
f 493 494 477
f 494 478 477
f 494 495 478
f 495 479 478
f 481 479 495
f 482 480 496
f 496 480 497
f 497 480 481
f 495 497 481
f 496 498 482
f 482 499 483
f 482 498 499
f 484 483 500
f 483 499 500
f 485 484 501
f 484 500 501
f 486 485 502
f 502 485 501
f 487 486 503
f 503 486 502
f 488 487 504
f 504 487 503
f 489 488 505
f 505 488 504
f 506 490 489
f 506 489 505
f 507 490 506
f 507 491 490
f 507 508 491
f 508 492 491
f 508 509 492
f 492 509 493
f 509 510 493
f 493 510 494
f 510 511 494
f 494 511 495
f 511 497 495
f 496 512 498
f 513 512 496
f 496 497 513
f 513 497 511
f 498 512 514
f 499 498 515
f 515 498 514
f 500 499 516
f 516 499 515
f 501 500 517
f 517 500 516
f 502 501 518
f 501 517 518
f 503 502 519
f 502 518 519
f 503 520 504
f 503 519 520
f 504 521 505
f 504 520 521
f 505 522 506
f 521 522 505
f 522 523 506
f 506 523 507
f 523 524 507
f 507 524 508
f 524 525 508
f 525 509 508
f 525 526 509
f 526 510 509
f 526 527 510
f 527 511 510
f 513 511 527
f 514 512 528
f 528 512 529
f 529 512 513
f 527 529 513
f 528 530 514
f 514 531 515
f 514 530 531
f 516 515 532
f 515 531 532
f 517 516 533
f 516 532 533
f 518 517 534
f 534 517 533
f 519 518 535
f 535 518 534
f 520 519 536
f 536 519 535
f 521 520 537
f 537 520 536
f 538 522 521
f 538 521 537
f 539 522 538
f 539 523 522
f 539 540 523
f 540 524 523
f 540 541 524
f 524 541 525
f 541 542 525
f 525 542 526
f 542 543 526
f 526 543 527
f 543 529 527
f 528 544 530
f 545 544 528
f 528 529 545
f 545 529 543
f 530 544 546
f 531 530 547
f 547 530 546
f 532 531 548
f 548 531 547
f 533 532 549
f 549 532 548
f 534 533 550
f 533 549 550
f 535 534 551
f 534 550 551
f 535 552 536
f 535 551 552
f 536 553 537
f 536 552 553
f 537 554 538
f 553 554 537
f 554 555 538
f 538 555 539
f 555 556 539
f 539 556 540
f 556 557 540
f 557 541 540
f 557 558 541
f 558 542 541
f 558 559 542
f 559 543 542
f 545 543 559
f 546 544 560
f 560 544 561
f 561 544 545
f 559 561 545
f 560 562 546
f 546 563 547
f 546 562 563
f 548 547 564
f 547 563 564
f 549 548 565
f 548 564 565
f 550 549 566
f 566 549 565
f 551 550 567
f 567 550 566
f 552 551 568
f 568 551 567
f 553 552 569
f 569 552 568
f 570 554 553
f 570 553 569
f 571 554 570
f 571 555 554
f 571 572 555
f 572 556 555
f 572 573 556
f 556 573 557
f 573 574 557
f 557 574 558
f 574 575 558
f 558 575 559
f 575 561 559
f 560 576 562
f 577 576 560
f 560 561 577
f 577 561 575
f 562 576 578
f 563 562 579
f 579 562 578
f 564 563 580
f 580 563 579
f 565 564 581
f 581 564 580
f 566 565 582
f 565 581 582
f 567 566 583
f 566 582 583
f 567 584 568
f 567 583 584
f 568 585 569
f 568 584 585
f 569 586 570
f 585 586 569
f 586 587 570
f 570 587 571
f 587 588 571
f 571 588 572
f 588 589 572
f 589 573 572
f 589 590 573
f 590 574 573
f 590 591 574
f 591 575 574
f 577 575 591
f 578 576 592
f 592 576 593
f 593 576 577
f 591 593 577
f 592 594 578
f 578 595 579
f 578 594 595
f 580 579 596
f 579 595 596
f 581 580 597
f 580 596 597
f 582 581 598
f 598 581 597
f 583 582 599
f 599 582 598
f 584 583 600
f 600 583 599
f 585 584 601
f 601 584 600
f 602 586 585
f 602 585 601
f 603 586 602
f 603 587 586
f 603 604 587
f 604 588 587
f 604 605 588
f 588 605 589
f 605 606 589
f 589 606 590
f 606 607 590
f 590 607 591
f 607 593 591
f 592 608 594
f 609 608 592
f 592 593 609
f 609 593 607
f 594 608 610
f 595 594 611
f 611 594 610
f 596 595 612
f 612 595 611
f 597 596 613
f 613 596 612
f 598 597 614
f 597 613 614
f 599 598 615
f 598 614 615
f 599 616 600
f 599 615 616
f 600 617 601
f 600 616 617
f 601 618 602
f 617 618 601
f 618 619 602
f 602 619 603
f 619 620 603
f 603 620 604
f 620 621 604
f 621 605 604
f 621 622 605
f 622 606 605
f 622 623 606
f 623 607 606
f 609 607 623
f 610 608 624
f 624 608 625
f 625 608 609
f 623 625 609
f 624 626 610
f 610 627 611
f 610 626 627
f 612 611 628
f 611 627 628
f 613 612 629
f 612 628 629
f 614 613 630
f 630 613 629
f 615 614 631
f 631 614 630
f 616 615 632
f 632 615 631
f 617 616 633
f 633 616 632
f 634 618 617
f 634 617 633
f 635 618 634
f 635 619 618
f 635 636 619
f 636 620 619
f 636 637 620
f 620 637 621
f 637 638 621
f 621 638 622
f 638 639 622
f 622 639 623
f 639 625 623
f 624 640 626
f 641 640 624
f 624 625 641
f 641 625 639
f 626 640 642
f 627 626 643
f 643 626 642
f 628 627 644
f 644 627 643
f 629 628 645
f 645 628 644
f 630 629 646
f 629 645 646
f 631 630 647
f 630 646 647
f 631 648 632
f 631 647 648
f 632 649 633
f 632 648 649
f 633 650 634
f 649 650 633
f 650 651 634
f 634 651 635
f 651 652 635
f 635 652 636
f 652 653 636
f 653 637 636
f 653 654 637
f 654 638 637
f 654 655 638
f 655 639 638
f 641 639 655
f 642 640 656
f 656 640 657
f 657 640 641
f 655 657 641
f 656 658 642
f 642 659 643
f 642 658 659
f 644 643 660
f 643 659 660
f 645 644 661
f 644 660 661
f 646 645 662
f 662 645 661
f 647 646 663
f 663 646 662
f 648 647 664
f 664 647 663
f 649 648 665
f 665 648 664
f 666 650 649
f 666 649 665
f 667 650 666
f 667 651 650
f 667 668 651
f 668 652 651
f 668 669 652
f 652 669 653
f 669 670 653
f 653 670 654
f 670 671 654
f 654 671 655
f 671 657 655
f 656 672 658
f 673 672 656
f 656 657 673
f 673 657 671
f 658 672 674
f 659 658 675
f 675 658 674
f 660 659 676
f 676 659 675
f 661 660 677
f 677 660 676
f 662 661 678
f 661 677 678
f 663 662 679
f 662 678 679
f 663 680 664
f 663 679 680
f 664 681 665
f 664 680 681
f 665 682 666
f 681 682 665
f 682 683 666
f 666 683 667
f 683 684 667
f 667 684 668
f 684 685 668
f 685 669 668
f 685 686 669
f 686 670 669
f 686 687 670
f 687 671 670
f 673 671 687
f 674 672 688
f 688 672 689
f 689 672 673
f 687 689 673
f 688 690 674
f 674 691 675
f 674 690 691
f 676 675 692
f 675 691 692
f 677 676 693
f 676 692 693
f 678 677 694
f 694 677 693
f 679 678 695
f 695 678 694
f 680 679 696
f 696 679 695
f 681 680 697
f 697 680 696
f 698 682 681
f 698 681 697
f 699 682 698
f 699 683 682
f 699 700 683
f 700 684 683
f 700 701 684
f 684 701 685
f 701 702 685
f 685 702 686
f 702 703 686
f 686 703 687
f 703 689 687
f 688 704 690
f 705 704 688
f 688 689 705
f 705 689 703
f 690 704 706
f 691 690 707
f 707 690 706
f 692 691 708
f 708 691 707
f 693 692 709
f 709 692 708
f 694 693 710
f 693 709 710
f 695 694 711
f 694 710 711
f 695 712 696
f 695 711 712
f 696 713 697
f 696 712 713
f 697 714 698
f 713 714 697
f 714 715 698
f 698 715 699
f 715 716 699
f 699 716 700
f 716 717 700
f 717 701 700
f 717 718 701
f 718 702 701
f 718 719 702
f 719 703 702
f 705 703 719
f 706 704 720
f 720 704 721
f 721 704 705
f 719 721 705
f 720 722 706
f 706 723 707
f 706 722 723
f 708 707 724
f 707 723 724
f 709 708 725
f 708 724 725
f 710 709 726
f 726 709 725
f 711 710 727
f 727 710 726
f 712 711 728
f 728 711 727
f 713 712 729
f 729 712 728
f 730 714 713
f 730 713 729
f 731 714 730
f 731 715 714
f 731 732 715
f 732 716 715
f 732 733 716
f 716 733 717
f 733 734 717
f 717 734 718
f 734 735 718
f 718 735 719
f 735 721 719
f 720 736 722
f 737 736 720
f 720 721 737
f 737 721 735
f 722 736 738
f 723 722 739
f 739 722 738
f 724 723 740
f 740 723 739
f 725 724 741
f 741 724 740
f 726 725 742
f 725 741 742
f 727 726 743
f 726 742 743
f 727 744 728
f 727 743 744
f 728 745 729
f 728 744 745
f 729 746 730
f 745 746 729
f 746 747 730
f 730 747 731
f 747 748 731
f 731 748 732
f 748 749 732
f 749 733 732
f 749 750 733
f 750 734 733
f 750 751 734
f 751 735 734
f 737 735 751
f 738 736 752
f 752 736 753
f 753 736 737
f 751 753 737
f 752 754 738
f 738 755 739
f 738 754 755
f 740 739 756
f 739 755 756
f 741 740 757
f 740 756 757
f 742 741 758
f 758 741 757
f 743 742 759
f 759 742 758
f 744 743 760
f 760 743 759
f 745 744 761
f 761 744 760
f 762 746 745
f 762 745 761
f 763 746 762
f 763 747 746
f 763 764 747
f 764 748 747
f 764 765 748
f 748 765 749
f 765 766 749
f 749 766 750
f 766 767 750
f 750 767 751
f 767 753 751
f 752 768 754
f 769 768 752
f 752 753 769
f 769 753 767
f 754 768 770
f 755 754 771
f 771 754 770
f 756 755 772
f 772 755 771
f 757 756 773
f 773 756 772
f 758 757 774
f 757 773 774
f 759 758 775
f 758 774 775
f 759 776 760
f 759 775 776
f 760 777 761
f 760 776 777
f 761 778 762
f 777 778 761
f 778 779 762
f 762 779 763
f 779 780 763
f 763 780 764
f 780 781 764
f 781 765 764
f 781 782 765
f 782 766 765
f 782 783 766
f 783 767 766
f 769 767 783
f 770 768 784
f 784 768 785
f 785 768 769
f 783 785 769
f 784 786 770
f 770 787 771
f 770 786 787
f 772 771 788
f 771 787 788
f 773 772 789
f 772 788 789
f 774 773 790
f 790 773 789
f 775 774 791
f 791 774 790
f 776 775 792
f 792 775 791
f 777 776 793
f 793 776 792
f 794 778 777
f 794 777 793
f 795 778 794
f 795 779 778
f 795 796 779
f 796 780 779
f 796 797 780
f 780 797 781
f 797 798 781
f 781 798 782
f 798 799 782
f 782 799 783
f 799 785 783
f 784 800 786
f 801 800 784
f 784 785 801
f 801 785 799
f 786 800 802
f 787 786 803
f 803 786 802
f 788 787 804
f 804 787 803
f 789 788 805
f 805 788 804
f 790 789 806
f 789 805 806
f 791 790 807
f 790 806 807
f 791 808 792
f 791 807 808
f 792 809 793
f 792 808 809
f 793 810 794
f 809 810 793
f 810 811 794
f 794 811 795
f 811 812 795
f 795 812 796
f 812 813 796
f 813 797 796
f 813 814 797
f 814 798 797
f 814 815 798
f 815 799 798
f 801 799 815
f 802 800 816
f 816 800 817
f 817 800 801
f 815 817 801
f 816 818 802
f 802 819 803
f 802 818 819
f 804 803 820
f 803 819 820
f 805 804 821
f 804 820 821
f 806 805 822
f 822 805 821
f 807 806 823
f 823 806 822
f 808 807 824
f 824 807 823
f 809 808 825
f 825 808 824
f 826 810 809
f 826 809 825
f 827 810 826
f 827 811 810
f 827 828 811
f 828 812 811
f 828 829 812
f 812 829 813
f 829 830 813
f 813 830 814
f 830 831 814
f 814 831 815
f 831 817 815
f 816 832 818
f 833 832 816
f 816 817 833
f 833 817 831
f 818 832 834
f 819 818 835
f 835 818 834
f 820 819 836
f 836 819 835
f 821 820 837
f 837 820 836
f 822 821 838
f 821 837 838
f 823 822 839
f 822 838 839
f 823 840 824
f 823 839 840
f 824 841 825
f 824 840 841
f 825 842 826
f 841 842 825
f 842 843 826
f 826 843 827
f 843 844 827
f 827 844 828
f 844 845 828
f 845 829 828
f 845 846 829
f 846 830 829
f 846 847 830
f 847 831 830
f 833 831 847
f 834 832 848
f 848 832 849
f 849 832 833
f 847 849 833
f 848 850 834
f 834 851 835
f 834 850 851
f 836 835 852
f 835 851 852
f 837 836 853
f 836 852 853
f 838 837 854
f 854 837 853
f 839 838 855
f 855 838 854
f 840 839 856
f 856 839 855
f 841 840 857
f 857 840 856
f 858 842 841
f 858 841 857
f 859 842 858
f 859 843 842
f 859 860 843
f 860 844 843
f 860 861 844
f 844 861 845
f 861 862 845
f 845 862 846
f 862 863 846
f 846 863 847
f 863 849 847
f 848 864 850
f 865 864 848
f 848 849 865
f 865 849 863
f 850 864 866
f 851 850 867
f 867 850 866
f 852 851 868
f 868 851 867
f 853 852 869
f 869 852 868
f 854 853 870
f 853 869 870
f 855 854 871
f 854 870 871
f 855 872 856
f 855 871 872
f 856 873 857
f 856 872 873
f 857 874 858
f 873 874 857
f 874 875 858
f 858 875 859
f 875 876 859
f 859 876 860
f 876 877 860
f 877 861 860
f 877 878 861
f 878 862 861
f 878 879 862
f 879 863 862
f 865 863 879
f 866 864 880
f 880 864 881
f 881 864 865
f 879 881 865
f 880 882 866
f 866 883 867
f 866 882 883
f 868 867 884
f 867 883 884
f 869 868 885
f 868 884 885
f 870 869 886
f 886 869 885
f 871 870 887
f 887 870 886
f 872 871 888
f 888 871 887
f 873 872 889
f 889 872 888
f 890 874 873
f 890 873 889
f 891 874 890
f 891 875 874
f 891 892 875
f 892 876 875
f 892 893 876
f 876 893 877
f 893 894 877
f 877 894 878
f 894 895 878
f 878 895 879
f 895 881 879
f 880 896 882
f 897 896 880
f 880 881 897
f 897 881 895
f 882 896 898
f 883 882 899
f 899 882 898
f 884 883 900
f 900 883 899
f 885 884 901
f 901 884 900
f 886 885 902
f 885 901 902
f 887 886 903
f 886 902 903
f 887 904 888
f 887 903 904
f 888 905 889
f 888 904 905
f 889 906 890
f 905 906 889
f 906 907 890
f 890 907 891
f 907 908 891
f 891 908 892
f 908 909 892
f 909 893 892
f 909 910 893
f 910 894 893
f 910 911 894
f 911 895 894
f 897 895 911
f 898 896 912
f 912 896 913
f 913 896 897
f 911 913 897
f 912 914 898
f 898 915 899
f 898 914 915
f 900 899 916
f 899 915 916
f 901 900 917
f 900 916 917
f 902 901 918
f 918 901 917
f 903 902 919
f 919 902 918
f 904 903 920
f 920 903 919
f 905 904 921
f 921 904 920
f 922 906 905
f 922 905 921
f 923 906 922
f 923 907 906
f 923 924 907
f 924 908 907
f 924 925 908
f 908 925 909
f 925 926 909
f 909 926 910
f 926 927 910
f 910 927 911
f 927 913 911
f 912 928 914
f 929 928 912
f 912 913 929
f 929 913 927
f 914 928 930
f 915 914 931
f 931 914 930
f 916 915 932
f 932 915 931
f 917 916 933
f 933 916 932
f 918 917 934
f 917 933 934
f 919 918 935
f 918 934 935
f 919 936 920
f 919 935 936
f 920 937 921
f 920 936 937
f 921 938 922
f 937 938 921
f 938 939 922
f 922 939 923
f 939 940 923
f 923 940 924
f 940 941 924
f 941 925 924
f 941 942 925
f 942 926 925
f 942 943 926
f 943 927 926
f 929 927 943
f 930 928 944
f 944 928 945
f 945 928 929
f 943 945 929
f 944 946 930
f 930 947 931
f 930 946 947
f 932 931 948
f 931 947 948
f 933 932 949
f 932 948 949
f 934 933 950
f 950 933 949
f 935 934 951
f 951 934 950
f 936 935 952
f 952 935 951
f 937 936 953
f 953 936 952
f 954 938 937
f 954 937 953
f 955 938 954
f 955 939 938
f 955 956 939
f 956 940 939
f 956 957 940
f 940 957 941
f 957 958 941
f 941 958 942
f 958 959 942
f 942 959 943
f 959 945 943
f 944 960 946
f 961 960 944
f 944 945 961
f 961 945 959
f 946 960 962
f 947 946 963
f 963 946 962
f 948 947 964
f 964 947 963
f 949 948 965
f 965 948 964
f 950 949 966
f 949 965 966
f 951 950 967
f 950 966 967
f 951 968 952
f 951 967 968
f 952 969 953
f 952 968 969
f 953 970 954
f 969 970 953
f 970 971 954
f 954 971 955
f 971 972 955
f 955 972 956
f 972 973 956
f 973 957 956
f 973 974 957
f 974 958 957
f 974 975 958
f 975 959 958
f 961 959 975
f 962 960 976
f 976 960 977
f 977 960 961
f 975 977 961
f 976 978 962
f 962 979 963
f 962 978 979
f 964 963 980
f 963 979 980
f 965 964 981
f 964 980 981
f 966 965 982
f 982 965 981
f 967 966 983
f 983 966 982
f 968 967 984
f 984 967 983
f 969 968 985
f 985 968 984
f 986 970 969
f 986 969 985
f 987 970 986
f 987 971 970
f 987 988 971
f 988 972 971
f 988 989 972
f 972 989 973
f 989 990 973
f 973 990 974
f 990 991 974
f 974 991 975
f 991 977 975
f 976 992 978
f 993 992 976
f 976 977 993
f 993 977 991
f 978 992 994
f 979 978 995
f 995 978 994
f 980 979 996
f 996 979 995
f 981 980 997
f 997 980 996
f 982 981 998
f 981 997 998
f 983 982 999
f 982 998 999
f 983 1000 984
f 983 999 1000
f 984 1001 985
f 984 1000 1001
f 985 1002 986
f 1001 1002 985
f 1002 1003 986
f 986 1003 987
f 1003 1004 987
f 987 1004 988
f 1004 1005 988
f 1005 989 988
f 1005 1006 989
f 1006 990 989
f 1006 1007 990
f 1007 991 990
f 993 991 1007
f 994 992 1008
f 1008 992 1009
f 1009 992 993
f 1007 1009 993
f 1008 1010 994
f 994 1011 995
f 994 1010 1011
f 996 995 1012
f 995 1011 1012
f 997 996 1013
f 996 1012 1013
f 998 997 1014
f 1014 997 1013
f 999 998 1015
f 1015 998 1014
f 1000 999 1016
f 1016 999 1015
f 1001 1000 1017
f 1017 1000 1016
f 1018 1002 1001
f 1018 1001 1017
f 1019 1002 1018
f 1019 1003 1002
f 1019 1020 1003
f 1020 1004 1003
f 1020 1021 1004
f 1004 1021 1005
f 1021 1022 1005
f 1005 1022 1006
f 1022 1023 1006
f 1006 1023 1007
f 1023 1009 1007
f 1008 1024 1010
f 1025 1024 1008
f 1008 1009 1025
f 1025 1009 1023
f 1010 1024 1026
f 1011 1010 1027
f 1027 1010 1026
f 1012 1011 1028
f 1028 1011 1027
f 1013 1012 1029
f 1029 1012 1028
f 1014 1013 1030
f 1013 1029 1030
f 1015 1014 1031
f 1014 1030 1031
f 1015 1032 1016
f 1015 1031 1032
f 1016 1033 1017
f 1016 1032 1033
f 1017 1034 1018
f 1033 1034 1017
f 1034 1035 1018
f 1018 1035 1019
f 1035 1036 1019
f 1019 1036 1020
f 1036 1037 1020
f 1037 1021 1020
f 1037 1038 1021
f 1038 1022 1021
f 1038 1039 1022
f 1039 1023 1022
f 1025 1023 1039
f 1026 1024 1040
f 1040 1024 1041
f 1041 1024 1025
f 1039 1041 1025
f 1040 1042 1026
f 1026 1043 1027
f 1026 1042 1043
f 1028 1027 1044
f 1027 1043 1044
f 1029 1028 1045
f 1028 1044 1045
f 1030 1029 1046
f 1046 1029 1045
f 1031 1030 1047
f 1047 1030 1046
f 1032 1031 1048
f 1048 1031 1047
f 1033 1032 1049
f 1049 1032 1048
f 1050 1034 1033
f 1050 1033 1049
f 1051 1034 1050
f 1051 1035 1034
f 1051 1052 1035
f 1052 1036 1035
f 1052 1053 1036
f 1036 1053 1037
f 1053 1054 1037
f 1037 1054 1038
f 1054 1055 1038
f 1038 1055 1039
f 1055 1041 1039
f 1040 1056 1042
f 1057 1056 1040
f 1040 1041 1057
f 1057 1041 1055
f 1042 1056 1058
f 1043 1042 1059
f 1059 1042 1058
f 1044 1043 1060
f 1060 1043 1059
f 1045 1044 1061
f 1061 1044 1060
f 1046 1045 1062
f 1045 1061 1062
f 1047 1046 1063
f 1046 1062 1063
f 1047 1064 1048
f 1047 1063 1064
f 1048 1065 1049
f 1048 1064 1065
f 1049 1066 1050
f 1065 1066 1049
f 1066 1067 1050
f 1050 1067 1051
f 1067 1068 1051
f 1051 1068 1052
f 1068 1069 1052
f 1069 1053 1052
f 1069 1070 1053
f 1070 1054 1053
f 1070 1071 1054
f 1071 1055 1054
f 1057 1055 1071
f 1058 1056 1072
f 1072 1056 1073
f 1073 1056 1057
f 1071 1073 1057
f 1072 1074 1058
f 1058 1075 1059
f 1058 1074 1075
f 1060 1059 1076
f 1059 1075 1076
f 1061 1060 1077
f 1060 1076 1077
f 1062 1061 1078
f 1078 1061 1077
f 1063 1062 1079
f 1079 1062 1078
f 1064 1063 1080
f 1080 1063 1079
f 1065 1064 1081
f 1081 1064 1080
f 1082 1066 1065
f 1082 1065 1081
f 1083 1066 1082
f 1083 1067 1066
f 1083 1084 1067
f 1084 1068 1067
f 1084 1085 1068
f 1068 1085 1069
f 1085 1086 1069
f 1069 1086 1070
f 1086 1087 1070
f 1070 1087 1071
f 1087 1073 1071
f 1072 1088 1074
f 1089 1088 1072
f 1072 1073 1089
f 1089 1073 1087
f 1074 1088 1090
f 1075 1074 1091
f 1091 1074 1090
f 1076 1075 1092
f 1092 1075 1091
f 1077 1076 1093
f 1093 1076 1092
f 1078 1077 1094
f 1077 1093 1094
f 1079 1078 1095
f 1078 1094 1095
f 1079 1096 1080
f 1079 1095 1096
f 1080 1097 1081
f 1080 1096 1097
f 1081 1098 1082
f 1097 1098 1081
f 1098 1099 1082
f 1082 1099 1083
f 1099 1100 1083
f 1083 1100 1084
f 1100 1101 1084
f 1101 1085 1084
f 1101 1102 1085
f 1102 1086 1085
f 1102 1103 1086
f 1103 1087 1086
f 1089 1087 1103
f 1090 1088 1104
f 1104 1088 1105
f 1105 1088 1089
f 1103 1105 1089
f 1104 1106 1090
f 1090 1107 1091
f 1090 1106 1107
f 1092 1091 1108
f 1091 1107 1108
f 1093 1092 1109
f 1092 1108 1109
f 1094 1093 1110
f 1110 1093 1109
f 1095 1094 1111
f 1111 1094 1110
f 1096 1095 1112
f 1112 1095 1111
f 1097 1096 1113
f 1113 1096 1112
f 1114 1098 1097
f 1114 1097 1113
f 1115 1098 1114
f 1115 1099 1098
f 1115 1116 1099
f 1116 1100 1099
f 1116 1117 1100
f 1100 1117 1101
f 1117 1118 1101
f 1101 1118 1102
f 1118 1119 1102
f 1102 1119 1103
f 1119 1105 1103
f 1104 1120 1106
f 1121 1120 1104
f 1104 1105 1121
f 1121 1105 1119
f 1106 1120 1122
f 1107 1106 1123
f 1123 1106 1122
f 1108 1107 1124
f 1124 1107 1123
f 1109 1108 1125
f 1125 1108 1124
f 1110 1109 1126
f 1109 1125 1126
f 1111 1110 1127
f 1110 1126 1127
f 1111 1128 1112
f 1111 1127 1128
f 1112 1129 1113
f 1112 1128 1129
f 1113 1130 1114
f 1129 1130 1113
f 1130 1131 1114
f 1114 1131 1115
f 1131 1132 1115
f 1115 1132 1116
f 1132 1133 1116
f 1133 1117 1116
f 1133 1134 1117
f 1134 1118 1117
f 1134 1135 1118
f 1135 1119 1118
f 1121 1119 1135
f 1122 1120 1136
f 1136 1120 1137
f 1137 1120 1121
f 1135 1137 1121
f 1136 1138 1122
f 1122 1139 1123
f 1122 1138 1139
f 1124 1123 1140
f 1123 1139 1140
f 1125 1124 1141
f 1124 1140 1141
f 1126 1125 1142
f 1142 1125 1141
f 1127 1126 1143
f 1143 1126 1142
f 1128 1127 1144
f 1144 1127 1143
f 1129 1128 1145
f 1145 1128 1144
f 1146 1130 1129
f 1146 1129 1145
f 1147 1130 1146
f 1147 1131 1130
f 1147 1148 1131
f 1148 1132 1131
f 1148 1149 1132
f 1132 1149 1133
f 1149 1150 1133
f 1133 1150 1134
f 1150 1151 1134
f 1134 1151 1135
f 1151 1137 1135
f 1136 1152 1138
f 1153 1152 1136
f 1136 1137 1153
f 1153 1137 1151
f 1138 1152 1154
f 1139 1138 1155
f 1155 1138 1154
f 1140 1139 1156
f 1156 1139 1155
f 1141 1140 1157
f 1157 1140 1156
f 1142 1141 1158
f 1141 1157 1158
f 1143 1142 1159
f 1142 1158 1159
f 1143 1160 1144
f 1143 1159 1160
f 1144 1161 1145
f 1144 1160 1161
f 1145 1162 1146
f 1161 1162 1145
f 1162 1163 1146
f 1146 1163 1147
f 1163 1164 1147
f 1147 1164 1148
f 1164 1165 1148
f 1165 1149 1148
f 1165 1166 1149
f 1166 1150 1149
f 1166 1167 1150
f 1167 1151 1150
f 1153 1151 1167
f 1154 1152 1168
f 1168 1152 1169
f 1169 1152 1153
f 1167 1169 1153
f 1168 1170 1154
f 1154 1171 1155
f 1154 1170 1171
f 1156 1155 1172
f 1155 1171 1172
f 1157 1156 1173
f 1156 1172 1173
f 1158 1157 1174
f 1174 1157 1173
f 1159 1158 1175
f 1175 1158 1174
f 1160 1159 1176
f 1176 1159 1175
f 1161 1160 1177
f 1177 1160 1176
f 1178 1162 1161
f 1178 1161 1177
f 1179 1162 1178
f 1179 1163 1162
f 1179 1180 1163
f 1180 1164 1163
f 1180 1181 1164
f 1164 1181 1165
f 1181 1182 1165
f 1165 1182 1166
f 1182 1183 1166
f 1166 1183 1167
f 1183 1169 1167
f 1168 1184 1170
f 1185 1184 1168
f 1168 1169 1185
f 1185 1169 1183
f 1170 1184 1186
f 1171 1170 1187
f 1187 1170 1186
f 1172 1171 1188
f 1188 1171 1187
f 1173 1172 1189
f 1189 1172 1188
f 1174 1173 1190
f 1173 1189 1190
f 1175 1174 1191
f 1174 1190 1191
f 1175 1192 1176
f 1175 1191 1192
f 1176 1193 1177
f 1176 1192 1193
f 1177 1194 1178
f 1193 1194 1177
f 1194 1195 1178
f 1178 1195 1179
f 1195 1196 1179
f 1179 1196 1180
f 1196 1197 1180
f 1197 1181 1180
f 1197 1198 1181
f 1198 1182 1181
f 1198 1199 1182
f 1199 1183 1182
f 1185 1183 1199
f 1186 1184 1200
f 1200 1184 1201
f 1201 1184 1185
f 1199 1201 1185
f 1200 1202 1186
f 1186 1203 1187
f 1186 1202 1203
f 1188 1187 1204
f 1187 1203 1204
f 1189 1188 1205
f 1188 1204 1205
f 1190 1189 1206
f 1206 1189 1205
f 1191 1190 1207
f 1207 1190 1206
f 1192 1191 1208
f 1208 1191 1207
f 1193 1192 1209
f 1209 1192 1208
f 1210 1194 1193
f 1210 1193 1209
f 1211 1194 1210
f 1211 1195 1194
f 1211 1212 1195
f 1212 1196 1195
f 1212 1213 1196
f 1196 1213 1197
f 1213 1214 1197
f 1197 1214 1198
f 1214 1215 1198
f 1198 1215 1199
f 1215 1201 1199
f 1200 1216 1202
f 1217 1216 1200
f 1200 1201 1217
f 1217 1201 1215
f 1202 1216 1218
f 1203 1202 1219
f 1219 1202 1218
f 1204 1203 1220
f 1220 1203 1219
f 1205 1204 1221
f 1221 1204 1220
f 1206 1205 1222
f 1205 1221 1222
f 1207 1206 1223
f 1206 1222 1223
f 1207 1224 1208
f 1207 1223 1224
f 1208 1225 1209
f 1208 1224 1225
f 1209 1226 1210
f 1225 1226 1209
f 1226 1227 1210
f 1210 1227 1211
f 1227 1228 1211
f 1211 1228 1212
f 1228 1229 1212
f 1229 1213 1212
f 1229 1230 1213
f 1230 1214 1213
f 1230 1231 1214
f 1231 1215 1214
f 1217 1215 1231
f 1218 1216 1232
f 1232 1216 1233
f 1233 1216 1217
f 1231 1233 1217
f 1232 1234 1218
f 1218 1235 1219
f 1218 1234 1235
f 1220 1219 1236
f 1219 1235 1236
f 1221 1220 1237
f 1220 1236 1237
f 1222 1221 1238
f 1238 1221 1237
f 1223 1222 1239
f 1239 1222 1238
f 1224 1223 1240
f 1240 1223 1239
f 1225 1224 1241
f 1241 1224 1240
f 1242 1226 1225
f 1242 1225 1241
f 1243 1226 1242
f 1243 1227 1226
f 1243 1244 1227
f 1244 1228 1227
f 1244 1245 1228
f 1228 1245 1229
f 1245 1246 1229
f 1229 1246 1230
f 1246 1247 1230
f 1230 1247 1231
f 1247 1233 1231
f 1232 1248 1234
f 1249 1248 1232
f 1232 1233 1249
f 1249 1233 1247
f 1234 1248 1250
f 1235 1234 1251
f 1251 1234 1250
f 1236 1235 1252
f 1252 1235 1251
f 1237 1236 1253
f 1253 1236 1252
f 1238 1237 1254
f 1237 1253 1254
f 1239 1238 1255
f 1238 1254 1255
f 1239 1256 1240
f 1239 1255 1256
f 1240 1257 1241
f 1240 1256 1257
f 1241 1258 1242
f 1257 1258 1241
f 1258 1259 1242
f 1242 1259 1243
f 1259 1260 1243
f 1243 1260 1244
f 1260 1261 1244
f 1261 1245 1244
f 1261 1262 1245
f 1262 1246 1245
f 1262 1263 1246
f 1263 1247 1246
f 1249 1247 1263
f 1250 1248 1264
f 1264 1248 1265
f 1265 1248 1249
f 1263 1265 1249
f 1264 1266 1250
f 1250 1267 1251
f 1250 1266 1267
f 1252 1251 1268
f 1251 1267 1268
f 1253 1252 1269
f 1252 1268 1269
f 1254 1253 1270
f 1270 1253 1269
f 1255 1254 1271
f 1271 1254 1270
f 1256 1255 1272
f 1272 1255 1271
f 1257 1256 1273
f 1273 1256 1272
f 1274 1258 1257
f 1274 1257 1273
f 1275 1258 1274
f 1275 1259 1258
f 1275 1276 1259
f 1276 1260 1259
f 1276 1277 1260
f 1260 1277 1261
f 1277 1278 1261
f 1261 1278 1262
f 1278 1279 1262
f 1262 1279 1263
f 1279 1265 1263
f 1264 1280 1266
f 1281 1280 1264
f 1264 1265 1281
f 1281 1265 1279
f 1266 1280 1282
f 1267 1266 1283
f 1283 1266 1282
f 1268 1267 1284
f 1284 1267 1283
f 1269 1268 1285
f 1285 1268 1284
f 1270 1269 1286
f 1269 1285 1286
f 1271 1270 1287
f 1270 1286 1287
f 1271 1288 1272
f 1271 1287 1288
f 1272 1289 1273
f 1272 1288 1289
f 1273 1290 1274
f 1289 1290 1273
f 1290 1291 1274
f 1274 1291 1275
f 1291 1292 1275
f 1275 1292 1276
f 1292 1293 1276
f 1293 1277 1276
f 1293 1294 1277
f 1294 1278 1277
f 1294 1295 1278
f 1295 1279 1278
f 1281 1279 1295
f 1282 1280 1296
f 1296 1280 1297
f 1297 1280 1281
f 1295 1297 1281
f 1296 1298 1282
f 1282 1299 1283
f 1282 1298 1299
f 1284 1283 1300
f 1283 1299 1300
f 1285 1284 1301
f 1284 1300 1301
f 1286 1285 1302
f 1302 1285 1301
f 1287 1286 1303
f 1303 1286 1302
f 1288 1287 1304
f 1304 1287 1303
f 1289 1288 1305
f 1305 1288 1304
f 1306 1290 1289
f 1306 1289 1305
f 1307 1290 1306
f 1307 1291 1290
f 1307 1308 1291
f 1308 1292 1291
f 1308 1309 1292
f 1292 1309 1293
f 1309 1310 1293
f 1293 1310 1294
f 1310 1311 1294
f 1294 1311 1295
f 1311 1297 1295
f 1296 1312 1298
f 1313 1312 1296
f 1296 1297 1313
f 1313 1297 1311
f 1298 1312 1314
f 1299 1298 1315
f 1315 1298 1314
f 1300 1299 1316
f 1316 1299 1315
f 1301 1300 1317
f 1317 1300 1316
f 1302 1301 1318
f 1301 1317 1318
f 1303 1302 1319
f 1302 1318 1319
f 1303 1320 1304
f 1303 1319 1320
f 1304 1321 1305
f 1304 1320 1321
f 1305 1322 1306
f 1321 1322 1305
f 1322 1323 1306
f 1306 1323 1307
f 1323 1324 1307
f 1307 1324 1308
f 1324 1325 1308
f 1325 1309 1308
f 1325 1326 1309
f 1326 1310 1309
f 1326 1327 1310
f 1327 1311 1310
f 1313 1311 1327
f 1314 1312 1328
f 1328 1312 1329
f 1329 1312 1313
f 1327 1329 1313
f 1328 1330 1314
f 1314 1331 1315
f 1314 1330 1331
f 1316 1315 1332
f 1315 1331 1332
f 1317 1316 1333
f 1316 1332 1333
f 1318 1317 1334
f 1334 1317 1333
f 1319 1318 1335
f 1335 1318 1334
f 1320 1319 1336
f 1336 1319 1335
f 1321 1320 1337
f 1337 1320 1336
f 1338 1322 1321
f 1338 1321 1337
f 1339 1322 1338
f 1339 1323 1322
f 1339 1340 1323
f 1340 1324 1323
f 1340 1341 1324
f 1324 1341 1325
f 1341 1342 1325
f 1325 1342 1326
f 1342 1343 1326
f 1326 1343 1327
f 1343 1329 1327
f 1328 1344 1330
f 1345 1344 1328
f 1328 1329 1345
f 1345 1329 1343
f 1330 1344 1346
f 1331 1330 1347
f 1347 1330 1346
f 1332 1331 1348
f 1348 1331 1347
f 1333 1332 1349
f 1349 1332 1348
f 1334 1333 1350
f 1333 1349 1350
f 1335 1334 1351
f 1334 1350 1351
f 1335 1352 1336
f 1335 1351 1352
f 1336 1353 1337
f 1336 1352 1353
f 1337 1354 1338
f 1353 1354 1337
f 1354 1355 1338
f 1338 1355 1339
f 1355 1356 1339
f 1339 1356 1340
f 1356 1357 1340
f 1357 1341 1340
f 1357 1358 1341
f 1358 1342 1341
f 1358 1359 1342
f 1359 1343 1342
f 1345 1343 1359
f 1346 1344 1360
f 1360 1344 1361
f 1361 1344 1345
f 1359 1361 1345
f 1360 1362 1346
f 1346 1363 1347
f 1346 1362 1363
f 1348 1347 1364
f 1347 1363 1364
f 1349 1348 1365
f 1348 1364 1365
f 1350 1349 1366
f 1366 1349 1365
f 1351 1350 1367
f 1367 1350 1366
f 1352 1351 1368
f 1368 1351 1367
f 1353 1352 1369
f 1369 1352 1368
f 1370 1354 1353
f 1370 1353 1369
f 1371 1354 1370
f 1371 1355 1354
f 1371 1372 1355
f 1372 1356 1355
f 1372 1373 1356
f 1356 1373 1357
f 1373 1374 1357
f 1357 1374 1358
f 1374 1375 1358
f 1358 1375 1359
f 1375 1361 1359
f 1360 1376 1362
f 1377 1376 1360
f 1360 1361 1377
f 1377 1361 1375
f 1362 1376 1378
f 1363 1362 1379
f 1379 1362 1378
f 1364 1363 1380
f 1380 1363 1379
f 1365 1364 1381
f 1381 1364 1380
f 1366 1365 1382
f 1365 1381 1382
f 1367 1366 1383
f 1366 1382 1383
f 1367 1384 1368
f 1367 1383 1384
f 1368 1385 1369
f 1368 1384 1385
f 1369 1386 1370
f 1385 1386 1369
f 1386 1387 1370
f 1370 1387 1371
f 1387 1388 1371
f 1371 1388 1372
f 1388 1389 1372
f 1389 1373 1372
f 1389 1390 1373
f 1390 1374 1373
f 1390 1391 1374
f 1391 1375 1374
f 1377 1375 1391
f 1378 1376 1392
f 1392 1376 1393
f 1393 1376 1377
f 1391 1393 1377
f 1392 1394 1378
f 1378 1395 1379
f 1378 1394 1395
f 1380 1379 1396
f 1379 1395 1396
f 1381 1380 1397
f 1380 1396 1397
f 1382 1381 1398
f 1398 1381 1397
f 1383 1382 1399
f 1399 1382 1398
f 1384 1383 1400
f 1400 1383 1399
f 1385 1384 1401
f 1401 1384 1400
f 1402 1386 1385
f 1402 1385 1401
f 1403 1386 1402
f 1403 1387 1386
f 1403 1404 1387
f 1404 1388 1387
f 1404 1405 1388
f 1388 1405 1389
f 1405 1406 1389
f 1389 1406 1390
f 1406 1407 1390
f 1390 1407 1391
f 1407 1393 1391
f 1392 1408 1394
f 1409 1408 1392
f 1392 1393 1409
f 1409 1393 1407
f 1394 1408 1410
f 1395 1394 1411
f 1411 1394 1410
f 1396 1395 1412
f 1412 1395 1411
f 1397 1396 1413
f 1413 1396 1412
f 1398 1397 1414
f 1397 1413 1414
f 1399 1398 1415
f 1398 1414 1415
f 1399 1416 1400
f 1399 1415 1416
f 1400 1417 1401
f 1400 1416 1417
f 1401 1418 1402
f 1417 1418 1401
f 1418 1419 1402
f 1402 1419 1403
f 1419 1420 1403
f 1403 1420 1404
f 1420 1421 1404
f 1421 1405 1404
f 1421 1422 1405
f 1422 1406 1405
f 1422 1423 1406
f 1423 1407 1406
f 1409 1407 1423
f 1410 1408 1424
f 1424 1408 1425
f 1425 1408 1409
f 1423 1425 1409
f 1424 1426 1410
f 1410 1427 1411
f 1410 1426 1427
f 1412 1411 1428
f 1411 1427 1428
f 1413 1412 1429
f 1412 1428 1429
f 1414 1413 1430
f 1430 1413 1429
f 1415 1414 1431
f 1431 1414 1430
f 1416 1415 1432
f 1432 1415 1431
f 1417 1416 1433
f 1433 1416 1432
f 1434 1418 1417
f 1434 1417 1433
f 1435 1418 1434
f 1435 1419 1418
f 1435 1436 1419
f 1436 1420 1419
f 1436 1437 1420
f 1420 1437 1421
f 1437 1438 1421
f 1421 1438 1422
f 1438 1439 1422
f 1422 1439 1423
f 1439 1425 1423
f 1424 1440 1426
f 1441 1440 1424
f 1424 1425 1441
f 1441 1425 1439
f 1426 1440 1442
f 1427 1426 1443
f 1443 1426 1442
f 1428 1427 1444
f 1444 1427 1443
f 1429 1428 1445
f 1445 1428 1444
f 1430 1429 1446
f 1429 1445 1446
f 1431 1430 1447
f 1430 1446 1447
f 1431 1448 1432
f 1431 1447 1448
f 1432 1449 1433
f 1432 1448 1449
f 1433 1450 1434
f 1449 1450 1433
f 1450 1451 1434
f 1434 1451 1435
f 1451 1452 1435
f 1435 1452 1436
f 1452 1453 1436
f 1453 1437 1436
f 1453 1454 1437
f 1454 1438 1437
f 1454 1455 1438
f 1455 1439 1438
f 1441 1439 1455
f 1442 1440 1456
f 1456 1440 1457
f 1457 1440 1441
f 1455 1457 1441
f 1456 1458 1442
f 1442 1459 1443
f 1442 1458 1459
f 1444 1443 1460
f 1443 1459 1460
f 1445 1444 1461
f 1444 1460 1461
f 1446 1445 1462
f 1462 1445 1461
f 1447 1446 1463
f 1463 1446 1462
f 1448 1447 1464
f 1464 1447 1463
f 1449 1448 1465
f 1465 1448 1464
f 1466 1450 1449
f 1466 1449 1465
f 1467 1450 1466
f 1467 1451 1450
f 1467 1468 1451
f 1468 1452 1451
f 1468 1469 1452
f 1452 1469 1453
f 1469 1470 1453
f 1453 1470 1454
f 1470 1471 1454
f 1454 1471 1455
f 1471 1457 1455
f 1456 1472 1458
f 1473 1472 1456
f 1456 1457 1473
f 1473 1457 1471
f 1458 1472 1474
f 1459 1458 1475
f 1475 1458 1474
f 1460 1459 1476
f 1476 1459 1475
f 1461 1460 1477
f 1477 1460 1476
f 1462 1461 1478
f 1461 1477 1478
f 1463 1462 1479
f 1462 1478 1479
f 1463 1480 1464
f 1463 1479 1480
f 1464 1481 1465
f 1464 1480 1481
f 1465 1482 1466
f 1481 1482 1465
f 1482 1483 1466
f 1466 1483 1467
f 1483 1484 1467
f 1467 1484 1468
f 1484 1485 1468
f 1485 1469 1468
f 1485 1486 1469
f 1486 1470 1469
f 1486 1487 1470
f 1487 1471 1470
f 1473 1471 1487
f 1474 1472 1488
f 1488 1472 1489
f 1489 1472 1473
f 1487 1489 1473
f 1488 1490 1474
f 1474 1491 1475
f 1474 1490 1491
f 1476 1475 1492
f 1475 1491 1492
f 1477 1476 1493
f 1476 1492 1493
f 1478 1477 1494
f 1494 1477 1493
f 1479 1478 1495
f 1495 1478 1494
f 1480 1479 1496
f 1496 1479 1495
f 1481 1480 1497
f 1497 1480 1496
f 1498 1482 1481
f 1498 1481 1497
f 1499 1482 1498
f 1499 1483 1482
f 1499 1500 1483
f 1500 1484 1483
f 1500 1501 1484
f 1484 1501 1485
f 1501 1502 1485
f 1485 1502 1486
f 1502 1503 1486
f 1486 1503 1487
f 1503 1489 1487
f 1488 1504 1490
f 1505 1504 1488
f 1488 1489 1505
f 1505 1489 1503
f 1490 1504 1506
f 1491 1490 1507
f 1507 1490 1506
f 1492 1491 1508
f 1508 1491 1507
f 1493 1492 1509
f 1509 1492 1508
f 1494 1493 1510
f 1493 1509 1510
f 1495 1494 1511
f 1494 1510 1511
f 1495 1512 1496
f 1495 1511 1512
f 1496 1513 1497
f 1496 1512 1513
f 1497 1514 1498
f 1513 1514 1497
f 1514 1515 1498
f 1498 1515 1499
f 1515 1516 1499
f 1499 1516 1500
f 1516 1517 1500
f 1517 1501 1500
f 1517 1518 1501
f 1518 1502 1501
f 1518 1519 1502
f 1519 1503 1502
f 1505 1503 1519
f 1506 1504 1520
f 1520 1504 1521
f 1521 1504 1505
f 1519 1521 1505
f 1520 1522 1506
f 1506 1523 1507
f 1506 1522 1523
f 1508 1507 1524
f 1507 1523 1524
f 1509 1508 1525
f 1508 1524 1525
f 1510 1509 1526
f 1526 1509 1525
f 1511 1510 1527
f 1527 1510 1526
f 1512 1511 1528
f 1528 1511 1527
f 1513 1512 1529
f 1529 1512 1528
f 1530 1514 1513
f 1530 1513 1529
f 1531 1514 1530
f 1531 1515 1514
f 1531 1532 1515
f 1532 1516 1515
f 1532 1533 1516
f 1516 1533 1517
f 1533 1534 1517
f 1517 1534 1518
f 1534 1535 1518
f 1518 1535 1519
f 1535 1521 1519
f 1520 1536 1522
f 1537 1536 1520
f 1520 1521 1537
f 1537 1521 1535
f 1522 1536 1538
f 1523 1522 1539
f 1539 1522 1538
f 1524 1523 1540
f 1540 1523 1539
f 1525 1524 1541
f 1541 1524 1540
f 1526 1525 1542
f 1525 1541 1542
f 1527 1526 1543
f 1526 1542 1543
f 1527 1544 1528
f 1527 1543 1544
f 1528 1545 1529
f 1528 1544 1545
f 1529 1546 1530
f 1545 1546 1529
f 1546 1547 1530
f 1530 1547 1531
f 1547 1548 1531
f 1531 1548 1532
f 1548 1549 1532
f 1549 1533 1532
f 1549 1550 1533
f 1550 1534 1533
f 1550 1551 1534
f 1551 1535 1534
f 1537 1535 1551
f 1538 1536 1552
f 1552 1536 1553
f 1553 1536 1537
f 1551 1553 1537
f 1552 1554 1538
f 1538 1555 1539
f 1538 1554 1555
f 1540 1539 1556
f 1539 1555 1556
f 1541 1540 1557
f 1540 1556 1557
f 1542 1541 1558
f 1558 1541 1557
f 1543 1542 1559
f 1559 1542 1558
f 1544 1543 1560
f 1560 1543 1559
f 1545 1544 1561
f 1561 1544 1560
f 1562 1546 1545
f 1562 1545 1561
f 1563 1546 1562
f 1563 1547 1546
f 1563 1564 1547
f 1564 1548 1547
f 1564 1565 1548
f 1548 1565 1549
f 1565 1566 1549
f 1549 1566 1550
f 1566 1567 1550
f 1550 1567 1551
f 1567 1553 1551
f 1552 1568 1554
f 1569 1568 1552
f 1552 1553 1569
f 1569 1553 1567
f 1554 1568 1570
f 1555 1554 1571
f 1571 1554 1570
f 1556 1555 1572
f 1572 1555 1571
f 1557 1556 1573
f 1573 1556 1572
f 1558 1557 1574
f 1557 1573 1574
f 1559 1558 1575
f 1558 1574 1575
f 1559 1576 1560
f 1559 1575 1576
f 1560 1577 1561
f 1560 1576 1577
f 1561 1578 1562
f 1577 1578 1561
f 1578 1579 1562
f 1562 1579 1563
f 1579 1580 1563
f 1563 1580 1564
f 1580 1581 1564
f 1581 1565 1564
f 1581 1582 1565
f 1582 1566 1565
f 1582 1583 1566
f 1583 1567 1566
f 1569 1567 1583
f 1570 1568 1584
f 1584 1568 1585
f 1585 1568 1569
f 1583 1585 1569
f 1584 1586 1570
f 1570 1587 1571
f 1570 1586 1587
f 1572 1571 1588
f 1571 1587 1588
f 1573 1572 1589
f 1572 1588 1589
f 1574 1573 1590
f 1590 1573 1589
f 1575 1574 1591
f 1591 1574 1590
f 1576 1575 1592
f 1592 1575 1591
f 1577 1576 1593
f 1593 1576 1592
f 1594 1578 1577
f 1594 1577 1593
f 1595 1578 1594
f 1595 1579 1578
f 1595 1596 1579
f 1596 1580 1579
f 1596 1597 1580
f 1580 1597 1581
f 1597 1598 1581
f 1581 1598 1582
f 1598 1599 1582
f 1582 1599 1583
f 1599 1585 1583
f 1584 1600 1586
f 1601 1600 1584
f 1584 1585 1601
f 1601 1585 1599
f 1586 1600 1602
f 1587 1586 1603
f 1603 1586 1602
f 1588 1587 1604
f 1604 1587 1603
f 1589 1588 1605
f 1605 1588 1604
f 1590 1589 1606
f 1589 1605 1606
f 1591 1590 1607
f 1590 1606 1607
f 1591 1608 1592
f 1591 1607 1608
f 1592 1609 1593
f 1592 1608 1609
f 1593 1610 1594
f 1609 1610 1593
f 1610 1611 1594
f 1594 1611 1595
f 1611 1612 1595
f 1595 1612 1596
f 1612 1613 1596
f 1613 1597 1596
f 1613 1614 1597
f 1614 1598 1597
f 1614 1615 1598
f 1615 1599 1598
f 1601 1599 1615
f 1602 1600 1616
f 1616 1600 1617
f 1617 1600 1601
f 1615 1617 1601
f 1616 1618 1602
f 1602 1619 1603
f 1602 1618 1619
f 1604 1603 1620
f 1603 1619 1620
f 1605 1604 1621
f 1604 1620 1621
f 1606 1605 1622
f 1622 1605 1621
f 1607 1606 1623
f 1623 1606 1622
f 1608 1607 1624
f 1624 1607 1623
f 1609 1608 1625
f 1625 1608 1624
f 1626 1610 1609
f 1626 1609 1625
f 1627 1610 1626
f 1627 1611 1610
f 1627 1628 1611
f 1628 1612 1611
f 1628 1629 1612
f 1612 1629 1613
f 1629 1630 1613
f 1613 1630 1614
f 1630 1631 1614
f 1614 1631 1615
f 1631 1617 1615
f 1616 1632 1618
f 1633 1632 1616
f 1616 1617 1633
f 1633 1617 1631
f 1618 1632 1634
f 1619 1618 1635
f 1635 1618 1634
f 1620 1619 1636
f 1636 1619 1635
f 1621 1620 1637
f 1637 1620 1636
f 1622 1621 1638
f 1621 1637 1638
f 1623 1622 1639
f 1622 1638 1639
f 1623 1640 1624
f 1623 1639 1640
f 1624 1641 1625
f 1624 1640 1641
f 1625 1642 1626
f 1641 1642 1625
f 1642 1643 1626
f 1626 1643 1627
f 1643 1644 1627
f 1627 1644 1628
f 1644 1645 1628
f 1645 1629 1628
f 1645 1646 1629
f 1646 1630 1629
f 1646 1647 1630
f 1647 1631 1630
f 1633 1631 1647
f 1634 1632 1648
f 1648 1632 1649
f 1649 1632 1633
f 1647 1649 1633
f 1648 1650 1634
f 1634 1651 1635
f 1634 1650 1651
f 1636 1635 1652
f 1635 1651 1652
f 1637 1636 1653
f 1636 1652 1653
f 1638 1637 1654
f 1654 1637 1653
f 1639 1638 1655
f 1655 1638 1654
f 1640 1639 1656
f 1656 1639 1655
f 1641 1640 1657
f 1657 1640 1656
f 1658 1642 1641
f 1658 1641 1657
f 1659 1642 1658
f 1659 1643 1642
f 1659 1660 1643
f 1660 1644 1643
f 1660 1661 1644
f 1644 1661 1645
f 1661 1662 1645
f 1645 1662 1646
f 1662 1663 1646
f 1646 1663 1647
f 1663 1649 1647
f 1648 1664 1650
f 1665 1664 1648
f 1648 1649 1665
f 1665 1649 1663
f 1650 1664 1666
f 1651 1650 1667
f 1667 1650 1666
f 1652 1651 1668
f 1668 1651 1667
f 1653 1652 1669
f 1669 1652 1668
f 1654 1653 1670
f 1653 1669 1670
f 1655 1654 1671
f 1654 1670 1671
f 1655 1672 1656
f 1655 1671 1672
f 1656 1673 1657
f 1656 1672 1673
f 1657 1674 1658
f 1673 1674 1657
f 1674 1675 1658
f 1658 1675 1659
f 1675 1676 1659
f 1659 1676 1660
f 1676 1677 1660
f 1677 1661 1660
f 1677 1678 1661
f 1678 1662 1661
f 1678 1679 1662
f 1679 1663 1662
f 1665 1663 1679
f 1666 1664 1680
f 1680 1664 1681
f 1681 1664 1665
f 1679 1681 1665
f 1682 1683 1680
f 1680 1683 1666
f 1684 1685 1666
f 1666 1685 1667
f 1683 1686 1666
f 1666 1686 1684
f 1667 1687 1668
f 1668 1687 1688
f 1685 1689 1667
f 1667 1689 1687
f 1668 1690 1669
f 1669 1690 1691
f 1688 1692 1668
f 1668 1692 1690
f 1669 1693 1670
f 1670 1693 1694
f 1669 1691 1693
f 1693 1691 1695
f 1670 1696 1671
f 1671 1696 1697
f 1670 1698 1696
f 1670 1694 1698
f 1671 1699 1672
f 1672 1699 1700
f 1671 1697 1699
f 1699 1697 1701
f 1673 1672 1702
f 1672 1700 1703
f 1672 1703 1704
f 1672 1704 1702
f 1705 1702 1704
f 1706 1674 1673
f 1706 1673 1702
f 1707 1674 1706
f 1707 1675 1674
f 1707 1708 1675
f 1708 1676 1675
f 1708 1709 1676
f 1676 1709 1677
f 1709 1710 1677
f 1677 1710 1678
f 1710 1711 1678
f 1678 1711 1679
f 1711 1681 1679
f 1712 1713 1680
f 1680 1713 1682
f 1712 1680 1714
f 1714 1680 1715
f 1680 1681 1715
f 1715 1681 1711
f 1713 1716 1682
f 1682 1716 1683
f 1686 1683 1716
f 1717 1686 1716
f 1684 1686 1717
f 1685 1684 1717
f 1689 1685 1717
f 1718 1689 1717
f 1687 1689 1718
f 1688 1687 1718
f 1688 1718 1692
f 1692 1718 1719
f 1692 1719 1690
f 1690 1719 1691
f 1719 1720 1691
f 1691 1720 1695
f 1695 1720 1693
f 1693 1720 1694
f 1694 1720 1721
f 1698 1694 1721
f 1696 1698 1721
f 1697 1696 1721
f 1697 1721 1722
f 1701 1697 1722
f 1699 1722 1700
f 1701 1722 1699
f 1700 1722 1723
f 1703 1700 1723
f 1702 1705 1724
f 1702 1725 1706
f 1724 1725 1702
f 1723 1725 1724
f 1705 1704 1724
f 1703 1723 1724
f 1704 1703 1724
f 1725 1726 1706
f 1706 1726 1707
f 1726 1727 1707
f 1707 1727 1708
f 1727 1728 1708
f 1728 1709 1708
f 1728 1729 1709
f 1729 1710 1709
f 1729 1730 1710
f 1730 1711 1710
f 1715 1711 1730
f 1712 1731 1713
f 1713 1731 1716
f 1712 1714 1731
f 1731 1714 1732
f 1714 1715 1732
f 1732 1715 1733
f 1733 1715 1734
f 1734 1715 1730
f 1734 1730 1735
f 1716 1731 1736
f 1737 1716 1738
f 1738 1716 1736
f 1739 1716 1737
f 1740 1716 1739
f 1741 1716 1740
f 1742 1716 1741
f 1723 1716 1742
f 1722 1716 1723
f 1721 1716 1722
f 1720 1716 1721
f 1719 1716 1720
f 1718 1716 1719
f 1717 1716 1718
f 1743 1725 1723
f 1744 1743 1723
f 1723 1742 1744
f 1745 1725 1743
f 1726 1725 1746
f 1747 1725 1745
f 1746 1725 1747
f 1746 1748 1726
f 1727 1726 1749
f 1749 1726 1748
f 1749 1748 1750
f 1749 1751 1727
f 1752 1753 1728
f 1751 1752 1727
f 1727 1752 1728
f 1753 1754 1728
f 1755 1756 1729
f 1754 1755 1728
f 1728 1755 1729
f 1756 1757 1729
f 1758 1730 1759
f 1759 1730 1729
f 1759 1729 1757
f 1758 1735 1730
f 1732 1733 1731
f 1731 1733 1736
f 1736 1733 1734
f 1736 1734 1735
f 1758 1736 1735
f 1758 1738 1736
f 1744 1742 1743
f 1742 1741 1747
f 1743 1742 1745
f 1745 1742 1747
f 1747 1741 1746
f 1741 1740 1750
f 1746 1741 1748
f 1748 1741 1750
f 1750 1740 1749
f 1740 1739 1752
f 1749 1740 1751
f 1751 1740 1752
f 1739 1753 1752
f 1739 1737 1755
f 1753 1739 1754
f 1754 1739 1755
f 1737 1756 1755
f 1737 1738 1759
f 1756 1737 1757
f 1757 1737 1759
f 1738 1758 1759
f 1760 1761 1762
f 1762 1761 1763
f 1763 1761 1764
f 1764 1761 1765
f 1765 1761 1766
f 1766 1761 1760
f 1762 1767 1760
f 1768 1766 1760
f 1760 1769 1768
f 1760 1767 1769
f 1762 1770 1767
f 1771 1770 1762
f 1762 1763 1771
f 1771 1763 1772
f 1772 1763 1773
f 1773 1763 1764
f 1764 1774 1775
f 1773 1764 1775
f 1764 1776 1777
f 1774 1764 1777
f 1778 1776 1765
f 1765 1776 1764
f 1779 1780 1765
f 1765 1780 1778
f 1779 1765 1781
f 1781 1765 1782
f 1765 1766 1782
f 1782 1766 1783
f 1783 1766 1768
f 1767 1770 1784
f 1769 1767 1785
f 1785 1767 1784
f 1786 1783 1768
f 1786 1768 1787
f 1768 1769 1787
f 1787 1769 1788
f 1788 1769 1785
f 1784 1770 1789
f 1789 1770 1790
f 1790 1770 1771
f 1791 1790 1771
f 1771 1772 1791
f 1791 1772 1792
f 1792 1772 1793
f 1793 1772 1773
f 1793 1773 1794
f 1795 1793 1794
f 1773 1775 1796
f 1794 1773 1796
f 1775 1797 1796
f 1796 1797 1798
f 1777 1797 1774
f 1774 1797 1775
f 1776 1799 1777
f 1777 1799 1800
f 1777 1800 1801
f 1777 1801 1802
f 1802 1803 1777
f 1777 1803 1797
f 1780 1799 1778
f 1778 1799 1776
f 1779 1804 1780
f 1780 1804 1799
f 1779 1781 1804
f 1804 1781 1805
f 1805 1781 1782
f 1806 1805 1782
f 1807 1806 1782
f 1808 1807 1809
f 1809 1807 1782
f 1782 1783 1809
f 1809 1783 1810
f 1810 1783 1786
f 1789 1811 1784
f 1784 1812 1785
f 1784 1811 1812
f 1788 1785 1813
f 1785 1812 1813
f 1814 1810 1786
f 1814 1786 1815
f 1786 1787 1815
f 1815 1787 1816
f 1816 1787 1788
f 1816 1788 1817
f 1788 1813 1817
f 1789 1818 1811
f 1819 1818 1789
f 1789 1790 1819
f 1819 1790 1820
f 1820 1790 1791
f 1821 1820 1791
f 1821 1791 1792
f 1821 1792 1822
f 1822 1792 1823
f 1823 1792 1793
f 1823 1793 1824
f 1825 1823 1824
f 1793 1795 1826
f 1824 1793 1826
f 1826 1795 1798
f 1827 1826 1828
f 1828 1826 1798
f 1829 1826 1827
f 1830 1826 1829
f 1831 1826 1830
f 1796 1798 1794
f 1794 1798 1795
f 1803 1828 1797
f 1797 1828 1798
f 1803 1832 1833
f 1803 1802 1834
f 1835 1827 1833
f 1827 1828 1833
f 1834 1832 1803
f 1828 1803 1833
f 1802 1801 1834
f 1836 1832 1804
f 1800 1832 1834
f 1804 1832 1800
f 1800 1834 1801
f 1799 1804 1800
f 1836 1804 1837
f 1837 1804 1838
f 1837 1838 1839
f 1837 1839 1840
f 1838 1804 1841
f 1805 1806 1804
f 1804 1806 1841
f 1841 1806 1807
f 1807 1808 1841
f 1841 1808 1842
f 1843 1842 1844
f 1845 1842 1843
f 1839 1842 1845
f 1841 1842 1839
f 1838 1841 1839
f 1842 1808 1809
f 1846 1842 1809
f 1847 1846 1848
f 1848 1846 1809
f 1848 1809 1810
f 1848 1810 1849
f 1849 1810 1814
f 1811 1818 1850
f 1812 1811 1851
f 1851 1811 1850
f 1813 1812 1852
f 1852 1812 1851
f 1817 1813 1853
f 1853 1813 1852
f 1849 1814 1854
f 1854 1814 1855
f 1855 1814 1815
f 1855 1815 1856
f 1815 1816 1856
f 1856 1816 1857
f 1857 1816 1817
f 1857 1817 1858
f 1817 1853 1858
f 1850 1818 1859
f 1859 1818 1860
f 1860 1818 1819
f 1861 1860 1819
f 1819 1820 1861
f 1861 1820 1862
f 1862 1820 1821
f 1863 1862 1821
f 1863 1821 1822
f 1863 1822 1864
f 1864 1822 1865
f 1865 1822 1823
f 1865 1823 1866
f 1867 1865 1866
f 1823 1825 1868
f 1866 1823 1868
f 1868 1825 1831
f 1869 1868 1870
f 1870 1868 1831
f 1871 1868 1869
f 1872 1868 1871
f 1873 1868 1872
f 1824 1826 1831
f 1825 1824 1831
f 1831 1830 1870
f 1830 1833 1874
f 1830 1829 1835
f 1875 1869 1874
f 1869 1870 1874
f 1835 1833 1830
f 1870 1830 1874
f 1829 1827 1835
f 1836 1837 1832
f 1832 1837 1876
f 1832 1876 1877
f 1832 1877 1878
f 1832 1878 1879
f 1832 1879 1880
f 1832 1880 1874
f 1832 1874 1833
f 1881 1876 1843
f 1837 1840 1843
f 1837 1843 1876
f 1876 1881 1882
f 1876 1882 1883
f 1843 1840 1845
f 1840 1839 1845
f 1843 1844 1881
f 1881 1844 1884
f 1844 1846 1884
f 1884 1846 1847
f 1884 1847 1885
f 1844 1842 1846
f 1885 1847 1848
f 1885 1848 1886
f 1886 1848 1887
f 1886 1887 1888
f 1887 1848 1849
f 1889 1887 1849
f 1889 1849 1854
f 1859 1890 1850
f 1850 1891 1851
f 1850 1890 1891
f 1852 1851 1892
f 1851 1891 1892
f 1853 1852 1893
f 1852 1892 1893
f 1858 1853 1894
f 1894 1853 1893
f 1889 1854 1895
f 1895 1854 1896
f 1896 1854 1855
f 1896 1855 1897
f 1855 1856 1897
f 1897 1856 1898
f 1898 1856 1857
f 1898 1857 1899
f 1857 1858 1899
f 1899 1858 1900
f 1900 1858 1894
f 1859 1901 1890
f 1902 1901 1859
f 1859 1860 1902
f 1902 1860 1903
f 1903 1860 1861
f 1904 1903 1861
f 1904 1861 1862
f 1904 1862 1905
f 1905 1862 1863
f 1906 1905 1863
f 1906 1863 1864
f 1907 1906 1864
f 1907 1864 1908
f 1864 1865 1908
f 1908 1865 1909
f 1910 1908 1909
f 1911 1865 1867
f 1909 1865 1911
f 1873 1912 1867
f 1867 1912 1911
f 1866 1868 1873
f 1867 1866 1873
f 1872 1913 1873
f 1873 1913 1912
f 1872 1874 1880
f 1872 1871 1875
f 1914 1915 1880
f 1915 1913 1880
f 1875 1874 1872
f 1913 1872 1880
f 1871 1869 1875
f 1916 1880 1879
f 1916 1917 1914
f 1914 1880 1916
f 1918 1916 1879
f 1919 1878 1920
f 1919 1918 1879
f 1879 1878 1919
f 1921 1919 1920
f 1922 1878 1923
f 1877 1924 1923
f 1877 1923 1878
f 1878 1922 1925
f 1878 1925 1920
f 1923 1924 1926
f 1927 1877 1928
f 1876 1883 1928
f 1876 1928 1877
f 1877 1927 1929
f 1877 1929 1924
f 1928 1883 1930
f 1883 1882 1930
f 1884 1886 1881
f 1882 1886 1888
f 1928 1931 1932
f 1930 1931 1928
f 1881 1886 1882
f 1882 1888 1931
f 1882 1931 1930
f 1884 1885 1886
f 1931 1888 1887
f 1887 1933 1931
f 1934 1933 1935
f 1931 1933 1934
f 1933 1887 1889
f 1936 1933 1889
f 1936 1889 1895
f 1890 1901 1937
f 1891 1890 1938
f 1938 1890 1937
f 1892 1891 1939
f 1939 1891 1938
f 1893 1892 1940
f 1940 1892 1939
f 1894 1893 1941
f 1893 1940 1941
f 1900 1894 1942
f 1894 1941 1942
f 1936 1895 1943
f 1943 1895 1944
f 1944 1895 1896
f 1896 1945 1944
f 1896 1897 1945
f 1945 1897 1946
f 1946 1897 1898
f 1898 1947 1946
f 1898 1899 1947
f 1947 1899 1948
f 1948 1899 1900
f 1900 1949 1948
f 1900 1942 1949
f 1937 1901 1950
f 1950 1901 1951
f 1951 1901 1902
f 1952 1951 1902
f 1902 1903 1952
f 1952 1903 1953
f 1953 1903 1904
f 1954 1953 1904
f 1954 1904 1905
f 1954 1905 1955
f 1955 1905 1906
f 1955 1906 1956
f 1956 1906 1907
f 1957 1956 1907
f 1907 1958 1957
f 1907 1908 1958
f 1958 1908 1959
f 1960 1958 1959
f 1959 1908 1910
f 1961 1959 1910
f 1912 1913 1910
f 1910 1913 1915
f 1910 1915 1917
f 1917 1916 1910
f 1910 1916 1962
f 1910 1962 1961
f 1911 1912 1909
f 1909 1912 1910
f 1917 1915 1914
f 1962 1916 1918
f 1960 1962 1918
f 1963 1960 1918
f 1963 1918 1964
f 1918 1965 1964
f 1966 1965 1918
f 1967 1966 1918
f 1918 1968 1967
f 1918 1919 1968
f 1969 1970 1922
f 1925 1970 1971
f 1919 1966 1968
f 1921 1966 1919
f 1922 1970 1925
f 1925 1971 1966
f 1925 1966 1921
f 1920 1925 1921
f 1923 1972 1922
f 1922 1972 1969
f 1932 1934 1927
f 1927 1934 1935
f 1927 1935 1973
f 1923 1973 1972
f 1926 1973 1923
f 1929 1973 1926
f 1927 1973 1929
f 1924 1929 1926
f 1927 1928 1932
f 1934 1932 1931
f 1973 1935 1933
f 1973 1933 1974
f 1975 1973 1976
f 1976 1973 1974
f 1974 1933 1936
f 1977 1974 1936
f 1936 1943 1977
f 1950 1978 1937
f 1937 1979 1938
f 1937 1978 1979
f 1939 1938 1980
f 1938 1979 1980
f 1940 1939 1981
f 1939 1980 1981
f 1941 1940 1982
f 1982 1940 1981
f 1942 1941 1983
f 1983 1941 1982
f 1949 1942 1984
f 1984 1942 1983
f 1977 1943 1985
f 1985 1943 1986
f 1986 1943 1944
f 1944 1987 1986
f 1944 1945 1987
f 1987 1945 1988
f 1988 1945 1946
f 1946 1989 1988
f 1946 1947 1989
f 1989 1947 1990
f 1990 1947 1948
f 1948 1991 1990
f 1948 1949 1991
f 1991 1949 1992
f 1992 1949 1984
f 1950 1993 1978
f 1994 1993 1950
f 1950 1951 1994
f 1994 1951 1995
f 1995 1951 1952
f 1996 1995 1952
f 1996 1952 1953
f 1996 1953 1997
f 1997 1953 1954
f 1998 1997 1954
f 1998 1954 1955
f 1999 1998 1955
f 1999 1955 1956
f 1999 1956 2000
f 2000 1956 1957
f 1986 2000 1957
f 1957 1985 1986
f 1957 1958 1985
f 1985 1958 1964
f 1963 1958 1960
f 1964 1958 1963
f 1962 1959 1961
f 1962 1960 1959
f 1977 1985 1964
f 1964 1965 1977
f 1965 1974 1977
f 2001 1974 1965
f 1970 2001 1965
f 1971 1970 1965
f 1971 1965 1966
f 1967 1968 1966
f 1970 1969 2001
f 1972 1975 1969
f 1969 1975 1976
f 1969 1976 2001
f 1975 1972 1973
f 2001 1976 1974
f 1978 1993 2002
f 1979 1978 2003
f 2003 1978 2002
f 1980 1979 2004
f 2004 1979 2003
f 1981 1980 2005
f 2005 1980 2004
f 1982 1981 2006
f 1981 2005 2006
f 1983 1982 2007
f 1982 2006 2007
f 1983 2008 1984
f 1983 2007 2008
f 1984 2009 1992
f 1984 2008 2009
f 1987 2000 1986
f 2010 2000 1987
f 2010 1987 1988
f 1988 2011 2010
f 1989 2011 1988
f 2012 2011 1989
f 2012 1989 1990
f 1990 2013 2012
f 1991 2013 1990
f 2014 2013 1991
f 2014 1991 1992
f 1992 2015 2014
f 2009 2015 1992
f 2002 1993 2016
f 2016 1993 2017
f 2017 1993 1994
f 2018 2017 1994
f 1994 1995 2018
f 2018 1995 2019
f 2019 1995 1996
f 2020 2019 1996
f 2020 1996 1997
f 2020 1997 2021
f 2021 1997 1998
f 2021 1998 2022
f 2022 1998 1999
f 2010 2022 1999
f 1999 2000 2010
f 2016 2023 2002
f 2002 2024 2003
f 2002 2023 2024
f 2004 2003 2025
f 2003 2024 2025
f 2005 2004 2026
f 2004 2025 2026
f 2006 2005 2027
f 2027 2005 2026
f 2007 2006 2028
f 2028 2006 2027
f 2008 2007 2029
f 2029 2007 2028
f 2009 2008 2030
f 2030 2008 2029
f 2031 2015 2009
f 2031 2009 2030
f 2011 2022 2010
f 2032 2011 2012
f 2032 2022 2011
f 2013 2033 2012
f 2012 2033 2032
f 2034 2013 2014
f 2034 2033 2013
f 2015 2035 2014
f 2014 2035 2034
f 2036 2015 2031
f 2036 2035 2015
f 2016 2037 2023
f 2038 2037 2016
f 2016 2017 2038
f 2038 2017 2039
f 2039 2017 2018
f 2040 2039 2018
f 2040 2018 2019
f 2040 2019 2041
f 2041 2019 2020
f 2042 2041 2020
f 2042 2020 2021
f 2032 2042 2021
f 2032 2021 2022
f 2023 2037 2043
f 2024 2023 2044
f 2044 2023 2043
f 2025 2024 2045
f 2045 2024 2044
f 2026 2025 2046
f 2046 2025 2045
f 2027 2026 2047
f 2026 2046 2047
f 2028 2027 2048
f 2027 2047 2048
f 2028 2049 2029
f 2028 2048 2049
f 2029 2050 2030
f 2029 2049 2050
f 2030 2051 2031
f 2050 2051 2030
f 2051 2052 2031
f 2031 2052 2036
f 2033 2042 2032
f 2034 2053 2033
f 2053 2042 2033
f 2035 2054 2034
f 2034 2054 2053
f 2036 2055 2035
f 2055 2054 2035
f 2052 2056 2036
f 2036 2056 2055
f 2043 2037 2057
f 2057 2037 2058
f 2058 2037 2038
f 2059 2058 2038
f 2038 2039 2059
f 2059 2039 2060
f 2060 2039 2040
f 2061 2060 2040
f 2061 2040 2041
f 2061 2041 2053
f 2053 2041 2042
f 2057 2062 2043
f 2043 2063 2044
f 2043 2062 2063
f 2045 2044 2064
f 2044 2063 2064
f 2046 2045 2065
f 2045 2064 2065
f 2047 2046 2066
f 2066 2046 2065
f 2048 2047 2067
f 2067 2047 2066
f 2049 2048 2068
f 2068 2048 2067
f 2050 2049 2069
f 2069 2049 2068
f 2070 2051 2050
f 2070 2050 2069
f 2071 2051 2070
f 2071 2052 2051
f 2071 2072 2052
f 2072 2056 2052
f 2054 2061 2053
f 2055 2073 2054
f 2054 2073 2061
f 2056 2074 2055
f 2074 2073 2055
f 2072 2075 2056
f 2056 2075 2074
f 2057 2076 2062
f 2077 2076 2057
f 2057 2058 2077
f 2077 2058 2078
f 2078 2058 2059
f 2079 2078 2059
f 2079 2059 2060
f 2079 2060 2073
f 2073 2060 2061
f 2062 2076 2080
f 2063 2062 2081
f 2081 2062 2080
f 2064 2063 2082
f 2082 2063 2081
f 2065 2064 2083
f 2083 2064 2082
f 2066 2065 2084
f 2065 2083 2084
f 2067 2066 2085
f 2066 2084 2085
f 2067 2086 2068
f 2067 2085 2086
f 2068 2087 2069
f 2068 2086 2087
f 2069 2088 2070
f 2087 2088 2069
f 2088 2089 2070
f 2070 2089 2071
f 2089 2090 2071
f 2071 2090 2072
f 2090 2091 2072
f 2091 2075 2072
f 2074 2079 2073
f 2075 2092 2074
f 2074 2092 2079
f 2091 2093 2075
f 2093 2092 2075
f 2080 2076 2094
f 2094 2076 2095
f 2095 2076 2077
f 2096 2095 2077
f 2077 2078 2096
f 2096 2078 2092
f 2092 2078 2079
f 2094 2097 2080
f 2080 2098 2081
f 2080 2097 2098
f 2082 2081 2099
f 2081 2098 2099
f 2083 2082 2100
f 2082 2099 2100
f 2084 2083 2101
f 2101 2083 2100
f 2085 2084 2102
f 2102 2084 2101
f 2086 2085 2103
f 2103 2085 2102
f 2087 2086 2104
f 2104 2086 2103
f 2105 2088 2087
f 2105 2087 2104
f 2106 2088 2105
f 2106 2089 2088
f 2106 2107 2089
f 2107 2090 2089
f 2107 2108 2090
f 2090 2108 2091
f 2108 2109 2091
f 2091 2109 2093
f 2093 2096 2092
f 2109 2110 2093
f 2093 2110 2096
f 2094 2111 2097
f 2112 2111 2094
f 2094 2095 2112
f 2112 2095 2110
f 2110 2095 2096
f 2097 2111 2113
f 2098 2097 2114
f 2114 2097 2113
f 2099 2098 2115
f 2115 2098 2114
f 2100 2099 2116
f 2116 2099 2115
f 2101 2100 2117
f 2100 2116 2117
f 2102 2101 2118
f 2101 2117 2118
f 2102 2119 2103
f 2102 2118 2119
f 2103 2120 2104
f 2103 2119 2120
f 2104 2121 2105
f 2120 2121 2104
f 2121 2122 2105
f 2105 2122 2106
f 2122 2123 2106
f 2106 2123 2107
f 2123 2124 2107
f 2124 2108 2107
f 2124 2125 2108
f 2125 2109 2108
f 2125 2126 2109
f 2126 2110 2109
f 2112 2110 2126
f 2113 2111 2127
f 2127 2111 2128
f 2128 2111 2112
f 2126 2128 2112
f 2127 2129 2113
f 2113 2130 2114
f 2113 2129 2130
f 2115 2114 2131
f 2114 2130 2131
f 2116 2115 2132
f 2115 2131 2132
f 2117 2116 2133
f 2133 2116 2132
f 2118 2117 2134
f 2134 2117 2133
f 2119 2118 2135
f 2135 2118 2134
f 2120 2119 2136
f 2136 2119 2135
f 2137 2121 2120
f 2137 2120 2136
f 2138 2121 2137
f 2138 2122 2121
f 2138 2139 2122
f 2139 2123 2122
f 2139 2140 2123
f 2123 2140 2124
f 2140 2141 2124
f 2124 2141 2125
f 2141 2142 2125
f 2125 2142 2126
f 2142 2128 2126
f 2127 2143 2129
f 2144 2143 2127
f 2127 2128 2144
f 2144 2128 2142
f 2129 2143 2145
f 2130 2129 2146
f 2146 2129 2145
f 2131 2130 2147
f 2147 2130 2146
f 2132 2131 2148
f 2148 2131 2147
f 2133 2132 2149
f 2132 2148 2149
f 2134 2133 2150
f 2133 2149 2150
f 2134 2151 2135
f 2134 2150 2151
f 2135 2152 2136
f 2135 2151 2152
f 2136 2153 2137
f 2152 2153 2136
f 2153 2154 2137
f 2137 2154 2138
f 2154 2155 2138
f 2138 2155 2139
f 2155 2156 2139
f 2156 2140 2139
f 2156 2157 2140
f 2157 2141 2140
f 2157 2158 2141
f 2158 2142 2141
f 2144 2142 2158
f 2145 2143 2159
f 2159 2143 2160
f 2160 2143 2144
f 2158 2160 2144
f 2159 2161 2145
f 2145 2162 2146
f 2145 2161 2162
f 2147 2146 2163
f 2146 2162 2163
f 2148 2147 2164
f 2147 2163 2164
f 2149 2148 2165
f 2165 2148 2164
f 2150 2149 2166
f 2166 2149 2165
f 2151 2150 2167
f 2167 2150 2166
f 2152 2151 2168
f 2168 2151 2167
f 2169 2153 2152
f 2169 2152 2168
f 2170 2153 2169
f 2170 2154 2153
f 2170 2171 2154
f 2171 2155 2154
f 2171 2172 2155
f 2155 2172 2156
f 2172 2173 2156
f 2156 2173 2157
f 2173 2174 2157
f 2157 2174 2158
f 2174 2160 2158
f 2159 2175 2161
f 2176 2175 2159
f 2159 2160 2176
f 2176 2160 2174
f 2161 2175 2177
f 2162 2161 2178
f 2178 2161 2177
f 2163 2162 2179
f 2179 2162 2178
f 2164 2163 2180
f 2180 2163 2179
f 2165 2164 2181
f 2164 2180 2181
f 2166 2165 2182
f 2165 2181 2182
f 2166 2183 2167
f 2166 2182 2183
f 2167 2184 2168
f 2167 2183 2184
f 2168 2185 2169
f 2184 2185 2168
f 2185 2186 2169
f 2169 2186 2170
f 2186 2187 2170
f 2170 2187 2171
f 2187 2188 2171
f 2188 2172 2171
f 2188 2189 2172
f 2189 2173 2172
f 2189 2190 2173
f 2190 2174 2173
f 2176 2174 2190
f 2177 2175 2191
f 2191 2175 2192
f 2192 2175 2176
f 2190 2192 2176
f 2191 2193 2177
f 2177 2194 2178
f 2177 2193 2194
f 2179 2178 2195
f 2178 2194 2195
f 2180 2179 2196
f 2179 2195 2196
f 2181 2180 2197
f 2197 2180 2196
f 2182 2181 2198
f 2198 2181 2197
f 2183 2182 2199
f 2199 2182 2198
f 2184 2183 2200
f 2200 2183 2199
f 2201 2185 2184
f 2201 2184 2200
f 2202 2185 2201
f 2202 2186 2185
f 2202 2203 2186
f 2203 2187 2186
f 2203 2204 2187
f 2187 2204 2188
f 2204 2205 2188
f 2188 2205 2189
f 2205 2206 2189
f 2189 2206 2190
f 2206 2192 2190
f 2191 2207 2193
f 2208 2207 2191
f 2191 2192 2208
f 2208 2192 2206
f 2193 2207 2209
f 2194 2193 2210
f 2210 2193 2209
f 2195 2194 2211
f 2211 2194 2210
f 2196 2195 2212
f 2212 2195 2211
f 2197 2196 2213
f 2196 2212 2213
f 2198 2197 2214
f 2197 2213 2214
f 2198 2215 2199
f 2198 2214 2215
f 2199 2216 2200
f 2199 2215 2216
f 2200 2217 2201
f 2216 2217 2200
f 2217 2218 2201
f 2201 2218 2202
f 2218 2219 2202
f 2202 2219 2203
f 2219 2220 2203
f 2220 2204 2203
f 2220 2221 2204
f 2221 2205 2204
f 2221 2222 2205
f 2222 2206 2205
f 2208 2206 2222
f 2209 2207 2223
f 2223 2207 2224
f 2224 2207 2208
f 2222 2224 2208
f 2223 2225 2209
f 2209 2226 2210
f 2209 2225 2226
f 2211 2210 2227
f 2210 2226 2227
f 2212 2211 2228
f 2211 2227 2228
f 2213 2212 2229
f 2229 2212 2228
f 2214 2213 2230
f 2230 2213 2229
f 2215 2214 2231
f 2231 2214 2230
f 2216 2215 2232
f 2232 2215 2231
f 2233 2217 2216
f 2233 2216 2232
f 2234 2217 2233
f 2234 2218 2217
f 2234 2235 2218
f 2235 2219 2218
f 2235 2236 2219
f 2219 2236 2220
f 2236 2237 2220
f 2220 2237 2221
f 2237 2238 2221
f 2221 2238 2222
f 2238 2224 2222
f 2223 2239 2225
f 2240 2239 2223
f 2223 2224 2240
f 2240 2224 2238
f 2225 2239 2241
f 2226 2225 2242
f 2242 2225 2241
f 2227 2226 2243
f 2243 2226 2242
f 2228 2227 2244
f 2244 2227 2243
f 2229 2228 2245
f 2228 2244 2245
f 2230 2229 2246
f 2229 2245 2246
f 2230 2247 2231
f 2230 2246 2247
f 2231 2248 2232
f 2231 2247 2248
f 2232 2249 2233
f 2248 2249 2232
f 2249 2250 2233
f 2233 2250 2234
f 2250 2251 2234
f 2234 2251 2235
f 2251 2252 2235
f 2252 2236 2235
f 2252 2253 2236
f 2253 2237 2236
f 2253 2254 2237
f 2254 2238 2237
f 2240 2238 2254
f 2241 2239 2255
f 2255 2239 2256
f 2256 2239 2240
f 2254 2256 2240
f 2255 2257 2241
f 2241 2258 2242
f 2241 2257 2258
f 2243 2242 2259
f 2242 2258 2259
f 2244 2243 2260
f 2243 2259 2260
f 2245 2244 2261
f 2261 2244 2260
f 2246 2245 2262
f 2262 2245 2261
f 2247 2246 2263
f 2263 2246 2262
f 2248 2247 2264
f 2264 2247 2263
f 2265 2249 2248
f 2265 2248 2264
f 2266 2249 2265
f 2266 2250 2249
f 2266 2267 2250
f 2267 2251 2250
f 2267 2268 2251
f 2251 2268 2252
f 2268 2269 2252
f 2252 2269 2253
f 2269 2270 2253
f 2253 2270 2254
f 2270 2256 2254
f 2255 2271 2257
f 2272 2271 2255
f 2255 2256 2272
f 2272 2256 2270
f 2257 2271 2273
f 2258 2257 2274
f 2274 2257 2273
f 2259 2258 2275
f 2275 2258 2274
f 2260 2259 2276
f 2276 2259 2275
f 2261 2260 2277
f 2260 2276 2277
f 2262 2261 2278
f 2261 2277 2278
f 2262 2279 2263
f 2262 2278 2279
f 2263 2280 2264
f 2263 2279 2280
f 2264 2281 2265
f 2280 2281 2264
f 2281 2282 2265
f 2265 2282 2266
f 2282 2283 2266
f 2266 2283 2267
f 2283 2284 2267
f 2284 2268 2267
f 2284 2285 2268
f 2285 2269 2268
f 2285 2286 2269
f 2286 2270 2269
f 2272 2270 2286
f 2273 2271 2287
f 2287 2271 2288
f 2288 2271 2272
f 2286 2288 2272
f 2287 2289 2273
f 2273 2290 2274
f 2273 2289 2290
f 2275 2274 2291
f 2274 2290 2291
f 2276 2275 2292
f 2275 2291 2292
f 2277 2276 2293
f 2293 2276 2292
f 2278 2277 2294
f 2294 2277 2293
f 2279 2278 2295
f 2295 2278 2294
f 2280 2279 2296
f 2296 2279 2295
f 2297 2281 2280
f 2297 2280 2296
f 2298 2281 2297
f 2298 2282 2281
f 2298 2299 2282
f 2299 2283 2282
f 2299 2300 2283
f 2283 2300 2284
f 2300 2301 2284
f 2284 2301 2285
f 2301 2302 2285
f 2285 2302 2286
f 2302 2288 2286
f 2287 2303 2289
f 2304 2303 2287
f 2287 2288 2304
f 2304 2288 2302
f 2289 2303 2305
f 2290 2289 2306
f 2306 2289 2305
f 2291 2290 2307
f 2307 2290 2306
f 2292 2291 2308
f 2308 2291 2307
f 2293 2292 2309
f 2292 2308 2309
f 2294 2293 2310
f 2293 2309 2310
f 2294 2311 2295
f 2294 2310 2311
f 2295 2312 2296
f 2295 2311 2312
f 2296 2313 2297
f 2312 2313 2296
f 2313 2314 2297
f 2297 2314 2298
f 2314 2315 2298
f 2298 2315 2299
f 2315 2316 2299
f 2316 2300 2299
f 2316 2317 2300
f 2317 2301 2300
f 2317 2318 2301
f 2318 2302 2301
f 2304 2302 2318
f 2305 2303 2319
f 2319 2303 2320
f 2320 2303 2304
f 2318 2320 2304
f 2319 2321 2305
f 2305 2322 2306
f 2305 2321 2322
f 2307 2306 2323
f 2306 2322 2323
f 2308 2307 2324
f 2307 2323 2324
f 2309 2308 2325
f 2325 2308 2324
f 2310 2309 2326
f 2326 2309 2325
f 2311 2310 2327
f 2327 2310 2326
f 2312 2311 2328
f 2328 2311 2327
f 2329 2313 2312
f 2329 2312 2328
f 2330 2313 2329
f 2330 2314 2313
f 2330 2331 2314
f 2331 2315 2314
f 2331 2332 2315
f 2315 2332 2316
f 2332 2333 2316
f 2316 2333 2317
f 2333 2334 2317
f 2317 2334 2318
f 2334 2320 2318
f 2319 2335 2321
f 2336 2335 2319
f 2319 2320 2336
f 2336 2320 2334
f 2321 2335 2337
f 2322 2321 2338
f 2338 2321 2337
f 2323 2322 2339
f 2339 2322 2338
f 2324 2323 2340
f 2340 2323 2339
f 2325 2324 2341
f 2324 2340 2341
f 2326 2325 2342
f 2325 2341 2342
f 2326 2343 2327
f 2326 2342 2343
f 2327 2344 2328
f 2327 2343 2344
f 2328 2345 2329
f 2344 2345 2328
f 2345 2346 2329
f 2329 2346 2330
f 2346 2347 2330
f 2330 2347 2331
f 2347 2348 2331
f 2348 2332 2331
f 2348 2349 2332
f 2349 2333 2332
f 2349 2350 2333
f 2350 2334 2333
f 2336 2334 2350
f 2337 2335 2351
f 2351 2335 2352
f 2352 2335 2336
f 2350 2352 2336
f 2351 2353 2337
f 2337 2354 2338
f 2337 2353 2354
f 2339 2338 2355
f 2338 2354 2355
f 2340 2339 2356
f 2339 2355 2356
f 2341 2340 2357
f 2357 2340 2356
f 2342 2341 2358
f 2358 2341 2357
f 2343 2342 2359
f 2359 2342 2358
f 2344 2343 2360
f 2360 2343 2359
f 2361 2345 2344
f 2361 2344 2360
f 2362 2345 2361
f 2362 2346 2345
f 2362 2363 2346
f 2363 2347 2346
f 2363 2364 2347
f 2347 2364 2348
f 2364 2365 2348
f 2348 2365 2349
f 2365 2366 2349
f 2349 2366 2350
f 2366 2352 2350
f 2351 2367 2353
f 2368 2367 2351
f 2351 2352 2368
f 2368 2352 2366
f 2353 2367 2369
f 2354 2353 2370
f 2370 2353 2369
f 2355 2354 2371
f 2371 2354 2370
f 2356 2355 2372
f 2372 2355 2371
f 2357 2356 2373
f 2356 2372 2373
f 2358 2357 2374
f 2357 2373 2374
f 2358 2375 2359
f 2358 2374 2375
f 2359 2376 2360
f 2359 2375 2376
f 2360 2377 2361
f 2376 2377 2360
f 2377 2378 2361
f 2361 2378 2362
f 2378 2379 2362
f 2362 2379 2363
f 2379 2380 2363
f 2380 2364 2363
f 2380 2381 2364
f 2381 2365 2364
f 2381 2382 2365
f 2382 2366 2365
f 2368 2366 2382
f 2369 2367 2383
f 2383 2367 2384
f 2384 2367 2368
f 2382 2384 2368
f 2383 2385 2369
f 2369 2386 2370
f 2369 2385 2386
f 2371 2370 2387
f 2370 2386 2387
f 2372 2371 2388
f 2371 2387 2388
f 2373 2372 2389
f 2389 2372 2388
f 2374 2373 2390
f 2390 2373 2389
f 2375 2374 2391
f 2391 2374 2390
f 2376 2375 2392
f 2392 2375 2391
f 2393 2377 2376
f 2393 2376 2392
f 2394 2377 2393
f 2394 2378 2377
f 2394 2395 2378
f 2395 2379 2378
f 2395 2396 2379
f 2379 2396 2380
f 2396 2397 2380
f 2380 2397 2381
f 2397 2398 2381
f 2381 2398 2382
f 2398 2384 2382
f 2383 2399 2385
f 2400 2399 2383
f 2383 2384 2400
f 2400 2384 2398
f 2385 2399 2401
f 2386 2385 2402
f 2402 2385 2401
f 2387 2386 2403
f 2403 2386 2402
f 2388 2387 2404
f 2404 2387 2403
f 2389 2388 2405
f 2388 2404 2405
f 2390 2389 2406
f 2389 2405 2406
f 2390 2407 2391
f 2390 2406 2407
f 2391 2408 2392
f 2391 2407 2408
f 2392 2409 2393
f 2408 2409 2392
f 2409 2410 2393
f 2393 2410 2394
f 2410 2411 2394
f 2394 2411 2395
f 2411 2412 2395
f 2412 2396 2395
f 2412 2413 2396
f 2413 2397 2396
f 2413 2414 2397
f 2414 2398 2397
f 2400 2398 2414
f 2401 2399 2415
f 2415 2399 2416
f 2416 2399 2400
f 2414 2416 2400
f 2415 2417 2401
f 2401 2418 2402
f 2401 2417 2418
f 2403 2402 2419
f 2402 2418 2419
f 2404 2403 2420
f 2403 2419 2420
f 2405 2404 2421
f 2421 2404 2420
f 2406 2405 2422
f 2422 2405 2421
f 2407 2406 2423
f 2423 2406 2422
f 2408 2407 2424
f 2424 2407 2423
f 2425 2409 2408
f 2425 2408 2424
f 2426 2409 2425
f 2426 2410 2409
f 2426 2427 2410
f 2427 2411 2410
f 2427 2428 2411
f 2411 2428 2412
f 2428 2429 2412
f 2412 2429 2413
f 2429 2430 2413
f 2413 2430 2414
f 2430 2416 2414
f 2415 2431 2417
f 2432 2431 2415
f 2415 2416 2432
f 2432 2416 2430
f 2417 2431 2433
f 2418 2417 2434
f 2434 2417 2433
f 2419 2418 2435
f 2435 2418 2434
f 2420 2419 2436
f 2436 2419 2435
f 2421 2420 2437
f 2420 2436 2437
f 2422 2421 2438
f 2421 2437 2438
f 2422 2439 2423
f 2422 2438 2439
f 2423 2440 2424
f 2423 2439 2440
f 2424 2441 2425
f 2440 2441 2424
f 2441 2442 2425
f 2425 2442 2426
f 2442 2443 2426
f 2426 2443 2427
f 2443 2444 2427
f 2444 2428 2427
f 2444 2445 2428
f 2445 2429 2428
f 2445 2446 2429
f 2446 2430 2429
f 2432 2430 2446
f 2433 2431 2447
f 2447 2431 2448
f 2448 2431 2432
f 2446 2448 2432
f 2447 2449 2433
f 2433 2450 2434
f 2433 2449 2450
f 2435 2434 2451
f 2434 2450 2451
f 2436 2435 2452
f 2435 2451 2452
f 2437 2436 2453
f 2453 2436 2452
f 2438 2437 2454
f 2454 2437 2453
f 2439 2438 2455
f 2455 2438 2454
f 2440 2439 2456
f 2456 2439 2455
f 2457 2441 2440
f 2457 2440 2456
f 2458 2441 2457
f 2458 2442 2441
f 2458 2459 2442
f 2459 2443 2442
f 2459 2460 2443
f 2443 2460 2444
f 2460 2461 2444
f 2444 2461 2445
f 2461 2462 2445
f 2445 2462 2446
f 2462 2448 2446
f 2447 2463 2449
f 2464 2463 2447
f 2447 2448 2464
f 2464 2448 2462
f 2449 2463 2465
f 2450 2449 2466
f 2466 2449 2465
f 2451 2450 2467
f 2467 2450 2466
f 2452 2451 2468
f 2468 2451 2467
f 2453 2452 2469
f 2452 2468 2469
f 2454 2453 2470
f 2453 2469 2470
f 2454 2471 2455
f 2454 2470 2471
f 2455 2472 2456
f 2455 2471 2472
f 2456 2473 2457
f 2472 2473 2456
f 2473 2474 2457
f 2457 2474 2458
f 2474 2475 2458
f 2458 2475 2459
f 2475 2476 2459
f 2476 2460 2459
f 2476 2477 2460
f 2477 2461 2460
f 2477 2478 2461
f 2478 2462 2461
f 2464 2462 2478
f 2465 2463 2479
f 2479 2463 2480
f 2480 2463 2464
f 2478 2480 2464
f 2479 2481 2465
f 2465 2482 2466
f 2465 2481 2482
f 2467 2466 2483
f 2466 2482 2483
f 2468 2467 2484
f 2467 2483 2484
f 2469 2468 2485
f 2485 2468 2484
f 2470 2469 2486
f 2486 2469 2485
f 2471 2470 2487
f 2487 2470 2486
f 2472 2471 2488
f 2488 2471 2487
f 2489 2473 2472
f 2489 2472 2488
f 2490 2473 2489
f 2490 2474 2473
f 2490 2491 2474
f 2491 2475 2474
f 2491 2492 2475
f 2475 2492 2476
f 2492 2493 2476
f 2476 2493 2477
f 2493 2494 2477
f 2477 2494 2478
f 2494 2480 2478
f 2479 2495 2481
f 2496 2495 2479
f 2479 2480 2496
f 2496 2480 2494
f 2481 2495 2497
f 2482 2481 2498
f 2498 2481 2497
f 2483 2482 2499
f 2499 2482 2498
f 2484 2483 2500
f 2500 2483 2499
f 2485 2484 2501
f 2484 2500 2501
f 2486 2485 2502
f 2485 2501 2502
f 2486 2503 2487
f 2486 2502 2503
f 2487 2504 2488
f 2487 2503 2504
f 2488 2505 2489
f 2504 2505 2488
f 2505 2506 2489
f 2489 2506 2490
f 2506 2507 2490
f 2490 2507 2491
f 2507 2508 2491
f 2508 2492 2491
f 2508 2509 2492
f 2509 2493 2492
f 2509 2510 2493
f 2510 2494 2493
f 2496 2494 2510
f 2497 2495 2511
f 2511 2495 2512
f 2512 2495 2496
f 2510 2512 2496
f 2511 2513 2497
f 2497 2514 2498
f 2497 2513 2514
f 2499 2498 2515
f 2498 2514 2515
f 2500 2499 2516
f 2499 2515 2516
f 2501 2500 2517
f 2517 2500 2516
f 2502 2501 2518
f 2518 2501 2517
f 2503 2502 2519
f 2519 2502 2518
f 2504 2503 2520
f 2520 2503 2519
f 2521 2505 2504
f 2521 2504 2520
f 2522 2505 2521
f 2522 2506 2505
f 2522 2523 2506
f 2523 2507 2506
f 2523 2524 2507
f 2507 2524 2508
f 2524 2525 2508
f 2508 2525 2509
f 2525 2526 2509
f 2509 2526 2510
f 2526 2512 2510
f 2511 2527 2513
f 2528 2527 2511
f 2511 2512 2528
f 2528 2512 2526
f 2513 2527 2529
f 2514 2513 2530
f 2530 2513 2529
f 2515 2514 2531
f 2531 2514 2530
f 2516 2515 2532
f 2532 2515 2531
f 2517 2516 2533
f 2516 2532 2533
f 2518 2517 2534
f 2517 2533 2534
f 2518 2535 2519
f 2518 2534 2535
f 2519 2536 2520
f 2519 2535 2536
f 2520 2537 2521
f 2536 2537 2520
f 2537 2538 2521
f 2521 2538 2522
f 2538 2539 2522
f 2522 2539 2523
f 2539 2540 2523
f 2540 2524 2523
f 2540 2541 2524
f 2541 2525 2524
f 2541 2542 2525
f 2542 2526 2525
f 2528 2526 2542
f 2529 2527 2543
f 2543 2527 2544
f 2544 2527 2528
f 2542 2544 2528
f 2543 2545 2529
f 2529 2546 2530
f 2529 2545 2546
f 2531 2530 2547
f 2530 2546 2547
f 2532 2531 2548
f 2531 2547 2548
f 2533 2532 2549
f 2549 2532 2548
f 2534 2533 2550
f 2550 2533 2549
f 2535 2534 2551
f 2551 2534 2550
f 2536 2535 2552
f 2552 2535 2551
f 2553 2537 2536
f 2553 2536 2552
f 2554 2537 2553
f 2554 2538 2537
f 2554 2555 2538
f 2555 2539 2538
f 2555 2556 2539
f 2539 2556 2540
f 2556 2557 2540
f 2540 2557 2541
f 2557 2558 2541
f 2541 2558 2542
f 2558 2544 2542
f 2543 2559 2545
f 2560 2559 2543
f 2543 2544 2560
f 2560 2544 2558
f 2545 2559 2561
f 2546 2545 2562
f 2562 2545 2561
f 2547 2546 2563
f 2563 2546 2562
f 2548 2547 2564
f 2564 2547 2563
f 2549 2548 2565
f 2548 2564 2565
f 2550 2549 2566
f 2549 2565 2566
f 2550 2567 2551
f 2550 2566 2567
f 2551 2568 2552
f 2551 2567 2568
f 2552 2569 2553
f 2568 2569 2552
f 2569 2570 2553
f 2553 2570 2554
f 2570 2571 2554
f 2554 2571 2555
f 2571 2572 2555
f 2572 2556 2555
f 2572 2573 2556
f 2573 2557 2556
f 2573 2574 2557
f 2574 2558 2557
f 2560 2558 2574
f 2561 2559 2575
f 2575 2559 2576
f 2576 2559 2560
f 2574 2576 2560
f 2575 2577 2561
f 2561 2578 2562
f 2561 2577 2578
f 2563 2562 2579
f 2562 2578 2579
f 2564 2563 2580
f 2563 2579 2580
f 2565 2564 2581
f 2581 2564 2580
f 2566 2565 2582
f 2582 2565 2581
f 2567 2566 2583
f 2583 2566 2582
f 2568 2567 2584
f 2584 2567 2583
f 2585 2569 2568
f 2585 2568 2584
f 2586 2569 2585
f 2586 2570 2569
f 2586 2587 2570
f 2587 2571 2570
f 2587 2588 2571
f 2571 2588 2572
f 2588 2589 2572
f 2572 2589 2573
f 2589 2590 2573
f 2573 2590 2574
f 2590 2576 2574
f 2575 2591 2577
f 2592 2591 2575
f 2575 2576 2592
f 2592 2576 2590
f 2577 2591 2593
f 2578 2577 2594
f 2594 2577 2593
f 2579 2578 2595
f 2595 2578 2594
f 2580 2579 2596
f 2596 2579 2595
f 2581 2580 2597
f 2580 2596 2597
f 2582 2581 2598
f 2581 2597 2598
f 2582 2599 2583
f 2582 2598 2599
f 2583 2600 2584
f 2583 2599 2600
f 2584 2601 2585
f 2600 2601 2584
f 2601 2602 2585
f 2585 2602 2586
f 2602 2603 2586
f 2586 2603 2587
f 2603 2604 2587
f 2604 2588 2587
f 2604 2605 2588
f 2605 2589 2588
f 2605 2606 2589
f 2606 2590 2589
f 2592 2590 2606
f 2593 2591 2607
f 2607 2591 2608
f 2608 2591 2592
f 2606 2608 2592
f 2607 2609 2593
f 2593 2610 2594
f 2593 2609 2610
f 2595 2594 2611
f 2594 2610 2611
f 2596 2595 2612
f 2595 2611 2612
f 2597 2596 2613
f 2613 2596 2612
f 2598 2597 2614
f 2614 2597 2613
f 2599 2598 2615
f 2615 2598 2614
f 2600 2599 2616
f 2616 2599 2615
f 2617 2601 2600
f 2617 2600 2616
f 2618 2601 2617
f 2618 2602 2601
f 2618 2619 2602
f 2619 2603 2602
f 2619 2620 2603
f 2603 2620 2604
f 2620 2621 2604
f 2604 2621 2605
f 2621 2622 2605
f 2605 2622 2606
f 2622 2608 2606
f 2607 2623 2609
f 2624 2623 2607
f 2607 2608 2624
f 2624 2608 2622
f 2609 2623 2625
f 2610 2609 2626
f 2626 2609 2625
f 2611 2610 2627
f 2627 2610 2626
f 2612 2611 2628
f 2628 2611 2627
f 2613 2612 2629
f 2612 2628 2629
f 2614 2613 2630
f 2613 2629 2630
f 2614 2631 2615
f 2614 2630 2631
f 2615 2632 2616
f 2615 2631 2632
f 2616 2633 2617
f 2632 2633 2616
f 2633 2634 2617
f 2617 2634 2618
f 2634 2635 2618
f 2618 2635 2619
f 2635 2636 2619
f 2636 2620 2619
f 2636 2637 2620
f 2637 2621 2620
f 2637 2638 2621
f 2638 2622 2621
f 2624 2622 2638
f 2625 2623 2639
f 2639 2623 2640
f 2640 2623 2624
f 2638 2640 2624
f 2639 2641 2625
f 2625 2642 2626
f 2625 2641 2642
f 2627 2626 2643
f 2626 2642 2643
f 2628 2627 2644
f 2627 2643 2644
f 2629 2628 2645
f 2645 2628 2644
f 2630 2629 2646
f 2646 2629 2645
f 2631 2630 2647
f 2647 2630 2646
f 2632 2631 2648
f 2648 2631 2647
f 2649 2633 2632
f 2649 2632 2648
f 2650 2633 2649
f 2650 2634 2633
f 2650 2651 2634
f 2651 2635 2634
f 2651 2652 2635
f 2635 2652 2636
f 2652 2653 2636
f 2636 2653 2637
f 2653 2654 2637
f 2637 2654 2638
f 2654 2640 2638
f 2639 2655 2641
f 2656 2655 2639
f 2639 2640 2656
f 2656 2640 2654
f 2641 2655 2657
f 2642 2641 2658
f 2658 2641 2657
f 2643 2642 2659
f 2659 2642 2658
f 2644 2643 2660
f 2660 2643 2659
f 2645 2644 2661
f 2644 2660 2661
f 2646 2645 2662
f 2645 2661 2662
f 2646 2663 2647
f 2646 2662 2663
f 2647 2664 2648
f 2647 2663 2664
f 2648 2665 2649
f 2664 2665 2648
f 2665 2666 2649
f 2649 2666 2650
f 2666 2667 2650
f 2650 2667 2651
f 2667 2668 2651
f 2668 2652 2651
f 2668 2669 2652
f 2669 2653 2652
f 2669 2670 2653
f 2670 2654 2653
f 2656 2654 2670
f 2657 2655 2671
f 2671 2655 2672
f 2672 2655 2656
f 2670 2672 2656
f 2671 2673 2657
f 2657 2674 2658
f 2657 2673 2674
f 2659 2658 2675
f 2658 2674 2675
f 2660 2659 2676
f 2659 2675 2676
f 2661 2660 2677
f 2677 2660 2676
f 2662 2661 2678
f 2678 2661 2677
f 2663 2662 2679
f 2679 2662 2678
f 2664 2663 2680
f 2680 2663 2679
f 2681 2665 2664
f 2681 2664 2680
f 2682 2665 2681
f 2682 2666 2665
f 2682 2683 2666
f 2683 2667 2666
f 2683 2684 2667
f 2667 2684 2668
f 2684 2685 2668
f 2668 2685 2669
f 2685 2686 2669
f 2669 2686 2670
f 2686 2672 2670
f 2671 2687 2673
f 2688 2687 2671
f 2671 2672 2688
f 2688 2672 2686
f 2673 2687 2689
f 2674 2673 2690
f 2690 2673 2689
f 2675 2674 2691
f 2691 2674 2690
f 2676 2675 2692
f 2692 2675 2691
f 2677 2676 2693
f 2676 2692 2693
f 2678 2677 2694
f 2677 2693 2694
f 2678 2695 2679
f 2678 2694 2695
f 2679 2696 2680
f 2679 2695 2696
f 2680 2697 2681
f 2696 2697 2680
f 2697 2698 2681
f 2681 2698 2682
f 2698 2699 2682
f 2682 2699 2683
f 2699 2700 2683
f 2700 2684 2683
f 2700 2701 2684
f 2701 2685 2684
f 2701 2702 2685
f 2702 2686 2685
f 2688 2686 2702
f 2689 2687 2703
f 2703 2687 2704
f 2704 2687 2688
f 2702 2704 2688
f 2703 2705 2689
f 2689 2706 2690
f 2689 2705 2706
f 2691 2690 2707
f 2690 2706 2707
f 2692 2691 2708
f 2691 2707 2708
f 2693 2692 2709
f 2709 2692 2708
f 2694 2693 2710
f 2710 2693 2709
f 2695 2694 2711
f 2711 2694 2710
f 2696 2695 2712
f 2712 2695 2711
f 2713 2697 2696
f 2713 2696 2712
f 2714 2697 2713
f 2714 2698 2697
f 2714 2715 2698
f 2715 2699 2698
f 2715 2716 2699
f 2699 2716 2700
f 2716 2717 2700
f 2700 2717 2701
f 2717 2718 2701
f 2701 2718 2702
f 2718 2704 2702
f 2703 2719 2705
f 2720 2719 2703
f 2703 2704 2720
f 2720 2704 2718
f 2705 2719 2721
f 2706 2705 2722
f 2722 2705 2721
f 2707 2706 2723
f 2723 2706 2722
f 2708 2707 2724
f 2724 2707 2723
f 2709 2708 2725
f 2708 2724 2725
f 2710 2709 2726
f 2709 2725 2726
f 2710 2727 2711
f 2710 2726 2727
f 2711 2728 2712
f 2711 2727 2728
f 2712 2729 2713
f 2728 2729 2712
f 2729 2730 2713
f 2713 2730 2714
f 2730 2731 2714
f 2714 2731 2715
f 2731 2732 2715
f 2732 2716 2715
f 2732 2733 2716
f 2733 2717 2716
f 2733 2734 2717
f 2734 2718 2717
f 2720 2718 2734
f 2721 2719 2735
f 2735 2719 2736
f 2736 2719 2720
f 2734 2736 2720
f 2735 2737 2721
f 2721 2738 2722
f 2721 2737 2738
f 2723 2722 2739
f 2722 2738 2739
f 2724 2723 2740
f 2723 2739 2740
f 2725 2724 2741
f 2741 2724 2740
f 2726 2725 2742
f 2742 2725 2741
f 2727 2726 2743
f 2743 2726 2742
f 2728 2727 2744
f 2744 2727 2743
f 2745 2729 2728
f 2745 2728 2744
f 2746 2729 2745
f 2746 2730 2729
f 2746 2747 2730
f 2747 2731 2730
f 2747 2748 2731
f 2731 2748 2732
f 2748 2749 2732
f 2732 2749 2733
f 2749 2750 2733
f 2733 2750 2734
f 2750 2736 2734
f 2735 2751 2737
f 2752 2751 2735
f 2735 2736 2752
f 2752 2736 2750
f 2737 2751 2753
f 2738 2737 2754
f 2754 2737 2753
f 2739 2738 2755
f 2755 2738 2754
f 2740 2739 2756
f 2756 2739 2755
f 2741 2740 2757
f 2740 2756 2757
f 2742 2741 2758
f 2741 2757 2758
f 2742 2759 2743
f 2742 2758 2759
f 2743 2760 2744
f 2743 2759 2760
f 2744 2761 2745
f 2760 2761 2744
f 2761 2762 2745
f 2745 2762 2746
f 2762 2763 2746
f 2746 2763 2747
f 2763 2764 2747
f 2764 2748 2747
f 2764 2765 2748
f 2765 2749 2748
f 2765 2766 2749
f 2766 2750 2749
f 2752 2750 2766
f 2753 2751 2767
f 2767 2751 2768
f 2768 2751 2752
f 2766 2768 2752
f 2767 2769 2753
f 2753 2770 2754
f 2753 2769 2770
f 2755 2754 2771
f 2754 2770 2771
f 2756 2755 2772
f 2755 2771 2772
f 2757 2756 2773
f 2773 2756 2772
f 2758 2757 2774
f 2774 2757 2773
f 2759 2758 2775
f 2775 2758 2774
f 2760 2759 2776
f 2776 2759 2775
f 2777 2761 2760
f 2777 2760 2776
f 2778 2761 2777
f 2778 2762 2761
f 2778 2779 2762
f 2779 2763 2762
f 2779 2780 2763
f 2763 2780 2764
f 2780 2781 2764
f 2764 2781 2765
f 2781 2782 2765
f 2765 2782 2766
f 2782 2768 2766
f 2767 2783 2769
f 2784 2783 2767
f 2767 2768 2784
f 2784 2768 2782
f 2769 2783 2785
f 2770 2769 2786
f 2786 2769 2785
f 2771 2770 2787
f 2787 2770 2786
f 2772 2771 2788
f 2788 2771 2787
f 2773 2772 2789
f 2772 2788 2789
f 2774 2773 2790
f 2773 2789 2790
f 2774 2791 2775
f 2774 2790 2791
f 2775 2792 2776
f 2775 2791 2792
f 2776 2793 2777
f 2792 2793 2776
f 2793 2794 2777
f 2777 2794 2778
f 2794 2795 2778
f 2778 2795 2779
f 2795 2796 2779
f 2796 2780 2779
f 2796 2797 2780
f 2797 2781 2780
f 2797 2798 2781
f 2798 2782 2781
f 2784 2782 2798
f 2785 2783 2799
f 2799 2783 2800
f 2800 2783 2784
f 2798 2800 2784
f 2799 2801 2785
f 2785 2802 2786
f 2785 2801 2802
f 2787 2786 2803
f 2786 2802 2803
f 2788 2787 2804
f 2787 2803 2804
f 2789 2788 2805
f 2805 2788 2804
f 2790 2789 2806
f 2806 2789 2805
f 2791 2790 2807
f 2807 2790 2806
f 2792 2791 2808
f 2808 2791 2807
f 2809 2793 2792
f 2809 2792 2808
f 2810 2793 2809
f 2810 2794 2793
f 2810 2811 2794
f 2811 2795 2794
f 2811 2812 2795
f 2795 2812 2796
f 2812 2813 2796
f 2796 2813 2797
f 2813 2814 2797
f 2797 2814 2798
f 2814 2800 2798
f 2799 2815 2801
f 2816 2815 2799
f 2799 2800 2816
f 2816 2800 2814
f 2801 2815 2817
f 2802 2801 2818
f 2818 2801 2817
f 2803 2802 2819
f 2819 2802 2818
f 2804 2803 2820
f 2820 2803 2819
f 2805 2804 2821
f 2804 2820 2821
f 2806 2805 2822
f 2805 2821 2822
f 2806 2823 2807
f 2806 2822 2823
f 2807 2824 2808
f 2807 2823 2824
f 2808 2825 2809
f 2824 2825 2808
f 2825 2826 2809
f 2809 2826 2810
f 2826 2827 2810
f 2810 2827 2811
f 2827 2828 2811
f 2828 2812 2811
f 2828 2829 2812
f 2829 2813 2812
f 2829 2830 2813
f 2830 2814 2813
f 2816 2814 2830
f 2817 2815 2831
f 2831 2815 2832
f 2832 2815 2816
f 2830 2832 2816
f 2831 2833 2817
f 2817 2834 2818
f 2817 2833 2834
f 2819 2818 2835
f 2818 2834 2835
f 2820 2819 2836
f 2819 2835 2836
f 2821 2820 2837
f 2837 2820 2836
f 2822 2821 2838
f 2838 2821 2837
f 2823 2822 2839
f 2839 2822 2838
f 2824 2823 2840
f 2840 2823 2839
f 2841 2825 2824
f 2841 2824 2840
f 2842 2825 2841
f 2842 2826 2825
f 2842 2843 2826
f 2843 2827 2826
f 2843 2844 2827
f 2827 2844 2828
f 2844 2845 2828
f 2828 2845 2829
f 2845 2846 2829
f 2829 2846 2830
f 2846 2832 2830
f 2831 2847 2833
f 2848 2847 2831
f 2831 2832 2848
f 2848 2832 2846
f 2833 2847 2849
f 2834 2833 2850
f 2850 2833 2849
f 2835 2834 2851
f 2851 2834 2850
f 2836 2835 2852
f 2852 2835 2851
f 2837 2836 2853
f 2836 2852 2853
f 2838 2837 2854
f 2837 2853 2854
f 2838 2855 2839
f 2838 2854 2855
f 2839 2856 2840
f 2839 2855 2856
f 2840 2857 2841
f 2856 2857 2840
f 2857 2858 2841
f 2841 2858 2842
f 2858 2859 2842
f 2842 2859 2843
f 2859 2860 2843
f 2860 2844 2843
f 2860 2861 2844
f 2861 2845 2844
f 2861 2862 2845
f 2862 2846 2845
f 2848 2846 2862
f 2849 2847 2863
f 2863 2847 2864
f 2864 2847 2848
f 2862 2864 2848
f 2863 2865 2849
f 2849 2866 2850
f 2849 2865 2866
f 2851 2850 2867
f 2850 2866 2867
f 2852 2851 2868
f 2851 2867 2868
f 2853 2852 2869
f 2869 2852 2868
f 2854 2853 2870
f 2870 2853 2869
f 2855 2854 2871
f 2871 2854 2870
f 2856 2855 2872
f 2872 2855 2871
f 2873 2857 2856
f 2873 2856 2872
f 2874 2857 2873
f 2874 2858 2857
f 2874 2875 2858
f 2875 2859 2858
f 2875 2876 2859
f 2859 2876 2860
f 2876 2877 2860
f 2860 2877 2861
f 2877 2878 2861
f 2861 2878 2862
f 2878 2864 2862
f 2863 2879 2865
f 2880 2879 2863
f 2863 2864 2880
f 2880 2864 2878
f 2865 2879 2881
f 2866 2865 2882
f 2882 2865 2881
f 2867 2866 2883
f 2883 2866 2882
f 2868 2867 2884
f 2884 2867 2883
f 2869 2868 2885
f 2868 2884 2885
f 2870 2869 2886
f 2869 2885 2886
f 2870 2887 2871
f 2870 2886 2887
f 2871 2888 2872
f 2871 2887 2888
f 2872 2889 2873
f 2888 2889 2872
f 2889 2890 2873
f 2873 2890 2874
f 2890 2891 2874
f 2874 2891 2875
f 2891 2892 2875
f 2892 2876 2875
f 2892 2893 2876
f 2893 2877 2876
f 2893 2894 2877
f 2894 2878 2877
f 2880 2878 2894
f 2881 2879 2895
f 2895 2879 2896
f 2896 2879 2880
f 2894 2896 2880
f 2895 2897 2881
f 2881 2898 2882
f 2881 2897 2898
f 2883 2882 2899
f 2882 2898 2899
f 2884 2883 2900
f 2883 2899 2900
f 2885 2884 2901
f 2901 2884 2900
f 2886 2885 2902
f 2902 2885 2901
f 2887 2886 2903
f 2903 2886 2902
f 2888 2887 2904
f 2904 2887 2903
f 2905 2889 2888
f 2905 2888 2904
f 2906 2889 2905
f 2906 2890 2889
f 2906 2907 2890
f 2907 2891 2890
f 2907 2908 2891
f 2891 2908 2892
f 2908 2909 2892
f 2892 2909 2893
f 2909 2910 2893
f 2893 2910 2894
f 2910 2896 2894
f 2895 2911 2897
f 2912 2911 2895
f 2895 2896 2912
f 2912 2896 2910
f 2897 2911 2913
f 2898 2897 2914
f 2914 2897 2913
f 2899 2898 2915
f 2915 2898 2914
f 2900 2899 2916
f 2916 2899 2915
f 2901 2900 2917
f 2900 2916 2917
f 2902 2901 2918
f 2901 2917 2918
f 2902 2919 2903
f 2902 2918 2919
f 2903 2920 2904
f 2903 2919 2920
f 2904 2921 2905
f 2920 2921 2904
f 2921 2922 2905
f 2905 2922 2906
f 2922 2923 2906
f 2906 2923 2907
f 2923 2924 2907
f 2924 2908 2907
f 2924 2925 2908
f 2925 2909 2908
f 2925 2926 2909
f 2926 2910 2909
f 2912 2910 2926
f 2913 2911 2927
f 2927 2911 2928
f 2928 2911 2912
f 2926 2928 2912
f 2927 2929 2913
f 2913 2930 2914
f 2913 2929 2930
f 2915 2914 2931
f 2914 2930 2931
f 2916 2915 2932
f 2915 2931 2932
f 2917 2916 2933
f 2933 2916 2932
f 2918 2917 2934
f 2934 2917 2933
f 2919 2918 2935
f 2935 2918 2934
f 2920 2919 2936
f 2936 2919 2935
f 2937 2921 2920
f 2937 2920 2936
f 2938 2921 2937
f 2938 2922 2921
f 2938 2939 2922
f 2939 2923 2922
f 2939 2940 2923
f 2923 2940 2924
f 2940 2941 2924
f 2924 2941 2925
f 2941 2942 2925
f 2925 2942 2926
f 2942 2928 2926
f 2927 2943 2929
f 2944 2943 2927
f 2927 2928 2944
f 2944 2928 2942
f 2929 2943 2945
f 2930 2929 2946
f 2946 2929 2945
f 2931 2930 2947
f 2947 2930 2946
f 2932 2931 2948
f 2948 2931 2947
f 2933 2932 2949
f 2932 2948 2949
f 2934 2933 2950
f 2933 2949 2950
f 2934 2951 2935
f 2934 2950 2951
f 2935 2952 2936
f 2935 2951 2952
f 2936 2953 2937
f 2952 2953 2936
f 2953 2954 2937
f 2937 2954 2938
f 2954 2955 2938
f 2938 2955 2939
f 2955 2956 2939
f 2956 2940 2939
f 2956 2957 2940
f 2957 2941 2940
f 2957 2958 2941
f 2958 2942 2941
f 2944 2942 2958
f 2945 2943 2959
f 2959 2943 2960
f 2960 2943 2944
f 2958 2960 2944
f 2959 2961 2945
f 2945 2962 2946
f 2945 2961 2962
f 2947 2946 2963
f 2946 2962 2963
f 2948 2947 2964
f 2947 2963 2964
f 2949 2948 2965
f 2965 2948 2964
f 2950 2949 2966
f 2966 2949 2965
f 2951 2950 2967
f 2967 2950 2966
f 2952 2951 2968
f 2968 2951 2967
f 2969 2953 2952
f 2969 2952 2968
f 2970 2953 2969
f 2970 2954 2953
f 2970 2971 2954
f 2971 2955 2954
f 2971 2972 2955
f 2955 2972 2956
f 2972 2973 2956
f 2956 2973 2957
f 2973 2974 2957
f 2957 2974 2958
f 2974 2960 2958
f 2959 2975 2961
f 2976 2975 2959
f 2959 2960 2976
f 2976 2960 2974
f 2961 2975 2977
f 2962 2961 2978
f 2978 2961 2977
f 2963 2962 2979
f 2979 2962 2978
f 2964 2963 2980
f 2980 2963 2979
f 2965 2964 2981
f 2964 2980 2981
f 2966 2965 2982
f 2965 2981 2982
f 2966 2983 2967
f 2966 2982 2983
f 2967 2984 2968
f 2967 2983 2984
f 2968 2985 2969
f 2984 2985 2968
f 2985 2986 2969
f 2969 2986 2970
f 2986 2987 2970
f 2970 2987 2971
f 2987 2988 2971
f 2988 2972 2971
f 2988 2989 2972
f 2989 2973 2972
f 2989 2990 2973
f 2990 2974 2973
f 2976 2974 2990
f 2977 2975 2991
f 2991 2975 2992
f 2992 2975 2976
f 2990 2992 2976
f 2991 2993 2977
f 2977 2994 2978
f 2977 2993 2994
f 2979 2978 2995
f 2978 2994 2995
f 2980 2979 2996
f 2979 2995 2996
f 2981 2980 2997
f 2997 2980 2996
f 2982 2981 2998
f 2998 2981 2997
f 2983 2982 2999
f 2999 2982 2998
f 2984 2983 3000
f 3000 2983 2999
f 3001 2985 2984
f 3001 2984 3000
f 3002 2985 3001
f 3002 2986 2985
f 3002 3003 2986
f 3003 2987 2986
f 3003 3004 2987
f 2987 3004 2988
f 3004 3005 2988
f 2988 3005 2989
f 3005 3006 2989
f 2989 3006 2990
f 3006 2992 2990
f 2991 3007 2993
f 3008 3007 2991
f 2991 2992 3008
f 3008 2992 3006
f 2993 3007 3009
f 2994 2993 3010
f 3010 2993 3009
f 2995 2994 3011
f 3011 2994 3010
f 2996 2995 3012
f 3012 2995 3011
f 2997 2996 3013
f 2996 3012 3013
f 2998 2997 3014
f 2997 3013 3014
f 2998 3015 2999
f 2998 3014 3015
f 2999 3016 3000
f 2999 3015 3016
f 3000 3017 3001
f 3016 3017 3000
f 3017 3018 3001
f 3001 3018 3002
f 3018 3019 3002
f 3002 3019 3003
f 3019 3020 3003
f 3020 3004 3003
f 3020 3021 3004
f 3021 3005 3004
f 3021 3022 3005
f 3022 3006 3005
f 3008 3006 3022
f 3009 3007 3023
f 3023 3007 3024
f 3024 3007 3008
f 3022 3024 3008
f 3023 3025 3009
f 3009 3026 3010
f 3009 3025 3026
f 3011 3010 3027
f 3010 3026 3027
f 3012 3011 3028
f 3011 3027 3028
f 3013 3012 3029
f 3029 3012 3028
f 3014 3013 3030
f 3030 3013 3029
f 3015 3014 3031
f 3031 3014 3030
f 3016 3015 3032
f 3032 3015 3031
f 3033 3017 3016
f 3033 3016 3032
f 3034 3017 3033
f 3034 3018 3017
f 3034 3035 3018
f 3035 3019 3018
f 3035 3036 3019
f 3019 3036 3020
f 3036 3037 3020
f 3020 3037 3021
f 3037 3038 3021
f 3021 3038 3022
f 3038 3024 3022
f 3023 3039 3025
f 3040 3039 3023
f 3023 3024 3040
f 3040 3024 3038
f 3025 3039 3041
f 3026 3025 3042
f 3042 3025 3041
f 3027 3026 3043
f 3043 3026 3042
f 3028 3027 3044
f 3044 3027 3043
f 3029 3028 3045
f 3028 3044 3045
f 3030 3029 3046
f 3029 3045 3046
f 3030 3047 3031
f 3030 3046 3047
f 3031 3048 3032
f 3031 3047 3048
f 3032 3049 3033
f 3048 3049 3032
f 3049 3050 3033
f 3033 3050 3034
f 3050 3051 3034
f 3034 3051 3035
f 3051 3052 3035
f 3052 3036 3035
f 3052 3053 3036
f 3053 3037 3036
f 3053 3054 3037
f 3054 3038 3037
f 3040 3038 3054
f 3041 3039 3055
f 3055 3039 3056
f 3056 3039 3040
f 3054 3056 3040
f 3055 3057 3041
f 3041 3058 3042
f 3041 3057 3058
f 3043 3042 3059
f 3042 3058 3059
f 3044 3043 3060
f 3043 3059 3060
f 3045 3044 3061
f 3061 3044 3060
f 3046 3045 3062
f 3062 3045 3061
f 3047 3046 3063
f 3063 3046 3062
f 3048 3047 3064
f 3064 3047 3063
f 3065 3049 3048
f 3065 3048 3064
f 3066 3049 3065
f 3066 3050 3049
f 3066 3067 3050
f 3067 3051 3050
f 3067 3068 3051
f 3051 3068 3052
f 3068 3069 3052
f 3052 3069 3053
f 3069 3070 3053
f 3053 3070 3054
f 3070 3056 3054
f 3055 3071 3057
f 3072 3071 3055
f 3055 3056 3072
f 3072 3056 3070
f 3057 3071 3073
f 3058 3057 3074
f 3074 3057 3073
f 3059 3058 3075
f 3075 3058 3074
f 3060 3059 3076
f 3076 3059 3075
f 3061 3060 3077
f 3060 3076 3077
f 3062 3061 3078
f 3061 3077 3078
f 3062 3079 3063
f 3062 3078 3079
f 3063 3080 3064
f 3063 3079 3080
f 3064 3081 3065
f 3080 3081 3064
f 3081 3082 3065
f 3065 3082 3066
f 3082 3083 3066
f 3066 3083 3067
f 3083 3084 3067
f 3084 3068 3067
f 3084 3085 3068
f 3085 3069 3068
f 3085 3086 3069
f 3086 3070 3069
f 3072 3070 3086
f 3073 3071 3087
f 3087 3071 3088
f 3088 3071 3072
f 3086 3088 3072
f 3087 3089 3073
f 3073 3090 3074
f 3073 3089 3090
f 3075 3074 3091
f 3074 3090 3091
f 3076 3075 3092
f 3075 3091 3092
f 3077 3076 3093
f 3093 3076 3092
f 3078 3077 3094
f 3094 3077 3093
f 3079 3078 3095
f 3095 3078 3094
f 3080 3079 3096
f 3096 3079 3095
f 3097 3081 3080
f 3097 3080 3096
f 3098 3081 3097
f 3098 3082 3081
f 3098 3099 3082
f 3099 3083 3082
f 3099 3100 3083
f 3083 3100 3084
f 3100 3101 3084
f 3084 3101 3085
f 3101 3102 3085
f 3085 3102 3086
f 3102 3088 3086
f 3087 3103 3089
f 3104 3103 3087
f 3087 3088 3104
f 3104 3088 3102
f 3089 3103 3105
f 3090 3089 3106
f 3106 3089 3105
f 3091 3090 3107
f 3107 3090 3106
f 3092 3091 3108
f 3108 3091 3107
f 3093 3092 3109
f 3092 3108 3109
f 3094 3093 3110
f 3093 3109 3110
f 3094 3111 3095
f 3094 3110 3111
f 3095 3112 3096
f 3095 3111 3112
f 3096 3113 3097
f 3112 3113 3096
f 3113 3114 3097
f 3097 3114 3098
f 3114 3115 3098
f 3098 3115 3099
f 3115 3116 3099
f 3116 3100 3099
f 3116 3117 3100
f 3117 3101 3100
f 3117 3118 3101
f 3118 3102 3101
f 3104 3102 3118
f 3105 3103 3119
f 3119 3103 3120
f 3120 3103 3104
f 3118 3120 3104
f 3119 3121 3105
f 3105 3122 3106
f 3105 3121 3122
f 3107 3106 3123
f 3106 3122 3123
f 3108 3107 3124
f 3107 3123 3124
f 3109 3108 3125
f 3125 3108 3124
f 3110 3109 3126
f 3126 3109 3125
f 3111 3110 3127
f 3127 3110 3126
f 3112 3111 3128
f 3128 3111 3127
f 3129 3113 3112
f 3129 3112 3128
f 3130 3113 3129
f 3130 3114 3113
f 3130 3131 3114
f 3131 3115 3114
f 3131 3132 3115
f 3115 3132 3116
f 3132 3133 3116
f 3116 3133 3117
f 3133 3134 3117
f 3117 3134 3118
f 3134 3120 3118
f 3119 3135 3121
f 3136 3135 3119
f 3119 3120 3136
f 3136 3120 3134
f 3121 3135 3137
f 3122 3121 3138
f 3138 3121 3137
f 3123 3122 3139
f 3139 3122 3138
f 3124 3123 3140
f 3140 3123 3139
f 3125 3124 3141
f 3124 3140 3141
f 3126 3125 3142
f 3125 3141 3142
f 3126 3143 3127
f 3126 3142 3143
f 3127 3144 3128
f 3127 3143 3144
f 3128 3145 3129
f 3144 3145 3128
f 3145 3146 3129
f 3129 3146 3130
f 3146 3147 3130
f 3130 3147 3131
f 3147 3148 3131
f 3148 3132 3131
f 3148 3149 3132
f 3149 3133 3132
f 3149 3150 3133
f 3150 3134 3133
f 3136 3134 3150
f 3137 3135 3151
f 3151 3135 3152
f 3152 3135 3136
f 3150 3152 3136
f 3151 3153 3137
f 3137 3154 3138
f 3137 3153 3154
f 3139 3138 3155
f 3138 3154 3155
f 3140 3139 3156
f 3139 3155 3156
f 3141 3140 3157
f 3157 3140 3156
f 3142 3141 3158
f 3158 3141 3157
f 3143 3142 3159
f 3159 3142 3158
f 3144 3143 3160
f 3160 3143 3159
f 3161 3145 3144
f 3161 3144 3160
f 3162 3145 3161
f 3162 3146 3145
f 3162 3163 3146
f 3163 3147 3146
f 3163 3164 3147
f 3147 3164 3148
f 3164 3165 3148
f 3148 3165 3149
f 3165 3166 3149
f 3149 3166 3150
f 3166 3152 3150
f 3151 3167 3153
f 3168 3167 3151
f 3151 3152 3168
f 3168 3152 3166
f 3153 3167 3169
f 3154 3153 3170
f 3170 3153 3169
f 3155 3154 3171
f 3171 3154 3170
f 3156 3155 3172
f 3172 3155 3171
f 3157 3156 3173
f 3156 3172 3173
f 3158 3157 3174
f 3157 3173 3174
f 3158 3175 3159
f 3158 3174 3175
f 3159 3176 3160
f 3159 3175 3176
f 3160 3177 3161
f 3176 3177 3160
f 3177 3178 3161
f 3161 3178 3162
f 3178 3179 3162
f 3162 3179 3163
f 3179 3180 3163
f 3180 3164 3163
f 3180 3181 3164
f 3181 3165 3164
f 3181 3182 3165
f 3182 3166 3165
f 3168 3166 3182
f 3169 3167 3183
f 3183 3167 3184
f 3184 3167 3168
f 3182 3184 3168
f 3183 3185 3169
f 3169 3186 3170
f 3169 3185 3186
f 3171 3170 3187
f 3170 3186 3187
f 3172 3171 3188
f 3171 3187 3188
f 3173 3172 3189
f 3189 3172 3188
f 3174 3173 3190
f 3190 3173 3189
f 3175 3174 3191
f 3191 3174 3190
f 3176 3175 3192
f 3192 3175 3191
f 3193 3177 3176
f 3193 3176 3192
f 3194 3177 3193
f 3194 3178 3177
f 3194 3195 3178
f 3195 3179 3178
f 3195 3196 3179
f 3179 3196 3180
f 3196 3197 3180
f 3180 3197 3181
f 3197 3198 3181
f 3181 3198 3182
f 3198 3184 3182
f 3183 3199 3185
f 3200 3199 3183
f 3183 3184 3200
f 3200 3184 3198
f 3185 3199 3201
f 3186 3185 3202
f 3202 3185 3201
f 3187 3186 3203
f 3203 3186 3202
f 3188 3187 3204
f 3204 3187 3203
f 3189 3188 3205
f 3188 3204 3205
f 3190 3189 3206
f 3189 3205 3206
f 3190 3207 3191
f 3190 3206 3207
f 3191 3208 3192
f 3191 3207 3208
f 3192 3209 3193
f 3208 3209 3192
f 3209 3210 3193
f 3193 3210 3194
f 3210 3211 3194
f 3194 3211 3195
f 3211 3212 3195
f 3212 3196 3195
f 3212 3213 3196
f 3213 3197 3196
f 3213 3214 3197
f 3214 3198 3197
f 3200 3198 3214
f 3201 3199 3215
f 3215 3199 3216
f 3216 3199 3200
f 3214 3216 3200
f 3215 3217 3201
f 3201 3218 3202
f 3201 3217 3218
f 3203 3202 3219
f 3202 3218 3219
f 3204 3203 3220
f 3203 3219 3220
f 3205 3204 3221
f 3221 3204 3220
f 3206 3205 3222
f 3222 3205 3221
f 3207 3206 3223
f 3223 3206 3222
f 3208 3207 3224
f 3224 3207 3223
f 3225 3209 3208
f 3225 3208 3224
f 3226 3209 3225
f 3226 3210 3209
f 3226 3227 3210
f 3227 3211 3210
f 3227 3228 3211
f 3211 3228 3212
f 3228 3229 3212
f 3212 3229 3213
f 3229 3230 3213
f 3213 3230 3214
f 3230 3216 3214
f 3215 3231 3217
f 3232 3231 3215
f 3215 3216 3232
f 3232 3216 3230
f 3217 3231 3233
f 3218 3217 3234
f 3234 3217 3233
f 3219 3218 3235
f 3235 3218 3234
f 3220 3219 3236
f 3236 3219 3235
f 3221 3220 3237
f 3220 3236 3237
f 3222 3221 3238
f 3221 3237 3238
f 3222 3239 3223
f 3222 3238 3239
f 3223 3240 3224
f 3223 3239 3240
f 3224 3241 3225
f 3240 3241 3224
f 3241 3242 3225
f 3225 3242 3226
f 3242 3243 3226
f 3226 3243 3227
f 3243 3244 3227
f 3244 3228 3227
f 3244 3245 3228
f 3245 3229 3228
f 3245 3246 3229
f 3246 3230 3229
f 3232 3230 3246
f 3233 3231 3247
f 3247 3231 3248
f 3248 3231 3232
f 3246 3248 3232
f 3247 3249 3233
f 3233 3250 3234
f 3233 3249 3250
f 3235 3234 3251
f 3234 3250 3251
f 3236 3235 3252
f 3235 3251 3252
f 3237 3236 3253
f 3253 3236 3252
f 3238 3237 3254
f 3254 3237 3253
f 3239 3238 3255
f 3255 3238 3254
f 3240 3239 3256
f 3256 3239 3255
f 3257 3241 3240
f 3257 3240 3256
f 3258 3241 3257
f 3258 3242 3241
f 3258 3259 3242
f 3259 3243 3242
f 3259 3260 3243
f 3243 3260 3244
f 3260 3261 3244
f 3244 3261 3245
f 3261 3262 3245
f 3245 3262 3246
f 3262 3248 3246
f 3247 3263 3249
f 3264 3263 3247
f 3247 3248 3264
f 3264 3248 3262
f 3249 3263 3265
f 3250 3249 3266
f 3266 3249 3265
f 3251 3250 3267
f 3267 3250 3266
f 3252 3251 3268
f 3268 3251 3267
f 3253 3252 3269
f 3252 3268 3269
f 3254 3253 3270
f 3253 3269 3270
f 3254 3271 3255
f 3254 3270 3271
f 3255 3272 3256
f 3255 3271 3272
f 3256 3273 3257
f 3272 3273 3256
f 3273 3274 3257
f 3257 3274 3258
f 3274 3275 3258
f 3258 3275 3259
f 3275 3276 3259
f 3276 3260 3259
f 3276 3277 3260
f 3277 3261 3260
f 3277 3278 3261
f 3278 3262 3261
f 3264 3262 3278
f 3265 3263 3279
f 3279 3263 3280
f 3280 3263 3264
f 3278 3280 3264
f 3279 3281 3265
f 3265 3282 3266
f 3265 3281 3282
f 3267 3266 3283
f 3266 3282 3283
f 3268 3267 3284
f 3267 3283 3284
f 3269 3268 3285
f 3285 3268 3284
f 3270 3269 3286
f 3286 3269 3285
f 3271 3270 3287
f 3287 3270 3286
f 3272 3271 3288
f 3288 3271 3287
f 3289 3273 3272
f 3289 3272 3288
f 3290 3273 3289
f 3290 3274 3273
f 3290 3291 3274
f 3291 3275 3274
f 3291 3292 3275
f 3275 3292 3276
f 3292 3293 3276
f 3276 3293 3277
f 3293 3294 3277
f 3277 3294 3278
f 3294 3280 3278
f 3279 3295 3281
f 3296 3295 3279
f 3279 3280 3296
f 3296 3280 3294
f 3281 3295 3297
f 3282 3281 3298
f 3298 3281 3297
f 3283 3282 3299
f 3299 3282 3298
f 3284 3283 3300
f 3300 3283 3299
f 3285 3284 3301
f 3284 3300 3301
f 3286 3285 3302
f 3285 3301 3302
f 3286 3303 3287
f 3286 3302 3303
f 3287 3304 3288
f 3287 3303 3304
f 3288 3305 3289
f 3304 3305 3288
f 3305 3306 3289
f 3289 3306 3290
f 3306 3307 3290
f 3290 3307 3291
f 3307 3308 3291
f 3308 3292 3291
f 3308 3309 3292
f 3309 3293 3292
f 3309 3310 3293
f 3310 3294 3293
f 3296 3294 3310
f 3297 3295 3311
f 3311 3295 3312
f 3312 3295 3296
f 3310 3312 3296
f 3311 3313 3297
f 3297 3314 3298
f 3297 3313 3314
f 3299 3298 3315
f 3298 3314 3315
f 3300 3299 3316
f 3299 3315 3316
f 3301 3300 3317
f 3317 3300 3316
f 3302 3301 3318
f 3318 3301 3317
f 3303 3302 3319
f 3319 3302 3318
f 3304 3303 3320
f 3320 3303 3319
f 3321 3305 3304
f 3321 3304 3320
f 3322 3305 3321
f 3322 3306 3305
f 3322 3323 3306
f 3323 3307 3306
f 3323 3324 3307
f 3307 3324 3308
f 3324 3325 3308
f 3308 3325 3309
f 3325 3326 3309
f 3309 3326 3310
f 3326 3312 3310
f 3311 3327 3313
f 3328 3327 3311
f 3311 3312 3328
f 3328 3312 3326
f 3313 3327 3329
f 3314 3313 3330
f 3330 3313 3329
f 3315 3314 3331
f 3331 3314 3330
f 3316 3315 3332
f 3332 3315 3331
f 3317 3316 3333
f 3316 3332 3333
f 3318 3317 3334
f 3317 3333 3334
f 3318 3335 3319
f 3318 3334 3335
f 3319 3336 3320
f 3319 3335 3336
f 3320 3337 3321
f 3336 3337 3320
f 3337 3338 3321
f 3321 3338 3322
f 3338 3339 3322
f 3322 3339 3323
f 3339 3340 3323
f 3340 3324 3323
f 3340 3341 3324
f 3341 3325 3324
f 3341 3342 3325
f 3342 3326 3325
f 3328 3326 3342
f 3329 3327 3343
f 3343 3327 3344
f 3344 3327 3328
f 3342 3344 3328
f 3343 3345 3329
f 3329 3346 3330
f 3329 3345 3346
f 3331 3330 3347
f 3330 3346 3347
f 3332 3331 3348
f 3331 3347 3348
f 3333 3332 3349
f 3349 3332 3348
f 3334 3333 3350
f 3350 3333 3349
f 3335 3334 3351
f 3351 3334 3350
f 3336 3335 3352
f 3352 3335 3351
f 3353 3337 3336
f 3353 3336 3352
f 3354 3337 3353
f 3354 3338 3337
f 3354 3355 3338
f 3355 3339 3338
f 3355 3356 3339
f 3339 3356 3340
f 3356 3357 3340
f 3340 3357 3341
f 3357 3358 3341
f 3341 3358 3342
f 3358 3344 3342
f 3343 3359 3345
f 3360 3359 3343
f 3343 3344 3360
f 3360 3344 3358
f 3345 3359 3361
f 3346 3345 3362
f 3362 3345 3361
f 3347 3346 3363
f 3363 3346 3362
f 3348 3347 3364
f 3364 3347 3363
f 3349 3348 3365
f 3348 3364 3365
f 3350 3349 3366
f 3349 3365 3366
f 3350 3367 3351
f 3350 3366 3367
f 3351 3368 3352
f 3351 3367 3368
f 3352 3369 3353
f 3368 3369 3352
f 3369 3370 3353
f 3353 3370 3354
f 3370 3371 3354
f 3354 3371 3355
f 3371 3372 3355
f 3372 3356 3355
f 3372 3373 3356
f 3373 3357 3356
f 3373 3374 3357
f 3374 3358 3357
f 3360 3358 3374
f 3361 3359 3375
f 3375 3359 3376
f 3376 3359 3360
f 3374 3376 3360
f 3375 3377 3361
f 3361 3378 3362
f 3361 3377 3378
f 3363 3362 3379
f 3362 3378 3379
f 3364 3363 3380
f 3363 3379 3380
f 3365 3364 3381
f 3381 3364 3380
f 3366 3365 3382
f 3382 3365 3381
f 3367 3366 3383
f 3383 3366 3382
f 3368 3367 3384
f 3384 3367 3383
f 3385 3369 3368
f 3385 3368 3384
f 3386 3369 3385
f 3386 3370 3369
f 3386 3387 3370
f 3387 3371 3370
f 3387 3388 3371
f 3371 3388 3372
f 3388 3389 3372
f 3372 3389 3373
f 3389 3390 3373
f 3373 3390 3374
f 3390 3376 3374
f 3375 3391 3377
f 3392 3391 3375
f 3375 3376 3392
f 3392 3376 3390
f 3377 3391 3393
f 3378 3377 3394
f 3394 3377 3393
f 3379 3378 3395
f 3395 3378 3394
f 3380 3379 3396
f 3396 3379 3395
f 3381 3380 3397
f 3380 3396 3397
f 3382 3381 3398
f 3381 3397 3398
f 3382 3399 3383
f 3382 3398 3399
f 3383 3400 3384
f 3383 3399 3400
f 3384 3401 3385
f 3400 3401 3384
f 3401 3402 3385
f 3385 3402 3386
f 3402 3403 3386
f 3386 3403 3387
f 3403 3404 3387
f 3404 3388 3387
f 3404 3405 3388
f 3405 3389 3388
f 3405 3406 3389
f 3406 3390 3389
f 3392 3390 3406
f 3393 3391 3407
f 3407 3391 3408
f 3408 3391 3392
f 3406 3408 3392
f 3407 3409 3393
f 3393 3410 3394
f 3393 3409 3410
f 3395 3394 3411
f 3394 3410 3411
f 3396 3395 3412
f 3395 3411 3412
f 3397 3396 3413
f 3413 3396 3412
f 3398 3397 3414
f 3414 3397 3413
f 3399 3398 3415
f 3415 3398 3414
f 3400 3399 3416
f 3416 3399 3415
f 3417 3401 3400
f 3417 3400 3416
f 3418 3401 3417
f 3418 3402 3401
f 3418 3419 3402
f 3419 3403 3402
f 3419 3420 3403
f 3403 3420 3404
f 3420 3421 3404
f 3404 3421 3405
f 3421 3422 3405
f 3405 3422 3406
f 3422 3408 3406
f 3407 3423 3409
f 3424 3423 3407
f 3407 3408 3424
f 3424 3408 3422
f 3409 3423 3425
f 3410 3409 3426
f 3426 3409 3425
f 3411 3410 3427
f 3427 3410 3426
f 3412 3411 3428
f 3428 3411 3427
f 3413 3412 3429
f 3412 3428 3429
f 3414 3413 3430
f 3413 3429 3430
f 3414 3431 3415
f 3414 3430 3431
f 3415 3432 3416
f 3415 3431 3432
f 3416 3433 3417
f 3432 3433 3416
f 3433 3434 3417
f 3417 3434 3418
f 3434 3435 3418
f 3418 3435 3419
f 3435 3436 3419
f 3436 3420 3419
f 3436 3437 3420
f 3437 3421 3420
f 3437 3438 3421
f 3438 3422 3421
f 3424 3422 3438
f 3425 3423 3439
f 3439 3423 3440
f 3440 3423 3424
f 3438 3440 3424
f 3441 3442 3439
f 3439 3442 3425
f 3443 3444 3425
f 3425 3444 3426
f 3442 3445 3425
f 3425 3445 3443
f 3426 3446 3427
f 3427 3446 3447
f 3444 3448 3426
f 3426 3448 3446
f 3427 3449 3428
f 3428 3449 3450
f 3447 3451 3427
f 3427 3451 3449
f 3428 3452 3429
f 3429 3452 3453
f 3428 3450 3452
f 3452 3450 3454
f 3429 3455 3430
f 3430 3455 3456
f 3429 3457 3455
f 3429 3453 3457
f 3430 3458 3431
f 3431 3458 3459
f 3430 3456 3458
f 3458 3456 3460
f 3432 3431 3461
f 3431 3459 3462
f 3431 3462 3463
f 3431 3463 3461
f 3464 3461 3463
f 3465 3433 3432
f 3465 3432 3461
f 3466 3433 3465
f 3466 3434 3433
f 3466 3467 3434
f 3467 3435 3434
f 3467 3468 3435
f 3435 3468 3436
f 3468 3469 3436
f 3436 3469 3437
f 3469 3470 3437
f 3437 3470 3438
f 3470 3440 3438
f 3471 3472 3439
f 3439 3472 3441
f 3471 3439 3473
f 3473 3439 3474
f 3439 3440 3474
f 3474 3440 3470
f 3472 3475 3441
f 3441 3475 3442
f 3445 3442 3475
f 3476 3445 3475
f 3443 3445 3476
f 3444 3443 3476
f 3448 3444 3476
f 3477 3448 3476
f 3446 3448 3477
f 3447 3446 3477
f 3447 3477 3451
f 3451 3477 3478
f 3451 3478 3449
f 3449 3478 3450
f 3478 3479 3450
f 3450 3479 3454
f 3454 3479 3452
f 3452 3479 3453
f 3453 3479 3480
f 3457 3453 3480
f 3455 3457 3480
f 3456 3455 3480
f 3456 3480 3481
f 3460 3456 3481
f 3458 3481 3459
f 3460 3481 3458
f 3459 3481 3482
f 3462 3459 3482
f 3461 3464 3483
f 3461 3484 3465
f 3483 3484 3461
f 3482 3484 3483
f 3464 3463 3483
f 3462 3482 3483
f 3463 3462 3483
f 3484 3485 3465
f 3465 3485 3466
f 3485 3486 3466
f 3466 3486 3467
f 3486 3487 3467
f 3487 3468 3467
f 3487 3488 3468
f 3488 3469 3468
f 3488 3489 3469
f 3489 3470 3469
f 3474 3470 3489
f 3471 3490 3472
f 3472 3490 3475
f 3471 3473 3490
f 3490 3473 3491
f 3473 3474 3491
f 3491 3474 3492
f 3492 3474 3493
f 3493 3474 3489
f 3493 3489 3494
f 3475 3490 3495
f 3496 3475 3497
f 3497 3475 3495
f 3498 3475 3496
f 3499 3475 3498
f 3500 3475 3499
f 3501 3475 3500
f 3482 3475 3501
f 3481 3475 3482
f 3480 3475 3481
f 3479 3475 3480
f 3478 3475 3479
f 3477 3475 3478
f 3476 3475 3477
f 3502 3484 3482
f 3503 3502 3482
f 3482 3501 3503
f 3504 3484 3502
f 3485 3484 3505
f 3506 3484 3504
f 3505 3484 3506
f 3505 3507 3485
f 3486 3485 3508
f 3508 3485 3507
f 3508 3507 3509
f 3508 3510 3486
f 3511 3512 3487
f 3510 3511 3486
f 3486 3511 3487
f 3512 3513 3487
f 3514 3515 3488
f 3513 3514 3487
f 3487 3514 3488
f 3515 3516 3488
f 3517 3489 3518
f 3518 3489 3488
f 3518 3488 3516
f 3517 3494 3489
f 3491 3492 3490
f 3490 3492 3495
f 3495 3492 3493
f 3495 3493 3494
f 3517 3495 3494
f 3517 3497 3495
f 3503 3501 3502
f 3501 3500 3506
f 3502 3501 3504
f 3504 3501 3506
f 3506 3500 3505
f 3500 3499 3509
f 3505 3500 3507
f 3507 3500 3509
f 3509 3499 3508
f 3499 3498 3511
f 3508 3499 3510
f 3510 3499 3511
f 3498 3512 3511
f 3498 3496 3514
f 3512 3498 3513
f 3513 3498 3514
f 3496 3515 3514
f 3496 3497 3518
f 3515 3496 3516
f 3516 3496 3518
f 3497 3517 3518
f 3519 3520 3521
f 3521 3520 3522
f 3522 3520 3523
f 3523 3520 3524
f 3524 3520 3525
f 3525 3520 3519
f 3521 3526 3519
f 3527 3525 3519
f 3519 3528 3527
f 3519 3526 3528
f 3521 3529 3526
f 3530 3529 3521
f 3521 3522 3530
f 3530 3522 3531
f 3531 3522 3532
f 3532 3522 3523
f 3523 3533 3534
f 3532 3523 3534
f 3523 3535 3536
f 3533 3523 3536
f 3537 3535 3524
f 3524 3535 3523
f 3538 3539 3524
f 3524 3539 3537
f 3538 3524 3540
f 3540 3524 3541
f 3524 3525 3541
f 3541 3525 3542
f 3542 3525 3527
f 3526 3529 3543
f 3528 3526 3544
f 3544 3526 3543
f 3545 3542 3527
f 3545 3527 3546
f 3527 3528 3546
f 3546 3528 3547
f 3547 3528 3544
f 3543 3529 3548
f 3548 3529 3549
f 3549 3529 3530
f 3550 3549 3530
f 3530 3531 3550
f 3550 3531 3551
f 3551 3531 3552
f 3552 3531 3532
f 3552 3532 3553
f 3554 3552 3553
f 3532 3534 3555
f 3553 3532 3555
f 3534 3556 3555
f 3555 3556 3557
f 3536 3556 3533
f 3533 3556 3534
f 3535 3558 3536
f 3536 3558 3559
f 3536 3559 3560
f 3536 3560 3561
f 3561 3562 3536
f 3536 3562 3556
f 3539 3558 3537
f 3537 3558 3535
f 3538 3563 3539
f 3539 3563 3558
f 3538 3540 3563
f 3563 3540 3564
f 3564 3540 3541
f 3565 3564 3541
f 3566 3565 3541
f 3567 3566 3568
f 3568 3566 3541
f 3541 3542 3568
f 3568 3542 3569
f 3569 3542 3545
f 3548 3570 3543
f 3543 3571 3544
f 3543 3570 3571
f 3547 3544 3572
f 3544 3571 3572
f 3573 3569 3545
f 3573 3545 3574
f 3545 3546 3574
f 3574 3546 3575
f 3575 3546 3547
f 3575 3547 3576
f 3547 3572 3576
f 3548 3577 3570
f 3578 3577 3548
f 3548 3549 3578
f 3578 3549 3579
f 3579 3549 3550
f 3580 3579 3550
f 3580 3550 3551
f 3580 3551 3581
f 3581 3551 3582
f 3582 3551 3552
f 3582 3552 3583
f 3584 3582 3583
f 3552 3554 3585
f 3583 3552 3585
f 3585 3554 3557
f 3586 3585 3587
f 3587 3585 3557
f 3588 3585 3586
f 3589 3585 3588
f 3590 3585 3589
f 3555 3557 3553
f 3553 3557 3554
f 3562 3587 3556
f 3556 3587 3557
f 3562 3591 3592
f 3562 3561 3593
f 3594 3586 3592
f 3586 3587 3592
f 3593 3591 3562
f 3587 3562 3592
f 3561 3560 3593
f 3595 3591 3563
f 3559 3591 3593
f 3563 3591 3559
f 3559 3593 3560
f 3558 3563 3559
f 3595 3563 3596
f 3596 3563 3597
f 3596 3597 3598
f 3596 3598 3599
f 3597 3563 3600
f 3564 3565 3563
f 3563 3565 3600
f 3600 3565 3566
f 3566 3567 3600
f 3600 3567 3601
f 3602 3601 3603
f 3604 3601 3602
f 3598 3601 3604
f 3600 3601 3598
f 3597 3600 3598
f 3601 3567 3568
f 3605 3601 3568
f 3606 3605 3607
f 3607 3605 3568
f 3607 3568 3569
f 3607 3569 3608
f 3608 3569 3573
f 3570 3577 3609
f 3571 3570 3610
f 3610 3570 3609
f 3572 3571 3611
f 3611 3571 3610
f 3576 3572 3612
f 3612 3572 3611
f 3608 3573 3613
f 3613 3573 3614
f 3614 3573 3574
f 3614 3574 3615
f 3574 3575 3615
f 3615 3575 3616
f 3616 3575 3576
f 3616 3576 3617
f 3576 3612 3617
f 3609 3577 3618
f 3618 3577 3619
f 3619 3577 3578
f 3620 3619 3578
f 3578 3579 3620
f 3620 3579 3621
f 3621 3579 3580
f 3622 3621 3580
f 3622 3580 3581
f 3622 3581 3623
f 3623 3581 3624
f 3624 3581 3582
f 3624 3582 3625
f 3626 3624 3625
f 3582 3584 3627
f 3625 3582 3627
f 3627 3584 3590
f 3628 3627 3629
f 3629 3627 3590
f 3630 3627 3628
f 3631 3627 3630
f 3632 3627 3631
f 3583 3585 3590
f 3584 3583 3590
f 3590 3589 3629
f 3589 3592 3633
f 3589 3588 3594
f 3634 3628 3633
f 3628 3629 3633
f 3594 3592 3589
f 3629 3589 3633
f 3588 3586 3594
f 3595 3596 3591
f 3591 3596 3635
f 3591 3635 3636
f 3591 3636 3637
f 3591 3637 3638
f 3591 3638 3639
f 3591 3639 3633
f 3591 3633 3592
f 3640 3635 3602
f 3596 3599 3602
f 3596 3602 3635
f 3635 3640 3641
f 3635 3641 3642
f 3602 3599 3604
f 3599 3598 3604
f 3602 3603 3640
f 3640 3603 3643
f 3603 3605 3643
f 3643 3605 3606
f 3643 3606 3644
f 3603 3601 3605
f 3644 3606 3607
f 3644 3607 3645
f 3645 3607 3646
f 3645 3646 3647
f 3646 3607 3608
f 3648 3646 3608
f 3648 3608 3613
f 3618 3649 3609
f 3609 3650 3610
f 3609 3649 3650
f 3611 3610 3651
f 3610 3650 3651
f 3612 3611 3652
f 3611 3651 3652
f 3617 3612 3653
f 3653 3612 3652
f 3648 3613 3654
f 3654 3613 3655
f 3655 3613 3614
f 3655 3614 3656
f 3614 3615 3656
f 3656 3615 3657
f 3657 3615 3616
f 3657 3616 3658
f 3616 3617 3658
f 3658 3617 3659
f 3659 3617 3653
f 3618 3660 3649
f 3661 3660 3618
f 3618 3619 3661
f 3661 3619 3662
f 3662 3619 3620
f 3663 3662 3620
f 3663 3620 3621
f 3663 3621 3664
f 3664 3621 3622
f 3665 3664 3622
f 3665 3622 3623
f 3666 3665 3623
f 3666 3623 3667
f 3623 3624 3667
f 3667 3624 3668
f 3669 3667 3668
f 3670 3624 3626
f 3668 3624 3670
f 3632 3671 3626
f 3626 3671 3670
f 3625 3627 3632
f 3626 3625 3632
f 3631 3672 3632
f 3632 3672 3671
f 3631 3633 3639
f 3631 3630 3634
f 3673 3674 3639
f 3674 3672 3639
f 3634 3633 3631
f 3672 3631 3639
f 3630 3628 3634
f 3675 3639 3638
f 3675 3676 3673
f 3673 3639 3675
f 3677 3675 3638
f 3678 3637 3679
f 3678 3677 3638
f 3638 3637 3678
f 3680 3678 3679
f 3681 3637 3682
f 3636 3683 3682
f 3636 3682 3637
f 3637 3681 3684
f 3637 3684 3679
f 3682 3683 3685
f 3686 3636 3687
f 3635 3642 3687
f 3635 3687 3636
f 3636 3686 3688
f 3636 3688 3683
f 3687 3642 3689
f 3642 3641 3689
f 3643 3645 3640
f 3641 3645 3647
f 3687 3690 3691
f 3689 3690 3687
f 3640 3645 3641
f 3641 3647 3690
f 3641 3690 3689
f 3643 3644 3645
f 3690 3647 3646
f 3646 3692 3690
f 3693 3692 3694
f 3690 3692 3693
f 3692 3646 3648
f 3695 3692 3648
f 3695 3648 3654
f 3649 3660 3696
f 3650 3649 3697
f 3697 3649 3696
f 3651 3650 3698
f 3698 3650 3697
f 3652 3651 3699
f 3699 3651 3698
f 3653 3652 3700
f 3652 3699 3700
f 3659 3653 3701
f 3653 3700 3701
f 3695 3654 3702
f 3702 3654 3703
f 3703 3654 3655
f 3655 3704 3703
f 3655 3656 3704
f 3704 3656 3705
f 3705 3656 3657
f 3657 3706 3705
f 3657 3658 3706
f 3706 3658 3707
f 3707 3658 3659
f 3659 3708 3707
f 3659 3701 3708
f 3696 3660 3709
f 3709 3660 3710
f 3710 3660 3661
f 3711 3710 3661
f 3661 3662 3711
f 3711 3662 3712
f 3712 3662 3663
f 3713 3712 3663
f 3713 3663 3664
f 3713 3664 3714
f 3714 3664 3665
f 3714 3665 3715
f 3715 3665 3666
f 3716 3715 3666
f 3666 3717 3716
f 3666 3667 3717
f 3717 3667 3718
f 3719 3717 3718
f 3718 3667 3669
f 3720 3718 3669
f 3671 3672 3669
f 3669 3672 3674
f 3669 3674 3676
f 3676 3675 3669
f 3669 3675 3721
f 3669 3721 3720
f 3670 3671 3668
f 3668 3671 3669
f 3676 3674 3673
f 3721 3675 3677
f 3719 3721 3677
f 3722 3719 3677
f 3722 3677 3723
f 3677 3724 3723
f 3725 3724 3677
f 3726 3725 3677
f 3677 3727 3726
f 3677 3678 3727
f 3728 3729 3681
f 3684 3729 3730
f 3678 3725 3727
f 3680 3725 3678
f 3681 3729 3684
f 3684 3730 3725
f 3684 3725 3680
f 3679 3684 3680
f 3682 3731 3681
f 3681 3731 3728
f 3691 3693 3686
f 3686 3693 3694
f 3686 3694 3732
f 3682 3732 3731
f 3685 3732 3682
f 3688 3732 3685
f 3686 3732 3688
f 3683 3688 3685
f 3686 3687 3691
f 3693 3691 3690
f 3732 3694 3692
f 3732 3692 3733
f 3734 3732 3735
f 3735 3732 3733
f 3733 3692 3695
f 3736 3733 3695
f 3695 3702 3736
f 3709 3737 3696
f 3696 3738 3697
f 3696 3737 3738
f 3698 3697 3739
f 3697 3738 3739
f 3699 3698 3740
f 3698 3739 3740
f 3700 3699 3741
f 3741 3699 3740
f 3701 3700 3742
f 3742 3700 3741
f 3708 3701 3743
f 3743 3701 3742
f 3736 3702 3744
f 3744 3702 3745
f 3745 3702 3703
f 3703 3746 3745
f 3703 3704 3746
f 3746 3704 3747
f 3747 3704 3705
f 3705 3748 3747
f 3705 3706 3748
f 3748 3706 3749
f 3749 3706 3707
f 3707 3750 3749
f 3707 3708 3750
f 3750 3708 3751
f 3751 3708 3743
f 3709 3752 3737
f 3753 3752 3709
f 3709 3710 3753
f 3753 3710 3754
f 3754 3710 3711
f 3755 3754 3711
f 3755 3711 3712
f 3755 3712 3756
f 3756 3712 3713
f 3757 3756 3713
f 3757 3713 3714
f 3758 3757 3714
f 3758 3714 3715
f 3758 3715 3759
f 3759 3715 3716
f 3745 3759 3716
f 3716 3744 3745
f 3716 3717 3744
f 3744 3717 3723
f 3722 3717 3719
f 3723 3717 3722
f 3721 3718 3720
f 3721 3719 3718
f 3736 3744 3723
f 3723 3724 3736
f 3724 3733 3736
f 3760 3733 3724
f 3729 3760 3724
f 3730 3729 3724
f 3730 3724 3725
f 3726 3727 3725
f 3729 3728 3760
f 3731 3734 3728
f 3728 3734 3735
f 3728 3735 3760
f 3734 3731 3732
f 3760 3735 3733
f 3737 3752 3761
f 3738 3737 3762
f 3762 3737 3761
f 3739 3738 3763
f 3763 3738 3762
f 3740 3739 3764
f 3764 3739 3763
f 3741 3740 3765
f 3740 3764 3765
f 3742 3741 3766
f 3741 3765 3766
f 3742 3767 3743
f 3742 3766 3767
f 3743 3768 3751
f 3743 3767 3768
f 3746 3759 3745
f 3769 3759 3746
f 3769 3746 3747
f 3747 3770 3769
f 3748 3770 3747
f 3771 3770 3748
f 3771 3748 3749
f 3749 3772 3771
f 3750 3772 3749
f 3773 3772 3750
f 3773 3750 3751
f 3751 3774 3773
f 3768 3774 3751
f 3761 3752 3775
f 3775 3752 3776
f 3776 3752 3753
f 3777 3776 3753
f 3753 3754 3777
f 3777 3754 3778
f 3778 3754 3755
f 3779 3778 3755
f 3779 3755 3756
f 3779 3756 3780
f 3780 3756 3757
f 3780 3757 3781
f 3781 3757 3758
f 3769 3781 3758
f 3758 3759 3769
f 3775 3782 3761
f 3761 3783 3762
f 3761 3782 3783
f 3763 3762 3784
f 3762 3783 3784
f 3764 3763 3785
f 3763 3784 3785
f 3765 3764 3786
f 3786 3764 3785
f 3766 3765 3787
f 3787 3765 3786
f 3767 3766 3788
f 3788 3766 3787
f 3768 3767 3789
f 3789 3767 3788
f 3790 3774 3768
f 3790 3768 3789
f 3770 3781 3769
f 3791 3770 3771
f 3791 3781 3770
f 3772 3792 3771
f 3771 3792 3791
f 3793 3772 3773
f 3793 3792 3772
f 3774 3794 3773
f 3773 3794 3793
f 3795 3774 3790
f 3795 3794 3774
f 3775 3796 3782
f 3797 3796 3775
f 3775 3776 3797
f 3797 3776 3798
f 3798 3776 3777
f 3799 3798 3777
f 3799 3777 3778
f 3799 3778 3800
f 3800 3778 3779
f 3801 3800 3779
f 3801 3779 3780
f 3791 3801 3780
f 3791 3780 3781
f 3782 3796 3802
f 3783 3782 3803
f 3803 3782 3802
f 3784 3783 3804
f 3804 3783 3803
f 3785 3784 3805
f 3805 3784 3804
f 3786 3785 3806
f 3785 3805 3806
f 3787 3786 3807
f 3786 3806 3807
f 3787 3808 3788
f 3787 3807 3808
f 3788 3809 3789
f 3788 3808 3809
f 3789 3810 3790
f 3809 3810 3789
f 3810 3811 3790
f 3790 3811 3795
f 3792 3801 3791
f 3793 3812 3792
f 3812 3801 3792
f 3794 3813 3793
f 3793 3813 3812
f 3795 3814 3794
f 3814 3813 3794
f 3811 3815 3795
f 3795 3815 3814
f 3802 3796 3816
f 3816 3796 3817
f 3817 3796 3797
f 3818 3817 3797
f 3797 3798 3818
f 3818 3798 3819
f 3819 3798 3799
f 3820 3819 3799
f 3820 3799 3800
f 3820 3800 3812
f 3812 3800 3801
f 3816 3821 3802
f 3802 3822 3803
f 3802 3821 3822
f 3804 3803 3823
f 3803 3822 3823
f 3805 3804 3824
f 3804 3823 3824
f 3806 3805 3825
f 3825 3805 3824
f 3807 3806 3826
f 3826 3806 3825
f 3808 3807 3827
f 3827 3807 3826
f 3809 3808 3828
f 3828 3808 3827
f 3829 3810 3809
f 3829 3809 3828
f 3830 3810 3829
f 3830 3811 3810
f 3830 3831 3811
f 3831 3815 3811
f 3813 3820 3812
f 3814 3832 3813
f 3813 3832 3820
f 3815 3833 3814
f 3833 3832 3814
f 3831 3834 3815
f 3815 3834 3833
f 3816 3835 3821
f 3836 3835 3816
f 3816 3817 3836
f 3836 3817 3837
f 3837 3817 3818
f 3838 3837 3818
f 3838 3818 3819
f 3838 3819 3832
f 3832 3819 3820
f 3821 3835 3839
f 3822 3821 3840
f 3840 3821 3839
f 3823 3822 3841
f 3841 3822 3840
f 3824 3823 3842
f 3842 3823 3841
f 3825 3824 3843
f 3824 3842 3843
f 3826 3825 3844
f 3825 3843 3844
f 3826 3845 3827
f 3826 3844 3845
f 3827 3846 3828
f 3827 3845 3846
f 3828 3847 3829
f 3846 3847 3828
f 3847 3848 3829
f 3829 3848 3830
f 3848 3849 3830
f 3830 3849 3831
f 3849 3850 3831
f 3850 3834 3831
f 3833 3838 3832
f 3834 3851 3833
f 3833 3851 3838
f 3850 3852 3834
f 3852 3851 3834
f 3839 3835 3853
f 3853 3835 3854
f 3854 3835 3836
f 3855 3854 3836
f 3836 3837 3855
f 3855 3837 3851
f 3851 3837 3838
f 3853 3856 3839
f 3839 3857 3840
f 3839 3856 3857
f 3841 3840 3858
f 3840 3857 3858
f 3842 3841 3859
f 3841 3858 3859
f 3843 3842 3860
f 3860 3842 3859
f 3844 3843 3861
f 3861 3843 3860
f 3845 3844 3862
f 3862 3844 3861
f 3846 3845 3863
f 3863 3845 3862
f 3864 3847 3846
f 3864 3846 3863
f 3865 3847 3864
f 3865 3848 3847
f 3865 3866 3848
f 3866 3849 3848
f 3866 3867 3849
f 3849 3867 3850
f 3867 3868 3850
f 3850 3868 3852
f 3852 3855 3851
f 3868 3869 3852
f 3852 3869 3855
f 3853 3870 3856
f 3871 3870 3853
f 3853 3854 3871
f 3871 3854 3869
f 3869 3854 3855
f 3856 3870 3872
f 3857 3856 3873
f 3873 3856 3872
f 3858 3857 3874
f 3874 3857 3873
f 3859 3858 3875
f 3875 3858 3874
f 3860 3859 3876
f 3859 3875 3876
f 3861 3860 3877
f 3860 3876 3877
f 3861 3878 3862
f 3861 3877 3878
f 3862 3879 3863
f 3862 3878 3879
f 3863 3880 3864
f 3879 3880 3863
f 3880 3881 3864
f 3864 3881 3865
f 3881 3882 3865
f 3865 3882 3866
f 3882 3883 3866
f 3883 3867 3866
f 3883 3884 3867
f 3884 3868 3867
f 3884 3885 3868
f 3885 3869 3868
f 3871 3869 3885
f 3872 3870 3886
f 3886 3870 3887
f 3887 3870 3871
f 3885 3887 3871
f 3886 3888 3872
f 3872 3889 3873
f 3872 3888 3889
f 3874 3873 3890
f 3873 3889 3890
f 3875 3874 3891
f 3874 3890 3891
f 3876 3875 3892
f 3892 3875 3891
f 3877 3876 3893
f 3893 3876 3892
f 3878 3877 3894
f 3894 3877 3893
f 3879 3878 3895
f 3895 3878 3894
f 3896 3880 3879
f 3896 3879 3895
f 3897 3880 3896
f 3897 3881 3880
f 3897 3898 3881
f 3898 3882 3881
f 3898 3899 3882
f 3882 3899 3883
f 3899 3900 3883
f 3883 3900 3884
f 3900 3901 3884
f 3884 3901 3885
f 3901 3887 3885
f 3886 3902 3888
f 3903 3902 3886
f 3886 3887 3903
f 3903 3887 3901
f 3888 3902 3904
f 3889 3888 3905
f 3905 3888 3904
f 3890 3889 3906
f 3906 3889 3905
f 3891 3890 3907
f 3907 3890 3906
f 3892 3891 3908
f 3891 3907 3908
f 3893 3892 3909
f 3892 3908 3909
f 3893 3910 3894
f 3893 3909 3910
f 3894 3911 3895
f 3894 3910 3911
f 3895 3912 3896
f 3911 3912 3895
f 3912 3913 3896
f 3896 3913 3897
f 3913 3914 3897
f 3897 3914 3898
f 3914 3915 3898
f 3915 3899 3898
f 3915 3916 3899
f 3916 3900 3899
f 3916 3917 3900
f 3917 3901 3900
f 3903 3901 3917
f 3904 3902 3918
f 3918 3902 3919
f 3919 3902 3903
f 3917 3919 3903
f 3918 3920 3904
f 3904 3921 3905
f 3904 3920 3921
f 3906 3905 3922
f 3905 3921 3922
f 3907 3906 3923
f 3906 3922 3923
f 3908 3907 3924
f 3924 3907 3923
f 3909 3908 3925
f 3925 3908 3924
f 3910 3909 3926
f 3926 3909 3925
f 3911 3910 3927
f 3927 3910 3926
f 3928 3912 3911
f 3928 3911 3927
f 3929 3912 3928
f 3929 3913 3912
f 3929 3930 3913
f 3930 3914 3913
f 3930 3931 3914
f 3914 3931 3915
f 3931 3932 3915
f 3915 3932 3916
f 3932 3933 3916
f 3916 3933 3917
f 3933 3919 3917
f 3918 3934 3920
f 3935 3934 3918
f 3918 3919 3935
f 3935 3919 3933
f 3920 3934 3936
f 3921 3920 3937
f 3937 3920 3936
f 3922 3921 3938
f 3938 3921 3937
f 3923 3922 3939
f 3939 3922 3938
f 3924 3923 3940
f 3923 3939 3940
f 3925 3924 3941
f 3924 3940 3941
f 3925 3942 3926
f 3925 3941 3942
f 3926 3943 3927
f 3926 3942 3943
f 3927 3944 3928
f 3943 3944 3927
f 3944 3945 3928
f 3928 3945 3929
f 3945 3946 3929
f 3929 3946 3930
f 3946 3947 3930
f 3947 3931 3930
f 3947 3948 3931
f 3948 3932 3931
f 3948 3949 3932
f 3949 3933 3932
f 3935 3933 3949
f 3936 3934 3950
f 3950 3934 3951
f 3951 3934 3935
f 3949 3951 3935
f 3950 3952 3936
f 3936 3953 3937
f 3936 3952 3953
f 3938 3937 3954
f 3937 3953 3954
f 3939 3938 3955
f 3938 3954 3955
f 3940 3939 3956
f 3956 3939 3955
f 3941 3940 3957
f 3957 3940 3956
f 3942 3941 3958
f 3958 3941 3957
f 3943 3942 3959
f 3959 3942 3958
f 3960 3944 3943
f 3960 3943 3959
f 3961 3944 3960
f 3961 3945 3944
f 3961 3962 3945
f 3962 3946 3945
f 3962 3963 3946
f 3946 3963 3947
f 3963 3964 3947
f 3947 3964 3948
f 3964 3965 3948
f 3948 3965 3949
f 3965 3951 3949
f 3950 3966 3952
f 3967 3966 3950
f 3950 3951 3967
f 3967 3951 3965
f 3952 3966 3968
f 3953 3952 3969
f 3969 3952 3968
f 3954 3953 3970
f 3970 3953 3969
f 3955 3954 3971
f 3971 3954 3970
f 3956 3955 3972
f 3955 3971 3972
f 3957 3956 3973
f 3956 3972 3973
f 3957 3974 3958
f 3957 3973 3974
f 3958 3975 3959
f 3958 3974 3975
f 3959 3976 3960
f 3975 3976 3959
f 3976 3977 3960
f 3960 3977 3961
f 3977 3978 3961
f 3961 3978 3962
f 3978 3979 3962
f 3979 3963 3962
f 3979 3980 3963
f 3980 3964 3963
f 3980 3981 3964
f 3981 3965 3964
f 3967 3965 3981
f 3968 3966 3982
f 3982 3966 3983
f 3983 3966 3967
f 3981 3983 3967
f 3982 3984 3968
f 3968 3985 3969
f 3968 3984 3985
f 3970 3969 3986
f 3969 3985 3986
f 3971 3970 3987
f 3970 3986 3987
f 3972 3971 3988
f 3988 3971 3987
f 3973 3972 3989
f 3989 3972 3988
f 3974 3973 3990
f 3990 3973 3989
f 3975 3974 3991
f 3991 3974 3990
f 3992 3976 3975
f 3992 3975 3991
f 3993 3976 3992
f 3993 3977 3976
f 3993 3994 3977
f 3994 3978 3977
f 3994 3995 3978
f 3978 3995 3979
f 3995 3996 3979
f 3979 3996 3980
f 3996 3997 3980
f 3980 3997 3981
f 3997 3983 3981
f 3982 3998 3984
f 3999 3998 3982
f 3982 3983 3999
f 3999 3983 3997
f 3984 3998 4000
f 3985 3984 4001
f 4001 3984 4000
f 3986 3985 4002
f 4002 3985 4001
f 3987 3986 4003
f 4003 3986 4002
f 3988 3987 4004
f 3987 4003 4004
f 3989 3988 4005
f 3988 4004 4005
f 3989 4006 3990
f 3989 4005 4006
f 3990 4007 3991
f 3990 4006 4007
f 3991 4008 3992
f 4007 4008 3991
f 4008 4009 3992
f 3992 4009 3993
f 4009 4010 3993
f 3993 4010 3994
f 4010 4011 3994
f 4011 3995 3994
f 4011 4012 3995
f 4012 3996 3995
f 4012 4013 3996
f 4013 3997 3996
f 3999 3997 4013
f 4000 3998 4014
f 4014 3998 4015
f 4015 3998 3999
f 4013 4015 3999
f 4014 4016 4000
f 4000 4017 4001
f 4000 4016 4017
f 4002 4001 4018
f 4001 4017 4018
f 4003 4002 4019
f 4002 4018 4019
f 4004 4003 4020
f 4020 4003 4019
f 4005 4004 4021
f 4021 4004 4020
f 4006 4005 4022
f 4022 4005 4021
f 4007 4006 4023
f 4023 4006 4022
f 4024 4008 4007
f 4024 4007 4023
f 4025 4008 4024
f 4025 4009 4008
f 4025 4026 4009
f 4026 4010 4009
f 4026 4027 4010
f 4010 4027 4011
f 4027 4028 4011
f 4011 4028 4012
f 4028 4029 4012
f 4012 4029 4013
f 4029 4015 4013
f 4014 4030 4016
f 4031 4030 4014
f 4014 4015 4031
f 4031 4015 4029
f 4016 4030 4032
f 4017 4016 4033
f 4033 4016 4032
f 4018 4017 4034
f 4034 4017 4033
f 4019 4018 4035
f 4035 4018 4034
f 4020 4019 4036
f 4019 4035 4036
f 4021 4020 4037
f 4020 4036 4037
f 4021 4038 4022
f 4021 4037 4038
f 4022 4039 4023
f 4022 4038 4039
f 4023 4040 4024
f 4039 4040 4023
f 4040 4041 4024
f 4024 4041 4025
f 4041 4042 4025
f 4025 4042 4026
f 4042 4043 4026
f 4043 4027 4026
f 4043 4044 4027
f 4044 4028 4027
f 4044 4045 4028
f 4045 4029 4028
f 4031 4029 4045
f 4032 4030 4046
f 4046 4030 4047
f 4047 4030 4031
f 4045 4047 4031
f 4046 4048 4032
f 4032 4049 4033
f 4032 4048 4049
f 4034 4033 4050
f 4033 4049 4050
f 4035 4034 4051
f 4034 4050 4051
f 4036 4035 4052
f 4052 4035 4051
f 4037 4036 4053
f 4053 4036 4052
f 4038 4037 4054
f 4054 4037 4053
f 4039 4038 4055
f 4055 4038 4054
f 4056 4040 4039
f 4056 4039 4055
f 4057 4040 4056
f 4057 4041 4040
f 4057 4058 4041
f 4058 4042 4041
f 4058 4059 4042
f 4042 4059 4043
f 4059 4060 4043
f 4043 4060 4044
f 4060 4061 4044
f 4044 4061 4045
f 4061 4047 4045
f 4046 4062 4048
f 4063 4062 4046
f 4046 4047 4063
f 4063 4047 4061
f 4048 4062 4064
f 4049 4048 4065
f 4065 4048 4064
f 4050 4049 4066
f 4066 4049 4065
f 4051 4050 4067
f 4067 4050 4066
f 4052 4051 4068
f 4051 4067 4068
f 4053 4052 4069
f 4052 4068 4069
f 4053 4070 4054
f 4053 4069 4070
f 4054 4071 4055
f 4054 4070 4071
f 4055 4072 4056
f 4071 4072 4055
f 4072 4073 4056
f 4056 4073 4057
f 4073 4074 4057
f 4057 4074 4058
f 4074 4075 4058
f 4075 4059 4058
f 4075 4076 4059
f 4076 4060 4059
f 4076 4077 4060
f 4077 4061 4060
f 4063 4061 4077
f 4064 4062 4078
f 4078 4062 4079
f 4079 4062 4063
f 4077 4079 4063
f 4078 4080 4064
f 4064 4081 4065
f 4064 4080 4081
f 4066 4065 4082
f 4065 4081 4082
f 4067 4066 4083
f 4066 4082 4083
f 4068 4067 4084
f 4084 4067 4083
f 4069 4068 4085
f 4085 4068 4084
f 4070 4069 4086
f 4086 4069 4085
f 4071 4070 4087
f 4087 4070 4086
f 4088 4072 4071
f 4088 4071 4087
f 4089 4072 4088
f 4089 4073 4072
f 4089 4090 4073
f 4090 4074 4073
f 4090 4091 4074
f 4074 4091 4075
f 4091 4092 4075
f 4075 4092 4076
f 4092 4093 4076
f 4076 4093 4077
f 4093 4079 4077
f 4078 4094 4080
f 4095 4094 4078
f 4078 4079 4095
f 4095 4079 4093
f 4080 4094 4096
f 4081 4080 4097
f 4097 4080 4096
f 4082 4081 4098
f 4098 4081 4097
f 4083 4082 4099
f 4099 4082 4098
f 4084 4083 4100
f 4083 4099 4100
f 4085 4084 4101
f 4084 4100 4101
f 4085 4102 4086
f 4085 4101 4102
f 4086 4103 4087
f 4086 4102 4103
f 4087 4104 4088
f 4103 4104 4087
f 4104 4105 4088
f 4088 4105 4089
f 4105 4106 4089
f 4089 4106 4090
f 4106 4107 4090
f 4107 4091 4090
f 4107 4108 4091
f 4108 4092 4091
f 4108 4109 4092
f 4109 4093 4092
f 4095 4093 4109
f 4096 4094 4110
f 4110 4094 4111
f 4111 4094 4095
f 4109 4111 4095
f 4110 4112 4096
f 4096 4113 4097
f 4096 4112 4113
f 4098 4097 4114
f 4097 4113 4114
f 4099 4098 4115
f 4098 4114 4115
f 4100 4099 4116
f 4116 4099 4115
f 4101 4100 4117
f 4117 4100 4116
f 4102 4101 4118
f 4118 4101 4117
f 4103 4102 4119
f 4119 4102 4118
f 4120 4104 4103
f 4120 4103 4119
f 4121 4104 4120
f 4121 4105 4104
f 4121 4122 4105
f 4122 4106 4105
f 4122 4123 4106
f 4106 4123 4107
f 4123 4124 4107
f 4107 4124 4108
f 4124 4125 4108
f 4108 4125 4109
f 4125 4111 4109
f 4110 4126 4112
f 4127 4126 4110
f 4110 4111 4127
f 4127 4111 4125
f 4112 4126 4128
f 4113 4112 4129
f 4129 4112 4128
f 4114 4113 4130
f 4130 4113 4129
f 4115 4114 4131
f 4131 4114 4130
f 4116 4115 4132
f 4115 4131 4132
f 4117 4116 4133
f 4116 4132 4133
f 4117 4134 4118
f 4117 4133 4134
f 4118 4135 4119
f 4118 4134 4135
f 4119 4136 4120
f 4135 4136 4119
f 4136 4137 4120
f 4120 4137 4121
f 4137 4138 4121
f 4121 4138 4122
f 4138 4139 4122
f 4139 4123 4122
f 4139 4140 4123
f 4140 4124 4123
f 4140 4141 4124
f 4141 4125 4124
f 4127 4125 4141
f 4128 4126 4142
f 4142 4126 4143
f 4143 4126 4127
f 4141 4143 4127
f 4142 4144 4128
f 4128 4145 4129
f 4128 4144 4145
f 4130 4129 4146
f 4129 4145 4146
f 4131 4130 4147
f 4130 4146 4147
f 4132 4131 4148
f 4148 4131 4147
f 4133 4132 4149
f 4149 4132 4148
f 4134 4133 4150
f 4150 4133 4149
f 4135 4134 4151
f 4151 4134 4150
f 4152 4136 4135
f 4152 4135 4151
f 4153 4136 4152
f 4153 4137 4136
f 4153 4154 4137
f 4154 4138 4137
f 4154 4155 4138
f 4138 4155 4139
f 4155 4156 4139
f 4139 4156 4140
f 4156 4157 4140
f 4140 4157 4141
f 4157 4143 4141
f 4142 4158 4144
f 4159 4158 4142
f 4142 4143 4159
f 4159 4143 4157
f 4144 4158 4160
f 4145 4144 4161
f 4161 4144 4160
f 4146 4145 4162
f 4162 4145 4161
f 4147 4146 4163
f 4163 4146 4162
f 4148 4147 4164
f 4147 4163 4164
f 4149 4148 4165
f 4148 4164 4165
f 4149 4166 4150
f 4149 4165 4166
f 4150 4167 4151
f 4150 4166 4167
f 4151 4168 4152
f 4167 4168 4151
f 4168 4169 4152
f 4152 4169 4153
f 4169 4170 4153
f 4153 4170 4154
f 4170 4171 4154
f 4171 4155 4154
f 4171 4172 4155
f 4172 4156 4155
f 4172 4173 4156
f 4173 4157 4156
f 4159 4157 4173
f 4160 4158 4174
f 4174 4158 4175
f 4175 4158 4159
f 4173 4175 4159
f 4174 4176 4160
f 4160 4177 4161
f 4160 4176 4177
f 4162 4161 4178
f 4161 4177 4178
f 4163 4162 4179
f 4162 4178 4179
f 4164 4163 4180
f 4180 4163 4179
f 4165 4164 4181
f 4181 4164 4180
f 4166 4165 4182
f 4182 4165 4181
f 4167 4166 4183
f 4183 4166 4182
f 4184 4168 4167
f 4184 4167 4183
f 4185 4168 4184
f 4185 4169 4168
f 4185 4186 4169
f 4186 4170 4169
f 4186 4187 4170
f 4170 4187 4171
f 4187 4188 4171
f 4171 4188 4172
f 4188 4189 4172
f 4172 4189 4173
f 4189 4175 4173
f 4174 4190 4176
f 4191 4190 4174
f 4174 4175 4191
f 4191 4175 4189
f 4176 4190 4192
f 4177 4176 4193
f 4193 4176 4192
f 4178 4177 4194
f 4194 4177 4193
f 4179 4178 4195
f 4195 4178 4194
f 4180 4179 4196
f 4179 4195 4196
f 4181 4180 4197
f 4180 4196 4197
f 4181 4198 4182
f 4181 4197 4198
f 4182 4199 4183
f 4182 4198 4199
f 4183 4200 4184
f 4199 4200 4183
f 4200 4201 4184
f 4184 4201 4185
f 4201 4202 4185
f 4185 4202 4186
f 4202 4203 4186
f 4203 4187 4186
f 4203 4204 4187
f 4204 4188 4187
f 4204 4205 4188
f 4205 4189 4188
f 4191 4189 4205
f 4192 4190 4206
f 4206 4190 4207
f 4207 4190 4191
f 4205 4207 4191
f 4206 4208 4192
f 4192 4209 4193
f 4192 4208 4209
f 4194 4193 4210
f 4193 4209 4210
f 4195 4194 4211
f 4194 4210 4211
f 4196 4195 4212
f 4212 4195 4211
f 4197 4196 4213
f 4213 4196 4212
f 4198 4197 4214
f 4214 4197 4213
f 4199 4198 4215
f 4215 4198 4214
f 4216 4200 4199
f 4216 4199 4215
f 4217 4200 4216
f 4217 4201 4200
f 4217 4218 4201
f 4218 4202 4201
f 4218 4219 4202
f 4202 4219 4203
f 4219 4220 4203
f 4203 4220 4204
f 4220 4221 4204
f 4204 4221 4205
f 4221 4207 4205
f 4206 4222 4208
f 4223 4222 4206
f 4206 4207 4223
f 4223 4207 4221
f 4208 4222 4224
f 4209 4208 4225
f 4225 4208 4224
f 4210 4209 4226
f 4226 4209 4225
f 4211 4210 4227
f 4227 4210 4226
f 4212 4211 4228
f 4211 4227 4228
f 4213 4212 4229
f 4212 4228 4229
f 4213 4230 4214
f 4213 4229 4230
f 4214 4231 4215
f 4214 4230 4231
f 4215 4232 4216
f 4231 4232 4215
f 4232 4233 4216
f 4216 4233 4217
f 4233 4234 4217
f 4217 4234 4218
f 4234 4235 4218
f 4235 4219 4218
f 4235 4236 4219
f 4236 4220 4219
f 4236 4237 4220
f 4237 4221 4220
f 4223 4221 4237
f 4224 4222 4238
f 4238 4222 4239
f 4239 4222 4223
f 4237 4239 4223
f 4238 4240 4224
f 4224 4241 4225
f 4224 4240 4241
f 4226 4225 4242
f 4225 4241 4242
f 4227 4226 4243
f 4226 4242 4243
f 4228 4227 4244
f 4244 4227 4243
f 4229 4228 4245
f 4245 4228 4244
f 4230 4229 4246
f 4246 4229 4245
f 4231 4230 4247
f 4247 4230 4246
f 4248 4232 4231
f 4248 4231 4247
f 4249 4232 4248
f 4249 4233 4232
f 4249 4250 4233
f 4250 4234 4233
f 4250 4251 4234
f 4234 4251 4235
f 4251 4252 4235
f 4235 4252 4236
f 4252 4253 4236
f 4236 4253 4237
f 4253 4239 4237
f 4238 4254 4240
f 4255 4254 4238
f 4238 4239 4255
f 4255 4239 4253
f 4240 4254 4256
f 4241 4240 4257
f 4257 4240 4256
f 4242 4241 4258
f 4258 4241 4257
f 4243 4242 4259
f 4259 4242 4258
f 4244 4243 4260
f 4243 4259 4260
f 4245 4244 4261
f 4244 4260 4261
f 4245 4262 4246
f 4245 4261 4262
f 4246 4263 4247
f 4246 4262 4263
f 4247 4264 4248
f 4263 4264 4247
f 4264 4265 4248
f 4248 4265 4249
f 4265 4266 4249
f 4249 4266 4250
f 4266 4267 4250
f 4267 4251 4250
f 4267 4268 4251
f 4268 4252 4251
f 4268 4269 4252
f 4269 4253 4252
f 4255 4253 4269
f 4256 4254 4270
f 4270 4254 4271
f 4271 4254 4255
f 4269 4271 4255
f 4270 4272 4256
f 4256 4273 4257
f 4256 4272 4273
f 4258 4257 4274
f 4257 4273 4274
f 4259 4258 4275
f 4258 4274 4275
f 4260 4259 4276
f 4276 4259 4275
f 4261 4260 4277
f 4277 4260 4276
f 4262 4261 4278
f 4278 4261 4277
f 4263 4262 4279
f 4279 4262 4278
f 4280 4264 4263
f 4280 4263 4279
f 4281 4264 4280
f 4281 4265 4264
f 4281 4282 4265
f 4282 4266 4265
f 4282 4283 4266
f 4266 4283 4267
f 4283 4284 4267
f 4267 4284 4268
f 4284 4285 4268
f 4268 4285 4269
f 4285 4271 4269
f 4270 4286 4272
f 4287 4286 4270
f 4270 4271 4287
f 4287 4271 4285
f 4272 4286 4288
f 4273 4272 4289
f 4289 4272 4288
f 4274 4273 4290
f 4290 4273 4289
f 4275 4274 4291
f 4291 4274 4290
f 4276 4275 4292
f 4275 4291 4292
f 4277 4276 4293
f 4276 4292 4293
f 4277 4294 4278
f 4277 4293 4294
f 4278 4295 4279
f 4278 4294 4295
f 4279 4296 4280
f 4295 4296 4279
f 4296 4297 4280
f 4280 4297 4281
f 4297 4298 4281
f 4281 4298 4282
f 4298 4299 4282
f 4299 4283 4282
f 4299 4300 4283
f 4300 4284 4283
f 4300 4301 4284
f 4301 4285 4284
f 4287 4285 4301
f 4288 4286 4302
f 4302 4286 4303
f 4303 4286 4287
f 4301 4303 4287
f 4302 4304 4288
f 4288 4305 4289
f 4288 4304 4305
f 4290 4289 4306
f 4289 4305 4306
f 4291 4290 4307
f 4290 4306 4307
f 4292 4291 4308
f 4308 4291 4307
f 4293 4292 4309
f 4309 4292 4308
f 4294 4293 4310
f 4310 4293 4309
f 4295 4294 4311
f 4311 4294 4310
f 4312 4296 4295
f 4312 4295 4311
f 4313 4296 4312
f 4313 4297 4296
f 4313 4314 4297
f 4314 4298 4297
f 4314 4315 4298
f 4298 4315 4299
f 4315 4316 4299
f 4299 4316 4300
f 4316 4317 4300
f 4300 4317 4301
f 4317 4303 4301
f 4302 4318 4304
f 4319 4318 4302
f 4302 4303 4319
f 4319 4303 4317
f 4304 4318 4320
f 4305 4304 4321
f 4321 4304 4320
f 4306 4305 4322
f 4322 4305 4321
f 4307 4306 4323
f 4323 4306 4322
f 4308 4307 4324
f 4307 4323 4324
f 4309 4308 4325
f 4308 4324 4325
f 4309 4326 4310
f 4309 4325 4326
f 4310 4327 4311
f 4310 4326 4327
f 4311 4328 4312
f 4327 4328 4311
f 4328 4329 4312
f 4312 4329 4313
f 4329 4330 4313
f 4313 4330 4314
f 4330 4331 4314
f 4331 4315 4314
f 4331 4332 4315
f 4332 4316 4315
f 4332 4333 4316
f 4333 4317 4316
f 4319 4317 4333
f 4320 4318 4334
f 4334 4318 4335
f 4335 4318 4319
f 4333 4335 4319
f 4334 4336 4320
f 4320 4337 4321
f 4320 4336 4337
f 4322 4321 4338
f 4321 4337 4338
f 4323 4322 4339
f 4322 4338 4339
f 4324 4323 4340
f 4340 4323 4339
f 4325 4324 4341
f 4341 4324 4340
f 4326 4325 4342
f 4342 4325 4341
f 4327 4326 4343
f 4343 4326 4342
f 4344 4328 4327
f 4344 4327 4343
f 4345 4328 4344
f 4345 4329 4328
f 4345 4346 4329
f 4346 4330 4329
f 4346 4347 4330
f 4330 4347 4331
f 4347 4348 4331
f 4331 4348 4332
f 4348 4349 4332
f 4332 4349 4333
f 4349 4335 4333
f 4334 4350 4336
f 4351 4350 4334
f 4334 4335 4351
f 4351 4335 4349
f 4336 4350 4352
f 4337 4336 4353
f 4353 4336 4352
f 4338 4337 4354
f 4354 4337 4353
f 4339 4338 4355
f 4355 4338 4354
f 4340 4339 4356
f 4339 4355 4356
f 4341 4340 4357
f 4340 4356 4357
f 4341 4358 4342
f 4341 4357 4358
f 4342 4359 4343
f 4342 4358 4359
f 4343 4360 4344
f 4359 4360 4343
f 4360 4361 4344
f 4344 4361 4345
f 4361 4362 4345
f 4345 4362 4346
f 4362 4363 4346
f 4363 4347 4346
f 4363 4364 4347
f 4364 4348 4347
f 4364 4365 4348
f 4365 4349 4348
f 4351 4349 4365
f 4352 4350 4366
f 4366 4350 4367
f 4367 4350 4351
f 4365 4367 4351
f 4366 4368 4352
f 4352 4369 4353
f 4352 4368 4369
f 4354 4353 4370
f 4353 4369 4370
f 4355 4354 4371
f 4354 4370 4371
f 4356 4355 4372
f 4372 4355 4371
f 4357 4356 4373
f 4373 4356 4372
f 4358 4357 4374
f 4374 4357 4373
f 4359 4358 4375
f 4375 4358 4374
f 4376 4360 4359
f 4376 4359 4375
f 4377 4360 4376
f 4377 4361 4360
f 4377 4378 4361
f 4378 4362 4361
f 4378 4379 4362
f 4362 4379 4363
f 4379 4380 4363
f 4363 4380 4364
f 4380 4381 4364
f 4364 4381 4365
f 4381 4367 4365
f 4366 4382 4368
f 4383 4382 4366
f 4366 4367 4383
f 4383 4367 4381
f 4368 4382 4384
f 4369 4368 4385
f 4385 4368 4384
f 4370 4369 4386
f 4386 4369 4385
f 4371 4370 4387
f 4387 4370 4386
f 4372 4371 4388
f 4371 4387 4388
f 4373 4372 4389
f 4372 4388 4389
f 4373 4390 4374
f 4373 4389 4390
f 4374 4391 4375
f 4374 4390 4391
f 4375 4392 4376
f 4391 4392 4375
f 4392 4393 4376
f 4376 4393 4377
f 4393 4394 4377
f 4377 4394 4378
f 4394 4395 4378
f 4395 4379 4378
f 4395 4396 4379
f 4396 4380 4379
f 4396 4397 4380
f 4397 4381 4380
f 4383 4381 4397
f 4384 4382 4398
f 4398 4382 4399
f 4399 4382 4383
f 4397 4399 4383
f 4398 4400 4384
f 4384 4401 4385
f 4384 4400 4401
f 4386 4385 4402
f 4385 4401 4402
f 4387 4386 4403
f 4386 4402 4403
f 4388 4387 4404
f 4404 4387 4403
f 4389 4388 4405
f 4405 4388 4404
f 4390 4389 4406
f 4406 4389 4405
f 4391 4390 4407
f 4407 4390 4406
f 4408 4392 4391
f 4408 4391 4407
f 4409 4392 4408
f 4409 4393 4392
f 4409 4410 4393
f 4410 4394 4393
f 4410 4411 4394
f 4394 4411 4395
f 4411 4412 4395
f 4395 4412 4396
f 4412 4413 4396
f 4396 4413 4397
f 4413 4399 4397
f 4398 4414 4400
f 4415 4414 4398
f 4398 4399 4415
f 4415 4399 4413
f 4400 4414 4416
f 4401 4400 4417
f 4417 4400 4416
f 4402 4401 4418
f 4418 4401 4417
f 4403 4402 4419
f 4419 4402 4418
f 4404 4403 4420
f 4403 4419 4420
f 4405 4404 4421
f 4404 4420 4421
f 4405 4422 4406
f 4405 4421 4422
f 4406 4423 4407
f 4406 4422 4423
f 4407 4424 4408
f 4423 4424 4407
f 4424 4425 4408
f 4408 4425 4409
f 4425 4426 4409
f 4409 4426 4410
f 4426 4427 4410
f 4427 4411 4410
f 4427 4428 4411
f 4428 4412 4411
f 4428 4429 4412
f 4429 4413 4412
f 4415 4413 4429
f 4416 4414 4430
f 4430 4414 4431
f 4431 4414 4415
f 4429 4431 4415
f 4430 4432 4416
f 4416 4433 4417
f 4416 4432 4433
f 4418 4417 4434
f 4417 4433 4434
f 4419 4418 4435
f 4418 4434 4435
f 4420 4419 4436
f 4436 4419 4435
f 4421 4420 4437
f 4437 4420 4436
f 4422 4421 4438
f 4438 4421 4437
f 4423 4422 4439
f 4439 4422 4438
f 4440 4424 4423
f 4440 4423 4439
f 4441 4424 4440
f 4441 4425 4424
f 4441 4442 4425
f 4442 4426 4425
f 4442 4443 4426
f 4426 4443 4427
f 4443 4444 4427
f 4427 4444 4428
f 4444 4445 4428
f 4428 4445 4429
f 4445 4431 4429
f 4430 4446 4432
f 4447 4446 4430
f 4430 4431 4447
f 4447 4431 4445
f 4432 4446 4448
f 4433 4432 4449
f 4449 4432 4448
f 4434 4433 4450
f 4450 4433 4449
f 4435 4434 4451
f 4451 4434 4450
f 4436 4435 4452
f 4435 4451 4452
f 4437 4436 4453
f 4436 4452 4453
f 4437 4454 4438
f 4437 4453 4454
f 4438 4455 4439
f 4438 4454 4455
f 4439 4456 4440
f 4455 4456 4439
f 4456 4457 4440
f 4440 4457 4441
f 4457 4458 4441
f 4441 4458 4442
f 4458 4459 4442
f 4459 4443 4442
f 4459 4460 4443
f 4460 4444 4443
f 4460 4461 4444
f 4461 4445 4444
f 4447 4445 4461
f 4448 4446 4462
f 4462 4446 4463
f 4463 4446 4447
f 4461 4463 4447
f 4462 4464 4448
f 4448 4465 4449
f 4448 4464 4465
f 4450 4449 4466
f 4449 4465 4466
f 4451 4450 4467
f 4450 4466 4467
f 4452 4451 4468
f 4468 4451 4467
f 4453 4452 4469
f 4469 4452 4468
f 4454 4453 4470
f 4470 4453 4469
f 4455 4454 4471
f 4471 4454 4470
f 4472 4456 4455
f 4472 4455 4471
f 4473 4456 4472
f 4473 4457 4456
f 4473 4474 4457
f 4474 4458 4457
f 4474 4475 4458
f 4458 4475 4459
f 4475 4476 4459
f 4459 4476 4460
f 4476 4477 4460
f 4460 4477 4461
f 4477 4463 4461
f 4462 4478 4464
f 4479 4478 4462
f 4462 4463 4479
f 4479 4463 4477
f 4464 4478 4480
f 4465 4464 4481
f 4481 4464 4480
f 4466 4465 4482
f 4482 4465 4481
f 4467 4466 4483
f 4483 4466 4482
f 4468 4467 4484
f 4467 4483 4484
f 4469 4468 4485
f 4468 4484 4485
f 4469 4486 4470
f 4469 4485 4486
f 4470 4487 4471
f 4470 4486 4487
f 4471 4488 4472
f 4487 4488 4471
f 4488 4489 4472
f 4472 4489 4473
f 4489 4490 4473
f 4473 4490 4474
f 4490 4491 4474
f 4491 4475 4474
f 4491 4492 4475
f 4492 4476 4475
f 4492 4493 4476
f 4493 4477 4476
f 4479 4477 4493
f 4480 4478 4494
f 4494 4478 4495
f 4495 4478 4479
f 4493 4495 4479
f 4494 4496 4480
f 4480 4497 4481
f 4480 4496 4497
f 4482 4481 4498
f 4481 4497 4498
f 4483 4482 4499
f 4482 4498 4499
f 4484 4483 4500
f 4500 4483 4499
f 4485 4484 4501
f 4501 4484 4500
f 4486 4485 4502
f 4502 4485 4501
f 4487 4486 4503
f 4503 4486 4502
f 4504 4488 4487
f 4504 4487 4503
f 4505 4488 4504
f 4505 4489 4488
f 4505 4506 4489
f 4506 4490 4489
f 4506 4507 4490
f 4490 4507 4491
f 4507 4508 4491
f 4491 4508 4492
f 4508 4509 4492
f 4492 4509 4493
f 4509 4495 4493
f 4494 4510 4496
f 4511 4510 4494
f 4494 4495 4511
f 4511 4495 4509
f 4496 4510 4512
f 4497 4496 4513
f 4513 4496 4512
f 4498 4497 4514
f 4514 4497 4513
f 4499 4498 4515
f 4515 4498 4514
f 4500 4499 4516
f 4499 4515 4516
f 4501 4500 4517
f 4500 4516 4517
f 4501 4518 4502
f 4501 4517 4518
f 4502 4519 4503
f 4502 4518 4519
f 4503 4520 4504
f 4519 4520 4503
f 4520 4521 4504
f 4504 4521 4505
f 4521 4522 4505
f 4505 4522 4506
f 4522 4523 4506
f 4523 4507 4506
f 4523 4524 4507
f 4524 4508 4507
f 4524 4525 4508
f 4525 4509 4508
f 4511 4509 4525
f 4512 4510 4526
f 4526 4510 4527
f 4527 4510 4511
f 4525 4527 4511
f 4526 4528 4512
f 4512 4529 4513
f 4512 4528 4529
f 4514 4513 4530
f 4513 4529 4530
f 4515 4514 4531
f 4514 4530 4531
f 4516 4515 4532
f 4532 4515 4531
f 4517 4516 4533
f 4533 4516 4532
f 4518 4517 4534
f 4534 4517 4533
f 4519 4518 4535
f 4535 4518 4534
f 4536 4520 4519
f 4536 4519 4535
f 4537 4520 4536
f 4537 4521 4520
f 4537 4538 4521
f 4538 4522 4521
f 4538 4539 4522
f 4522 4539 4523
f 4539 4540 4523
f 4523 4540 4524
f 4540 4541 4524
f 4524 4541 4525
f 4541 4527 4525
f 4526 4542 4528
f 4543 4542 4526
f 4526 4527 4543
f 4543 4527 4541
f 4528 4542 4544
f 4529 4528 4545
f 4545 4528 4544
f 4530 4529 4546
f 4546 4529 4545
f 4531 4530 4547
f 4547 4530 4546
f 4532 4531 4548
f 4531 4547 4548
f 4533 4532 4549
f 4532 4548 4549
f 4533 4550 4534
f 4533 4549 4550
f 4534 4551 4535
f 4534 4550 4551
f 4535 4552 4536
f 4551 4552 4535
f 4552 4553 4536
f 4536 4553 4537
f 4553 4554 4537
f 4537 4554 4538
f 4554 4555 4538
f 4555 4539 4538
f 4555 4556 4539
f 4556 4540 4539
f 4556 4557 4540
f 4557 4541 4540
f 4543 4541 4557
f 4544 4542 4558
f 4558 4542 4559
f 4559 4542 4543
f 4557 4559 4543
f 4558 4560 4544
f 4544 4561 4545
f 4544 4560 4561
f 4546 4545 4562
f 4545 4561 4562
f 4547 4546 4563
f 4546 4562 4563
f 4548 4547 4564
f 4564 4547 4563
f 4549 4548 4565
f 4565 4548 4564
f 4550 4549 4566
f 4566 4549 4565
f 4551 4550 4567
f 4567 4550 4566
f 4568 4552 4551
f 4568 4551 4567
f 4569 4552 4568
f 4569 4553 4552
f 4569 4570 4553
f 4570 4554 4553
f 4570 4571 4554
f 4554 4571 4555
f 4571 4572 4555
f 4555 4572 4556
f 4572 4573 4556
f 4556 4573 4557
f 4573 4559 4557
f 4558 4574 4560
f 4575 4574 4558
f 4558 4559 4575
f 4575 4559 4573
f 4560 4574 4576
f 4561 4560 4577
f 4577 4560 4576
f 4562 4561 4578
f 4578 4561 4577
f 4563 4562 4579
f 4579 4562 4578
f 4564 4563 4580
f 4563 4579 4580
f 4565 4564 4581
f 4564 4580 4581
f 4565 4582 4566
f 4565 4581 4582
f 4566 4583 4567
f 4566 4582 4583
f 4567 4584 4568
f 4583 4584 4567
f 4584 4585 4568
f 4568 4585 4569
f 4585 4586 4569
f 4569 4586 4570
f 4586 4587 4570
f 4587 4571 4570
f 4587 4588 4571
f 4588 4572 4571
f 4588 4589 4572
f 4589 4573 4572
f 4575 4573 4589
f 4576 4574 4590
f 4590 4574 4591
f 4591 4574 4575
f 4589 4591 4575
f 4590 4592 4576
f 4576 4593 4577
f 4576 4592 4593
f 4578 4577 4594
f 4577 4593 4594
f 4579 4578 4595
f 4578 4594 4595
f 4580 4579 4596
f 4596 4579 4595
f 4581 4580 4597
f 4597 4580 4596
f 4582 4581 4598
f 4598 4581 4597
f 4583 4582 4599
f 4599 4582 4598
f 4600 4584 4583
f 4600 4583 4599
f 4601 4584 4600
f 4601 4585 4584
f 4601 4602 4585
f 4602 4586 4585
f 4602 4603 4586
f 4586 4603 4587
f 4603 4604 4587
f 4587 4604 4588
f 4604 4605 4588
f 4588 4605 4589
f 4605 4591 4589
f 4590 4606 4592
f 4607 4606 4590
f 4590 4591 4607
f 4607 4591 4605
f 4592 4606 4608
f 4593 4592 4609
f 4609 4592 4608
f 4594 4593 4610
f 4610 4593 4609
f 4595 4594 4611
f 4611 4594 4610
f 4596 4595 4612
f 4595 4611 4612
f 4597 4596 4613
f 4596 4612 4613
f 4597 4614 4598
f 4597 4613 4614
f 4598 4615 4599
f 4598 4614 4615
f 4599 4616 4600
f 4615 4616 4599
f 4616 4617 4600
f 4600 4617 4601
f 4617 4618 4601
f 4601 4618 4602
f 4618 4619 4602
f 4619 4603 4602
f 4619 4620 4603
f 4620 4604 4603
f 4620 4621 4604
f 4621 4605 4604
f 4607 4605 4621
f 4608 4606 4622
f 4622 4606 4623
f 4623 4606 4607
f 4621 4623 4607
f 4622 4624 4608
f 4608 4625 4609
f 4608 4624 4625
f 4610 4609 4626
f 4609 4625 4626
f 4611 4610 4627
f 4610 4626 4627
f 4612 4611 4628
f 4628 4611 4627
f 4613 4612 4629
f 4629 4612 4628
f 4614 4613 4630
f 4630 4613 4629
f 4615 4614 4631
f 4631 4614 4630
f 4632 4616 4615
f 4632 4615 4631
f 4633 4616 4632
f 4633 4617 4616
f 4633 4634 4617
f 4634 4618 4617
f 4634 4635 4618
f 4618 4635 4619
f 4635 4636 4619
f 4619 4636 4620
f 4636 4637 4620
f 4620 4637 4621
f 4637 4623 4621
f 4622 4638 4624
f 4639 4638 4622
f 4622 4623 4639
f 4639 4623 4637
f 4624 4638 4640
f 4625 4624 4641
f 4641 4624 4640
f 4626 4625 4642
f 4642 4625 4641
f 4627 4626 4643
f 4643 4626 4642
f 4628 4627 4644
f 4627 4643 4644
f 4629 4628 4645
f 4628 4644 4645
f 4629 4646 4630
f 4629 4645 4646
f 4630 4647 4631
f 4630 4646 4647
f 4631 4648 4632
f 4647 4648 4631
f 4648 4649 4632
f 4632 4649 4633
f 4649 4650 4633
f 4633 4650 4634
f 4650 4651 4634
f 4651 4635 4634
f 4651 4652 4635
f 4652 4636 4635
f 4652 4653 4636
f 4653 4637 4636
f 4639 4637 4653
f 4640 4638 4654
f 4654 4638 4655
f 4655 4638 4639
f 4653 4655 4639
f 4654 4656 4640
f 4640 4657 4641
f 4640 4656 4657
f 4642 4641 4658
f 4641 4657 4658
f 4643 4642 4659
f 4642 4658 4659
f 4644 4643 4660
f 4660 4643 4659
f 4645 4644 4661
f 4661 4644 4660
f 4646 4645 4662
f 4662 4645 4661
f 4647 4646 4663
f 4663 4646 4662
f 4664 4648 4647
f 4664 4647 4663
f 4665 4648 4664
f 4665 4649 4648
f 4665 4666 4649
f 4666 4650 4649
f 4666 4667 4650
f 4650 4667 4651
f 4667 4668 4651
f 4651 4668 4652
f 4668 4669 4652
f 4652 4669 4653
f 4669 4655 4653
f 4654 4670 4656
f 4671 4670 4654
f 4654 4655 4671
f 4671 4655 4669
f 4656 4670 4672
f 4657 4656 4673
f 4673 4656 4672
f 4658 4657 4674
f 4674 4657 4673
f 4659 4658 4675
f 4675 4658 4674
f 4660 4659 4676
f 4659 4675 4676
f 4661 4660 4677
f 4660 4676 4677
f 4661 4678 4662
f 4661 4677 4678
f 4662 4679 4663
f 4662 4678 4679
f 4663 4680 4664
f 4679 4680 4663
f 4680 4681 4664
f 4664 4681 4665
f 4681 4682 4665
f 4665 4682 4666
f 4682 4683 4666
f 4683 4667 4666
f 4683 4684 4667
f 4684 4668 4667
f 4684 4685 4668
f 4685 4669 4668
f 4671 4669 4685
f 4672 4670 4686
f 4686 4670 4687
f 4687 4670 4671
f 4685 4687 4671
f 4686 4688 4672
f 4672 4689 4673
f 4672 4688 4689
f 4674 4673 4690
f 4673 4689 4690
f 4675 4674 4691
f 4674 4690 4691
f 4676 4675 4692
f 4692 4675 4691
f 4677 4676 4693
f 4693 4676 4692
f 4678 4677 4694
f 4694 4677 4693
f 4679 4678 4695
f 4695 4678 4694
f 4696 4680 4679
f 4696 4679 4695
f 4697 4680 4696
f 4697 4681 4680
f 4697 4698 4681
f 4698 4682 4681
f 4698 4699 4682
f 4682 4699 4683
f 4699 4700 4683
f 4683 4700 4684
f 4700 4701 4684
f 4684 4701 4685
f 4701 4687 4685
f 4686 4702 4688
f 4703 4702 4686
f 4686 4687 4703
f 4703 4687 4701
f 4688 4702 4704
f 4689 4688 4705
f 4705 4688 4704
f 4690 4689 4706
f 4706 4689 4705
f 4691 4690 4707
f 4707 4690 4706
f 4692 4691 4708
f 4691 4707 4708
f 4693 4692 4709
f 4692 4708 4709
f 4693 4710 4694
f 4693 4709 4710
f 4694 4711 4695
f 4694 4710 4711
f 4695 4712 4696
f 4711 4712 4695
f 4712 4713 4696
f 4696 4713 4697
f 4713 4714 4697
f 4697 4714 4698
f 4714 4715 4698
f 4715 4699 4698
f 4715 4716 4699
f 4716 4700 4699
f 4716 4717 4700
f 4717 4701 4700
f 4703 4701 4717
f 4704 4702 4718
f 4718 4702 4719
f 4719 4702 4703
f 4717 4719 4703
f 4718 4720 4704
f 4704 4721 4705
f 4704 4720 4721
f 4706 4705 4722
f 4705 4721 4722
f 4707 4706 4723
f 4706 4722 4723
f 4708 4707 4724
f 4724 4707 4723
f 4709 4708 4725
f 4725 4708 4724
f 4710 4709 4726
f 4726 4709 4725
f 4711 4710 4727
f 4727 4710 4726
f 4728 4712 4711
f 4728 4711 4727
f 4729 4712 4728
f 4729 4713 4712
f 4729 4730 4713
f 4730 4714 4713
f 4730 4731 4714
f 4714 4731 4715
f 4731 4732 4715
f 4715 4732 4716
f 4732 4733 4716
f 4716 4733 4717
f 4733 4719 4717
f 4718 4734 4720
f 4735 4734 4718
f 4718 4719 4735
f 4735 4719 4733
f 4720 4734 4736
f 4721 4720 4737
f 4737 4720 4736
f 4722 4721 4738
f 4738 4721 4737
f 4723 4722 4739
f 4739 4722 4738
f 4724 4723 4740
f 4723 4739 4740
f 4725 4724 4741
f 4724 4740 4741
f 4725 4742 4726
f 4725 4741 4742
f 4726 4743 4727
f 4726 4742 4743
f 4727 4744 4728
f 4743 4744 4727
f 4744 4745 4728
f 4728 4745 4729
f 4745 4746 4729
f 4729 4746 4730
f 4746 4747 4730
f 4747 4731 4730
f 4747 4748 4731
f 4748 4732 4731
f 4748 4749 4732
f 4749 4733 4732
f 4735 4733 4749
f 4736 4734 4750
f 4750 4734 4751
f 4751 4734 4735
f 4749 4751 4735
f 4750 4752 4736
f 4736 4753 4737
f 4736 4752 4753
f 4738 4737 4754
f 4737 4753 4754
f 4739 4738 4755
f 4738 4754 4755
f 4740 4739 4756
f 4756 4739 4755
f 4741 4740 4757
f 4757 4740 4756
f 4742 4741 4758
f 4758 4741 4757
f 4743 4742 4759
f 4759 4742 4758
f 4760 4744 4743
f 4760 4743 4759
f 4761 4744 4760
f 4761 4745 4744
f 4761 4762 4745
f 4762 4746 4745
f 4762 4763 4746
f 4746 4763 4747
f 4763 4764 4747
f 4747 4764 4748
f 4764 4765 4748
f 4748 4765 4749
f 4765 4751 4749
f 4750 4766 4752
f 4767 4766 4750
f 4750 4751 4767
f 4767 4751 4765
f 4752 4766 4768
f 4753 4752 4769
f 4769 4752 4768
f 4754 4753 4770
f 4770 4753 4769
f 4755 4754 4771
f 4771 4754 4770
f 4756 4755 4772
f 4755 4771 4772
f 4757 4756 4773
f 4756 4772 4773
f 4757 4774 4758
f 4757 4773 4774
f 4758 4775 4759
f 4758 4774 4775
f 4759 4776 4760
f 4775 4776 4759
f 4776 4777 4760
f 4760 4777 4761
f 4777 4778 4761
f 4761 4778 4762
f 4778 4779 4762
f 4779 4763 4762
f 4779 4780 4763
f 4780 4764 4763
f 4780 4781 4764
f 4781 4765 4764
f 4767 4765 4781
f 4768 4766 4782
f 4782 4766 4783
f 4783 4766 4767
f 4781 4783 4767
f 4782 4784 4768
f 4768 4785 4769
f 4768 4784 4785
f 4770 4769 4786
f 4769 4785 4786
f 4771 4770 4787
f 4770 4786 4787
f 4772 4771 4788
f 4788 4771 4787
f 4773 4772 4789
f 4789 4772 4788
f 4774 4773 4790
f 4790 4773 4789
f 4775 4774 4791
f 4791 4774 4790
f 4792 4776 4775
f 4792 4775 4791
f 4793 4776 4792
f 4793 4777 4776
f 4793 4794 4777
f 4794 4778 4777
f 4794 4795 4778
f 4778 4795 4779
f 4795 4796 4779
f 4779 4796 4780
f 4796 4797 4780
f 4780 4797 4781
f 4797 4783 4781
f 4782 4798 4784
f 4799 4798 4782
f 4782 4783 4799
f 4799 4783 4797
f 4784 4798 4800
f 4785 4784 4801
f 4801 4784 4800
f 4786 4785 4802
f 4802 4785 4801
f 4787 4786 4803
f 4803 4786 4802
f 4788 4787 4804
f 4787 4803 4804
f 4789 4788 4805
f 4788 4804 4805
f 4789 4806 4790
f 4789 4805 4806
f 4790 4807 4791
f 4790 4806 4807
f 4791 4808 4792
f 4807 4808 4791
f 4808 4809 4792
f 4792 4809 4793
f 4809 4810 4793
f 4793 4810 4794
f 4810 4811 4794
f 4811 4795 4794
f 4811 4812 4795
f 4812 4796 4795
f 4812 4813 4796
f 4813 4797 4796
f 4799 4797 4813
f 4800 4798 4814
f 4814 4798 4815
f 4815 4798 4799
f 4813 4815 4799
f 4814 4816 4800
f 4800 4817 4801
f 4800 4816 4817
f 4802 4801 4818
f 4801 4817 4818
f 4803 4802 4819
f 4802 4818 4819
f 4804 4803 4820
f 4820 4803 4819
f 4805 4804 4821
f 4821 4804 4820
f 4806 4805 4822
f 4822 4805 4821
f 4807 4806 4823
f 4823 4806 4822
f 4824 4808 4807
f 4824 4807 4823
f 4825 4808 4824
f 4825 4809 4808
f 4825 4826 4809
f 4826 4810 4809
f 4826 4827 4810
f 4810 4827 4811
f 4827 4828 4811
f 4811 4828 4812
f 4828 4829 4812
f 4812 4829 4813
f 4829 4815 4813
f 4814 4830 4816
f 4831 4830 4814
f 4814 4815 4831
f 4831 4815 4829
f 4816 4830 4832
f 4817 4816 4833
f 4833 4816 4832
f 4818 4817 4834
f 4834 4817 4833
f 4819 4818 4835
f 4835 4818 4834
f 4820 4819 4836
f 4819 4835 4836
f 4821 4820 4837
f 4820 4836 4837
f 4821 4838 4822
f 4821 4837 4838
f 4822 4839 4823
f 4822 4838 4839
f 4823 4840 4824
f 4839 4840 4823
f 4840 4841 4824
f 4824 4841 4825
f 4841 4842 4825
f 4825 4842 4826
f 4842 4843 4826
f 4843 4827 4826
f 4843 4844 4827
f 4844 4828 4827
f 4844 4845 4828
f 4845 4829 4828
f 4831 4829 4845
f 4832 4830 4846
f 4846 4830 4847
f 4847 4830 4831
f 4845 4847 4831
f 4846 4848 4832
f 4832 4849 4833
f 4832 4848 4849
f 4834 4833 4850
f 4833 4849 4850
f 4835 4834 4851
f 4834 4850 4851
f 4836 4835 4852
f 4852 4835 4851
f 4837 4836 4853
f 4853 4836 4852
f 4838 4837 4854
f 4854 4837 4853
f 4839 4838 4855
f 4855 4838 4854
f 4856 4840 4839
f 4856 4839 4855
f 4857 4840 4856
f 4857 4841 4840
f 4857 4858 4841
f 4858 4842 4841
f 4858 4859 4842
f 4842 4859 4843
f 4859 4860 4843
f 4843 4860 4844
f 4860 4861 4844
f 4844 4861 4845
f 4861 4847 4845
f 4846 4862 4848
f 4863 4862 4846
f 4846 4847 4863
f 4863 4847 4861
f 4848 4862 4864
f 4849 4848 4865
f 4865 4848 4864
f 4850 4849 4866
f 4866 4849 4865
f 4851 4850 4867
f 4867 4850 4866
f 4852 4851 4868
f 4851 4867 4868
f 4853 4852 4869
f 4852 4868 4869
f 4853 4870 4854
f 4853 4869 4870
f 4854 4871 4855
f 4854 4870 4871
f 4855 4872 4856
f 4871 4872 4855
f 4872 4873 4856
f 4856 4873 4857
f 4873 4874 4857
f 4857 4874 4858
f 4874 4875 4858
f 4875 4859 4858
f 4875 4876 4859
f 4876 4860 4859
f 4876 4877 4860
f 4877 4861 4860
f 4863 4861 4877
f 4864 4862 4878
f 4878 4862 4879
f 4879 4862 4863
f 4877 4879 4863
f 4878 4880 4864
f 4864 4881 4865
f 4864 4880 4881
f 4866 4865 4882
f 4865 4881 4882
f 4867 4866 4883
f 4866 4882 4883
f 4868 4867 4884
f 4884 4867 4883
f 4869 4868 4885
f 4885 4868 4884
f 4870 4869 4886
f 4886 4869 4885
f 4871 4870 4887
f 4887 4870 4886
f 4888 4872 4871
f 4888 4871 4887
f 4889 4872 4888
f 4889 4873 4872
f 4889 4890 4873
f 4890 4874 4873
f 4890 4891 4874
f 4874 4891 4875
f 4891 4892 4875
f 4875 4892 4876
f 4892 4893 4876
f 4876 4893 4877
f 4893 4879 4877
f 4878 4894 4880
f 4895 4894 4878
f 4878 4879 4895
f 4895 4879 4893
f 4880 4894 4896
f 4881 4880 4897
f 4897 4880 4896
f 4882 4881 4898
f 4898 4881 4897
f 4883 4882 4899
f 4899 4882 4898
f 4884 4883 4900
f 4883 4899 4900
f 4885 4884 4901
f 4884 4900 4901
f 4885 4902 4886
f 4885 4901 4902
f 4886 4903 4887
f 4886 4902 4903
f 4887 4904 4888
f 4903 4904 4887
f 4904 4905 4888
f 4888 4905 4889
f 4905 4906 4889
f 4889 4906 4890
f 4906 4907 4890
f 4907 4891 4890
f 4907 4908 4891
f 4908 4892 4891
f 4908 4909 4892
f 4909 4893 4892
f 4895 4893 4909
f 4896 4894 4910
f 4910 4894 4911
f 4911 4894 4895
f 4909 4911 4895
f 4910 4912 4896
f 4896 4913 4897
f 4896 4912 4913
f 4898 4897 4914
f 4897 4913 4914
f 4899 4898 4915
f 4898 4914 4915
f 4900 4899 4916
f 4916 4899 4915
f 4901 4900 4917
f 4917 4900 4916
f 4902 4901 4918
f 4918 4901 4917
f 4903 4902 4919
f 4919 4902 4918
f 4920 4904 4903
f 4920 4903 4919
f 4921 4904 4920
f 4921 4905 4904
f 4921 4922 4905
f 4922 4906 4905
f 4922 4923 4906
f 4906 4923 4907
f 4923 4924 4907
f 4907 4924 4908
f 4924 4925 4908
f 4908 4925 4909
f 4925 4911 4909
f 4910 4926 4912
f 4927 4926 4910
f 4910 4911 4927
f 4927 4911 4925
f 4912 4926 4928
f 4913 4912 4929
f 4929 4912 4928
f 4914 4913 4930
f 4930 4913 4929
f 4915 4914 4931
f 4931 4914 4930
f 4916 4915 4932
f 4915 4931 4932
f 4917 4916 4933
f 4916 4932 4933
f 4917 4934 4918
f 4917 4933 4934
f 4918 4935 4919
f 4918 4934 4935
f 4919 4936 4920
f 4935 4936 4919
f 4936 4937 4920
f 4920 4937 4921
f 4937 4938 4921
f 4921 4938 4922
f 4938 4939 4922
f 4939 4923 4922
f 4939 4940 4923
f 4940 4924 4923
f 4940 4941 4924
f 4941 4925 4924
f 4927 4925 4941
f 4928 4926 4942
f 4942 4926 4943
f 4943 4926 4927
f 4941 4943 4927
f 4942 4944 4928
f 4928 4945 4929
f 4928 4944 4945
f 4930 4929 4946
f 4929 4945 4946
f 4931 4930 4947
f 4930 4946 4947
f 4932 4931 4948
f 4948 4931 4947
f 4933 4932 4949
f 4949 4932 4948
f 4934 4933 4950
f 4950 4933 4949
f 4935 4934 4951
f 4951 4934 4950
f 4952 4936 4935
f 4952 4935 4951
f 4953 4936 4952
f 4953 4937 4936
f 4953 4954 4937
f 4954 4938 4937
f 4954 4955 4938
f 4938 4955 4939
f 4955 4956 4939
f 4939 4956 4940
f 4956 4957 4940
f 4940 4957 4941
f 4957 4943 4941
f 4942 4958 4944
f 4959 4958 4942
f 4942 4943 4959
f 4959 4943 4957
f 4944 4958 4960
f 4945 4944 4961
f 4961 4944 4960
f 4946 4945 4962
f 4962 4945 4961
f 4947 4946 4963
f 4963 4946 4962
f 4948 4947 4964
f 4947 4963 4964
f 4949 4948 4965
f 4948 4964 4965
f 4949 4966 4950
f 4949 4965 4966
f 4950 4967 4951
f 4950 4966 4967
f 4951 4968 4952
f 4967 4968 4951
f 4968 4969 4952
f 4952 4969 4953
f 4969 4970 4953
f 4953 4970 4954
f 4970 4971 4954
f 4971 4955 4954
f 4971 4972 4955
f 4972 4956 4955
f 4972 4973 4956
f 4973 4957 4956
f 4959 4957 4973
f 4960 4958 4974
f 4974 4958 4975
f 4975 4958 4959
f 4973 4975 4959
f 4974 4976 4960
f 4960 4977 4961
f 4960 4976 4977
f 4962 4961 4978
f 4961 4977 4978
f 4963 4962 4979
f 4962 4978 4979
f 4964 4963 4980
f 4980 4963 4979
f 4965 4964 4981
f 4981 4964 4980
f 4966 4965 4982
f 4982 4965 4981
f 4967 4966 4983
f 4983 4966 4982
f 4984 4968 4967
f 4984 4967 4983
f 4985 4968 4984
f 4985 4969 4968
f 4985 4986 4969
f 4986 4970 4969
f 4986 4987 4970
f 4970 4987 4971
f 4987 4988 4971
f 4971 4988 4972
f 4988 4989 4972
f 4972 4989 4973
f 4989 4975 4973
f 4974 4990 4976
f 4991 4990 4974
f 4974 4975 4991
f 4991 4975 4989
f 4976 4990 4992
f 4977 4976 4993
f 4993 4976 4992
f 4978 4977 4994
f 4994 4977 4993
f 4979 4978 4995
f 4995 4978 4994
f 4980 4979 4996
f 4979 4995 4996
f 4981 4980 4997
f 4980 4996 4997
f 4981 4998 4982
f 4981 4997 4998
f 4982 4999 4983
f 4982 4998 4999
f 4983 5000 4984
f 4999 5000 4983
f 5000 5001 4984
f 4984 5001 4985
f 5001 5002 4985
f 4985 5002 4986
f 5002 5003 4986
f 5003 4987 4986
f 5003 5004 4987
f 5004 4988 4987
f 5004 5005 4988
f 5005 4989 4988
f 4991 4989 5005
f 4992 4990 5006
f 5006 4990 5007
f 5007 4990 4991
f 5005 5007 4991
f 5006 5008 4992
f 4992 5009 4993
f 4992 5008 5009
f 4994 4993 5010
f 4993 5009 5010
f 4995 4994 5011
f 4994 5010 5011
f 4996 4995 5012
f 5012 4995 5011
f 4997 4996 5013
f 5013 4996 5012
f 4998 4997 5014
f 5014 4997 5013
f 4999 4998 5015
f 5015 4998 5014
f 5016 5000 4999
f 5016 4999 5015
f 5017 5000 5016
f 5017 5001 5000
f 5017 5018 5001
f 5018 5002 5001
f 5018 5019 5002
f 5002 5019 5003
f 5019 5020 5003
f 5003 5020 5004
f 5020 5021 5004
f 5004 5021 5005
f 5021 5007 5005
f 5006 5022 5008
f 5023 5022 5006
f 5006 5007 5023
f 5023 5007 5021
f 5008 5022 5024
f 5009 5008 5025
f 5025 5008 5024
f 5010 5009 5026
f 5026 5009 5025
f 5011 5010 5027
f 5027 5010 5026
f 5012 5011 5028
f 5011 5027 5028
f 5013 5012 5029
f 5012 5028 5029
f 5013 5030 5014
f 5013 5029 5030
f 5014 5031 5015
f 5014 5030 5031
f 5015 5032 5016
f 5031 5032 5015
f 5032 5033 5016
f 5016 5033 5017
f 5033 5034 5017
f 5017 5034 5018
f 5034 5035 5018
f 5035 5019 5018
f 5035 5036 5019
f 5036 5020 5019
f 5036 5037 5020
f 5037 5021 5020
f 5023 5021 5037
f 5024 5022 5038
f 5038 5022 5039
f 5039 5022 5023
f 5037 5039 5023
f 5038 5040 5024
f 5024 5041 5025
f 5024 5040 5041
f 5026 5025 5042
f 5025 5041 5042
f 5027 5026 5043
f 5026 5042 5043
f 5028 5027 5044
f 5044 5027 5043
f 5029 5028 5045
f 5045 5028 5044
f 5030 5029 5046
f 5046 5029 5045
f 5031 5030 5047
f 5047 5030 5046
f 5048 5032 5031
f 5048 5031 5047
f 5049 5032 5048
f 5049 5033 5032
f 5049 5050 5033
f 5050 5034 5033
f 5050 5051 5034
f 5034 5051 5035
f 5051 5052 5035
f 5035 5052 5036
f 5052 5053 5036
f 5036 5053 5037
f 5053 5039 5037
f 5038 5054 5040
f 5055 5054 5038
f 5038 5039 5055
f 5055 5039 5053
f 5040 5054 5056
f 5041 5040 5057
f 5057 5040 5056
f 5042 5041 5058
f 5058 5041 5057
f 5043 5042 5059
f 5059 5042 5058
f 5044 5043 5060
f 5043 5059 5060
f 5045 5044 5061
f 5044 5060 5061
f 5045 5062 5046
f 5045 5061 5062
f 5046 5063 5047
f 5046 5062 5063
f 5047 5064 5048
f 5063 5064 5047
f 5064 5065 5048
f 5048 5065 5049
f 5065 5066 5049
f 5049 5066 5050
f 5066 5067 5050
f 5067 5051 5050
f 5067 5068 5051
f 5068 5052 5051
f 5068 5069 5052
f 5069 5053 5052
f 5055 5053 5069
f 5056 5054 5070
f 5070 5054 5071
f 5071 5054 5055
f 5069 5071 5055
f 5070 5072 5056
f 5056 5073 5057
f 5056 5072 5073
f 5058 5057 5074
f 5057 5073 5074
f 5059 5058 5075
f 5058 5074 5075
f 5060 5059 5076
f 5076 5059 5075
f 5061 5060 5077
f 5077 5060 5076
f 5062 5061 5078
f 5078 5061 5077
f 5063 5062 5079
f 5079 5062 5078
f 5080 5064 5063
f 5080 5063 5079
f 5081 5064 5080
f 5081 5065 5064
f 5081 5082 5065
f 5082 5066 5065
f 5082 5083 5066
f 5066 5083 5067
f 5083 5084 5067
f 5067 5084 5068
f 5084 5085 5068
f 5068 5085 5069
f 5085 5071 5069
f 5070 5086 5072
f 5087 5086 5070
f 5070 5071 5087
f 5087 5071 5085
f 5072 5086 5088
f 5073 5072 5089
f 5089 5072 5088
f 5074 5073 5090
f 5090 5073 5089
f 5075 5074 5091
f 5091 5074 5090
f 5076 5075 5092
f 5075 5091 5092
f 5077 5076 5093
f 5076 5092 5093
f 5077 5094 5078
f 5077 5093 5094
f 5078 5095 5079
f 5078 5094 5095
f 5079 5096 5080
f 5095 5096 5079
f 5096 5097 5080
f 5080 5097 5081
f 5097 5098 5081
f 5081 5098 5082
f 5098 5099 5082
f 5099 5083 5082
f 5099 5100 5083
f 5100 5084 5083
f 5100 5101 5084
f 5101 5085 5084
f 5087 5085 5101
f 5088 5086 5102
f 5102 5086 5103
f 5103 5086 5087
f 5101 5103 5087
f 5102 5104 5088
f 5088 5105 5089
f 5088 5104 5105
f 5090 5089 5106
f 5089 5105 5106
f 5091 5090 5107
f 5090 5106 5107
f 5092 5091 5108
f 5108 5091 5107
f 5093 5092 5109
f 5109 5092 5108
f 5094 5093 5110
f 5110 5093 5109
f 5095 5094 5111
f 5111 5094 5110
f 5112 5096 5095
f 5112 5095 5111
f 5113 5096 5112
f 5113 5097 5096
f 5113 5114 5097
f 5114 5098 5097
f 5114 5115 5098
f 5098 5115 5099
f 5115 5116 5099
f 5099 5116 5100
f 5116 5117 5100
f 5100 5117 5101
f 5117 5103 5101
f 5102 5118 5104
f 5119 5118 5102
f 5102 5103 5119
f 5119 5103 5117
f 5104 5118 5120
f 5105 5104 5121
f 5121 5104 5120
f 5106 5105 5122
f 5122 5105 5121
f 5107 5106 5123
f 5123 5106 5122
f 5108 5107 5124
f 5107 5123 5124
f 5109 5108 5125
f 5108 5124 5125
f 5109 5126 5110
f 5109 5125 5126
f 5110 5127 5111
f 5110 5126 5127
f 5111 5128 5112
f 5127 5128 5111
f 5128 5129 5112
f 5112 5129 5113
f 5129 5130 5113
f 5113 5130 5114
f 5130 5131 5114
f 5131 5115 5114
f 5131 5132 5115
f 5132 5116 5115
f 5132 5133 5116
f 5133 5117 5116
f 5119 5117 5133
f 5120 5118 5134
f 5134 5118 5135
f 5135 5118 5119
f 5133 5135 5119
f 5134 5136 5120
f 5120 5137 5121
f 5120 5136 5137
f 5122 5121 5138
f 5121 5137 5138
f 5123 5122 5139
f 5122 5138 5139
f 5124 5123 5140
f 5140 5123 5139
f 5125 5124 5141
f 5141 5124 5140
f 5126 5125 5142
f 5142 5125 5141
f 5127 5126 5143
f 5143 5126 5142
f 5144 5128 5127
f 5144 5127 5143
f 5145 5128 5144
f 5145 5129 5128
f 5145 5146 5129
f 5146 5130 5129
f 5146 5147 5130
f 5130 5147 5131
f 5147 5148 5131
f 5131 5148 5132
f 5148 5149 5132
f 5132 5149 5133
f 5149 5135 5133
f 5134 5150 5136
f 5151 5150 5134
f 5134 5135 5151
f 5151 5135 5149
f 5136 5150 5152
f 5137 5136 5153
f 5153 5136 5152
f 5138 5137 5154
f 5154 5137 5153
f 5139 5138 5155
f 5155 5138 5154
f 5140 5139 5156
f 5139 5155 5156
f 5141 5140 5157
f 5140 5156 5157
f 5141 5158 5142
f 5141 5157 5158
f 5142 5159 5143
f 5142 5158 5159
f 5143 5160 5144
f 5159 5160 5143
f 5160 5161 5144
f 5144 5161 5145
f 5161 5162 5145
f 5145 5162 5146
f 5162 5163 5146
f 5163 5147 5146
f 5163 5164 5147
f 5164 5148 5147
f 5164 5165 5148
f 5165 5149 5148
f 5151 5149 5165
f 5152 5150 5166
f 5166 5150 5167
f 5167 5150 5151
f 5165 5167 5151
f 5166 5168 5152
f 5152 5169 5153
f 5152 5168 5169
f 5154 5153 5170
f 5153 5169 5170
f 5155 5154 5171
f 5154 5170 5171
f 5156 5155 5172
f 5172 5155 5171
f 5157 5156 5173
f 5173 5156 5172
f 5158 5157 5174
f 5174 5157 5173
f 5159 5158 5175
f 5175 5158 5174
f 5176 5160 5159
f 5176 5159 5175
f 5177 5160 5176
f 5177 5161 5160
f 5177 5178 5161
f 5178 5162 5161
f 5178 5179 5162
f 5162 5179 5163
f 5179 5180 5163
f 5163 5180 5164
f 5180 5181 5164
f 5164 5181 5165
f 5181 5167 5165
f 5166 5182 5168
f 5183 5182 5166
f 5166 5167 5183
f 5183 5167 5181
f 5168 5182 5184
f 5169 5168 5185
f 5185 5168 5184
f 5170 5169 5186
f 5186 5169 5185
f 5171 5170 5187
f 5187 5170 5186
f 5172 5171 5188
f 5171 5187 5188
f 5173 5172 5189
f 5172 5188 5189
f 5173 5190 5174
f 5173 5189 5190
f 5174 5191 5175
f 5174 5190 5191
f 5175 5192 5176
f 5191 5192 5175
f 5192 5193 5176
f 5176 5193 5177
f 5193 5194 5177
f 5177 5194 5178
f 5194 5195 5178
f 5195 5179 5178
f 5195 5196 5179
f 5196 5180 5179
f 5196 5197 5180
f 5197 5181 5180
f 5183 5181 5197
f 5184 5182 5198
f 5198 5182 5199
f 5199 5182 5183
f 5197 5199 5183
f 5200 5201 5198
f 5198 5201 5184
f 5202 5203 5184
f 5184 5203 5185
f 5201 5204 5184
f 5184 5204 5202
f 5185 5205 5186
f 5186 5205 5206
f 5203 5207 5185
f 5185 5207 5205
f 5186 5208 5187
f 5187 5208 5209
f 5206 5210 5186
f 5186 5210 5208
f 5187 5211 5188
f 5188 5211 5212
f 5187 5209 5211
f 5211 5209 5213
f 5188 5214 5189
f 5189 5214 5215
f 5188 5216 5214
f 5188 5212 5216
f 5189 5217 5190
f 5190 5217 5218
f 5189 5215 5217
f 5217 5215 5219
f 5191 5190 5220
f 5190 5218 5221
f 5190 5221 5222
f 5190 5222 5220
f 5223 5220 5222
f 5224 5192 5191
f 5224 5191 5220
f 5225 5192 5224
f 5225 5193 5192
f 5225 5226 5193
f 5226 5194 5193
f 5226 5227 5194
f 5194 5227 5195
f 5227 5228 5195
f 5195 5228 5196
f 5228 5229 5196
f 5196 5229 5197
f 5229 5199 5197
f 5230 5231 5198
f 5198 5231 5200
f 5230 5198 5232
f 5232 5198 5233
f 5198 5199 5233
f 5233 5199 5229
f 5231 5234 5200
f 5200 5234 5201
f 5204 5201 5234
f 5235 5204 5234
f 5202 5204 5235
f 5203 5202 5235
f 5207 5203 5235
f 5236 5207 5235
f 5205 5207 5236
f 5206 5205 5236
f 5206 5236 5210
f 5210 5236 5237
f 5210 5237 5208
f 5208 5237 5209
f 5237 5238 5209
f 5209 5238 5213
f 5213 5238 5211
f 5211 5238 5212
f 5212 5238 5239
f 5216 5212 5239
f 5214 5216 5239
f 5215 5214 5239
f 5215 5239 5240
f 5219 5215 5240
f 5217 5240 5218
f 5219 5240 5217
f 5218 5240 5241
f 5221 5218 5241
f 5220 5223 5242
f 5220 5243 5224
f 5242 5243 5220
f 5241 5243 5242
f 5223 5222 5242
f 5221 5241 5242
f 5222 5221 5242
f 5243 5244 5224
f 5224 5244 5225
f 5244 5245 5225
f 5225 5245 5226
f 5245 5246 5226
f 5246 5227 5226
f 5246 5247 5227
f 5247 5228 5227
f 5247 5248 5228
f 5248 5229 5228
f 5233 5229 5248
f 5230 5249 5231
f 5231 5249 5234
f 5230 5232 5249
f 5249 5232 5250
f 5232 5233 5250
f 5250 5233 5251
f 5251 5233 5252
f 5252 5233 5248
f 5252 5248 5253
f 5234 5249 5254
f 5255 5234 5256
f 5256 5234 5254
f 5257 5234 5255
f 5258 5234 5257
f 5259 5234 5258
f 5260 5234 5259
f 5241 5234 5260
f 5240 5234 5241
f 5239 5234 5240
f 5238 5234 5239
f 5237 5234 5238
f 5236 5234 5237
f 5235 5234 5236
f 5261 5243 5241
f 5262 5261 5241
f 5241 5260 5262
f 5263 5243 5261
f 5244 5243 5264
f 5265 5243 5263
f 5264 5243 5265
f 5264 5266 5244
f 5245 5244 5267
f 5267 5244 5266
f 5267 5266 5268
f 5267 5269 5245
f 5270 5271 5246
f 5269 5270 5245
f 5245 5270 5246
f 5271 5272 5246
f 5273 5274 5247
f 5272 5273 5246
f 5246 5273 5247
f 5274 5275 5247
f 5276 5248 5277
f 5277 5248 5247
f 5277 5247 5275
f 5276 5253 5248
f 5250 5251 5249
f 5249 5251 5254
f 5254 5251 5252
f 5254 5252 5253
f 5276 5254 5253
f 5276 5256 5254
f 5262 5260 5261
f 5260 5259 5265
f 5261 5260 5263
f 5263 5260 5265
f 5265 5259 5264
f 5259 5258 5268
f 5264 5259 5266
f 5266 5259 5268
f 5268 5258 5267
f 5258 5257 5270
f 5267 5258 5269
f 5269 5258 5270
f 5257 5271 5270
f 5257 5255 5273
f 5271 5257 5272
f 5272 5257 5273
f 5255 5274 5273
f 5255 5256 5277
f 5274 5255 5275
f 5275 5255 5277
f 5256 5276 5277
f 5278 5279 5280
f 5280 5279 5281
f 5281 5279 5282
f 5282 5279 5283
f 5283 5279 5284
f 5284 5279 5278
f 5280 5285 5278
f 5286 5284 5278
f 5278 5287 5286
f 5278 5285 5287
f 5280 5288 5285
f 5289 5288 5280
f 5280 5281 5289
f 5289 5281 5290
f 5290 5281 5291
f 5291 5281 5282
f 5282 5292 5293
f 5291 5282 5293
f 5282 5294 5295
f 5292 5282 5295
f 5296 5294 5283
f 5283 5294 5282
f 5297 5298 5283
f 5283 5298 5296
f 5297 5283 5299
f 5299 5283 5300
f 5283 5284 5300
f 5300 5284 5301
f 5301 5284 5286
f 5285 5288 5302
f 5287 5285 5303
f 5303 5285 5302
f 5304 5301 5286
f 5304 5286 5305
f 5286 5287 5305
f 5305 5287 5306
f 5306 5287 5303
f 5302 5288 5307
f 5307 5288 5308
f 5308 5288 5289
f 5309 5308 5289
f 5289 5290 5309
f 5309 5290 5310
f 5310 5290 5311
f 5311 5290 5291
f 5311 5291 5312
f 5313 5311 5312
f 5291 5293 5314
f 5312 5291 5314
f 5293 5315 5314
f 5314 5315 5316
f 5295 5315 5292
f 5292 5315 5293
f 5294 5317 5295
f 5295 5317 5318
f 5295 5318 5319
f 5295 5319 5320
f 5320 5321 5295
f 5295 5321 5315
f 5298 5317 5296
f 5296 5317 5294
f 5297 5322 5298
f 5298 5322 5317
f 5297 5299 5322
f 5322 5299 5323
f 5323 5299 5300
f 5324 5323 5300
f 5325 5324 5300
f 5326 5325 5327
f 5327 5325 5300
f 5300 5301 5327
f 5327 5301 5328
f 5328 5301 5304
f 5307 5329 5302
f 5302 5330 5303
f 5302 5329 5330
f 5306 5303 5331
f 5303 5330 5331
f 5332 5328 5304
f 5332 5304 5333
f 5304 5305 5333
f 5333 5305 5334
f 5334 5305 5306
f 5334 5306 5335
f 5306 5331 5335
f 5307 5336 5329
f 5337 5336 5307
f 5307 5308 5337
f 5337 5308 5338
f 5338 5308 5309
f 5339 5338 5309
f 5339 5309 5310
f 5339 5310 5340
f 5340 5310 5341
f 5341 5310 5311
f 5341 5311 5342
f 5343 5341 5342
f 5311 5313 5344
f 5342 5311 5344
f 5344 5313 5316
f 5345 5344 5346
f 5346 5344 5316
f 5347 5344 5345
f 5348 5344 5347
f 5349 5344 5348
f 5314 5316 5312
f 5312 5316 5313
f 5321 5346 5315
f 5315 5346 5316
f 5321 5350 5351
f 5321 5320 5352
f 5353 5345 5351
f 5345 5346 5351
f 5352 5350 5321
f 5346 5321 5351
f 5320 5319 5352
f 5354 5350 5322
f 5318 5350 5352
f 5322 5350 5318
f 5318 5352 5319
f 5317 5322 5318
f 5354 5322 5355
f 5355 5322 5356
f 5355 5356 5357
f 5355 5357 5358
f 5356 5322 5359
f 5323 5324 5322
f 5322 5324 5359
f 5359 5324 5325
f 5325 5326 5359
f 5359 5326 5360
f 5361 5360 5362
f 5363 5360 5361
f 5357 5360 5363
f 5359 5360 5357
f 5356 5359 5357
f 5360 5326 5327
f 5364 5360 5327
f 5365 5364 5366
f 5366 5364 5327
f 5366 5327 5328
f 5366 5328 5367
f 5367 5328 5332
f 5329 5336 5368
f 5330 5329 5369
f 5369 5329 5368
f 5331 5330 5370
f 5370 5330 5369
f 5335 5331 5371
f 5371 5331 5370
f 5367 5332 5372
f 5372 5332 5373
f 5373 5332 5333
f 5373 5333 5374
f 5333 5334 5374
f 5374 5334 5375
f 5375 5334 5335
f 5375 5335 5376
f 5335 5371 5376
f 5368 5336 5377
f 5377 5336 5378
f 5378 5336 5337
f 5379 5378 5337
f 5337 5338 5379
f 5379 5338 5380
f 5380 5338 5339
f 5381 5380 5339
f 5381 5339 5340
f 5381 5340 5382
f 5382 5340 5383
f 5383 5340 5341
f 5383 5341 5384
f 5385 5383 5384
f 5341 5343 5386
f 5384 5341 5386
f 5386 5343 5349
f 5387 5386 5388
f 5388 5386 5349
f 5389 5386 5387
f 5390 5386 5389
f 5391 5386 5390
f 5342 5344 5349
f 5343 5342 5349
f 5349 5348 5388
f 5348 5351 5392
f 5348 5347 5353
f 5393 5387 5392
f 5387 5388 5392
f 5353 5351 5348
f 5388 5348 5392
f 5347 5345 5353
f 5354 5355 5350
f 5350 5355 5394
f 5350 5394 5395
f 5350 5395 5396
f 5350 5396 5397
f 5350 5397 5398
f 5350 5398 5392
f 5350 5392 5351
f 5399 5394 5361
f 5355 5358 5361
f 5355 5361 5394
f 5394 5399 5400
f 5394 5400 5401
f 5361 5358 5363
f 5358 5357 5363
f 5361 5362 5399
f 5399 5362 5402
f 5362 5364 5402
f 5402 5364 5365
f 5402 5365 5403
f 5362 5360 5364
f 5403 5365 5366
f 5403 5366 5404
f 5404 5366 5405
f 5404 5405 5406
f 5405 5366 5367
f 5407 5405 5367
f 5407 5367 5372
f 5377 5408 5368
f 5368 5409 5369
f 5368 5408 5409
f 5370 5369 5410
f 5369 5409 5410
f 5371 5370 5411
f 5370 5410 5411
f 5376 5371 5412
f 5412 5371 5411
f 5407 5372 5413
f 5413 5372 5414
f 5414 5372 5373
f 5414 5373 5415
f 5373 5374 5415
f 5415 5374 5416
f 5416 5374 5375
f 5416 5375 5417
f 5375 5376 5417
f 5417 5376 5418
f 5418 5376 5412
f 5377 5419 5408
f 5420 5419 5377
f 5377 5378 5420
f 5420 5378 5421
f 5421 5378 5379
f 5422 5421 5379
f 5422 5379 5380
f 5422 5380 5423
f 5423 5380 5381
f 5424 5423 5381
f 5424 5381 5382
f 5425 5424 5382
f 5425 5382 5426
f 5382 5383 5426
f 5426 5383 5427
f 5428 5426 5427
f 5429 5383 5385
f 5427 5383 5429
f 5391 5430 5385
f 5385 5430 5429
f 5384 5386 5391
f 5385 5384 5391
f 5390 5431 5391
f 5391 5431 5430
f 5390 5392 5398
f 5390 5389 5393
f 5432 5433 5398
f 5433 5431 5398
f 5393 5392 5390
f 5431 5390 5398
f 5389 5387 5393
f 5434 5398 5397
f 5434 5435 5432
f 5432 5398 5434
f 5436 5434 5397
f 5437 5396 5438
f 5437 5436 5397
f 5397 5396 5437
f 5439 5437 5438
f 5440 5396 5441
f 5395 5442 5441
f 5395 5441 5396
f 5396 5440 5443
f 5396 5443 5438
f 5441 5442 5444
f 5445 5395 5446
f 5394 5401 5446
f 5394 5446 5395
f 5395 5445 5447
f 5395 5447 5442
f 5446 5401 5448
f 5401 5400 5448
f 5402 5404 5399
f 5400 5404 5406
f 5446 5449 5450
f 5448 5449 5446
f 5399 5404 5400
f 5400 5406 5449
f 5400 5449 5448
f 5402 5403 5404
f 5449 5406 5405
f 5405 5451 5449
f 5452 5451 5453
f 5449 5451 5452
f 5451 5405 5407
f 5454 5451 5407
f 5454 5407 5413
f 5408 5419 5455
f 5409 5408 5456
f 5456 5408 5455
f 5410 5409 5457
f 5457 5409 5456
f 5411 5410 5458
f 5458 5410 5457
f 5412 5411 5459
f 5411 5458 5459
f 5418 5412 5460
f 5412 5459 5460
f 5454 5413 5461
f 5461 5413 5462
f 5462 5413 5414
f 5414 5463 5462
f 5414 5415 5463
f 5463 5415 5464
f 5464 5415 5416
f 5416 5465 5464
f 5416 5417 5465
f 5465 5417 5466
f 5466 5417 5418
f 5418 5467 5466
f 5418 5460 5467
f 5455 5419 5468
f 5468 5419 5469
f 5469 5419 5420
f 5470 5469 5420
f 5420 5421 5470
f 5470 5421 5471
f 5471 5421 5422
f 5472 5471 5422
f 5472 5422 5423
f 5472 5423 5473
f 5473 5423 5424
f 5473 5424 5474
f 5474 5424 5425
f 5475 5474 5425
f 5425 5476 5475
f 5425 5426 5476
f 5476 5426 5477
f 5478 5476 5477
f 5477 5426 5428
f 5479 5477 5428
f 5430 5431 5428
f 5428 5431 5433
f 5428 5433 5435
f 5435 5434 5428
f 5428 5434 5480
f 5428 5480 5479
f 5429 5430 5427
f 5427 5430 5428
f 5435 5433 5432
f 5480 5434 5436
f 5478 5480 5436
f 5481 5478 5436
f 5481 5436 5482
f 5436 5483 5482
f 5484 5483 5436
f 5485 5484 5436
f 5436 5486 5485
f 5436 5437 5486
f 5487 5488 5440
f 5443 5488 5489
f 5437 5484 5486
f 5439 5484 5437
f 5440 5488 5443
f 5443 5489 5484
f 5443 5484 5439
f 5438 5443 5439
f 5441 5490 5440
f 5440 5490 5487
f 5450 5452 5445
f 5445 5452 5453
f 5445 5453 5491
f 5441 5491 5490
f 5444 5491 5441
f 5447 5491 5444
f 5445 5491 5447
f 5442 5447 5444
f 5445 5446 5450
f 5452 5450 5449
f 5491 5453 5451
f 5491 5451 5492
f 5493 5491 5494
f 5494 5491 5492
f 5492 5451 5454
f 5495 5492 5454
f 5454 5461 5495
f 5468 5496 5455
f 5455 5497 5456
f 5455 5496 5497
f 5457 5456 5498
f 5456 5497 5498
f 5458 5457 5499
f 5457 5498 5499
f 5459 5458 5500
f 5500 5458 5499
f 5460 5459 5501
f 5501 5459 5500
f 5467 5460 5502
f 5502 5460 5501
f 5495 5461 5503
f 5503 5461 5504
f 5504 5461 5462
f 5462 5505 5504
f 5462 5463 5505
f 5505 5463 5506
f 5506 5463 5464
f 5464 5507 5506
f 5464 5465 5507
f 5507 5465 5508
f 5508 5465 5466
f 5466 5509 5508
f 5466 5467 5509
f 5509 5467 5510
f 5510 5467 5502
f 5468 5511 5496
f 5512 5511 5468
f 5468 5469 5512
f 5512 5469 5513
f 5513 5469 5470
f 5514 5513 5470
f 5514 5470 5471
f 5514 5471 5515
f 5515 5471 5472
f 5516 5515 5472
f 5516 5472 5473
f 5517 5516 5473
f 5517 5473 5474
f 5517 5474 5518
f 5518 5474 5475
f 5504 5518 5475
f 5475 5503 5504
f 5475 5476 5503
f 5503 5476 5482
f 5481 5476 5478
f 5482 5476 5481
f 5480 5477 5479
f 5480 5478 5477
f 5495 5503 5482
f 5482 5483 5495
f 5483 5492 5495
f 5519 5492 5483
f 5488 5519 5483
f 5489 5488 5483
f 5489 5483 5484
f 5485 5486 5484
f 5488 5487 5519
f 5490 5493 5487
f 5487 5493 5494
f 5487 5494 5519
f 5493 5490 5491
f 5519 5494 5492
f 5496 5511 5520
f 5497 5496 5521
f 5521 5496 5520
f 5498 5497 5522
f 5522 5497 5521
f 5499 5498 5523
f 5523 5498 5522
f 5500 5499 5524
f 5499 5523 5524
f 5501 5500 5525
f 5500 5524 5525
f 5501 5526 5502
f 5501 5525 5526
f 5502 5527 5510
f 5502 5526 5527
f 5505 5518 5504
f 5528 5518 5505
f 5528 5505 5506
f 5506 5529 5528
f 5507 5529 5506
f 5530 5529 5507
f 5530 5507 5508
f 5508 5531 5530
f 5509 5531 5508
f 5532 5531 5509
f 5532 5509 5510
f 5510 5533 5532
f 5527 5533 5510
f 5520 5511 5534
f 5534 5511 5535
f 5535 5511 5512
f 5536 5535 5512
f 5512 5513 5536
f 5536 5513 5537
f 5537 5513 5514
f 5538 5537 5514
f 5538 5514 5515
f 5538 5515 5539
f 5539 5515 5516
f 5539 5516 5540
f 5540 5516 5517
f 5528 5540 5517
f 5517 5518 5528
f 5534 5541 5520
f 5520 5542 5521
f 5520 5541 5542
f 5522 5521 5543
f 5521 5542 5543
f 5523 5522 5544
f 5522 5543 5544
f 5524 5523 5545
f 5545 5523 5544
f 5525 5524 5546
f 5546 5524 5545
f 5526 5525 5547
f 5547 5525 5546
f 5527 5526 5548
f 5548 5526 5547
f 5549 5533 5527
f 5549 5527 5548
f 5529 5540 5528
f 5550 5529 5530
f 5550 5540 5529
f 5531 5551 5530
f 5530 5551 5550
f 5552 5531 5532
f 5552 5551 5531
f 5533 5553 5532
f 5532 5553 5552
f 5554 5533 5549
f 5554 5553 5533
f 5534 5555 5541
f 5556 5555 5534
f 5534 5535 5556
f 5556 5535 5557
f 5557 5535 5536
f 5558 5557 5536
f 5558 5536 5537
f 5558 5537 5559
f 5559 5537 5538
f 5560 5559 5538
f 5560 5538 5539
f 5550 5560 5539
f 5550 5539 5540
f 5541 5555 5561
f 5542 5541 5562
f 5562 5541 5561
f 5543 5542 5563
f 5563 5542 5562
f 5544 5543 5564
f 5564 5543 5563
f 5545 5544 5565
f 5544 5564 5565
f 5546 5545 5566
f 5545 5565 5566
f 5546 5567 5547
f 5546 5566 5567
f 5547 5568 5548
f 5547 5567 5568
f 5548 5569 5549
f 5568 5569 5548
f 5569 5570 5549
f 5549 5570 5554
f 5551 5560 5550
f 5552 5571 5551
f 5571 5560 5551
f 5553 5572 5552
f 5552 5572 5571
f 5554 5573 5553
f 5573 5572 5553
f 5570 5574 5554
f 5554 5574 5573
f 5561 5555 5575
f 5575 5555 5576
f 5576 5555 5556
f 5577 5576 5556
f 5556 5557 5577
f 5577 5557 5578
f 5578 5557 5558
f 5579 5578 5558
f 5579 5558 5559
f 5579 5559 5571
f 5571 5559 5560
f 5575 5580 5561
f 5561 5581 5562
f 5561 5580 5581
f 5563 5562 5582
f 5562 5581 5582
f 5564 5563 5583
f 5563 5582 5583
f 5565 5564 5584
f 5584 5564 5583
f 5566 5565 5585
f 5585 5565 5584
f 5567 5566 5586
f 5586 5566 5585
f 5568 5567 5587
f 5587 5567 5586
f 5588 5569 5568
f 5588 5568 5587
f 5589 5569 5588
f 5589 5570 5569
f 5589 5590 5570
f 5590 5574 5570
f 5572 5579 5571
f 5573 5591 5572
f 5572 5591 5579
f 5574 5592 5573
f 5592 5591 5573
f 5590 5593 5574
f 5574 5593 5592
f 5575 5594 5580
f 5595 5594 5575
f 5575 5576 5595
f 5595 5576 5596
f 5596 5576 5577
f 5597 5596 5577
f 5597 5577 5578
f 5597 5578 5591
f 5591 5578 5579
f 5580 5594 5598
f 5581 5580 5599
f 5599 5580 5598
f 5582 5581 5600
f 5600 5581 5599
f 5583 5582 5601
f 5601 5582 5600
f 5584 5583 5602
f 5583 5601 5602
f 5585 5584 5603
f 5584 5602 5603
f 5585 5604 5586
f 5585 5603 5604
f 5586 5605 5587
f 5586 5604 5605
f 5587 5606 5588
f 5605 5606 5587
f 5606 5607 5588
f 5588 5607 5589
f 5607 5608 5589
f 5589 5608 5590
f 5608 5609 5590
f 5609 5593 5590
f 5592 5597 5591
f 5593 5610 5592
f 5592 5610 5597
f 5609 5611 5593
f 5611 5610 5593
f 5598 5594 5612
f 5612 5594 5613
f 5613 5594 5595
f 5614 5613 5595
f 5595 5596 5614
f 5614 5596 5610
f 5610 5596 5597
f 5612 5615 5598
f 5598 5616 5599
f 5598 5615 5616
f 5600 5599 5617
f 5599 5616 5617
f 5601 5600 5618
f 5600 5617 5618
f 5602 5601 5619
f 5619 5601 5618
f 5603 5602 5620
f 5620 5602 5619
f 5604 5603 5621
f 5621 5603 5620
f 5605 5604 5622
f 5622 5604 5621
f 5623 5606 5605
f 5623 5605 5622
f 5624 5606 5623
f 5624 5607 5606
f 5624 5625 5607
f 5625 5608 5607
f 5625 5626 5608
f 5608 5626 5609
f 5626 5627 5609
f 5609 5627 5611
f 5611 5614 5610
f 5627 5628 5611
f 5611 5628 5614
f 5612 5629 5615
f 5630 5629 5612
f 5612 5613 5630
f 5630 5613 5628
f 5628 5613 5614
f 5615 5629 5631
f 5616 5615 5632
f 5632 5615 5631
f 5617 5616 5633
f 5633 5616 5632
f 5618 5617 5634
f 5634 5617 5633
f 5619 5618 5635
f 5618 5634 5635
f 5620 5619 5636
f 5619 5635 5636
f 5620 5637 5621
f 5620 5636 5637
f 5621 5638 5622
f 5621 5637 5638
f 5622 5639 5623
f 5638 5639 5622
f 5639 5640 5623
f 5623 5640 5624
f 5640 5641 5624
f 5624 5641 5625
f 5641 5642 5625
f 5642 5626 5625
f 5642 5643 5626
f 5643 5627 5626
f 5643 5644 5627
f 5644 5628 5627
f 5630 5628 5644
f 5631 5629 5645
f 5645 5629 5646
f 5646 5629 5630
f 5644 5646 5630
f 5645 5647 5631
f 5631 5648 5632
f 5631 5647 5648
f 5633 5632 5649
f 5632 5648 5649
f 5634 5633 5650
f 5633 5649 5650
f 5635 5634 5651
f 5651 5634 5650
f 5636 5635 5652
f 5652 5635 5651
f 5637 5636 5653
f 5653 5636 5652
f 5638 5637 5654
f 5654 5637 5653
f 5655 5639 5638
f 5655 5638 5654
f 5656 5639 5655
f 5656 5640 5639
f 5656 5657 5640
f 5657 5641 5640
f 5657 5658 5641
f 5641 5658 5642
f 5658 5659 5642
f 5642 5659 5643
f 5659 5660 5643
f 5643 5660 5644
f 5660 5646 5644
f 5645 5661 5647
f 5662 5661 5645
f 5645 5646 5662
f 5662 5646 5660
f 5647 5661 5663
f 5648 5647 5664
f 5664 5647 5663
f 5649 5648 5665
f 5665 5648 5664
f 5650 5649 5666
f 5666 5649 5665
f 5651 5650 5667
f 5650 5666 5667
f 5652 5651 5668
f 5651 5667 5668
f 5652 5669 5653
f 5652 5668 5669
f 5653 5670 5654
f 5653 5669 5670
f 5654 5671 5655
f 5670 5671 5654
f 5671 5672 5655
f 5655 5672 5656
f 5672 5673 5656
f 5656 5673 5657
f 5673 5674 5657
f 5674 5658 5657
f 5674 5675 5658
f 5675 5659 5658
f 5675 5676 5659
f 5676 5660 5659
f 5662 5660 5676
f 5663 5661 5677
f 5677 5661 5678
f 5678 5661 5662
f 5676 5678 5662
f 5677 5679 5663
f 5663 5680 5664
f 5663 5679 5680
f 5665 5664 5681
f 5664 5680 5681
f 5666 5665 5682
f 5665 5681 5682
f 5667 5666 5683
f 5683 5666 5682
f 5668 5667 5684
f 5684 5667 5683
f 5669 5668 5685
f 5685 5668 5684
f 5670 5669 5686
f 5686 5669 5685
f 5687 5671 5670
f 5687 5670 5686
f 5688 5671 5687
f 5688 5672 5671
f 5688 5689 5672
f 5689 5673 5672
f 5689 5690 5673
f 5673 5690 5674
f 5690 5691 5674
f 5674 5691 5675
f 5691 5692 5675
f 5675 5692 5676
f 5692 5678 5676
f 5677 5693 5679
f 5694 5693 5677
f 5677 5678 5694
f 5694 5678 5692
f 5679 5693 5695
f 5680 5679 5696
f 5696 5679 5695
f 5681 5680 5697
f 5697 5680 5696
f 5682 5681 5698
f 5698 5681 5697
f 5683 5682 5699
f 5682 5698 5699
f 5684 5683 5700
f 5683 5699 5700
f 5684 5701 5685
f 5684 5700 5701
f 5685 5702 5686
f 5685 5701 5702
f 5686 5703 5687
f 5702 5703 5686
f 5703 5704 5687
f 5687 5704 5688
f 5704 5705 5688
f 5688 5705 5689
f 5705 5706 5689
f 5706 5690 5689
f 5706 5707 5690
f 5707 5691 5690
f 5707 5708 5691
f 5708 5692 5691
f 5694 5692 5708
f 5695 5693 5709
f 5709 5693 5710
f 5710 5693 5694
f 5708 5710 5694
f 5709 5711 5695
f 5695 5712 5696
f 5695 5711 5712
f 5697 5696 5713
f 5696 5712 5713
f 5698 5697 5714
f 5697 5713 5714
f 5699 5698 5715
f 5715 5698 5714
f 5700 5699 5716
f 5716 5699 5715
f 5701 5700 5717
f 5717 5700 5716
f 5702 5701 5718
f 5718 5701 5717
f 5719 5703 5702
f 5719 5702 5718
f 5720 5703 5719
f 5720 5704 5703
f 5720 5721 5704
f 5721 5705 5704
f 5721 5722 5705
f 5705 5722 5706
f 5722 5723 5706
f 5706 5723 5707
f 5723 5724 5707
f 5707 5724 5708
f 5724 5710 5708
f 5709 5725 5711
f 5726 5725 5709
f 5709 5710 5726
f 5726 5710 5724
f 5711 5725 5727
f 5712 5711 5728
f 5728 5711 5727
f 5713 5712 5729
f 5729 5712 5728
f 5714 5713 5730
f 5730 5713 5729
f 5715 5714 5731
f 5714 5730 5731
f 5716 5715 5732
f 5715 5731 5732
f 5716 5733 5717
f 5716 5732 5733
f 5717 5734 5718
f 5717 5733 5734
f 5718 5735 5719
f 5734 5735 5718
f 5735 5736 5719
f 5719 5736 5720
f 5736 5737 5720
f 5720 5737 5721
f 5737 5738 5721
f 5738 5722 5721
f 5738 5739 5722
f 5739 5723 5722
f 5739 5740 5723
f 5740 5724 5723
f 5726 5724 5740
f 5727 5725 5741
f 5741 5725 5742
f 5742 5725 5726
f 5740 5742 5726
f 5741 5743 5727
f 5727 5744 5728
f 5727 5743 5744
f 5729 5728 5745
f 5728 5744 5745
f 5730 5729 5746
f 5729 5745 5746
f 5731 5730 5747
f 5747 5730 5746
f 5732 5731 5748
f 5748 5731 5747
f 5733 5732 5749
f 5749 5732 5748
f 5734 5733 5750
f 5750 5733 5749
f 5751 5735 5734
f 5751 5734 5750
f 5752 5735 5751
f 5752 5736 5735
f 5752 5753 5736
f 5753 5737 5736
f 5753 5754 5737
f 5737 5754 5738
f 5754 5755 5738
f 5738 5755 5739
f 5755 5756 5739
f 5739 5756 5740
f 5756 5742 5740
f 5741 5757 5743
f 5758 5757 5741
f 5741 5742 5758
f 5758 5742 5756
f 5743 5757 5759
f 5744 5743 5760
f 5760 5743 5759
f 5745 5744 5761
f 5761 5744 5760
f 5746 5745 5762
f 5762 5745 5761
f 5747 5746 5763
f 5746 5762 5763
f 5748 5747 5764
f 5747 5763 5764
f 5748 5765 5749
f 5748 5764 5765
f 5749 5766 5750
f 5749 5765 5766
f 5750 5767 5751
f 5766 5767 5750
f 5767 5768 5751
f 5751 5768 5752
f 5768 5769 5752
f 5752 5769 5753
f 5769 5770 5753
f 5770 5754 5753
f 5770 5771 5754
f 5771 5755 5754
f 5771 5772 5755
f 5772 5756 5755
f 5758 5756 5772
f 5759 5757 5773
f 5773 5757 5774
f 5774 5757 5758
f 5772 5774 5758
f 5773 5775 5759
f 5759 5776 5760
f 5759 5775 5776
f 5761 5760 5777
f 5760 5776 5777
f 5762 5761 5778
f 5761 5777 5778
f 5763 5762 5779
f 5779 5762 5778
f 5764 5763 5780
f 5780 5763 5779
f 5765 5764 5781
f 5781 5764 5780
f 5766 5765 5782
f 5782 5765 5781
f 5783 5767 5766
f 5783 5766 5782
f 5784 5767 5783
f 5784 5768 5767
f 5784 5785 5768
f 5785 5769 5768
f 5785 5786 5769
f 5769 5786 5770
f 5786 5787 5770
f 5770 5787 5771
f 5787 5788 5771
f 5771 5788 5772
f 5788 5774 5772
f 5773 5789 5775
f 5790 5789 5773
f 5773 5774 5790
f 5790 5774 5788
f 5775 5789 5791
f 5776 5775 5792
f 5792 5775 5791
f 5777 5776 5793
f 5793 5776 5792
f 5778 5777 5794
f 5794 5777 5793
f 5779 5778 5795
f 5778 5794 5795
f 5780 5779 5796
f 5779 5795 5796
f 5780 5797 5781
f 5780 5796 5797
f 5781 5798 5782
f 5781 5797 5798
f 5782 5799 5783
f 5798 5799 5782
f 5799 5800 5783
f 5783 5800 5784
f 5800 5801 5784
f 5784 5801 5785
f 5801 5802 5785
f 5802 5786 5785
f 5802 5803 5786
f 5803 5787 5786
f 5803 5804 5787
f 5804 5788 5787
f 5790 5788 5804
f 5791 5789 5805
f 5805 5789 5806
f 5806 5789 5790
f 5804 5806 5790
f 5805 5807 5791
f 5791 5808 5792
f 5791 5807 5808
f 5793 5792 5809
f 5792 5808 5809
f 5794 5793 5810
f 5793 5809 5810
f 5795 5794 5811
f 5811 5794 5810
f 5796 5795 5812
f 5812 5795 5811
f 5797 5796 5813
f 5813 5796 5812
f 5798 5797 5814
f 5814 5797 5813
f 5815 5799 5798
f 5815 5798 5814
f 5816 5799 5815
f 5816 5800 5799
f 5816 5817 5800
f 5817 5801 5800
f 5817 5818 5801
f 5801 5818 5802
f 5818 5819 5802
f 5802 5819 5803
f 5819 5820 5803
f 5803 5820 5804
f 5820 5806 5804
f 5805 5821 5807
f 5822 5821 5805
f 5805 5806 5822
f 5822 5806 5820
f 5807 5821 5823
f 5808 5807 5824
f 5824 5807 5823
f 5809 5808 5825
f 5825 5808 5824
f 5810 5809 5826
f 5826 5809 5825
f 5811 5810 5827
f 5810 5826 5827
f 5812 5811 5828
f 5811 5827 5828
f 5812 5829 5813
f 5812 5828 5829
f 5813 5830 5814
f 5813 5829 5830
f 5814 5831 5815
f 5830 5831 5814
f 5831 5832 5815
f 5815 5832 5816
f 5832 5833 5816
f 5816 5833 5817
f 5833 5834 5817
f 5834 5818 5817
f 5834 5835 5818
f 5835 5819 5818
f 5835 5836 5819
f 5836 5820 5819
f 5822 5820 5836
f 5823 5821 5837
f 5837 5821 5838
f 5838 5821 5822
f 5836 5838 5822
f 5837 5839 5823
f 5823 5840 5824
f 5823 5839 5840
f 5825 5824 5841
f 5824 5840 5841
f 5826 5825 5842
f 5825 5841 5842
f 5827 5826 5843
f 5843 5826 5842
f 5828 5827 5844
f 5844 5827 5843
f 5829 5828 5845
f 5845 5828 5844
f 5830 5829 5846
f 5846 5829 5845
f 5847 5831 5830
f 5847 5830 5846
f 5848 5831 5847
f 5848 5832 5831
f 5848 5849 5832
f 5849 5833 5832
f 5849 5850 5833
f 5833 5850 5834
f 5850 5851 5834
f 5834 5851 5835
f 5851 5852 5835
f 5835 5852 5836
f 5852 5838 5836
f 5837 5853 5839
f 5854 5853 5837
f 5837 5838 5854
f 5854 5838 5852
f 5839 5853 5855
f 5840 5839 5856
f 5856 5839 5855
f 5841 5840 5857
f 5857 5840 5856
f 5842 5841 5858
f 5858 5841 5857
f 5843 5842 5859
f 5842 5858 5859
f 5844 5843 5860
f 5843 5859 5860
f 5844 5861 5845
f 5844 5860 5861
f 5845 5862 5846
f 5845 5861 5862
f 5846 5863 5847
f 5862 5863 5846
f 5863 5864 5847
f 5847 5864 5848
f 5864 5865 5848
f 5848 5865 5849
f 5865 5866 5849
f 5866 5850 5849
f 5866 5867 5850
f 5867 5851 5850
f 5867 5868 5851
f 5868 5852 5851
f 5854 5852 5868
f 5855 5853 5869
f 5869 5853 5870
f 5870 5853 5854
f 5868 5870 5854
f 5869 5871 5855
f 5855 5872 5856
f 5855 5871 5872
f 5857 5856 5873
f 5856 5872 5873
f 5858 5857 5874
f 5857 5873 5874
f 5859 5858 5875
f 5875 5858 5874
f 5860 5859 5876
f 5876 5859 5875
f 5861 5860 5877
f 5877 5860 5876
f 5862 5861 5878
f 5878 5861 5877
f 5879 5863 5862
f 5879 5862 5878
f 5880 5863 5879
f 5880 5864 5863
f 5880 5881 5864
f 5881 5865 5864
f 5881 5882 5865
f 5865 5882 5866
f 5882 5883 5866
f 5866 5883 5867
f 5883 5884 5867
f 5867 5884 5868
f 5884 5870 5868
f 5869 5885 5871
f 5886 5885 5869
f 5869 5870 5886
f 5886 5870 5884
f 5871 5885 5887
f 5872 5871 5888
f 5888 5871 5887
f 5873 5872 5889
f 5889 5872 5888
f 5874 5873 5890
f 5890 5873 5889
f 5875 5874 5891
f 5874 5890 5891
f 5876 5875 5892
f 5875 5891 5892
f 5876 5893 5877
f 5876 5892 5893
f 5877 5894 5878
f 5877 5893 5894
f 5878 5895 5879
f 5894 5895 5878
f 5895 5896 5879
f 5879 5896 5880
f 5896 5897 5880
f 5880 5897 5881
f 5897 5898 5881
f 5898 5882 5881
f 5898 5899 5882
f 5899 5883 5882
f 5899 5900 5883
f 5900 5884 5883
f 5886 5884 5900
f 5887 5885 5901
f 5901 5885 5902
f 5902 5885 5886
f 5900 5902 5886
f 5901 5903 5887
f 5887 5904 5888
f 5887 5903 5904
f 5889 5888 5905
f 5888 5904 5905
f 5890 5889 5906
f 5889 5905 5906
f 5891 5890 5907
f 5907 5890 5906
f 5892 5891 5908
f 5908 5891 5907
f 5893 5892 5909
f 5909 5892 5908
f 5894 5893 5910
f 5910 5893 5909
f 5911 5895 5894
f 5911 5894 5910
f 5912 5895 5911
f 5912 5896 5895
f 5912 5913 5896
f 5913 5897 5896
f 5913 5914 5897
f 5897 5914 5898
f 5914 5915 5898
f 5898 5915 5899
f 5915 5916 5899
f 5899 5916 5900
f 5916 5902 5900
f 5901 5917 5903
f 5918 5917 5901
f 5901 5902 5918
f 5918 5902 5916
f 5903 5917 5919
f 5904 5903 5920
f 5920 5903 5919
f 5905 5904 5921
f 5921 5904 5920
f 5906 5905 5922
f 5922 5905 5921
f 5907 5906 5923
f 5906 5922 5923
f 5908 5907 5924
f 5907 5923 5924
f 5908 5925 5909
f 5908 5924 5925
f 5909 5926 5910
f 5909 5925 5926
f 5910 5927 5911
f 5926 5927 5910
f 5927 5928 5911
f 5911 5928 5912
f 5928 5929 5912
f 5912 5929 5913
f 5929 5930 5913
f 5930 5914 5913
f 5930 5931 5914
f 5931 5915 5914
f 5931 5932 5915
f 5932 5916 5915
f 5918 5916 5932
f 5919 5917 5933
f 5933 5917 5934
f 5934 5917 5918
f 5932 5934 5918
f 5933 5935 5919
f 5919 5936 5920
f 5919 5935 5936
f 5921 5920 5937
f 5920 5936 5937
f 5922 5921 5938
f 5921 5937 5938
f 5923 5922 5939
f 5939 5922 5938
f 5924 5923 5940
f 5940 5923 5939
f 5925 5924 5941
f 5941 5924 5940
f 5926 5925 5942
f 5942 5925 5941
f 5943 5927 5926
f 5943 5926 5942
f 5944 5927 5943
f 5944 5928 5927
f 5944 5945 5928
f 5945 5929 5928
f 5945 5946 5929
f 5929 5946 5930
f 5946 5947 5930
f 5930 5947 5931
f 5947 5948 5931
f 5931 5948 5932
f 5948 5934 5932
f 5933 5949 5935
f 5950 5949 5933
f 5933 5934 5950
f 5950 5934 5948
f 5935 5949 5951
f 5936 5935 5952
f 5952 5935 5951
f 5937 5936 5953
f 5953 5936 5952
f 5938 5937 5954
f 5954 5937 5953
f 5939 5938 5955
f 5938 5954 5955
f 5940 5939 5956
f 5939 5955 5956
f 5940 5957 5941
f 5940 5956 5957
f 5941 5958 5942
f 5941 5957 5958
f 5942 5959 5943
f 5958 5959 5942
f 5959 5960 5943
f 5943 5960 5944
f 5960 5961 5944
f 5944 5961 5945
f 5961 5962 5945
f 5962 5946 5945
f 5962 5963 5946
f 5963 5947 5946
f 5963 5964 5947
f 5964 5948 5947
f 5950 5948 5964
f 5951 5949 5965
f 5965 5949 5966
f 5966 5949 5950
f 5964 5966 5950
f 5965 5967 5951
f 5951 5968 5952
f 5951 5967 5968
f 5953 5952 5969
f 5952 5968 5969
f 5954 5953 5970
f 5953 5969 5970
f 5955 5954 5971
f 5971 5954 5970
f 5956 5955 5972
f 5972 5955 5971
f 5957 5956 5973
f 5973 5956 5972
f 5958 5957 5974
f 5974 5957 5973
f 5975 5959 5958
f 5975 5958 5974
f 5976 5959 5975
f 5976 5960 5959
f 5976 5977 5960
f 5977 5961 5960
f 5977 5978 5961
f 5961 5978 5962
f 5978 5979 5962
f 5962 5979 5963
f 5979 5980 5963
f 5963 5980 5964
f 5980 5966 5964
f 5965 5981 5967
f 5982 5981 5965
f 5965 5966 5982
f 5982 5966 5980
f 5967 5981 5983
f 5968 5967 5984
f 5984 5967 5983
f 5969 5968 5985
f 5985 5968 5984
f 5970 5969 5986
f 5986 5969 5985
f 5971 5970 5987
f 5970 5986 5987
f 5972 5971 5988
f 5971 5987 5988
f 5972 5989 5973
f 5972 5988 5989
f 5973 5990 5974
f 5973 5989 5990
f 5974 5991 5975
f 5990 5991 5974
f 5991 5992 5975
f 5975 5992 5976
f 5992 5993 5976
f 5976 5993 5977
f 5993 5994 5977
f 5994 5978 5977
f 5994 5995 5978
f 5995 5979 5978
f 5995 5996 5979
f 5996 5980 5979
f 5982 5980 5996
f 5983 5981 5997
f 5997 5981 5998
f 5998 5981 5982
f 5996 5998 5982
f 5997 5999 5983
f 5983 6000 5984
f 5983 5999 6000
f 5985 5984 6001
f 5984 6000 6001
f 5986 5985 6002
f 5985 6001 6002
f 5987 5986 6003
f 6003 5986 6002
f 5988 5987 6004
f 6004 5987 6003
f 5989 5988 6005
f 6005 5988 6004
f 5990 5989 6006
f 6006 5989 6005
f 6007 5991 5990
f 6007 5990 6006
f 6008 5991 6007
f 6008 5992 5991
f 6008 6009 5992
f 6009 5993 5992
f 6009 6010 5993
f 5993 6010 5994
f 6010 6011 5994
f 5994 6011 5995
f 6011 6012 5995
f 5995 6012 5996
f 6012 5998 5996
f 5997 6013 5999
f 6014 6013 5997
f 5997 5998 6014
f 6014 5998 6012
f 5999 6013 6015
f 6000 5999 6016
f 6016 5999 6015
f 6001 6000 6017
f 6017 6000 6016
f 6002 6001 6018
f 6018 6001 6017
f 6003 6002 6019
f 6002 6018 6019
f 6004 6003 6020
f 6003 6019 6020
f 6004 6021 6005
f 6004 6020 6021
f 6005 6022 6006
f 6005 6021 6022
f 6006 6023 6007
f 6022 6023 6006
f 6023 6024 6007
f 6007 6024 6008
f 6024 6025 6008
f 6008 6025 6009
f 6025 6026 6009
f 6026 6010 6009
f 6026 6027 6010
f 6027 6011 6010
f 6027 6028 6011
f 6028 6012 6011
f 6014 6012 6028
f 6015 6013 6029
f 6029 6013 6030
f 6030 6013 6014
f 6028 6030 6014
f 6029 6031 6015
f 6015 6032 6016
f 6015 6031 6032
f 6017 6016 6033
f 6016 6032 6033
f 6018 6017 6034
f 6017 6033 6034
f 6019 6018 6035
f 6035 6018 6034
f 6020 6019 6036
f 6036 6019 6035
f 6021 6020 6037
f 6037 6020 6036
f 6022 6021 6038
f 6038 6021 6037
f 6039 6023 6022
f 6039 6022 6038
f 6040 6023 6039
f 6040 6024 6023
f 6040 6041 6024
f 6041 6025 6024
f 6041 6042 6025
f 6025 6042 6026
f 6042 6043 6026
f 6026 6043 6027
f 6043 6044 6027
f 6027 6044 6028
f 6044 6030 6028
f 6029 6045 6031
f 6046 6045 6029
f 6029 6030 6046
f 6046 6030 6044
f 6031 6045 6047
f 6032 6031 6048
f 6048 6031 6047
f 6033 6032 6049
f 6049 6032 6048
f 6034 6033 6050
f 6050 6033 6049
f 6035 6034 6051
f 6034 6050 6051
f 6036 6035 6052
f 6035 6051 6052
f 6036 6053 6037
f 6036 6052 6053
f 6037 6054 6038
f 6037 6053 6054
f 6038 6055 6039
f 6054 6055 6038
f 6055 6056 6039
f 6039 6056 6040
f 6056 6057 6040
f 6040 6057 6041
f 6057 6058 6041
f 6058 6042 6041
f 6058 6059 6042
f 6059 6043 6042
f 6059 6060 6043
f 6060 6044 6043
f 6046 6044 6060
f 6047 6045 6061
f 6061 6045 6062
f 6062 6045 6046
f 6060 6062 6046
f 6061 6063 6047
f 6047 6064 6048
f 6047 6063 6064
f 6049 6048 6065
f 6048 6064 6065
f 6050 6049 6066
f 6049 6065 6066
f 6051 6050 6067
f 6067 6050 6066
f 6052 6051 6068
f 6068 6051 6067
f 6053 6052 6069
f 6069 6052 6068
f 6054 6053 6070
f 6070 6053 6069
f 6071 6055 6054
f 6071 6054 6070
f 6072 6055 6071
f 6072 6056 6055
f 6072 6073 6056
f 6073 6057 6056
f 6073 6074 6057
f 6057 6074 6058
f 6074 6075 6058
f 6058 6075 6059
f 6075 6076 6059
f 6059 6076 6060
f 6076 6062 6060
f 6061 6077 6063
f 6078 6077 6061
f 6061 6062 6078
f 6078 6062 6076
f 6063 6077 6079
f 6064 6063 6080
f 6080 6063 6079
f 6065 6064 6081
f 6081 6064 6080
f 6066 6065 6082
f 6082 6065 6081
f 6067 6066 6083
f 6066 6082 6083
f 6068 6067 6084
f 6067 6083 6084
f 6068 6085 6069
f 6068 6084 6085
f 6069 6086 6070
f 6069 6085 6086
f 6070 6087 6071
f 6086 6087 6070
f 6087 6088 6071
f 6071 6088 6072
f 6088 6089 6072
f 6072 6089 6073
f 6089 6090 6073
f 6090 6074 6073
f 6090 6091 6074
f 6091 6075 6074
f 6091 6092 6075
f 6092 6076 6075
f 6078 6076 6092
f 6079 6077 6093
f 6093 6077 6094
f 6094 6077 6078
f 6092 6094 6078
f 6093 6095 6079
f 6079 6096 6080
f 6079 6095 6096
f 6081 6080 6097
f 6080 6096 6097
f 6082 6081 6098
f 6081 6097 6098
f 6083 6082 6099
f 6099 6082 6098
f 6084 6083 6100
f 6100 6083 6099
f 6085 6084 6101
f 6101 6084 6100
f 6086 6085 6102
f 6102 6085 6101
f 6103 6087 6086
f 6103 6086 6102
f 6104 6087 6103
f 6104 6088 6087
f 6104 6105 6088
f 6105 6089 6088
f 6105 6106 6089
f 6089 6106 6090
f 6106 6107 6090
f 6090 6107 6091
f 6107 6108 6091
f 6091 6108 6092
f 6108 6094 6092
f 6093 6109 6095
f 6110 6109 6093
f 6093 6094 6110
f 6110 6094 6108
f 6095 6109 6111
f 6096 6095 6112
f 6112 6095 6111
f 6097 6096 6113
f 6113 6096 6112
f 6098 6097 6114
f 6114 6097 6113
f 6099 6098 6115
f 6098 6114 6115
f 6100 6099 6116
f 6099 6115 6116
f 6100 6117 6101
f 6100 6116 6117
f 6101 6118 6102
f 6101 6117 6118
f 6102 6119 6103
f 6118 6119 6102
f 6119 6120 6103
f 6103 6120 6104
f 6120 6121 6104
f 6104 6121 6105
f 6121 6122 6105
f 6122 6106 6105
f 6122 6123 6106
f 6123 6107 6106
f 6123 6124 6107
f 6124 6108 6107
f 6110 6108 6124
f 6111 6109 6125
f 6125 6109 6126
f 6126 6109 6110
f 6124 6126 6110
f 6125 6127 6111
f 6111 6128 6112
f 6111 6127 6128
f 6113 6112 6129
f 6112 6128 6129
f 6114 6113 6130
f 6113 6129 6130
f 6115 6114 6131
f 6131 6114 6130
f 6116 6115 6132
f 6132 6115 6131
f 6117 6116 6133
f 6133 6116 6132
f 6118 6117 6134
f 6134 6117 6133
f 6135 6119 6118
f 6135 6118 6134
f 6136 6119 6135
f 6136 6120 6119
f 6136 6137 6120
f 6137 6121 6120
f 6137 6138 6121
f 6121 6138 6122
f 6138 6139 6122
f 6122 6139 6123
f 6139 6140 6123
f 6123 6140 6124
f 6140 6126 6124
f 6125 6141 6127
f 6142 6141 6125
f 6125 6126 6142
f 6142 6126 6140
f 6127 6141 6143
f 6128 6127 6144
f 6144 6127 6143
f 6129 6128 6145
f 6145 6128 6144
f 6130 6129 6146
f 6146 6129 6145
f 6131 6130 6147
f 6130 6146 6147
f 6132 6131 6148
f 6131 6147 6148
f 6132 6149 6133
f 6132 6148 6149
f 6133 6150 6134
f 6133 6149 6150
f 6134 6151 6135
f 6150 6151 6134
f 6151 6152 6135
f 6135 6152 6136
f 6152 6153 6136
f 6136 6153 6137
f 6153 6154 6137
f 6154 6138 6137
f 6154 6155 6138
f 6155 6139 6138
f 6155 6156 6139
f 6156 6140 6139
f 6142 6140 6156
f 6143 6141 6157
f 6157 6141 6158
f 6158 6141 6142
f 6156 6158 6142
f 6157 6159 6143
f 6143 6160 6144
f 6143 6159 6160
f 6145 6144 6161
f 6144 6160 6161
f 6146 6145 6162
f 6145 6161 6162
f 6147 6146 6163
f 6163 6146 6162
f 6148 6147 6164
f 6164 6147 6163
f 6149 6148 6165
f 6165 6148 6164
f 6150 6149 6166
f 6166 6149 6165
f 6167 6151 6150
f 6167 6150 6166
f 6168 6151 6167
f 6168 6152 6151
f 6168 6169 6152
f 6169 6153 6152
f 6169 6170 6153
f 6153 6170 6154
f 6170 6171 6154
f 6154 6171 6155
f 6171 6172 6155
f 6155 6172 6156
f 6172 6158 6156
f 6157 6173 6159
f 6174 6173 6157
f 6157 6158 6174
f 6174 6158 6172
f 6159 6173 6175
f 6160 6159 6176
f 6176 6159 6175
f 6161 6160 6177
f 6177 6160 6176
f 6162 6161 6178
f 6178 6161 6177
f 6163 6162 6179
f 6162 6178 6179
f 6164 6163 6180
f 6163 6179 6180
f 6164 6181 6165
f 6164 6180 6181
f 6165 6182 6166
f 6165 6181 6182
f 6166 6183 6167
f 6182 6183 6166
f 6183 6184 6167
f 6167 6184 6168
f 6184 6185 6168
f 6168 6185 6169
f 6185 6186 6169
f 6186 6170 6169
f 6186 6187 6170
f 6187 6171 6170
f 6187 6188 6171
f 6188 6172 6171
f 6174 6172 6188
f 6175 6173 6189
f 6189 6173 6190
f 6190 6173 6174
f 6188 6190 6174
f 6189 6191 6175
f 6175 6192 6176
f 6175 6191 6192
f 6177 6176 6193
f 6176 6192 6193
f 6178 6177 6194
f 6177 6193 6194
f 6179 6178 6195
f 6195 6178 6194
f 6180 6179 6196
f 6196 6179 6195
f 6181 6180 6197
f 6197 6180 6196
f 6182 6181 6198
f 6198 6181 6197
f 6199 6183 6182
f 6199 6182 6198
f 6200 6183 6199
f 6200 6184 6183
f 6200 6201 6184
f 6201 6185 6184
f 6201 6202 6185
f 6185 6202 6186
f 6202 6203 6186
f 6186 6203 6187
f 6203 6204 6187
f 6187 6204 6188
f 6204 6190 6188
f 6189 6205 6191
f 6206 6205 6189
f 6189 6190 6206
f 6206 6190 6204
f 6191 6205 6207
f 6192 6191 6208
f 6208 6191 6207
f 6193 6192 6209
f 6209 6192 6208
f 6194 6193 6210
f 6210 6193 6209
f 6195 6194 6211
f 6194 6210 6211
f 6196 6195 6212
f 6195 6211 6212
f 6196 6213 6197
f 6196 6212 6213
f 6197 6214 6198
f 6197 6213 6214
f 6198 6215 6199
f 6214 6215 6198
f 6215 6216 6199
f 6199 6216 6200
f 6216 6217 6200
f 6200 6217 6201
f 6217 6218 6201
f 6218 6202 6201
f 6218 6219 6202
f 6219 6203 6202
f 6219 6220 6203
f 6220 6204 6203
f 6206 6204 6220
f 6207 6205 6221
f 6221 6205 6222
f 6222 6205 6206
f 6220 6222 6206
f 6221 6223 6207
f 6207 6224 6208
f 6207 6223 6224
f 6209 6208 6225
f 6208 6224 6225
f 6210 6209 6226
f 6209 6225 6226
f 6211 6210 6227
f 6227 6210 6226
f 6212 6211 6228
f 6228 6211 6227
f 6213 6212 6229
f 6229 6212 6228
f 6214 6213 6230
f 6230 6213 6229
f 6231 6215 6214
f 6231 6214 6230
f 6232 6215 6231
f 6232 6216 6215
f 6232 6233 6216
f 6233 6217 6216
f 6233 6234 6217
f 6217 6234 6218
f 6234 6235 6218
f 6218 6235 6219
f 6235 6236 6219
f 6219 6236 6220
f 6236 6222 6220
f 6221 6237 6223
f 6238 6237 6221
f 6221 6222 6238
f 6238 6222 6236
f 6223 6237 6239
f 6224 6223 6240
f 6240 6223 6239
f 6225 6224 6241
f 6241 6224 6240
f 6226 6225 6242
f 6242 6225 6241
f 6227 6226 6243
f 6226 6242 6243
f 6228 6227 6244
f 6227 6243 6244
f 6228 6245 6229
f 6228 6244 6245
f 6229 6246 6230
f 6229 6245 6246
f 6230 6247 6231
f 6246 6247 6230
f 6247 6248 6231
f 6231 6248 6232
f 6248 6249 6232
f 6232 6249 6233
f 6249 6250 6233
f 6250 6234 6233
f 6250 6251 6234
f 6251 6235 6234
f 6251 6252 6235
f 6252 6236 6235
f 6238 6236 6252
f 6239 6237 6253
f 6253 6237 6254
f 6254 6237 6238
f 6252 6254 6238
f 6253 6255 6239
f 6239 6256 6240
f 6239 6255 6256
f 6241 6240 6257
f 6240 6256 6257
f 6242 6241 6258
f 6241 6257 6258
f 6243 6242 6259
f 6259 6242 6258
f 6244 6243 6260
f 6260 6243 6259
f 6245 6244 6261
f 6261 6244 6260
f 6246 6245 6262
f 6262 6245 6261
f 6263 6247 6246
f 6263 6246 6262
f 6264 6247 6263
f 6264 6248 6247
f 6264 6265 6248
f 6265 6249 6248
f 6265 6266 6249
f 6249 6266 6250
f 6266 6267 6250
f 6250 6267 6251
f 6267 6268 6251
f 6251 6268 6252
f 6268 6254 6252
f 6253 6269 6255
f 6270 6269 6253
f 6253 6254 6270
f 6270 6254 6268
f 6255 6269 6271
f 6256 6255 6272
f 6272 6255 6271
f 6257 6256 6273
f 6273 6256 6272
f 6258 6257 6274
f 6274 6257 6273
f 6259 6258 6275
f 6258 6274 6275
f 6260 6259 6276
f 6259 6275 6276
f 6260 6277 6261
f 6260 6276 6277
f 6261 6278 6262
f 6261 6277 6278
f 6262 6279 6263
f 6278 6279 6262
f 6279 6280 6263
f 6263 6280 6264
f 6280 6281 6264
f 6264 6281 6265
f 6281 6282 6265
f 6282 6266 6265
f 6282 6283 6266
f 6283 6267 6266
f 6283 6284 6267
f 6284 6268 6267
f 6270 6268 6284
f 6271 6269 6285
f 6285 6269 6286
f 6286 6269 6270
f 6284 6286 6270
f 6285 6287 6271
f 6271 6288 6272
f 6271 6287 6288
f 6273 6272 6289
f 6272 6288 6289
f 6274 6273 6290
f 6273 6289 6290
f 6275 6274 6291
f 6291 6274 6290
f 6276 6275 6292
f 6292 6275 6291
f 6277 6276 6293
f 6293 6276 6292
f 6278 6277 6294
f 6294 6277 6293
f 6295 6279 6278
f 6295 6278 6294
f 6296 6279 6295
f 6296 6280 6279
f 6296 6297 6280
f 6297 6281 6280
f 6297 6298 6281
f 6281 6298 6282
f 6298 6299 6282
f 6282 6299 6283
f 6299 6300 6283
f 6283 6300 6284
f 6300 6286 6284
f 6285 6301 6287
f 6302 6301 6285
f 6285 6286 6302
f 6302 6286 6300
f 6287 6301 6303
f 6288 6287 6304
f 6304 6287 6303
f 6289 6288 6305
f 6305 6288 6304
f 6290 6289 6306
f 6306 6289 6305
f 6291 6290 6307
f 6290 6306 6307
f 6292 6291 6308
f 6291 6307 6308
f 6292 6309 6293
f 6292 6308 6309
f 6293 6310 6294
f 6293 6309 6310
f 6294 6311 6295
f 6310 6311 6294
f 6311 6312 6295
f 6295 6312 6296
f 6312 6313 6296
f 6296 6313 6297
f 6313 6314 6297
f 6314 6298 6297
f 6314 6315 6298
f 6315 6299 6298
f 6315 6316 6299
f 6316 6300 6299
f 6302 6300 6316
f 6303 6301 6317
f 6317 6301 6318
f 6318 6301 6302
f 6316 6318 6302
f 6317 6319 6303
f 6303 6320 6304
f 6303 6319 6320
f 6305 6304 6321
f 6304 6320 6321
f 6306 6305 6322
f 6305 6321 6322
f 6307 6306 6323
f 6323 6306 6322
f 6308 6307 6324
f 6324 6307 6323
f 6309 6308 6325
f 6325 6308 6324
f 6310 6309 6326
f 6326 6309 6325
f 6327 6311 6310
f 6327 6310 6326
f 6328 6311 6327
f 6328 6312 6311
f 6328 6329 6312
f 6329 6313 6312
f 6329 6330 6313
f 6313 6330 6314
f 6330 6331 6314
f 6314 6331 6315
f 6331 6332 6315
f 6315 6332 6316
f 6332 6318 6316
f 6317 6333 6319
f 6334 6333 6317
f 6317 6318 6334
f 6334 6318 6332
f 6319 6333 6335
f 6320 6319 6336
f 6336 6319 6335
f 6321 6320 6337
f 6337 6320 6336
f 6322 6321 6338
f 6338 6321 6337
f 6323 6322 6339
f 6322 6338 6339
f 6324 6323 6340
f 6323 6339 6340
f 6324 6341 6325
f 6324 6340 6341
f 6325 6342 6326
f 6325 6341 6342
f 6326 6343 6327
f 6342 6343 6326
f 6343 6344 6327
f 6327 6344 6328
f 6344 6345 6328
f 6328 6345 6329
f 6345 6346 6329
f 6346 6330 6329
f 6346 6347 6330
f 6347 6331 6330
f 6347 6348 6331
f 6348 6332 6331
f 6334 6332 6348
f 6335 6333 6349
f 6349 6333 6350
f 6350 6333 6334
f 6348 6350 6334
f 6349 6351 6335
f 6335 6352 6336
f 6335 6351 6352
f 6337 6336 6353
f 6336 6352 6353
f 6338 6337 6354
f 6337 6353 6354
f 6339 6338 6355
f 6355 6338 6354
f 6340 6339 6356
f 6356 6339 6355
f 6341 6340 6357
f 6357 6340 6356
f 6342 6341 6358
f 6358 6341 6357
f 6359 6343 6342
f 6359 6342 6358
f 6360 6343 6359
f 6360 6344 6343
f 6360 6361 6344
f 6361 6345 6344
f 6361 6362 6345
f 6345 6362 6346
f 6362 6363 6346
f 6346 6363 6347
f 6363 6364 6347
f 6347 6364 6348
f 6364 6350 6348
f 6349 6365 6351
f 6366 6365 6349
f 6349 6350 6366
f 6366 6350 6364
f 6351 6365 6367
f 6352 6351 6368
f 6368 6351 6367
f 6353 6352 6369
f 6369 6352 6368
f 6354 6353 6370
f 6370 6353 6369
f 6355 6354 6371
f 6354 6370 6371
f 6356 6355 6372
f 6355 6371 6372
f 6356 6373 6357
f 6356 6372 6373
f 6357 6374 6358
f 6357 6373 6374
f 6358 6375 6359
f 6374 6375 6358
f 6375 6376 6359
f 6359 6376 6360
f 6376 6377 6360
f 6360 6377 6361
f 6377 6378 6361
f 6378 6362 6361
f 6378 6379 6362
f 6379 6363 6362
f 6379 6380 6363
f 6380 6364 6363
f 6366 6364 6380
f 6367 6365 6381
f 6381 6365 6382
f 6382 6365 6366
f 6380 6382 6366
f 6381 6383 6367
f 6367 6384 6368
f 6367 6383 6384
f 6369 6368 6385
f 6368 6384 6385
f 6370 6369 6386
f 6369 6385 6386
f 6371 6370 6387
f 6387 6370 6386
f 6372 6371 6388
f 6388 6371 6387
f 6373 6372 6389
f 6389 6372 6388
f 6374 6373 6390
f 6390 6373 6389
f 6391 6375 6374
f 6391 6374 6390
f 6392 6375 6391
f 6392 6376 6375
f 6392 6393 6376
f 6393 6377 6376
f 6393 6394 6377
f 6377 6394 6378
f 6394 6395 6378
f 6378 6395 6379
f 6395 6396 6379
f 6379 6396 6380
f 6396 6382 6380
f 6381 6397 6383
f 6398 6397 6381
f 6381 6382 6398
f 6398 6382 6396
f 6383 6397 6399
f 6384 6383 6400
f 6400 6383 6399
f 6385 6384 6401
f 6401 6384 6400
f 6386 6385 6402
f 6402 6385 6401
f 6387 6386 6403
f 6386 6402 6403
f 6388 6387 6404
f 6387 6403 6404
f 6388 6405 6389
f 6388 6404 6405
f 6389 6406 6390
f 6389 6405 6406
f 6390 6407 6391
f 6406 6407 6390
f 6407 6408 6391
f 6391 6408 6392
f 6408 6409 6392
f 6392 6409 6393
f 6409 6410 6393
f 6410 6394 6393
f 6410 6411 6394
f 6411 6395 6394
f 6411 6412 6395
f 6412 6396 6395
f 6398 6396 6412
f 6399 6397 6413
f 6413 6397 6414
f 6414 6397 6398
f 6412 6414 6398
f 6413 6415 6399
f 6399 6416 6400
f 6399 6415 6416
f 6401 6400 6417
f 6400 6416 6417
f 6402 6401 6418
f 6401 6417 6418
f 6403 6402 6419
f 6419 6402 6418
f 6404 6403 6420
f 6420 6403 6419
f 6405 6404 6421
f 6421 6404 6420
f 6406 6405 6422
f 6422 6405 6421
f 6423 6407 6406
f 6423 6406 6422
f 6424 6407 6423
f 6424 6408 6407
f 6424 6425 6408
f 6425 6409 6408
f 6425 6426 6409
f 6409 6426 6410
f 6426 6427 6410
f 6410 6427 6411
f 6427 6428 6411
f 6411 6428 6412
f 6428 6414 6412
f 6413 6429 6415
f 6430 6429 6413
f 6413 6414 6430
f 6430 6414 6428
f 6415 6429 6431
f 6416 6415 6432
f 6432 6415 6431
f 6417 6416 6433
f 6433 6416 6432
f 6418 6417 6434
f 6434 6417 6433
f 6419 6418 6435
f 6418 6434 6435
f 6420 6419 6436
f 6419 6435 6436
f 6420 6437 6421
f 6420 6436 6437
f 6421 6438 6422
f 6421 6437 6438
f 6422 6439 6423
f 6438 6439 6422
f 6439 6440 6423
f 6423 6440 6424
f 6440 6441 6424
f 6424 6441 6425
f 6441 6442 6425
f 6442 6426 6425
f 6442 6443 6426
f 6443 6427 6426
f 6443 6444 6427
f 6444 6428 6427
f 6430 6428 6444
f 6431 6429 6445
f 6445 6429 6446
f 6446 6429 6430
f 6444 6446 6430
f 6445 6447 6431
f 6431 6448 6432
f 6431 6447 6448
f 6433 6432 6449
f 6432 6448 6449
f 6434 6433 6450
f 6433 6449 6450
f 6435 6434 6451
f 6451 6434 6450
f 6436 6435 6452
f 6452 6435 6451
f 6437 6436 6453
f 6453 6436 6452
f 6438 6437 6454
f 6454 6437 6453
f 6455 6439 6438
f 6455 6438 6454
f 6456 6439 6455
f 6456 6440 6439
f 6456 6457 6440
f 6457 6441 6440
f 6457 6458 6441
f 6441 6458 6442
f 6458 6459 6442
f 6442 6459 6443
f 6459 6460 6443
f 6443 6460 6444
f 6460 6446 6444
f 6445 6461 6447
f 6462 6461 6445
f 6445 6446 6462
f 6462 6446 6460
f 6447 6461 6463
f 6448 6447 6464
f 6464 6447 6463
f 6449 6448 6465
f 6465 6448 6464
f 6450 6449 6466
f 6466 6449 6465
f 6451 6450 6467
f 6450 6466 6467
f 6452 6451 6468
f 6451 6467 6468
f 6452 6469 6453
f 6452 6468 6469
f 6453 6470 6454
f 6453 6469 6470
f 6454 6471 6455
f 6470 6471 6454
f 6471 6472 6455
f 6455 6472 6456
f 6472 6473 6456
f 6456 6473 6457
f 6473 6474 6457
f 6474 6458 6457
f 6474 6475 6458
f 6475 6459 6458
f 6475 6476 6459
f 6476 6460 6459
f 6462 6460 6476
f 6463 6461 6477
f 6477 6461 6478
f 6478 6461 6462
f 6476 6478 6462
f 6477 6479 6463
f 6463 6480 6464
f 6463 6479 6480
f 6465 6464 6481
f 6464 6480 6481
f 6466 6465 6482
f 6465 6481 6482
f 6467 6466 6483
f 6483 6466 6482
f 6468 6467 6484
f 6484 6467 6483
f 6469 6468 6485
f 6485 6468 6484
f 6470 6469 6486
f 6486 6469 6485
f 6487 6471 6470
f 6487 6470 6486
f 6488 6471 6487
f 6488 6472 6471
f 6488 6489 6472
f 6489 6473 6472
f 6489 6490 6473
f 6473 6490 6474
f 6490 6491 6474
f 6474 6491 6475
f 6491 6492 6475
f 6475 6492 6476
f 6492 6478 6476
f 6477 6493 6479
f 6494 6493 6477
f 6477 6478 6494
f 6494 6478 6492
f 6479 6493 6495
f 6480 6479 6496
f 6496 6479 6495
f 6481 6480 6497
f 6497 6480 6496
f 6482 6481 6498
f 6498 6481 6497
f 6483 6482 6499
f 6482 6498 6499
f 6484 6483 6500
f 6483 6499 6500
f 6484 6501 6485
f 6484 6500 6501
f 6485 6502 6486
f 6485 6501 6502
f 6486 6503 6487
f 6502 6503 6486
f 6503 6504 6487
f 6487 6504 6488
f 6504 6505 6488
f 6488 6505 6489
f 6505 6506 6489
f 6506 6490 6489
f 6506 6507 6490
f 6507 6491 6490
f 6507 6508 6491
f 6508 6492 6491
f 6494 6492 6508
f 6495 6493 6509
f 6509 6493 6510
f 6510 6493 6494
f 6508 6510 6494
f 6509 6511 6495
f 6495 6512 6496
f 6495 6511 6512
f 6497 6496 6513
f 6496 6512 6513
f 6498 6497 6514
f 6497 6513 6514
f 6499 6498 6515
f 6515 6498 6514
f 6500 6499 6516
f 6516 6499 6515
f 6501 6500 6517
f 6517 6500 6516
f 6502 6501 6518
f 6518 6501 6517
f 6519 6503 6502
f 6519 6502 6518
f 6520 6503 6519
f 6520 6504 6503
f 6520 6521 6504
f 6521 6505 6504
f 6521 6522 6505
f 6505 6522 6506
f 6522 6523 6506
f 6506 6523 6507
f 6523 6524 6507
f 6507 6524 6508
f 6524 6510 6508
f 6509 6525 6511
f 6526 6525 6509
f 6509 6510 6526
f 6526 6510 6524
f 6511 6525 6527
f 6512 6511 6528
f 6528 6511 6527
f 6513 6512 6529
f 6529 6512 6528
f 6514 6513 6530
f 6530 6513 6529
f 6515 6514 6531
f 6514 6530 6531
f 6516 6515 6532
f 6515 6531 6532
f 6516 6533 6517
f 6516 6532 6533
f 6517 6534 6518
f 6517 6533 6534
f 6518 6535 6519
f 6534 6535 6518
f 6535 6536 6519
f 6519 6536 6520
f 6536 6537 6520
f 6520 6537 6521
f 6537 6538 6521
f 6538 6522 6521
f 6538 6539 6522
f 6539 6523 6522
f 6539 6540 6523
f 6540 6524 6523
f 6526 6524 6540
f 6527 6525 6541
f 6541 6525 6542
f 6542 6525 6526
f 6540 6542 6526
f 6541 6543 6527
f 6527 6544 6528
f 6527 6543 6544
f 6529 6528 6545
f 6528 6544 6545
f 6530 6529 6546
f 6529 6545 6546
f 6531 6530 6547
f 6547 6530 6546
f 6532 6531 6548
f 6548 6531 6547
f 6533 6532 6549
f 6549 6532 6548
f 6534 6533 6550
f 6550 6533 6549
f 6551 6535 6534
f 6551 6534 6550
f 6552 6535 6551
f 6552 6536 6535
f 6552 6553 6536
f 6553 6537 6536
f 6553 6554 6537
f 6537 6554 6538
f 6554 6555 6538
f 6538 6555 6539
f 6555 6556 6539
f 6539 6556 6540
f 6556 6542 6540
f 6541 6557 6543
f 6558 6557 6541
f 6541 6542 6558
f 6558 6542 6556
f 6543 6557 6559
f 6544 6543 6560
f 6560 6543 6559
f 6545 6544 6561
f 6561 6544 6560
f 6546 6545 6562
f 6562 6545 6561
f 6547 6546 6563
f 6546 6562 6563
f 6548 6547 6564
f 6547 6563 6564
f 6548 6565 6549
f 6548 6564 6565
f 6549 6566 6550
f 6549 6565 6566
f 6550 6567 6551
f 6566 6567 6550
f 6567 6568 6551
f 6551 6568 6552
f 6568 6569 6552
f 6552 6569 6553
f 6569 6570 6553
f 6570 6554 6553
f 6570 6571 6554
f 6571 6555 6554
f 6571 6572 6555
f 6572 6556 6555
f 6558 6556 6572
f 6559 6557 6573
f 6573 6557 6574
f 6574 6557 6558
f 6572 6574 6558
f 6573 6575 6559
f 6559 6576 6560
f 6559 6575 6576
f 6561 6560 6577
f 6560 6576 6577
f 6562 6561 6578
f 6561 6577 6578
f 6563 6562 6579
f 6579 6562 6578
f 6564 6563 6580
f 6580 6563 6579
f 6565 6564 6581
f 6581 6564 6580
f 6566 6565 6582
f 6582 6565 6581
f 6583 6567 6566
f 6583 6566 6582
f 6584 6567 6583
f 6584 6568 6567
f 6584 6585 6568
f 6585 6569 6568
f 6585 6586 6569
f 6569 6586 6570
f 6586 6587 6570
f 6570 6587 6571
f 6587 6588 6571
f 6571 6588 6572
f 6588 6574 6572
f 6573 6589 6575
f 6590 6589 6573
f 6573 6574 6590
f 6590 6574 6588
f 6575 6589 6591
f 6576 6575 6592
f 6592 6575 6591
f 6577 6576 6593
f 6593 6576 6592
f 6578 6577 6594
f 6594 6577 6593
f 6579 6578 6595
f 6578 6594 6595
f 6580 6579 6596
f 6579 6595 6596
f 6580 6597 6581
f 6580 6596 6597
f 6581 6598 6582
f 6581 6597 6598
f 6582 6599 6583
f 6598 6599 6582
f 6599 6600 6583
f 6583 6600 6584
f 6600 6601 6584
f 6584 6601 6585
f 6601 6602 6585
f 6602 6586 6585
f 6602 6603 6586
f 6603 6587 6586
f 6603 6604 6587
f 6604 6588 6587
f 6590 6588 6604
f 6591 6589 6605
f 6605 6589 6606
f 6606 6589 6590
f 6604 6606 6590
f 6605 6607 6591
f 6591 6608 6592
f 6591 6607 6608
f 6593 6592 6609
f 6592 6608 6609
f 6594 6593 6610
f 6593 6609 6610
f 6595 6594 6611
f 6611 6594 6610
f 6596 6595 6612
f 6612 6595 6611
f 6597 6596 6613
f 6613 6596 6612
f 6598 6597 6614
f 6614 6597 6613
f 6615 6599 6598
f 6615 6598 6614
f 6616 6599 6615
f 6616 6600 6599
f 6616 6617 6600
f 6617 6601 6600
f 6617 6618 6601
f 6601 6618 6602
f 6618 6619 6602
f 6602 6619 6603
f 6619 6620 6603
f 6603 6620 6604
f 6620 6606 6604
f 6605 6621 6607
f 6622 6621 6605
f 6605 6606 6622
f 6622 6606 6620
f 6607 6621 6623
f 6608 6607 6624
f 6624 6607 6623
f 6609 6608 6625
f 6625 6608 6624
f 6610 6609 6626
f 6626 6609 6625
f 6611 6610 6627
f 6610 6626 6627
f 6612 6611 6628
f 6611 6627 6628
f 6612 6629 6613
f 6612 6628 6629
f 6613 6630 6614
f 6613 6629 6630
f 6614 6631 6615
f 6630 6631 6614
f 6631 6632 6615
f 6615 6632 6616
f 6632 6633 6616
f 6616 6633 6617
f 6633 6634 6617
f 6634 6618 6617
f 6634 6635 6618
f 6635 6619 6618
f 6635 6636 6619
f 6636 6620 6619
f 6622 6620 6636
f 6623 6621 6637
f 6637 6621 6638
f 6638 6621 6622
f 6636 6638 6622
f 6637 6639 6623
f 6623 6640 6624
f 6623 6639 6640
f 6625 6624 6641
f 6624 6640 6641
f 6626 6625 6642
f 6625 6641 6642
f 6627 6626 6643
f 6643 6626 6642
f 6628 6627 6644
f 6644 6627 6643
f 6629 6628 6645
f 6645 6628 6644
f 6630 6629 6646
f 6646 6629 6645
f 6647 6631 6630
f 6647 6630 6646
f 6648 6631 6647
f 6648 6632 6631
f 6648 6649 6632
f 6649 6633 6632
f 6649 6650 6633
f 6633 6650 6634
f 6650 6651 6634
f 6634 6651 6635
f 6651 6652 6635
f 6635 6652 6636
f 6652 6638 6636
f 6637 6653 6639
f 6654 6653 6637
f 6637 6638 6654
f 6654 6638 6652
f 6639 6653 6655
f 6640 6639 6656
f 6656 6639 6655
f 6641 6640 6657
f 6657 6640 6656
f 6642 6641 6658
f 6658 6641 6657
f 6643 6642 6659
f 6642 6658 6659
f 6644 6643 6660
f 6643 6659 6660
f 6644 6661 6645
f 6644 6660 6661
f 6645 6662 6646
f 6645 6661 6662
f 6646 6663 6647
f 6662 6663 6646
f 6663 6664 6647
f 6647 6664 6648
f 6664 6665 6648
f 6648 6665 6649
f 6665 6666 6649
f 6666 6650 6649
f 6666 6667 6650
f 6667 6651 6650
f 6667 6668 6651
f 6668 6652 6651
f 6654 6652 6668
f 6655 6653 6669
f 6669 6653 6670
f 6670 6653 6654
f 6668 6670 6654
f 6669 6671 6655
f 6655 6672 6656
f 6655 6671 6672
f 6657 6656 6673
f 6656 6672 6673
f 6658 6657 6674
f 6657 6673 6674
f 6659 6658 6675
f 6675 6658 6674
f 6660 6659 6676
f 6676 6659 6675
f 6661 6660 6677
f 6677 6660 6676
f 6662 6661 6678
f 6678 6661 6677
f 6679 6663 6662
f 6679 6662 6678
f 6680 6663 6679
f 6680 6664 6663
f 6680 6681 6664
f 6681 6665 6664
f 6681 6682 6665
f 6665 6682 6666
f 6682 6683 6666
f 6666 6683 6667
f 6683 6684 6667
f 6667 6684 6668
f 6684 6670 6668
f 6669 6685 6671
f 6686 6685 6669
f 6669 6670 6686
f 6686 6670 6684
f 6671 6685 6687
f 6672 6671 6688
f 6688 6671 6687
f 6673 6672 6689
f 6689 6672 6688
f 6674 6673 6690
f 6690 6673 6689
f 6675 6674 6691
f 6674 6690 6691
f 6676 6675 6692
f 6675 6691 6692
f 6676 6693 6677
f 6676 6692 6693
f 6677 6694 6678
f 6677 6693 6694
f 6678 6695 6679
f 6694 6695 6678
f 6695 6696 6679
f 6679 6696 6680
f 6696 6697 6680
f 6680 6697 6681
f 6697 6698 6681
f 6698 6682 6681
f 6698 6699 6682
f 6699 6683 6682
f 6699 6700 6683
f 6700 6684 6683
f 6686 6684 6700
f 6687 6685 6701
f 6701 6685 6702
f 6702 6685 6686
f 6700 6702 6686
f 6701 6703 6687
f 6687 6704 6688
f 6687 6703 6704
f 6689 6688 6705
f 6688 6704 6705
f 6690 6689 6706
f 6689 6705 6706
f 6691 6690 6707
f 6707 6690 6706
f 6692 6691 6708
f 6708 6691 6707
f 6693 6692 6709
f 6709 6692 6708
f 6694 6693 6710
f 6710 6693 6709
f 6711 6695 6694
f 6711 6694 6710
f 6712 6695 6711
f 6712 6696 6695
f 6712 6713 6696
f 6713 6697 6696
f 6713 6714 6697
f 6697 6714 6698
f 6714 6715 6698
f 6698 6715 6699
f 6715 6716 6699
f 6699 6716 6700
f 6716 6702 6700
f 6701 6717 6703
f 6718 6717 6701
f 6701 6702 6718
f 6718 6702 6716
f 6703 6717 6719
f 6704 6703 6720
f 6720 6703 6719
f 6705 6704 6721
f 6721 6704 6720
f 6706 6705 6722
f 6722 6705 6721
f 6707 6706 6723
f 6706 6722 6723
f 6708 6707 6724
f 6707 6723 6724
f 6708 6725 6709
f 6708 6724 6725
f 6709 6726 6710
f 6709 6725 6726
f 6710 6727 6711
f 6726 6727 6710
f 6727 6728 6711
f 6711 6728 6712
f 6728 6729 6712
f 6712 6729 6713
f 6729 6730 6713
f 6730 6714 6713
f 6730 6731 6714
f 6731 6715 6714
f 6731 6732 6715
f 6732 6716 6715
f 6718 6716 6732
f 6719 6717 6733
f 6733 6717 6734
f 6734 6717 6718
f 6732 6734 6718
f 6733 6735 6719
f 6719 6736 6720
f 6719 6735 6736
f 6721 6720 6737
f 6720 6736 6737
f 6722 6721 6738
f 6721 6737 6738
f 6723 6722 6739
f 6739 6722 6738
f 6724 6723 6740
f 6740 6723 6739
f 6725 6724 6741
f 6741 6724 6740
f 6726 6725 6742
f 6742 6725 6741
f 6743 6727 6726
f 6743 6726 6742
f 6744 6727 6743
f 6744 6728 6727
f 6744 6745 6728
f 6745 6729 6728
f 6745 6746 6729
f 6729 6746 6730
f 6746 6747 6730
f 6730 6747 6731
f 6747 6748 6731
f 6731 6748 6732
f 6748 6734 6732
f 6733 6749 6735
f 6750 6749 6733
f 6733 6734 6750
f 6750 6734 6748
f 6735 6749 6751
f 6736 6735 6752
f 6752 6735 6751
f 6737 6736 6753
f 6753 6736 6752
f 6738 6737 6754
f 6754 6737 6753
f 6739 6738 6755
f 6738 6754 6755
f 6740 6739 6756
f 6739 6755 6756
f 6740 6757 6741
f 6740 6756 6757
f 6741 6758 6742
f 6741 6757 6758
f 6742 6759 6743
f 6758 6759 6742
f 6759 6760 6743
f 6743 6760 6744
f 6760 6761 6744
f 6744 6761 6745
f 6761 6762 6745
f 6762 6746 6745
f 6762 6763 6746
f 6763 6747 6746
f 6763 6764 6747
f 6764 6748 6747
f 6750 6748 6764
f 6751 6749 6765
f 6765 6749 6766
f 6766 6749 6750
f 6764 6766 6750
f 6765 6767 6751
f 6751 6768 6752
f 6751 6767 6768
f 6753 6752 6769
f 6752 6768 6769
f 6754 6753 6770
f 6753 6769 6770
f 6755 6754 6771
f 6771 6754 6770
f 6756 6755 6772
f 6772 6755 6771
f 6757 6756 6773
f 6773 6756 6772
f 6758 6757 6774
f 6774 6757 6773
f 6775 6759 6758
f 6775 6758 6774
f 6776 6759 6775
f 6776 6760 6759
f 6776 6777 6760
f 6777 6761 6760
f 6777 6778 6761
f 6761 6778 6762
f 6778 6779 6762
f 6762 6779 6763
f 6779 6780 6763
f 6763 6780 6764
f 6780 6766 6764
f 6765 6781 6767
f 6782 6781 6765
f 6765 6766 6782
f 6782 6766 6780
f 6767 6781 6783
f 6768 6767 6784
f 6784 6767 6783
f 6769 6768 6785
f 6785 6768 6784
f 6770 6769 6786
f 6786 6769 6785
f 6771 6770 6787
f 6770 6786 6787
f 6772 6771 6788
f 6771 6787 6788
f 6772 6789 6773
f 6772 6788 6789
f 6773 6790 6774
f 6773 6789 6790
f 6774 6791 6775
f 6790 6791 6774
f 6791 6792 6775
f 6775 6792 6776
f 6792 6793 6776
f 6776 6793 6777
f 6793 6794 6777
f 6794 6778 6777
f 6794 6795 6778
f 6795 6779 6778
f 6795 6796 6779
f 6796 6780 6779
f 6782 6780 6796
f 6783 6781 6797
f 6797 6781 6798
f 6798 6781 6782
f 6796 6798 6782
f 6797 6799 6783
f 6783 6800 6784
f 6783 6799 6800
f 6785 6784 6801
f 6784 6800 6801
f 6786 6785 6802
f 6785 6801 6802
f 6787 6786 6803
f 6803 6786 6802
f 6788 6787 6804
f 6804 6787 6803
f 6789 6788 6805
f 6805 6788 6804
f 6790 6789 6806
f 6806 6789 6805
f 6807 6791 6790
f 6807 6790 6806
f 6808 6791 6807
f 6808 6792 6791
f 6808 6809 6792
f 6809 6793 6792
f 6809 6810 6793
f 6793 6810 6794
f 6810 6811 6794
f 6794 6811 6795
f 6811 6812 6795
f 6795 6812 6796
f 6812 6798 6796
f 6797 6813 6799
f 6814 6813 6797
f 6797 6798 6814
f 6814 6798 6812
f 6799 6813 6815
f 6800 6799 6816
f 6816 6799 6815
f 6801 6800 6817
f 6817 6800 6816
f 6802 6801 6818
f 6818 6801 6817
f 6803 6802 6819
f 6802 6818 6819
f 6804 6803 6820
f 6803 6819 6820
f 6804 6821 6805
f 6804 6820 6821
f 6805 6822 6806
f 6805 6821 6822
f 6806 6823 6807
f 6822 6823 6806
f 6823 6824 6807
f 6807 6824 6808
f 6824 6825 6808
f 6808 6825 6809
f 6825 6826 6809
f 6826 6810 6809
f 6826 6827 6810
f 6827 6811 6810
f 6827 6828 6811
f 6828 6812 6811
f 6814 6812 6828
f 6815 6813 6829
f 6829 6813 6830
f 6830 6813 6814
f 6828 6830 6814
f 6829 6831 6815
f 6815 6832 6816
f 6815 6831 6832
f 6817 6816 6833
f 6816 6832 6833
f 6818 6817 6834
f 6817 6833 6834
f 6819 6818 6835
f 6835 6818 6834
f 6820 6819 6836
f 6836 6819 6835
f 6821 6820 6837
f 6837 6820 6836
f 6822 6821 6838
f 6838 6821 6837
f 6839 6823 6822
f 6839 6822 6838
f 6840 6823 6839
f 6840 6824 6823
f 6840 6841 6824
f 6841 6825 6824
f 6841 6842 6825
f 6825 6842 6826
f 6842 6843 6826
f 6826 6843 6827
f 6843 6844 6827
f 6827 6844 6828
f 6844 6830 6828
f 6829 6845 6831
f 6846 6845 6829
f 6829 6830 6846
f 6846 6830 6844
f 6831 6845 6847
f 6832 6831 6848
f 6848 6831 6847
f 6833 6832 6849
f 6849 6832 6848
f 6834 6833 6850
f 6850 6833 6849
f 6835 6834 6851
f 6834 6850 6851
f 6836 6835 6852
f 6835 6851 6852
f 6836 6853 6837
f 6836 6852 6853
f 6837 6854 6838
f 6837 6853 6854
f 6838 6855 6839
f 6854 6855 6838
f 6855 6856 6839
f 6839 6856 6840
f 6856 6857 6840
f 6840 6857 6841
f 6857 6858 6841
f 6858 6842 6841
f 6858 6859 6842
f 6859 6843 6842
f 6859 6860 6843
f 6860 6844 6843
f 6846 6844 6860
f 6847 6845 6861
f 6861 6845 6862
f 6862 6845 6846
f 6860 6862 6846
f 6861 6863 6847
f 6847 6864 6848
f 6847 6863 6864
f 6849 6848 6865
f 6848 6864 6865
f 6850 6849 6866
f 6849 6865 6866
f 6851 6850 6867
f 6867 6850 6866
f 6852 6851 6868
f 6868 6851 6867
f 6853 6852 6869
f 6869 6852 6868
f 6854 6853 6870
f 6870 6853 6869
f 6871 6855 6854
f 6871 6854 6870
f 6872 6855 6871
f 6872 6856 6855
f 6872 6873 6856
f 6873 6857 6856
f 6873 6874 6857
f 6857 6874 6858
f 6874 6875 6858
f 6858 6875 6859
f 6875 6876 6859
f 6859 6876 6860
f 6876 6862 6860
f 6861 6877 6863
f 6878 6877 6861
f 6861 6862 6878
f 6878 6862 6876
f 6863 6877 6879
f 6864 6863 6880
f 6880 6863 6879
f 6865 6864 6881
f 6881 6864 6880
f 6866 6865 6882
f 6882 6865 6881
f 6867 6866 6883
f 6866 6882 6883
f 6868 6867 6884
f 6867 6883 6884
f 6868 6885 6869
f 6868 6884 6885
f 6869 6886 6870
f 6869 6885 6886
f 6870 6887 6871
f 6886 6887 6870
f 6887 6888 6871
f 6871 6888 6872
f 6888 6889 6872
f 6872 6889 6873
f 6889 6890 6873
f 6890 6874 6873
f 6890 6891 6874
f 6891 6875 6874
f 6891 6892 6875
f 6892 6876 6875
f 6878 6876 6892
f 6879 6877 6893
f 6893 6877 6894
f 6894 6877 6878
f 6892 6894 6878
f 6893 6895 6879
f 6879 6896 6880
f 6879 6895 6896
f 6881 6880 6897
f 6880 6896 6897
f 6882 6881 6898
f 6881 6897 6898
f 6883 6882 6899
f 6899 6882 6898
f 6884 6883 6900
f 6900 6883 6899
f 6885 6884 6901
f 6901 6884 6900
f 6886 6885 6902
f 6902 6885 6901
f 6903 6887 6886
f 6903 6886 6902
f 6904 6887 6903
f 6904 6888 6887
f 6904 6905 6888
f 6905 6889 6888
f 6905 6906 6889
f 6889 6906 6890
f 6906 6907 6890
f 6890 6907 6891
f 6907 6908 6891
f 6891 6908 6892
f 6908 6894 6892
f 6893 6909 6895
f 6910 6909 6893
f 6893 6894 6910
f 6910 6894 6908
f 6895 6909 6911
f 6896 6895 6912
f 6912 6895 6911
f 6897 6896 6913
f 6913 6896 6912
f 6898 6897 6914
f 6914 6897 6913
f 6899 6898 6915
f 6898 6914 6915
f 6900 6899 6916
f 6899 6915 6916
f 6900 6917 6901
f 6900 6916 6917
f 6901 6918 6902
f 6901 6917 6918
f 6902 6919 6903
f 6918 6919 6902
f 6919 6920 6903
f 6903 6920 6904
f 6920 6921 6904
f 6904 6921 6905
f 6921 6922 6905
f 6922 6906 6905
f 6922 6923 6906
f 6923 6907 6906
f 6923 6924 6907
f 6924 6908 6907
f 6910 6908 6924
f 6911 6909 6925
f 6925 6909 6926
f 6926 6909 6910
f 6924 6926 6910
f 6925 6927 6911
f 6911 6928 6912
f 6911 6927 6928
f 6913 6912 6929
f 6912 6928 6929
f 6914 6913 6930
f 6913 6929 6930
f 6915 6914 6931
f 6931 6914 6930
f 6916 6915 6932
f 6932 6915 6931
f 6917 6916 6933
f 6933 6916 6932
f 6918 6917 6934
f 6934 6917 6933
f 6935 6919 6918
f 6935 6918 6934
f 6936 6919 6935
f 6936 6920 6919
f 6936 6937 6920
f 6937 6921 6920
f 6937 6938 6921
f 6921 6938 6922
f 6938 6939 6922
f 6922 6939 6923
f 6939 6940 6923
f 6923 6940 6924
f 6940 6926 6924
f 6925 6941 6927
f 6942 6941 6925
f 6925 6926 6942
f 6942 6926 6940
f 6927 6941 6943
f 6928 6927 6944
f 6944 6927 6943
f 6929 6928 6945
f 6945 6928 6944
f 6930 6929 6946
f 6946 6929 6945
f 6931 6930 6947
f 6930 6946 6947
f 6932 6931 6948
f 6931 6947 6948
f 6932 6949 6933
f 6932 6948 6949
f 6933 6950 6934
f 6933 6949 6950
f 6934 6951 6935
f 6950 6951 6934
f 6951 6952 6935
f 6935 6952 6936
f 6952 6953 6936
f 6936 6953 6937
f 6953 6954 6937
f 6954 6938 6937
f 6954 6955 6938
f 6955 6939 6938
f 6955 6956 6939
f 6956 6940 6939
f 6942 6940 6956
f 6943 6941 6957
f 6957 6941 6958
f 6958 6941 6942
f 6956 6958 6942
f 6959 6960 6957
f 6957 6960 6943
f 6961 6962 6943
f 6943 6962 6944
f 6960 6963 6943
f 6943 6963 6961
f 6944 6964 6945
f 6945 6964 6965
f 6962 6966 6944
f 6944 6966 6964
f 6945 6967 6946
f 6946 6967 6968
f 6965 6969 6945
f 6945 6969 6967
f 6946 6970 6947
f 6947 6970 6971
f 6946 6968 6970
f 6970 6968 6972
f 6947 6973 6948
f 6948 6973 6974
f 6947 6975 6973
f 6947 6971 6975
f 6948 6976 6949
f 6949 6976 6977
f 6948 6974 6976
f 6976 6974 6978
f 6950 6949 6979
f 6949 6977 6980
f 6949 6980 6981
f 6949 6981 6979
f 6982 6979 6981
f 6983 6951 6950
f 6983 6950 6979
f 6984 6951 6983
f 6984 6952 6951
f 6984 6985 6952
f 6985 6953 6952
f 6985 6986 6953
f 6953 6986 6954
f 6986 6987 6954
f 6954 6987 6955
f 6987 6988 6955
f 6955 6988 6956
f 6988 6958 6956
f 6989 6990 6957
f 6957 6990 6959
f 6989 6957 6991
f 6991 6957 6992
f 6957 6958 6992
f 6992 6958 6988
f 6990 6993 6959
f 6959 6993 6960
f 6963 6960 6993
f 6994 6963 6993
f 6961 6963 6994
f 6962 6961 6994
f 6966 6962 6994
f 6995 6966 6994
f 6964 6966 6995
f 6965 6964 6995
f 6965 6995 6969
f 6969 6995 6996
f 6969 6996 6967
f 6967 6996 6968
f 6996 6997 6968
f 6968 6997 6972
f 6972 6997 6970
f 6970 6997 6971
f 6971 6997 6998
f 6975 6971 6998
f 6973 6975 6998
f 6974 6973 6998
f 6974 6998 6999
f 6978 6974 6999
f 6976 6999 6977
f 6978 6999 6976
f 6977 6999 7000
f 6980 6977 7000
f 6979 6982 7001
f 6979 7002 6983
f 7001 7002 6979
f 7000 7002 7001
f 6982 6981 7001
f 6980 7000 7001
f 6981 6980 7001
f 7002 7003 6983
f 6983 7003 6984
f 7003 7004 6984
f 6984 7004 6985
f 7004 7005 6985
f 7005 6986 6985
f 7005 7006 6986
f 7006 6987 6986
f 7006 7007 6987
f 7007 6988 6987
f 6992 6988 7007
f 6989 7008 6990
f 6990 7008 6993
f 6989 6991 7008
f 7008 6991 7009
f 6991 6992 7009
f 7009 6992 7010
f 7010 6992 7011
f 7011 6992 7007
f 7011 7007 7012
f 6993 7008 7013
f 7014 6993 7015
f 7015 6993 7013
f 7016 6993 7014
f 7017 6993 7016
f 7018 6993 7017
f 7019 6993 7018
f 7000 6993 7019
f 6999 6993 7000
f 6998 6993 6999
f 6997 6993 6998
f 6996 6993 6997
f 6995 6993 6996
f 6994 6993 6995
f 7020 7002 7000
f 7021 7020 7000
f 7000 7019 7021
f 7022 7002 7020
f 7003 7002 7023
f 7024 7002 7022
f 7023 7002 7024
f 7023 7025 7003
f 7004 7003 7026
f 7026 7003 7025
f 7026 7025 7027
f 7026 7028 7004
f 7029 7030 7005
f 7028 7029 7004
f 7004 7029 7005
f 7030 7031 7005
f 7032 7033 7006
f 7031 7032 7005
f 7005 7032 7006
f 7033 7034 7006
f 7035 7007 7036
f 7036 7007 7006
f 7036 7006 7034
f 7035 7012 7007
f 7009 7010 7008
f 7008 7010 7013
f 7013 7010 7011
f 7013 7011 7012
f 7035 7013 7012
f 7035 7015 7013
f 7021 7019 7020
f 7019 7018 7024
f 7020 7019 7022
f 7022 7019 7024
f 7024 7018 7023
f 7018 7017 7027
f 7023 7018 7025
f 7025 7018 7027
f 7027 7017 7026
f 7017 7016 7029
f 7026 7017 7028
f 7028 7017 7029
f 7016 7030 7029
f 7016 7014 7032
f 7030 7016 7031
f 7031 7016 7032
f 7014 7033 7032
f 7014 7015 7036
f 7033 7014 7034
f 7034 7014 7036
f 7015 7035 7036

