# https://github.com/mikedh/trimesh
v 78.10845184 -134.28494260 110.91241460
v 86.14318848 -186.35391240 111.67144010
v 75.02894592 -207.20516970 107.69480130
v 88.95600128 -179.32415770 110.32981870
v 50.31532288 -107.47163390 98.72260284
v 46.56406784 -106.49002080 113.33979030
v 1.80630016 -229.26683040 103.33958440
v 1.80630016 -229.32138060 104.29454040
v 1.80630016 -102.24227910 105.74605560
v 83.58278656 -147.31028750 113.38775630
v -12.86718464 -106.79998780 99.17729950
v 49.17116928 -224.54878230 104.37094120
v -5.84039936 -230.35484484 118.52094726
v 78.69123840 -144.64030460 103.54966740
v 21.87939072 -232.10499570 105.26858520
v 55.88209152 -110.94675450 98.74898529
v 63.90370560 -216.25137330 107.36949160
v 67.34696960 -118.39309690 102.47245030
v 49.08143616 -224.93591310 100.92551420
v 85.14198528 -158.99165321 118.52094726
v 77.42840576 -145.13787840 99.91242981
v 72.55384064 -211.41513060 99.91757202
v -37.02431488 -136.36819460 113.00811770
v 60.04110336 -216.61965940 117.50061040
v -25.27035904 -218.10267640 117.49256900
v 84.69316864 -162.28781130 104.58132930
v 7.61366272 -239.37048340 117.72558590
v 31.94394112 -230.65802000 108.37368770
v 27.72211456 -237.90567020 115.58738710
v -41.86530304 -155.71302800 101.50123600
v 0.66035712 -101.76899720 113.99685670
v 0.66035712 -101.52797700 116.13593290
v 78.55384064 -147.71725460 100.47866060
v -44.68660736 -186.44700620 109.89248660
v 48.48789248 -107.63447558 118.52094726
v -37.06541824 -202.36573790 102.79042050
v 83.44152832 -158.76794430 98.75870514
v -43.62948608 -165.06909180 102.53241730
v 60.64550400 -119.60488890 98.71298218
v 42.20957184 -227.00454710 116.47447200
v 70.06368256 -209.71926880 113.99685670
v -29.75482368 -210.78710940 101.69705960
v 12.91306496 -233.70750430 114.63023380
v 74.73253632 -130.88900760 102.97760770
v 1.96332800 -229.43981930 105.32313540
v 29.84368896 -244.26089480 116.87438960
v 63.74546432 -121.98532870 99.65042114
v 86.32458496 -157.24566650 105.97692870
v 63.12157440 -114.67129520 104.44539640
v 5.51548672 -232.79333500 115.83454900
v -27.28724480 -120.63538360 109.03685000
v -45.12350464 -188.01409910 113.78679660
v -22.55027199 -113.61664580 115.79450990
v 81.67425537 -144.41482540 115.82781220
v 83.48899841 -158.12980650 104.28591920
v 81.68544769 -195.29095460 101.36181640
v -12.25188351 -223.71899410 105.94970700
v 32.75106049 -242.31182860 116.83285520
v -25.61202431 -118.29495240 108.95833590
v 38.89965057 -242.73437500 118.05526730
v -6.82283519 -229.82787614 118.52094726
v 89.44692993 -178.25460820 107.57958220
v -28.02634239 -122.39922330 104.14175420
v 46.81840897 -106.51569370 111.70495610
v 59.71458817 -117.90164950 98.82189941
v 48.46534401 -107.62275682 118.52094726
v 69.35430145 -120.95385740 102.38456730
v -39.95909119 -146.92306520 105.31715390
v 77.08953857 -204.87022400 99.61486053
v 83.53762817 -157.16403200 104.53457640
v 3.83537153 -238.12772396 118.52094726
v 85.08297729 -178.63247680 98.26892090
v 3.91206145 -238.02813720 118.47503660
v 85.50635009 -176.08863331 97.95770874
v 55.44499969 -109.33097840 100.40200040
v 78.42454529 -132.73530580 105.76193240
v 4.97508097 -231.48643490 113.16665650
v 37.42917633 -229.75401310 115.82412720
v 74.30760193 -205.91757200 112.63014220
v 52.12629505 -223.98610696 97.95770874
v 85.55358721 -173.60340675 97.95770874
v 86.15129089 -166.79676820 105.19328310
v 53.19258881 -108.67719270 99.04431915
v 44.06670337 -105.69347161 118.52094726
v -39.46743807 -149.06412975 97.95770874
v 37.46005249 -230.37690730 116.12000270
v 78.44692993 -205.24124150 102.99197390
v 17.23832321 -101.90973660 117.12908940
v 83.36742401 -145.42675780 105.72187810
v 86.48629761 -168.81967160 117.84980770
v -7.66533375 -225.31356810 100.70390320
v 72.53762817 -211.40116880 102.31002810
v 70.73407745 -122.47013850 102.98519130
v 26.53859329 -235.21347050 115.16750340
v 38.03820801 -228.83807370 106.66046140
v 75.65457153 -203.54765320 98.69609833
v 81.36472321 -193.91583250 101.19337460
v 45.37302017 -105.97775270 107.73236850
v 14.58355713 -102.25807950 108.72550960
v 8.88329729 -101.18190429 118.52094726
v 88.35816193 -171.76094060 113.31465150
v 83.56551681 -158.47321296 97.95770874
v 82.93901825 -146.77938840 105.23957820
v 82.93901825 -193.07547000 102.28093720
v 82.93901825 -153.12026980 104.70989230
v -5.98610687 -103.68823240 98.25923920
v -5.98610687 -103.33597560 104.52374270
v -5.98610687 -103.43754580 102.99577330
v -12.12746239 -104.98629760 112.69812010
v 61.93805313 -115.18507390 108.62925720
v -45.81950975 -188.91444694 118.52094726
v 19.56840706 -102.66157530 105.74606320
v 76.74333954 -133.55451970 113.41329960
v -7.97240830 -103.68556980 108.03794860
v -7.97240830 -104.31932070 99.32879639
v -1.68750334 -228.12791440 103.55180360
v 84.22693634 -195.96583560 103.88519290
v 74.94441986 -204.38209530 98.43540955
v -32.37010174 -207.21358246 97.95770874
v -1.17496574 -232.18081670 117.78224180
v -26.91422462 -213.24302670 99.32879639
v 82.19799042 -147.69613650 104.83237460
v -38.31744766 -201.92898560 107.80593870
v 46.38324738 -224.67839050 117.64991760
v 73.44963074 -127.10144040 103.01662450
v 10.22771714 -245.97486669 118.52094726
v 35.03048706 -243.33639530 117.41290280
v -1.51170814 -230.95457460 116.58150480
v 9.44591618 -232.63427730 113.99685670
v 7.03943682 -231.42504880 110.86460110
v -47.19880446 -180.64013962 118.52094726
v -23.77164286 -219.52912985 118.52094726
v -26.04901886 -216.50671390 112.85696410
v 39.18293762 -104.69587710 102.98657230
v -4.72814846 -103.24177550 100.70390320
v -36.44558334 -202.69635010 100.28400420
v -2.49660158 -231.89193730 118.16651920
v 81.77421570 -154.86869810 100.10926820
v 30.98185730 -231.55657960 114.28339390
v 32.65630722 -230.51448060 112.54043580
v 60.75880194 -219.89941511 97.95770874
v 68.37475586 -215.12168880 98.34197235
v 17.08434690 -250.92079417 118.52094726
v 42.49266434 -227.89607240 117.36788940
v 68.12118530 -122.94142150 115.68017580
v 24.87793922 -232.35008240 112.46894070
v 24.87793922 -235.85731510 115.16315460
v 24.87793922 -231.95462040 103.37778470
v 24.87793922 -231.97903440 101.35327910
v 79.51138306 -149.07916260 99.45951843
v -42.57757950 -191.73828120 106.23365020
v 30.28405762 -232.49900820 114.92900090
v 87.23156738 -158.91748050 106.34697720
v -37.35826174 -205.94605134 118.52094726
v 84.92473602 -186.82553100 114.07759090
v -47.40816126 -177.02533213 118.52094726
v 10.66856194 -231.32252500 104.40914150
v 83.18023682 -158.77359010 103.68611910
v 67.63642883 -127.19803620 99.93861389
v 76.39598083 -203.53514100 112.35171510
v 84.15283203 -149.83525090 105.53036500
v 88.27440643 -181.15766910 110.94101720
v 77.45310211 -204.58976750 107.35143280
v 87.77961731 -159.26712040 110.74324040
v -6.65773821 -103.48803710 105.17310330
v -33.63103485 -128.29901120 117.89955140
v -38.39348221 -204.70712280 118.42761230
v 86.29138947 -156.43023680 106.05464940
v 20.79930115 -102.08315280 117.70112610
v 75.94326019 -129.16149900 107.27400210
v 59.23424771 -220.68969089 97.95770874
v 69.34974467 -125.28769404 118.52094726
v 45.27511299 -228.20504999 118.52094726
v 86.80856323 -165.19085690 115.92292790
v 42.22114563 -228.18699650 117.33628080
v 85.00501251 -154.28117370 115.44174960
v -19.34861565 -218.77223210 99.08985901
v 29.98166275 -233.71282960 115.25698850
v -4.86578941 -228.12600710 111.62133790
v -27.57401085 -121.80390930 103.01364900
v -38.44577789 -144.58352660 101.21535490
v 21.18284035 -233.73176570 114.53031920
v 63.19796995 -118.72415382 118.52094726
v 12.27257347 -101.75451660 114.76080320
v 8.22114563 -231.00326540 106.65689850
v 2.11188483 -102.17563630 107.23580930
v 66.74217987 -124.09515380 100.71641540
v 45.48494339 -226.60263060 98.12940979
v 89.46815491 -165.64923100 108.80191040
v 79.43264771 -134.50941470 107.27400210
v -42.64319229 -197.19134520 116.59030910
v 36.76089859 -229.08003230 112.11560060
v -15.71242237 -107.55168150 110.94099430
v -40.71899133 -201.40203067 118.52094726
v 13.68047619 -233.10533140 113.45805360
v 66.79544067 -121.82240300 116.67286680
v 72.20609283 -132.47731020 102.10466000
v -26.75260925 -214.79675290 107.23239900
v 79.42685699 -147.24537660 103.52880860
v 80.25395203 -195.25341800 116.74466710
v 9.23523331 -243.91741940 118.31616970
v 80.48860931 -138.36898800 110.74540710
v 86.94326019 -163.00346370 114.72088620
v 77.93206787 -146.52554320 100.55112460
v 0.44099587 -230.30232240 113.24485020
v 34.35391235 -103.53818510 111.84986110
v -44.52914429 -163.32177730 108.52650450
v 8.25945091 -235.27050780 116.80006410
v -5.42247677 -103.22267150 104.06533810
v -35.10633469 -134.18167110 107.65925600
v -34.35720444 -133.56774900 104.86752320
v -10.27731196 -227.94194369 118.52094726
v 74.84020996 -139.47427370 99.32879639
v 43.95571716 -235.63274779 118.52094726
v -31.33462524 -124.53712460 118.06074520
v 85.16479492 -182.07441710 117.87677760
v -14.76973820 -107.96039580 99.60054016
v 67.40061188 -118.47046660 105.13489530
v 87.49594116 -187.44367980 107.27400210
v 65.11869188 -212.49628969 118.52094726
v -34.64281340 -129.85760063 118.52094726
v 84.15167236 -147.88537600 112.24337010
v 40.97918468 -104.67969896 118.52094726
v 84.19297028 -195.33511350 106.66281890
v 24.21902084 -103.03656010 100.15958400
v 9.07038212 -240.81715390 117.66818240
v -23.59668732 -218.85189820 115.31268310
v 72.83364868 -135.10939030 101.48297120
v 73.10497284 -210.26518250 98.99747467
v 55.97780228 -109.85469820 103.44257350
v 64.36510468 -115.40103150 103.60700230
v -11.57145596 -105.62156680 103.74067690
v 85.72133636 -163.21203610 118.37821200
v 64.61481476 -116.42987060 100.86782840
v 85.46969604 -180.12463380 104.15501400
v 36.93573380 -229.35543820 98.33560944
v 78.28829956 -197.30839540 98.40912628
v 55.74198532 -110.72763060 108.64910890
v -10.08954620 -226.90014650 115.54133610
v 19.91218948 -232.11596680 103.14859010
v 56.26765060 -110.43829350 99.30718994
v -44.63875580 -184.98648070 108.42095950
v 32.21075460 -230.75560549 97.95770874
v -20.57980156 -220.47540280 113.29534910
v 17.25742340 -232.02523800 101.31507870
v 84.54457092 -166.02735900 100.85862730
v -29.63026428 -124.24787140 108.88612370
v -3.06980348 -230.07926940 116.14726260
v 32.51755524 -103.04496770 118.27503970
v -25.99884796 -119.24348450 105.60877990
v 61.24333572 -115.15003970 110.33235930
v -8.12519932 -103.32743840 112.39253230
v 51.83827972 -109.32852170 116.44152830
v 44.30033156 -233.99803731 118.52094726
v -35.39078140 -206.12887570 109.38020320
v -18.12138748 -219.66455080 100.14956670
v -34.51718140 -135.85475160 97.97671509
v -31.63422203 -125.59652710 115.71318820
v -43.17117691 -181.25315860 98.48841858
v 71.43688965 -132.00643920 101.72644040
v -43.26091003 -152.53176880 113.39408870
v 84.32457733 -175.65713500 101.77346800
v 89.73522949 -176.49749760 108.80191040
v -41.64345851 -158.17994920 97.95770874
v 70.41720581 -123.85262300 111.01194760
v 77.37976837 -198.93911740 98.72630310
v 55.71554565 -112.11605830 118.36251070
v 78.96641541 -138.68139650 103.98008730
v 88.75684357 -172.90689090 112.49584960
v -45.06832123 -163.51495360 111.26214600
v 67.85873413 -121.67518620 112.46894070
v 88.21226501 -184.35423280 106.63991550
v -17.13750267 -108.40338130 114.76107790
v 43.13661957 -234.71136470 118.14589690
v 36.53125381 -229.39062500 105.02030940
v 25.22172165 -241.66342160 116.01485440
v 10.99912453 -233.35272220 114.64385990
v 66.11230469 -124.98605350 99.96491241
v -43.86627579 -172.92596440 100.39897160
v 87.76147461 -157.22271730 108.80191800
v 73.59590149 -210.32070920 102.96604920
v 6.91631365 -232.26589970 114.54892730
v 86.99806213 -174.12922670 116.62385560
v 74.77298949 -203.29247262 97.95770874
v 78.76610565 -136.75909420 113.15794370
v 87.51909637 -186.03527830 105.74922940
v -35.81571579 -136.98030090 103.54695130
v -3.48023547 -101.53848340 118.52094726
v -20.83153915 -113.33528140 99.02320862
v 15.09923077 -231.84796140 104.52374270
v 15.09923077 -237.38522340 115.88887020
v 15.09923077 -102.39914700 104.98210140
v 15.09923077 -242.42736820 116.83773040
v 15.09923077 -102.14915470 111.09379580
v 15.09923077 -102.45832820 102.84300230
v 15.09923077 -102.49586490 101.92626190
v 11.28897285 -102.42238620 98.97547150
v 62.30875397 -116.22125240 111.09165950
v -21.70446587 -217.58517460 101.61972810
v 66.56931845 -126.05592497 97.95770874
v 89.63603973 -173.21246340 107.64466860
v 59.48358917 -217.32473750 115.69403080
v -36.16751099 -134.89425660 112.01048280
v -43.63991547 -152.72552490 115.07249450
v -45.43690491 -174.24380490 108.56249240
v 73.93824005 -131.00019840 117.03032680
v -34.06639099 -133.71946720 102.07868960
v 78.35866373 -145.52157164 97.95770874
v -10.01399803 -224.50256350 103.39749910
v 23.42183685 -102.27489470 117.43359380
v 83.52295685 -185.89422610 102.71453860
v -7.58976507 -102.90686040 114.46057130
v -22.80066299 -114.63365170 110.13885500
v 71.85298181 -210.70614560 97.95770874
v -38.93169403 -146.24668880 100.50148010
v 29.07637766 -251.44261194 118.52094726
v 87.63410950 -178.42546080 113.88694000
v 69.06907654 -120.46366880 106.05163570
v 16.67241478 -233.98666380 114.67742920
v 12.09146118 -233.13114930 113.95375060
v 85.84175110 -150.44641110 107.57958220
v -3.39009786 -102.89916990 103.03123470
v 28.87918854 -249.82209780 118.09080510
v 40.31981318 -243.24629332 118.52094726
v -26.77200890 -216.87716670 117.32285310
v 82.26089478 -190.94664000 102.08207700
v 71.91276550 -123.73724370 106.66281890
v 86.61905670 -187.70039370 104.76493840
v 65.24584198 -118.69225310 100.41413880
v 85.11963654 -168.11714170 104.47798160
v 82.04013062 -155.15695190 103.58933260
v 84.58818054 -177.59370420 103.60347750
v 64.48435974 -116.96842190 100.50526430
v -35.29024506 -206.08935550 108.76371770
v 60.39366150 -114.06419370 108.97569270
v 81.54148102 -154.87738040 102.07906340
v 66.09532166 -216.27593990 101.46788020
v 85.41141510 -149.93908690 106.65511320
v 66.31685638 -120.81024170 114.75479130
v 42.48339462 -226.99760440 116.74916080
v -42.45650170 -163.42171664 97.95770874
v 38.49555206 -104.04226680 118.08404540
v 68.40292358 -128.35070800 98.42304230
v -43.40607226 -176.15424297 97.95770874
v 81.30566406 -195.24511720 113.49899290
v 65.84638214 -123.97889710 100.26784520
v 7.47871494 -101.79061890 111.39938350
v 83.13545990 -186.76469420 102.43138120
v 15.22707462 -231.90351870 101.69706730
v 66.38710022 -118.20109560 106.92955020
v 50.77054214 -224.25903320 100.72193150
v 69.48435974 -128.91601560 101.16667940
v 84.98493958 -151.36193850 112.96665190
v 43.33943558 -226.59278870 117.04296880
v 8.56473350 -230.97579960 103.83616640
v -3.99786234 -226.53953550 98.09649658
v 72.31029510 -123.98756410 105.98875430
v 71.03433990 -212.83251950 99.31581879
v 46.65628422 -225.16622024 118.52094726
v 74.16633606 -205.00653080 98.06778717
v 87.03433990 -188.95007320 106.05163570
v -34.59784698 -133.63464360 106.20531460
v 85.00732422 -194.14456180 106.04994200
v -7.04977146 -104.04967752 97.95770874
v -45.69896698 -187.35220340 116.05300900
v 44.02507782 -226.62226870 106.20335390
v -45.27885818 -186.89294430 113.33203120
v 67.21303558 -118.09111020 104.48755650
v 87.58818054 -173.40344240 115.15898130
v -40.39117050 -150.40673830 100.76947020
v 84.97528839 -148.00173950 106.96839900
v 81.64607239 -155.12297060 101.46788020
v 21.13606407 -102.00413658 118.52094726
v 28.54495239 -231.48292540 99.48158264
v 28.54495239 -231.45991520 104.67652890
v -21.66741753 -217.26736450 99.01274109
v -37.21778681 -134.77312266 118.52094726
v -31.00232697 -124.17791750 117.51985170
v -20.10499577 -110.63021268 118.52094726
v -46.42880249 -184.57284550 117.29603580
v -35.73659897 -133.05937190 114.76972200
v -35.96662521 -135.27986150 109.65274050
v 71.64221191 -132.86010740 98.33629608
v 89.69084167 -177.02070620 108.17439270
v 10.03511047 -234.29473880 115.85922240
v 88.95946503 -174.89395140 111.85813900
v 38.93321991 -228.53356930 105.58328250
v 88.17173767 -184.97799680 107.58128360
v 70.40755463 -128.29151920 101.77421570
v 57.78992391 -221.39206331 97.95770874
v 40.86394119 -227.91749570 116.42369840
v -25.87592697 -119.69625850 98.87040710
v 44.23908615 -225.86793520 114.00913240
v 75.57119751 -202.54141240 98.49734497
v -5.37493753 -102.21899410 115.98313900
v 63.05382919 -218.03198240 102.00907140
v 16.53376007 -240.49761960 116.23333740
v -47.36513785 -178.45039740 118.52094726
v 76.60670471 -205.01029970 99.33698273
v 29.42144775 -245.66262820 117.13427730
v 77.65726471 -131.51193240 105.44290920
v -41.70475769 -148.50956730 112.09304810
v 30.82196999 -230.90426640 109.64228060
v 81.77883911 -197.48977660 108.98649600
v -17.07893753 -109.40902710 103.06725310
v -26.59804153 -213.38369750 98.40401459
v 26.51234055 -102.97570800 105.71263120
v -5.69727993 -230.22479250 118.28211210
v 78.44113159 -132.72805790 106.66281890
v 88.26629639 -168.07482910 106.29705810
v -27.25203705 -216.17208860 116.13593290
v 83.89115143 -161.32196040 99.63899231
v 66.87802887 -117.88556670 102.36427310
v 71.02121735 -128.44430540 101.93709560
v 71.02121735 -124.31892400 102.52191160
v 71.02121735 -129.05548100 101.94145200
v 89.80778503 -169.23986820 108.80191800
v 10.02493191 -101.97903440 109.44784550
v 4.59790087 -230.32162480 107.50285340
v 35.19142151 -233.06886290 115.99059300
v 25.56550407 -103.13417050 99.69168091
v 25.56550407 -234.94055180 115.06945040
v 74.62445831 -204.03706360 98.18392181
v -9.80491257 -103.47491460 115.64668270
v 84.68621063 -163.92459110 98.60594177
v 76.66067719 -135.97211563 118.52094726
v 12.13459719 -248.01998174 118.52094726
v -20.77953529 -112.30140690 110.54435730
v -38.48473849 -146.17679277 97.95770874
v 30.31955719 -231.16284180 101.31507870
v 64.62831879 -118.18478390 111.09135440
v 77.73947144 -206.16279600 101.46681210
v 81.06019592 -197.39854430 110.87570190
v -39.75212536 -149.91585833 97.95770874
v 79.81241608 -149.19017030 103.33374790
v 79.54765320 -148.54965210 103.28041080
v 39.04707336 -228.23315430 114.91359710
v 69.47740936 -120.40590670 103.59725190
v 87.01156616 -180.61874390 113.98139950
v -37.99113464 -200.14700320 100.24552920
v 54.80392456 -112.03381350 98.05933380
v -27.05578232 -120.66835020 106.57411960
v -5.83455992 -229.72512820 117.70119480
v -37.49827576 -201.38632200 101.46788020
v -5.36531448 -229.34008790 116.60038760
v 83.15745544 -185.43768310 98.41340637
v -11.64233208 -105.78340150 102.49983980
v -40.97164536 -151.21037290 102.76661680
v 59.05923080 -111.43756100 100.81071470
v -20.52635384 -112.20940400 108.64910890
v 59.16870408 -216.93502503 118.52094726
v 82.70203400 -185.29920960 100.39833070
v -32.80317688 -209.34149170 111.54891970
v -0.18000120 -233.66423030 118.30059810
v 7.22622728 -235.70628360 117.12419130
v 72.11538696 -126.27367400 111.87136080
v -35.76014328 -134.51692200 110.66818240
v 84.24545288 -196.21057130 104.53054050
v 69.03588104 -213.99081420 102.45291140
v 62.99477768 -121.01268010 99.58032990
v 88.65803528 -162.54728700 110.32008360
v 46.61866760 -106.56262210 114.37883760
v 27.19971848 -231.65994260 107.36949160
v 74.99381256 -130.58340450 103.14495090
v -22.08202744 -220.20288090 116.47743230
v -36.85643768 -204.09265140 108.16447450
v 48.31087112 -106.92781070 108.51541900
v 47.41565448 -224.37909681 118.52094726
v 37.89655304 -230.05299380 116.20649720
v 85.60940552 -188.90579220 103.91389470
v 12.96013832 -101.80668640 114.45523070
v 12.96013832 -245.33042910 117.78091430
v 12.96013832 -232.34516910 110.48262020
v 12.96013832 -102.42431640 100.74211120
v 12.96013832 -231.63822940 104.60012820
v 12.96013832 -101.92775730 112.77450560
v 12.96013832 -102.25202180 105.89884950
v 85.93255176 -165.14306559 118.52094726
v 84.05363464 -196.15426640 103.60523990
v 13.40456200 -102.29593660 104.38050080
v -20.19181048 -110.71390158 118.52094726
v -37.59746552 -140.46459960 105.85561370
v -36.53378296 -133.50944520 118.11878970
v 19.62532616 -102.88140870 99.13780212
v 89.79080200 -169.88922120 109.26029210
v 69.95109384 -208.15547301 118.52094726
v 86.43341064 -152.58551030 108.80194090
v 72.00500488 -210.98223880 105.17200470
v -34.95562744 -206.21423340 107.59753420
v -39.75219960 -140.32535366 118.52094726
v 86.96100616 -167.40635680 116.16313930
v 10.56439304 -238.02912900 116.81617740
v 32.20241928 -234.61587520 115.71086120
v 59.37628937 -114.89952850 116.85438540
v 36.41642761 -229.77416990 115.22698210
v 60.99046409 -215.70527665 118.52094726
v -43.09708023 -156.27162170 107.50318910
v 85.16015625 -170.38580320 99.86357117
v 36.30044937 -230.64250180 115.80576320
v -43.41425655 -174.53484481 97.95770874
v -19.38808823 -219.63420100 105.59326170
v 79.78231049 -194.22294620 99.33670044
v 52.30044937 -108.37977600 105.70693970
v 89.82244873 -172.25752260 108.19073490
v 7.82249737 -230.86831670 105.86064150
v 21.36683273 -242.16915890 116.12709050
v -24.32879607 -219.10886607 118.52094726
v 10.05073929 -232.53564450 113.38184360
v 89.04784393 -174.50685120 106.66659550
v 73.62329865 -209.80728150 99.22647095
v 60.97026825 -119.98141480 98.69501495
v 80.57929993 -198.04122920 100.85063930
v -39.44332535 -148.99204563 97.95770874
v -40.61444855 -199.00503540 111.02239230
v 30.66054153 -230.97891240 107.82356260
v 19.27237129 -232.67388920 110.79541020
v 81.85795593 -142.58059690 105.09171300
v -34.87998199 -134.47816470 105.30633540
v -29.09051895 -124.26737980 103.02562710
v 73.65880585 -210.42597960 100.37389370
v 78.55961609 -133.51538090 108.34353640
v 64.15089417 -115.30680850 103.91472630
v 63.64105225 -115.79728700 106.66281890
v 87.33036041 -157.01647950 106.95048520
v 87.36509705 -169.39268490 105.66917420
v -35.72067319 -207.78707504 118.52094726
v -11.33931255 -226.47547910 116.12669370
v 77.83094025 -141.40037540 103.32859800
v -37.81649399 -204.86560060 116.25416560
v 67.54842377 -214.92489620 102.94793700
v 13.29118729 -237.07583620 116.15579220
v 26.93842697 -233.72940060 114.91062160
v 76.83557129 -130.67704770 104.51445010
v 85.62792969 -157.18902590 115.63911440
v -37.62757111 -136.63418580 115.83076480
v 83.84406281 -182.67259220 98.56787872
v 78.91314697 -198.25009160 115.87212370
v 85.87570953 -152.86239620 106.35641480
v 83.84213257 -181.23660280 102.71177670
v 63.87397385 -115.71547700 100.82495880
v 30.88709641 -232.81465150 115.19371800
v -0.72415990 -233.27648930 118.30176540
v 75.57350922 -128.75798030 104.18544770
v 85.37049866 -175.35156250 98.60114288
v -31.29468918 -125.71839900 113.17840580
v 43.58740234 -236.16290280 118.43389890
v 50.03549194 -224.29046630 103.18679050
v 32.55575562 -103.74015050 99.13782501
v 61.54822922 -113.01208500 102.07832340
v 2.65037322 -230.36817930 110.70439150
v 85.36663818 -171.77029420 104.30664830
v -28.30617846 -120.27649791 118.52094726
v 16.13052426 -102.73915989 97.95770874
v -14.01207542 -107.47175600 99.48348236
v 87.74371338 -174.74038700 114.66723630
v 87.21418762 -184.39804080 105.13331600
v -2.96985078 -227.71682740 104.10937500
v 63.92144394 -117.05805970 109.56861110
v 76.41719818 -207.74110410 101.47182460
v 75.14973450 -134.89088440 102.78849030
v 43.82418442 -105.56397250 104.06534580
v 43.82418442 -105.57841490 106.12804410
v 43.82418442 -105.55800630 101.16228490
v -23.36528630 -114.16083488 118.52094726
v 85.99072266 -157.82379150 114.88227840
v 82.63333130 -188.48956300 102.07915500
v 7.99438858 -102.19494630 100.41742710
v 72.06173706 -211.99664310 100.85659030
v 68.96254730 -214.62742610 100.06420140
v 33.39944458 -231.59056090 115.23367310
v -34.89233398 -206.70120240 109.44735720
v 84.21148682 -181.62277220 98.48258972
v 43.35834122 -226.91845700 105.41397860
v 23.25452042 -102.80252080 107.65597530
v 49.91391754 -107.82905580 111.39206700
v -35.77635574 -132.10214230 118.00431820
v 5.33962250 -101.77455140 111.70496370
v 75.21148682 -204.74960330 112.92274480
v 81.65957642 -139.24081420 106.09017940
v 67.96910858 -127.07452390 100.55396270
v 50.44151306 -224.68904110 98.04634094
v 27.00191498 -231.92724610 112.47784420
v 1.18992651 -228.73004150 99.04292297
v 65.66227722 -120.51025390 116.03624730
v -14.07209206 -223.46191410 109.34350590
v -35.29461494 -137.71385233 97.95770874
v 8.19180298 -232.48880000 114.31806950
v 87.86721802 -157.48156740 108.19071960
v -24.86715126 -116.93756100 112.06140140
v -26.26371574 -119.11813350 109.43432620
v -11.54825974 -225.58538820 113.16398620
v 16.00374794 -233.69892880 114.33128360
v 81.43688202 -200.79605100 102.39410400
v 53.82592010 -110.64079280 117.22458650
v 65.22460938 -121.51083370 100.48930360
v 83.24313354 -185.42886350 102.38549800
v 86.59666443 -174.74038700 117.64095310
v 65.19064331 -217.09613040 100.01896670
v -30.79990005 -211.14680480 109.78617860
v 44.09989387 -105.71620597 97.95770874
v 32.75104523 -231.88511660 115.21034240
v 74.00268555 -204.85157780 116.20921330
v 56.33942795 -109.97372440 99.95316315
v 78.13082123 -204.43515010 105.98818970
v 1.97145867 -229.10864260 100.07122800
v -16.01226997 -224.67552190 118.49432370
v 89.21495819 -163.73933410 108.19073490
v -27.51381493 -121.44001770 105.97290040
v 63.98493195 -215.34219360 111.09256740
v 88.20376587 -159.40776060 107.55349730
v 59.95579147 -111.89960480 102.39073940
v 30.56945419 -234.17660520 115.41737370
v 26.14577675 -232.77894590 114.34187320
v -38.20923637 -198.97615907 97.95770874
v -2.78833141 -232.18536214 118.52094726
v -33.72328949 -207.08738710 105.40642550
v 86.29672203 -173.85130513 118.52094726
v 75.61634827 -135.16494750 102.94403080
v -36.39580917 -206.37255860 115.46105190
v 68.80913931 -209.24456330 118.52094726
v -29.14619637 -123.25592800 109.75688170
v -41.54362869 -152.58782960 103.80751040
v -13.77466869 -107.41668700 98.47428131
v 2.01296139 -232.14744570 116.16250610
v 66.62754059 -124.68315890 100.54484560
v 83.40214539 -190.28701780 102.61874390
v -18.18913269 -110.28002930 103.96002200
v 15.63400459 -237.99639890 115.90191650
v -47.40441077 -173.00103793 118.52094726
v -23.57748469 -114.41775350 118.52094726
v 63.86593035 -119.35500694 118.52094726
v 17.89374219 -101.78893329 118.52094726
v 77.74255371 -144.12939450 103.00914000
v 37.27014923 -104.11695860 110.36064150
v -8.65878773 -227.94418330 116.74789430
v -32.05906677 -210.92161560 115.09962460
v 81.85234955 -190.70397403 118.52094726
v 83.90169867 -183.36208644 97.95770874
v 76.21302795 -140.71830750 102.67756650
v 28.23937035 -102.86329650 112.08695980
v 0.96001291 -230.93090820 114.75368500
v -47.08901365 -168.78286618 118.52094726
v 18.61345291 -102.25691990 113.95864870
v 7.91799307 -101.93659970 108.80192570
v -41.29102325 -153.34947200 101.08589170
v 80.62561035 -147.23777770 104.18562320
v 54.58817291 -221.13090520 110.21805570
v -28.42494965 -211.94561770 100.44881440
v -39.27508725 -196.55271462 97.95770874
v 26.25306892 -102.73649600 112.16334530
v 26.25306892 -234.32937620 115.00407410
v 26.25306892 -231.82460020 99.93995667
v -45.20997620 -189.52627560 116.21096800
v -17.45022964 -109.43218990 106.26171880
v -5.20285940 -229.63999940 117.06030270
v -37.06775284 -202.59831240 103.91693880
v 46.09089292 -225.98826907 118.52094726
v -28.58212852 -121.89891820 111.85775760
v 46.63487244 -224.48570250 115.66332240
v 72.67037964 -128.38464360 115.15467830
v -12.06765556 -222.73759460 98.04289246
v 11.30642700 -235.21330260 116.13191990
v 82.90321164 -149.62810111 118.52094726
v 70.64143372 -124.24229430 102.36262510
v 47.93321228 -106.85839840 109.71603390
v 20.94353676 -235.89448550 115.18598940
v 29.91738892 -240.13345340 116.08784480
v -44.35586548 -173.28886410 102.93850710
v 88.41024780 -174.89317320 106.07423400
v 82.50480652 -146.66479490 105.03750610
v -0.84846580 -102.20828250 111.13198850
v -0.84846580 -102.71856690 98.18283081
v 86.27247884 -169.34551254 118.52094726
v 89.19604492 -170.69140620 106.96839900
v 33.66478348 -230.29443360 113.37638850
v 12.68803596 -232.98193360 113.40179440
v 84.55613708 -172.37210080 102.38464360
v 53.36624908 -108.39947510 102.38464360
v 40.15288076 -104.93767886 97.95770874
v -35.64667892 -206.69110110 113.29017640
v 79.97914124 -150.98117070 102.07906340
v 72.97335052 -206.17901610 115.75395970
v -9.12556020 -104.88458810 97.95770874
v 80.73020172 -152.73829650 101.92626190
v -46.07604980 -163.86123660 116.31972500
v 41.83788300 -105.16070560 103.75975800
v 77.89384460 -202.55090330 110.32934570
v 29.39066124 -232.23425290 114.56275180
v -21.98824692 -114.12844850 105.05850980
v 67.86489868 -127.28120420 100.25591280
v -38.97319412 -140.99003600 112.70193480
v 43.00122636 -105.32289313 118.52094726
v 73.57968140 -210.61175540 101.46788020
v 78.98184204 -196.11222840 98.96442413
v 4.24655628 -230.33384700 108.18379970
v 73.31954956 -205.45507810 116.59167480
v -36.99654388 -137.41360470 109.92930600
v -24.85075188 -116.45207210 115.41017150
v 52.83498764 -108.16307070 99.90665436
v 27.62068748 -231.99218750 113.37941740
v -31.54845428 -126.82653050 110.82713320
v 72.82746124 -127.05189510 111.55609130
v -27.46357748 -216.54107163 118.52094726
v 4.11887884 -235.84635930 117.90315250
v 86.50094604 -174.78347780 104.97319030
v -39.41009140 -198.27444460 102.99368290
v 84.46736908 -162.66596980 98.56672668
v 35.87898636 -104.05827330 104.06534580
v 62.77497101 -121.26832580 99.32839966
v 16.72349197 -231.91411450 97.95770874
v 42.38477325 -227.27658080 105.51617430
v 5.93169165 -234.60913090 117.01724240
v 88.30526733 -159.46115110 109.26028440
v 71.07061005 -123.92026520 102.63921360
v 55.09621773 -222.65961310 97.95770874
v 82.63641357 -185.76310730 99.95510864
v 34.33903885 -235.85729980 116.12155150
v 87.29870605 -182.06906130 112.45022580
v 74.71514893 -139.76406860 100.24552920
v -40.43093491 -199.65515140 111.76789860
v -37.69087219 -203.32250980 109.22031400
v 33.43996429 -230.35826110 105.28763580
v -46.57948659 -164.50543326 118.52094726
v 78.83479309 -133.48646550 107.27400210
v 85.53915405 -192.92266850 105.13489530
v 10.55418381 -231.17982033 97.95770874
v 73.70009613 -137.59774780 100.85836790
v 86.32495117 -171.91372680 118.39938350
v 81.68697357 -139.77078250 105.75942990
v 68.03124237 -213.88079830 105.66494750
v -40.63857651 -201.22747800 117.60447690
v 10.66825485 -101.84806820 112.46894070
v -35.60866547 -204.27624510 102.23185730
v 1.88382733 -102.35719300 101.67797090
v 82.49245453 -157.39846800 102.99578860
v 7.12147469 -242.48654263 118.52094726
v -36.63298035 -135.70571900 112.50532530
v 57.08546829 -110.49783330 99.94307709
v 88.15937805 -166.33680730 106.28843690
v -34.14455795 -207.13914490 107.72597500
v 84.31375885 -175.19876100 102.38464360
v 10.99013901 -243.90072630 117.90289310
v -45.61329651 -176.84127810 109.43959050
v 83.81047821 -145.78576660 106.06636810
v 75.83016205 -201.76489260 98.39602661
v 55.69882381 -112.12529120 118.52094726
v -38.87419891 -200.71606450 106.93064120
v 85.11730957 -170.69227600 104.15772250
v 23.27362061 -232.66720580 112.92730710
v -28.05613555 -216.00251678 118.52094726
v 88.74409485 -167.89126590 106.66386410
v -5.41868019 -226.70788570 103.75975800
v 88.71591949 -166.94798280 106.69044490
v 89.50171661 -169.54545590 110.32984160
v 40.01811981 -228.14387510 105.43433380
v -2.47279859 -231.10269170 117.36521910
v 52.91429901 -221.09915160 116.16880800
v 11.50277901 -231.89076230 109.02249150
v 28.90783501 -103.08023830 108.04750060
v 67.65995789 -119.58204650 107.44638820
v 7.88195086 -233.93449400 116.11372380
v 11.13516045 -101.38287350 117.85208130
v -44.50947571 -181.95834350 105.88288120
v 53.48126221 -220.24253850 118.27503970
v -47.35438067 -171.73317208 118.52094726
v 80.04629517 -149.73416140 98.68312073
v 86.19488525 -166.09658810 118.05085750
v 51.66921997 -107.61644740 100.85669710
v 50.10225677 -108.17702480 114.07324220
v 43.51917837 -227.28928311 97.95770874
v -44.29643250 -176.61209110 102.79182430
v 21.06328334 -252.05406285 118.52094726
v 34.23405838 -230.15097050 102.00265500
v 68.37898254 -120.23884580 107.27400210
v 76.54018830 -200.51873246 118.52094726
v 40.30796814 -227.96765140 108.46023560
v -34.44828914 -209.14091606 118.52094726
v 15.26666510 -231.79264318 97.95770874
v -37.54876658 -143.59869957 97.95770874
v 15.97778702 -102.46473690 104.06534580
v 0.29568014 -234.52547769 118.52094726
v -42.82044402 -197.58165825 118.52094726
v 6.73724175 -236.33450320 117.36090090
v 89.32572174 -176.87948610 107.02214810
v 86.25470734 -151.97650150 107.58471680
v 13.32302094 -231.70681760 102.65203090
v 86.77188110 -153.96063230 107.57958220
v 54.81587982 -111.21559910 116.18770600
v 6.73606158 -101.10763967 118.52094726
v 83.45578766 -184.29226680 98.45020294
v -22.23081970 -112.97573090 117.78085330
v -46.36378098 -164.31811520 117.50067140
v 76.00962830 -140.92808530 98.03379822
v 84.23309326 -146.44473270 106.35096740
v 86.58585358 -172.98327640 105.14434810
v 81.68311310 -189.04623410 99.32881165
v 45.84868622 -106.16042330 110.44443510
v -0.70546162 -229.13414000 109.52767940
v 77.29749006 -137.11316787 118.52094726
v -41.14301682 -199.06988530 113.83499150
v -25.21316338 -215.02197270 101.01702880
v 78.65879822 -204.90396120 101.46847530
v 85.10688782 -149.00686650 110.01702880
v -43.56582642 -194.64086910 115.90934750
v 58.07068174 -221.25563858 97.95770874
v -22.59757042 -218.08895870 108.20878600
v 84.03868686 -160.19353156 97.95770874
v -43.79778290 -184.01921080 103.67908480
v 40.79349518 -104.74564360 111.90686040
v 65.26203918 -117.21409610 106.91691590
v 77.42028046 -203.88903810 99.65026855
v 74.53606415 -126.99946590 104.21683500
v 89.72865295 -172.18112180 107.88515470
v 83.08334351 -147.80969240 105.19870760
v 9.28722191 -230.94696040 97.96027374
v -40.11966705 -198.27040100 106.66281890
v 74.09453583 -205.60443120 98.09666443
v 34.47738639 -103.30205868 118.52094726
v 4.65392399 -232.12030030 115.06807710
v 75.36663055 -132.56524660 115.64065550
v 81.04860687 -139.36804200 105.14839940
v -30.28253937 -123.00511930 118.14080050
v 13.83826447 -248.24627690 118.27821350
v 40.62676239 -235.34162900 117.44680790
v -17.02983665 -221.02015690 105.32328800
v 37.29754639 -241.66592410 117.50148770
v 58.66690063 -118.14109800 98.13421631
v 47.88689423 -106.69229890 98.40401459
v -46.84930801 -173.97642520 115.52478030
v 33.44343567 -230.39581300 100.81851960
v 79.08141327 -148.75157170 100.40116880
v 88.63332367 -163.73933410 110.94099430
v 20.21244431 -233.11308290 113.48489380
v 82.94941711 -188.58882140 117.93821720
v 57.43494415 -111.00839230 99.65008545
v 31.28152847 -230.96502690 101.62067410
v -12.84187889 -106.84587100 98.56480408
v 82.99534607 -154.90585330 104.52345280
v 73.95597839 -206.40658570 98.11315155
v 84.66718991 -156.36893202 118.52094726
v 78.10572815 -136.52381900 114.66790770
v -28.46953201 -215.57786560 118.37434390
v 79.68388367 -198.44229130 100.37689970
v 44.62213135 -226.10339360 110.08655550
v 68.30487823 -215.10104370 99.93996429
v 42.37299728 -226.75244140 116.12482450
v 83.80159760 -160.58561710 103.95567320
v 65.20182800 -216.21893310 104.29567720
v -41.27057648 -193.07547000 101.92626950
v 79.72919824 -148.53004848 97.95770874
v 69.60128784 -214.19685360 99.32873535
v 71.43957520 -123.46913150 107.34176640
v 65.76416016 -125.16891480 98.81577301
v 84.29908752 -148.97213750 112.89276120
v 12.96644368 -231.54680742 97.95770874
v 62.18137360 -215.19596860 117.04096980
v -25.25282288 -215.41741940 104.04154970
v 85.65184784 -150.95237730 106.67261510
v 10.06524944 -102.03976440 108.18119050
v 38.56096016 -245.13915983 118.52094726
v 66.05593872 -124.45513920 100.22164150
v 35.76720912 -104.21007321 97.95770874
v 88.74717712 -179.16004940 106.35332490
v 85.68928528 -178.40740970 104.41705320
v 85.68928528 -183.25856020 104.12365720
v 82.10186768 -187.97386170 101.13834380
v 60.04376592 -115.86000021 118.52094726
v 84.12695312 -165.42004390 103.02098850
v 87.23926544 -158.46693420 111.63595580
v -20.51102448 -219.96435550 110.53787230
v 83.14007568 -158.74542240 99.82113647
v 79.57427216 -149.33666990 102.98793030
v 84.21881104 -194.65748600 103.29184720
v 74.14200592 -126.20519260 104.50275420
v 16.32156944 -232.02900700 106.66281890
v 16.32156944 -232.62811280 110.55902100
v -22.07596016 -114.04789730 107.12120820
v 84.48164368 -165.96907040 103.89039610
v -38.13292016 -205.04702916 118.52094726
v 78.51985168 -204.62208560 100.88787840
v 88.07832336 -181.83154300 110.95331570
v 13.66680336 -101.54201510 117.82621770
v -37.79990768 -141.17506410 105.35958860
v 51.60629008 -224.21403956 97.95770874
v 0.97974288 -232.48788450 117.05930330
v 37.21591568 -104.34481050 102.70932010
v 29.18387985 -232.82267760 114.90207670
v 61.82475281 -219.08483890 99.96876526
v -24.37212655 -215.24590366 97.95770874
v 84.00344849 -178.25460820 101.46788020
v 56.92857361 -112.73385620 116.21230320
v 21.45983505 -246.05459590 117.01117710
v 36.56655121 -243.99349980 117.83047490
v -36.27733231 -202.60433960 98.71762085
v 56.70317841 -110.09146880 100.25112920
v 69.58893585 -129.75526430 100.88418580
v 85.59742737 -151.66792300 111.11377720
v -42.77578735 -197.52476500 118.12759400
v 71.94825745 -211.77432250 102.68847660
v 16.66014481 -232.40814210 109.14375310
v 77.83341329 -198.13793136 97.95770874
v -28.53151471 -215.55486408 118.52094726
v 75.56785425 -134.14547061 118.52094726
v -7.73232879 -102.28313823 118.52094726
v 88.42799377 -179.85266110 106.06466670
v -25.74619375 -217.97272268 118.52094726
v -43.65324783 -159.30853270 107.32679750
v 5.38079505 -102.34795772 97.95770874
v -43.04441071 -164.42013550 100.09853360
v -3.93252591 -101.58835828 118.52094726
v 80.71640081 -150.84221012 97.95770874
v 8.52916241 -231.13107300 107.27400210
v 8.56193297 -244.10803613 118.52094726
v 88.99688721 -180.62329100 109.26046750
v 63.22884369 -118.26056670 116.32736210
v 81.80699921 -155.60635380 102.07906340
v -45.56544495 -183.18008420 111.62872310
v 83.87801361 -196.78338620 105.13489530
v 21.35798289 -103.02321652 97.95770874
v -7.90971375 -228.69340520 117.64887240
v -43.00554991 -181.81041576 97.95770874
v 88.82475281 -170.08023070 106.60610960
v -33.63645935 -131.86819460 106.09929660
v 78.78268433 -198.88156130 99.90806580
v -26.30820847 -214.88929750 105.78754430
v 87.81163025 -172.47897340 105.75502780
v 3.31282449 -232.51809690 116.10223390
v -16.50919151 -107.73830410 115.52478030
v 2.56442642 -101.15013120 117.91998290
v 85.99765778 -153.42724610 106.35416410
v -35.81341934 -132.86619570 115.79457090
v -45.49636078 -189.40840150 117.51113890
v -30.81694958 -123.68434299 118.52094726
v 69.51213074 -130.09559630 99.32879639
v 33.03876114 -231.00773620 114.53137210
v 73.66458130 -206.41078190 113.19828030
v -42.60674286 -190.93609620 105.21169280
v 86.04435730 -173.97644040 104.80039980
v -43.10153198 -194.42826840 113.25109860
v -43.89582062 -176.57389830 100.71669770
v 26.80574226 -244.63766480 116.73498540
v -30.34950638 -209.54368590 98.11214447
v 77.30255890 -203.18643190 110.59857940
v 53.69256210 -109.61740880 98.45075989
v -45.27463150 -163.28096010 112.54533390
v 62.20703506 -114.81889340 100.23027800
v 1.42115346 -102.53163001 97.95770874
v 68.84983826 -123.13292690 113.74942020
v 21.66458130 -233.41938780 114.29622650
v -9.70028782 -104.57469180 105.36408230
v 55.69418258 -113.51260527 97.95770874
v 81.72247314 -194.85589600 112.87854000
v 88.47006226 -177.10867310 106.02574160
v 80.30296594 -193.49128078 97.95770874
v -19.51884270 -221.21807860 113.42101290
v -29.80405998 -123.87567140 111.27302550
v -37.08377838 -205.55300900 115.35289000
v 83.83015442 -162.24516300 100.70601650
v 58.02930450 -220.74375920 101.38794710
v 7.82873106 -232.25566100 113.97009280
v 83.33343506 -143.64672850 109.59756470
v 79.22305298 -134.23747250 105.72248080
v 46.19487762 -225.02384950 117.95404820
v 79.47276306 -148.39941410 98.58514404
v 5.22178834 -102.35187787 97.95770874
v 60.40637970 -114.52238460 99.44646454
v 80.25856018 -140.99661250 115.28994750
v 23.96118546 -232.41801450 111.85778050
v 23.96118546 -245.33042910 116.80128480
v 23.96118546 -250.68554690 118.08281710
v 23.96118546 -246.07901000 116.97146610
v 23.96118546 -249.60861210 117.79237370
v 81.55226898 -194.56729130 113.78834530
v -36.24279022 -202.55709840 98.27226257
v 44.55130386 -226.84117130 99.00410461
v 75.62521362 -128.26251220 105.44047550
v 5.70944786 -232.20388790 114.89741520
v -1.03484654 -228.44491580 104.48421480
v -35.73024750 -207.06053160 115.26234440
v 38.25006866 -229.12661740 115.82886510
v 88.76917267 -161.60040280 109.26020810
v -22.21210861 -113.73645020 112.03485110
v 8.87294483 -235.55172730 116.74661250
v 74.07407379 -131.58319090 102.69133000
v 54.21340179 -109.13105770 104.52981570
v 86.21726227 -153.08697510 110.33831790
v 83.89537811 -185.55850220 102.97976680
v 6.39841811 -102.33985269 97.95770874
v 3.10917139 -231.30688480 113.98970030
v 61.34250259 -119.84915920 99.06449890
v 67.16014099 -216.01367190 98.41201782
v -45.08860397 -180.55870060 107.95622250
v 88.57928467 -175.42794800 112.66288760
v 34.58024979 -229.88751220 112.92730710
v 9.67461395 -235.24694820 116.49313350
v 82.93011475 -189.66439820 102.38861850
v 59.18908691 -218.26982120 111.55350490
v -42.88385773 -196.52046200 116.28999330
v 84.23501587 -185.75140380 117.21099850
v 24.41834259 -232.14270020 109.56135560
v -40.13723373 -196.88702390 103.61660000
v -24.30107117 -215.67436220 100.62592320
v -7.73746157 -227.34753420 113.15728760
v 10.40618515 -244.69355770 118.21847530
v -34.83985901 -132.23564150 112.12508390
v 89.70935059 -174.89317320 107.86828610
v 86.08063507 -161.09797670 116.46569820
v -43.73700333 -160.30151370 106.81561280
v -47.31592429 -171.07337399 118.52094726
v 75.27245331 -208.85482790 102.38464360
v 40.31818771 -227.97933960 107.63687130
v 6.01470995 -233.69036870 116.42939000
v 18.99543571 -242.35098270 116.30992130
v -38.54711533 -140.82049560 110.55902860
v 70.93667603 -212.42149350 103.23498540
v 53.86390803 -223.22320760 97.95770874
v 10.72420883 -233.78187560 115.21311190
v 66.27515411 -120.69010930 100.59805300
v 85.53881363 -174.59844870 97.95770874
v 18.03873043 -251.25724698 118.52094726
v 43.61093140 -226.91241460 103.60696410
v -44.80628204 -169.54545590 106.60620880
v 8.23791636 -101.15588450 118.52094726
v 89.24041748 -172.06652830 106.96839900
v 87.17210388 -185.83425900 105.18854520
v 84.11421204 -180.47029110 103.05440520
v 54.82880020 -109.67021940 105.70338440
v 39.24041748 -230.05120850 116.63448330
v 10.00088596 -231.90878300 110.46848300
v 37.32088852 -229.17887880 115.08317570
v 65.80352020 -216.89685060 98.41201782
v 69.14585876 -129.17033390 100.55879210
v -38.35742188 -199.53382870 100.51155850
v 33.86064148 -231.89616390 115.50953670
v 78.98414612 -204.64640810 102.37702180
v 86.97102356 -187.26351930 109.25012210
v 82.59780884 -157.77764890 100.86280820
v 63.59895572 -213.75445010 118.52094726
v 15.26289940 -234.30943300 115.03243260
v 47.95423508 -107.02903750 112.77451320
v 79.25817108 -198.28921510 114.76080320
v 24.30496788 -102.86265560 105.99434660
v -44.83156204 -157.05169680 115.86202240
v 71.29560852 -212.28359990 98.78066254
v -13.27400684 -106.55490880 104.21614070
v 67.69506836 -127.46894840 98.87040710
v -43.14398956 -195.29089360 115.06700130
v -29.93644524 -125.86010740 102.48854830
v -10.06260204 -225.74313350 110.36842350
v 14.78734356 -102.64543562 97.95770874
v -29.13289452 -121.80032350 116.33740230
v 60.93455124 -219.16024780 102.11260990
v -46.44155884 -177.20416260 113.68605040
v 56.17210388 -220.23605350 110.40472410
v 3.22754836 -230.03927610 107.96154790
v 71.65434388 -132.74982273 97.95770874
v 24.62965012 -239.61026000 115.66798400
v 84.53875732 -179.73030090 98.95406342
v 6.66233108 -102.33715744 97.95770874
v 60.21706772 -218.56018070 107.13272090
v 57.62578964 -110.89013670 99.93345642
v 10.76038933 -240.05345150 117.17877960
v 49.49938965 -224.66455080 101.86892700
v 2.93741333 -236.92225463 118.52094726
v 29.61450005 -103.33580020 101.46789550
v 29.61450005 -246.85835270 117.40438080
v -39.06197739 -142.91027830 109.03274540
v 86.29660181 -172.82785173 118.52094726
v 11.69960213 -244.22268680 117.82202910
v 11.69960213 -231.77421570 108.11434940
v -6.21529579 -103.11708070 109.22209170
v 37.39826965 -229.43406680 115.53619380
v 34.96426773 -229.84408570 107.69464870
v -43.25360107 -184.30529790 101.07923890
v 80.98954773 -143.86393740 117.35516360
v 86.94284821 -156.30049130 106.63333890
v -43.39775467 -193.04014590 112.24321750
v 44.64527893 -226.70608520 100.08412930
v -44.49868011 -166.85980220 106.13694000
v 78.46195221 -134.18292240 104.48693080
v 85.68927765 -179.01856990 104.37931060
v 85.68927765 -166.94798280 104.94992070
v 85.68927765 -170.69139100 104.66841890
v -2.37339115 -102.62432860 106.07075500
v 48.35344917 -107.00928914 97.95770874
v 59.14199829 -118.62933350 98.13228607
v 82.32995605 -142.53724670 105.44809720
v -17.07963371 -109.51417540 101.77346800
v 84.44419861 -151.69873050 105.45473480
v 23.09071125 -232.07103198 97.95770874
v 84.18599701 -166.09555050 102.99579620
v 10.30202389 -233.40786740 114.92860410
v -10.69242859 -224.28799440 104.44732670
v -35.69898987 -203.48693850 99.17600250
v 76.72671509 -202.70806880 113.25955200
v 56.30570773 -218.63902606 118.52094726
v -42.79324139 -183.61242890 97.95770874
v 73.90541077 -126.59113310 103.60722350
v 80.08873749 -135.79388430 107.57306670
v 79.56577301 -201.31782530 108.17549900
v 69.02891541 -121.83166500 109.71767430
v 25.95867157 -243.74179080 116.50914000
v -37.30975723 -138.91232300 107.93246460
v 64.12424469 -115.62393190 101.18692020
v 76.24644117 -135.25643898 118.52094726
v -13.09550571 -222.83062740 102.66947940
v 45.57561109 -227.00626599 118.52094726
v 17.00913429 -102.47326660 107.27400210
v 82.94361877 -143.57011410 105.74008180
v -46.47359467 -175.42794800 113.69126130
v -35.49887466 -204.13064580 101.01043700
v -39.00505066 -202.28073120 112.57993320
v -39.63550186 -198.33802800 104.52374270
v -9.49810410 -103.09397890 117.30156710
v 33.98568726 -232.72506710 115.73364260
v 84.62602774 -162.91426555 97.95770874
v -4.91842794 -227.97326660 110.93896480
v 73.95481110 -133.48646550 102.63323210
v 60.93609238 -219.66046140 99.32605743
v -41.30006506 -156.25504571 97.95770874
v -12.64963818 -105.62155150 109.94850160
v 58.21378326 -116.96923070 98.36008453
v 4.07908630 -102.19898990 101.81166080
v -43.43712234 -183.38946530 101.37335970
v 24.68821526 -232.60765080 113.52904510
v 79.90888214 -202.02073670 106.17327880
v -45.48305130 -187.64358520 115.25352480
v 82.02119446 -196.90310670 109.26281740
v 48.51135254 -224.36949160 109.62980650
v 0.21460758 -228.62533570 101.46788020
v -20.04711914 -112.39652250 100.09603880
v -34.84970474 -204.82337950 100.55295560
v 20.33555222 -102.59531400 108.91279600
v 9.21672726 -102.14842220 102.27005000
v 30.56181526 -102.97259520 114.03240200
v -6.29169130 -102.08573150 117.66387940
v -6.29169130 -103.41668700 104.52374270
v 82.86940694 -188.33059709 118.52094726
v 83.11189270 -191.52743530 113.65248870
v 73.51676950 -207.13192435 97.95770874
v 25.64141846 -232.60075380 114.00294490
v 8.76262678 -102.35165253 97.95770874
v 89.05670166 -178.17829900 106.65482330
v 67.18213654 -118.64725490 106.16895290
v 81.10726166 -199.60617070 107.43028260
v -22.40093930 -115.22847838 97.95770874
v -15.41478634 -108.45932010 98.94681549
v 76.18946838 -201.48191830 98.71267700
v -18.15417066 -108.80973542 118.52094726
v 75.99224854 -142.49240110 99.98017120
v -43.81998825 -189.39187620 108.88908390
v 81.88070679 -200.36001590 103.00222780
v 77.74407959 -140.20932010 103.36837010
v 77.74407959 -142.80679320 103.18721010
v 77.74407959 -138.68139650 103.43221280
v 77.74407959 -200.56228640 99.47438812
v -43.01450729 -161.39669800 102.08626560
v -4.80635881 -228.86871340 114.67382810
v 71.05091095 -207.96008300 116.20672610
v -46.90142441 -172.14291380 116.18893430
v -44.46086121 -165.87789920 106.50967410
v -7.89242601 -102.34803010 118.42115780
v 83.96021271 -196.62055970 103.91255190
v 42.83574295 -228.41639710 117.63275910
v -46.71327209 -180.47009280 115.92706300
v -38.71327209 -142.95945740 106.73721310
v 33.46349335 -247.84165950 118.06813050
v 85.77958679 -169.66003420 104.81703190
v -28.27270889 -215.49061580 117.21243290
v 78.81509399 -203.65045170 105.82409670
v 68.21271063 -123.92175824 118.52094726
v 75.04418839 -138.96797598 97.95770874
v -11.02488041 -224.00411990 103.67749790
v 57.69815063 -110.53398130 102.07906340
v 35.96580887 -229.79251100 114.92156220
v 87.67306519 -166.48400880 105.97769930
v -22.78911209 -218.28726200 109.80928040
v 80.44844055 -199.33995060 100.88349910
v -9.41777897 -227.71252440 117.06401060
v -9.74414825 -103.88837430 112.61591340
v 62.14624023 -216.62469480 110.78108220
v 86.28315415 -171.95474782 118.52094726
v 21.04994583 -247.57595830 117.36880490
v -46.76079337 -183.96282604 118.52094726
v 59.84597015 -216.54866030 118.33648680
v 30.23418647 -231.16597213 97.95770874
v -44.28679657 -188.80639650 110.47634890
v 29.95828247 -231.12661740 110.02426150
v 29.95828247 -103.03638460 111.59036250
v 82.68396311 -155.70681492 97.95770874
v 32.31104279 -230.76164250 113.40881350
v 12.04338455 -231.52246090 100.16914370
v -45.15116777 -191.34231412 118.52094726
v 88.48394775 -165.03808590 106.62528990
v -39.09497833 -202.50711060 113.88713070
v 43.91621399 -229.65011600 118.13613130
v 73.82358551 -137.13867190 101.73203280
v 69.73288727 -121.73490910 102.36895750
v -40.87614441 -197.58816530 108.95637510
v 67.89923096 -212.14433290 112.12585450
v 18.58863640 -233.14497380 113.36892700
v 72.03329816 -206.02053584 118.52094726
v -40.88849640 -147.28604130 109.98639680
v 39.55303192 -104.49155430 111.60946660
v 85.18444824 -184.30255130 115.82369230
v -36.74067688 -205.46206670 113.19346620
v 84.70278168 -183.05126950 118.38674160
v -17.11853544 -224.01191345 118.52094726
v 7.87624216 -234.95213320 116.75447080
v 72.55110168 -124.16394040 105.59326170
v 86.76260376 -189.40844730 107.57958220
v -36.46472168 -204.18577580 106.70286560
v 48.70785560 -223.21947050 118.52094726
v 37.77186584 -228.67147830 112.86985780
v -23.54229736 -114.71086120 116.27944950
v -44.42072296 -168.86517330 104.67282870
v -19.91744232 -111.91455080 104.11904140
v 78.27514648 -204.94842530 104.52374270
v 80.11999512 -201.77020260 101.20134740
v -0.94343400 -102.57439420 102.92274480
v 86.05168152 -152.54867550 106.64752200
v 17.35291672 -232.75558470 111.19929500
v 17.35291672 -232.50590520 109.62620540
v 80.66727448 -191.76516720 100.26383210
v 81.92624664 -195.25383000 111.76586150
v -7.07884264 -227.99722290 114.79808040
v 74.22381592 -138.03649900 101.78469850
v 42.36217880 -105.11355590 113.92045590
v 75.76916504 -132.05511470 113.38409420
v 81.42296600 -192.74342350 116.84872440
v 32.46233368 -231.27215580 114.61927030
v -0.98723048 -233.51450897 118.52094726
v -42.04094696 -153.23315430 105.60565950
v 1.12762904 -231.69331360 116.02919770
v 52.55766296 -108.16383360 103.18679050
v 47.17981720 -224.23611450 117.97980500
v -14.26542568 -221.73069760 99.19077301
v 81.18907928 -139.27082820 110.02832030
v 83.30525208 -196.59126280 102.70088960
v -6.87358952 -229.42541500 118.01308440
v 81.71667480 -191.85311890 101.66255950
v 81.71667480 -151.36315920 104.35576630
v 84.31914520 -178.40740970 103.30137630
v 19.68300056 -246.85836790 117.26446530
v 19.68300056 -102.57592010 108.34353640
v 19.68300056 -240.19383240 115.82095340
v 19.68300056 -242.42736820 116.26728060
v 19.68300056 -232.37796020 108.64912410
v 19.68300056 -239.52432250 115.72165680
v 19.68300056 -232.51043700 109.58015440
v 19.68300056 -241.66340640 116.09613040
v 60.11613464 -217.91244510 110.60662080
v 70.95712280 -132.31462100 99.98513031
v 44.75584793 -225.77856450 117.34885410
v 66.54067993 -211.34596250 118.33932500
v 87.18058777 -169.54544070 116.00167850
v 30.07580185 -250.16708370 118.25529480
v 55.96710937 -218.82546766 118.52094726
v 26.94583321 -232.54464720 114.25437160
v 68.88494873 -119.72878270 103.59144590
v 80.24890137 -199.40902710 109.77635190
v 79.98413849 -203.03443910 102.01132970
v -0.77062887 -102.58687590 101.66681670
v 89.78112793 -173.21246340 109.71868130
v -35.41490919 -203.61644073 97.95770874
v -22.30966759 -115.09057620 98.25922394
v 85.40598297 -190.93518070 103.88414000
v 51.11690521 -222.57365420 113.30297090
v 86.45654297 -189.25566100 104.82781980
v -6.08880615 -103.30043790 105.97524260
v 70.79870233 -127.14240521 118.52094726
v 84.65762329 -175.04597470 100.85669710
v 89.56692505 -176.87948610 107.57958220
v 69.46966553 -120.43370060 104.52374270
v 86.70432281 -186.57212830 104.77631380
v -22.97475815 -113.99487300 116.56865690
v 74.59394073 -209.21171570 99.91069794
v 4.09818649 -231.11268620 112.46894070
v 51.95982361 -222.26300050 112.33872220
v 44.35175705 -226.09898380 117.37706760
v 75.97028889 -134.78947724 118.52094726
v -45.47509735 -190.19077594 118.52094726
v -22.37691879 -217.73541260 105.78614810
v 74.15434265 -127.07045750 103.56446080
v 33.28151321 -241.05224610 116.65432740
v 49.81953049 -222.38461300 117.71704100
v -43.39100647 -178.06481930 98.32297516
v 63.72497177 -215.71406560 110.32984160
v 67.96908569 -126.45582580 100.85121150
v 35.24040985 -240.44108580 116.86885070
v -44.27309799 -189.55770870 111.45787050
v 7.07763481 -231.80503850 112.92730710
v 53.06557465 -221.30334470 114.91320800
v 84.24040985 -196.13023380 104.22053530
v 51.01038361 -108.14385990 109.10749050
v 82.46966553 -198.78643800 105.61201480
v 76.81393433 -143.89811710 102.09080510
v 80.50623257 -143.55780445 118.52094726
v -2.05797863 -229.83798220 114.60433960
v 60.05901337 -112.07013700 102.99579620
v 86.62404633 -187.90234380 109.43227390
v 29.07493401 -231.89712520 114.00907140
v -23.65597159 -219.61365672 118.52094726
v 78.37047577 -140.97344970 103.58769230
v -14.29939175 -107.30548100 103.13529210
v 73.23770905 -129.88676450 116.85649110
v 37.16342041 -103.76970320 118.52094726
v 81.48934937 -199.75633240 101.75473790
v 74.51173401 -128.72491460 110.39797970
v 87.37317657 -175.56164550 115.43720250
v 68.30679321 -123.54190060 116.93238070
v 75.71695641 -134.38418036 118.52094726
v 32.59952409 -103.04563075 118.52094726
v 74.53797913 -203.31515500 118.12380220
v -23.52483559 -115.69483950 108.37357330
v 85.51986969 -171.68300549 97.95770874
v 27.32261658 -242.42108150 116.27655790
v -40.58906086 -142.37152524 118.52094726
v 55.06138650 -222.67597737 97.95770874
v 67.80814362 -118.66920470 104.51496890
v 67.03353882 -215.79873660 100.66571040
v 88.44612122 -166.22222900 112.12018590
v 47.67421722 -224.52062990 111.85775760
v 50.54994202 -224.20782470 102.03887940
v -6.82484198 -225.26824692 97.95770874
v 81.49475098 -154.39151000 102.99579620
v -31.80648422 -125.47820280 117.18639370
v -44.69147110 -191.09936520 115.87126920
v -43.37746918 -172.28980126 97.95770874
v -27.26740454 -212.66905529 97.95770874
v 53.14199066 -220.70034790 117.26650240
v -34.25746918 -129.20980830 118.48637390
v 54.69390106 -108.93031310 100.55112460
v 83.85021210 -146.63430790 111.84912110
v -24.15048422 -115.10963503 118.52094726
v 73.12920090 -130.42573439 118.52094726
v -34.59035110 -134.18658450 104.28990170
v 88.98760986 -181.35646060 107.88515470
v -40.96828902 -200.98072401 118.52094726
v -44.92728806 -175.99136350 105.95771790
v 55.76877594 -221.18110660 105.82656860
v 80.75372314 -141.66316220 114.76463320
v 54.07271194 -221.01855470 113.08009340
v -43.10865126 -180.88461793 97.95770874
v -34.85897446 -135.61190800 101.16391750
v 85.68927002 -165.11447140 105.04675290
v 85.68927002 -177.03227230 104.42649080
v 85.68927002 -166.03121950 105.00760650
v 83.62751770 -196.66687010 106.12804410
v 85.24823834 -178.29599944 97.95770874
v -29.80281830 -123.16911320 114.30763240
v 20.37091098 -232.08875154 97.95770874
v 80.04473114 -147.84742740 103.82708740
v -39.70459366 -197.81594850 103.45237730
v -45.37344742 -168.23086550 109.92464450
v -22.22939110 -113.91494750 110.64874270
v 78.75372314 -199.10122680 114.74171450
v -44.44542694 -161.95118710 109.16785430
v -39.28641510 -144.80128480 105.97515870
v 32.63214874 -103.63839720 102.61382290
v 32.63214874 -103.15113830 115.41018680
v 39.48066330 -228.30609130 107.17849730
v 46.44978714 -225.74362180 103.60697940
v 19.86053658 -248.51242070 117.65198520
v -1.25254118 -231.51518250 117.17587280
v 15.11574554 -238.67642210 116.10054020
v -47.25746918 -175.04597470 117.55738830
v 68.23925018 -119.25915530 105.07905580
v 13.38234138 -238.14796450 116.32937620
v 29.97738266 -231.14778140 107.14030460
v -43.99637222 -155.48855590 113.21379090
v 80.61902618 -197.56341550 111.83900450
v 40.94747162 -104.68557740 115.92584990
v 85.55457306 -184.54769900 114.56863400
v 87.11304474 -188.64448550 107.27400210
v 58.45615387 -110.92199710 101.49436190
v -0.16447973 -229.62127690 111.11927800
v 76.23345947 -133.10476680 114.04591370
v -34.23991013 -206.04818730 102.99605560
v 86.30833435 -152.05073550 107.88514710
v 49.47583771 -224.08560180 107.99974820
v 57.74784283 -117.27961736 97.95770874
v -37.00409317 -201.36100770 98.29426575
v -21.45305061 -112.72941590 113.15649410
v 9.15684891 -102.02355960 107.38948820
v 78.90617371 -139.94134520 118.12225340
v -12.09580517 -106.01135250 102.68690490
v -38.92555237 -144.17520140 105.16566470
v 85.59548187 -192.82679750 106.05164340
v 85.10069275 -188.03332520 103.59342190
v 61.62635803 -113.54905700 104.44769290
v 78.37934875 -147.42440800 102.07906340
v -26.24820709 -216.70588680 114.66531370
v 29.62452507 -231.25787350 104.56193540
v 85.11844635 -189.25564580 103.58044430
v 58.99383579 -217.04392804 118.52094726
v 9.70224667 -234.95948790 116.38137820
v 85.40945435 -192.63511660 104.51490020
v 84.34384155 -184.34921260 118.26767730
v 76.13349915 -129.07049560 105.15580750
v -24.79259109 -118.08193210 100.18157960
v 16.32994843 -247.21148680 117.68031310
v 50.33264923 -223.23129270 111.41954040
v 74.85098267 -129.68981930 111.39265440
v -2.14397413 -101.37820723 118.52094726
v -39.72620773 -195.40628050 98.01109314
v -42.33060837 -196.21459960 112.89019780
v -32.75708389 -210.67335510 117.29891970
v 13.74137115 -241.31356810 116.85781100
v 84.41408539 -186.49189760 115.85195920
v 82.08100891 -143.57075500 105.10025790
v 37.89401627 -234.10589600 116.67543030
v 40.44862747 -228.83848570 116.74662780
v 77.72091675 -133.40231320 110.42337800
v 70.21377563 -130.53750610 101.17985530
v 24.00893211 -102.72500610 110.33939360
v 9.90429211 -101.74105830 113.38567350
v 9.90429211 -101.22895050 118.38963320
v 9.90429211 -231.21081540 105.13489530
v 9.90429211 -102.20197300 101.46788020
v 9.90429211 -231.15821840 99.32879639
v -6.29358053 -102.84468840 112.57583620
v 1.91416347 -233.36474610 117.38372800
v -37.45983205 -200.46197523 97.95770874
v 72.52465947 -134.16148520 97.95770874
v 79.06518555 -203.49465940 100.84344480
v 83.13498395 -150.43677107 118.52094726
v 35.51983643 -230.65859990 115.51808170
v 69.24928284 -120.27844240 102.99976350
v 77.74407196 -201.17346190 99.51570129
v -20.39805412 -218.34963990 100.92857360
v 75.15935516 -127.85423280 106.67140960
v -13.68254948 -221.96395870 98.61245728
v 72.33148956 -134.20413210 98.95251465
v 76.20991516 -132.04867550 112.12757870
v 17.35204124 -234.65036010 115.14398960
v -34.75824356 -206.57385250 108.19073490
v 88.35310364 -182.59478760 109.69677730
v 71.86950684 -129.51387020 102.12192540
v -0.26594532 -101.78517150 114.49342350
v -8.27377891 -104.39416500 99.97986603
v 88.87220764 -181.15765380 109.26029210
v -10.07535076 -103.92082210 113.37952420
v 83.48123932 -159.29873660 103.92732240
v -4.79247332 -229.14047240 115.50787350
v 86.33341980 -186.74812320 111.00065610
v 78.32492828 -198.10794070 117.93315890
v 19.68135452 -245.99682620 117.07524110
v 85.05746460 -166.60438540 104.54123690
v 87.89845276 -185.95941160 107.73236850
v -44.23257828 -153.61041260 116.82849880
v 22.43260956 -250.95402530 118.16340640
v 71.12847900 -212.23396300 98.39923096
v 81.71975708 -152.29571530 104.21269990
v 74.24079132 -208.71719360 99.05321503
v -4.72280804 -101.67750591 118.52094726
v 75.31566620 -128.27862550 104.20579530
v 34.47101212 -230.94458010 115.20587160
v 44.91157532 -226.99507140 118.23846440
v -11.33731556 -223.17913820 98.48474884
v -6.21436644 -226.47509770 104.61827090
v 81.75920156 -190.91145902 118.52094726
v 89.77687836 -175.58074950 108.19072720
v 47.46618652 -106.92015080 114.48712160
v -19.94543076 -111.60984800 108.45812990
v -33.33639908 -210.03567500 117.20489500
v -42.11756516 -197.66709900 115.07946780
v 80.74870300 -152.29194640 102.99104310
v 72.53836060 -132.13987730 102.28670500
v 83.87413788 -162.24015810 103.54956820
v 77.93395996 -146.70471190 101.47777560
v 82.32029724 -188.65319820 101.78288270
v 76.66456604 -204.10711670 110.32984160
v -12.13212388 -222.69075275 97.95770874
v 81.05746460 -139.95629880 111.45859530
v -42.44118500 -151.64126590 110.52288820
v 83.61863708 -162.21142580 102.38464360
v -47.02803428 -182.04967976 118.52094726
v 84.42604828 -186.61743160 103.27856450
v 84.45885468 -195.75990300 104.53614810
v 29.99648285 -102.80055240 116.88080600
v -0.53411555 -228.90164180 107.41340640
v 20.37056541 -102.72357940 104.44734950
v 26.54536989 -103.28254931 97.95770874
v 61.47081757 -117.13578800 118.51943970
v 35.92816925 -232.03869630 116.01712040
v 83.12654877 -192.09066770 112.90437320
v 4.86214685 -231.93524170 114.58725740
v -8.49275875 -226.01231380 107.93878170
v 83.38282013 -143.17193600 106.64489750
v 64.03005981 -122.45595550 99.61907196
v 41.35657501 -234.74650570 117.60207370
v -25.80340195 -118.06758120 112.37055210
v 51.94785309 -107.73336790 101.46788020
v 10.67656733 -231.19989711 97.95770874
v 75.40713501 -208.76718140 102.07906340
v 84.46748701 -155.41364054 118.52094726
v -43.55446243 -153.49548340 113.46002200
v 85.69891357 -153.95875550 112.89961240
v 55.94688797 -219.22909550 117.04993440
v 85.46695709 -161.15121460 118.42604830
v -15.83138275 -224.43667600 117.40703580
v -46.11032035 -187.70387051 118.52094726
v 73.61477661 -209.21923830 98.74069977
v -35.00718307 -136.69911190 98.86292267
v -10.54978275 -103.61413570 116.90499110
v -0.17999843 -102.55927280 100.39833070
v -30.93341155 -128.52857029 97.95770874
v -18.90162659 -222.22610470 116.15885930
v 78.05823517 -146.45846560 102.38948820
v 84.49783325 -150.56100460 105.64178470
v -9.02727395 -224.24741371 97.95770874
v 69.54646301 -124.52597050 115.40403750
v 7.91510045 -230.63541442 97.95770874
v 75.48471069 -207.69146730 99.64203644
v 66.97486877 -122.32962040 117.81707760
v 88.11612701 -180.30876160 111.78744510
v -29.63436003 -214.42771209 118.52094726
v 56.67459869 -218.83596800 116.90232850
v 47.42681885 -224.09463500 115.46659090
v 84.54839325 -190.93545530 103.22600560
v 4.93854237 -101.68408970 112.77288820
v 14.85807133 -102.35530090 106.54609680
v -19.44541923 -109.99271549 118.52094726
v 55.92623901 -109.61369320 102.23040770
v 66.74754333 -126.14025120 99.62297821
v -15.52175331 -221.53619380 102.86241910
v 87.15549469 -174.74038700 116.13593290
v 82.78884125 -186.80290220 98.25976562
v 88.22380829 -174.43479920 113.58890530
v 32.65124893 -103.10715480 116.99539950
v 50.99871261 -221.63656216 118.52094726
v 68.39594269 -119.29755400 102.99261470
v 65.82627869 -120.19353490 100.49819950
v 81.81315613 -189.84193420 101.44280240
v 82.32106781 -141.57012940 105.76071170
v 57.07791901 -111.47575380 99.05463409
v -37.19166946 -204.49931340 111.09378810
v -1.07870946 -102.75419154 97.95770874
v -43.02436066 -189.91632080 105.83225250
v -16.32891362 -220.41784515 97.95770874
v 13.89434910 -235.78256230 115.86843870
v -3.00798178 -228.52639770 110.19475560
v -31.66687202 -128.49462890 105.34498600
v -39.75400162 -141.68942260 115.56868740
v 79.25545502 -204.10937500 103.61952210
v 78.71743774 -196.57481380 98.71763611
v 55.00651550 -222.52534480 99.32879639
v 78.48741150 -204.12521360 100.53814700
v 41.62866974 -227.01930240 115.55364990
v 80.27590942 -138.87448120 112.14344790
v 29.61265182 -240.93528750 116.19303890
v 74.60705566 -128.36070250 109.40102390
v 54.92334366 -222.21545410 101.51150510
v -8.40408802 -228.20516970 117.10815430
v 47.85136414 -225.27136230 102.22380830
v 87.77262878 -167.52145390 114.01776120
v 22.70064926 -102.53369900 113.67216490
v -44.69591522 -164.34913640 108.71971890
v -3.18541026 -231.59603880 118.26056670
v 83.17401886 -144.27037050 105.79949190
v -2.58180066 -102.97047451 97.95770874
v -15.00608994 -221.15131414 97.95770874
v 87.57810974 -186.45205690 106.04309840
v -33.58746338 -208.85481260 113.19528200
v 69.79887390 -126.99279790 101.66780090
v 62.37239838 -113.67628480 102.99762730
v 81.44534302 -154.44192500 100.85669710
v 17.39111710 -232.37109380 108.80191040
v 17.39111710 -235.24613950 115.31095890
v 12.57815838 -102.06149290 110.46353150
v -11.03642082 -104.82383730 109.48668670
v -46.01953506 -170.99290470 112.27755740
v 82.24426270 -142.36042790 111.33686830
v 64.75665438 -124.14581752 97.95770874
v 58.25352478 -112.37409970 108.58392330
v -30.47042274 -123.93934630 115.23878480
v 83.25159454 -156.46224980 104.44609830
v 35.29366302 -242.45471190 117.27745060
v 53.12602654 -110.31603530 118.52094726
v 62.90269470 -115.49674220 107.42119600
v 47.68656158 -107.08254240 115.63936610
v 26.01973534 -231.89724730 109.19429020
v 79.41716766 -199.96633910 111.10977170
v -36.81092834 -136.65119930 110.97949220
v 66.74908447 -213.44464110 110.79501340
v -42.64554977 -190.24955750 104.49990840
v -46.15172577 -182.07441710 113.84405520
v -26.54269409 -119.94444270 106.31903080
v 76.82202911 -207.12947080 102.98329930
v 67.54607391 -120.84122470 110.98509220
v 86.11046431 -166.78266978 118.52094726
v 59.21319199 -117.67173770 98.67642212
v 10.09528351 -102.14213560 103.68336490
v 65.27204895 -116.53899380 101.47624210
v 82.79115295 -158.77359010 102.07906340
v -44.78314209 -168.13291930 106.98488620
v 71.51442719 -212.41125490 99.82241821
v 33.69166111 -103.19653069 118.52094726
v -32.44200929 -207.13075229 97.95770874
v 83.89227295 -163.66088870 102.99485780
v 65.32723999 -118.18201450 109.35134120
v -43.44350433 -165.09915160 101.58277890
v 83.90539551 -145.17097470 109.73117070
v -37.79626465 -204.22311400 113.34747310
v -34.31170273 -207.30856320 109.38381960
v 78.75757599 -204.11216740 100.82554630
v 65.06710815 -214.75502010 110.43827820
v 66.89034271 -117.66390230 102.99945830
v 9.42642975 -232.17108150 112.45878600
v 84.95209503 -155.56494140 105.41947940
v -46.91417313 -173.21246340 115.96508030
v -6.67700193 -102.02660580 118.52094726
v 55.58351135 -110.36061860 107.26425170
v 71.57695007 -127.30259700 116.13485720
v 63.09528351 -216.65470890 107.98211670
v 15.40481567 -102.10523220 112.33523560
v 15.40481567 -101.85055540 116.21232600
v -11.53897953 -105.46644590 105.19219210
v -35.93078753 -139.30508821 97.95770874
v 85.77880096 -156.87481690 114.91886140
v 39.88918304 -104.65264130 109.30049130
v 36.45904160 -229.40016170 114.58392330
v 70.06131744 -128.76992800 101.60845950
v -33.70576096 -207.77026370 108.63428500
v 65.95942688 -117.45323180 105.92404940
v 3.31880736 -236.80226140 118.35861210
v -42.07994080 -190.97087100 102.65478520
v 44.58814240 -105.85607910 116.59431460
v 44.58814240 -105.78061680 110.48262790
v 36.05012512 -229.58689880 100.49382020
v -33.63298528 -210.01543621 118.52094726
v 36.85753632 -229.10188290 110.91016390
v 75.25969696 -136.38903810 102.65408330
v 70.38513184 -130.42796330 101.47792050
v 61.85367584 -115.45697020 99.84445953
v 49.48508704 -108.17424955 118.52094726
v 26.02388000 -102.66515350 113.69126890
v 26.02388000 -246.36538700 117.09527590
v -10.53734112 -104.52333070 110.10066220
v 80.19987488 -195.68399050 116.21461490
v 20.36158752 -234.94061280 115.01959230
v 86.62635040 -190.34611510 106.68457030
v 55.57212448 -222.01376340 100.80517580
v -8.25665760 -228.79086300 118.12983700
v -7.74218464 -103.78055570 105.76515200
v 71.42333984 -126.35269930 102.30548100
v -24.82347488 -117.72971340 104.70700070
v 58.44591904 -218.22604370 114.19596860
v 64.81603104 -120.28451335 118.52094726
v 81.50284576 -198.27064510 101.41225430
v -23.31932640 -216.02203370 97.99897766
v 38.62924576 -241.66342160 117.76988980
v 38.62924576 -104.37590030 110.32984160
v -21.31652832 -113.72912600 100.70506290
v 81.01924896 -151.14639280 103.89000700
v -43.11641312 -182.81929020 99.19509888
v -38.60097504 -203.88598630 116.29506680
v -44.91011296 -154.98251611 118.52094726
v 42.01095200 -228.59370420 117.36034390
v 87.47196960 -182.77493290 111.60578160
v -40.63648224 -148.05000310 107.01824190
v 68.69003296 -120.96250150 108.35731510
v 86.74522400 -154.07701110 109.25904080
v -30.68414688 -209.59800720 100.66510010
v -43.06585312 -150.02610780 116.64567570
v -17.94524384 -219.92875670 101.41195680
v 88.04549408 -158.86151120 109.71401980
v 85.74715424 -161.33316040 117.60001370
v -23.19398880 -115.79371640 102.93399810
v 53.89207840 -109.38358310 98.71936035
v 11.53748512 -231.50946040 105.96631620
v 80.05668640 -141.96643070 104.25772090
v 86.27474976 -158.38549800 114.34257510
v 47.34113312 -225.84738160 98.76772308
v 17.31778336 -237.24668880 115.61694340
v 87.55533600 -164.50329590 113.69125370
v 29.79387680 -102.67485013 118.52094726
v 84.69273376 -153.81002810 116.10598750
v -25.10036704 -218.50239017 118.52094726
v -28.30900192 -214.00834660 110.55902100
v -23.02088928 -216.75851440 102.13707730
v 53.29906464 -110.26188660 116.89157100
v 70.56845856 -210.34857180 110.70442960
v 52.91832352 -108.69779970 105.85422520
v 84.75178528 -175.80993650 103.70548250
v 79.57772064 -202.36715700 100.90988160
v 76.25506592 -202.37252810 115.44470980
v 40.37346337 -243.18385891 118.52094726
v 2.72305441 -236.23928830 118.39405820
v 2.72305441 -101.61500550 114.07324980
v 21.23304225 -102.01052300 118.52094726
v 42.83109665 -230.66275020 117.84469600
v 86.52986145 -175.42794800 117.70799260
v 86.00033569 -151.17053220 108.83454900
v 37.28285217 -228.85707090 113.23289490
v -33.71425247 -208.12190250 110.37755580
v -4.63525343 -226.65347290 100.75418850
v 65.43453217 -119.52378850 113.04287720
v -25.54057439 -119.33516621 97.95770874
v 74.93202209 -203.26498410 117.18815610
v 71.33148193 -131.64849850 101.77185820
v 40.90770721 -104.66624450 116.91900630
v 25.41108513 -232.40884400 113.20087430
v -45.92285919 -168.93428040 112.46891780
v 74.50091553 -137.48553470 102.16660310
v 43.28941345 -105.47142030 101.27688600
v 86.88725281 -177.18505860 116.24359890
v -33.17795551 -127.35478358 118.52094726
v 3.62643233 -101.04387865 118.52094726
v 49.65433121 -223.21310420 113.99685670
v 67.04896545 -126.39627840 99.91798401
v 42.34846497 -227.52035520 99.86357117
v 57.54954529 -112.88552860 114.05880740
v 83.07714081 -184.59548950 99.32879639
v -45.70306015 -178.40740970 110.16154480
v 89.26702881 -173.97642520 111.24657440
v 76.84534049 -199.78912767 97.95770874
v 28.35396385 -103.15880580 102.99579620
v -3.50701023 -103.11904923 97.95770874
v 10.43906593 -232.35972600 112.46893310
v 10.43906593 -236.39208980 116.56376650
v 84.95613985 -179.73926244 97.95770874
v -17.29247199 -223.90257235 118.52094726
v 3.70002465 -102.40790951 97.95770874
v -25.29506783 -214.48488137 97.95770874
v 81.41326881 -191.63592799 118.52094726
v 86.99107361 -158.88650510 112.52304080
v 61.61882401 -217.49389650 108.33134460
v 29.55141665 -251.34003608 118.52094726
v 2.97134113 -101.88232420 111.20838170
v -2.33640671 -102.01014710 114.59752660
v -46.92971999 -182.80374616 118.52094726
v 75.89265442 -202.50602720 98.73615265
v 38.23962402 -228.83489990 100.62543490
v -27.79771614 -212.80886840 101.83514400
v 76.39207458 -203.54173280 99.06813812
v 37.25660706 -103.81330870 116.90174870
v -46.38764510 -186.26251583 118.52094726
v -18.69013214 -222.88461300 117.98558040
v -7.29407454 -228.66751100 117.01415250
v 30.68404770 -249.45582580 118.12200930
v 30.68404770 -238.76036070 115.97100830
v 30.68404770 -231.05606080 104.67652890
v 30.68404770 -237.23243710 115.77740480
v 30.68404770 -231.09428410 102.57562260
v 30.68404770 -102.83650210 117.81666560
v 30.68404770 -103.07772060 111.97235870
v 30.68404770 -102.79681417 118.52094726
v 30.68404770 -247.52586360 117.65169530
v 30.68404770 -103.57606510 98.25922394
v 30.68404770 -231.04270940 105.59326930
v 30.68404770 -231.08987430 100.09275050
v 30.68404770 -231.07485960 103.83615880
v 21.05813026 -248.84298710 117.66151430
v 21.05813026 -249.94308470 117.93733980
v 66.39593506 -117.57833860 105.17224120
v 75.14892578 -207.51785280 106.63416290
v -12.48712158 -225.93035890 116.22505190
v 14.97312546 -101.96932980 114.21776580
v 84.70932770 -146.78842160 107.27879330
v -42.47768286 -198.29017169 118.52094726
v -7.55222750 -103.34747310 110.67361450
v 88.08447266 -159.30836490 107.28591160
v 41.90191650 -104.99298100 113.12784580
v -19.81267166 -110.74853520 115.52478030
v 45.39303970 -225.44133000 117.64392090
v 68.50824738 -126.67673490 101.11742400
v 54.81777954 -109.20928190 103.19080350
v 87.05166626 -186.50540160 109.71868130
v 2.77174306 -102.01562500 109.28741460
v 79.86370850 -203.41925050 102.99999240
v 84.49975586 -164.35050960 104.17383580
v 60.52407074 -118.72155000 98.95774078
v 29.93188642 -103.53162692 97.95770874
v -30.81276894 -212.56385800 116.35740660
v 55.27532578 -109.27961730 102.23984530
v 86.86370850 -189.38757320 107.26732640
v 82.99840546 -149.37290950 117.81893920
v 82.73364258 -141.26791380 107.58092500
v 83.74290466 -143.87634280 108.19073490
v 66.25660706 -117.32088470 102.03245540
v 60.96656418 -112.68617250 102.99579620
v -44.59029982 -153.74453315 118.52094726
v 66.75602722 -119.40052800 100.85892490
v 81.18443298 -153.78918460 102.38464360
v 76.55957794 -130.62213130 104.22886660
v 84.28825378 -167.25357060 102.99579620
v 80.98065186 -141.66085820 104.71367650
v 83.24164898 -187.34404699 118.52094726
v 67.82627106 -119.26087190 106.18744660
v -30.25752542 -213.73863060 118.52094726
v 82.24091938 -154.56539806 97.95770874
v 82.23306274 -190.93322750 117.01216890
v 55.59991074 -111.81224820 116.63378910
v 5.62610722 -230.81172180 108.99290470
v -10.76771550 -227.68669947 118.52094726
v -21.70894814 -113.21391300 111.64767460
v -28.49648094 -214.00883480 111.51396180
v 83.61013794 -195.55552670 107.68194580
v 48.41272354 -107.24858090 113.00094600
v 82.32762146 -140.36212160 107.57958220
v 82.33418274 -191.41888430 116.00097660
v 24.92989731 -102.93932340 103.18415070
v 83.58003235 -197.51416020 104.51910400
v -33.71367645 -129.11322020 115.57582090
v 72.24232483 -134.40550230 100.86345670
v 21.44340515 -102.94480900 99.78495026
v -32.01298141 -126.31747440 115.30603030
v -39.92054749 -146.44032290 106.15051270
v 79.46115875 -135.24803160 105.11377720
v 66.60627747 -117.96463780 105.74259950
v 57.24708131 -113.37999200 118.52094726
v 2.46095395 -229.96002200 108.87182620
v 86.95980835 -168.85787960 116.49068450
v -25.96919517 -117.33863345 118.52094726
v -13.63793373 -106.58708190 106.20368190
v -22.64912605 -114.68218990 107.56496430
v 84.15818787 -186.50476070 116.59304810
v -39.83525085 -143.61538700 111.80487820
v 87.75023651 -157.85090640 107.28669740
v -15.83529949 -222.93701170 111.44053650
v 58.77088547 -117.78948970 98.41850281
v 80.01306915 -141.33584590 116.58293150
v 83.39014435 -188.91125490 102.61641690
v 63.40037155 -116.08576970 100.35604100
v 47.44630051 -106.66191100 109.27940370
v 85.21994019 -176.87948610 98.71762085
v 43.86148899 -105.62101146 118.52094726
v 74.91310883 -128.48699950 103.57950590
v 42.93549347 -105.38005070 105.02030940
v -46.62664413 -166.52990720 117.67504120
v 84.16486435 -182.50271241 97.95770874
v 35.22071075 -245.95578000 117.94237520
v -44.42845917 -186.24354550 108.45995330
v 42.47621155 -227.29902650 117.05119320
v 23.38821411 -232.04570010 103.53057860
v -37.04578781 -142.08319090 98.30773926
v 80.29445667 -149.78715109 97.95770874
v -3.46442461 -102.67485050 108.61178590
v 67.51828003 -120.14865110 109.30062870
v 82.45459747 -186.33775330 100.87062070
v 20.73344803 -232.12228390 105.90362550
v 40.44340515 -227.76637270 111.09378810
v 86.83437347 -174.74038700 117.05269620
v 88.41445923 -173.47984310 106.12081910
v 1.43312931 -229.09892270 102.47599790
v 58.77648163 -219.75775150 104.90310670
v -43.40264413 -173.45879285 97.95770874
v -5.39372253 -103.51338200 98.40370178
v -43.56122589 -195.18722530 116.89347840
v 58.54452515 -220.31896970 102.30587010
v -41.96606173 -160.23820958 97.95770874
v 18.07868195 -232.05686950 100.30283360
v 13.26572323 -101.65823360 116.44152070
v -17.24783325 -109.45069120 104.17994690
v 71.16088867 -123.94081120 109.23315430
v -6.66835165 -227.17169190 110.08502200
v 1.12192547 -229.22669980 105.66965480
v 57.01692963 -218.46995540 117.66387940
v -24.94563293 -215.11807250 100.15286250
v 62.43221283 -120.85105900 99.32218170
v -46.54366684 -169.27709960 115.64689640
v -3.23353052 -227.16935730 100.16914370
v 16.09238052 -243.04357910 116.82133480
v 72.19909668 -133.77804570 101.50952150
v 3.27692580 -101.18321230 117.49198910
v -2.61213660 -101.96849060 115.14904790
v 86.19898404 -175.91030197 118.52094726
v 28.69774628 -243.19134520 116.56184390
v 84.60781860 -174.12922670 103.30137630
v -42.14404572 -198.93492868 118.52094726
v -10.21816540 -227.04235840 116.21244810
v 10.78284836 -231.68684390 108.41992190
v -28.66979548 -211.27391330 97.95770874
v 88.79693604 -169.54545590 106.61676030
v 83.62287140 -145.29052730 105.98208620
v 79.00457764 -134.63525390 109.02336120
v 81.33572388 -189.95706180 99.32879639
v 47.84552996 -225.74854193 97.95770874
v -6.50740700 -229.99367726 118.52094726
v 79.98962724 -142.43379724 118.52094726
v -45.26211548 -161.52384950 113.76766200
v -15.59331036 -107.08492280 114.70970920
v -44.26922972 -152.64579251 118.52094726
v -32.88233948 -208.96846010 110.31770320
v 58.76911140 -118.42859994 97.95770874
v 76.04900900 -201.10618527 97.95770874
v -26.93753052 -216.16394040 114.83238220
v 15.66677284 -102.27100370 109.71867370
v 48.42102308 -107.60073924 118.52094726
v -35.99523804 -139.47048244 97.95770874
v 34.32163620 -230.00968930 108.41992190
v -45.59229660 -176.26831050 109.28997800
v 84.46192932 -168.16351320 102.05873110
v 86.77339172 -159.21519470 113.32121280
v -40.80553436 -193.98480220 101.08704380
v 7.86084644 -102.33969278 97.95770874
v -17.74011612 -109.20161440 111.94351200
v 72.90731812 -135.78466800 100.86582950
v 40.25139236 -234.06494140 117.25382230
v 84.48624420 -145.96186830 107.57958220
v 72.13927460 -211.88655090 100.28977970
v 80.62750244 -144.90768430 104.30050660
v -14.15458012 -106.74960330 107.90612790
v 85.03352356 -171.75926210 103.95299530
v 15.89043236 -231.90232850 99.21583557
v 89.15509796 -163.67031860 109.25687410
v 39.66493988 -234.70001220 117.14318080
v -29.32414428 -125.47964710 97.95770874
v -25.01317596 -118.08921810 103.35868070
v -37.16485596 -134.71807860 118.37316890
v -24.20443356 -117.54259954 97.95770874
v -26.22554588 -120.03347780 100.58981320
v 9.68953637 -245.33042910 118.52094726
v 88.89110565 -163.96476750 107.27507020
v 82.72090149 -190.90992740 102.34625240
v 44.05204773 -231.43588260 118.29543300
v -7.28098011 -228.32485960 116.14997860
v 23.82375717 -233.15127560 114.25696560
v 60.03043365 -115.00471500 114.40998080
v 50.37763877 -224.72458064 97.95770874
v -20.18426587 -112.77613498 97.95770874
v 62.55166245 -115.88874050 100.03916930
v 82.76296997 -147.39370730 116.13811490
v 32.36447525 -241.37655640 116.59478000
v 51.90469925 -224.08410778 97.95770874
v 71.41870117 -212.37896730 101.92626950
v -37.75902939 -202.84762570 108.02368160
v -36.34934235 -207.02626040 118.18853760
v 84.09141541 -194.08016970 103.10794070
v 73.77802277 -208.22627260 98.43558502
v 76.87528229 -136.20349120 118.21570590
v 89.77146149 -175.04597470 109.41305540
v 43.08755493 -105.34324650 115.09504700
v 87.98103333 -176.87274170 113.69102480
v 28.01364517 -231.54147340 105.24950410
v 83.86408997 -195.34315490 102.99966430
v 84.35694885 -177.80418400 103.30790710
v 0.39159077 -101.96141050 112.62083440
v -43.06200027 -187.88362120 103.68009190
v 84.12962341 -146.02087400 110.09687810
v 82.88840485 -190.47799680 102.40765380
v 39.31681061 -104.65902710 104.33274840
v 57.10530853 -219.80656430 109.78826900
v 70.02966309 -121.05976870 103.60369110
v 89.06787109 -172.90689090 111.76292420
v 78.78265381 -200.51977540 111.85276030
v -40.58786011 -142.85757450 117.54609680
v 55.20480293 -112.83832528 97.95770874
v 39.58891813 -244.04147702 118.52094726
v 61.41503525 -113.31311040 100.87046050
v 76.51325989 -135.04245000 117.02115630
v 87.58427429 -176.96133420 114.56561280
v -24.72082138 -117.47335820 105.90229800
v 83.66262054 -160.07232670 99.32877350
v -25.37944794 -116.92782590 116.49882510
v 46.17342758 -106.12255860 98.53650665
v -43.23793626 -179.32241628 97.95770874
v 88.86563110 -176.26831050 111.85778050
v 88.37084198 -183.49798580 106.66193390
v 83.73286438 -152.50891110 118.46533200
v -40.33923546 -141.74166200 118.52094726
v 48.29886246 -106.60323330 102.27004240
v -12.09779930 -105.83496090 104.44733430
v -12.09779930 -105.27429200 110.32984160
v 73.93394470 -125.98725890 106.03108980
v -42.05100506 -146.17514702 118.52094726
v 86.56536102 -173.97972110 117.78179930
v 52.67670822 -109.67755890 114.72624210
v 49.31275558 -107.60716250 112.16334530
v 82.48315430 -143.54928590 105.37134550
v 78.45401126 -145.72156498 97.95770874
v -19.39903450 -111.21159360 106.64372250
v 81.44841766 -192.64497380 101.36545560
v 80.93857574 -198.95796200 101.14145660
v 73.99569702 -130.12864690 114.78668210
v 77.60279846 -133.87733460 111.59764100
v 60.10993958 -115.24969480 115.40041350
v 2.52221990 -232.53381350 116.41304020
v 77.25621542 -143.28981457 97.95770874
v 88.48778534 -183.60234070 108.19073490
v 65.22712358 -124.61511424 97.95770874
v 70.90190374 -212.13493340 97.95770874
v 75.63753510 -128.53871150 104.52374270
v -46.85185242 -181.84521480 117.39648440
v -15.36243674 -108.53218062 97.95770874
v 62.62344742 -114.59871670 105.34730530
v -44.51414490 -179.93533330 104.82934570
v -32.87230682 -208.34771730 107.11573030
v 29.04152870 -103.15612030 104.75293730
v 29.04152870 -231.37744140 103.75975800
v 61.86852646 -120.61955260 99.00946808
v 15.93958950 -231.93574520 104.29455570
v 15.93958950 -102.42370610 105.51686100
v 15.93958950 -232.20761110 108.12609100
v 59.96079398 -119.53847529 97.95770874
v 85.73479462 -159.00277710 105.51746370
v -36.50295258 -202.87312320 101.41243740
v 89.04895782 -168.33624270 106.96943660
v -33.25497818 -208.42977910 109.71868130
v 83.40827942 -192.51983640 111.72744750
v 46.42043686 -106.53374480 115.66232300
v 57.11264038 -110.15710450 101.47172550
v 84.46540070 -174.39622500 102.99964140
v 39.71414566 -236.48738100 117.30847170
v 34.67574310 -238.35928340 116.47544860
v 75.69079590 -201.88215640 118.11807250
v 56.58774567 -221.57090760 100.54739380
v -39.46570969 -147.36471560 101.33528900
v 18.23874855 -102.62205510 103.24246220
v 46.28554535 -106.17993930 105.17309570
v -28.43859673 -212.16714480 101.81544490
v 36.02066471 -229.66925532 97.95770874
v 48.88145447 -224.40586850 107.65256500
v 84.72900391 -184.25558470 117.17131040
v -44.20847321 -152.62283330 118.24391170
v 15.62132263 -233.09004210 113.09336090
v 70.27049255 -124.62315370 102.14912410
v 31.37161255 -233.25984190 115.38347630
v 63.20507431 -218.48742680 98.56481934
v -11.61999321 -223.68269350 103.60697940
v -42.09423065 -148.99575810 113.34313960
v 6.23727655 -230.41741940 100.85672000
v -32.82676697 -127.72126770 115.13221740
v 36.55686951 -103.77668760 113.92044070
v 84.71730983 -180.66464122 97.95770874
v 74.70275879 -209.27867130 103.01883700
v -6.96426201 -226.83088680 108.84826660
v 73.14235687 -134.54559330 102.08650970
v -45.15405273 -181.94299320 108.96075440
v 46.84867623 -106.47442124 97.95770874
v 0.98331431 -235.09139407 118.52094726
v 47.65412903 -106.63359830 106.81165310
v 67.25922855 -122.83721806 118.52094726
v -27.83612633 -214.59449770 111.15213010
v 83.65634087 -158.78608165 97.95770874
v -42.30843353 -195.67889400 111.70735930
v 11.60738087 -232.80799870 113.36911010
v 68.82163239 -123.76442720 115.74123380
v -25.42634201 -215.14935300 103.14752200
v 25.50955559 -231.88697254 97.95770874
v 89.67651367 -175.80993650 107.83792110
v -16.60320473 -221.17175290 104.61809540
v 4.32705832 -231.61247250 114.02611540
v 77.22472487 -199.14907889 97.95770874
v -5.85657049 -101.86386894 118.52094726
v 3.33422375 -235.85731510 118.11279300
v 35.04972839 -232.04470830 115.81227870
v 83.80001831 -195.99021910 106.69496150
v 78.91040039 -201.24711610 110.15519710
v -35.17007065 -207.53283690 114.70872500
v 75.28824615 -202.53817750 98.11450195
v 89.50437927 -178.40740970 108.80191800
v 10.35655975 -232.19952390 111.71993260
v 87.20603943 -187.21141050 108.77290340
v 83.35192871 -181.99801640 100.39833070
v 82.59237671 -145.17138670 113.92541500
v 66.33880615 -122.53117370 100.69019320
v 18.76624680 -232.08276370 105.13489530
v 18.76624680 -102.56451420 107.73236850
v 18.76624680 -240.59387210 115.96209720
v 18.76624680 -102.47539520 109.87146000
v 89.02348328 -164.80889890 107.31547550
v 7.26011944 -231.12767030 108.87652590
v 72.23054376 -210.09431836 97.95770874
v -26.75961304 -215.99252320 113.21548460
v 83.08986664 -184.97747800 102.07906340
v 84.64177704 -195.34275820 104.53450010
v 80.64738600 -192.64705737 97.95770874
v -16.25806808 -107.63368230 114.75238040
v 50.87373352 -222.82379150 112.34935760
v 83.88685608 -187.11657710 102.97931670
v 83.35733032 -189.85955810 115.11042790
v 26.80043304 -102.37853160 118.52094726
v -8.41336536 -102.62554930 117.68349460
v -36.46667480 -204.53430180 107.98929600
v 79.27975464 -198.58038330 114.13232420
v -18.64083672 -110.44073490 107.06699370
v 49.51267624 -107.81365970 113.46376040
v -37.61545944 -139.93740840 107.24840550
v 77.75215912 -145.21553040 102.68811040
v 7.83904553 -231.50860600 110.44287110
v 3.86758184 -101.98612980 108.91549680
v -20.30862808 -221.95292660 118.41192630
v 14.40514088 -242.45773320 116.95993040
v -1.25205719 -102.57412720 103.97698970
v 85.25814056 -172.44850160 99.38610077
v 43.89052200 -105.61489870 116.53701020
v -44.24031448 -193.45068360 117.16510010
v -14.87166680 -106.04517752 118.52094726
v 84.25350952 -166.41320800 102.07906340
v 39.56323624 -228.55012510 116.12197110
v 24.07577896 -103.10812380 98.64122772
v -39.71368408 -140.26560970 118.45077510
v 28.58073384 -251.55082794 118.52094726
v 82.48083496 -140.66757200 107.27400210
v 52.88741160 -223.64759309 97.95770874
v 53.37238312 -109.30567170 108.53575130
v 81.74096680 -146.11964420 118.02880860
v 81.72591400 -189.48063660 101.14492030
v 78.38164520 -203.60594180 100.25186920
v 62.31815720 -115.96717830 110.17707820
v -23.53595352 -217.32315060 107.63371280
v 82.24964905 -156.59623720 103.01007080
v 88.43953705 -172.21932980 106.17760470
v 60.82201385 -115.66148380 114.26666260
v -23.12173271 -219.06649780 114.76690670
v 52.07558441 -109.54467770 117.26400760
v 85.49830953 -170.91154512 97.95770874
v 45.53120041 -227.01428220 118.50482940
v 78.38704681 -201.93742370 99.92227173
v -47.38832855 -176.87948610 118.38963320
v 16.77994537 -243.80250550 116.89402770
v 16.77994537 -102.50773620 104.37094120
v 16.77994537 -231.97367860 99.32881165
v 72.98951721 -124.79920960 106.03989410
v 82.27010345 -198.40615840 102.10258480
v 34.76109609 -103.33839418 118.52094726
v -31.85426903 -126.68820950 112.97859190
v 59.25061417 -218.53503420 109.98708340
v 85.18386729 -181.22569711 118.52094726
v 32.04007721 -103.72163390 98.12552643
v 87.19059753 -158.11225890 106.45214080
v 80.49086761 -198.85554500 100.86058040
v -37.47523799 -135.30255877 118.52094726
v 72.55184937 -125.46283720 108.95596310
v 85.95594025 -170.69140620 104.85329440
v 40.80426025 -227.90052800 103.90283200
v 4.18865193 -229.61221143 97.95770874
v 87.77261353 -185.40518190 106.05406950
v -33.56335831 -129.84948730 112.34075930
v 86.72668457 -184.00193790 112.24029540
v 77.68731689 -198.37162780 98.71837616
v 56.07944489 -219.35533140 115.95670320
v 70.52097321 -131.58309940 100.55112460
v -41.02588119 -191.63358275 97.95770874
v 83.93162537 -145.98529050 110.78820800
v 71.81468201 -133.48646550 99.32879639
v 58.01479721 -111.51011660 99.60448456
v -44.07320023 -186.61317440 107.12456510
v -36.45857239 -139.97190860 99.59053802
v 20.78843689 -245.10836790 116.81904600
v 54.02502441 -222.85974120 100.05112460
v -44.96185303 -183.60234070 108.95471190
v -43.52399063 -184.59884640 102.76364140
v 25.59488297 -102.91100310 106.47945400
v 81.13926697 -151.65408330 103.87477110
v -45.58767319 -168.16705320 111.09719850
v 38.76508713 -228.30329900 114.52621460
v -22.36025047 -216.85920720 99.32879639
v 27.83706665 -239.72293090 115.83317570
v 55.11842346 -109.58959200 104.40317540
v -45.66544342 -184.93241880 113.44053650
v -25.31191254 -216.05792240 107.73715210
v 17.44580650 -234.92247010 115.22830200
v 81.23266602 -154.04656980 101.46788020
v 65.49356842 -118.93978880 111.01738740
v 34.04547882 -230.10101320 113.08010100
v -31.09664726 -128.49247740 99.70028687
v 83.29055786 -143.03346250 108.80660250
v 5.69790506 -236.87066650 117.70872500
v 4.04902698 -102.39504073 97.95770874
v 61.27311658 -215.50302394 118.52094726
v -43.11063766 -158.04782100 105.70784760
v -40.69824982 -149.07127380 105.13489530
v -44.93580246 -181.99801640 107.92335510
v 39.14100266 -229.18064880 116.36801150
v 61.05300522 -115.59111790 112.92500310
v -9.96769238 -105.13786320 100.23483280
v 6.01526826 -241.14181233 118.52094726
v -8.53634262 -103.12077330 114.99000550
v 77.42332458 -144.20434570 102.69785310
v 33.60858154 -237.17752080 116.14543910
v 39.05397034 -104.17333220 117.71683500
v 84.95671082 -170.30941770 100.85669710
v 76.45343018 -135.87066650 103.23069760
v 39.28862762 -229.42231750 116.50472260
v 26.20703786 -252.04664695 118.52094726
v 81.88839722 -196.74247740 101.53181460
v -43.04811478 -149.36235050 117.73858640
v 86.00148010 -168.13211060 105.04028320
v 84.48237610 -148.23591610 106.05764770
v 61.78727722 -116.14227290 112.54533390
v 3.63980842 -101.04797360 118.49373630
v 29.98006058 -231.86645510 114.31002040
v 89.36620331 -174.12921140 110.97013090
v 61.89746475 -115.07650760 99.93801880
v 28.28013611 -231.52476500 101.40855410
v 69.50360107 -210.20610050 114.02281950
v -9.88080597 -227.96841430 118.16044620
v 82.69927979 -158.38208010 101.46788020
v 84.72436523 -195.12657170 104.84375760
v 81.93586731 -188.01611330 100.24552920
v 44.56265259 -225.57727050 115.51396940
v -37.16139221 -205.15501400 113.98651120
v 83.47465515 -154.42813110 104.79467770
v 52.05604651 -221.03568017 118.52094726
v -44.12588501 -177.47100830 102.08970640
v -15.75730133 -108.12856290 105.28021240
v 88.11726379 -175.53601070 113.68515010
v -11.15208149 -224.35800170 106.26574710
v 84.51016235 -155.48559570 118.42910770
v 32.70854187 -103.14132690 115.98313900
v -21.61227989 -219.47712710 111.81954960
v -39.04354005 -203.89415295 118.52094726
v 24.41956139 -237.99639890 115.40866850
v 62.59232043 -214.54177721 118.52094726
v 61.21278763 -118.96701050 99.22910309
v -33.91727829 -129.10881040 116.84855650
v 1.15693355 -102.40019990 102.40373990
v 65.74790955 -212.49597170 116.85752870
v 87.62710571 -172.48669430 115.07847600
v 66.26238251 -216.51919560 99.32820129
v -32.49446869 -128.51263430 110.54245760
v -41.52071381 -197.54873660 111.93398280
v 83.02193451 -155.22688290 104.49441530
v 58.79460907 -217.56561280 116.70042420
v -23.67784917 -116.85359855 97.95770874
v 69.66840363 -214.09179690 99.93996429
v 71.44377899 -208.81484990 112.86150360
v 78.41946411 -197.11618040 98.72364807
v 80.49433899 -199.79832460 100.96524050
v 62.57944107 -118.60831450 99.77927399
v -24.85928917 -118.01456450 101.83076480
v 51.14740267 -108.40494342 97.95770874
v 83.88067627 -183.82418820 102.98883820
v 82.31371307 -187.24711610 99.30173492
v -9.94916820 -224.14425660 100.24555210
v 81.83204651 -200.42753600 103.96744540
v -35.62549973 -203.76651000 100.08582310
v -11.23297749 -105.97586565 97.95770874
v 84.43451691 -195.74269100 105.13928220
v 7.29407787 -230.71173100 102.23183440
v -23.98559189 -218.89831540 116.69244380
v -10.59264469 -226.45794680 114.76080320
v 47.83204651 -225.41323850 100.93380740
v 54.78804779 -111.04293820 114.88476560
v 57.26990891 -113.01229100 98.60365295
v 66.40171051 -212.01202390 116.66790770
v 68.71317291 -121.41587070 101.63333890
v 84.17968428 -154.24223749 118.52094726
v 86.97021484 -188.88323970 105.73477170
v 84.43528748 -192.14144900 109.92964940
v 89.81776428 -173.82363890 108.19073490
v 59.55782700 -116.54974370 98.91663361
v 82.38009644 -144.34143070 105.19585420
v -15.27568340 -107.36798860 109.57250210
v 18.26305580 -233.97860720 114.71681980
v 12.36219692 -235.25880430 115.93647000
v 89.62980652 -174.58760070 107.63087460
v -29.23086548 -213.15762330 111.24873350
v -3.38148308 -102.59706120 109.71267700
v 4.64669228 -238.51428220 118.34960940
v -38.48057556 -143.67333980 103.59402470
v 84.46693420 -157.85684200 105.01573180
v 84.46693420 -162.82258610 104.33562470
v 84.46693420 -153.50225830 105.29296880
v 84.46693420 -183.60234070 103.44428250
v -38.36652756 -203.45687870 113.34930420
v 37.18075180 -229.06948850 114.64656830
v 45.58773804 -106.24269100 116.86170960
v -28.27262932 -211.67922743 97.95770874
v 65.54674988 -217.05772408 97.95770874
v 32.05917740 -240.05911250 116.33407590
v 32.05917740 -103.01905820 117.28189090
v 32.05917740 -230.77297970 102.07905580
v 88.11147308 -176.65029910 105.76238250
v 36.04508972 -241.66929630 117.25202940
v 14.14427948 -231.76242070 104.44734950
v 57.06380844 -111.02030180 105.99686430
v 65.95902252 -117.33956910 101.44298550
v 23.62211884 -103.12050484 97.95770874
v -8.58357716 -103.65867610 110.94099430
v -44.67882708 -154.07350897 118.52094726
v 78.85327148 -147.35163880 103.02178960
v 64.69618988 -123.89595790 99.03503418
v 42.63940908 -227.57419218 97.95770874
v -0.46951124 -228.53097530 103.39939120
v 77.62517548 -206.21560670 102.99579620
v -2.70294996 -102.98778543 97.95770874
v 76.06477356 -202.03216550 116.73944090
v -9.96890068 -103.14075470 118.21411130
v -44.57976532 -180.54649350 105.44047550
v 86.38279724 -190.46342470 105.10817720
v 73.49317932 -129.79512020 115.71736150
v 74.02926636 -130.88900760 102.70692440
v 58.03389740 -113.18058780 113.54161830
v 83.80464172 -148.23693850 113.68849950
v 68.88144684 -120.65414430 102.07976530
v -20.48800468 -219.57174680 108.56678770
v 70.17515564 -125.01330570 114.65368650
v 51.21625900 -221.52777100 118.27503970
v -32.67702484 -210.52618410 116.26963040
v 79.44918060 -138.39718630 113.76737980
v -16.85530068 -109.65962313 97.95770874
v 74.32297516 -207.98976140 107.52828980
v -41.47061204 -157.19666151 97.95770874
v 81.04238892 -153.50335690 102.08510590
v 67.63636780 -119.90997310 108.40515140
v -20.34964180 -220.32165530 111.81254580
v 31.80850220 -242.97705080 116.85639950
v -38.05680084 -142.98052980 102.57663730
v -30.27633364 -127.28194866 97.95770874
v 32.84400940 -103.57594300 105.39273830
v 35.69155884 -229.62539670 107.42679600
v 63.21799469 -119.89407350 99.89572906
v 59.11806765 -118.76278371 97.95770874
v -6.26326227 -227.24082950 109.56587980
v -28.14113235 -120.19368740 117.66387940
v -9.17958355 -228.12478640 117.74832150
v -37.30303955 -140.55154420 103.76881410
v -33.54386899 -210.11028401 118.52094726
v -19.84945107 -111.74039460 105.57417300
v 30.83346989 -250.98219373 118.52094726
v 19.45381165 -102.67578120 104.46644590
v 54.13482285 -109.98235320 98.44192505
v 49.57089837 -107.52032928 97.95770874
v 72.54914093 -130.58340450 102.27485660
v 72.54914093 -128.90269470 102.32023620
v 17.37700653 -102.61001590 102.29211430
v 75.92621613 -129.04824830 104.53152470
v -0.68008915 -101.25314031 118.52094726
v 36.71934509 -238.64578250 116.88325500
v 57.60896301 -221.11346440 100.50926970
v 4.93965101 -102.03129580 106.61542510
v 71.04122925 -212.92135620 99.96269226
v -27.23848915 -214.63226320 108.60881810
v -6.80632019 -228.31451420 115.52362820
v 23.43596077 -244.42500310 116.60772710
v 35.26392365 -229.74093630 114.00508120
v 54.84477997 -220.56242370 113.05801390
v 79.60626221 -194.72912600 98.87040710
v 70.05898285 -129.51387020 101.50595090
v 75.46963501 -208.65434270 100.85516360
v 56.26758957 -113.40058900 98.18756866
v -4.75952339 -102.92842860 107.80515290
v 45.56689453 -225.73138430 109.64227290
v 74.72976685 -139.44503780 101.77061460
v -41.31809235 -146.75175480 113.44047550
v 6.15095085 -230.17619082 97.95770874
v 84.76990509 -186.58525090 114.72611240
v 84.75485229 -174.28201290 100.80242160
v 83.75871277 -182.05856320 99.16611481
v 85.84671021 -190.93637080 108.19073490
v 27.41810989 -231.70387270 110.88369750
v 62.09255981 -114.30194090 105.65908810
v -19.39093971 -109.99578090 118.12882230
v 70.57886253 -207.52952663 118.52094726
v 78.09912109 -132.13491820 106.05163570
v 16.37799213 -250.65789989 118.52094726
v 54.04875565 -222.70007320 101.08109280
v -38.65386963 -138.18414310 117.63327030
v -47.38260435 -177.89385862 118.52094726
v -3.31224275 -102.16984560 114.14964290
v 87.13076782 -188.41085820 107.57635500
v -23.95143890 -116.32772830 107.43594360
v 84.30290222 -154.22943120 118.03311920
v 35.20660782 -248.08341980 118.40028380
v 14.48806190 -238.83676150 116.24299620
v 14.48806190 -237.38522340 115.98435210
v 14.48806190 -101.63694760 117.66387940
v 14.48806190 -231.79713440 105.13489530
v 14.48806190 -102.09817500 111.39937590
v 14.48806190 -243.57333370 117.17829900
v 14.48806190 -231.90069580 106.66281890
v 14.48806190 -102.19750980 109.71867370
v 14.48806190 -231.84825130 102.99579620
v 14.48806190 -101.84634400 115.52478030
v -42.53808594 -158.98193360 101.78528590
v 87.93624878 -185.67359920 106.65451050
v 61.49182510 -113.62866970 100.56068420
v -40.60080338 -150.49588010 101.84791560
v 87.94937134 -184.34840390 106.04227450
v 44.36465454 -226.98217770 117.96685030
v 68.11031342 -212.47540280 110.36068730
v 88.96519470 -181.30668640 107.58202360
v 83.32451630 -182.07441710 101.77346800
v 89.25620270 -173.63262940 106.96839900
v 70.95593262 -125.77233890 114.18456270
v -6.42109394 -103.76191710 99.63437653
v 30.19715118 -231.09060670 111.09918210
v 49.03088942 -225.29335015 97.95770874
v -3.23471570 -102.30079650 112.92820740
v 64.02424622 -214.84567260 113.00363160
v -42.09096146 -152.73829650 106.66281890
v 27.09342766 -231.67657470 104.88661960
v -26.59038162 -119.73991390 108.37464900
v -37.83372498 -139.75262450 108.98854060
v 62.33281326 -116.84124760 113.55899050
v 6.77205038 -101.20499420 117.66387180
v 17.12150574 -248.98960880 117.99661250
v -42.28818130 -195.22686770 110.75543210
v 86.26529326 -174.95331537 118.52094726
v 47.17766190 -225.43597410 103.60697940
v -19.90560722 -110.66716000 116.85426330
v 69.71818542 -124.85416410 101.88121030
v -29.19005394 -210.77899170 98.18732452
v 55.45168686 -110.12007900 106.28195190
v 82.47808302 -189.30454032 118.52094726
v 78.27395630 -146.88539120 99.93996429
v 78.04856110 -133.18360900 104.52661130
v 45.78649902 -224.90127560 116.13593290
v 65.13732910 -117.62414550 100.56561280
v 47.33840942 -106.32661440 100.16914370
v 77.26739502 -137.01364140 118.43137360
v -26.60716242 -213.29292821 97.95770874
v -28.28028114 -123.60019076 97.95770874
v 84.51440430 -167.25357060 101.49953460
v -42.96552658 -191.55017090 107.74086000
v 38.24211502 -228.80984500 103.01490780
v 77.97922094 -138.39240857 118.52094726
v 89.18981934 -171.22616580 111.35321040
v 45.57234478 -226.59138907 97.95770874
v 5.44466734 -101.93449400 108.79235840
v 78.12150574 -205.73591610 102.07906340
v 88.19638062 -182.32061770 110.31953430
v 81.92196655 -145.90385440 104.81005100
v 23.77974319 -102.83988950 106.43363190
v -42.96472273 -182.19138382 97.95770874
v -28.76830673 -212.72601320 106.75900270
v 83.52173615 -143.18865970 107.57679750
v 5.14920239 -229.89624047 97.95770874
v 79.89958191 -144.02912900 104.08033750
v 88.65257263 -174.74038700 112.60253910
v 33.62922287 -230.36312870 98.56481934
v 87.91270447 -168.78147890 106.02702330
v 53.34574127 -109.60598750 110.83595280
v 83.27472687 -197.72392270 103.30137630
v 73.71239471 -128.80705260 112.78485870
v 77.59738159 -145.70761110 102.07215880
v 56.99221039 -112.29376220 112.92729190
v 65.25697327 -117.81593320 100.56379700
v -18.92268753 -110.00981140 114.68619540
v 66.54412079 -212.50146480 114.65153500
v -37.48772049 -142.92134090 99.14254761
v 16.81544495 -232.21635440 107.88167570
v -30.96485329 -126.55377200 108.53683470
v -31.46620369 -128.32398990 104.46300510
v -19.50914001 -221.90991210 116.36700440
v 59.30905135 -216.84619504 118.52094726
v 14.73670959 -245.87124630 117.59167480
v 86.23714607 -168.32381786 118.52094726
v -0.47746769 -229.04830930 108.49632260
v 22.40836143 -233.38356020 114.32980350
v 23.90324783 -232.51799010 112.56461330
v 66.59275055 -212.21467590 115.48685460
v 46.22416687 -106.21538540 106.96840670
v -42.33063889 -193.32275390 107.60760500
v 45.11011887 -229.05804440 118.52030180
v 45.56429103 -227.05634125 118.52094726
v -41.76174545 -156.33985900 100.31900020
v 82.85365295 -190.05923460 116.28865050
v 59.77974319 -113.78491970 109.76650240
v -29.00971985 -122.51368710 111.90333560
v -26.30893521 -120.47349913 97.95770874
v 86.76295471 -161.55877690 105.77041630
v 75.45342255 -133.31665040 117.07206730
v 82.40942383 -153.04089360 104.50125890
v -36.25857745 -202.45960348 97.95770874
v -41.71967697 -147.05157470 114.97844700
v 16.03524399 -246.00984190 117.44382480
v 41.91543087 -240.81090434 118.52094726
v -17.68889809 -108.39350673 118.52094726
v -14.57851601 -222.59692380 106.52585600
v 86.03890991 -190.92996220 107.71697240
v 78.28668976 -133.80323790 104.48812100
v 24.78244400 -102.42662810 116.49881740
v 24.78244400 -231.99404910 107.93290710
v -44.96881104 -171.56039430 106.88246150
v 76.50938416 -201.92623900 115.69087220
v -27.29243088 -213.00715640 100.09000400
v 58.70853424 -114.11711120 115.90627290
v 59.24462128 -111.40689090 101.48677060
v 73.41482544 -208.18417360 109.31767270
v 84.75060272 -170.18692020 103.67079160
v 80.78829872 -192.93402115 118.52094726
v -18.87425232 -219.19046020 100.02781680
v -35.37097168 -137.32096860 99.53984833
v -21.93870544 -217.69888310 103.77331540
v 85.27163696 -148.90167240 109.18095400
v 86.60008240 -188.34835820 104.83609010
v 82.22686768 -147.54287720 118.35205080
v -6.47804880 -228.03649900 113.99344640
v 79.92003632 -202.90132140 104.52374270
v 79.66839600 -140.34835820 116.14645390
v -35.43638992 -206.32615660 110.32984160
v 84.34381104 -167.59735110 102.38464360
v 50.56264496 -223.44178770 108.95469670
v 86.64678192 -167.08016970 116.97509000
v -5.90971088 -101.88700870 118.44692990
v -5.90971088 -102.39782710 115.52478030
v 55.72165680 -109.97147370 99.36765289
v 59.84323120 -112.19213100 100.53152470
v -0.03896784 -231.72554020 116.75519560
v 44.01440048 -225.97726440 116.69415280
v 86.95168304 -156.61398320 111.17893220
v 64.54952240 -115.81729130 101.46788020
v 82.09024048 -140.37329100 108.79077910
v 83.90691376 -192.44949340 103.01821140
v 41.50185776 -233.67047120 117.58638000
v 85.42408752 -148.92330930 108.19073490
v 45.35210800 -105.87089540 99.32879639
v 45.35210800 -105.86984250 100.62753300
v 45.35210800 -105.88377380 101.46788020
v 89.83010864 -172.06652830 109.41307830
v -35.57957840 -205.40505980 107.15726470
v 67.65797424 -122.03569030 114.33793640
v 73.10992432 -136.22964480 100.87945560
v 13.62618160 -234.35218810 115.14862060
v 39.05743408 -228.52880860 102.53742980
v 88.56534576 -160.37791440 108.80191800
v 76.97792816 -141.28544620 102.97722630
v 86.74674225 -190.03561400 106.08411410
v 57.87487793 -113.32276920 115.29651640
v 22.27179825 -252.21954726 118.52094726
v 38.42119217 -228.74372860 104.33274840
v 38.70563889 -235.09333800 116.93310550
v 35.40590641 -248.49223648 118.52094726
v 15.15729713 -233.42977910 113.96107480
v 73.62130737 -208.35496520 108.34788510
v 86.52404785 -177.85467530 116.89553830
v 17.00870705 -236.39227290 115.54455570
v 78.03388977 -146.67738340 102.07399750
v 83.71586609 -196.03802490 102.99370570
v 25.50156593 -231.88629150 105.28769680
v -20.17243855 -110.69521440 118.52094726
v 81.24976945 -191.97859255 118.52094726
v 78.84593201 -139.31726070 117.13195800
v 78.84593201 -133.88635250 105.15396120
v -45.55449295 -175.38975520 109.12660220
v -19.66777039 -220.12936400 108.71160890
v -32.15696335 -207.99041750 100.85669710
v 48.66334769 -107.72965471 118.52094726
v -35.88004303 -134.08505250 112.62545780
v 80.92543793 -151.72355650 98.44961548
v -47.26166223 -170.38062652 118.52094726
v 82.44261169 -186.99746700 101.45494080
v 55.92543793 -111.51452640 112.66754910
v -32.00682191 -211.78991189 118.52094726
v 80.39398193 -201.10504150 101.19832610
v 27.86426929 -231.57644162 97.95770874
v 30.78128433 -246.35931400 117.41769410
v 74.23690033 -209.97286990 100.85733800
v -12.46852303 -223.26153560 103.68337250
v 24.75986481 -102.91101070 104.08442690
v 32.74674225 -103.74940490 99.90176392
v 68.83087921 -127.44670100 101.13177490
v -35.19898575 -208.34451071 118.52094726
v -38.16448975 -143.63281250 101.69470210
v 64.21914673 -118.69149780 114.19152070
v 72.74211121 -135.01132200 99.13046265
v -12.08768463 -104.81716920 113.84519960
v 80.97869873 -191.51600650 100.87207030
v 76.84863281 -144.45549010 101.46945950
v -43.91651535 -171.05667110 101.00311280
v 86.63906097 -176.18634030 117.19166560
v 34.47831345 -230.61549380 114.91697690
v 44.89919281 -225.48190310 114.75773620
v 72.99452209 -208.72396850 108.98858640
v -20.82678223 -112.22709660 111.66267400
v -7.72875215 -104.29257303 97.95770874
v 83.08251953 -197.60322570 106.05039220
v -31.82108879 -129.60121150 101.18560790
v 69.42678833 -122.23660280 102.02381130
v -43.24400591 -170.02588494 97.95770874
v 87.97020721 -179.07038880 112.80239870
v -21.49457359 -220.25756840 115.01130680
v 88.76256561 -178.56625370 106.31895450
v 79.53707057 -195.22463254 97.95770874
v 60.81409073 -118.29414370 99.15950012
v -15.00909519 -107.79366300 103.05310060
v 72.77375793 -129.18122860 116.75722500
v 60.15546929 -216.29077987 118.52094726
v 84.68035889 -195.04968260 105.59530640
v 38.02462769 -244.55572510 118.25984190
v 44.66211633 -105.91843308 118.52094726
v 2.11156273 -101.71150970 113.50210570
v 55.51555634 -110.97937010 111.10453800
v 12.34896946 -232.81591800 113.02600100
v 12.34896946 -102.36273960 100.97129820
v -43.15804878 -168.99996692 97.95770874
v 57.54064178 -110.97848510 104.61880490
v 31.13751602 -245.21276860 117.21833800
v -30.26184654 -210.55130000 103.64517210
v 40.03273010 -227.73818970 114.14964290
v 87.46769714 -174.36088560 115.37681580
v 27.10315314 -251.88403482 118.52094726
v 79.26391602 -147.62911990 103.31233980
v 81.05241394 -198.16400150 109.69862370
v -45.25904846 -173.90002440 107.65473180
v 84.13655090 -188.23034670 114.80041500
v 72.54913330 -129.59027100 102.28314970
v 72.54913330 -127.68035890 102.46205140
v 84.14967346 -148.30050660 105.75576780
v 86.22454834 -177.64187620 117.78417970
v 63.69328690 -114.73792270 102.07374570
v 84.16935730 -145.05651860 107.57958220
v 78.22917938 -205.50537110 101.45185850
v 85.95785522 -189.38920590 104.24383540
v 20.14137650 -232.10556030 105.13489530
v 20.14137650 -239.52432250 115.69866940
v 20.14137650 -236.46847530 115.31327820
v 36.64465714 -232.97845460 116.29497530
v -16.75210190 -108.64520260 108.30532840
v -22.71456718 -217.11294560 103.25812530
v -15.36663246 -107.78895570 105.82244870
v 82.91578674 -144.96321110 105.45976260
v 16.40594482 -248.31329350 117.91635130
v 79.57151794 -202.69381710 105.77272800
v 52.64867634 -110.00952824 118.52094726
v -20.27188686 -218.02616417 97.95770874
v 85.87481650 -164.69240721 118.52094726
v 15.83454514 -231.93981930 101.12409210
v 86.31524658 -183.62297060 113.40383150
v 45.34805298 -225.46380620 112.94232180
v 50.01227570 -107.36219790 105.63146210
v 62.47329330 -216.26736450 111.40187840
v -43.83527374 -169.08392330 101.39904790
v 68.79228210 -121.99742130 110.77492520
v -42.28336334 -152.66404720 107.96844480
v 83.53987122 -194.76226810 108.76368710
v 87.12342834 -155.94564820 109.89745330
v 60.84284210 -113.83001710 106.99759670
v 83.69658930 -186.07715050 118.52094726
v -34.54542542 -207.80358890 112.94641110
v -40.57996750 -142.39511110 118.42236330
v 45.41637170 -226.64283406 97.95770874
v -45.84839630 -166.78138730 113.27932740
v 79.70351410 -150.20872500 102.37561800
v -21.43687630 -113.75483700 101.94400790
v 57.77452850 -112.47402950 110.63877110
v -30.36286926 -127.02404790 100.16906740
v 52.89996338 -221.65640260 113.19168090
v 41.16839218 -227.34973140 115.83358760
v 36.65951538 -229.30374150 107.31219480
v 76.87371826 -202.02246090 114.35867310
v -17.87560654 -109.13838200 114.04460140
v 47.75214386 -224.93168640 107.61778260
v 84.62468403 -183.17133879 118.52094726
v 78.13269043 -146.77630620 100.25259400
v 7.13493299 -101.53112790 114.89450070
v 75.22425907 -202.48399128 97.95770874
v 13.22196787 -231.57720349 97.95770874
v 24.80154419 -241.05224610 115.88906100
v 45.18981171 -226.12612920 106.66281890
v -24.62502861 -216.20498660 105.85707090
v 2.07368755 -101.83766170 112.31613920
v -36.82061005 -201.85205080 99.06140137
v -32.16950989 -130.50051880 100.03356930
v 84.09332275 -163.68544010 101.00053410
v 89.00725555 -171.22616580 106.71196750
v -10.57075405 -104.81900790 107.19760130
v 66.88954163 -126.46174620 99.32209778
v 38.40497971 -239.86697390 117.43305210
v 78.21682739 -135.80575560 113.17518620
v 72.28321075 -131.61117550 102.20545200
v 27.78099251 -231.68649290 111.85775760
v 27.78099251 -103.03002930 106.66281890
v 89.08599091 -172.14291380 111.68304440
v -42.25731277 -154.02920530 105.65333560
v 58.64716339 -113.60194400 113.17588810
v 71.81466675 -133.62725830 100.89105220
v -34.63149261 -207.37982180 111.17019650
v 63.85210419 -119.22537990 118.04620360
v 87.56765747 -165.99412540 114.11425020
v -44.27429581 -190.53277590 112.85014340
v -40.66719437 -152.73829650 98.48842621
v 45.11090995 -229.06541724 118.52094726
v -41.77931213 -199.31336980 117.66387940
v -40.70975949 -153.34015562 97.95770874
v -22.45665741 -114.57733150 106.20445250
v 51.93064499 -223.31097410 104.25167850
v 88.40208435 -167.48101810 112.52742770
v -0.43783629 -102.37510680 107.50318150
v -17.23012045 -109.96391642 97.95770874
v 3.61298227 -230.33430480 109.14479830
v 73.19714355 -128.71563720 114.15338130
v 83.02230835 -187.48756410 102.37373350
v -13.18060493 -105.46810910 113.80854030
v 72.68074036 -127.27393340 112.46739960
v 55.01748276 -221.37796020 106.97616580
v 59.36908340 -114.57568360 115.29447940
v 64.20761908 -213.25857123 118.52094726
v -1.55513036 -101.49320980 117.58747100
v 52.94067764 -223.47869870 99.20509338
v 73.45148468 -208.84187320 98.40610504
v -4.63595724 -102.94802860 106.96840670
v -40.25673676 -149.25752260 102.22995760
v -9.00586700 -226.16261290 109.92003630
v 86.14061876 -176.49292004 118.52094726
v 31.25030708 -232.52035520 115.15163420
v -43.24183500 -170.00012763 97.95770874
v -39.69633484 -148.24574280 100.90267180
v -44.57089996 -168.02496340 105.90077210
v 17.07492660 -102.79807452 97.95770874
v 86.91732788 -187.88751220 108.80870060
v 85.40478516 -187.12728880 112.66091920
v 9.31683636 -237.98266600 117.05522160
v 40.14695732 -228.33990781 97.95770874
v -45.55970764 -160.56307980 116.05605320
v -34.07514572 -131.60975650 109.68138890
v 46.99027252 -106.30000310 103.14859010
v -30.08267212 -125.84162140 104.44835660
v -39.87503052 -197.24732970 102.98014070
v 75.35692596 -139.59815980 102.34529880
v -42.69109964 -184.29815202 97.95770874
v 35.42060852 -103.45954130 117.66387180
v 17.29799476 -101.75262275 118.52094726
v -16.39799500 -221.50119020 106.01708980
v 83.66761780 -162.21142580 102.99579620
v 89.32141876 -165.49096680 109.70768740
v 38.83776564 -104.68226557 97.95770874
v -42.49699020 -150.88424680 112.05828860
v 64.60393524 -119.42957310 100.29658510
v 64.60393524 -118.81840520 100.30426790
v 85.49355316 -174.58758540 98.18283081
v 20.48515892 -232.11605830 99.51978302
v 7.38321972 -101.88121030 109.75686650
v 44.54411316 -225.73788450 117.00882720
v 86.06051636 -161.10324100 105.45912170
v 43.06235956 -238.30401505 118.52094726
v -7.45537996 -229.40093990 118.42165370
v -35.26426315 -131.30465700 117.46395870
v -43.67317963 -169.71643070 100.28147130
v 10.20987701 -242.42736820 117.73810580
v 10.20987701 -101.27622990 118.16044620
v 81.42137909 -199.00656130 101.47368620
v 29.21278261 -231.36218695 97.95770874
v -1.83814859 -229.36029050 112.43457030
v -47.22575307 -180.36209368 118.52094726
v -29.75253451 -210.16083756 97.95770874
v 73.18093109 -133.67662050 102.38376620
v 3.51813173 -230.04444890 107.42100520
v 37.03851573 -103.74559152 118.52094726
v 22.81524277 -102.91184230 101.46788020
v 54.91346741 -109.06020360 101.93098450
v 33.50744629 -230.25115970 108.26714320
v 62.20631605 -117.80802504 118.52094726
v -39.59270859 -196.12464900 98.81311798
v -14.22109387 -107.74477298 97.95770874
v 2.49386549 -102.10712430 107.98065190
v 76.82546997 -143.57775880 99.32398987
v 76.59351349 -201.14640810 98.93011475
v 64.97792053 -120.04866030 116.91046140
v 83.01342773 -183.75512700 101.46786500
v 73.73747253 -136.67689510 101.78699490
v -28.00519371 -216.00903320 118.34761810
v -20.21427403 -222.04826417 118.52094726
v 71.71045685 -123.17497250 105.57692720
v -40.20077515 -150.92147830 98.73850250
v 61.52423477 -113.97954560 100.26641850
v 74.02655029 -210.14323430 102.07906340
v 29.08000565 -102.98513790 110.94080350
v 72.23612213 -123.62722020 104.52452090
v 34.20233269 -103.99271581 97.95770874
v 83.59814453 -143.83425900 106.66546630
v -14.84806347 -107.62634280 103.60697940
v 84.91346741 -183.83152770 103.70622250
v 54.62535477 -109.00595860 99.93361664
v 70.26429749 -211.28588870 108.64539340
v 1.87226677 -229.52545170 106.66281890
v 21.48785973 -102.46237180 113.51936340
v 63.55607605 -217.90144350 101.18138120
v -7.67496395 -225.59442140 102.76389310
v -41.16122571 -200.65341159 118.52094726
v 53.93546037 -111.11811071 97.95770874
v 44.88625717 -226.39324950 104.17994690
v 24.92533302 -234.30459590 114.91334530
v -28.72373962 -214.47140500 114.75189210
v 38.81504822 -229.40898130 116.31273650
v 44.20408630 -105.70465850 115.48657990
v -42.61800394 -164.48012779 97.95770874
v -43.81270218 -183.27815250 103.20608520
v -33.88661194 -207.13769530 106.46953580
v -41.63034058 -193.37861630 104.41621400
v 14.64870454 -101.52982622 118.52094726
v 54.15511606 -111.49911078 97.95770874
v -46.13265610 -166.03121950 115.33377080
v -37.14701002 -134.63213875 118.52094726
v 82.15931702 -140.20932010 108.19073490
v 33.93662262 -103.53745270 111.15387730
v -42.82108362 -165.94421811 97.95770874
v 86.02925110 -162.17321780 105.33961490
v -40.35100874 -141.77094493 118.52094726
v 81.38278198 -199.91076660 106.34705350
v 80.61666870 -140.74411010 104.62590030
v -37.83045578 -137.75376890 114.06623080
v 0.62215990 -102.41255190 103.35868840
v 76.28745270 -204.08622740 99.02416992
v 64.43527222 -116.37162780 106.50756070
v 30.45485878 -231.11972050 98.46932220
v 30.45485878 -248.31927490 117.81875610
v 30.45485878 -231.11764530 99.32879639
v 32.30887222 -243.99536130 117.14157870
v -16.25133514 -108.55972290 104.82258610
v 76.04237366 -207.83981320 100.57318120
v 63.12458038 -116.62882230 100.11334990
v -44.50780106 -159.13259890 112.09474180
v -35.61258698 -207.72612000 117.75271610
v 36.61203766 -234.82901000 116.45673370
v -17.37387466 -222.10168460 111.47662350
v 27.80009270 -250.49272160 118.20592500
v 18.17417526 -232.06918330 101.60157780
v -29.74901962 -125.69474790 101.18007660
v 42.81311798 -226.62109380 116.44208530
v 86.15275574 -190.82292180 104.84515380
v 33.43430710 -103.69592290 103.37778470
v 33.43430710 -230.93524170 114.66056060
v 33.43430710 -103.74746700 102.23183440
v 84.59042358 -185.74143980 116.13595580
v -36.53385162 -138.85260010 103.01521300
v -38.71157962 -197.87337368 97.95770874
v 30.77954102 -236.08650210 115.66665650
v -45.16816330 -179.03765870 107.72741700
v 79.48853302 -136.95785520 111.39605710
v 87.21720886 -162.74618530 105.92202760
v -46.20096970 -180.01171880 113.27108760
v 78.47734070 -133.63235470 108.81468960
v -25.76223946 -217.28546140 115.56480410
v 24.09756470 -233.40191650 114.48193360
v 44.07884598 -226.27832030 110.69271850
v -46.71274185 -176.13461300 114.91845700
v 20.50425911 -102.72752380 105.24950410
v 42.09640503 -227.61877440 117.05498500
v 83.61280823 -197.25039670 103.59590150
v 45.21527863 -226.21809390 105.17309570
v 73.57470775 -136.14677012 97.95770874
v 79.90024759 -194.74805001 118.52094726
v 79.22261047 -196.13937380 99.64304352
v 55.32229431 -113.00511430 97.95770874
v 59.40130615 -115.15430450 117.83240510
v -32.13282249 -125.63973363 118.52094726
v -10.31979465 -103.83001710 114.77848820
v 89.34997559 -170.86694340 110.92423250
v -40.20417993 -151.40937309 97.95770874
v 17.00744247 -102.34732060 110.03472900
v 76.20022583 -202.94497680 114.29606630
v 10.83921719 -102.01500700 109.66232300
v -41.35168457 -151.75057980 104.05780030
v 77.23573303 -131.74725340 108.80928040
v 88.82971191 -182.07441710 107.57958220
v -42.25539017 -153.43106080 106.51428990
v 33.69231415 -230.13928220 111.17018130
v 75.20348983 -202.31526760 118.52094726
v -14.47137737 -222.20132450 103.53163910
v 21.83164215 -102.42008970 114.65576170
v 82.40593719 -193.91552730 112.39498900
v -34.88777161 -133.39482120 108.81468200
v 26.25078583 -231.91233830 110.38877110
v -35.39761353 -207.60357670 116.09276580
v 62.84939575 -115.16705320 106.54290770
v -42.07765961 -196.21229550 111.66839600
v 50.74557495 -107.44071200 99.32541656
v 66.71276855 -211.53730770 117.32572940
v -8.43473353 -104.57392549 97.95770874
v 81.69694519 -188.74145510 99.93996429
v 82.73245239 -198.63650510 105.14253230
v 1.58905911 -230.20266720 111.32679750
v 78.09447479 -204.22778320 100.21800230
v 85.82315063 -150.59919740 107.27400210
v 11.70915127 -102.14890290 107.38858030
v 84.06745911 -160.52371220 104.28462980
v 48.48737335 -107.08361050 109.87110900
v 23.15902519 -247.25051880 117.24507140
v 83.29748535 -182.76638790 99.94267273
v -28.16546249 -122.71685790 103.11038970
v 40.15257911 -104.43953069 118.52094726
v -39.14597321 -198.88874820 103.26318360
v 71.14850616 -131.35498050 101.77320100
v 11.88104248 -231.41755680 98.41201782
v 41.67436600 -229.13153080 117.34941860
v 71.97560120 -207.47567750 115.07118230
v 11.24273720 -102.46443269 97.95770874
v -35.66527176 -132.20904540 116.96846010
v -45.97866440 -180.17669680 112.20271300
v -8.42194120 -102.49338967 118.52094726
v 31.64155960 -231.56997680 114.61776730
v -41.95994568 -155.14971920 102.61701200
v -26.17231560 -213.84216310 98.79538727
v 39.90632248 -237.63635250 117.49291990
v 84.14771512 -160.63261076 97.95770874
v 7.45814840 -101.12963722 118.52094726
v 78.96054840 -146.79135130 103.29335780
v 2.93485880 -101.73397060 112.69393920
v 74.60045624 -137.87582400 102.15634920
v 84.39088440 -148.84472660 112.46611020
v 82.09254456 -154.99977110 99.11786652
v 25.48910904 -237.00326540 115.32182310
v 25.48910904 -231.92454530 101.16228490
v 25.48910904 -103.06890870 100.83760070
v 25.48910904 -102.76634980 110.32986450
v 25.48910904 -232.05041500 110.36803440
v 25.48910904 -102.81075290 109.10749820
v 25.48910904 -231.91271970 102.23183440
v 43.45846072 -237.29718344 118.52094726
v 65.35537720 -119.28984070 112.45841220
v 37.73785400 -229.15089420 115.47689060
v -34.83277512 -207.01144410 110.48712920
v 13.20842552 -102.14321900 109.41308590
v 10.55365944 -102.09315490 107.19760130
v 84.45533752 -190.09092710 111.99642940
v 2.79945016 -102.21758270 103.75975800
v 71.09061432 -123.34439090 107.98594670
v -8.74009800 -103.29361720 114.25959780
v 38.85477688 -104.11657618 118.52094726
v -35.76909256 -135.80737300 106.85157010
v 62.60701752 -218.50981140 100.84013370
v -36.60529096 -201.94192739 97.95770874
v -6.10680008 -103.18832400 107.69728850
v 79.90265656 -137.19218440 104.78321840
v -11.60067272 -104.40051270 115.07783510
v 79.88104248 -136.26725770 105.13388060
v 82.18594360 -145.09867860 105.00563810
v 68.29169464 -126.11189270 101.13665010
v 47.95784760 -106.92079160 110.80730440
v 48.71353912 -107.23583220 110.78820040
v -32.99738312 -209.93775940 115.21632390
v -4.96238279 -226.14834590 98.26648712
v -7.00052935 -225.18777706 97.95770874
v 35.35669817 -103.43152317 118.52094726
v 70.91850041 -131.67659193 97.95770874
v 86.34765625 -174.74038700 118.31753540
v -7.91146183 -225.76954650 104.97771450
v 11.16153145 -236.54846190 116.44287110
v -22.62619591 -115.32144930 100.08882900
v 54.40940857 -219.76092530 118.23686220
v -43.44566727 -163.99667360 102.31909180
v -39.30247879 -203.45477290 118.12225340
v 85.13665593 -158.95910796 118.52094726
v -9.02280903 -104.70918270 100.13095090
v -6.15429831 -227.82180790 112.48011780
v 12.08569145 -233.75300600 114.86549380
v 26.08357433 -103.25512095 97.95770874
v -27.75817671 -122.71038883 97.95770874
v 75.10450745 -140.46163940 99.92257690
v 57.05394745 -112.32442470 98.70815277
v 64.80230713 -217.09124760 101.46675110
v 53.74248505 -108.76853940 103.76255800
v -26.68785095 -120.44127660 103.45417020
v -9.94534599 -105.29519046 97.95770874
v 56.86598969 -220.41482540 107.00692750
v 66.65641785 -214.34172060 107.63838200
v 73.07633209 -136.13565060 100.24552920
v 61.47059513 -117.13592641 118.52094726
v 84.43835449 -177.03227230 103.34603880
v 84.44491577 -163.35890200 104.24467470
v 18.19327545 -232.07550050 105.82244870
v 82.11840057 -144.49816890 114.55944820
v 80.09138489 -200.70191960 100.84943390
v -41.99757767 -189.33929440 99.85817719
v 40.91268921 -240.91491700 118.23568730
v 87.09138489 -174.20561220 105.32920840
v 81.42909241 -139.75479130 105.41655730
v 86.22305337 -168.08562653 118.52094726
v 72.91925049 -209.48532100 107.15434270
v 71.05085754 -208.63157650 114.41088870
v 22.17542458 -102.85394290 102.58518220
v 10.78527546 -232.64598080 113.28693390
v -21.73300934 -113.36949160 110.46353150
v 84.74595642 -146.75601200 108.19073490
v -12.57565638 -106.74170916 97.95770874
v -18.42801094 -109.20470430 117.48434450
v 37.47289658 -229.08047490 104.52375790
v -29.74081734 -210.17300035 97.95770874
v -30.21660614 -125.71000670 106.58537290
v -45.83316422 -185.94918820 115.30513760
v 44.28474426 -233.69912720 118.49427800
v 78.82353210 -201.73324580 109.42849730
v 62.20427322 -113.50740050 102.09540560
v 83.98910522 -179.09497070 102.69022370
v 11.94148922 -231.61724850 106.66281130
v 57.32583226 -116.65179605 97.95770874
v -27.61143494 -215.08377080 112.42925260
v 31.38866234 -103.16458130 111.89449310
v 43.84051514 -105.55644230 113.21379090
v 73.97135162 -204.17822270 117.75759890
v -34.39896774 -204.98385620 98.55539703
v 75.57112122 -203.31816100 115.29349520
v -3.91943622 -101.74745180 117.51688390
v 81.50280762 -139.13516240 108.81012730
v -26.76658630 -214.31494140 104.82932280
v -27.37475014 -215.88372800 115.29559330
v 74.51670074 -127.24623110 103.90592960
v 64.23148346 -118.12319950 112.00917050
v 7.99438906 -102.27374270 99.25240326
v 7.99438906 -230.86161800 105.03941350
v 88.45031738 -161.46002200 107.25754550
v 82.03696442 -189.99244690 101.74356840
v 40.76834106 -104.91172790 104.67652890
v 40.76834106 -104.94686890 103.45418550
v 40.76834106 -104.88362120 106.35723110
v 40.76834106 -104.64243320 115.06639860
v 40.76834106 -104.99420170 98.56480408
v 45.88409402 -226.38354238 118.52094726
v -27.96776390 -122.51896670 101.84551240
v 63.37370682 -214.19313050 117.54858400
v -40.12860870 -200.24002080 111.94094090
v 75.63287354 -131.79800420 103.28672030
v 74.56726074 -208.06065370 98.99826813
v 65.79921722 -116.80849460 104.45920560
v 84.64869690 -176.42109680 103.60697940
v -28.13613510 -214.61477660 112.64653780
v 35.15853882 -103.90119930 106.22353360
v 26.88528442 -250.88227840 118.25695800
v 83.63094330 -180.39370730 101.77346800
v 30.72636986 -102.90098570 116.47972110
v -41.92945862 -191.66560360 102.99911500
v 11.76747322 -238.62753300 116.71398930
v 84.90303802 -168.09393310 104.21813200
v -44.33721542 -158.54440310 111.85775760
v 51.95745850 -108.56115720 108.61610410
v 80.82083130 -196.97167970 100.92042540
v -30.79090118 -209.29144290 99.48101044
v 7.21606970 -230.88226320 107.34245300
v 56.47752762 -218.78305050 117.66387940
v -10.57954758 -103.36969682 118.52094726
v 75.69925690 -137.59828190 102.72636410
v 64.33993530 -214.27983090 114.34242250
v 84.21372986 -183.64801030 103.26006320
v 76.23341370 -200.86219790 98.11038208
v 73.94296635 -131.63133077 118.52094726
v 38.53715515 -228.61428830 108.93560030
v 88.59620667 -161.44744870 107.57958220
v -43.35790789 -196.42849972 118.52094726
v 84.45957947 -173.98773190 102.06680300
v -10.59184837 -104.07804870 113.84404750
v -9.91551685 -104.09576420 111.51357270
v -37.69555653 -200.00296786 97.95770874
v 89.86830139 -173.97642520 108.80191800
v 81.12187195 -190.93505860 100.85317230
v 69.25463867 -210.94598390 112.33528140
v 63.99277115 -116.67931370 100.39385990
v -42.77583301 -183.73036308 97.95770874
v 87.09292603 -188.95007320 106.66281890
v 84.48852539 -169.25550840 103.00756840
v 81.15274811 -199.19406130 107.94445800
v -43.50587845 -159.45584110 106.40578460
v 88.14155579 -160.84490970 106.95510860
v -31.15688133 -209.84130860 105.02295680
v 63.37814331 -118.14874270 115.17021180
v 85.03387451 -167.03718570 99.32542419
v 82.44915771 -140.82049560 108.19073490
v 84.03387451 -157.09288020 104.86370850
v 74.31031099 -204.23052596 97.95770874
v 39.43140411 -104.30939480 115.10459140
v 32.98987579 -103.56459810 107.57551570
v 86.62785339 -159.72299190 114.00057220
v 85.33745467 -168.14297988 97.95770874
v -2.63151557 -232.30179918 118.52094726
v -46.77852613 -166.25610050 118.52094726
v -4.68737221 -102.70372010 111.01737980
v 40.35749435 -227.80868530 115.81218720
v 41.11706683 -105.07693109 97.95770874
v 33.06927419 -103.84103274 97.95770874
v -16.92682181 -109.71704898 97.95770874
v -10.13724613 -223.91928100 99.37105560
v 54.19944763 -222.09863280 104.68928530
v 84.36502075 -182.70910640 103.37139890
v 79.71852603 -141.83311784 118.52094726
v 72.51091003 -124.67087550 107.27400210
v 16.20697403 -102.73503880 98.22103119
v 84.41094971 -174.28201290 102.38464360
v 87.21720123 -176.26831050 105.22060390
v 87.21720123 -163.73933410 105.83509830
v -36.87060165 -203.18910220 105.13489530
v -25.67048645 -216.96517940 113.65306090
v -36.45048005 -140.63438800 97.95770874
v 21.15305275 -232.09848243 97.95770874
v 28.54747963 -241.11213680 116.11613460
v 44.40129852 -105.74043270 108.70641330
v 10.74465084 -101.27438350 118.42782590
v 79.23109436 -202.39399720 100.60851290
v -4.76376772 -103.35128780 98.56481934
v -28.65485764 -124.08236690 98.97812653
v -0.22467780 -101.68442540 115.38612370
v 61.72588348 -116.58881380 114.93107600
v 83.91114044 -185.74819950 118.21348570
v 44.74093628 -105.77789310 104.40914150
v 78.50704956 -134.57301330 110.29983520
v 41.10565948 -105.06006620 100.09275050
v 56.57806396 -219.52450560 113.10087590
v 78.76332092 -148.29055790 100.85669710
v 3.26390076 -229.53707890 100.24707790
v 82.65619260 -188.86406212 118.52094726
v 89.38740540 -165.37574770 109.26274110
v 78.81581116 -204.53479000 103.93284610
v 82.17783356 -146.02542110 116.31011200
v 72.63055420 -134.93418880 101.18599700
v -25.71274948 -215.31697080 105.51855470
v 41.69693756 -227.30894470 116.42009740
v -41.15234756 -191.79022220 98.94329834
v -26.47423172 -214.47839360 104.28529360
v 45.33684540 -105.98794560 109.06874080
v 85.80075836 -192.32800290 105.44187930
v 84.76988220 -170.33877560 101.45938110
v 68.28628540 -127.66797640 100.54010010
v -43.56466116 -195.95172946 118.52094726
v 80.14502716 -193.52215580 99.92685699
v 60.04776764 -111.93612670 102.03684230
v -20.18139076 -218.65994260 102.29955290
v 76.79419708 -200.96641540 99.03153229
v 9.45007420 -240.01809690 117.43841550
v 38.78203964 -104.64885710 101.58248140
v 38.78203964 -230.66238400 116.58442690
v 84.04776764 -191.82138060 103.04850010
v -46.38063812 -178.56280520 113.70752720
v -45.42184132 -190.37829043 118.52094726
v -21.30393028 -217.94306950 102.42636870
v 66.79612732 -124.99758150 100.54637150
v 43.85131836 -225.94570920 116.15962980
v 86.14039612 -183.33496090 104.37438200
v -33.11413956 -130.20564270 108.58074950
v 86.92619324 -154.51741030 107.57958220
v 83.32565308 -142.68396000 107.27400210
v -6.57662916 -228.79650880 116.58108520
v 85.88026428 -191.98123170 106.66281890
v 62.54159164 -115.12233730 100.27558140
v 58.67628860 -112.42243960 107.46662900
v -0.10360260 -102.37667080 106.51002500
v 86.14309692 -185.13026430 104.37309270
v 55.63151932 -219.90316770 114.22558590
v 76.39203644 -134.47702030 116.26771550
v 24.84929085 -246.89654540 117.18198390
v 85.60971069 -162.98081970 105.09481050
v 71.45262909 -210.33436580 108.45733640
v 78.13730621 -205.21955870 100.85553740
v -47.35102147 -171.62275743 118.52094726
v -32.18727875 -126.08446500 117.19895940
v -3.15548611 -230.36434940 116.75007630
v 85.11299133 -192.54026790 108.03478240
v 51.38161469 -108.05622860 106.62235260
v -37.07428035 -142.31222369 97.95770874
v 77.92503357 -204.69017030 100.24770360
v -12.66141891 -224.15774540 109.09665680
v 7.00728893 -233.68630980 116.15878300
v 56.61280829 -115.20167753 97.95770874
v 80.26544189 -150.26632690 98.67544556
v 72.79303741 -209.89422610 106.39640810
v 34.65370941 -229.94027710 113.54898070
v 82.16602941 -190.01521192 118.52094726
v 48.61357117 -223.28289790 116.28872680
v 71.81465149 -212.20054630 100.55112460
v 79.27200317 -197.81204220 100.08559420
v -42.53058243 -161.58227540 99.71119690
v 74.66876221 -206.05509950 111.29679870
v 64.08404541 -123.43125920 98.41275024
v 86.09366333 -176.87948610 118.52094726
v 33.68651581 -103.26208500 115.98294070
v 29.93916989 -251.23342330 118.52094726
v -15.29770947 -223.77197270 113.99685670
v -16.40524483 -223.92941280 116.82977290
v 48.90727997 -106.93408970 98.70897675
v -38.11336899 -145.11511230 98.04776764
v 82.15699005 -145.40426640 115.52475740
v 86.56494141 -177.79623410 104.84983060
v 12.32249661 -102.52099569 97.95770874
v 83.22067261 -147.67158510 114.92749020
v -41.53887939 -196.19442750 109.09977720
v 77.29361725 -132.21875000 109.49790950
v 29.15612221 -240.13549800 116.00440220
v 84.48620605 -174.08111570 102.96424100
v -29.87475395 -210.20393370 99.05741882
v 58.84330813 -114.80929647 118.52094726
v 36.05316925 -229.40829470 113.99459080
v 78.86328125 -201.32624820 100.15365600
v 86.06243133 -166.26079456 118.52094726
v -39.44818115 -199.27828980 105.89852910
v -45.13864899 -158.22261050 116.15134430
v -43.16469955 -153.84970090 110.95301820
v -7.91026115 -103.41748050 111.09378050
v -42.01321411 -159.89218140 98.52350616
v -37.27033795 -142.84453649 97.95770874
v 82.53406525 -147.53900150 117.21177670
v 77.09523773 -130.79315190 107.27400210
v 44.96883774 -226.41198730 102.53942110
v 44.99571518 -229.85885059 118.52094726
v 56.94818878 -110.07328800 100.85031890
v 84.78068542 -150.08511350 112.41177370
v 65.21295166 -121.00115200 100.47647090
v 54.37003326 -110.66079710 114.00620270
v 2.35873342 -101.96882630 110.57722470
v 83.30094910 -188.15075680 117.39672090
v 40.08848190 -228.08506770 106.58642580
v 60.06976318 -218.24331670 109.07203670
v -6.75006914 -103.39439390 107.08300780
v 78.65447998 -196.71923830 98.38298035
v -44.85073090 -189.74676510 114.67231750
v -44.03675842 -156.98646550 111.84272000
v 83.58346558 -183.44955440 102.64564510
v 83.32333374 -160.27575680 100.85669710
v 70.67686462 -212.99372860 98.73437500
v 83.60778046 -151.21037290 105.11341090
v 72.22877502 -133.37014770 101.78994750
v 82.82005310 -158.53549190 103.00203700
v -16.38112450 -109.00112920 101.18336490
v -27.29679298 -215.33062740 112.24160770
v 27.13151550 -238.60751340 115.63496400
v 84.62167358 -171.30255130 102.07906340
v 4.15397182 -238.58775132 118.52094726
v 77.41079102 -199.25823398 118.52094726
v 60.02016830 -113.15953060 106.66281890
v 60.02016830 -115.76255800 99.13563538
v 86.21951294 -181.41685490 115.41035460
v 44.84533310 -225.57759090 117.09145360
v -43.71410370 -192.34970090 112.69812770
v 5.63911486 -232.38088990 115.23088070
v 6.12083006 -231.76690670 113.49190520
v -37.57594050 -143.67263169 97.95770874
v 65.12688446 -123.38542180 99.99184418
v -40.20715714 -146.63125610 107.40962980
v 71.25712958 -132.16218903 97.95770874
v 43.21102142 -226.22142030 115.52641300
v 67.97250366 -122.47810360 114.72622680
v 64.63672638 -121.80306240 100.24909210
v -32.16778946 -128.55139160 108.56115720
v 18.88084030 -102.53485110 108.63001250
v 63.88836670 -115.26592250 104.45497130
v 78.31677246 -201.87384030 110.55580140
v 15.82950974 -231.91654970 99.92303467
v 79.85556030 -137.98806760 104.54984280
v -21.37593026 -111.94621465 118.52094726
v -32.38662338 -131.12969970 99.11257172
v 83.48234558 -150.29362490 105.15981290
v -43.41041602 -175.76254301 97.95770874
v 7.76206398 -240.37274170 117.88122560
v 82.21948990 -188.75614272 97.95770874
v -26.76292801 -120.68807220 101.94447330
v -24.66637761 -118.15383212 97.95770874
v 2.56317759 -235.78466800 118.31097410
v 66.24652863 -123.71376800 100.55617520
v 66.49623871 -117.26387020 103.60406490
v -28.91171265 -215.16348270 118.43437960
v 66.65944895 -122.18521073 118.52094726
v -28.03415489 -213.85850520 108.53833010
v 44.59349823 -105.79345700 109.64228060
v 85.44537407 -176.87948610 97.95770874
v 43.03965759 -105.34720610 111.01739500
v 71.13035583 -124.54218290 110.72538760
v 38.18477631 -228.91917420 115.51912690
v 84.96241215 -182.06309756 118.52094726
v 86.65061951 -158.39160160 106.02325440
v 77.10990143 -131.75314330 104.19470210
v -23.50096321 -217.05697630 106.20005800
v 39.72163391 -227.87261960 114.60801700
v -9.38773441 -226.18624880 110.99971770
v 80.19866943 -149.59835820 103.59583280
v 12.94432831 -240.40704350 116.83438110
v 87.43255615 -162.95980830 113.41661070
v -4.10285249 -103.23606580 97.95770874
v 75.34841919 -202.85417180 98.35963440
v -26.16422081 -215.93150330 110.44941710
v 84.13421631 -165.42721560 102.09409330
v -2.56597185 -227.72964480 102.72768400
v 70.98639679 -131.97621150 101.17736050
v -13.17819585 -104.85906790 118.52094726
v 77.59769151 -137.67593561 118.52094726
v 74.58500671 -208.63613890 99.34737396
v 1.29478719 -101.12031008 118.52094726
v 60.97057343 -114.65858460 109.44801330
v 84.65332031 -147.92532350 106.36521150
v 22.53830719 -102.82396700 104.52373500
v 68.96401215 -128.44638060 100.85440060
v 69.09315135 -129.16569700 97.95770874
v -25.73678017 -119.09115600 103.26293180
v 88.03502655 -160.07232670 106.96839900
v -40.02688961 -140.97842803 118.52094726
v -26.03888321 -117.58630370 117.49198150
v 36.89010239 -229.27954100 102.61382290
v -34.00607681 -208.02296450 111.20838170
v -32.52560321 -211.21286155 118.52094726
v 5.78283072 -231.57376100 112.92893220
v 33.39511871 -103.52604680 109.89174650
v -35.16142273 -134.73696900 106.28276820
v 73.36231232 -126.30039980 103.28343200
v 40.01956416 -104.40618129 118.52094726
v -36.11491776 -139.43823240 98.80213165
v 16.89453888 -102.16961670 113.17559050
v 74.12649536 -127.58845520 103.28047940
v -3.96160960 -103.03016660 102.46104430
v 57.11337280 -221.69000240 98.18424225
v 8.64294720 -233.78892520 115.81327820
v 34.41368640 -249.18124144 118.52094726
v 82.91885376 -185.26657100 101.80979160
v -25.22143936 -217.12773130 112.77045440
v -42.12051392 -198.72682190 117.80845640
v 8.76821568 -244.32415561 118.52094726
v 19.53054272 -232.07178398 97.95770874
v 43.61568832 -228.36578370 117.91654210
v 72.11337280 -210.91386410 98.36859131
v -27.35716544 -122.07230326 97.95770874
v 55.41744192 -111.91754588 118.52094726
v -7.07178688 -103.56835940 106.05163570
v 46.11723328 -225.84216310 105.14554600
v -42.11781056 -161.19277932 97.95770874
v 87.87485504 -158.99133300 110.33370970
v 77.29013824 -205.84239200 100.23541260
v 68.04891968 -211.23648070 114.72750850
v 43.44934464 -227.12954710 100.06100460
v -36.96135872 -201.35335476 97.95770874
v -38.93988800 -142.09724430 110.06986240
v 58.49971008 -220.88542180 99.33970642
v -11.28695488 -226.66809080 116.63908390
v 45.38006592 -225.78681950 117.95989230
v -19.28232384 -220.98959350 111.66870120
v -43.92580032 -153.82510380 114.97035220
v -30.72944832 -124.63928990 113.84126280
v 72.64574784 -205.36240264 118.52094726
v 83.06204224 -197.85299680 105.67947390
v 86.65872192 -153.34947200 108.19073490
v 75.07130432 -140.77621460 100.85669710
v 23.82805824 -240.96620180 115.85816190
v 72.07041856 -133.39780424 97.95770874
v 46.75388224 -226.16200629 97.95770874
v 85.41750336 -171.14598080 98.50354004
v -45.80326080 -167.63565060 112.55288700
v -3.77370048 -231.26753230 118.26251980
v -38.07458496 -201.94064330 106.64420320
v -29.00636864 -123.88902280 104.94149020
v -10.34499264 -104.90455630 104.94390870
v 40.34514496 -243.21818588 118.52094726
v -29.57323456 -125.08908080 103.22650910
v 71.50820160 -122.73192600 104.52401730
v 29.17522240 -103.43826290 98.31653595
v 87.21719360 -159.69033810 106.23083500
v -44.09793472 -173.45495610 101.61912540
v 72.56532288 -208.49662780 110.74037930
v 54.10777664 -221.82171630 107.15243530
v -2.62344384 -228.22935490 107.38906860
v -43.97925568 -179.06579590 101.84799190
v 18.89994049 -102.38183590 111.59037020
v 18.89994049 -232.08978270 100.47473140
v 17.89723969 -232.04583740 104.81021120
v 87.73436737 -185.65502930 108.79155730
v -31.75675583 -127.57609560 109.54258730
v 74.05702209 -207.59841920 98.42801666
v 26.38353729 -233.42439270 114.75454710
v 42.77083969 -226.97921750 108.80192570
v 26.02181185 -103.25117331 97.95770874
v -8.29742527 -103.45655820 111.77052310
v 71.78955841 -133.05116270 101.47771450
v 11.43221569 -232.53459170 112.46894070
v 11.43221569 -231.47251890 102.23183440
v 11.43221569 -101.88912960 112.46894070
v -11.56035519 -226.87783810 117.60884090
v 74.15814209 -138.53048710 100.24362950
v 51.61375809 -107.80042270 99.30784607
v -39.07624639 -147.91996454 97.95770874
v -32.61697983 -131.85163007 97.95770874
v 40.17126465 -242.29411320 118.26753230
v -16.69693375 -109.33210750 100.15930180
v 84.76331329 -171.68453980 101.43608860
v 71.90843201 -206.49246220 117.73614500
v 12.83625793 -234.00271610 114.95743560
v 85.04776001 -194.17187500 105.74605560
v 29.82516289 -232.78742980 114.98107150
v -8.46487999 -227.61390690 115.49981690
v 61.33490753 -114.59889220 99.81817627
v 86.62591553 -156.55810550 106.28017430
v 67.30789185 -118.11692810 102.96603390
v 71.70079041 -131.34736630 102.04968260
v -43.58095551 -185.47851560 103.81077580
v 19.55513409 -232.07229795 97.95770874
v 75.29940033 -131.80575560 103.13484190
v 69.10102081 -213.17884830 105.32147220
v -6.76606655 -229.75085450 118.40097050
v 68.11144257 -214.67868040 102.35054780
v -14.23190975 -105.77990720 116.86151890
v 80.97944641 -201.80270390 102.99211120
v 43.22549057 -227.00968930 117.34227750
v 73.01881409 -135.93113710 99.93996429
v 21.55470657 -102.23130800 116.84259800
v 21.55470657 -232.43185420 109.68047330
v 63.09735489 -114.24022670 102.05183410
v 58.85980225 -114.79019170 118.35143280
v 36.36391745 -247.65127666 118.52094726
v 84.09445953 -179.76464840 99.91776276
v -9.07477951 -104.38408660 104.29453280
v 2.54541890 -236.47159300 118.52094726
v 4.67338562 -233.39392090 116.58850100
v 87.18978882 -185.20666500 105.16001130
v 60.64443970 -116.12307740 117.29312130
v 88.23185730 -184.66127010 107.88516240
v 37.84648514 -229.46020510 115.85116580
v 82.85401154 -189.53352360 117.01226810
v 15.83427906 -237.52030940 115.81321720
v 82.32448578 -198.89421080 102.38835910
v 37.00307266 -246.95328089 118.52094726
v -47.11434174 -179.62974550 117.59811400
v 50.08866882 -107.09708400 101.46788020
v 83.88951874 -163.27871700 101.46987150
v 26.89878082 -240.21736150 115.84445190
v 55.25424194 -220.54423520 111.55142210
v 82.07747650 -141.88894650 105.39209750
v 84.78805314 -180.40395855 97.95770874
v -38.71584702 -198.88943480 100.70013430
v 0.73356098 -102.28754430 107.30787660
v 81.32255554 -196.59562680 111.40342710
v 66.64250946 -119.74029540 100.73358150
v 61.23185730 -215.91477970 116.82536320
v -43.43699646 -193.53349300 113.30677800
v 45.87350082 -225.67880250 108.56376650
v 88.32641602 -164.35050960 111.85775760
v -14.90848446 -223.12875370 109.88662720
v 11.60410690 -231.49301150 101.25778960
v 79.27199554 -144.48751830 103.83547210
v 79.27199554 -145.55706790 103.75294490
v 79.27199554 -145.09867860 103.79881290
v -37.20774078 -201.94601440 101.85014340
v 83.45455170 -143.87634280 106.35726930
v -9.67078590 -104.35436250 107.78930660
v 12.51905346 -233.42689510 114.33503720
v 79.56763458 -197.13938900 100.22669220
v -31.83371198 -130.29106383 97.95770874
v -37.67358398 -200.48374940 99.46696472
v 19.91422786 -251.78602473 118.52094726
v -23.30413246 -218.22505190 111.30606080
v 68.81001282 -213.82128910 103.68675990
v 78.35404098 -197.72487295 118.52094726
v 72.67338562 -210.71743770 104.27720640
v 63.66219330 -118.06071470 113.69261170
v 52.69017410 -108.38391110 104.35462950
v 66.48812866 -215.07902530 105.30725100
v 72.69963074 -210.22094730 98.44334412
v 84.02228546 -189.91516110 113.25679020
v 79.67531586 -203.58415220 102.11616520
v 75.03733826 -203.99317930 98.42645264
v -38.41268158 -142.99949650 104.75975800
v 1.38937155 -101.11457859 118.52094726
v 19.56840515 -102.50862120 109.78551480
v -43.58404541 -163.79904170 103.16732790
v 74.00067139 -134.17404170 102.54551700
v 59.89145155 -115.72818925 118.52094726
v -9.02292669 -102.70706084 118.52094726
v 76.83972931 -144.46324160 100.85669710
v 14.77976899 -102.64494684 97.95770874
v 37.54698563 -229.04878230 101.46788020
v 16.91363907 -102.22385410 112.39254000
v 70.65447235 -122.99601750 102.67983250
v 84.58152771 -172.60130310 102.99579620
v -39.66162109 -145.03939820 107.79794310
v 85.54884675 -172.71283550 97.95770874
v 76.87060547 -203.39627080 111.32965090
v -36.31465149 -202.69534300 99.44593048
v 46.72471619 -224.70108030 113.76766200
v 67.35613251 -126.79460140 99.98334503
v 83.09329987 -146.39227290 105.37854000
v 88.20445251 -184.38058470 108.50469210
v 85.31497283 -167.94153300 97.95770874
v 88.47577667 -177.94903560 106.01907350
v 54.18013763 -110.97013090 118.02626040
v -36.39126205 -204.84002690 108.80203250
v -44.03406525 -183.02937320 104.14174650
v 56.79766083 -221.32113650 101.40704350
v -27.98167229 -122.80326840 99.70021820
v 67.35420227 -120.04074100 100.98869320
v 45.42521667 -106.20768740 117.93125920
v -35.51303101 -134.96557620 107.78900150
v 83.85555267 -180.54612730 99.93969727
v 67.21795907 -126.81963917 97.95770874
v -40.74865341 -144.11022950 115.79837040
v 75.37851715 -131.00363160 112.47036740
v 19.87674435 -251.77750602 118.52094726
v -19.30722237 -111.45766450 102.30824280
v 70.22413635 -212.32702640 105.39463810
v -12.94300605 -222.26343644 97.95770874
v 87.23532867 -188.43708800 106.65354160
v -19.48283581 -112.04987658 97.95770874
v 26.58242371 -231.75357045 97.95770874
v -33.02190781 -207.07943730 101.17336270
v -43.17146301 -165.18185420 100.22669980
v 37.25694275 -239.22648620 117.07809450
v -43.70098877 -174.05282590 99.48159027
v 37.26350403 -103.80592350 117.66387940
v -43.17339325 -188.45822140 104.81839750
v 65.88835907 -212.68183900 115.81977840
v 64.32139587 -213.94216920 115.67427060
v -10.10782909 -225.26087950 108.11785890
v 86.77604675 -166.16403200 116.34046170
v -35.53378749 -138.30779917 97.95770874
v 81.14849091 -191.54754640 101.10827640
v -14.89910205 -225.35037165 118.52094726
v 58.18862915 -117.59127810 98.10491943
v 11.07351875 -231.94125370 109.70227050
v 56.89302339 -115.84367236 97.95770874
v 80.14849091 -197.48649600 113.38494110
v -29.95919037 -122.48541260 118.42782590
v -46.93101501 -175.42794800 115.91233060
v -32.76737213 -129.34730530 109.33407590
v 79.62359619 -196.51997380 100.20482640
v -44.43144637 -193.69995149 118.52094726
v 74.49739075 -138.05638120 98.19757080
v -32.27451324 -208.71447750 105.51557160
v -4.98924732 -229.29922490 116.14343260
v 17.60757828 -233.20074460 113.42128750
v 28.39024964 -102.50603085 118.52094726
v -20.84234428 -112.47492980 109.56587980
v -26.39782332 -120.60656281 97.95770874
v 79.16888900 -196.21253155 118.52094726
v 27.20802116 -102.83028410 111.32298280
v 85.57766724 -162.21141050 118.42782590
v 6.62055492 -237.30496220 117.57054900
v 9.29312325 -237.23245240 116.92578120
v 9.29312325 -102.02791600 106.66281890
v 9.29312325 -231.17733760 106.35722350
v 9.29312325 -231.02378850 99.02320862
v 9.29312325 -231.11410520 100.70390320
v 9.29312325 -101.59464260 114.76081850
v 9.29312325 -231.13230900 101.46788020
v 9.29312325 -101.82510380 111.62857060
v 9.29312325 -101.74984740 112.63777160
v 9.29312325 -241.66342160 117.77542110
v 61.64002116 -121.02888018 97.95770874
v 29.77315140 -238.06935120 115.78925320
v 67.28858948 -120.37403870 100.87247470
v 82.50935364 -155.78511050 103.92606350
v 68.82544708 -129.03298950 99.32879639
v 20.87472708 -252.02503116 118.52094726
v -43.95282364 -168.35299680 102.34185030
v 77.35497284 -199.56204220 99.08251190
v 45.04245060 -106.06696960 118.52094726
v 87.92463684 -181.87928770 111.25807190
v 22.50925636 -235.94602970 115.13558960
v 75.56917572 -204.98318480 98.77361298
v 89.00144196 -167.25355530 106.99756620
v -1.38646460 -229.06597900 110.31169130
v 85.10140228 -148.07821660 108.80191040
v 45.52421188 -225.12461850 117.05593110
v -29.03609276 -124.86571500 98.39266205
v 79.71043396 -135.01438900 106.05163570
v 82.81618500 -185.00460820 101.46886440
v 3.98359108 -101.59317020 113.86315920
v 57.17261124 -113.69985960 98.42410278
v -3.23584700 -101.90336610 116.13593290
v -3.23584700 -102.70436100 107.42678830
v 86.17627716 -157.05113220 113.80772400
v -8.78536892 -226.92616270 113.27859500
v -42.69172668 -187.07965090 100.85635380
v 88.77874756 -165.11447140 106.92517090
v -19.55616188 -110.89007570 112.12515260
v 24.87793732 -102.71260070 111.70496370
v 24.87793732 -231.96929930 102.53742980
v 24.87793732 -102.57100680 114.53161620
v 89.60198212 -171.07337950 107.57958220
v -36.47289276 -205.16943360 110.32984160
v -18.36723900 -219.77682500 102.23040770
v -38.25019836 -202.37358090 108.94396970
v 67.63435588 -127.30591025 97.95770874
v 87.53829956 -160.75097660 106.34677890
v 82.67029572 -142.75325010 105.71289830
v 84.18090820 -164.41459660 103.61307530
v -13.82092476 -222.27917480 101.30997470
v 78.76446533 -133.48646550 107.57958220
v 20.99188805 -232.80572510 112.52117920
v 89.08905029 -168.70764160 111.22011570
v 69.51938629 -214.20677190 98.79136658
v -5.79588795 -228.59188840 115.06240840
v -46.62283707 -169.08236690 116.16905210
v 81.90379333 -193.34506230 114.59223180
v 75.99179077 -207.82403560 103.60697940
v 61.31830597 -218.49656680 104.35607910
v -23.05470651 -116.05257732 97.95770874
v 76.95391813 -199.92527015 118.52094726
v -5.90062267 -103.67728603 97.95770874
v 35.17145157 -230.94807430 115.51653290
v -39.23090363 -145.36943050 104.34655000
v -41.80056763 -191.16192630 101.50898740
v -29.80616379 -122.74926760 116.37545780
v 6.36973381 -230.31364440 98.77516174
v -30.58076859 -127.57651520 99.39521790
v 51.69904709 -108.08140560 98.77742004
v -42.41326523 -159.15557860 101.00949100
v -0.10387643 -231.44479370 116.42891690
v 79.67376709 -146.09127810 103.85586550
v 61.52884293 -219.34535220 99.32879639
v 84.82428741 -164.96168520 104.47266390
v 59.84590149 -218.95877080 106.16162110
v 62.55122757 -117.48028560 115.61495210
v 86.39781189 -182.68559270 113.99685670
v -0.94396091 -101.64332580 116.13593290
v 86.65408325 -167.25357060 105.41543580
v -40.58076859 -145.24528500 112.46232600
v -34.77165755 -130.08391845 118.52094726
v 82.77045061 -155.93587895 97.95770874
v 19.00394821 -241.66464230 116.15561680
v 57.79341125 -110.77026370 100.35298920
v 16.32486725 -102.23294830 111.23169710
v 28.23407173 -232.54975890 114.56165310
v 65.22128197 -124.60904676 97.95770874
v 69.94779205 -121.36201480 105.98907470
v 68.94509125 -122.36792760 101.69682310
v 14.60265541 -231.79002380 99.42430115
v 39.53713989 -228.37960820 101.88806920
v 36.23937605 -247.76471803 118.52094726
v -41.11473083 -192.27313230 99.59962463
v 13.72056389 -245.33239750 117.63539120
v -3.84701371 -102.84475710 106.05163570
v 52.83837509 -108.95893100 108.18970490
v 75.92540741 -201.37902830 98.09276581
v -19.05394363 -110.92045590 105.97524260
v 88.03849030 -158.54440310 109.41307830
v 80.78762054 -199.79930110 101.16351320
v -43.68748474 -166.05987550 102.22258000
v 28.48928070 -103.26899720 100.77934270
v 59.15620422 -112.13764950 99.92526245
v 73.08982086 -126.58470150 102.98159030
v 37.02999878 -104.14245610 108.73585510
v 71.38856006 -132.35589880 97.95770874
v 1.95909190 -102.27084350 103.98893740
v 76.84121158 -136.27977389 118.52094726
v 84.48928070 -152.58551030 105.38730620
v -32.12804794 -129.63348390 103.93104550
v 88.37040710 -162.35751340 110.93222050
v 24.83065414 -248.41532900 117.53505710
v 78.36963654 -197.63676450 99.32489014
v 54.12069702 -221.96919250 106.05786130
v 84.29283142 -176.42111210 102.99579620
v -5.23063994 -227.58485410 109.31832890
v -27.62100410 -120.96861270 109.87974550
v -45.89898682 -182.68998720 112.94945530
v 38.45570374 -230.07032780 116.39588930
v 85.62590790 -190.78692630 108.80527500
v 31.92048454 -232.23181150 115.19770810
v 45.80363846 -225.12931820 117.65846250
v -43.67069626 -190.45274350 109.64712520
v -8.43065786 -104.57210677 97.95770874
v 41.04968262 -104.79063420 112.31613920
v -29.76588218 -210.14645662 97.95770874
v -47.17878458 -169.57547610 118.52094726
v 42.58654022 -239.23339840 118.49823760
v 79.22837830 -195.68977360 99.32959747
v 76.36577606 -131.96078490 103.63871770
v 1.14750278 -229.14340210 104.56193540
v 80.70231366 -150.80759570 97.95770874
v 67.41423430 -123.00801757 118.52094726
v -44.78011322 -185.70185850 109.69439700
v 40.15716934 -104.90934750 99.17600250
v 40.15716934 -104.91092680 100.09275050
v 40.15716934 -239.75350950 117.84223940
v 40.15716934 -104.88672640 102.53742980
v 40.15716934 -230.05119320 116.91845700
v 40.15716934 -104.91188050 101.46788020
v 40.15716934 -104.91535950 98.56481934
v 40.15716934 -104.85169980 103.53057100
v 40.15716934 -241.66342160 118.14496610
v -46.57054138 -164.57223510 118.43630980
v -44.58675385 -156.11141970 115.56297300
v 61.14578247 -217.40109250 110.10793300
v 74.04196167 -209.46185300 104.41201780
v 35.58675015 -104.18352714 97.95770874
v 55.74169159 -110.87422940 109.49370570
v 78.44142151 -203.51423650 107.00271610
v 70.11573063 -126.25342507 118.52094726
v 88.48812103 -165.03005980 111.71337130
v -20.05259705 -221.31678770 115.33378600
v -21.39213753 -113.19363400 108.21761320
v 70.48542023 -129.76889040 101.75563810
v 61.08559687 -120.54541474 97.95770874
v 45.45724487 -225.28363040 114.05239110
v 76.67337799 -143.88108830 101.77662660
v -43.99084473 -194.23001100 117.24931340
v 85.46766663 -158.38061520 117.04409790
v -45.50665657 -190.07924978 118.52094726
v 89.60236359 -167.25355530 108.19073490
v -42.41925049 -149.64155580 113.96718600
v 38.30865479 -104.57760620 99.42906189
v 85.98020935 -190.83879090 104.54187010
v -30.01129913 -126.58496090 99.00141144
v 63.30672455 -218.18444820 100.39492800
v 82.62281799 -199.16749570 103.90434270
v 34.19827271 -103.38906860 113.99685670
v 2.34909511 -229.10595700 98.79179382
v 81.33374023 -145.25991820 118.23743440
v 75.67144775 -133.94985960 117.73469540
v 57.10641479 -112.67572020 114.87464140
v 4.25097799 -101.77735140 111.85774230
v 9.42178631 -235.85731510 116.69841770
v -43.77181625 -192.79190060 113.73390960
v 78.27391815 -147.39270020 101.44665530
v 30.20656967 -103.37102510 102.27005000
v 64.65099335 -122.74160770 99.94129181
v 68.77256775 -211.61393740 111.46907040
v 34.47692871 -230.08148190 100.87580870
v 86.58460999 -162.53579710 115.53175350
v 24.60394567 -103.17057496 97.95770874
v 49.47422791 -107.14443970 105.46250920
v 27.55180359 -247.41781620 117.39891050
v -43.05336761 -159.28253170 104.22687530
v 39.42173767 -228.40013120 103.68337250
v 81.94740295 -155.76278690 100.85669710
v 18.05701447 -232.76698300 111.30195620
v -34.27413177 -132.81051640 106.88588710
v 43.31984711 -227.64340210 117.68179320
v 54.89221191 -219.86146550 116.89103700
v 84.29823303 -185.66503910 103.23365020
v 84.58267975 -195.29022220 104.22432710
v 82.24960327 -191.64772030 102.07131200
v 81.24690247 -153.84320070 100.55585480
v 80.44605255 -192.89393620 100.28900150
v -4.73305273 -101.69130710 118.44006350
v -7.15591097 -103.33409120 109.52034000
v 42.58460999 -105.18801880 117.26278690
v 13.89950279 -249.34486145 118.52094726
v -9.85529528 -103.04093893 118.52094726
v -19.60180664 -111.85722350 101.12409210
v 17.05051208 -231.93963142 97.95770874
v -45.15101624 -185.70544430 111.45578770
v 14.62175560 -247.62652590 118.01026920
v 84.32717896 -162.44061280 104.21814730
v -47.08756920 -168.77048896 118.52094726
v 81.73459784 -153.33318157 97.95770874
v -43.80288696 -152.56790160 116.18901060
v 77.37580872 -144.63551330 99.33855438
v 74.01185608 -136.44209290 102.07113650
v 57.13371976 -218.17085923 118.52094726
v -28.06764984 -122.19050600 106.66281890
v -23.00171704 -115.98472056 97.95770874
v 7.19665480 -234.93847660 116.90365600
v 63.21486664 -121.85733800 99.33923340
v 58.07553864 -218.38687130 114.61318970
v 17.50288200 -233.08746340 113.04316710
v 70.70502472 -130.30270390 101.74193570
v 79.49275208 -139.03985600 114.64033510
v 6.90574408 -101.93412780 108.32443240
v 87.96592712 -158.31521610 107.57958980
v 72.27005768 -125.12353520 102.98960110
v -8.19303608 -103.23107910 113.38959500
v 68.70039368 -214.78721620 98.11389923
v 82.90996552 -141.65917970 107.27156830
v 59.31309128 -217.96850590 112.70326230
v 7.70481480 -230.58616345 97.95770874
v 51.95473480 -223.12420650 105.70768740
v 88.81810760 -165.99304200 106.88800810
v 79.80691528 -150.43910220 100.71808620
v -5.22340536 -228.16448970 112.46664430
v -46.87742648 -167.07464322 118.52094726
v 85.26349640 -171.45535280 99.40519714
v 57.14462280 -218.21188350 118.35453800
v -35.61174968 -131.64620204 118.52094726
v -2.50230456 -102.95797268 97.95770874
v 76.73860168 -139.36895750 103.01232910
v 75.21293640 -141.02401730 100.54967500
v 85.26812744 -183.60145570 116.23629760
v -6.93249464 -103.18878170 110.55902100
v -11.04618168 -223.75355530 101.50607300
v -36.92176056 -139.45596310 104.07570650
v 86.60313416 -172.76062010 117.65633390
v -3.58619832 -231.67359361 118.52094726
v 83.74053192 -162.97537230 102.38464360
v 46.12425033 -226.39694850 97.95770874
v -42.97521591 -182.83538820 98.41307068
v 87.85168457 -173.97642520 105.73332210
v 79.08364105 -134.97067260 104.81620030
v 11.42231369 -233.08526610 114.07421880
v -0.02810295 -228.77801510 104.60360720
v 55.02869321 -111.63342527 118.52094726
v 72.68804169 -124.68630220 103.58754730
v 22.26137161 -103.01586910 99.03276062
v -13.52782775 -107.31005221 97.95770874
v 53.10525513 -223.10493470 101.29833220
v -32.54438071 -126.29459044 118.52094726
v 75.77680969 -203.64083860 113.92230220
v 64.20907593 -118.05444340 100.25995640
v 40.99950409 -227.75630190 106.05455020
v 14.79364681 -102.52450560 100.83761600
v 9.98068809 -102.08975980 105.47868350
v -18.14078903 -221.21475220 109.39772800
v 41.80305481 -227.53538510 104.37094120
v -15.89942455 -107.92392730 108.76580810
v 84.83727433 -157.25012847 118.52094726
v -35.29806519 -205.52676390 106.24552150
v 79.19595337 -134.50859070 108.19872280
v 85.14269257 -183.06454470 117.04732510
v 74.58422089 -130.72311400 114.22167210
v 19.01166153 -233.66993710 114.39250180
v 5.09116745 -231.75004580 114.00038910
v 84.12957001 -147.64035030 105.85286710
v 75.63285065 -141.67544560 99.93996429
v 22.58605385 -102.77193450 108.03794860
v 22.58605385 -243.66464230 116.44107820
v 22.58605385 -245.33044430 116.80378720
v 22.58605385 -249.76141360 117.83601380
v 53.47383881 -221.12872310 114.68440250
v 61.42597961 -218.06779480 106.12605290
v 69.61339721 -208.48826996 118.52094726
v -0.89611447 -228.03042600 99.69256592
v -43.05935287 -154.87054440 108.95021060
v -8.43078327 -102.76689150 116.89990230
v -8.43078327 -104.27906800 102.23185730
v -8.43078327 -103.99119570 106.12804410
v -8.43078327 -103.39649200 112.62171940
v -8.43078327 -226.21792600 108.80191800
v -8.43078327 -104.05707550 105.13489530
v 79.03226953 -146.96417448 97.95770874
v -31.47386551 -129.32336430 99.20252228
v 69.70193481 -213.59098820 102.19470980
v 72.56260681 -134.99655150 99.99952698
v 84.42790985 -164.96168520 103.96945950
v -12.12954807 -223.12677000 101.02021790
v 22.26899529 -240.93357850 115.85501100
v -32.88085175 -209.58056640 113.04902650
v 27.95884617 -102.46755786 118.52094726
v -35.16213943 -137.38422471 97.95770874
v 59.69074249 -118.84127810 98.45180511
v 26.56820297 -103.07986450 101.96446230
v 13.42699337 -242.48782350 117.15145110
v -43.10894775 -186.27619930 102.19364170
v 54.68977737 -109.60929870 99.01656342
v 57.93119049 -219.46577450 109.05279540
v -31.18662071 -210.07156370 106.42316440
v 83.22219849 -142.40519710 107.57958220
v 88.84126282 -176.87948610 111.73466490
v 76.95434570 -134.11798100 113.86067200
v -1.61806261 -101.39961240 118.11856080
v -47.00435638 -170.54327390 117.20627590
v -0.00256438 -232.26335140 117.30746460
v 65.11991882 -119.49757390 114.07324980
v 70.53713226 -131.15341190 101.16950230
v 57.14616394 -218.79750060 115.50079350
v 75.22103882 -203.44085690 98.43164062
v 63.23126602 -215.88687130 110.93748470
v 84.79263306 -192.48355100 108.82389830
v -14.14378166 -224.87295530 115.67465210
v 10.98338890 -101.57524870 116.12638850
v 41.72895050 -105.02285770 110.59722140
v 89.44836426 -166.79519650 109.73417660
v 69.35110474 -211.69711300 109.64856720
v 73.45955658 -207.91183470 98.11524963
v -37.42079926 -203.42626950 108.37284850
v 51.53713226 -223.94755550 100.43507390
v 66.74477386 -215.68872070 102.16110230
v 43.59618378 -105.56977080 98.33293915
v 74.03771210 -209.30549620 99.25083160
v 34.33798218 -247.96838380 118.23314670
v -46.06354614 -160.50712151 118.52094726
v 34.31636810 -103.77238460 105.91795350
v 33.33335114 -230.35850520 106.43363950
v 80.49699402 -192.44136050 100.24947360
v 41.03385162 -229.05781560 117.08733370
v 30.22566986 -103.11022190 110.69271090
v 30.22566986 -231.13375850 105.89884950
v 30.22566986 -231.16815190 103.60697940
v 73.28742218 -132.82366940 102.50386810
v 84.91613770 -170.53860470 103.91255190
v 12.31077194 -102.21704100 105.24948880
v 60.81135178 -112.96421810 100.58467100
v 33.64210506 -249.65985714 118.52094726
v 61.85342026 -116.95755000 116.13729100
v 32.34454346 -230.70233150 100.99038700
v -13.64468150 -105.16375213 118.52094726
v 57.07785034 -110.52725220 103.81247710
v 82.38198090 -142.96849060 105.40002440
v 84.95820618 -158.77359010 105.17042540
v 34.39587402 -230.42535400 114.59013370
v -28.50030518 -123.15737920 104.17868040
v 18.19672394 -247.62115480 117.55715180
v -3.51271605 -231.71734294 118.52094726
v 35.69421387 -229.72964480 99.37030029
v -47.34972597 -178.68858021 118.52094726
v 83.64365387 -181.31045530 99.93996429
v -37.33841077 -200.68805878 97.95770874
v 74.10293579 -138.55973820 100.85669710
v 33.14230347 -232.21421810 115.45125580
v 43.83450699 -226.88394170 101.78504940
v 22.92983627 -102.15092470 118.29413600
v -38.55472565 -202.76530460 111.84729000
v -25.92987061 -118.79338070 108.34352870
v 25.50606155 -231.89729310 99.08049774
v 51.15619659 -109.04078670 117.70278930
v -36.16396469 -202.59618460 97.95770874
v 5.01493835 -102.10228730 104.52373500
v 5.01493835 -230.32133480 106.66281890
v 25.92617035 -247.35684200 117.31761170
v 84.85024587 -164.29471360 97.95770874
v 4.76853323 -230.09298710 102.80480960
v -8.93569205 -102.67567792 118.52094726
v 36.86808395 -229.31900020 100.02669530
v -47.43348917 -174.85779575 118.52094726
v -40.20486069 -199.77458190 110.96924590
v 83.19749451 -157.08798220 104.23946380
v -22.36657333 -219.19319150 112.96631620
v 0.51272267 -232.80665590 117.52359010
v -42.24885941 -187.25604250 98.57288361
v 37.71293259 -237.86428830 116.98723600
v 41.44064331 -227.54010010 108.07614140
v 62.97513803 -118.51676357 118.52094726
v 80.88024139 -153.18403630 101.46786500
v 25.99318603 -103.24936607 97.95770874
v 65.68572235 -120.28065490 115.09936520
v 1.40344395 -235.43122944 118.52094726
v 65.97016907 -116.99750520 102.04344940
v -3.23584437 -102.99896240 99.32879639
v 81.36064843 -190.87362547 97.95770874
v 74.71466827 -138.70814510 102.06417080
v -8.36333237 -228.98405527 118.52094726
v -43.73245621 -167.02401730 101.90676880
v 84.51821899 -178.08828740 99.93295288
v 75.58238795 -140.03468657 97.95770874
v 44.71756363 -105.75001530 101.00949100
v 47.69421387 -106.51742550 104.10353850
v 23.69035339 -102.66110990 111.68586730
v -42.80443573 -150.35958860 114.74253850
v 51.83547211 -221.29914860 117.65719600
v 85.67436875 -163.18630808 118.52094726
v -34.39281845 -207.11618040 108.86595150
v 85.34342475 -180.57237350 118.52094726
v 16.79147339 -234.68414310 115.17977910
v 69.63053131 -120.56779480 103.92284390
v 62.68765259 -215.37359620 114.69671630
v 48.56989771 -223.34427815 118.52094726
v 47.49120331 -106.78938290 112.01055910
v -31.19260597 -209.41902160 102.84628300
v 62.81945419 -215.87638850 112.09457400
v -14.31051445 -106.22761540 113.80586240
v 9.62126923 -238.94952390 117.18226620
v 67.36962891 -210.80862430 117.80444340
v -43.40123829 -173.32673105 97.95770874
v 60.93273163 -119.37394710 98.99466705
v 0.60688460 -234.32106020 118.34365840
v 67.22095948 -215.94621732 97.95770874
v -43.99426484 -151.76146304 118.52094726
v -44.54083252 -190.02264400 113.46573640
v -43.61281204 -195.53842160 117.85113530
v 18.88757324 -102.31869510 113.01724240
v 81.24050252 -152.09994057 97.95770874
v 36.27760204 -229.58570198 97.95770874
v 88.81192780 -180.34806820 106.62850950
v 88.03076172 -184.71319580 108.80191800
v 84.39548492 -180.68003850 103.37009430
v -13.79710388 -224.57939150 113.92324070
v -6.15625652 -230.18302777 118.52094726
v 74.64635468 -204.73510740 114.61264040
v -11.98105524 -222.76803454 97.95770874
v 89.09251404 -176.87948610 111.08106990
v 77.24689484 -202.63307190 111.93033600
v 9.33653068 -231.83157350 110.67887880
v -43.78301620 -184.97337340 104.35411830
v -30.46868148 -127.64623320 97.95770874
v 66.17201996 -213.38398740 112.61669920
v 83.20289612 -148.38803100 115.86230470
v 25.25992012 -242.80935670 116.27548220
v 25.25992012 -232.02948000 109.48947140
v 25.25992012 -238.07279970 115.45021060
v 81.66217804 -200.41040040 102.42271420
v 87.08595276 -166.48959350 115.52478030
v -28.04044724 -215.39460750 115.86836240
v 5.27807820 -240.17719583 118.52094726
v 82.15181132 -188.92386014 97.95770874
v -43.60258484 -178.00854490 99.43977356
v 26.53867340 -231.77751160 101.82152560
v 82.99795532 -159.38958740 101.46252440
v -44.59602356 -188.72146610 111.97155000
v -44.98988724 -172.44850160 106.66281890
v -15.03467956 -108.29265136 97.95770874
v 80.98213196 -195.14608760 114.59629820
v 65.20636749 -124.34022520 99.34061432
v 80.40744781 -192.89486690 98.39457703
v -43.31466675 -182.56570430 100.17302700
v 88.44874573 -176.18220520 106.04453280
v 80.90426701 -191.98683422 97.95770874
v 62.68919373 -121.77156070 98.71328735
v -0.20568499 -228.14572140 98.51820374
v 46.67226189 -225.14899448 118.52094726
v 86.13805389 -151.37509160 108.19902800
v 85.41847373 -168.93428040 97.95770874
v 64.77989197 -123.85515590 99.30580902
v -43.06416563 -181.26611822 97.95770874
v 27.79204941 -235.08087160 115.24530030
v 25.52057421 -252.12984159 118.52094726
v 75.61238861 -202.26089480 98.39117432
v 83.87059021 -178.94668580 102.07906340
v 52.45530701 -108.16071320 99.32968140
v -27.49336243 -119.74594120 115.49773410
v 51.88452173 -109.54537799 118.52094726
v 81.34299469 -147.39509580 104.49103550
v 4.11475277 -232.22120670 115.44626620
v 76.20173645 -204.54600520 99.03025818
v 0.39297101 -101.70555880 114.76908870
v 32.89953613 -103.61701970 103.70246890
v -35.01343155 -131.46478270 115.42638400
v 13.98193741 -102.42328640 101.84986110
v 12.04798541 -101.33599481 118.52094726
v -36.57317043 -133.45617740 118.52094726
v 9.26273613 -230.94121375 97.95770874
v -40.77727411 -192.44762520 97.95770874
v 75.24766541 -205.55674740 98.69201660
v 57.95009613 -115.11318970 98.47875977
v 0.15717965 -228.40216060 99.48107147
v -18.29971123 -110.22561650 105.76515960
v 84.79301453 -167.02438350 104.19017030
v -6.81647539 -226.33413700 105.47868350
v -37.43161011 -142.19143680 100.49559020
v -13.70756531 -223.15049740 106.95857240
v 83.48232269 -187.26699830 117.85366820
v 47.93890381 -223.58862300 117.35827640
v 61.47538509 -117.14031979 118.52094726
v 43.44971085 -226.74192810 108.19073490
v -20.10905266 -221.52392580 116.36108400
v -22.00696754 -114.41438290 102.07721710
v 65.58320974 -124.98108870 97.95770874
v 85.52516174 -155.59683230 114.83154300
v -7.64407730 -104.13366700 100.39833070
v -39.59351730 -146.50247190 104.02152250
v -8.54778290 -224.62759400 98.96629333
v -39.91918514 -202.68293662 118.52094726
v 83.24264526 -183.89056400 99.32213593
v -33.67225266 -132.90930180 102.23183440
v 85.07900238 -168.91734310 99.94973755
v 76.06124878 -131.01802060 103.66473390
v 84.32601166 -166.75698850 103.30137630
v 56.74978638 -110.61346440 105.02943420
v 46.66641998 -226.03796390 99.36634827
v 80.18745422 -202.54499820 104.52029420
v -32.17070770 -211.27679440 117.17414860
v 70.34725966 -130.88376416 97.95770874
v 20.29417038 -236.92684940 115.36385350
v 80.24457550 -136.70359800 108.79360960
v -44.10335922 -187.95204160 108.57757570
v 17.20163918 -246.13682560 117.31811520
v 80.57302094 -136.54231260 106.66281890
v 77.20250702 -133.81686400 112.61292270
v 80.57765198 -140.99128720 114.33810420
v 35.18938446 -229.66784670 110.63925170
v 76.21099854 -201.95913700 98.90143585
v 70.25576782 -210.95362850 109.67369840
v 29.79843662 -231.24789090 97.95770874
v -11.23429298 -224.79864500 108.66337590
v 72.58035278 -132.84251400 102.27162170
v 73.90223694 -127.86383060 110.32685090
v 84.72354126 -194.73139950 106.08705140
v 85.23145294 -149.68244930 110.32984160
v 28.79185486 -232.47357180 114.61910250
v 81.40088654 -200.53981020 102.06183620
v 6.85172558 -230.71891780 106.66559600
v -36.66216882 -133.63829310 118.52094726
v 80.11643982 -193.36727910 98.87529755
v 58.30999374 -113.16249080 112.20559690
v -37.72840881 -202.50933840 106.84513090
v 62.91786575 -217.23281860 105.82711030
v 72.86363983 -209.91281130 98.40367889
v 84.47730255 -167.52546690 103.57474520
v -16.17090225 -221.97579960 107.76539610
v 80.88988495 -194.04887390 100.86598970
v 37.33797455 -228.97601320 110.32984160
v 40.18552399 -229.13436890 116.75704190
v -44.64427185 -162.93717960 109.41308590
v 70.89178447 -127.26969600 118.52094726
v 13.75422287 -233.36248780 114.03271480
v -40.08483505 -149.34249880 101.02540590
v 15.65091151 -101.61366100 118.52094726
v 86.27318351 -170.83052599 118.52094726
v 28.23974991 -231.76605220 113.00350950
v 65.75518799 -118.87663270 100.52657320
v 65.74013519 -116.54561610 103.00674440
v 17.46639695 -101.76494643 118.52094726
v -19.86223793 -112.27612300 99.32879639
v 46.96089935 -106.39009090 98.40646362
v 83.43562319 -151.49886222 118.52094726
v 54.96089935 -110.73071290 111.89395900
v -24.20920753 -116.00662990 112.94711300
v -44.85955505 -154.78842729 118.52094726
v 1.33742671 -102.53656541 97.95770874
v -38.86233521 -202.04211430 111.10074620
v -2.71660465 -227.06132619 97.95770874
v -36.63211441 -203.37747190 104.52577970
v 62.23222351 -218.16732790 103.55729680
v 30.91323471 -233.71821590 115.39765930
v -6.19389105 -102.55088810 114.77426150
v 85.53686351 -174.94779154 97.95770874
v -43.97078705 -166.63000490 103.37467960
v 58.90763855 -111.63931270 100.27928160
v -14.24954033 -222.21054080 102.53742980
v -34.56766129 -134.39822390 103.33567810
v 18.35659599 -233.07513430 113.09860230
v 85.44912720 -151.83462520 111.84422300
v -35.96152496 -205.33071900 108.80191800
v -15.93634224 -221.70654300 105.64339450
v 70.25923920 -122.02510070 106.88761900
v -34.94763184 -208.05624390 115.99546050
v 77.24148560 -200.30722050 116.92915340
v 33.65676880 -230.16336060 111.97235110
v 81.09173584 -200.01120000 101.45954900
v 33.30550608 -230.46423035 97.95770874
v 79.28818512 -136.39865110 104.51363370
v -29.56775856 -210.85279850 100.85669710
v 71.74238032 -206.33229104 118.52094726
v 46.04310608 -225.05957030 113.53643040
v 81.89065552 -188.87367250 101.17596440
v 40.48173904 -227.91865540 116.12588500
v -40.03639984 -200.85064700 113.62039950
v -35.12902832 -204.35006710 99.93996429
v 84.52137040 -162.30451712 97.95770874
v -44.29093552 -156.25222780 113.90592960
v -41.17862320 -144.07826230 118.14338680
v 88.87560272 -177.60523990 111.36117550
v 81.16661072 -190.48159790 100.54582980
v 35.89239120 -230.06805420 115.21039580
v 89.18629456 -170.23300170 111.24658200
v -46.19271088 -182.85922240 114.56862640
v 86.60813904 -153.34976200 107.68769070
v -32.61822128 -127.10507200 116.09475710
v 66.76715088 -119.19334410 108.62992100
v 19.31056976 -232.10290530 104.02715300
v 18.30786896 -102.84379580 98.47886658
v -17.66680752 -110.34587424 97.95770874
v 35.57340240 -104.01120760 103.60695650
v -10.57899952 -103.40160370 118.31323240
v 84.49278032 -162.17927041 97.95770874
v 85.36769104 -172.29571530 98.89650726
v 72.97942352 -210.85754390 102.99578860
v -3.20812464 -102.93216710 101.25111390
v 84.62126160 -193.90852360 107.52433780
v 79.96630096 -135.46484380 107.27986150
v 30.77564240 -103.26304630 108.80191800
v -5.78230448 -225.73836559 97.95770874
v -43.12928944 -180.65899006 97.95770874
v 65.29937744 -117.28723140 100.75566100
v 59.40049744 -111.80065920 103.58407590
v 86.19555664 -182.10867310 114.96421810
v -0.85983407 -228.17843630 100.78386690
v 89.78760529 -175.50434880 109.10749820
v 64.73974609 -116.28300480 105.50737760
v 82.02226257 -152.27990720 104.40750120
v 82.02226257 -149.52964780 104.66625980
v 82.02226257 -144.10552980 105.00832370
v 82.02226257 -150.44641110 104.60747530
v 82.02226257 -148.76570130 104.70885470
v 50.69671249 -222.55303960 114.76081090
v 88.74823761 -173.88961790 112.47599790
v 80.24495697 -193.67364500 100.19303130
v 71.69775953 -210.96274310 97.95770874
v 52.68185425 -109.80436710 116.04044340
v 41.33102417 -227.85011290 99.93995667
v 27.27486801 -102.80028530 112.24929810
v 82.31597137 -193.99221800 101.78109740
v 80.53210449 -137.97306820 105.11515050
v -15.96505007 -106.92020876 118.52094726
v 77.71080017 -205.59117130 100.56603240
v -40.75793839 -147.68869020 108.48111720
v 47.05506897 -225.42932130 105.13489530
v 22.97780817 -252.22923903 118.52094726
v -46.14890671 -162.62203980 117.51108550
v -4.66002607 -227.59823610 108.14670560
v 69.98482513 -122.50949100 102.34392550
v 79.55834961 -140.54869080 116.84167480
v 30.11865425 -103.23500060 106.00367740
v -43.37995183 -176.83783322 97.95770874
v 51.07185745 -107.79106140 98.75974274
v 78.05699921 -197.96261600 99.02133179
v 45.42924881 -226.43458560 99.89321136
v 61.53210449 -119.48850250 99.29489899
v -9.49775791 -104.40664670 106.35460660
v 80.38814545 -192.45639040 99.93335724
v -46.69136047 -173.97642520 114.79388430
v -7.22754479 -227.30039980 111.93415070
v 87.85012817 -167.78833010 106.03907780
v 80.61693265 -193.29137752 118.52094726
v 25.94748497 -248.98086550 117.70726010
v 25.94748497 -232.06126400 111.85775760
v 5.62610769 -101.32768250 116.28872680
v 5.62610769 -101.48881530 114.76081850
v 5.62610769 -102.10906980 104.06534580
v 5.62610769 -102.05242920 105.89884950
v 5.62610769 -101.21531680 117.20549010
v -41.40710831 -196.89375310 109.94702150
v 64.44140625 -118.55722050 112.89460750
v 84.03538513 -146.77938840 111.39937590
v 65.24032593 -122.96794130 100.23152920
v 88.45452881 -162.76426700 106.95066070
v 64.75672913 -118.28363040 100.36544800
v -8.75041199 -104.51817320 101.04769900
v -33.71831215 -134.10176373 97.95770874
v 21.05603409 -232.19947810 107.56752010
v 34.27467346 -230.07727050 106.81393430
v 27.58806610 -231.62826540 99.21419525
v 2.65363026 -231.88465880 115.45978550
v 75.83507538 -208.36669920 101.48234560
v 82.54599762 -189.39318850 118.18859860
v -39.77955246 -140.91142270 117.37214660
v -16.90025902 -109.67829900 98.12554169
v 18.08941650 -239.59518430 115.85584260
v 80.24572754 -137.44650270 110.00483700
v 63.85649490 -115.12101750 101.46898650
v 79.23453522 -204.02734380 103.91252900
v 84.39354706 -195.60183720 105.60694890
v -22.91509934 -113.62810730 118.52094726
v -42.98352814 -167.28665160 97.99435425
v 77.69381714 -142.04283140 103.23001100
v 39.54599762 -240.21188350 117.75320430
v 39.54599762 -230.66236880 116.78952030
v 39.54599762 -228.40863040 100.16914370
v 89.03422546 -173.36524960 106.68309020
v -1.23307694 -101.29211120 118.52094726
v 15.25971794 -245.33378600 117.39817050
v 84.68069458 -169.62185670 103.60697940
v 81.32986450 -152.73062130 98.49377441
v -45.87221934 -188.71275478 118.52094726
v 83.68918610 -196.74615480 103.31805420
v 38.55718994 -104.20655820 112.88909150
v 16.39161682 -235.86822510 115.54324340
v 85.23916626 -169.62185670 99.25238800
v 84.75093842 -174.62579350 103.64604190
v 77.85459538 -198.55626984 118.52094726
v 84.19979858 -147.17385860 106.04076390
v 88.07822418 -181.32279970 105.78414920
v 84.91416658 -179.91136216 97.95770874
v 81.40473938 -198.09664920 108.94219210
v -44.12748718 -184.93109130 105.98612210
v 88.86865234 -162.66979980 109.73643490
v 33.58710098 -235.51351930 115.97480770
v 37.24013138 -230.67141720 116.14084630
v 85.81346130 -184.51908870 104.18284610
v 48.18011475 -106.70747380 98.71537781
v 83.48501587 -161.39196780 101.45497890
v 82.20249939 -199.68835450 104.52675630
v -44.22494125 -172.48669430 102.30880740
v -32.65062317 -211.07360896 118.52094726
v -39.10722733 -145.58142090 103.09271240
v -44.24655533 -166.08143620 105.26759340
v -39.48140717 -145.64816280 105.24946590
v -4.00083885 -226.51597048 97.95770874
v -10.57668781 -105.36956790 101.01481630
v -29.41760941 -121.74239772 118.52094726
v 67.31288147 -213.21185300 110.02426150
v 12.18662739 -101.95620730 111.88639830
v 74.00411987 -206.67556760 111.58970640
v 13.61401939 -102.57139590 98.08733368
v 83.84240723 -179.19760130 101.46788020
v 53.39045715 -110.46154790 118.27442930
v 82.79454803 -154.19697570 104.52015690
v 67.35494995 -121.49821470 100.86003110
v 68.39894867 -122.05268860 112.01239780
v 44.61988691 -232.14852675 118.52094726
v 64.01724243 -115.84069820 105.90079500
v 78.44564819 -199.78039550 114.38015750
v 20.98173523 -241.05224610 115.91376500
v 85.95085907 -192.02389530 106.05163570
v -14.33165741 -107.00299070 106.62461850
v 74.07706451 -129.81944270 102.80094150
v 74.07706451 -135.77835080 102.23568730
v 74.07706451 -129.05548100 102.89733890
v 80.03036499 -193.99221800 99.93996429
v -27.87334061 -122.48541260 100.70390320
v 84.18011475 -161.42390440 104.19736480
v 66.11643219 -118.81392670 100.66723630
v 77.73858643 -133.96989440 104.04681400
v 82.86942291 -190.79946900 115.25038150
v -26.17264557 -214.78576660 104.59430690
v 85.99485779 -156.02333070 105.91316220
v 85.99485779 -169.16348270 104.97242740
v 13.51401043 -102.22734070 107.71327210
v 54.40454483 -222.21444700 103.15670010
v 89.32214355 -179.24787900 107.57951350
v 62.81153107 -114.36650850 101.17532350
v -5.40749741 -230.14007570 117.98393250
v 62.15946579 -217.66801450 105.95568850
v 77.48964691 -145.78031920 100.85669710
v 33.93966675 -238.31939700 116.35043330
v 39.09867859 -228.16456600 112.73946380
v -44.45709229 -192.44692990 116.69353490
v 23.96118355 -102.54470060 114.32153320
v 72.87598419 -209.28614810 98.10531616
v 83.42007379 -186.85140811 118.52094726
v 69.51859283 -127.68035890 101.45497890
v 50.19400787 -222.60696410 115.69103240
v -11.24663981 -105.98327408 97.95770874
v 32.93773651 -103.72674560 101.37238310
v -42.12324524 -193.08886720 106.21521760
v 18.07223892 -237.56919860 115.58518220
v 24.79821396 -232.15090940 110.30499270
v 60.48192596 -217.38623050 112.12934110
v -0.33279148 -101.93270870 113.38567350
v 69.79531860 -126.15846250 101.77413180
v -39.20738220 -199.92314150 106.39714810
v 81.96475220 -156.03701780 101.46788020
v 61.97497940 -218.87535100 100.72619630
v 76.53904724 -207.16119380 100.52705380
v 8.37636948 -101.58042910 114.76081090
v 3.48019028 -229.79647830 103.87435910
v 37.64804180 -104.49438660 97.95770874
v 61.47169876 -117.51966860 99.49974060
v 21.92924500 -235.34292600 115.04850770
v -13.93991852 -106.46878050 109.35488130
v 43.59153748 -227.22563170 98.39292145
v 39.12597588 -244.50348521 118.52094726
v 81.72700500 -154.65130620 103.30351260
v 73.48848724 -135.19430540 102.07849880
v 14.78330452 -102.64512957 97.95770874
v 19.88331604 -250.52258300 118.17311100
v 38.01255508 -104.55093516 97.95770874
v 89.00218964 -179.21206670 106.71698760
v -26.92313004 -214.01173400 103.91015620
v -29.75100588 -210.16244557 97.95770874
v 75.32484436 -208.60983280 100.36624910
v -12.70506668 -105.36099240 112.36203000
v 54.82522964 -111.48437500 98.22537231
v 76.38003540 -135.20123290 117.89465330
v -45.91733932 -159.70349120 118.50989530
v 79.74861908 -196.47099300 116.32113650
v 75.36035156 -140.51957700 102.06002810
v 25.87019348 -236.00442500 115.22754670
v -4.80196524 -101.87137600 117.51107790
v 75.13688660 -137.64968870 102.46550750
v 84.66255188 -189.33206180 103.30493930
v 37.25382996 -229.12164310 106.20443730
v 74.34722900 -207.12991330 98.47406006
v -27.26633644 -214.32557680 107.23588560
v 82.87019348 -184.38250730 100.55112460
v 54.24996948 -221.41027830 109.49903110
v -19.45246124 -221.56958010 114.76079560
v 16.16766548 -233.19845580 113.40324400
v 74.90299988 -209.27536010 100.84467320
v 56.86749268 -111.33335880 108.05419920
v 33.62974548 -249.02868650 118.36839290
v 85.22758484 -184.86421200 103.83513640
v 82.60813141 -141.81964110 106.06385800
v -22.35692203 -113.00460498 118.52094726
v 81.06741333 -137.68832400 107.57926940
v 75.15541077 -128.97312930 109.11306760
v -27.56964267 -119.32191155 118.52094726
v -9.04195499 -103.93710330 109.56587220
v -9.04195499 -104.56222530 101.92626190
v 78.50431061 -133.03585820 105.44047550
v -40.34323883 -141.76286320 118.49653630
v -17.14411691 -219.95539227 97.95770874
v 21.32551765 -102.84732820 101.79257200
v 34.21060181 -103.29960630 117.39812470
v 64.08323669 -217.67901610 100.64314270
v -25.75088043 -217.96908589 118.52094726
v -46.24790955 -170.61097720 113.53688050
v 45.66698837 -225.48539730 117.96086880
v 80.72878677 -150.87279457 97.95770874
v 6.95230293 -101.98703000 106.91036990
v 56.93464661 -110.13562770 100.54737090
v 85.48479829 -176.37287797 97.95770874
v 59.01415253 -219.87249760 103.48875430
v 16.01598549 -232.97074890 112.46891780
v 16.01598549 -102.49993900 102.84300230
v 16.01598549 -102.54972840 101.62068180
v 80.13379669 -194.75309750 100.29193880
v 85.49464661 -170.74688677 97.95770874
v -17.70815659 -221.36938480 108.97474670
v 76.01685333 -207.38932800 104.75960540
v 24.72777557 -232.22204590 111.13560490
v 77.87289429 -144.80361940 102.97275540
v -9.43350955 -228.38910552 118.52094726
v 81.45182037 -151.71310420 104.14702610
v 82.26579285 -187.02236940 99.93996429
v 76.31121493 -200.69487137 97.95770874
v 7.76714325 -241.48693850 118.11707310
v 18.99543381 -102.67762760 103.07218170
v 87.70732117 -159.77009580 111.17533870
v -25.22234539 -214.54743853 97.95770874
v -18.51537323 -221.35830690 111.17042540
v 67.57995605 -121.19253540 111.84566500
v 77.14035797 -143.39242550 102.70128630
v 23.69969749 -241.70541380 115.99745940
v -35.22436523 -137.46539310 98.15188599
v 84.89527893 -149.31092830 111.15855410
v 80.50701141 -193.86219790 100.53269960
v -40.87546539 -149.05645750 106.31378170
v -43.65875626 -171.68753050 99.48342133
v 84.11025238 -164.35050960 101.46788020
v 38.99987030 -104.40650940 110.94117740
v 28.61831766 -231.46264688 97.95770874
v 4.05675862 -229.57144013 97.95770874
v 43.13456726 -226.60522460 111.47901920
v -39.72320938 -149.45175170 98.63973999
v 89.31326294 -171.99012760 111.10517880
v 45.46378326 -226.15609740 104.05494690
v 82.37038422 -188.08973690 101.72547150
v 67.41245270 -125.53536220 100.78827670
v 42.40589142 -227.19229130 107.29309840
v 70.49658966 -131.60614010 100.24552920
v 59.17393494 -114.28273010 114.57104490
v 87.23645782 -187.74562070 108.15004730
v 79.78373718 -150.14622500 102.70501710
v 8.69028950 -234.92248540 116.58758540
v -7.43743658 -227.62359620 113.83703610
v 2.57385302 -102.32135010 100.91790770
v 87.30207062 -188.06954960 107.27400210
v -10.89442730 -105.36766050 102.74753570
v 67.95587158 -215.46719360 98.55786896
v 84.97362518 -194.55345150 105.11723330
v 84.47227478 -195.25605770 103.89924620
v 76.48346710 -143.11367800 102.09638980
v 84.50315094 -194.08372500 103.58021550
v 22.65290070 -102.66287230 110.52082820
v 23.65560150 -237.23245240 115.29457090
v 23.65560150 -232.34790040 110.67361450
v 23.65560150 -237.95820620 115.39331050
v 84.48809814 -169.06996150 102.38464360
v 82.71928406 -191.63439940 114.58336640
v -45.83089066 -175.59985350 110.47389980
v 32.33391190 -103.48806760 106.35723110
v 59.88659286 -114.33528140 111.62368770
v -43.48006058 -167.16671750 100.55377960
v 75.78759766 -142.25555420 101.46788020
v -43.60916138 -187.88208010 106.20288090
v 79.38620758 -146.66606140 103.62221530
v 2.39714646 -231.33679200 114.60029600
v -41.85077162 -188.50171437 97.95770874
v -1.26627498 -101.29438181 118.52094726
v -43.67264938 -167.71194460 101.20049290
v -8.27140522 -225.11004640 101.29597470
v 46.95973206 -224.82649230 112.08583070
v -5.02472362 -226.07382327 97.95770874
v 42.42074966 -227.02322390 110.32984160
v 32.93445206 -103.82234190 98.00840759
v -26.78129578 -215.09179690 108.87419130
v 45.85684566 -226.42166765 118.52094726
v -47.25080490 -170.37550350 118.46922300
v 86.38234711 -165.40093990 117.24868010
v -34.29036713 -129.78009030 116.70811460
v 86.88176727 -185.28305050 104.90312190
v -47.41001129 -175.54254150 118.38963320
v 78.94738007 -199.79592900 112.82584380
v -20.76563881 -111.29699854 118.52094726
v 13.20167255 -102.30686190 102.98728940
v 47.74900055 -106.47709660 99.32421112
v -38.50749609 -137.48130047 118.52094726
v 21.22332759 -103.01660600 97.95770874
v 34.43604567 -104.02419770 97.95770874
v 46.88003159 -106.50878910 110.78820800
v 46.88003159 -106.48257450 109.87146760
v 46.88003159 -106.71076970 115.41017150
v 46.88003159 -106.44485470 108.64911650
v 46.88003159 -224.75250240 112.92730710
v 77.95394135 -203.31907650 99.88188934
v 55.76019287 -221.64018250 102.59053800
v 52.15965271 -108.96817020 111.03527830
v 74.83969879 -209.17434690 100.36248780
v 6.23727703 -101.64184570 113.29018400
v 6.23727703 -101.96305080 107.57957460
v 6.23727703 -101.90903470 108.95469670
v 13.61796951 -243.96574400 117.41398620
v 85.96513367 -185.89422610 104.23727420
v 89.32715607 -177.02714540 110.34092710
v 73.33834839 -125.05107120 105.13489530
v -24.47542953 -117.34655760 103.87435910
v 75.93425751 -141.84100340 102.08712770
v 68.45529175 -209.91049190 117.57100680
v 5.61283159 -237.87667850 117.92128750
v 80.29634903 -193.95372556 118.52094726
v 83.09605975 -156.85962440 97.95770874
v -46.27261353 -164.99227910 116.66749570
v 14.02968407 -101.86785130 114.72261050
v 54.83699799 -110.78682710 112.81602480
v -1.47873449 -101.90931700 114.53160100
v -40.84227753 -195.36145020 104.07089230
v -42.82015145 -183.40584473 97.95770874
v 55.87906647 -109.71294400 99.92145538
v -39.69928873 -195.45247872 97.95770874
v 40.92113495 -104.87490840 108.61091610
v -32.44378281 -129.25184630 107.73236850
v -36.31564713 -134.17167660 114.90533450
v 27.64421463 -102.93497470 108.95474240
v 86.82194519 -162.13835140 114.65252690
v 85.03614807 -172.60130310 103.96714780
v 74.22796631 -128.90928650 111.54949950
v 81.95664215 -198.23597720 101.77121730
v -30.69252777 -209.71878050 101.43636320
v 67.51318359 -210.98197940 116.89692690
v 27.88360023 -233.20111080 114.84971620
v -9.15668392 -227.31811520 115.52478030
v -31.95468712 -209.26358030 106.50470730
v 86.59732056 -171.53175350 117.64167790
v -38.84710312 -200.98551940 107.57405090
v -6.36808872 -103.05382540 110.52082820
v 63.02669144 -121.92956540 99.02320099
v 83.27929688 -159.31423950 103.60858920
v 83.80689240 -163.29864500 102.07906340
v 79.93502808 -146.93218990 103.88639070
v -39.29789352 -200.41580200 108.22857670
v -26.69465256 -120.88112640 99.15862274
v -22.99579048 -115.85839080 99.20320892
v 85.60658264 -189.54106140 103.93688200
v 77.10986328 -201.14050290 99.24153900
v 82.82464600 -156.40530400 98.41201782
v 37.67296600 -231.19165040 116.34417720
v 44.89373016 -105.84529110 106.52912140
v 44.89373016 -105.84971620 98.25922394
v -18.98093224 -110.40786740 111.47431950
v 86.91148376 -188.64167790 108.02744290
v -28.87421608 -121.91765590 113.84403990
v 47.50276184 -224.86178590 109.56321720
v 86.42132568 -178.39825440 116.89749150
v -39.23537064 -201.70678710 111.86795810
v 24.32406616 -102.21816250 118.46601870
v 83.38118744 -181.46324160 100.85669710
v 4.00268889 -101.21041110 117.16729740
v 77.70384216 -202.70138550 99.65376282
v -21.39052200 -219.42369080 110.75518800
v -19.26518440 -110.96441650 108.12847900
v -27.77304232 -216.25938452 118.52094726
v 89.35224152 -164.57971190 108.81605530
v 58.63552856 -217.97030640 115.03181460
v -18.09401512 -220.89025880 107.86439510
v 21.66930008 -241.66342160 116.00788880
v 56.35031128 -110.57273860 105.91523740
v 88.82078552 -161.67906190 108.20272830
v -21.98943400 -216.91584167 97.95770874
v -26.75254440 -120.36559300 105.28085330
v -44.54490280 -154.12969970 117.75810240
v -27.89939880 -121.78612520 107.56864930
v 75.24185944 -140.95486450 100.25158690
v 19.52840536 -232.07174661 97.95770874
v 47.04964953 -106.53986778 97.95770874
v 50.95625305 -107.94100190 107.40709690
v 66.42865753 -125.10651400 100.22261810
v -2.81011367 -231.26980590 117.75476070
v 86.06393433 -183.67330930 113.98747250
v 11.07502937 -234.25547790 115.57082370
v 12.20224857 -235.77807620 116.10052490
v -41.43502503 -190.16482702 97.95770874
v 8.60826969 -230.98356630 100.85669710
v -39.40208551 -139.50628243 118.52094726
v -10.53675175 -104.21202090 112.62173460
v 40.17894745 -104.45027160 117.27336120
v 81.66061401 -154.90182500 100.70390320
v -20.03158951 -221.79763790 117.18884280
v 51.01337433 -108.73654170 114.81810760
v 72.12645721 -128.40736390 117.10173030
v 59.65038681 -119.11177060 98.14408112
v -41.63676071 -192.50180050 102.91493230
v 78.87481689 -201.76885990 100.22166440
v 58.56721497 -114.27676390 117.25842290
v 85.63359833 -187.26936340 103.94734190
v 82.52784729 -198.04721070 106.67128750
v 79.15733337 -134.51104740 105.16255190
v -41.22244263 -199.70004270 115.97967530
v -37.73131943 -201.26782230 102.53742980
v -28.08571815 -120.48522950 115.78046420
v 72.21125977 -129.09678442 118.52094726
v 74.16229465 -137.27942521 97.95770874
v -29.05100711 -210.88351355 97.95770874
v -41.16532135 -149.69494630 106.81088260
v 50.75613785 -108.35084530 112.33615110
v 59.80669785 -219.31004330 104.32540890
v 73.07512665 -124.82035830 104.23645780
v 71.47147097 -206.60838969 118.52094726
v 31.05017945 -103.62415567 97.95770874
v 74.10870361 -204.42077640 116.90200040
v 74.12182617 -137.91120910 99.18034363
v -23.77715111 -116.31845090 105.28871920
v -21.04426406 -221.47379542 118.52094726
v 16.00260442 -231.85786406 97.95770874
v -3.67652774 -101.64361570 118.00660710
v 73.07203674 -125.80761720 103.30184940
v 84.23613018 -182.27602930 97.95770874
v 43.04675674 -226.38212590 116.13991550
v 81.85783386 -199.71133420 105.54611970
v 81.71827034 -190.99657813 118.52094726
v 69.22448730 -209.22637940 117.51943970
v -43.01769638 -190.49412540 106.55024720
v 22.08052826 -233.13043210 113.97280120
v 74.70268250 -127.96710210 108.31888580
v 83.69882202 -143.72354130 107.27400210
v -3.09440422 -230.22506710 116.45380400
v 77.00372314 -206.16484070 105.13759610
v -34.60800934 -205.40795900 101.91779330
v -46.09450150 -161.52384950 117.90759280
v 84.25073242 -189.43312070 113.24649050
v -28.39843750 -122.11953740 109.74430080
v -41.91064486 -145.80474577 118.52094726
v 46.13108826 -225.95681760 102.17011260
v -40.48913574 -194.88577270 101.15763850
v 79.61738586 -135.23947140 105.45153810
v -8.43216038 -226.41305540 109.87052150
v -26.68655014 -213.64132690 100.43905640
v 82.76250458 -146.77304080 115.31968690
v 82.23954010 -187.13578800 100.85669710
v 85.84471130 -191.67401120 107.27400210
v 89.45837402 -176.87956240 107.26773830
v -26.92699814 -215.20440670 110.06086730
v 3.70584154 -101.04335746 118.52094726
v -37.74174118 -200.97720340 101.46788020
v 83.03652954 -184.28991700 101.77346800
v -42.76702118 -195.50952150 113.65497590
v 32.37983322 -231.59529110 114.91307070
v -35.41715622 -133.53125000 111.55532840
v 84.07203674 -163.35736080 103.64082340
v 85.11603546 -190.49525450 103.59635160
v 53.43791962 -108.51097110 102.99579620
v -42.60048294 -186.50930790 99.66514587
v -22.08967590 -114.17648320 105.89885710
v 39.53054810 -104.79393010 100.81850430
v 51.26412890 -108.46790557 97.95770874
v 84.38079834 -174.89318850 102.69022370
v -29.02792358 -123.31303410 108.64911650
v -1.17314982 -102.49239350 106.20443730
v 77.92421722 -203.11242680 109.10636900
v -45.01673126 -160.72198490 113.21379090
v -37.02329254 -140.30513000 102.45030980
v 74.63695962 -203.50148951 97.95770874
v 36.94853210 -104.00393680 111.32297520
v 84.14035034 -153.50720210 105.14389040
v 11.05461851 -101.27518335 118.52094726
v -43.49029541 -168.01239010 100.08972930
v 71.39828059 -211.38703257 97.95770874
v 19.66678619 -102.93473050 97.97626495
v 28.69110107 -232.80998230 114.83397670
v 80.27581787 -150.52844240 103.31819150
v 35.40858459 -103.57682800 114.03504940
v -35.35193253 -135.50802610 105.13489530
v 54.20170331 -111.56409713 97.95770874
v 81.59577179 -190.99311830 101.52219390
v -35.87093413 -139.15499979 97.95770874
v -2.93777060 -229.34848020 113.99143980
v 62.45410651 -214.64277339 118.52094726
v 7.42551899 -230.56956480 98.68328094
v -8.43418789 -225.84570310 106.89926910
v 85.53594971 -154.87023930 114.19100950
v 15.81745243 -239.71832280 116.18783570
v 8.51346779 -230.81768800 98.58391571
v 86.55833435 -177.26010130 117.03833010
v 70.07473755 -213.63626100 100.78030400
v 26.99793243 -102.49925990 117.32008360
v 59.80460123 -119.38759946 97.95770874
v -40.11288741 -151.09271750 97.95770874
v 35.66312027 -229.64865110 106.58641050
v 82.46107483 -156.86367800 103.30137630
v 53.44042587 -110.25372310 115.79216000
v 1.44875355 -101.11095673 118.52094726
v 56.82406235 -114.44644930 98.16061401
v 60.17296219 -114.08184810 99.46176910
v -28.66436005 -123.51731110 103.23538210
v 35.79685211 -229.64923100 101.67798610
v 40.18318939 -232.62957760 117.12990570
v 3.40374875 -232.82209780 116.42581940
v 24.34316635 -232.01747130 101.35329440
v 58.78102875 -217.37799070 117.62489320
v -35.64126117 -203.31803546 97.95770874
v 85.44242267 -161.18849935 118.52094726
v 74.28430939 -126.30281830 105.11045070
v 86.63591003 -158.00450130 113.02066040
v -32.68481445 -130.70611570 103.77879330
v 82.54521179 -193.05003360 113.21714780
v -5.97096868 -225.65468243 97.95770874
v 42.70788956 -227.61901860 117.37909700
v 34.96223068 -245.33042910 117.75062560
v 34.96223068 -103.46359250 115.06640620
v 34.96223068 -103.39915470 116.89990230
v 34.96223068 -241.05224610 116.91922000
v 34.96223068 -103.38188930 117.89306640
v 34.96223068 -104.08863854 97.95770874
v 34.96223068 -104.08480830 98.14463806
v 25.71908188 -245.44515990 116.87188720
v 84.87712860 -173.49894710 100.65285490
v -28.77932196 -120.90206414 118.52094726
v 69.43753052 -124.75347900 116.52255250
v 6.39389277 -235.29983520 117.20637510
v 84.67402332 -156.40427529 118.52094726
v 76.64324188 -206.72230530 100.20649720
v 40.30746460 -227.89767460 109.98605350
v 17.16147804 -241.55706790 116.36065670
v 84.48468060 -155.48278597 118.52094726
v -38.93664420 -197.36023340 97.95770874
v 77.19708252 -144.35046390 102.38362880
v 35.56470108 -231.25791930 115.77170560
v 38.64883804 -104.65015734 97.95770874
v 11.73780060 -239.48611450 116.88024900
v 11.73780060 -247.27853390 118.42690280
v -42.91329956 -193.13171390 110.05806730
v 76.20364380 -133.41006470 103.37136840
v 52.09229660 -223.50619510 101.93010710
v 40.34104156 -243.20819090 118.51723480
v -1.70357668 -102.03285220 113.54652400
v 87.56759644 -182.83837890 105.39740750
v 54.30939484 -222.84533690 99.33010101
v 18.08766556 -234.90798950 115.16447450
v -27.81700516 -214.29495240 109.61150360
v 70.30090332 -123.53441620 102.33611300
v 12.91369820 -102.01215360 111.60055540
v 65.97824860 -116.79590610 103.65576170
v 15.73770332 -102.59187320 100.44419100
v 6.27236700 -234.89640810 117.08119200
v 17.65269852 -234.03254700 114.76732640
v -2.41114020 -228.01266480 104.90917210
v 15.17546844 -231.87974550 100.70513150
v 83.00719452 -194.42214970 110.26702120
v 85.21379932 -178.48282389 97.95770874
v -22.48672676 -217.40359500 104.25204470
v 29.16417885 -231.66310120 113.38965610
v -15.77778339 -108.61090850 100.24554440
v 84.80688477 -179.86614990 98.25354767
v 70.70419805 -212.40426645 97.95770874
v 84.01259613 -196.29856870 105.60632320
v 44.21194077 -226.48571780 107.23938750
v 84.83776093 -194.72120670 104.51848600
v 82.76944733 -185.74142460 99.32879639
v -34.73987747 -204.45163265 97.95770874
v 84.04347229 -178.63659670 100.99226380
v 26.53826141 -238.95727540 115.64421080
v 85.86670685 -153.34947200 111.85775760
v 68.58817885 -214.84896473 97.95770874
v 34.31286621 -103.69811250 109.06929780
v 54.95277405 -111.04257970 114.01345830
v -9.42323875 -226.80075070 114.00827030
v -44.15664291 -164.48150630 105.82807160
v 71.70576477 -126.15403750 112.84898380
v -45.30349731 -172.98327640 108.03794860
v 16.73943901 -234.27313230 114.95069890
v -42.21279907 -194.29687500 108.74536130
v -7.50818467 -102.21810110 118.52094726
v -38.29240995 -204.85334458 118.52094726
v 37.16967773 -242.61497500 117.68927000
v 47.10232925 -224.11941530 116.67073060
v 85.13946973 -158.97559103 118.52094726
v 74.83197021 -206.95346070 108.75730900
v -45.66841507 -185.54675290 114.04682920
v 33.72255325 -231.01599120 114.90914150
v 54.73471069 -110.14960480 108.80191800
v -46.27918243 -173.20346070 112.84911350
v 14.09586525 -102.27670290 107.33129120
v 19.37741661 -102.25430300 114.83720400
v 69.96859741 -125.97822570 118.26837920
v -24.42420387 -117.35282900 102.98714450
v 76.68608093 -206.77581790 104.52373500
v 87.79183197 -165.72563170 106.07412720
v -4.59358883 -103.02073670 105.12580110
v -38.37933731 -199.00802610 99.08914948
v 76.45219421 -131.44357300 110.35021210
v 83.66639709 -161.60025020 103.30137630
v 55.98075485 -110.08357240 104.56129460
v -0.79110563 -101.36506650 117.88026430
v 46.44003677 -225.32594300 109.79496770
v 31.74686813 -230.83956910 112.99709320
v -41.19601059 -195.89405820 106.81459050
v 80.94016861 -144.52322057 118.52094726
v 86.30167389 -154.71308900 106.34135440
v -37.82742691 -138.25195310 112.71823120
v -37.83591843 -141.97378540 103.67855830
v 74.40433502 -207.70606990 98.71121216
v 86.03633758 -165.99280366 118.52094726
v -44.53950882 -178.40740970 104.40525050
v 86.32212830 -163.34545900 116.63193510
v 73.35452254 -204.55249847 118.52094726
v 40.18087006 -104.80491640 104.86750030
v -46.20932770 -184.91252140 116.42071530
v 9.42681694 -102.22794340 100.76121520
v -43.72746658 -181.74972530 101.83076480
v -37.80890274 -138.63916020 111.59844970
v -25.51432610 -117.33319850 114.89540100
v 32.97592926 -230.52580260 101.77346800
v 32.97592926 -103.42945100 110.59722140
v 84.80379486 -193.46183780 103.91338350
v 84.31556702 -149.75885010 113.61487580
v -45.74058914 -173.22088620 110.17907710
v 83.54752350 -197.53053280 103.90745540
v -16.52725410 -108.05651860 112.81272130
v 36.12374878 -230.29544070 115.53900150
v 82.25651550 -199.34771730 105.15047450
v 50.84972382 -108.18913270 110.32644650
v 73.26500702 -204.75122070 118.31424710
v 56.87577438 -110.58025360 99.65512085
v 83.29858398 -197.89552310 103.59734340
v 52.51568222 -222.56936650 107.74835970
v 71.73085022 -123.62180330 103.31014250
v 63.71844190 -123.08383106 97.95770874
v -20.08765602 -111.87976070 107.02400970
v 88.25188446 -159.23196410 107.86788940
v -46.44031906 -173.97642520 113.56987760
v -26.91648674 -119.65228270 111.59472660
v -13.56285858 -222.52349850 102.11725620
v -29.17285538 -123.93745420 106.51451110
v 78.74397278 -145.34315490 103.51908110
v -20.30844066 -218.00315293 97.95770874
v 84.14613342 -195.83035280 103.58216860
v 83.39314270 -191.01277160 102.63391880
v 80.79530334 -194.16169740 116.67291260
v -35.80697250 -137.78234860 101.11713410
v -9.50868130 -103.49936680 114.75865170
v 89.08631134 -163.88146970 109.72465520
v 82.39314270 -187.61354060 98.63663483
v 42.46338654 -105.32736210 100.68482210
v -18.38482338 -223.23793848 118.52094726
v 29.99648094 -102.73915100 118.04585270
v -3.40129185 -229.44744870 114.84349060
v -44.95961761 -168.86709590 107.57810970
v 70.00757599 -213.83583070 99.30422211
v -36.18694305 -132.84512330 118.08633420
v -7.96909473 -224.73645747 97.95770874
v 60.48654175 -113.94334410 108.26713560
v -38.53507233 -142.33021550 107.06830600
v -9.69398689 -225.59846500 108.73752590
v 80.56874847 -200.53529360 101.16051480
v 72.58843231 -126.72686770 102.68109130
v -43.68289185 -194.05984500 115.45587920
v 51.83910751 -107.84439090 103.13977810
v 84.01860447 -153.59118140 118.52094726
v 81.37422943 -150.75198360 104.24309540
v 89.63243103 -176.54147340 109.41711430
v 34.74474335 -229.79814150 111.60946660
v 80.64748383 -152.58461000 100.85669710
v -44.26085281 -183.73205570 105.78550720
v -45.27860641 -176.87948610 107.76492310
v -7.39944865 -102.18920953 118.52094726
v 73.18627167 -136.00402830 101.45399480
v 50.24146271 -107.58042140 98.41201782
v 24.87706975 -252.19077486 118.52094726
v 86.32559967 -188.07180790 104.49088290
v 86.62316895 -189.29888920 108.06729890
v 44.85975647 -226.49905400 101.69706730
v -36.75680161 -140.55477910 100.02023320
v 32.24802399 -238.75820920 116.16790010
v -12.28893089 -105.24527740 111.42004390
v 72.55595615 -209.51679406 97.95770874
v 77.59306335 -206.36999510 101.77346800
v 43.59499359 -105.54576870 98.79402161
v 85.13108063 -164.04492190 104.79988860
v 17.39111519 -232.01199340 99.32879639
v 17.39111519 -243.80250550 116.81617740
v 17.39111519 -102.51538090 105.86065670
v 17.39111519 -102.06927490 115.52478030
v 17.39111519 -239.52432250 115.91864010
v 17.39111519 -101.77252200 118.42782590
v 71.98326111 -131.91928100 102.08446500
v 61.14034271 -215.80880740 117.61985020
v 79.48191071 -142.80679320 103.98008730
v -36.89361825 -141.81603127 97.95770874
v -43.88956833 -177.56286620 100.89089970
v 68.13571167 -122.48542020 101.21430970
v 10.92609119 -237.25154110 116.61653140
v -10.80629921 -225.81452940 112.52125550
v 59.38735199 -112.08035280 104.61196900
v 35.57027935 -229.81054505 97.95770874
v -44.21125793 -169.54745480 103.14904790
v -43.30551968 -178.32298135 97.95770874
v 19.23287392 -244.53134160 116.79086300
v 87.45257568 -163.74774170 113.69792940
v 76.63783264 -129.88784790 105.12308500
v 43.24396896 -226.39758300 113.14350130
v 4.23236704 -232.52262880 115.85034940
v 54.21405792 -220.71382140 114.60801700
v 53.37127520 -223.44030144 97.95770874
v 84.41436768 -175.50434880 101.43448640
v 60.13918304 -113.42050170 107.30967710
v 79.51097440 -148.04636023 97.95770874
v -30.08158112 -123.30998990 115.55688480
v 19.72119904 -232.24652100 107.73236850
v 56.84277344 -221.16079710 102.28881840
v 51.91841888 -221.38568120 117.12346650
v 10.95122528 -101.73860170 114.00384520
v -0.41402784 -232.80432130 117.91114810
v -27.93717920 -212.01882567 97.95770874
v 4.35307360 -233.10200500 116.44013980
v 70.79414368 -122.26644130 103.27694700
v 12.25347424 -101.66326900 115.77305600
v -31.55668640 -127.64698030 108.15182500
v 75.92498016 -142.31509400 101.71716310
v 2.70685792 -234.93237300 117.97528080
v 15.00469088 -231.76831786 97.95770874
v 89.62857056 -168.73809810 109.71433260
v -47.13194656 -171.07336430 117.60864260
v -46.74003360 -184.10363961 118.52094726
v 66.40394592 -213.83128360 110.32984160
v 49.04018784 -225.22315980 98.56481934
v 19.88387680 -102.63703920 107.39250950
v 86.28430176 -170.82508850 118.48786160
v -6.69290400 -227.79319760 113.27091980
v 62.46203232 -217.82701110 104.52043910
v 83.20286560 -182.60931400 100.55134580
v 30.18424416 -103.16447450 109.62168880
v 79.88021088 -194.57798770 99.94641876
v -37.94302368 -136.76657100 117.21614070
v -33.68578720 -207.50100710 107.18420410
v 33.50043488 -230.37512210 102.59471890
v 7.53442144 -233.42346190 115.80533600
v -24.70730400 -215.11221310 98.83410645
v 88.90066528 -162.44061280 109.41307070
v 40.97747040 -104.87443540 109.45127870
v -39.69794464 -148.82948300 99.72836304
v 74.75284576 -129.96160890 112.19307710
v 59.97187424 -115.65219120 117.85137180
v 62.55466080 -114.35902400 100.87321470
v 78.39275360 -198.22689820 99.59185791
v -29.43231392 -212.78140260 110.52040100
v 44.11024224 -234.98760216 118.52094726
v 73.50969696 -210.66500850 100.85669710
v 56.48345184 -112.57093810 117.39775850
v 55.59286880 -219.28108220 117.67871090
v 20.13725281 -234.33442690 114.85218050
v 86.40857697 -185.38809200 111.84210210
v 75.58534241 -202.90734860 98.59268951
v 89.21289825 -164.35050960 107.88515470
v 43.35801697 -226.20413210 114.76080320
v 25.51519585 -231.88809200 106.43363190
v 40.01374817 -228.24665830 116.14650730
v 78.16225377 -198.05061687 118.52094726
v 80.47766113 -152.04849240 100.55500790
v 83.08862305 -144.25540160 111.31683350
v -45.04144287 -173.90002440 106.51040650
v 70.19051361 -121.48223880 105.59326170
v -35.88996767 -207.60396333 118.52094726
v 77.32740449 -143.42649291 97.95770874
v 35.64979553 -104.00329590 105.11579900
v -29.34354591 -211.48434450 103.38159940
v 79.21945953 -197.13967900 99.98684692
v 66.11949921 -125.25285340 99.67833710
v -45.25564575 -159.07336430 115.90402220
v 70.47766113 -209.41822810 113.77441410
v 70.98557281 -132.32089230 100.55112460
v 81.85473633 -142.96389770 113.30184940
v -46.72295071 -184.20770607 118.52094726
v 59.55813217 -220.35565190 99.33763123
v 84.44871521 -149.53659060 105.76008610
v 61.63956833 -120.34050750 99.04920197
v 69.25419617 -121.44927980 102.05398560
v -14.86844063 -108.10995480 98.63229370
v 77.76866913 -132.53639220 104.48578640
v -33.71396255 -133.70117190 99.32879639
v 87.31401825 -177.79623410 114.91359710
v 73.92111969 -129.67773440 114.01196290
v -8.42092959 -104.56826737 97.95770874
v -42.04351647 -199.12281631 118.52094726
v 82.17082977 -156.40530400 100.85669710
v 83.24300385 -156.02728270 104.51632690
v 3.80748129 -229.84095760 102.82432560
v 84.00062561 -177.94902040 102.07906340
v 42.35512161 -231.78921510 117.74887080
v -22.80861855 -217.33775330 105.19611360
v 79.64053345 -194.75314330 98.40904236
v 82.71810913 -194.60339360 102.02371220
v 59.77330017 -115.09031680 116.11683650
v -1.23677087 -231.28562930 116.89275360
v 73.50180961 -130.97710906 118.52094726
v 85.82192993 -191.38380430 107.71330260
v 12.66475105 -231.84188840 107.71937560
v 43.15865441 -238.08498962 118.52094726
v 79.67140961 -137.73318480 112.09620670
v -14.15645599 -225.17538450 116.71266940
v 58.52822113 -111.15834050 102.99579620
v 23.04442978 -102.35658260 116.38422390
v 79.89101410 -203.33715820 102.37746430
v 18.27079010 -102.00640870 116.90948490
v -1.88939166 -227.91479490 101.98458100
v 64.43829346 -117.00729370 108.26624300
v -11.63851166 -223.24545290 99.94316101
v 74.74319458 -129.04219060 103.27510830
v -33.28305054 -209.39646910 114.20210270
v 23.11920738 -235.05699160 115.00356290
v 53.86476898 -109.06243900 99.03536224
v 58.77407074 -220.85316470 98.52662659
v 80.95276642 -192.94618230 100.91938780
v 85.61042786 -161.46655270 105.20116420
v 77.40663394 -198.83492097 97.95770874
v 78.63281250 -205.09931950 102.39400480
v 62.22328162 -121.56664362 97.95770874
v -37.86853790 -142.39834590 102.79966740
v -0.86756510 -102.43409730 106.89201350
v 71.15191650 -122.36318970 103.94473270
v 43.08090210 -105.39640050 108.72550960
v -31.98075294 -130.48121640 98.43309021
v 42.32791138 -235.85731510 117.95954900
v -20.43916702 -221.08830260 115.45404820
v -36.69273758 -202.93455510 102.89878850
v 86.14728546 -159.20448300 115.27757260
v 18.10128226 -232.00882746 97.95770874
v 64.45621346 -123.83900895 97.95770874
v -40.10049438 -201.93742370 117.05269620
v -34.04626846 -206.54324340 104.47003940
v -41.54684830 -146.24438480 115.63874050
v 83.86940002 -180.00173950 100.38929750
v 75.65249634 -128.34814450 106.05459590
v 76.40355682 -130.01751710 107.73382570
v 33.65249634 -230.76747130 114.55160520
v 66.65056098 -126.14590070 97.95770874
v 70.28584290 -212.70137020 103.92684940
v 55.06314850 -221.69236760 104.60106660
v 65.88445282 -123.10688780 100.51921080
v 68.23065186 -119.00983430 103.60696410
v 48.37654114 -223.86257930 113.99685670
v -43.43087006 -160.68350220 104.90571590
v 41.13416290 -104.74447630 114.83720400
v 74.67024994 -204.46427920 98.29785919
v 2.15008354 -102.18195340 106.58642580
v -4.42710686 -227.49766540 106.91027830
v -33.06697886 -210.62485868 118.52094726
v 83.17816162 -192.33757020 112.47512820
v -28.20354462 -123.24729920 99.22767639
v 21.65625954 -234.00953670 114.69642640
v 75.46067810 -130.72265620 103.37566380
v 48.95469666 -224.75349430 102.98855590
v 82.45604706 -198.95608520 102.66585540
v 28.45045090 -242.43594360 116.37197880
v -43.74136734 -161.84455870 105.55297850
v 63.69905507 -218.19945129 97.95770874
v 82.91880035 -186.35260010 102.11226650
v -26.82909085 -217.08776308 118.52094726
v 61.28931427 -113.16922000 103.98725130
v 75.22293091 -208.58618160 103.60697940
v 63.23971939 -117.49208070 112.87177280
v 84.78796387 -164.35050960 104.50991060
v 41.57549667 -228.20402530 117.05724330
v -41.38976669 -195.30021670 106.60528560
v -40.06981277 -145.22837830 109.73338320
v 10.11438179 -101.83049010 112.27794650
v 82.24724579 -156.89724730 102.38464360
v 83.55600739 -195.29055790 102.67506410
v 51.16484451 -222.41938780 114.14413450
v 84.07048035 -179.21199040 100.40194700
v 40.48576355 -227.60841370 112.92743680
v -9.57980061 -224.95962520 105.13491060
v 89.22293091 -180.16452030 107.88514710
v 82.27812195 -187.75914000 101.48568730
v -38.37297821 -141.42248540 108.27873230
v 59.99657059 -220.26052860 98.41201782
v 82.04616547 -188.73960880 101.45938870
v 88.23605347 -160.22512820 107.27400210
v -23.81084061 -217.99105830 111.91230010
v 7.54421091 -233.11137390 115.52139280
v 75.86746979 -140.90563960 102.40522000
v -27.47689629 -213.74691770 105.33886720
v -46.49281693 -172.60130310 113.99685670
v 89.54288483 -167.71194460 107.88515470
v 2.24964451 -236.13957826 118.52094726
v -45.52542877 -188.15155030 116.03823850
v -43.99513245 -158.50061040 110.00216670
v 76.68221283 -204.60021970 99.30001068
v 39.68780899 -227.94383240 115.06758880
v -22.96329117 -219.78297420 117.28196720
v 54.78796387 -222.39421080 100.85669710
v 79.77947235 -138.38534550 112.80984500
v 78.51200867 -146.58383180 102.99147030
v 58.01432419 -113.52255250 115.83538060
v 49.77580643 -223.01051330 114.76537320
v 27.70459747 -240.82305910 115.99233250
v 89.07974243 -167.02345280 110.85592650
v -41.10293149 -155.26655078 97.95770874
v -29.45258141 -213.20974730 112.62232210
v 75.17237091 -128.45082090 103.86530300
v 43.71115875 -226.24368290 112.46894070
v 43.22949219 -227.89035030 117.69702150
v -36.71917725 -140.05795290 101.01159670
v 84.45295715 -193.67387390 108.17623900
v -1.93134236 -230.22048950 115.51155090
v 79.79336548 -201.66598510 100.86782070
v 87.77175140 -173.93823240 114.67647550
v 61.12547684 -114.73815920 99.68483734
v 69.49116516 -214.13218690 98.36907959
v 4.81894756 -239.50077844 118.52094726
v -44.67710876 -175.41841130 104.67652890
v -15.45919132 -222.58752440 108.80042270
v 87.32289124 -186.00776670 105.41781620
v -44.33303452 -162.39924620 108.18260960
v 78.00563812 -198.57598880 99.36493683
v 86.25727844 -190.79309080 107.28807070
v 89.38271332 -179.17773440 107.88227840
v -37.72959900 -200.72036740 100.53345490
v -32.18328476 -209.40495300 108.65113830
v -18.57145500 -110.28262330 108.40039830
v -39.13465500 -142.11106870 111.16584780
v -45.67710876 -158.65534970 118.27336880
v -13.60705948 -106.30136870 108.80191800
v -4.04665756 -102.94679260 104.72470090
v 8.64178276 -239.15676880 117.44509120
v -44.75301532 -192.69217501 118.52094726
v 50.45769060 -221.98624966 118.52094726
v 46.10675812 -225.91380310 102.99579620
v 72.90837860 -134.73547360 101.78570560
v -6.32398748 -103.51368710 103.22499080
v 34.75399780 -229.95664980 105.63146210
v 47.97786212 -223.85406506 118.52094726
v -18.92325020 -111.22912600 100.65826420
v -43.98683548 -193.91651920 116.67517090
v -31.16929436 -127.42135620 106.27631380
v 17.75399780 -102.56445310 104.60012820
v 17.75399780 -101.87518310 117.77846530
v -21.39652252 -218.00468440 103.38412480
v 47.93925476 -106.49119570 99.93995667
v -38.02234268 -137.68484500 115.37709810
v 79.64361572 -139.13977050 104.29438780
v 77.87480164 -134.87103270 103.97626500
v -43.32747676 -171.21604699 97.95770874
v 48.87645028 -107.21795052 97.95770874
v 84.31439972 -195.51260380 106.04808040
v 83.92846692 -183.26699306 97.95770874
v 77.14419556 -132.92929080 111.14418030
v 86.68954468 -181.02789310 114.47665410
v 7.63150692 -102.04194640 105.51687620
v -33.19544220 -208.67338560 110.48587040
v -40.45807004 -152.32799291 97.95770874
v -33.30546844 -133.24908878 97.95770874
v 57.86631012 -220.40419010 103.86777500
v -40.48355484 -152.08837890 98.43336487
v 82.85781860 -158.36898800 100.48226930
v 25.71829605 -102.47169490 116.63251500
v 25.71829605 -102.54483030 115.63936610
v 7.46848869 -230.74665830 103.89345550
v 79.23566437 -139.84622190 104.04054260
v 7.80339813 -101.23648070 117.75936890
v 7.80339813 -101.43878170 116.10186000
v 5.39691877 -101.60032650 113.63396450
v 5.39691877 -102.13497160 102.84300230
v 28.55079269 -231.59674070 112.46320340
v 86.97090149 -185.75314330 110.47392270
v -45.53894043 -158.54440310 117.66385650
v 54.23373413 -110.84466550 116.54334260
v 35.16735077 -229.68684390 113.20280460
v 1.76300389 -235.73367120 118.52094726
v -23.32743835 -114.14254000 118.35014340
v 68.42362213 -122.94406130 114.60629270
v 88.81188965 -181.84523010 107.23975370
v -30.27880859 -211.86787410 110.59553530
v 61.20748901 -113.64163970 100.26239780
v 67.66870117 -125.80687710 100.85155490
v 46.03921509 -106.24324040 111.80046080
v 86.51818085 -152.73829650 108.19073490
v 34.95314789 -230.65596010 115.22892000
v 88.56488037 -182.76199340 106.96840670
v -37.50999451 -200.47883610 98.35164642
v 44.27571301 -227.03924041 97.95770874
v 73.38618469 -136.11283870 98.67546844
v 63.33755493 -214.81130980 115.13284300
v 9.29461861 -242.80857850 118.02610780
v 54.43384933 -109.57952880 106.47116850
v 85.02802277 -168.17031860 99.93996429
v -31.26298523 -127.35780330 107.31010440
v 73.77418853 -131.38156427 118.52094726
v 67.50698853 -123.09658810 100.98411560
v 79.33099365 -139.76092530 116.28808590
v 66.44793701 -121.78659060 117.89305110
v 77.81652069 -131.70162960 105.75006870
v 84.77252197 -176.72668460 103.77724460
v 84.77252197 -150.14083860 105.90900420
v -23.76163483 -115.86099240 109.55920410
v 84.54056549 -174.35839840 101.46788020
v -38.95152283 -198.26631160 100.36172490
v -9.86072731 -224.31805420 101.20521550
v 81.71733093 -200.41139220 104.52580260
v 3.94577766 -236.85034180 118.18487550
v 82.94091365 -149.75685419 118.52094726
v -5.31771803 -227.19096370 107.19823460
v 69.66600037 -120.77809910 105.15324400
v 21.82867813 -236.73440550 115.25611880
v -34.84943771 -135.12759400 102.74801640
v -46.60919962 -164.75309360 118.52094726
v -36.45962906 -137.54911800 106.20650480
v 52.48517990 -223.14471440 103.26784520
v -44.82724762 -165.88247680 108.44154360
v -44.04801178 -176.47839360 101.46788020
v 73.01374054 -125.37782290 107.43310550
v 77.92304230 -145.26370240 98.77878571
v -14.08030874 -107.65645799 97.95770874
v -46.20800922 -187.26965116 118.52094726
v -14.45382298 -107.89763446 97.95770874
v -47.09857178 -173.21246340 116.89991000
v 88.80146790 -165.27667240 111.07280730
v -42.85445786 -188.53393550 103.41138460
v 2.99649382 -230.95153810 112.93154140
v -15.93946266 -107.52600100 113.27108760
v 85.17738342 -156.63163760 105.46949770
v 71.03342438 -125.56793210 113.41428380
v -39.81219482 -149.95852660 98.20101929
v 87.27194214 -157.39619450 110.86653900
v 67.94079590 -127.79291530 99.32879639
v -2.43368602 -102.84671780 100.53202820
v -38.28382874 -144.98121640 99.32879639
v 84.96974182 -178.40740970 98.71762085
v 79.61414502 -195.33378289 118.52094726
v 56.86399078 -220.83839420 104.42410280
v -19.54376602 -218.80474850 100.22643280
v -35.48014746 -131.40110540 118.52094726
v 62.05773926 -217.00808720 109.35505680
v 66.94542694 -212.38244630 113.99566650
v -22.51578522 -219.68107600 115.52478030
v 72.60578918 -205.58059690 118.11810300
v -44.78228378 -171.13177490 105.97261050
v 43.85188198 -236.03246856 118.52094726
v 77.29162598 -203.62265010 109.71784970
v 48.94272614 -106.79918670 102.76661680
v 84.99868774 -193.83743290 106.65597530
v 31.02782822 -250.31594850 118.37125400
v 88.65364838 -162.51699830 107.27400210
v 87.35800934 -156.09973140 107.57958220
v 51.26538086 -108.95462040 115.94493100
v -9.04149914 -102.88922120 117.45435330
v -18.27813530 -219.40621950 98.95063782
v -10.43806362 -225.39990230 109.58877560
v 83.51239014 -191.39474490 102.70878600
v -20.37915802 -111.45318600 114.14733890
v 71.93616486 -210.31863400 107.29600520
v 66.75360870 -121.03953550 100.69674680
v 61.07819366 -217.56393430 109.52786250
v -38.94612122 -139.55541990 115.96183780
v 84.53554535 -178.58349610 103.56919100
v 74.99482727 -203.12344360 98.11502075
v -9.20909977 -225.57624820 107.46668240
v 74.22871399 -135.01843260 102.44039150
v 68.32327271 -122.48252870 113.54061890
v 48.19127655 -223.45788570 116.74604030
v 75.78062439 -132.87612920 114.98667910
v 86.21133415 -175.76123130 118.52094726
v 84.53361511 -169.08708190 102.09500120
v -26.67113113 -119.99893950 107.37399290
v 86.27361383 -170.67822442 118.52094726
v 60.33446503 -119.11826320 98.71491241
v -44.23346329 -166.92869570 104.66860200
v 60.87518311 -216.92095950 113.12916560
v 76.82732391 -132.87528990 103.73051450
v 42.83118439 -105.26113890 112.91381840
v 87.17352295 -157.01647950 106.72123720
v 41.42612839 -227.27163700 112.33524320
v 82.79837799 -141.62194820 106.63536830
v -42.97634713 -167.28533222 97.95770874
v 83.57761383 -194.58515930 102.64231110
v -13.38026905 -222.84704590 104.05844880
v -31.70673561 -128.26254270 106.66024020
v 84.11833191 -159.30836490 104.55735780
v 29.25293159 -232.03431700 114.29535680
v -46.31007385 -169.87599180 114.13188930
v 36.46845287 -104.30610920 97.95770874
v 83.88383079 -185.53304705 118.52094726
v 12.96013927 -231.63371280 99.93996429
v 3.25165415 -229.33703610 98.16371918
v 58.80590439 -115.91535950 98.70821381
v -34.88629913 -132.87528990 110.40624240
v 84.95545959 -174.81678770 100.09275050
v 79.58610535 -203.78317260 102.38464360
v -20.92383385 -112.00280760 114.25128170
v 34.33813095 -231.57310490 115.52569580
v 58.68606567 -113.79860690 114.11402890
v -6.77128601 -225.94247440 102.31975560
v 32.64862823 -230.59541320 103.55922700
v 57.83214951 -110.90065770 103.60700230
v 20.75254631 -239.37152100 115.65119930
v 20.75254631 -242.95172120 116.33057400
v 84.76943207 -173.44427490 103.61394500
v 1.36702311 -102.11723330 109.62318420
v 53.19224167 -108.94594570 98.70945740
v 86.84237671 -184.86820980 111.36875150
v 84.88416359 -164.49931780 97.95770874
v 86.59729767 -154.02621460 106.98844910
v -32.39903641 -209.00747680 107.80876160
v 28.39216232 -240.13549800 115.93331150
v 28.39216232 -231.47216800 109.87147520
v 43.25572968 -233.31713870 118.11190030
v -28.36266136 -212.85406490 105.28109740
v -21.72188568 -218.04435730 105.12723540
v 0.00723560 -231.28359990 116.11857600
v 77.01335144 -130.51142880 105.12284850
v 83.19667816 -149.05844120 116.71596530
v 85.39803496 -160.81808351 118.52094726
v 64.65132904 -115.72215270 103.91252900
v -39.21536152 -196.70171912 97.95770874
v 43.65229416 -105.54623410 108.55361940
v 80.06868328 -194.02273611 97.95770874
v -25.05564056 -116.21641915 118.52094726
v -45.54608536 -182.34179690 111.05558780
v 59.89544296 -112.25378420 104.07367710
v -34.44361624 -204.80949734 97.95770874
v 66.25572968 -117.15440370 102.43447880
v 23.08263016 -250.83172610 118.12152860
v 88.93847656 -163.28097530 107.57958220
v 61.86360168 -216.35375980 112.76443480
v -19.51048088 -220.62176510 110.60639190
v 78.40818024 -145.39682010 103.29146580
v 87.21173096 -177.41424560 115.33377840
v 34.35105896 -103.74849700 107.57957460
v 34.35105896 -241.05224610 116.80901340
v 34.35105896 -246.09439090 117.80708310
v 34.35105896 -104.01074220 98.10643005
v 25.51355240 -231.88645164 97.95770874
v 59.35569000 -114.05857850 112.46716310
v 78.99096680 -204.07476810 101.16618350
v 82.60462952 -187.14826970 101.80384830
v 4.10038376 -231.84317020 114.70366670
v 87.49694824 -163.17439270 106.07069400
v -12.93237400 -222.79293820 101.65766140
v 49.10597992 -223.97036740 110.56385800
v 9.81062248 -101.20984407 118.52094726
v 29.15750504 -102.61468510 118.04136660
v -34.66862488 -205.63465880 103.39302830
v 40.62045288 -236.12425230 117.51087190
v 76.19011688 -129.91587830 104.23538970
v 62.54094696 -121.75534060 98.42134094
v 9.90769768 -232.37356570 112.92966460
v -16.98761368 -221.76663210 108.91355900
v 6.88191080 -101.41130070 116.06873320
v 0.39455593 -102.23686220 108.91801450
v -0.34926999 -228.89120480 106.66281890
v 41.67641449 -227.60328670 116.75045010
v 68.72967529 -212.28399660 109.37109380
v -43.52099991 -172.60130310 98.59992981
v 76.75592041 -200.21934510 98.71594238
v -17.93638039 -109.61968230 109.10749820
v 57.66792297 -220.36523440 104.77366640
v 10.60066409 -231.18771972 97.95770874
v 83.48652649 -147.23777770 105.47534940
v 14.67438441 -101.53207683 118.52094726
v 84.78679657 -169.39263920 103.86880490
v -46.19081879 -187.26936340 118.42784120
v 70.13299561 -212.09841920 106.42638400
v -38.04203415 -200.40289310 101.31806180
v -6.73744535 -225.72528080 100.62811280
v -22.71314583 -216.43044736 97.95770874
v -7.51402903 -102.73226930 115.52478030
v 89.46877289 -174.12921140 107.27400210
v 38.43982697 -228.74012760 101.46788020
v 15.87185001 -234.28025820 114.95244600
v -27.04570007 -120.99213410 103.25363920
v -31.84751511 -210.69128420 113.00182340
v 88.45372009 -182.84979250 106.63337710
v -36.26520471 -132.85698357 118.52094726
v 84.86630249 -157.01647950 118.27503970
v 5.23351145 -230.29199220 105.07760620
v 67.33870697 -214.66473390 104.57888790
v 65.81304169 -216.29385380 102.24435420
v 15.78679657 -231.93952940 103.45418550
v 15.78679657 -102.08427430 113.21378330
v -24.55650711 -116.00097660 115.99259950
v 48.25727081 -106.55293270 100.87150570
v 85.14225769 -148.09942630 107.57958220
v 68.88212585 -126.91639710 101.27385710
v 68.88212585 -126.45801540 101.35156250
v -24.47979927 -215.65950010 101.58248140
v 80.24607849 -192.91333010 99.60192871
v 85.16194153 -185.62075810 114.62332150
v -17.78199959 -110.38708500 98.48841858
v 41.39962985 -104.80391029 118.52094726
v 11.21047401 -246.39508060 118.36502080
v 79.49964905 -134.77760310 107.66423030
v 75.86437225 -202.90776060 98.76860809
v -41.79502487 -152.40191650 105.56298070
v 27.17506409 -233.17956540 114.75392910
v 37.23681641 -229.16860960 103.83616640
v 73.04306793 -136.10916140 100.55112460
v 63.80184937 -218.00677490 99.62634277
v -14.67619991 -107.44619750 104.37094120
v 55.80842601 -113.67399853 97.95770874
v -32.82049175 -126.75482968 118.52094726
v 53.49370217 -220.18541340 118.52094726
v 21.17069929 -102.00636787 118.52094726
v 89.84391785 -170.95877080 109.10749820
v 34.91493225 -230.14204410 114.56771090
v 53.11034729 -109.93229212 97.95770874
v 69.21713257 -129.53547670 100.20411680
v -44.72111511 -179.97065730 105.91475680
v 52.01855850 -109.22398380 113.92045590
v 62.43026282 -121.76050251 97.95770874
v -45.68117142 -179.93533330 110.57060240
v -43.97854614 -162.98970030 105.86249540
v 47.13550186 -224.09376530 117.11736300
v 87.24877930 -181.92161560 105.11291500
v -28.72700310 -121.04801940 117.31777950
v -42.80544662 -163.96853640 99.32879639
v 26.40586090 -102.80088040 110.69271850
v -9.14086550 -228.55311638 118.52094726
v -28.74002838 -214.88494870 116.64005280
v 79.86427242 -148.82049365 97.95770874
v -26.87289238 -118.52471920 118.14134220
v 82.13576298 -147.42456198 118.52094726
v 75.68374634 -205.60804750 98.93363953
v 62.52936554 -114.67520140 100.56140140
v 72.85588074 -133.98507690 102.08318330
v 89.35723114 -169.40124510 107.27351380
v -32.04492950 -129.81845090 102.31779480
v 45.18991466 -105.96389992 97.95770874
v 30.66782570 -232.23390200 114.88804630
v -20.49678230 -220.75183110 114.22653200
v 88.09246826 -164.19772340 106.38984680
v 82.43017578 -141.52551270 109.43301390
v 62.83426666 -216.34675600 110.08360290
v -37.42007446 -204.02018740 110.32984160
v 79.85202026 -197.50747680 114.25392150
v 74.17660522 -207.65243530 108.71933750
v 74.23102570 -209.74655150 102.97747800
v -37.55110550 -142.04733280 101.61711120
v 68.29084778 -215.18836980 99.26081848
v 31.68505962 -230.87035965 97.95770874
v 10.92129898 -241.87521360 117.50061040
v 40.41906282 -104.51717135 118.52094726
v 84.26267242 -176.61209110 101.46788020
v 44.08320618 -105.63597110 105.32588960
v 7.92175722 -232.08471680 113.39030460
v 2.02089834 -229.20648190 101.08589170
v -45.24234390 -164.12130740 111.85775760
v 87.92419434 -184.55380250 109.24839780
v -44.33400726 -157.62907410 112.74650570
v 69.32442474 -124.31892400 101.75566100
v 81.99057770 -190.53724670 101.80413820
v -47.34799254 -171.55688041 118.52094726
v -3.22128534 -227.80339050 105.68402860
v -38.30204310 -198.77625805 97.95770874
v 73.46568298 -135.97515870 101.79299160
v 86.23406954 -168.23030597 118.52094726
v 65.00370026 -212.82687380 117.76251220
v 12.90258026 -234.30812070 115.22148900
v 78.13646698 -199.21598820 99.58725739
v 45.40779114 -105.96797180 106.51004030
v 71.97282410 -133.97552490 100.55112460
v 32.01489258 -103.48352810 104.33274840
v 60.47784042 -219.66098020 100.70390320
v -40.70645142 -196.28338620 105.17295070
v 38.05406570 -229.74305730 116.15684510
v 51.08590698 -107.55177310 103.22499080
v -42.48375702 -189.08285520 102.18441770
v 83.09632874 -157.94226070 99.12754059
v 75.07934570 -140.65237430 101.46786500
v 12.61571179 -101.37808434 118.52094726
v 20.04749419 -102.95537353 97.95770874
v 76.21383787 -141.26689332 97.95770874
v -25.54194069 -214.46606450 99.14573669
v 8.55252075 -230.98413090 102.57563020
v 83.58995819 -181.54910280 102.34114840
v -20.36324501 -219.27722170 106.86486050
v 78.95854187 -203.02043150 100.56258390
v 85.64978027 -149.82562260 107.56182860
v 43.67139435 -105.50797270 112.08695220
v 43.67139435 -105.53321080 110.10065460
v 82.35337067 -155.16122440 98.41193390
v 85.17274475 -193.43792720 104.51451870
v 16.13057899 -238.87495420 115.97953800
v 84.95391083 -155.02011110 116.30484770
v 34.65634155 -248.92095950 118.49663540
v 62.62450027 -217.58898930 105.10720830
v -40.94986645 -154.49539993 97.95770874
v 65.13260651 -116.64635470 101.18437190
v 72.85472107 -133.48646550 102.25836180
v -46.77206421 -170.34759520 116.23143010
v -43.52408981 -182.32080080 101.12460330
v 78.44762731 -197.56094738 118.52094726
v 10.82104683 -235.85731510 116.38410950
v 10.82104683 -102.24211880 101.92624660
v 10.82104683 -231.38226320 101.16228490
v -46.46986389 -181.29135130 115.06640620
v -36.91602325 -139.01913450 105.21128850
v -36.03586197 -136.52951050 106.40733340
v 79.09516907 -148.07403560 102.99755100
v 23.18185323 -102.13824507 118.52094726
v -37.96846229 -136.32099523 118.52094726
v 65.46182251 -116.45250700 102.09099580
v 49.63029099 -107.32240300 106.89201350
v 49.63029099 -106.95162200 101.46788020
v 49.63029099 -106.94631960 100.55112460
v 14.69763947 -235.35966490 115.62733460
v 76.82577515 -205.81730650 106.35597990
v -13.16496277 -106.30948640 106.06668850
v 66.35380587 -216.55017951 97.95770874
v -1.70792341 -102.49016570 108.03794860
v -1.70792341 -102.76155090 99.86357117
v -1.70792341 -102.81597900 98.48842621
v -1.70792341 -102.44552610 108.95471190
v -1.70792341 -102.83245172 97.95770874
v -1.70792341 -102.70536800 101.20049290
v -1.70792341 -102.54456330 106.56731410
v -1.70792341 -102.16633610 112.31613920
v 84.55908203 -163.12817380 98.56481934
v 83.43649899 -158.02155360 97.95770874
v 76.31863403 -129.45211790 106.66281130
v 57.18933868 -111.77752690 109.20773320
v -40.66442644 -142.56775397 118.52094726
v -38.00884628 -141.01969910 106.96114350
v -8.30072212 -226.92347720 112.24707790
v 4.36477804 -102.00450130 107.97592160
v 85.35221100 -169.23986820 104.54698940
v 88.94425964 -181.30966190 108.80024720
v -35.87691668 -132.13863082 118.52094726
v 89.76479340 -169.54545590 108.19073490
v -42.77322388 -154.87738040 107.42678830
v -42.73192596 -158.82557680 102.92598720
v 85.61967468 -182.02941890 116.57237240
v 75.57760620 -133.94483950 103.05747990
v 80.77135468 -192.05159000 100.65840150
v 71.73854828 -211.87232970 99.00466919
v 55.13435244 -222.64183914 97.95770874
v 70.97050476 -122.79940030 103.04330440
v -4.57021332 -230.97712710 118.40802760
v 71.75630188 -125.11351780 110.31971740
v 83.88636780 -178.87280270 101.77345280
v 22.76749420 -102.95262910 100.66358950
v 45.67692652 -106.32837964 118.52094726
v -40.86662292 -152.73580930 99.55164337
v 82.61504364 -188.99282840 102.11618800
v -25.77688980 -216.35076900 110.96162410
v -27.07909012 -119.41889950 114.15335080
v -16.83777428 -220.85607910 103.35558320
v 84.93113708 -191.48999020 109.54626460
v 75.41203308 -203.10678100 116.20666500
v -12.68141460 -224.37255860 110.15438840
v 36.37556076 -103.66357420 116.40332030
v 45.02762604 -105.90670010 111.39936830
v 14.48131180 -244.57897950 117.37191770
v 81.88443756 -140.30978390 109.38764950
v 13.64770412 -102.47328190 100.49382020
v -11.86676884 -104.37150570 116.32269290
v 67.20439148 -123.92610170 100.89108280
v 71.82075500 -211.55178830 98.64280701
v 85.75437164 -150.81483460 106.96442410
v -46.62636948 -173.05697630 114.60080720
v 69.55522156 -209.41183470 116.12409210
v 36.52704620 -104.14424900 105.88919830
v 85.29895020 -176.00091550 98.71115112
v 82.97243500 -188.06375120 102.35342410
v 58.57798252 -221.01186766 97.95770874
v 82.96394348 -188.95007320 102.36975100
v 81.69647980 -189.09393310 100.86708070
v 74.72542572 -208.11309810 106.23027040
v -19.43734932 -111.47917180 103.45611570
v -9.52240276 -225.90168760 109.83457180
v -44.22961044 -171.56369020 102.55979920
v -38.59742355 -145.36260990 100.41611480
v 49.14611053 -223.74114990 112.12513730
v 88.87208557 -169.23986820 111.83763120
v -20.75783059 -111.28914198 118.52094726
v 43.53167725 -227.30978390 117.66043090
v 71.88713837 -212.05313110 99.88960266
v -5.22838163 -102.38694000 114.72616580
v 63.13877869 -114.45740510 101.46284480
v -44.95038611 -192.04090187 118.52094726
v -13.16149139 -105.96688840 109.52767940
v -18.82838931 -218.93256812 97.95770874
v 11.16482925 -231.39193730 100.03544620
v 72.42592621 -125.65156560 109.73084260
v 64.44561005 -115.38440700 102.38070680
v 77.08358765 -199.36233520 98.10643005
v -20.35137939 -218.69009400 103.36079410
v -31.91650963 -125.38762660 118.19161220
v 45.62044525 -226.05622860 118.28587340
v 87.90952301 -169.85104370 114.17911530
v 26.42496109 -242.37298580 116.21826170
v -28.55448723 -123.11109160 105.28769680
v 81.71770477 -199.05152890 101.76160430
v -38.38225555 -138.04000850 116.49359130
v 61.25475693 -120.33374020 98.68861389
v 49.63260269 -223.91186520 108.86129000
v -42.39827347 -156.90733340 103.15155790
v 34.28736877 -230.19779970 113.97988130
v 84.56332397 -176.87948610 100.43211360
v 41.68509293 -104.90160370 114.76080320
v 41.68509293 -104.88971710 118.12224580
v 41.68509293 -235.85729980 117.76197050
v 41.68509293 -237.07965090 117.88996120
v 41.68509293 -104.90095520 115.83036040
v 41.68509293 -104.88842138 118.52094726
v 41.68509293 -231.42633060 117.53236390
v 41.68509293 -105.19409180 100.85669710
v 41.68509293 -232.34309390 117.57839200
v -9.28224659 -224.25570680 98.82857513
v 76.06660461 -205.97335820 107.90583800
v -40.69101715 -151.82154850 99.93996429
v 23.77019501 -248.26733400 117.48309330
v -27.49009555 -212.45553842 97.95770874
v -44.69198227 -183.70533750 107.79437260
v 83.13075053 -187.64913980 118.52094726
v 61.29219437 -113.75390620 105.74893190
v -33.18580627 -208.35877990 108.96208190
v 18.32221293 -102.86369780 97.95770874
v 84.51423341 -181.38230430 97.95770874
v -46.15534227 -161.08585163 118.52094726
v -29.37482643 -122.34727480 115.33846280
v 71.50736237 -132.86720280 101.13571170
v -31.78654099 -129.72413640 100.18701170
v 56.53437805 -111.81686400 111.97234340
v 88.00215149 -163.35736080 106.42031860
v -45.94555283 -178.40740970 111.38694760
v 89.05271149 -162.80354310 108.16915890
v 87.73545837 -186.50540160 106.66281890
v 47.81749101 -223.97946196 118.52094726
v 85.17891693 -167.52096560 98.60301208
v 3.48701549 -102.23236080 101.46789550
v 3.48701549 -234.20809940 117.38945010
v 3.48701549 -101.49099730 114.89174650
v 3.48701549 -229.53730770 99.32879639
v 3.48701549 -101.77160640 112.08694460
v 3.48701549 -229.94532780 106.66279600
v 3.48701549 -102.17736050 103.79796600
v 3.48701549 -102.20788570 102.61382290
v 3.48701549 -231.14620970 113.15649410
v 86.01064301 -187.72772220 104.20552830
v 11.15083885 -231.59951780 107.43063350
v -17.23540115 -108.72073360 112.24314880
v 78.80763245 -134.29835510 104.83009340
v 1.62392173 -235.61388167 118.52094726
v 80.06660461 -136.69699100 109.31231690
v 79.31953262 -195.63544200 97.95770874
v -43.69873810 -182.80018620 102.32733920
v 10.82987118 -231.28326420 98.86891937
v 46.18721390 -226.34056090 98.25811005
v 89.60809326 -177.33786010 107.88515470
v 63.82885742 -117.97428130 112.75241090
v 59.34685294 -115.25190188 118.52094726
v -39.91197586 -202.55714420 118.04707340
v 78.30319214 -202.83016970 100.00211330
v 60.10384750 -111.99508670 101.46837620
v -45.06635666 -166.35523990 109.41746520
v 73.15537262 -126.15925600 108.76402280
v 7.28579950 -232.78863530 115.23721310
v 59.23487854 -217.83445740 113.70464320
v 56.56892014 -110.98837280 107.31880950
v 57.95043182 -114.34370420 98.59232330
v 76.30512238 -202.53309630 99.01930237
v -10.05690002 -223.73849852 97.95770874
v 81.19937134 -190.20758060 100.24552920
v -46.81471634 -168.65200810 117.29586790
v -15.79324818 -107.48899840 112.31365970
v -23.40589714 -115.25672150 111.07469180
v 16.14967918 -249.98825070 118.37046050
v -16.31423378 -221.19552610 103.61468510
v 79.16849518 -146.07479860 103.63326260
v 8.68195438 -102.10896300 102.95760350
v 8.68195438 -102.23678590 99.93996429
v 8.68195438 -102.04589080 105.44047550
v 77.12449646 -144.61872860 102.06713100
v 77.15074158 -206.54113770 103.75001530
v -42.50421906 -148.03073120 117.34281920
v 70.48844910 -131.38378910 98.87366486
v 78.97667694 -196.78915410 99.65349579
v 34.38925934 -103.36161040 115.71575930
v 27.04595566 -245.79144290 117.00347900
v 75.65402222 -130.25735470 103.59804530
v 87.24800110 -182.83837890 105.11238100
v -44.50885010 -182.89982600 106.41729740
v 4.61236334 -230.00132750 101.31509400
v 64.58570862 -216.77633670 103.60250850
v -31.50971794 -211.89489750 116.76837160
v 81.86166382 -141.93792720 111.89756770
v 6.19907951 -101.55035400 114.34063720
v 3.79260016 -102.09978490 105.95614620
v -35.32648849 -204.99859620 103.99069210
v 62.56137583 -214.56510250 118.52094726
v -0.87877521 -233.59224170 118.52094726
v 38.24491119 -228.65982060 110.32279970
v -43.47913361 -186.31031800 104.06719970
v -43.98048401 -159.14114380 109.25250240
v 85.99250031 -154.88975520 106.05516050
v -39.42760849 -146.57855220 102.83573910
v 4.86426735 -230.00509640 99.95350647
v -15.14321041 -106.29763790 118.12076570
v 39.40109167 -244.22559798 118.52094726
v -45.86450577 -163.10272220 115.68548580
v 48.58403183 -225.47013171 97.95770874
v -21.75442577 -112.35163515 118.52094726
v -44.96333969 -155.20409819 118.52094726
v 56.24587631 -110.88484950 98.95814514
v 73.67061615 -207.26089480 111.01313780
v 62.61735535 -115.99124910 109.47193910
v -43.97951889 -183.92861940 104.50334930
v 75.10332783 -133.41118575 118.52094726
v -40.73154449 -201.36135860 118.45938870
v 70.09246063 -213.74758910 100.01637270
v 36.96992111 -229.25057980 101.77346800
v 45.35722351 -226.38859560 118.27374270
v 87.15151215 -155.34693910 107.57958220
v 70.40971375 -125.33148190 102.10822300
v -30.60157585 -124.79409790 112.47692110
v 61.75571823 -115.85804750 99.75057983
v -34.91969681 -204.95314030 101.51438140
v 80.71731567 -137.85641480 105.41666410
v -36.79329681 -137.41973880 108.65814210
v 57.30396271 -113.07302090 116.51846310
v 78.77160815 -139.88290785 118.52094726
v 85.37960815 -178.71298220 104.22080230
v 31.66501999 -231.17602540 113.99336240
v 83.81727600 -144.01602170 107.57958220
v 82.01372528 -192.49472050 101.78516390
v 60.10635376 -114.76094060 112.77435300
v 85.90527344 -183.36990360 114.70027160
v -19.02112400 -218.81511607 97.95770874
v 85.66019440 -168.17326350 104.84776310
v -25.42133904 -118.14174650 108.04093170
v -1.70910352 -232.95885547 118.52094726
v 31.75359344 -241.66342160 116.57431030
v 73.02491760 -207.00027470 113.45530700
v 11.89031792 -233.45486450 114.54740910
v -37.39403152 -140.26162720 105.15399930
v -33.14991760 -128.90451050 113.03566740
v 81.81005680 -146.61078157 118.52094726
v 54.73059184 -111.42104417 118.52094726
v 77.72194672 -205.10766600 100.24117280
v -29.23608208 -212.66026310 108.80191800
v -5.89084816 -103.52126310 101.01024630
v -42.95076752 -186.50094600 101.60404970
v 75.67138672 -141.27471920 99.33395386
v 76.69377136 -129.91098020 105.43533330
v -46.00402832 -187.88804630 118.17099000
v -42.01155472 -157.96438600 100.06611630
v -5.12854671 -230.63121030 118.39359280
v 77.72927856 -206.19801330 102.38464360
v 83.44599152 -181.95655820 102.11003110
v 81.89871216 -195.82572940 101.50611110
v 40.01662064 -228.54985050 116.40483860
v 44.66115952 -225.81045530 112.65293880
v 79.32904816 -203.43566890 101.17598720
v 73.65363312 -126.84691620 103.25337980
v 82.92765808 -184.36953740 101.50109860
v -10.09740432 -103.15142934 118.52094726
v 83.48342896 -143.20210270 108.19072720
v 82.41781616 -143.11035160 111.86045070
v -43.21531792 -179.60257606 97.95770874
v 27.78639984 -231.60821530 100.09275050
v 87.37304688 -180.23956300 105.23149110
v -41.16400528 -153.33853150 100.39135740
v 85.02491760 -189.20487980 111.63725280
v 11.50861168 -102.17060850 105.97524260
v 50.77713776 -223.97068790 103.18453980
v 74.22985840 -130.58341980 102.80323790
v 86.58995056 -160.22511290 105.80000310
v -45.92645264 -162.21142580 116.59431460
v -17.09650832 -219.98294441 97.95770874
v 86.60307312 -156.41372680 112.08405300
v 57.98941040 -113.87921140 117.74929050
v 81.96117104 -189.42347555 97.95770874
v 84.81264496 -151.51596070 105.71863560
v 85.05579376 -165.88079830 98.25801849
v 82.57922416 -148.64192859 118.52094726
v -7.13165712 -104.01255040 99.40969086
v -21.55873680 -112.72041320 113.99683380
v 60.55135345 -112.57931520 100.83624270
v 80.41665649 -201.71473690 101.49459840
v 43.57103729 -105.51457210 117.81666560
v -4.47012495 -103.30894305 97.95770874
v 80.64344689 -143.85073693 118.52094726
v 49.53089905 -106.99413300 99.34899902
v 46.94746993 -224.82168393 118.52094726
v 84.31283569 -192.51023860 109.80249790
v -15.04235151 -106.17345169 118.52094726
v 3.25596786 -230.76416020 111.85665130
v -15.73963407 -220.74765899 97.95770874
v 49.01912689 -106.77864840 101.69708250
v 85.63278961 -173.21246340 104.56770320
v 72.24182129 -124.96810910 108.69004820
v 85.64591217 -189.31820680 110.17053220
v -43.35119247 -156.83224490 108.27472690
v 46.46065521 -106.64167790 117.91215520
v 84.01475185 -153.57682447 118.52094726
v 67.37188721 -118.19041440 104.21814730
v -33.41854095 -208.77314760 111.92665100
v 78.69917297 -196.70123290 99.02316284
v 88.54402161 -160.68350220 109.41307830
v 63.53089905 -214.50357060 115.82731630
v 25.96306801 -249.59060670 117.86634060
v 57.63008881 -111.52429200 99.33134460
v -39.98839951 -148.32351680 102.49826050
v -34.56198543 -129.72087617 118.52094726
v 9.49066353 -233.72991940 115.52951810
v -36.07060623 -203.26300050 100.49040990
v -11.18658447 -103.71426390 118.27503970
v -44.47952271 -155.52038570 115.63563540
v 68.14476913 -123.84227544 118.52094726
v 89.33715057 -178.40740970 109.65119930
v -33.35408783 -207.32617190 104.56939700
v 78.81341553 -148.15495300 102.38547520
v 83.16501617 -146.02691650 113.22083280
v -45.31761551 -182.49067690 110.01973720
v -40.03606415 -200.62036130 112.77452090
v 37.06312561 -232.03750610 116.29191590
v 73.66829681 -126.14221190 103.64384460
v 0.43119729 -230.01577760 112.01058200
v 77.82267761 -135.62554930 113.99685670
v 54.05540466 -110.07885740 111.24793240
v 54.98342514 -109.51101680 99.33109283
v 24.00783730 -234.01098630 114.75546260
v 7.81454706 -231.71969600 111.67810820
v 54.16685682 -219.81951105 118.52094726
v -43.09511566 -150.55969240 115.87995150
v 12.94144370 -248.63034176 118.52094726
v 44.78538866 -231.09226038 118.52094726
v 40.94695282 -105.02098850 102.27005000
v 84.23217010 -146.73727420 110.63542180
v 35.42688370 -230.06477360 114.89132690
v 3.73171314 -237.97346093 118.52094726
v 86.61773682 -182.75238040 113.41309360
v 79.38848114 -136.93588260 104.45108800
v 29.76729202 -103.17639160 107.12120820
v 79.68412018 -150.35868840 101.48538970
v -34.29279886 -129.26012083 118.52094726
v 46.89846130 -224.86720459 118.52094726
v -6.89347982 -103.85470580 100.66677090
v 86.67292786 -154.87515260 110.40852360
v -30.99761038 -208.79117854 97.95770874
v 88.47454834 -179.72662350 111.30789950
v -5.38937998 -226.24938960 100.18545530
v 9.19762802 -101.48586270 116.09774020
v 74.02979186 -204.99657337 97.95770874
v 85.66636658 -153.31901550 106.07135010
v -14.78456974 -222.99227910 108.94305420
v 88.76362610 -163.24526980 107.24468990
v 42.37265778 -105.22144320 108.41992190
v 78.76611442 -196.69581055 97.95770874
v 70.43518066 -121.91287990 103.00331120
v 63.39137650 -122.35985570 99.00811005
v 24.45775986 -231.99565120 106.31903080
v 86.45679474 -152.73829650 107.57958220
v 32.16482162 -231.20042420 114.32304380
v 82.56987762 -186.50540160 101.49407960
v 35.69724274 -103.55828090 115.81126400
v 12.17244530 -231.57180790 102.27004240
v -30.45019790 -123.16410720 118.52094726
v -22.06616974 -217.19744870 100.45978550
v -32.11479950 -129.03540040 106.38031010
v -40.50078606 -201.76220618 118.52094726
v -41.77149582 -190.65499880 100.54981230
v 89.06196594 -175.50434880 106.64954380
v -26.33643150 -120.10793300 101.50608060
v 83.16308594 -183.44955440 99.93996429
v 84.71499634 -166.33680730 100.38969420
v 66.16308594 -118.45233920 100.83530430
v 44.51918194 -226.95732049 97.95770874
v 50.15266418 -107.54192350 106.94261170
v 66.76014962 -126.27778281 97.95770874
v 0.83224946 -102.52760310 99.29060364
v 70.27230835 -125.67457580 116.17375180
v -40.06539917 -196.74247740 102.84300230
v -28.70144653 -121.22038270 116.26962280
v -9.04195213 -104.03070070 108.41992190
v -6.67019661 -103.92261642 97.95770874
v 81.36300659 -193.50793460 115.91906740
v -14.87266445 -107.18778230 108.35112000
v 37.53321075 -229.03813170 105.36408230
v -15.69971341 -224.87255496 118.52094726
v -8.93639564 -103.51264950 113.17181400
v -37.06443405 -141.29129030 100.24287410
v -12.71452045 -104.78889470 116.77896880
v -9.78568077 -104.84354400 102.57336430
v 86.83078003 -160.68965150 113.88604740
v 87.84660339 -162.95332340 112.38452150
v 53.41334131 -110.50344176 118.52094726
v -38.32263565 -139.37532040 112.75677490
v -33.27111053 -131.34132390 105.56666560
v 86.61194611 -173.67669680 105.13182070
v 37.33676147 -229.07400510 107.42678830
v -41.52005005 -199.83038330 117.81666560
v -36.60286861 -201.94582012 97.95770874
v 12.39774323 -242.46002200 117.33660890
v 67.08435059 -120.00767520 100.87311550
v 79.97010803 -150.43865970 99.95336151
v -43.21591949 -166.24687190 99.84624481
v 76.61927795 -205.39788820 107.76756290
v 14.18247795 -232.88809200 112.50712590
v 78.42938995 -205.10699460 103.60697940
v 9.36951923 -231.13586430 105.59326170
v 9.36951923 -231.13195800 102.84300230
v -17.13651085 -221.48388670 108.05280300
v 36.17967987 -104.24198910 99.48635864
v 76.92147827 -131.31250000 104.21066280
v 38.28736115 -104.58480070 98.38337708
v -23.34463117 -215.99830859 97.95770874
v -21.25074829 -217.39236507 97.95770874
v 38.14783859 -228.59429930 114.61041260
v 84.92224884 -193.87319950 104.21884920
v 38.36744308 -228.47412110 112.16334530
v -46.96370316 -176.45928960 116.16503910
v 39.80530548 -228.79780580 116.44004820
v -45.12541580 -172.37797550 107.38127900
v -39.74293900 -142.22886660 114.30226140
v -22.32805772 -115.13783089 97.95770874
v 45.11570548 -229.03828712 118.52094726
v 83.92417908 -182.90933230 102.97442630
v 50.39465332 -107.74797060 108.03324890
v 24.80154228 -237.15603640 115.31115720
v 24.80154228 -231.95584110 104.52373500
v 87.52278900 -181.61604310 105.32504270
v -27.83170700 -212.47572330 100.08160400
v 83.92224884 -188.64448550 102.92567440
v 88.06543732 -183.64225770 106.06370540
v 42.62279540 -239.30437617 118.52094726
v -2.92209291 -230.66285710 117.06513980
v 75.70341492 -206.60778810 107.41136930
v -45.09646988 -170.47982790 107.76084900
v -32.59415436 -127.68348690 113.84806060
v 22.14677620 -248.24899290 117.48657230
v 51.35354996 -222.82106020 110.50119020
v 81.11869812 -138.36074830 105.73563390
v 84.73892212 -151.22448730 113.62677000
v 83.44328308 -151.40786740 118.39390560
v 73.15806580 -208.65544130 98.10972595
v 73.64436340 -209.33010860 105.89803310
v -20.32572556 -111.56510160 112.81291200
v 55.25629044 -109.96258540 99.03958130
v 79.10287476 -202.04463200 108.05452730
v -29.96737676 -122.47910124 118.52094726
v 85.78755188 -175.22061160 104.55052190
v -11.18803084 -103.67811564 118.52094726
v -46.72885132 -181.20542910 116.36087040
v 15.68175220 -231.93957520 102.61383820
v 40.93344116 -104.66871640 117.83576970
v -24.04153740 -117.32763715 97.95770874
v -38.47714700 -146.15527482 97.95770874
v -22.93002892 -219.00805660 113.99685670
v -14.22750092 -107.13073730 104.48554230
v 88.14301300 -178.63659670 105.73895260
v 81.46489716 -151.37675480 104.20323180
v 28.48824692 -247.89840700 117.57307430
v 77.08975220 -206.93989560 102.39066310
v -46.13757324 -170.08021550 113.19468690
v 76.07199860 -207.58984380 100.29791260
v -42.42298508 -197.85336300 117.08996580
v -9.04153228 -224.24059402 97.95770874
v 22.47145844 -232.10806270 100.28373720
v -44.58103180 -174.20561220 104.11539460
v -24.59975052 -217.49082950 112.27568820
v 39.47415924 -233.04975890 116.96116640
v 86.67253876 -189.01039120 105.09046940
v 83.83811188 -161.76089480 103.64070130
v 33.81186676 -243.07768250 117.14857480
v 70.66211700 -130.97778320 101.46224210
v 78.68373108 -146.66220090 98.56481934
v -31.29288332 -212.58199793 118.52094726
v -42.23869324 -159.40011600 99.99449158
v 21.82209396 -239.98271180 115.71353150
v -43.12927628 -157.32206730 106.54821780
v 83.85393524 -163.65383910 102.38464360
v 89.27770996 -164.46511840 109.26028440
v 57.72869492 -220.73181150 102.23349000
v 82.07662964 -196.01686100 110.33120730
v 77.22107509 -136.97002612 118.52094726
v 47.36551285 -225.32336430 104.39003750
v -34.08064651 -134.52742000 99.14636230
v -8.31188106 -225.70220950 105.77729800
v -29.54292107 -214.37736510 117.96463010
v -16.64018059 -220.41754150 99.23077393
v 33.09052277 -230.50114440 99.55798340
v 88.78369141 -164.73846440 110.94561770
v 76.90989685 -132.33544920 110.72037510
v -37.41565323 -201.91421510 103.14653780
v 81.33560181 -193.98689270 115.30583190
v 27.41127797 -231.63943879 97.95770874
v -23.09010315 -115.28250120 107.02570340
v -0.31369355 -102.45303340 104.60012820
v -40.75529099 -145.28178410 113.41476440
v 12.58251381 -102.31912230 102.09105680
v -23.38101387 -116.13311770 101.69054410
v 71.83232117 -208.06124880 113.88220980
v 79.24971637 -140.82801055 118.52094726
v -12.36041355 -225.02862550 112.56610110
v 88.61811829 -180.77569580 110.32984160
v 85.24760437 -188.49169920 103.67422490
v 85.76863861 -191.63314820 104.51599120
v 80.89407349 -141.04656980 113.50802610
v -25.40596875 -214.38560826 97.95770874
v 27.13162613 -103.27555850 98.88951111
v 88.09322357 -159.93055730 110.32629390
v 4.40376949 -229.90899660 100.55112460
v 84.50580597 -161.71990970 104.48771670
v 87.85470581 -160.48339840 106.64511110
v 45.98573685 -224.83087160 117.09770200
v 66.22521973 -121.45716860 117.51799770
v 76.78832245 -207.08503720 100.85669710
v 54.86589813 -219.68272400 117.66387940
v -42.45309067 -194.45083620 110.16442870
v 71.87709045 -123.26235200 105.14540100
v 64.16153717 -123.53840640 98.10643005
v 86.27862901 -169.63658049 118.52094726
v -46.37803147 -186.31991857 118.52094726
v -15.28182411 -221.87342830 104.40824890
v 67.44101493 -127.07528663 97.95770874
v -41.89268875 -154.26173400 103.31610110
v -15.65600395 -222.76858520 110.14906310
v 3.28652917 -229.32473602 97.95770874
v -10.27806091 -224.82673650 106.36324310
v 74.00059509 -205.45053100 114.70307160
v -32.73001099 -207.03025820 99.21562195
v 85.37767029 -193.06262210 106.60862730
v 4.32737398 -101.64903260 113.15649410
v 4.32737398 -234.35379030 117.26963810
v -16.55237770 -107.60737610 116.94578550
v -11.18104458 -104.25037380 114.60801700
v 82.23988342 -187.05249020 100.24552920
v -26.96668554 -121.46604111 97.95770874
v 23.06416502 -103.09759715 97.95770874
v -36.97991562 -138.03314210 108.18035890
v -43.53742218 -174.74038700 98.57704926
v 21.83212662 -232.52481080 110.55367280
v 83.04999542 -183.60234070 100.39831540
v 83.84698486 -179.97392270 102.51647950
v 37.33347702 -104.40536500 100.49383540
v 69.66700918 -213.74978105 97.95770874
v 3.57133174 -233.68537900 117.07958980
v -26.81704330 -118.62047580 117.05221560
v 45.44624502 -106.23033281 118.52094726
v -31.61358986 -124.84981614 118.52094726
v -47.26620042 -170.43885726 118.52094726
v 59.29140854 -220.10940550 101.49631500
v -44.21090698 -156.62680050 113.11476140
v 40.48978806 -228.22303770 116.43480680
v 56.97145462 -219.66537480 111.05943300
v -14.65808010 -223.52526860 111.20100400
v -44.21939850 -183.10705570 105.17216490
v 82.90603638 -195.15844730 109.57751460
v -31.79369354 -210.01937870 109.56637570
v 17.88915062 -250.96121220 118.45425420
v 65.42243958 -214.37762450 110.91757970
v 12.84423542 -232.14239500 109.52726750
v -11.63280010 -105.38188930 106.75475310
v 81.39426422 -197.22436520 110.25350950
v 53.57489014 -221.37051390 112.44828800
v 82.96585846 -185.74143980 102.02970120
v -24.87558026 -115.99755102 118.52094726
v 85.03224182 -170.46220400 100.55112460
v -41.03278474 -191.60978812 97.95770874
v 71.40275574 -126.90306090 115.67637630
v -12.19298186 -106.52137443 97.95770874
v 43.14628983 -231.98089600 118.01329800
v 80.89831543 -192.04599000 100.85893250
v -18.08856201 -109.46896360 112.46894070
v 50.48766327 -222.01438900 117.75615690
v -43.46081161 -191.54754640 110.17704770
v 14.93767543 -249.98947561 118.52094726
v 1.73676407 -230.89242550 113.99990080
v 76.29970551 -143.41168210 100.85669710
v -15.01093769 -222.24224850 105.84207150
v 9.56051063 -101.65425110 114.14964290
v 46.11714935 -225.68453980 107.18946080
v 80.42591095 -202.50695800 102.40386960
v 53.60923767 -110.22159580 114.44351960
v 71.42127991 -132.87528990 99.32879639
v 63.40622711 -122.11910250 99.30062103
v 83.01525879 -188.98974610 117.24916840
v 82.75049591 -192.24513240 113.70538330
v -45.09319305 -176.26831050 106.77783970
v 87.90294647 -186.03884890 107.27400210
v 81.72618103 -154.20822140 103.58908840
v 3.62038136 -102.34310910 99.29386902
v 42.92166519 -226.69450380 116.73773960
v 80.19009399 -135.77835080 106.66281890
v 80.75049591 -196.11169430 113.76693730
v 46.46797943 -106.41786190 112.58353420
v -31.59850121 -208.69392400 101.28105930
v 18.25474167 -233.42913820 113.97118380
v 80.79642487 -152.74774170 102.42261510
v 77.45871735 -199.14930730 99.01416016
v 64.31745911 -216.75549320 104.37780760
v 55.00676727 -221.18444820 108.31770320
v 75.14532471 -129.53659060 110.25741580
v -36.23638153 -205.60150150 110.96394350
v 2.94435191 -102.34928890 99.78382874
v -46.68736649 -171.07337950 115.52478030
v 27.46990967 -241.68554690 116.13174440
v 87.02838135 -160.45431520 113.19468690
v 35.59377527 -103.46921567 118.52094726
v 88.05076599 -177.37605290 113.36832430
v -36.05015945 -135.80039980 108.62892150
v 89.07315063 -165.11254880 110.33058930
v -46.61519241 -179.01109310 115.03021240
v -21.08759689 -219.41354370 109.70057680
v -18.69421705 -223.04662110 118.52094726
v 55.63085175 -220.06881710 113.19556430
v -30.57978249 -211.86328120 112.16706850
v 35.37631607 -230.38146970 115.20163730
v -44.94460297 -162.05862430 111.72406770
v 87.31359863 -166.94798280 105.76755520
v 34.59321976 -231.30101010 115.50061040
v 86.26573944 -153.37500000 106.67279050
v 62.82614136 -218.53529360 99.93501282
v 84.70338168 -182.90922168 118.52094726
v 78.56987000 -132.92524720 106.35112760
v 18.62409592 -234.30917360 114.92192080
v 35.76438904 -103.67669680 113.25198360
v 17.84949112 -248.38627620 117.76963810
v 17.84949112 -232.10881040 106.66281890
v 17.84949112 -102.66615300 101.46788020
v -43.37030792 -158.71646120 106.43379210
v -14.61442184 -222.32318120 105.03941350
v 7.15403128 -102.17368320 100.78030400
v 7.15403128 -102.08650970 103.45418550
v 7.15403128 -231.95645140 113.50231930
v 7.15403128 -231.72605900 112.46894070
v 7.15403128 -102.12553410 101.96445470
v 84.26303864 -194.76490780 107.27990720
v 3.34377337 -101.90049740 110.62586980
v 80.87091064 -140.42733760 112.71910100
v 56.03146360 -112.39060700 118.52094726
v -22.55469704 -114.01580810 112.94610600
v 86.57913208 -189.66470340 105.14378360
v 6.12911224 -231.39515690 111.71086120
v -43.46853256 -165.70562740 101.35659790
v 69.32286072 -122.42790990 110.42550660
v -7.35031176 -226.26748660 106.56644440
v 86.60537720 -190.01651000 107.27143100
v -5.62998152 -228.44648740 114.30647280
v -40.30309000 -193.82039511 97.95770874
v 73.21903992 -127.22327420 110.85530850
v 69.05230200 -129.10737241 97.95770874
v 83.55018616 -156.55810550 104.64871980
v 83.55018616 -148.61291500 105.33413700
v 83.55018616 -195.98693850 107.27400210
v 83.55018616 -152.27992250 105.00075530
v 83.55018616 -149.52964780 105.24976350
v 83.55018616 -155.94692990 104.72537230
v -28.90629768 -211.76226810 102.28566740
v 70.68025208 -213.21458440 100.39833070
v 78.90371704 -140.51490780 103.84628300
v 23.90005112 -232.89176940 113.99707790
v 88.70533752 -181.82217410 109.26712040
v 73.77558136 -135.82810970 102.06111150
v -35.93823624 -133.82308960 113.71158600
v -2.23891592 -102.10584260 113.55757140
v 84.37805176 -164.35050960 100.43630980
v -42.36201096 -153.24160770 107.47990420
v 77.42668152 -206.11584470 104.06534580
v 14.14513016 -101.73849490 116.32514190
v 35.93652344 -230.96659850 115.78658290
v 5.59073400 -234.95475770 117.28524020
v 41.07392120 -104.95448300 105.80335240
v 39.17600632 -104.58642580 106.09939580
v -31.16835976 -211.76513670 114.60880280
v 75.13104248 -207.80007930 99.35686493
v 14.87004280 -102.58232880 99.53889465
v 68.15998840 -120.32778930 101.46884160
v -41.36374664 -149.70645140 108.07936100
v 78.77751160 -136.11956790 104.24697880
v 37.91124344 -104.42105100 104.23699950
v 22.50965881 -251.90051270 118.43160250
v 22.50965881 -102.74043270 108.80191040
v 22.50965881 -232.08592220 103.28229520
v 37.23756409 -103.87228390 114.64680480
v 83.90641785 -146.32101440 105.99526980
v 71.77442169 -123.09658810 104.21814730
v -47.43293063 -175.54181562 118.52094726
v 76.96817017 -133.48646550 103.72192380
v 11.61174393 -240.92359920 117.19007110
v -26.62587783 -217.25543091 118.52094726
v 82.87168121 -155.59178160 104.33731080
v 87.52278137 -165.11447140 105.93831630
v 87.52278137 -171.53175350 105.63359070
v 87.52278137 -177.94902040 105.35440060
v 15.04193401 -231.77957150 98.11598969
v 83.38615417 -183.54158020 102.37887570
v 39.86241913 -228.36892700 98.87040710
v 87.79873657 -157.82583620 109.54946140
v -41.74757767 -194.90283200 107.57797240
v -1.91347079 -232.79500509 118.52094726
v 25.48910713 -241.05224610 115.90599060
v 82.92224121 -158.01571660 103.58039860
v -43.23387527 -179.37874937 97.95770874
v -7.93420935 -103.05950160 114.07324220
v -34.08634759 -134.89777129 97.95770874
v 78.80336761 -136.37835690 112.45746610
v -0.58627975 -230.14834590 113.98020940
v 76.01679993 -128.83758540 105.74604030
v 74.35284601 -137.64349171 97.95770874
v 72.14300537 -124.23891450 103.32396700
v -12.24241543 -223.46743770 104.37094120
v -43.55942535 -161.80894470 104.60531620
v 75.01486969 -206.37117000 98.71772003
v 89.19819641 -164.57971190 109.71868900
v 79.92880249 -198.03149410 113.11742400
v 86.37689209 -173.04057310 118.30029300
v -13.49207687 -106.34830470 107.73220060
v -32.58663559 -131.69122310 98.37387085
v -44.81106567 -163.59109500 109.82707210
v 13.71455097 -101.95529170 113.21856690
v 68.14810233 -209.84774682 118.52094726
v 72.87193721 -134.80332080 97.95770874
v 57.93169785 -112.94837190 98.87292480
v 1.08053625 -101.82806400 113.19470210
v 65.17017465 -217.29039079 97.95770874
v -43.23487879 -196.69919824 118.52094726
v 24.68468857 -250.79257200 118.13621520
v 78.69684601 -134.34179690 109.41307830
v 69.92880249 -130.59069820 100.55112460
v 2.08201337 -235.09008790 118.20657350
v 54.48920441 -108.81201170 101.46788020
v 75.97849977 -201.29644503 118.52094726
v -40.65591431 -193.86126710 99.97814941
v -29.22577286 -124.59802250 102.23656460
v 50.83956090 -221.72973146 118.52094726
v 87.97357178 -166.47003170 113.27828980
v 10.85932922 -232.92756650 113.96091460
v -44.91508102 -186.48648070 111.03599550
v 70.82412922 -131.54226332 97.95770874
v -45.43148422 -181.41580200 110.04580690
v 85.89676666 -160.07502750 116.60244750
v 64.49730682 -115.50525670 102.07905580
v 86.17465210 -152.04083250 109.26686860
v 36.45253754 -104.16653440 104.40914150
v 30.64146042 -243.60890200 116.83312990
v 61.57314682 -218.60763550 103.16209410
v -29.11818886 -211.36529540 101.16227720
v 85.54167162 -174.31545227 97.95770874
v 86.99788666 -186.97674560 105.11469270
v 64.54593658 -117.35310360 108.94964600
v -40.22577286 -199.15599060 109.59737400
v 3.40548730 -233.13136290 116.71097560
v 57.91181946 -221.27497860 98.46062469
v -28.23783302 -122.57010650 105.63146210
v 83.96701050 -144.53036500 107.27854920
v 67.47029114 -122.95889280 118.11627200
v 60.89310074 -217.89413450 108.43851470
v 1.44475770 -230.69094850 113.60280610
v 50.70031738 -222.14923100 116.59483340
v -46.21824646 -172.40930180 112.75639340
v 87.04921722 -179.62750240 114.52581020
v 57.71073914 -111.65016170 106.96243290
v 69.32903290 -210.00611880 115.02825160
v 27.81919098 -102.71249390 114.91359710
v 27.81919098 -245.22666930 116.91980740
v 70.87438202 -210.85534670 108.41300960
v -16.50539398 -223.54089360 115.67514040
v 59.03802490 -113.70733640 112.01055150
v 43.82845306 -229.06275940 118.06276700
v 13.19891834 -246.93717960 118.07463070
v -45.85622406 -187.53779600 117.01335140
v 84.58337402 -171.30255130 102.38465120
v 68.03686523 -120.22004700 108.19073490
v 71.92841339 -210.78309630 106.02838900
v 56.35315323 -112.09554290 98.51533508
v 64.46455675 -217.71997278 97.95770874
v 20.52335739 -102.69884490 106.89201350
v 63.13290363 -214.13190994 118.52094726
v 69.66094971 -208.82556150 117.49178310
v 68.09398651 -119.30091860 105.59624480
v 65.79564667 -122.61746980 100.55156710
v 83.57295227 -188.41979980 116.25778960
v 63.47569275 -116.63771820 100.21876530
v 31.74971771 -230.77304080 105.74814610
v 70.97434235 -131.61700440 101.48029330
v -21.25578117 -217.39524840 98.00366211
v 89.51776123 -177.68164060 109.26028440
v -46.09783173 -166.70971680 114.71942140
v -22.35217285 -113.58559420 114.37883000
v -15.99579781 -224.69551593 118.52094726
v 19.43362427 -249.30450440 117.88179020
v 70.08838523 -130.53091327 97.95770874
v -46.29369989 -186.79190071 118.52094726
v -23.32592773 -219.36413570 116.61566160
v -38.31203461 -141.74493410 107.04019170
v 56.96488571 -111.94619750 110.90280150
v -43.41855621 -180.62467960 99.54119873
v 78.25299835 -145.64236450 98.41083527
v -0.32859269 -102.06193540 112.18095400
v 77.23524475 -205.49736020 99.96225739
v 89.37187195 -173.05967710 110.98457340
v -45.44287109 -184.21870420 111.70147710
v -46.60284805 -177.47628780 114.59956360
v 62.28194427 -218.37765500 102.42723080
v 59.74177147 -216.57276800 118.52094726
v 84.00521851 -149.05682370 113.89067840
v -38.99864197 -140.08303830 115.00498960
v 68.51776123 -119.38270570 104.48576350
v 73.42706299 -207.77996830 110.33026120
v 50.21749115 -107.24205020 99.30784607
v -15.04259205 -221.72218320 102.20521550
v 8.40554619 -241.23074340 117.90014650
v 28.49631867 -231.48516607 97.95770874
v 43.04728699 -227.09152220 104.35184480
v 89.67947388 -167.55078120 108.80760190
v 42.69804668 -105.40759865 97.95770874
v 67.24064636 -118.01386260 103.30137630
v 83.75048828 -182.22721860 102.70330810
v 81.20900476 -145.15523869 118.52094726
v 50.09906556 -107.77788888 97.95770874
v 9.28457852 -230.94612388 97.95770874
v 22.52875900 -232.07933040 104.52373500
v -26.13170052 -119.55382540 104.31365200
v -38.03434372 -201.26377870 104.52374270
v -34.13296004 -128.98612222 118.52094726
v 14.37678716 -249.65010274 118.52094726
v 73.71768188 -137.45750430 99.93136597
v 83.01332092 -157.70573430 103.85421750
v 36.85894012 -229.74708560 115.50582890
v 38.66905212 -229.15074160 116.12342830
v -28.27662468 -123.12530520 100.85669710
v -35.09760900 -208.45195862 118.52094726
v -5.34688132 -230.63790713 118.52094726
v 79.71035004 -195.58570860 117.86405180
v 67.82343292 -120.84377290 101.09963230
v -25.35892868 -117.66712190 111.26632690
v -30.79119492 -127.16632080 104.16996000
v 88.74122620 -181.02127080 106.67096710
v 82.27152252 -199.76153560 103.57858280
v 71.69992828 -128.29151920 102.11723330
v 69.16307068 -214.47561650 98.46625519
v -11.19716740 -105.36485290 104.36955260
v -1.09675396 -101.75486760 115.37197880
v 52.02345596 -108.99100657 97.95770874
v 77.39309692 -204.00570680 108.68916320
v 75.63084412 -206.07669070 99.03391266
v 71.77210236 -124.02778630 107.80657960
v 22.85344124 -232.08871460 101.42968750
v 2.53206396 -102.19437410 105.18265530
v 85.86043516 -178.23741207 118.52094726
v -46.16247940 -173.67083740 112.23974610
v -21.07921028 -221.42608640 118.43681340
v 89.05731964 -165.50573730 107.26380160
v -21.42261124 -220.09368900 114.12456510
v -43.56657028 -154.16906740 112.60849000
v 35.44365692 -244.00195310 117.61183170
v 79.79255676 -148.23083500 103.59120940
v -47.14935684 -174.58760070 117.05268860
v 43.98437500 -226.88381960 100.86074830
v 87.56716156 -168.22680660 114.69702150
v 89.11907196 -166.33682250 107.24887080
v -24.24111748 -115.85359950 114.37884520
v -31.37600899 -125.60173030 114.09739690
v 85.74469757 -181.46324160 104.19049070
v 15.55760765 -102.39727020 106.20443730
v 15.55760765 -102.48990630 102.53742980
v 15.55760765 -231.93106080 106.05162050
v 14.13942909 -232.27839660 109.50679020
v 86.80838013 -168.16493230 116.79211430
v 43.47337341 -226.63870240 109.48948670
v 89.13296509 -178.40740970 110.32984160
v 44.41644669 -225.65968320 116.13615420
v 60.88499069 -113.04875180 104.52374270
v -44.01388931 -161.58232120 107.16040800
v 84.94523261 -164.88767913 97.95770874
v 70.55287933 -131.52026370 100.84880830
v 73.90177917 -125.87585450 105.74605560
v 6.30729342 -231.51873780 112.17462920
v 72.63431549 -211.48927310 100.85669710
v 66.74199677 -122.93653870 100.78269960
v 84.01795197 -177.94902040 102.38465120
v 13.30133629 -102.25474550 106.42407990
v -25.10275459 -215.24418640 102.04130550
v -35.35191427 -131.16250872 118.52094726
v -2.51574659 -227.53915410 100.74359890
v 35.82150269 -238.42272950 116.69187160
v 83.50617981 -188.03332520 102.71895600
v 79.90370941 -194.11112980 98.41201782
v -46.36838531 -165.94882200 116.65063480
v 64.73350525 -116.77437590 100.71670530
v 75.29660797 -206.36521910 108.94604490
v -45.10285187 -169.52636720 108.05264280
v 87.41818237 -187.26936340 106.05163570
v 84.58375549 -164.80888370 99.93996429
v 62.17503357 -113.62709810 101.45070650
v 49.80644989 -108.16727450 116.13593290
v -23.85207939 -215.71841430 98.52662659
v 85.38923645 -154.24804690 105.74435420
v 38.46874237 -228.38360600 113.99443050
v 84.89444733 -169.16348270 100.85669710
v -40.14955139 -201.01184080 114.69748690
v 72.84106877 -208.92164372 97.95770874
v 48.40795517 -106.75396730 104.82930760
v -25.83056259 -119.37094120 101.63211060
v 7.76520062 -101.97454070 107.42678830
v 7.76520062 -243.03854370 118.47303010
v 85.16191101 -171.30255130 99.93996429
v -36.66884995 -134.09431460 117.23534390
v -38.55364227 -202.99938960 112.66651920
v 14.64652157 -233.10932920 113.29934690
v 55.02065277 -111.01832580 98.39962006
v -25.28714371 -118.55565640 102.24772640
v 58.37418365 -218.89784240 110.76324460
v 8.19655037 -102.02241520 106.21740720
v 51.33694077 -223.55987550 104.56945800
v -27.48253059 -121.87425230 100.70390320
v 6.40684414 -234.33300780 116.74122620
v 78.72385406 -142.57760620 103.66880040
v 83.36839294 -194.23745730 109.70661930
v -1.57672322 -102.58130650 104.94444270
v 81.10285950 -198.26144410 101.16306300
v 23.19722366 -232.58343510 112.46894070
v 81.34600830 -144.48690800 117.05543520
v 10.21782398 -233.10128780 114.52536010
v 85.76052094 -175.81665040 104.49414830
v 56.87553406 -110.13699340 102.38464360
v -38.26765442 -200.35275270 102.59472660
v 26.84832382 -232.26272580 113.68186950
v 20.54245758 -232.24374390 107.83741760
v -27.69326210 -119.76934810 116.78685000
v -37.87558786 -136.12498214 118.52094726
v 88.36839294 -161.13314820 110.32539370
v -4.84016514 -102.19416810 115.60117340
v 85.80992126 -187.27645870 111.67265320
v 2.29937022 -102.48218034 97.95770874
v -17.49970818 -220.84188840 105.97523500
v 74.58428286 -132.60638542 118.52094726
v 1.19513214 -229.86093140 110.32984160
v 1.19513214 -234.94055180 118.40560910
v 69.01704318 -214.44538009 97.95770874
v -44.48475266 -172.60130310 103.63275910
v 56.71464830 -221.90485693 97.95770874
v 88.46295166 -170.61500550 106.28428650
v 85.89328766 -151.85253910 106.66699980
v 59.08908158 -220.76201834 97.95770874
v 36.52373886 -103.83887480 112.46894070
v 35.36376190 -229.78683470 102.27005000
v 71.99710846 -133.96249390 99.93996429
v 85.65940094 -155.71092220 105.76141360
v 75.87553406 -207.08226010 99.65837860
v 72.50308990 -134.43710330 101.48041530
v 84.36839294 -164.88528440 100.84013370
v 82.60614014 -142.47015380 110.32984160
v -24.15920258 -217.28584290 109.56820680
v 82.57273470 -187.77043350 97.95770874
v 9.33693055 -102.37222042 97.95770874
v 71.22520447 -132.72372440 99.93515015
v 75.60498047 -139.13977050 102.54200740
v 75.60498047 -140.82049560 102.21656800
v 75.60498047 -132.72250370 103.17344670
v 75.34677887 -128.05377200 104.53413390
v -40.40158081 -200.96755980 115.75396730
v -14.24155521 -105.98246000 115.38854980
v -28.65225601 -123.85296630 100.37509160
v -39.36607361 -197.35585020 100.40319820
v -3.56501889 -227.96585080 107.95925140
v 56.16711807 -111.53345490 98.61596680
v 85.47221375 -173.21246340 98.41201782
v 56.42338943 -220.24990840 109.45592500
v 61.24488831 -219.10870360 101.54672240
v 76.71073151 -129.89424130 105.74605560
v 60.05017471 -219.39517210 103.21757510
v -47.18964609 -180.71896364 118.52094726
v 39.19336319 -104.51493070 109.56588750
v -43.94886017 -163.81231690 105.13381200
v 81.10169983 -143.42379760 116.28638460
v 74.66017151 -126.90931700 105.74209590
v 74.54811007 -132.55097669 118.52094726
v 35.71806335 -104.14491270 100.81851960
v 88.36183167 -169.43064880 113.04058840
v 69.76206207 -208.46989440 118.19160460
v -41.60784257 -144.99488878 118.52094726
v -43.77576065 -159.21598820 108.06858830
v -27.45860481 -214.70092770 109.94062040
v 84.24488831 -151.43957520 105.37657930
v 80.88749695 -190.93637080 99.93996429
v -27.54573441 -215.52011110 114.28253170
v 72.37572991 -129.33182093 118.52094726
v -43.33330305 -177.81204557 97.95770874
v 78.31397247 -198.79512020 99.63767242
v 75.52084351 -207.12144470 99.36228180
v -39.46796417 -149.02455140 98.03076935
v 87.61617279 -185.20666500 105.71481320
v 85.05307007 -169.27378850 104.27047730
v -30.99739265 -127.77715300 102.84300230
v 86.89405823 -159.00277710 106.10451510
v 67.79293823 -118.63062290 103.00855260
v -33.36973953 -132.69898990 100.58730320
v 77.88286591 -199.93489070 115.77462770
v 77.08201599 -203.54971310 99.42626953
v 46.42165375 -106.10289000 99.93996429
v -5.04703617 -226.98458860 104.90197750
v 70.41046143 -213.13166810 101.96663670
v 28.50675583 -103.37878420 98.41201782
v 85.32516479 -157.25521850 116.76620480
v 10.59185791 -101.47107700 116.97630310
v 65.24758911 -124.53319550 99.00223541
v -19.58220673 -219.15365600 103.09520720
v -29.68129921 -124.75395200 106.80428310
v 67.32902527 -122.33262630 100.89134980
v 74.54322815 -130.05577090 102.99256900
v -13.99983489 -221.69748335 97.95770874
v -13.76258945 -105.87948610 113.57553100
v 27.85739136 -103.00013730 107.67507930
v 56.31377792 -219.88580320 111.85775760
v 79.90872192 -193.91525270 98.88883972
v -22.65708160 -115.25787350 101.37436680
v 78.93226624 -139.06921390 116.40171810
v -40.42975616 -148.00469970 105.80992890
v 83.01254272 -193.68663020 102.26858520
v 18.98456192 -235.06640620 115.12304690
v -45.84233856 -173.93823240 110.59407810
v 63.46256256 -118.77894590 100.03533940
v 86.68525696 -168.85697940 105.34438320
v -12.24001408 -105.61437990 107.77512360
v 88.47375488 -178.75778200 106.02681730
v 41.58143616 -105.02862550 109.12658690
v -44.27923584 -179.24890140 103.41397860
v 87.17811584 -164.50331120 105.76737210
v 40.56368256 -227.48953250 114.60800170
v -40.25858688 -148.44189450 103.84378810
v 88.99478912 -177.94903560 110.91040040
v 79.21092224 -149.21624760 100.85669710
v 15.11738496 -231.77920065 97.95770874
v 72.54592896 -125.69953920 102.95611570
v -5.36194944 -226.59939580 102.68546300
v -33.95465088 -130.94825740 111.07970430
v 84.11173248 -162.17047120 103.97241210
v 8.10898304 -101.83782960 110.84550480
v 6.71700096 -231.13882450 109.59132390
v 89.30548096 -166.33320620 107.59285740
v -18.07062912 -220.35862730 105.13403320
v -33.16422272 -132.53341670 99.60512543
v 76.14916992 -207.11033630 99.94609833
v 75.89752960 -131.07975770 111.21082310
v -16.75199104 -107.57496282 118.52094726
v -12.38204288 -225.35366820 113.97412110
v -5.19601536 -226.18978880 99.24313354
v 77.74044800 -137.07901000 103.62279510
v 37.97323904 -229.04254626 97.95770874
v 88.05654144 -177.91407780 113.14974980
v 49.76059008 -107.60197694 97.95770874
v 85.69988736 -178.97843454 118.52094726
v -10.58428288 -104.39479830 111.39311220
v 79.08471680 -137.61108400 113.58848570
v 78.05384064 -145.99311830 102.68424990
v 68.77132416 -125.34796140 101.42259980
v 9.43636608 -231.12750240 104.40913390
v -17.99961472 -221.57156370 110.69248960
v 86.27340672 -170.88882356 118.52094726
v -9.43733120 -104.12218480 109.26028440
v 72.40274048 -126.13080600 102.74769590
v 35.80220032 -233.81221010 116.19207760
v -1.32522368 -228.72293090 107.98664090
v 72.13604736 -127.68743900 115.21092990
v -40.24835968 -147.96067810 104.79056550
v -27.08085632 -121.55442810 98.51555634
v 83.52950656 -184.72445988 97.95770874
v -42.56175232 -157.49844360 103.37121580
v -39.20629120 -199.25384520 104.75085450
v -42.27730560 -148.74649050 114.79769900
v 82.35384704 -154.84579887 97.95770874
v 85.45305985 -180.09181556 118.52094726
v 81.44750977 -141.04968260 105.08400730
v -11.60966015 -223.52276610 102.11358640
v -34.18353279 -135.10887762 97.95770874
v -6.90286207 -102.16560360 117.93125920
v -6.90286207 -103.66967010 103.45418550
v -6.90286207 -103.99717337 97.95770874
v -6.90286207 -102.74385070 114.37883000
v -6.90286207 -103.75819400 102.23184970
v -6.90286207 -103.98286440 98.29743195
v -6.90286207 -103.05939480 111.85775760
v -6.90286207 -103.33074950 108.53452300
v 61.70088577 -118.97119140 99.43759155
v 37.36607361 -244.22589110 118.04040530
v -28.71256447 -123.80445860 101.48698430
v 29.38845825 -231.29238890 105.97524260
v 63.81126785 -116.04113770 100.57144930
v 79.14801025 -136.06533810 110.96028140
v 78.57327233 -197.33369997 118.52094726
v -40.61115263 -142.42870158 118.52094726
v 78.65978241 -148.15881350 101.51198580
v 88.21362305 -184.60614010 108.20214840
v -40.46565247 -197.52253720 106.64452360
v -17.68728447 -220.87759400 106.73922730
v -44.81262207 -172.33831790 105.67943570
v 57.04998529 -116.15900186 97.95770874
v 38.47645569 -243.53512570 118.13766480
v 79.33492609 -147.66328013 97.95770874
v -19.38981247 -220.06484990 107.69297790
v 37.96468353 -230.37034610 116.29769900
v 54.36703873 -108.81181340 100.24448390
v -14.90713215 -224.16065980 114.64399720
v 40.95445633 -105.01903530 99.32879639
v 29.95358849 -232.15325930 114.63858030
v 83.11443329 -145.86264040 105.47608180
v 80.51659393 -152.33819580 101.46788020
v 54.10034561 -222.51063540 102.15762330
v 86.48957825 -180.58468630 115.27948000
v 67.65978241 -124.93009190 100.98815920
v 89.58027649 -171.07337950 110.32984160
v -4.12697983 -229.47502140 115.69045260
v 42.03396225 -227.31707760 116.72819520
v 15.67015553 -243.80386350 117.05010990
v -23.31783295 -218.52896120 112.92731480
v 34.19393921 -230.17968750 99.61528015
v 87.84040833 -165.42198180 113.28054810
v 84.46989441 -146.01127620 107.26853180
v 74.95079041 -127.44150540 104.51264950
v -42.64241791 -148.95794680 116.33714290
v -44.92763519 -179.85893250 106.85380550
v -21.48143487 -221.16117225 118.52094726
v 54.06850433 -220.50234990 116.14584350
v 84.43592834 -176.72045900 100.85359190
v 81.37803650 -145.55706790 104.57212830
v -30.34115198 -209.52435283 97.95770874
v 42.44905090 -105.18942260 110.86460110
v -18.86380926 -111.43512088 97.95770874
v -29.72115326 -213.15269470 113.71774290
v 13.03521666 -101.41024180 118.52094726
v 73.94963074 -209.75134280 99.64428711
v -1.55176830 -101.65993500 116.42777250
v -24.11318398 -117.39946750 98.16213989
v 66.98513794 -125.47438810 100.51249690
v -38.57892990 -140.25056460 112.08401490
v 31.50530434 -102.98191830 116.32691960
v 80.42859650 -146.49291990 104.14009860
v -36.52103806 -204.92462160 109.63719180
v 76.53578626 -141.89837397 97.95770874
v -44.06349182 -182.07441710 103.68336490
v 86.89907074 -189.52868650 106.06759640
v 88.43785858 -183.85198970 107.73237610
v -42.44405630 -185.76854834 97.95770874
v 78.65206146 -197.84458920 99.65338135
v 55.74855042 -109.41484070 101.46703340
v 13.87171458 -231.64747559 97.95770874
v -1.42504062 -227.58982324 97.95770874
v 4.47061634 -101.32025150 116.27378080
v -21.26273918 -113.32090760 104.97524260
v -40.80095870 -192.37174778 97.95770874
v 78.94577026 -133.52087400 106.66281890
v 50.76070786 -223.46887210 107.88908390
v 5.39997826 -229.96854390 97.95770874
v -34.19162750 -135.10612490 98.02553558
v 47.01601410 -106.40776060 105.86064150
v -25.61491326 -119.43747796 97.95770874
v 52.13831042 -109.06945140 97.95770874
v -39.71497854 -140.23729847 118.52094726
v 77.68293762 -199.58078000 99.37435150
v -45.01486206 -161.52386470 112.48532100
v -40.10556030 -143.84434510 112.82429500
v 78.96352386 -197.92044070 99.89321899
v 80.82149506 -201.96760560 103.60700230
v -43.06445694 -155.48855590 108.19073490
v 31.18062210 -103.42350770 103.26318360
v 14.43226242 -102.00065610 113.13519290
v 63.66421890 -114.66288760 102.38423160
v -6.08831358 -102.68848420 113.56077580
v 64.08895874 -118.96728520 115.91122440
v -41.11791229 -147.99650570 109.86629490
v -40.10208893 -144.78912350 110.79197690
v 12.59214211 -241.70858760 117.15338900
v 50.35996291 -107.90830559 97.95770874
v 34.69556355 -249.00736240 118.52094726
v 89.34407043 -178.53729250 107.30344390
v 86.00829315 -171.68453980 104.82059480
v -44.00656509 -193.36428830 115.88580320
v -4.02304125 -230.14205930 117.02071380
v -33.34253693 -206.58683780 100.53743740
v 87.32824707 -162.01361080 113.20370480
v -15.48461437 -108.41070560 100.09870150
v 83.20474243 -184.72644040 98.84435272
v 9.42367363 -232.79101560 114.32255550
v 77.01948547 -144.71592710 100.55112460
v 80.62658691 -192.66241460 100.53727720
v 83.47413635 -182.77456670 99.41375732
v 69.83808899 -125.42538450 117.05785370
v 16.71265411 -102.59753420 101.69054410
v 67.78289795 -120.30027010 101.17330930
v 51.56406403 -223.62709050 103.01731110
v 15.27874947 -247.06483460 117.78671260
v 24.43742339 -102.21959651 118.52094726
v 36.49015427 -103.72181700 114.76080320
v 36.49015427 -104.30731200 98.03004456
v 36.49015427 -104.08988950 107.57957460
v 36.49015427 -103.87377170 111.85775760
v -15.82328701 -224.08135990 116.18420410
v 85.06811523 -159.59381100 105.14077760
v 1.49071491 -101.37568660 116.74302670
v 83.31898499 -145.08453370 111.67475890
v 82.51813507 -140.88798520 106.65711210
v 67.82496643 -122.63821410 101.07957460
v -39.30606461 -141.58917240 113.28701020
v 58.41991043 -117.31163790 98.40306091
v -8.84819837 -228.71908397 118.52094726
v 58.92848259 -220.84116769 97.95770874
v -36.18719101 -137.37843320 104.90040590
v 29.57622147 -248.63931270 117.82872010
v -47.42988925 -174.35708923 118.52094726
v 83.70699395 -152.46830592 118.52094726
v -40.15341949 -198.60505680 107.72538760
v 37.31736963 -103.80023797 118.52094726
v -13.07782269 -225.86088560 117.01227570
v -3.45709181 -102.54739380 110.90280150
v 84.91296387 -179.17135620 98.41201782
v 12.25255299 -234.23451230 115.28585820
v 72.25800323 -132.80360410 102.06794740
v 64.04766083 -123.14635470 99.00859833
v 61.88104323 -121.25659233 97.95770874
v 7.58446980 -231.06764220 108.12773130
v -10.64763260 -224.06512450 102.48042300
v 69.15688324 -214.44287110 100.24552920
v 11.27942276 -231.41554260 105.13489530
v -24.81320572 -215.86627200 104.75308990
v -1.82251644 -102.67083740 102.95759580
v -22.10131836 -216.92384340 98.55372620
v -4.22899580 -103.00659180 103.83616640
v 68.14569092 -124.70090480 101.19444270
v 85.15688324 -149.01077270 106.63524630
v -42.98630524 -151.16607670 114.26655580
v 26.53955460 -237.09875490 115.39913940
v 83.61423492 -155.48855590 104.79707340
v -30.07237244 -213.26409910 115.86785890
v -3.22879100 -227.43627930 102.39451600
v 86.48802948 -161.68573000 115.44617460
v -42.69259644 -164.63052370 98.25578308
v 60.12160132 -119.69398131 97.95770874
v 89.83499908 -173.21246340 109.41307830
v 86.01099396 -173.22817990 104.82450100
v -11.24638844 -224.09872440 105.08640290
v 71.03800964 -209.34262080 112.44665530
v 41.15032196 -104.87067410 110.82640080
v -17.23698044 -108.64017490 113.31875610
v 85.01755524 -161.60025020 104.86979680
v 8.24478340 -232.06939700 113.07127380
v 83.49652100 -181.89726260 99.93174744
v -41.43342204 -190.17090783 97.95770874
v -25.74672508 -118.35498050 109.89133450
v 81.92762756 -197.52732850 101.62261960
v -33.02644348 -129.23025510 111.25320430
v 86.60690308 -157.54888920 106.11027530
v 8.80518532 -231.01176450 105.13489530
v 59.13160324 -112.57968140 99.62127686
v 88.13719940 -173.19337460 113.86560060
v 59.25221252 -118.06600950 98.59320831
v 86.84156036 -157.03260800 106.39022830
v 26.21487236 -102.97845460 104.46644590
v -4.14664316 -101.97950740 116.36926270
v 68.55441284 -128.55960080 99.91967773
v 85.82380676 -190.09590150 109.06808470
v 78.37957764 -198.92070010 116.28707890
v -24.93005180 -216.10150150 106.47005460
v 76.05306244 -141.56466670 98.71338654
v 23.19895172 -232.83454900 113.55348210
v -26.07690620 -118.50592800 111.77082820
v -21.77446012 -114.49420393 97.95770874
v 84.60690308 -164.96166990 104.21814730
v 47.70686340 -225.03796390 106.62438200
v 15.10270596 -233.16937260 113.40206150
v 84.85661316 -165.17605590 98.83988190
v 36.66016388 -229.09620670 113.08010100
v -44.69163132 -160.51536560 111.76544190
v 73.22210693 -125.33232120 106.69602200
v -36.95176315 -201.94337460 100.24366000
v 37.42177669 -246.51257535 118.52094726
v -37.33906555 -201.21311950 99.91514587
v 75.58798981 -201.93861390 98.10246277
v 52.89945221 -108.12512210 100.39833070
v 18.91903877 -232.10256960 102.04084780
v 18.91903877 -232.08715820 99.32879639
v 18.91903877 -232.10954280 102.99578860
v -22.42696571 -114.35562130 108.19073490
v -40.77306747 -199.05392460 111.85775760
v 78.69644165 -137.61793520 114.70798490
v 79.97046661 -202.61433410 101.47638700
v 80.24179077 -196.35751340 114.96758270
v 57.72365189 -220.04248050 106.51354220
v -15.04159355 -224.71067810 116.81106570
v 63.65863045 -119.15756133 118.52094726
v -34.07912827 -209.29673770 117.46157840
v 31.52440453 -237.99639890 115.96418760
v 66.61500549 -120.47707370 112.48175050
v 81.04341125 -153.50033570 100.88291930
v 21.89848709 -249.64682010 117.82348630
v -38.78522491 -200.17019650 105.10946660
v -45.22675323 -171.62724300 108.08560180
v -26.05354107 -213.80174890 97.95770874
v 58.12484741 -220.97027590 99.93996429
v 83.91720581 -192.43273930 110.71180730
v 87.77401733 -171.39807130 114.67565920
v -43.38840443 -172.57893437 97.95770874
v -24.35865211 -218.98236080 118.12377170
v -14.78710651 -106.94197080 110.32984160
v -26.17725563 -217.12738040 116.31698610
v 31.44200325 -232.78195190 115.28502660
v 85.53279877 -149.52966310 108.80191800
v 74.45329285 -136.50482180 102.28140260
v -45.28290939 -183.74851990 110.60729980
v 84.78443909 -179.16226200 98.74047089
v -43.35874939 -171.26437380 98.09938812
v 9.61597061 -236.51162720 116.75157930
v 85.06039429 -186.88899230 103.61716460
v 79.35680389 -135.76344300 104.76710510
v 63.68717957 -119.58236690 100.08215330
v -46.14917755 -177.78668210 112.29869080
v -12.02195835 -226.88476560 118.27191160
v 55.96313477 -219.55688480 115.14959720
v 79.91720581 -135.77345280 108.18719480
v 84.03221893 -163.96853640 103.30137630
v 86.87320709 -189.43409730 105.79968260
v 6.90225029 -230.65823360 105.40345760
v 21.57380486 -242.84756470 116.27842710
v 12.56719494 -231.61433410 101.46788020
v 69.82534790 -121.35717010 102.69032290
v 80.50117254 -193.00735471 97.95770874
v 67.28849030 -121.17634580 112.69679260
v 83.51851654 -182.68559270 102.43415830
v -43.12125818 -168.60400714 97.95770874
v -15.92774010 -108.15563960 106.39543910
v 80.20705414 -137.96392820 104.82457730
v -25.25608826 -217.41067500 114.26846310
v 27.63082886 -249.82608030 118.01812740
v -37.09514618 -135.86807250 114.76144410
v 9.06579590 -102.34119420 98.55535889
v 71.95155334 -125.52716060 102.68668370
v -46.87438202 -167.36175540 118.34837340
v 69.89636230 -212.74194340 104.79483800
v -18.87017850 -111.44124466 97.95770874
v 87.70184326 -175.46615600 114.63781740
v 84.60071046 -162.76390989 97.95770874
v 23.90388870 -232.01773070 104.96300510
v 72.54013062 -134.42251590 98.57353210
v -42.71343994 -150.95549010 113.13407140
v -26.43102074 -118.21894070 116.49683380
v 7.39276934 -101.72097780 112.40988160
v 83.87590790 -152.24452210 117.66070560
v 74.34831238 -128.14762880 103.25832370
v -42.43748474 -187.39498900 99.80039215
v 49.49709702 -108.17584990 118.42782590
v 46.40446854 -106.56800080 116.67071530
v -23.78850170 -215.68368213 97.95770874
v 56.32206726 -111.50697330 111.02514650
v -46.45212538 -163.43854875 118.52094726
v 36.50925446 -104.20925140 103.12948610
v -42.90988922 -159.85034180 102.89815520
v -8.81542778 -227.25222780 114.74736020
v 75.67752838 -206.97352600 106.63217160
v 8.96843910 -102.08731840 104.21814730
v 73.62233734 -125.61537930 104.21418000
v 75.20242310 -131.13664250 113.21399690
v -41.97725306 -187.95998970 97.95770874
v -37.06007674 -201.18099257 97.95770874
v -14.96329594 -221.50799560 100.31534580
v 24.22857094 -242.66253660 116.21818540
v 89.87860870 -171.76092530 108.80191800
v -37.28939130 -206.02586096 118.52094726
v 84.78520966 -148.30870060 110.44359590
v 86.02912903 -180.69067380 116.43789670
v 74.61080455 -203.04864988 118.52094726
v -11.37308025 -105.78074650 101.06732180
v 77.44131719 -143.64910008 97.95770874
v -43.41557625 -175.06038872 97.95770874
v -42.96990585 -196.75137330 117.21100620
v -41.58839417 -191.96203610 101.67577360
v 60.00944519 -216.78933720 116.82350160
v 72.14607239 -209.36413570 109.40520480
v -42.87875705 -182.91401806 97.95770874
v -45.14956665 -173.20195010 107.19348910
v -33.41992569 -130.06713870 110.79006960
v -45.63972473 -170.52087400 110.47158050
v 86.88980103 -188.01586910 105.16616820
v 27.67540359 -232.45555110 114.33452610
v 73.38873223 -207.45368717 97.95770874
v -1.51693177 -102.34322360 110.32984160
v 82.75780487 -143.87634280 111.85778050
v 43.82418823 -105.58450320 107.12120820
v 43.82418823 -105.56914520 99.32879639
v 85.10400391 -151.02062990 106.02320100
v 5.79890823 -230.32370000 101.77051540
v 76.09088135 -204.11697390 111.90653230
v 67.32746887 -120.81958770 100.86052700
v 37.08528519 -230.04933170 115.82971190
v 79.50809479 -203.46969600 101.47438050
v -46.70437241 -175.06507870 114.79734800
v 52.69803143 -220.64500740 118.52094726
v 73.79475335 -205.99248696 97.95770874
v 71.78018951 -126.84976960 102.33118440
v 85.74198151 -164.12130740 105.10970310
v 39.95328903 -104.51953120 112.85092160
v 16.60805511 -232.82867430 111.66047670
v 65.63816071 -124.89048770 99.32684326
v 83.40890503 -181.61602780 101.77346800
v -42.13644409 -191.95153810 104.52375790
v 74.63430023 -134.74584960 102.62403870
v -44.04155769 -194.78525362 118.52094726
v -37.09997177 -141.04193120 101.09697720
v -40.27519097 -202.13421096 118.52094726
v 49.78308487 -107.06940460 102.99579620
v 73.86625671 -126.16004180 103.92993930
v -35.79970169 -207.30654910 116.71436310
v -19.13977208 -218.74152617 97.95770874
v 57.90176392 -113.60649870 116.80582430
v 58.80353928 -112.85945890 99.31183624
v -39.81108856 -199.79518130 109.18884280
v -24.80462456 -116.60206600 113.93939210
v 82.62657928 -155.10472110 104.23359680
v -39.55018616 -200.40313720 109.58323670
v 24.74525320 -231.96238300 97.95770874
v 87.56675720 -176.41506960 114.74646760
v 32.01388168 -103.50959780 103.57080840
v 14.12518024 -231.76222230 100.16914370
v 49.03031432 -222.97416765 118.52094726
v 89.66787720 -168.48051450 109.44887540
v 73.90909576 -131.39184570 118.07296750
v -29.59321976 -125.78715520 99.03276062
v -42.95796088 -148.67417705 118.52094726
v 86.07196808 -154.26109310 111.93847660
v 65.93997192 -214.98179630 107.13303380
v 76.79601288 -134.35171510 114.75910950
v 0.37582728 -229.49325560 109.73504640
v -12.93184376 -105.65356450 111.09729000
v 51.76005768 -109.47179120 118.52094726
v 85.70707080 -163.44227971 118.52094726
v -35.03841400 -131.18862920 116.44319150
v -42.28079224 -196.73410030 113.76765440
v -11.59027576 -106.11318970 98.71358490
v 37.17771912 -104.30424500 103.75975800
v -20.54835320 -113.11798100 98.27832031
v 70.91565704 -126.24704740 115.52478030
v -44.41196664 -153.11542385 118.52094726
v 19.26282120 -251.25112920 118.42268370
v -3.99980664 -102.68499760 109.71868130
v 82.82688904 -146.08386230 114.27960210
v -10.56321144 -105.08053590 104.02537540
v 85.40967560 -152.76400760 112.83717350
v -2.33384824 -102.89230350 99.17600250
v 82.36947080 -148.05678969 118.52094726
v 60.01581192 -219.61886600 102.22039030
v 17.25162888 -233.68997190 114.33931730
v 6.89235592 -230.63018800 102.99579620
v 77.73873800 -198.29586252 97.95770874
v 29.15692936 -102.58011582 118.52094726
v -17.77008247 -108.85449980 115.67259220
v 74.48299145 -132.45248757 118.52094726
v 2.43140745 -232.80082700 116.75278470
v 31.22071945 -102.85215926 118.52094726
v -30.87593079 -212.76849370 117.45469670
v -3.86198647 -103.18987654 97.95770874
v 57.07273865 -220.09350590 108.21412660
v -17.29487991 -109.95346070 98.57660675
v -11.32585335 -104.48771670 113.38560490
v 60.80701065 -117.82525630 99.22375488
v 86.72846985 -189.48675540 105.42163850
v -24.78233719 -117.32121280 107.86605830
v 85.94074249 -177.64344790 104.54941560
v -42.94300279 -197.32270677 118.52094726
v -37.29314423 -205.99815370 118.42376710
v 87.49265289 -184.82467650 105.47952270
v 41.47591305 -105.14773298 97.95770874
v 29.17089929 -103.45409603 97.95770874
v 77.71997833 -131.98022460 104.85315700
v 79.25876617 -196.72447200 99.94611359
v 80.33094025 -151.82154850 100.85672000
v -30.04806519 -126.33792880 100.69474030
v 38.55633545 -236.66683960 117.04560090
v 44.50307465 -105.70626830 99.93996429
v -41.37921143 -194.61376950 105.30055240
v 68.73503113 -124.47171780 101.46086120
v 73.29633673 -207.70889393 97.95770874
v 67.20280457 -212.75787350 111.97038270
v -42.74954871 -197.72613486 118.52094726
v 81.11480713 -152.92456050 103.28159330
v 12.28694153 -231.58656310 102.99579620
v 37.28501129 -229.05383300 108.64765930
v 88.59647369 -170.01695250 112.58159640
v -44.12834167 -158.26278690 111.00573730
v 32.94923401 -230.35833740 110.63542180
v 73.94923401 -134.69093320 102.41695400
v 48.29909897 -224.90905760 104.63537600
v 69.58258057 -123.19757840 111.70673370
v -11.94221687 -224.30334470 108.03652190
v 1.67551625 -231.25862120 114.92811580
v 73.45251465 -125.23181920 104.52339940
v -2.53975415 -229.22637940 112.91922000
v -43.32015991 -187.33901980 104.33615110
v 52.16710281 -107.86793520 99.95092773
v 17.76860553 -251.17006660 118.52094726
v -41.74200439 -151.48022460 106.91101070
v -15.36507511 -107.00725560 113.99685670
v 66.77709961 -117.93653110 102.06413270
v -43.30240631 -181.60231020 99.44603729
v 58.80334473 -112.69558720 108.27165220
v 35.19141769 -229.89501950 98.60301208
v 77.35139465 -201.02818300 115.09159850
v 26.90243721 -102.97647090 106.70101170
v 80.96505737 -152.89108280 102.99579620
v 83.54784393 -185.15661620 102.69725040
v 78.90986633 -147.76687620 99.37075043
v 84.58798218 -171.53173830 102.99579620
v 82.53935242 -157.84803770 102.38464360
v 77.90137482 -132.03555300 107.27291110
v 81.48030090 -138.53265380 107.57411190
v -38.84109942 -147.20980266 97.95770874
v 79.49728394 -201.31633000 100.56868740
v -41.96778870 -195.21064760 109.21448520
v 89.02294922 -172.14292910 106.69541930
v 65.56173706 -118.43559270 100.56310270
v 82.83113098 -184.48135380 100.85669710
v -17.09093750 -107.86275277 118.52094726
v 83.89481354 -144.84913640 106.62253570
v 82.32785034 -151.21037290 104.66793820
v 82.32785034 -156.25476070 99.93996429
v 82.32785034 -150.44641110 104.72985840
v 4.09818506 -229.87049870 101.46788020
v 4.09818506 -229.98294070 104.21814730
v 4.09818506 -102.24272160 100.62751770
v 18.92375946 -247.91734310 117.56929020
v 68.95656586 -214.31401060 101.46186070
v 71.02294922 -130.99774170 101.77091220
v -39.72174454 -196.75988770 100.93310550
v -42.51487350 -160.26332090 100.62751770
v 84.41854858 -163.74935910 99.77876282
v 53.12773514 -221.83853150 110.67141720
v -42.12294006 -156.83547970 101.69264220
v 40.87512970 -227.39816280 115.53170010
v 75.14259338 -131.67971800 114.49923710
v -16.05074550 -224.66126573 118.52094726
v -45.48689270 -157.85795590 118.12281800
v 83.43553162 -181.46324160 100.55112460
v -40.46354294 -198.35556030 108.72495270
v 68.99863434 -124.62368010 117.81568150
v 2.04248714 -229.64901730 107.48118590
v -16.39736182 -107.27785119 118.52094726
v 57.91719818 -113.59413910 98.71083832
v -20.06408310 -112.30682370 101.31507870
v -46.10152054 -168.01753230 113.99685670
v -6.92540790 -229.76237658 118.52094726
v -39.99552374 -194.66020010 97.95770874
v -32.66269302 -130.87295530 102.86209870
v 28.82843018 -238.97973630 115.81778720
v 84.50847626 -163.58923340 99.25007629
v 83.97702026 -149.68244930 114.60801700
v 82.47296906 -146.01547240 105.08056640
v 85.04919434 -185.89422610 103.66716770
v -29.36027510 -214.71858900 118.52094726
v 75.88988810 -140.63879649 97.95770874
v -27.89947510 -215.84054570 117.19953920
v 80.38960266 -138.70892330 104.79917910
v -31.72609654 -207.96143316 97.95770874
v -36.04159606 -132.43851779 118.52094726
v 39.16883850 -104.72994230 98.88951111
v -41.93322358 -188.15353992 97.95770874
v -40.33347702 -194.83201600 100.17142490
v 11.81419659 -231.48760990 104.52374270
v 11.81419659 -232.53741460 112.20274350
v 67.51194763 -211.32507320 115.85568240
v 68.02969739 -215.34548701 97.95770874
v 80.42781067 -150.11555480 103.67720790
v -40.22985077 -197.46826170 105.35653690
v -11.64238453 -104.12724300 117.16023250
v -39.98080373 -150.64583088 97.95770874
v -27.63577461 -121.73315430 104.92481230
v 28.33590923 -251.60211856 118.52094726
v 80.17424011 -151.30255130 102.38464360
v 68.56913803 -209.46402933 118.52094726
v -39.69762421 -142.61575320 113.20712280
v -2.84738421 -227.06736760 98.33535767
v 53.54504331 -110.50062360 97.95770874
v 76.35486603 -206.33517460 99.67578125
v 62.94884491 -117.43016050 113.73840330
v 77.91333771 -135.96708680 103.84228520
v 36.80392075 -229.37695310 98.83221436
v -46.08666229 -168.76049800 113.50228880
v -45.04922485 -174.66398620 106.52672580
v 84.49709963 -155.54542160 118.52094726
v -27.40758133 -121.82701110 100.09275050
v 70.16111755 -208.68496700 116.54832460
v 78.20897675 -201.41072080 111.75825500
v 76.14722443 -201.15583800 98.40891266
v 26.13410187 -231.81671140 103.35868840
v -28.30925941 -121.23519130 113.36849980
v 34.38381195 -232.18614200 115.71266170
v 74.38111115 -130.98345950 115.43930050
v 24.59145355 -243.66369630 116.45596310
v 84.34785163 -161.53447128 97.95770874
v 84.93572235 -147.54335020 108.80191800
v 47.29315467 -224.48829488 118.52094726
v 84.67095947 -146.54302980 107.57958220
v -35.72193909 -138.08554080 99.73200226
v 71.55787659 -124.99897770 102.63019560
v -35.17465973 -136.44915770 100.77805330
v 82.65513611 -188.01466370 102.05390930
v -36.47029877 -139.44627380 100.92413330
v -41.71248245 -198.27355960 114.57257840
v -10.82667637 -225.46582030 110.88227840
v 75.95347595 -130.08930970 103.89914700
v 76.99091339 -135.93113710 117.20549010
v -41.09708405 -198.21435550 111.43817140
v 50.71688843 -224.42185970 99.45063782
v -39.38982773 -201.81831360 113.17141720
v -15.61990261 -221.60578920 103.75408170
v 57.68671371 -217.84437017 118.52094726
v 58.36239243 -110.92153930 102.23185730
v 40.92916107 -227.51962280 111.78158570
v -41.18218613 -194.52870180 104.18844600
v -43.53884789 -150.35473830 118.52094726
v -43.80163956 -178.77029420 100.80326840
v 73.69459340 -204.15472703 118.52094726
v 86.30044556 -171.91372680 104.99882510
v 86.30044556 -158.08602910 105.86367800
v 58.04590988 -220.01400760 105.70125580
v -44.67060852 -171.38851930 105.17118070
v -3.39073396 -227.90092470 107.00471500
v 74.47914124 -132.03384400 117.56098940
v 73.14876556 -135.47993470 98.32891846
v 77.55671692 -144.66212460 102.67760470
v 21.93369484 -234.90391540 114.96283720
v 81.18350220 -153.34947200 99.93996429
v -36.76227188 -134.62434390 116.26264950
v 84.54552460 -159.80493160 104.78948970
v 41.24525452 -104.79074100 114.03505710
v 29.90098572 -103.49340820 98.62211609
v 84.55015564 -172.90689090 102.07906340
v 88.39384460 -182.34179690 106.38135530
v 66.11881612 -125.55022887 97.95770874
v 85.60071564 -188.57118230 110.98540500
v -30.53099380 -127.76480106 97.95770874
v 66.00943756 -119.10165410 110.18124390
v 78.93186188 -135.53858950 104.48029330
v 9.33132172 -101.89276120 110.48262790
v -33.37323380 -131.94870000 103.97978210
v -13.81008244 -224.30241390 112.77973180
v -42.35161972 -155.18670650 104.70691680
v 47.87377548 -106.65927120 105.89884950
v 62.47257996 -113.92317960 103.65292360
v 59.60341644 -220.43151860 98.64122772
v 73.00750732 -128.29151920 102.54932400
v 42.88323212 -226.97547910 117.08671570
v 59.10669708 -118.22705840 98.41696930
v 87.98319244 -158.08602910 107.88515470
v 85.43321228 -192.29513550 107.55957030
v -32.12525940 -126.67289730 114.66532900
v 88.51078796 -160.85389710 109.72659300
v 64.29851532 -116.56221010 100.56543730
v 83.90754700 -196.87652590 104.52421570
v -7.87034228 -224.78248480 97.95770874
v 60.56432780 -120.08849451 97.95770874
v 85.46408844 -172.37210080 98.41201782
v -15.77722740 -108.72418210 98.94852448
v 80.57447052 -142.88256840 104.40864560
v 71.80642700 -123.22245790 103.91098020
v 41.45475724 -227.94073028 97.95770874
v 71.05343628 -122.35349270 103.61386110
v 27.63846796 -231.60961004 97.95770874
v 35.21051788 -103.68324280 111.81956480
v -4.36011124 -227.33749390 105.49884800
v -20.75590515 -113.06185910 101.15600590
v 84.68562317 -156.37872310 118.46165470
v 19.56578445 -233.63755800 114.34799960
v -31.56408691 -127.48709110 108.80191800
v 80.82688141 -151.46391300 103.58788300
v -27.55849075 -120.05169680 114.24335480
v -19.78591347 -110.97612000 113.33012390
v 70.51155853 -208.76519780 115.43244170
v 73.61730957 -208.96527100 106.85034940
v -45.35277939 -178.53157040 108.48362730
v 73.61537933 -210.10905460 103.58957670
v -43.04131699 -152.49981690 112.27337650
v 69.79600525 -130.15295410 100.86686710
v 71.25353869 -127.76220940 118.52094726
v 79.87088013 -150.02003480 103.03048710
v -47.35084915 -178.40740970 118.42782590
v 82.93996429 -185.13357540 99.33665466
v 87.59762573 -157.16487120 109.48159790
v 84.52661133 -175.19876100 103.26847080
v 41.46751629 -241.64070418 118.52094726
v -43.59033203 -168.73713680 100.24245450
v 17.90735245 -102.30287170 112.20735170
v 83.65045389 -184.25250656 97.95770874
v 82.24602509 -190.19677730 118.00315860
v 49.48261261 -107.25834660 98.40296936
v 80.67057037 -191.53431700 99.94112396
v 34.55092621 -244.49530030 117.54750820
v 59.27111053 -113.21206670 108.98136900
v -43.55289459 -150.55181880 118.26577760
v -29.11136627 -124.82196810 99.39031219
v 85.38072205 -152.13929750 106.05705260
v 85.85389709 -155.67872620 113.84465030
v -31.66983795 -208.37852480 99.98555756
v 84.07003021 -177.64344790 101.77346800
v -42.62087539 -184.73450882 97.95770874
v 42.24824717 -240.11384211 118.52094726
v 86.68562317 -154.45513920 109.94989010
v 82.54899597 -185.96060180 100.32192990
v 5.22308493 -233.05784610 116.18116000
v 89.28153229 -168.05572510 107.29527280
v 64.24679565 -118.88821410 114.91092680
v 17.29419405 -231.95640818 97.95770874
v 19.95038605 -232.11672970 101.12409210
v -12.84641651 -226.52987211 118.52094726
v -36.74278259 -135.25183110 114.35977170
v 14.53129101 -248.87252810 118.31848140
v 27.99698830 -232.14433290 114.03105160
v 86.20742798 -190.16085820 108.16681670
v 69.18118286 -128.90103150 100.85291290
v 45.66555790 -226.80987705 118.52094726
v -18.85528946 -222.42904660 116.79537200
v 7.83228302 -238.22871400 117.45643620
v 81.06877838 -191.57212397 97.95770874
v -35.33888626 -133.97680660 109.74687960
v 48.95945358 -222.89549260 117.66722870
v 77.76782990 -201.78462220 99.58434296
v 88.81723022 -166.81933590 111.42601010
v -35.16308594 -208.37025450 118.46601870
v -44.57470322 -173.21246340 104.06582640
v 89.12792206 -164.73248290 107.55268860
v -28.76275826 -121.53730770 115.02820590
v 58.99322510 -112.25909420 106.03102110
v -15.69028722 -108.76322626 97.95770874
v 57.67597198 -110.48753360 101.40135960
v 59.37859726 -112.30684660 105.36408230
v -4.01109362 -103.19642640 98.56117249
v 84.77709198 -148.44311520 106.34557340
v 27.26531982 -243.84631350 116.58869170
v 78.35524750 -137.91745000 103.76686100
v 78.35524750 -138.68139650 103.69081120
v 78.35524750 -143.95272830 103.40516660
v 78.35524750 -135.85473630 104.05963900
v 83.48608398 -196.06376650 102.73620610
v 66.45199758 -211.36169079 118.52094726
v -0.76434034 -230.65730290 115.53462220
v 24.61055374 -232.06143190 108.84011840
v -4.03261042 -228.60113530 112.46894070
v -37.49133682 -139.99598690 106.35850520
v 54.12406158 -223.03952030 98.55481720
v -16.37825394 -108.42700960 107.27177430
v -6.10743666 -102.90705110 111.51514430
v 78.65551758 -203.76470950 100.55364230
v 70.40194702 -209.79191590 112.85617070
v -35.01333618 -132.11541750 113.48025510
v 84.35524750 -153.48318480 117.07711790
v 88.47026062 -163.73934940 111.31493380
v 57.95015054 -117.49508623 97.95770874
v 73.00248718 -206.65670780 114.42510990
v 69.93147278 -130.76838680 99.93996429
v 88.73965454 -182.32724000 107.29349520
v 35.87898254 -229.61328120 104.98211670
v 35.87898254 -103.94870000 108.64911650
v 35.87898254 -245.33042910 117.92529300
v 35.87898254 -103.97619630 107.50318910
v 35.87898254 -239.52432250 116.84043880
v 35.87898254 -104.00445560 106.51002500
v 35.87898254 -104.07936100 103.22499080
v 35.87898254 -244.71926880 117.79573060
v 35.87898254 -243.19134520 117.56758880
v 61.67659151 -219.40069469 97.95770874
v 32.98166415 -250.02136657 118.52094726
v 32.09955215 -230.70648190 104.72426610
v 70.41584015 -122.46283720 102.68503570
v -27.25311089 -120.73233030 108.19073490
v -13.18383217 -105.18612670 116.01037600
v 46.20227471 -225.81783626 118.52094726
v 64.14080655 -119.61998997 118.52094726
v 45.43552399 -105.92214970 98.56543732
v 17.31472015 -232.87631230 111.93415070
v 82.81336975 -193.80822750 111.51789860
v 60.41120911 -112.33309170 101.16230010
v 81.53741455 -194.60339360 101.26823430
v 28.16883087 -102.52445220 118.08087920
v 80.25555599 -149.69164172 97.95770874
v -39.60847473 -144.04251100 109.69668580
v 32.57485199 -245.99890140 117.55204010
v 7.69739151 -232.49745180 114.60917660
v 80.00981903 -193.52641300 99.32418823
v 4.02019215 -229.75949100 100.04331210
v -44.74317169 -176.72668460 105.13489530
v 39.55709839 -241.19972230 117.90702820
v 54.58781583 -112.06790853 97.95770874
v 60.29600143 -113.17935940 99.90945435
v 29.92008591 -231.46981810 113.38567350
v 29.92008591 -245.06304930 117.05381770
v 29.92008591 -231.12060550 108.80191800
v 29.92008591 -239.48611450 115.99118040
v 29.92008591 -102.87791440 114.76081850
v 29.92008591 -102.98022460 112.58354190
v -25.33068657 -118.32528690 105.57559970
v 20.29416847 -243.80250550 116.56065370
v 20.29416847 -242.27458190 116.19033050
v 20.29416847 -240.89944460 115.91293330
v 20.29416847 -232.67370610 111.09379580
v 20.29416847 -102.70961000 105.87976070
v 20.29416847 -232.55456540 110.08990480
v 20.29416847 -241.66342160 116.05606840
v 89.59260559 -167.55915830 109.41307070
v 50.92375183 -108.62297060 113.99686430
v 10.47691663 -101.23811033 118.52094726
v -20.16048241 -111.17878720 114.60801700
v -42.88442993 -163.55291750 99.94273376
v 52.10148239 -107.80651860 100.24552920
v -26.28022385 -120.20593260 99.67686462
v -44.41009521 -175.08416750 103.22993470
v -21.31389809 -111.99663540 117.66386410
v -17.29981041 -223.28657530 116.47805790
v 61.90503311 -215.56781010 116.23971560
v -33.34038641 -127.62659563 118.52094726
v -5.25361777 -230.69711517 118.52094726
v 85.49802383 -176.22223611 97.95770874
v 58.73510287 -114.71182848 118.52094726
v -24.02568817 -218.09254460 113.23419190
v 80.92105103 -198.75929260 109.11473080
v 85.53085327 -152.46745300 112.18273160
v 86.60109711 -182.04049680 113.98590850
v 83.49534607 -187.34791560 102.73421480
v -28.28678513 -215.07046510 115.44678500
v 12.11356815 -101.33934256 118.52094726
v 80.42240143 -143.94900510 104.27754970
v 23.20882575 -232.06490632 97.95770874
v 74.23058319 -138.64073180 101.46112820
v 53.38228111 -110.30699866 97.95770874
v 48.97894287 -107.85980220 117.89305880
v -20.97745265 -113.60287812 97.95770874
v -35.20727921 -207.32742310 113.98960880
v 77.11093903 -142.21571350 102.94130710
v -43.55328369 -187.07931520 105.15333560
v -39.21017456 -143.80302430 107.94459530
v 56.71224976 -111.16356660 99.05115509
v -40.23448944 -195.90293880 101.92340850
v -41.53012848 -148.53189090 111.11734770
v 57.60553360 -220.66033940 103.06436160
v 81.45867920 -154.57180790 102.38464360
v 79.62695312 -136.40885930 104.80807500
v 83.77670288 -159.82812500 98.63400269
v -43.28775024 -154.87997440 110.18006900
v -29.97542000 -125.08157350 107.73236850
v -18.86837872 -111.43948997 97.95770874
v -14.36735344 -106.56752780 111.17018890
v 33.70200976 -230.35873764 97.95770874
v 75.54281616 -139.90374760 102.42178340
v 20.29729424 -232.08714669 97.95770874
v -45.99693680 -169.53866580 112.61859130
v -34.10538864 -129.81010440 115.46179200
v 48.92741776 -107.03465270 98.41004944
v -33.53258864 -205.87816269 97.95770874
v -20.77730672 -111.30926499 118.52094726
v 5.82441616 -230.44561770 105.89884950
v -6.95706224 -226.11259460 104.25310520
v 46.49804688 -106.13571170 99.32879639
v 79.99090576 -149.83523560 103.28013610
v 65.90591376 -125.32252741 97.95770874
v -24.82014576 -214.88661216 97.95770874
v 49.85157776 -224.67071530 100.54774480
v 82.32205200 -195.66366580 101.77703090
v 63.51194000 -122.68074040 98.73344421
v -44.86494064 -174.98867800 105.60906980
v 81.85350800 -139.29257200 106.66281890
v 9.30516625 -231.59040830 109.26658630
v -22.17177200 -217.34527590 102.20319370
v 27.93378448 -232.02941890 113.69127660
v 27.93378448 -248.99743650 117.80715180
v 77.97971344 -132.20779420 105.14868160
v 79.25373840 -203.07376100 100.86460110
v 87.78982544 -175.58467100 105.61702730
v -31.49355888 -124.93416600 117.41326900
v 36.86180496 -230.99403380 116.07881160
v 83.40155792 -189.71403500 102.61180880
v -24.47397232 -215.81153870 102.79524990
v -36.06138992 -204.64039610 106.42939000
v -10.08488560 -223.74255370 98.07056427
v -41.65160816 -199.82116482 118.52094726
v 74.38843536 -204.09085080 116.88513180
v 49.66632080 -225.00982670 98.04940796
v 72.88245392 -133.07081600 102.35163120
v -44.15498352 -161.03039550 108.42147060
v 80.60919952 -136.77313230 107.57838440
v -18.91636848 -220.79336550 109.62841800
v 7.54051984 -230.54529674 97.95770874
v 85.53625488 -149.90821840 109.34032440
v 86.30043793 -164.73248290 105.32440190
v 81.66246033 -140.58372500 105.39730830
v 72.65126801 -129.33482360 117.56169890
v 68.79252625 -213.61199950 104.53739930
v -18.95689583 -111.34826660 99.79406738
v -27.07287407 -216.60806270 117.27563480
v -42.58261871 -193.77038570 109.58473210
v -31.38906479 -128.66909790 101.82171630
v 39.65589905 -228.10723880 110.59720610
v -16.54711151 -108.89920040 103.80345150
v -44.02897263 -165.68743900 104.31365200
v 12.12362385 -232.13800050 110.00556950
v 7.61805201 -230.75959780 101.22205350
v 86.09086609 -190.17764280 104.51725770
v 75.52583313 -128.12486270 105.74605560
v -45.10365295 -186.38096620 111.84362790
v -46.77347183 -177.79623410 115.52477260
v -36.35259247 -203.56744380 103.58349610
v 33.02448273 -230.34893800 109.71867370
v 36.65126801 -231.28477480 116.07933040
v 13.11074449 -102.55535374 97.95770874
v 12.87941265 -239.13168330 116.60926820
v -31.05328751 -125.65921020 111.99430850
v 65.26956177 -123.73805240 99.92118073
v -23.96162415 -218.27478030 113.97081760
v 86.92529297 -160.23033140 105.98875430
v -36.67428207 -205.11921690 111.09172820
v -28.91678575 -215.18053238 118.52094726
v 82.47213969 -148.33730898 118.52094726
v -23.30492783 -216.18438720 99.09960938
v -44.54055023 -176.87948610 104.04953000
v -46.49088879 -185.65743492 118.52094726
v 5.41100433 -240.36156571 118.52094726
v 4.84477329 -230.66766360 109.24771880
v -38.86050415 -201.78463750 110.32984160
v -17.28997231 -221.85717770 110.03157810
v -22.13829231 -113.97883610 108.68730930
v 44.14875793 -227.51252750 118.00758360
v 69.69603729 -129.41331480 101.18869780
v 51.79619217 -223.04487610 107.04989620
v 49.78490513 -108.34413574 118.52094726
v -25.52839279 -118.69027710 104.65409090
v -4.26130031 -231.27268101 118.52094726
v 82.62502289 -196.81802370 108.13525390
v -4.24491119 -227.05567930 102.65939330
v 63.93552017 -218.03535460 98.71761322
v 84.97392273 -166.48960880 99.32879639
v 68.47527313 -214.24234010 102.99952700
v 18.79899025 -102.61689760 105.60330960
v 1.27073681 -230.34216310 112.38737490
v -10.20264302 -223.66555077 97.95770874
v 20.63795090 -102.86663820 100.63706970
v 85.73617554 -190.55809020 104.16961670
v 86.23886738 -175.49555897 118.52094726
v -44.34815598 -169.50724790 103.95075990
v 11.18706322 -232.15496830 110.77607730
v 63.69584274 -216.12287900 108.59466550
v 82.15145874 -199.00007630 106.05147550
v -35.53153134 -203.46781003 97.95770874
v 84.46948242 -194.62562560 103.60347750
v -46.40458094 -163.04133903 118.52094726
v 84.51541138 -146.70654300 109.47167970
v -2.19723630 -230.96675110 117.03633120
v 82.94651794 -156.35798650 104.21136470
v 68.30120850 -128.25128170 98.71762085
v 89.44902802 -176.03912350 110.32984160
v 83.50885010 -197.44161990 105.11662290
v -31.14505582 -212.74590024 118.52094726
v -42.28157806 -189.05358890 101.04974370
v -42.17409134 -197.90298460 115.93830110
v 69.33478546 -211.47276310 110.42192840
v -43.71480942 -188.69927980 107.60085300
v 69.94559122 -213.40998632 97.95770874
v 81.20008850 -190.52743530 98.95217133
v -26.80454254 -118.85565950 115.44274140
v 59.53586578 -113.13247680 107.86591340
v 65.48916626 -215.97334290 104.52374270
v -30.64360046 -211.58453370 111.16569520
v -39.91492462 -200.32051090 111.09745790
v -45.35375214 -177.72389220 108.27249910
v -44.53977966 -164.77520750 107.61930850
v -39.37420654 -142.28135680 112.13938140
v -39.13761902 -144.02432250 106.94697570
v 82.27832978 -189.76282191 118.52094726
v 87.44323730 -186.59887700 105.77259830
v 78.70336914 -196.87533570 99.34246063
v 89.01483154 -181.30831910 108.19073490
v 52.92876434 -109.55261230 112.30940250
v 70.46948242 -213.05865480 98.40665436
v 60.79966354 -113.31641390 100.18669130
v 61.21977234 -116.40289310 116.21200560
v 38.55284882 -237.99639890 117.20026400
v -40.67949677 -151.20236210 100.97129820
v 22.64335251 -246.38186650 117.05036930
v 62.22710419 -218.61587520 101.37239070
v 45.73038483 -226.18067930 101.29180150
v 44.30564499 -226.65911870 103.09129330
v -1.33558381 -230.25250240 115.04978180
v 11.96234131 -231.51997380 103.80565640
v 79.76859283 -201.55062870 107.28968810
v -42.53534317 -154.87738040 106.05163570
v 4.38979475 -238.93184990 118.52094726
v -43.24502893 -170.03917798 97.95770874
v 10.00166035 -240.87936400 117.49440770
v -28.89263725 -213.84272770 112.70098880
v -0.17999981 -102.40726470 105.59326170
v -0.17999981 -102.52365110 101.62068180
v -0.17999981 -228.43843080 100.85669710
v -34.11253357 -130.91815190 112.03276060
v -47.39601517 -173.98596190 118.35142520
v 86.56481171 -171.68453980 105.15638730
v -29.17698669 -124.68367000 100.85669710
v 5.05313683 -101.40741730 115.54788970
v 23.27476883 -232.16319270 108.41850280
v 63.88090515 -213.59634400 118.25438690
v 68.81382035 -214.63232845 97.95770874
v 84.01753235 -181.61486820 102.99900820
v -10.57907821 -105.61916552 97.95770874
v 84.27582355 -184.31550549 118.52094726
v 33.65647507 -103.90064240 98.52662659
v -25.70931053 -214.63000490 101.16353610
v 81.98665619 -152.99163820 104.27585600
v -46.15190125 -171.64633180 112.69812770
v 6.52397203 -232.79382320 115.52438350
v -0.08728173 -101.20396561 118.52094726
v 43.21301651 -105.47483830 99.17600250
v 43.21301651 -226.89828490 106.66281890
v -45.72523117 -182.11889650 111.85451510
v 55.45056915 -220.76318360 109.55877690
v -46.74298477 -183.07070920 117.71881100
v 25.29811859 -102.99057010 102.27005000
v 85.62926483 -159.30836490 117.08610530
v 11.29440403 -234.64001460 115.82361600
v 40.35437971 -243.20795622 118.52094726
v 81.54705811 -190.17242430 101.16230010
v -43.64765549 -176.87948610 99.32877350
v 48.12767892 -106.93452929 97.95770874
v 34.96870804 -103.84379580 107.70396420
v 85.37376404 -170.30941770 98.66299438
v -38.06522988 -145.02464929 97.95770874
v 79.72459412 -200.29977420 109.61849980
v 47.23057556 -225.46223450 102.86349490
v -36.29045868 -136.53184510 107.99974820
v 74.56172180 -130.24069210 113.29512020
v 83.62077332 -162.21142580 102.07906340
v 71.98356628 -208.85519410 111.27976230
v 85.07636628 -165.72982315 97.95770874
v 44.17731476 -232.48638920 118.39024350
v 12.90878868 -233.29931640 114.05464170
v -43.19589996 -168.12753300 98.56843567
v 88.03142548 -184.67187500 106.35725400
v 47.93127060 -223.59941100 117.69918060
v -42.44020844 -197.02258300 115.21226500
v -40.73102188 -196.67517090 106.08980560
v -11.87223148 -104.15962220 117.79756160
v 56.44381332 -111.46755220 98.75384521
v -26.07056236 -117.90205380 115.62095640
v -42.80055660 -148.23502923 118.52094726
v -21.29819244 -217.36171083 97.95770874
v 83.16226196 -183.37315370 101.78894810
v 82.68522644 -155.75485230 98.02764893
v 86.03412628 -151.05731200 107.88484190
v 11.23723412 -232.61706540 112.92470550
v 88.39344788 -183.49029540 108.80526730
v 81.70027924 -198.86944580 107.25621800
v -24.62073708 -218.54663090 117.20855710
v 48.67866516 -224.98135380 101.91817470
v 86.05187988 -155.48855590 106.01329800
v 48.94998932 -223.67936710 113.26541140
v -44.89099884 -155.05236820 118.33926390
v -34.26235500 -129.20890454 118.52094726
v 37.61884308 -228.78704830 111.64766690
v 76.26608276 -205.66499330 99.31917572
v -24.18094444 -115.38741300 116.97986600
v 50.32040596 -108.64281128 118.52094726
v 73.95269012 -127.34461980 109.05732730
v -26.21645164 -217.43383790 117.77983090
v 86.34558868 -184.06071470 104.49602510
v 84.56172180 -168.32312010 103.60697940
v -36.73951340 -141.06950380 98.73141479
v -38.02859116 -141.51940920 105.83174900
v 66.38142869 -121.88769842 118.52094726
v -26.61610603 -118.96640010 113.23944850
v -15.79475307 -107.73120120 109.87147520
v 88.69718933 -177.61477660 111.80325320
v 70.41004181 -126.38162230 101.97402190
v 70.41004181 -130.12503050 101.62052920
v 62.93107605 -115.79426570 108.19217680
v 2.66682005 -230.17869570 109.71867370
v 43.09008789 -105.34926610 116.51791380
v 84.35485077 -168.01753230 102.99579620
v 75.75128725 -201.57716551 97.95770874
v 84.34635925 -195.19973750 103.61039730
v 3.02863765 -229.58178710 102.15544130
v 82.82069397 -158.77275090 102.53557590
v -19.59372139 -111.32251740 107.65631870
v 14.04792213 -239.66842650 116.49275210
v 65.07426453 -116.21301270 101.74629210
v 67.62231445 -127.37633510 99.34803772
v 80.29502869 -151.21037290 99.93996429
v -41.64321899 -154.56866460 101.54073330
v -11.06149483 -227.01440430 117.29680630
v 49.10514069 -107.84437560 116.68760680
v -9.18715243 -224.16865879 97.95770874
v 35.95732117 -246.55538940 118.22186280
v 84.42972565 -160.90966800 104.54930110
v 58.52795029 -113.47366330 98.98127747
v 80.57754517 -151.35121150 103.29450990
v -43.55811691 -154.86993410 111.63325500
v -7.46609259 -102.38687130 117.54145810
v 77.74774933 -204.22688290 99.93076324
v 87.77476501 -184.45373540 109.72697450
v 69.13371541 -214.33472054 97.95770874
v 69.51579285 -120.92765810 102.62802120
v -31.93982315 -128.41775510 107.65258790
v 5.40586901 -239.51815800 118.34902950
v 74.91991957 -203.04296929 97.95770874
v -28.53585515 -120.58350983 118.52094726
v -42.12604523 -151.21037290 109.56587980
v 86.30158997 -152.68936160 109.55401610
v 42.08642197 -240.08186340 118.46289830
v 2.49941397 -229.40737920 101.92752080
v -9.28919403 -228.47419216 118.52094726
v -45.32152939 -167.15324400 110.25503540
v 38.35942549 -245.36716700 118.52094726
v 53.54280853 -109.91677090 112.34841920
v 25.96658325 -237.77664180 115.44876100
v -6.01561451 -228.79870610 115.97612760
v 57.46648725 -116.81948858 97.95770874
v 72.42115733 -205.61036875 118.52094726
v 49.94689941 -223.97616580 106.89242550
v -44.62546539 -192.75511170 117.99166870
v 72.65319061 -207.08474730 114.27247620
v 41.22671509 -241.66342160 118.45188900
v -39.45333099 -148.33285520 99.28909302
v 64.18464661 -119.84333040 100.21418000
v -7.85776234 -226.26486210 107.80543520
v 27.52775574 -231.61761470 108.51542660
v -24.67428970 -217.12788390 110.61951450
v -16.71558762 -220.74465940 102.04817200
v 42.47063446 -226.91093440 111.40196990
v -29.17855594 -210.75457596 97.95770874
v 4.56331158 -230.09942630 104.19029240
v -36.40779114 -206.59783940 116.56777190
v -42.43838570 -147.22620391 118.52094726
v 34.26299286 -246.94456480 117.99084470
v 49.97198486 -222.28164670 118.27009580
v 74.23867798 -207.13851930 109.81339260
v 35.54164886 -103.83885190 110.15795140
v -27.68420202 -119.46397086 118.52094726
v 80.19004822 -199.01052860 110.62967680
v 42.29386902 -226.68748470 115.19544220
v -0.39037290 -102.63147740 99.29060364
v -16.81564522 -109.51341250 99.20597839
v -41.21991786 -200.55584296 118.52094726
v -15.16083050 -106.89456180 113.45763400
v 84.59413910 -172.14291380 102.07906340
v -47.07357290 -168.65899635 118.52094726
v -26.35433578 -119.07444760 110.48468020
v 39.64566422 -228.28738400 115.86328120
v 44.35246742 -233.73549017 118.52094726
v -16.95777130 -107.84207920 117.81166080
v 82.57175446 -198.22882080 102.39923860
v 50.09278870 -222.34573360 117.07734680
v -43.47490154 -196.16357144 118.52094726
v -28.03264618 -212.88780210 103.64817810
v 77.67364502 -132.09307860 108.20819090
v 67.86816406 -119.02651210 102.42817690
v 14.36391830 -231.81724550 101.45832820
v 32.02980246 -103.72612004 97.95770874
v 54.84944534 -110.09230040 108.14971920
v 85.43512726 -152.73605350 105.97555540
v 45.21243286 -105.96663670 110.25344850
v 21.34488726 -232.10012787 97.95770874
v 89.04029846 -163.16157530 107.89974980
v 19.73732758 -238.40875240 115.57725520
v 86.51000214 -153.57696530 109.72041320
v 83.64739990 -191.90675350 111.83473210
v 86.75122070 -182.23410030 113.51713560
v 82.91409302 -186.71081540 102.19481660
v 33.25353622 -103.26553340 113.88226320
v -28.13926506 -120.80378720 114.43520360
v 51.98047638 -108.40969850 107.23690030
v 24.47632790 -232.50109860 112.90856170
v 68.97073046 -128.99845766 97.95770874
v 63.07249814 -122.39683681 97.95770874
v -35.75380329 -203.16314449 97.95770874
v -13.16285801 -104.99572750 117.35305790
v 82.66129303 -196.69799800 102.09387970
v -43.79432297 -193.25569150 114.65472410
v 8.47130775 -101.76109310 112.20237730
v 79.83149719 -149.12577820 98.51802826
v -27.27985001 -213.46656800 102.69022370
v 72.69729943 -209.24986171 97.95770874
v -40.01609833 -194.60646824 97.95770874
v -13.42945385 -224.29333500 111.76014710
v -31.00292969 -124.81210330 114.89527890
v -9.82428265 -104.19872280 110.25344850
v 88.36372375 -180.77568050 106.07557680
v -17.37334633 -219.99685670 99.25260925
v 39.95037079 -229.42340090 116.73969270
v 85.33670807 -191.54754640 103.96260070
v 55.95037079 -109.63861080 100.24772640
v -17.04490089 -108.07212830 116.59432220
v 85.42719639 -169.07958973 97.95770874
v 33.28151703 -103.61984250 106.66281890
v 33.28151703 -233.25985720 115.69926450
v 88.44515991 -169.39645390 106.35308070
v -43.39949417 -177.10867310 98.10643005
v 33.78749847 -103.21298220 118.44692230
v 85.39382935 -173.36526490 98.75961304
v 88.71455383 -172.67770390 106.38246150
v -40.96742249 -194.60339360 103.22498320
v -44.94021225 -178.63659670 106.47180940
v 77.66978455 -137.40191650 117.67076870
v 80.19816855 -149.56071459 97.95770874
v 30.53499031 -103.51734160 99.33591461
v -41.72041321 -189.40173340 98.41530609
v 58.30853271 -112.03054810 106.89199830
v -43.75592041 -177.66253660 100.18824010
v -29.18722153 -122.93468480 111.24658200
v 21.83255959 -248.99652100 117.66429140
v -44.14252393 -194.51737770 118.52094726
v 47.00170135 -106.88584900 118.00765230
v 2.83764887 -102.41306300 98.71761322
v 44.43859863 -105.68901060 102.73797610
v 23.07194519 -233.71453860 114.59965520
v 82.56750488 -144.35369870 113.01314540
v -43.60829544 -173.44165040 98.99462891
v -43.60829544 -162.77822880 104.06015780
v 72.52543640 -207.94734190 112.32160950
v 8.07078552 -102.11099240 102.69022370
v -19.47070312 -111.41672520 104.67652890
v 13.63678360 -232.44572450 110.63732150
v -36.60179816 -201.94742913 97.95770874
v -20.68307304 -112.59820560 106.03253940
v 82.07541656 -155.56002810 99.94689941
v 51.24859288 -109.16871173 118.52094726
v -29.78795624 -122.44244380 117.57315830
v 81.09703064 -137.98965450 106.04479220
v 83.96426392 -145.56494140 106.36125180
v 80.09239960 -200.38903810 100.79013820
v 68.72651672 -123.74595640 101.48912810
v -2.05170536 -101.80980680 115.75396730
v -43.02087784 -194.23361210 112.46894070
v 79.31779480 -195.41108700 98.75729370
v 64.60301208 -214.69337460 111.95539090
v -18.94880104 -220.48146060 108.32162480
v -30.50080872 -126.03906250 107.40637210
v -42.58301544 -195.18467710 112.08782200
v -8.77102184 -225.26856990 104.39981840
v 85.52742040 -171.97457325 97.95770874
v 62.10552216 -116.27587130 111.94160460
v 66.99977112 -119.15930940 101.15093990
v -6.30614376 -226.30540470 103.54967500
v 18.23645592 -233.69087220 114.37341310
v 85.08583832 -176.11178590 99.35064697
v 66.94023832 -122.48504858 118.52094726
v 9.90885272 -101.21093650 118.52094726
v 83.53199768 -192.59960940 102.74147800
v 76.83226776 -130.41677860 107.29299930
v 79.42817688 -199.26184080 112.42685700
v 89.48992920 -168.78149410 107.57955930
v -1.59593320 -228.50819400 106.81555180
v 87.43473816 -159.61395260 106.41008760
v -8.12199272 -229.10633684 118.52094726
v 76.88475800 -201.16423030 116.19445800
v 83.32435608 -182.83837890 102.07906340
v -36.14708328 -137.79521180 103.37255100
v 74.57468824 -203.63098890 97.95770874
v -39.90489960 -199.95924380 110.11502080
v -34.25369959 -129.19414985 118.52094726
v 30.73770905 -241.87130740 116.49620060
v 82.45610137 -148.29320448 118.52094726
v 53.15955353 -108.94245910 106.66281890
v 67.34288025 -214.40710450 105.57728580
v 79.18000793 -204.35025020 102.98760220
v -21.97021799 -220.81132030 118.52094726
v 85.63465881 -149.68244930 108.19073490
v 45.19042969 -225.23199460 116.13593290
v -39.65441895 -197.66976930 102.77044680
v 85.52851865 -175.22870919 97.95770874
v 86.46175385 -155.71551510 111.94389340
v 67.35211161 -210.57044129 118.52094726
v -6.89426279 -102.93000790 112.91914370
v 86.98934937 -171.53175350 116.64031220
v 76.40926361 -207.55409240 100.87573240
v 79.25025177 -148.85412600 102.70606230
v 89.32319641 -176.11550900 107.02273560
v 33.82927769 -249.55639756 118.52094726
v 76.20355225 -142.37324520 99.27002716
v 83.90405273 -184.75343320 103.00218200
v 80.83959961 -138.85899350 105.12692260
v 18.68984985 -238.41658020 115.64504240
v 80.57946777 -152.05682370 102.69457240
v 84.46445465 -173.76586910 102.41949460
v 70.55052185 -211.70883180 106.63283540
v 75.21474457 -139.91300960 102.15927120
v -15.51262567 -106.54904824 118.52094726
v -33.98460007 -206.14456180 101.98355870
v -47.00988007 -179.17135620 116.89990230
v -38.97450599 -138.52683425 118.52094726
v 1.99729049 -102.46427150 98.60301208
v 79.34944153 -149.14749150 100.09312440
v -29.19127655 -214.13967900 115.46224980
v 80.12867737 -200.02888490 109.01698300
v 80.37182617 -140.21255490 113.85594180
v 88.12211609 -183.11196900 106.07256320
v 31.29521561 -102.86508940 118.42782590
v 31.29521561 -102.85954599 118.52094726
v 46.13585561 -225.91627975 118.52094726
v -20.09874535 -111.58149720 110.62210080
v -4.53458023 -103.09899140 103.12948610
v -8.70396519 -224.72491460 100.10002140
v 50.38398361 -108.05821230 111.35848240
v 47.30189721 -225.95575656 97.95770874
v 54.18579865 -110.72740170 98.17502594
v 45.67595673 -106.23205570 115.36242680
v -34.64496231 -206.24615480 106.18955990
v -42.81072998 -156.21044920 106.04737090
v 30.82358170 -230.91040040 108.80191040
v 85.31547546 -174.19711300 104.26445010
v -31.29336166 -211.07786560 112.05509190
v 83.03681946 -183.37315370 100.85669710
v 86.11439514 -154.11343380 106.31114960
v 23.99938202 -251.90158080 118.42803960
v 23.99938202 -247.56030270 117.31919860
v 70.49853594 -126.74498031 118.52094726
v -25.83741030 -119.76471527 97.95770874
v -42.37016678 -190.36474610 103.30076600
v -42.22138214 -150.74206540 110.86966710
v -42.98093414 -188.72103880 104.21796420
v 38.99938202 -228.67340090 98.48422241
v -38.09517670 -201.36227420 105.13489530
v 74.85812378 -127.15989690 105.44047550
v 40.30428314 -231.44987490 117.07845310
v 48.59529114 -107.24542240 111.74316410
v -40.35144806 -148.98245240 103.31423190
v -43.95198822 -154.87313840 113.68858340
v -21.10347366 -111.95189670 116.36961360
v -41.34030950 -156.45800684 97.95770874
v 79.33245850 -196.40899660 99.90735626
v 68.76086426 -120.97855380 101.78771970
v -31.47642982 -129.58580939 97.95770874
v 11.14621850 -247.20209965 118.52094726
v 62.84693146 -216.65475460 108.71620180
v 88.89749146 -180.69929500 106.96839140
v 69.04338074 -129.25613400 98.63500977
v -32.81922150 -131.65830990 100.50978850
v 37.33052826 -245.75099180 118.34978490
v -23.74704742 -216.39486690 103.20292660
v -43.10173798 -183.72985840 99.78350067
v 84.25372314 -179.09497070 99.96517944
v 74.71956635 -204.99642940 98.38925171
v 15.53990555 -102.63761900 99.34209442
v 59.75314331 -217.32160950 114.76574710
v 58.49224091 -116.22093200 98.57848358
v 84.01983643 -153.57864380 118.50421910
v -40.23836517 -194.57611080 99.09864807
v 4.32087708 -231.02317810 111.85420230
v 86.83071899 -169.83047490 116.96861270
v -44.11215973 -178.40740970 102.26647190
v 80.40231323 -196.83306880 113.67062380
v 81.71763611 -145.30654910 116.91504670
v 84.80177307 -152.67027280 114.67114260
v 13.72410011 -102.11678310 110.50173190
v 13.72410011 -246.01800540 117.77362060
v -10.58644581 -226.17915340 113.65721130
v 32.37240219 -249.28317260 118.26306150
v -47.36850021 -178.38763802 118.52094726
v 22.79434395 -233.38560490 114.36750790
v -30.78853989 -127.59294890 101.50607300
v -36.02879333 -205.54893490 109.87770080
v 77.91408539 -146.11627200 99.89876556
v 82.82338715 -157.24528500 99.32921600
v 87.16842651 -177.64343260 105.16033170
v 27.78691483 -102.58399200 117.04256440
v 57.82338715 -112.65576170 111.41299440
v 79.20123291 -149.31170650 101.46788020
v 30.07676315 -246.65444950 117.40489960
v -11.17289829 -105.21473690 105.93704990
v 26.32946587 -231.78210450 106.30949400
v 32.92567451 -103.82293788 97.95770874
v 84.10667419 -145.45446780 106.65487670
v 8.41456795 -102.29726410 98.93708038
v 76.13948059 -129.04153440 106.05163570
v 81.48330907 -190.57998051 97.95770874
v 72.79521179 -210.89216610 99.30955505
v 83.65781403 -180.38891600 100.84988400
v 40.21995163 -104.77757260 106.55340580
v 81.34249115 -190.91195680 101.17945100
v 83.94886299 -185.33682788 118.52094726
v -45.89892197 -183.60234070 113.53846740
v -30.88396645 -126.62294010 107.73236850
v 54.19094683 -111.03342128 118.52094726
v -21.20952933 -217.41909007 97.95770874
v 75.42199707 -140.04229740 98.41201782
v 47.48008347 -106.50755310 105.09575650
v 78.24137115 -144.63192750 103.28263090
v 62.74277787 -218.77899764 97.95770874
v 49.53794459 -222.59229291 118.52094726
v 70.82801819 -127.16534420 118.47501370
v 43.77475739 -226.97930910 117.66738130
v 80.61844635 -151.60958860 99.31722260
v 19.03363228 -232.55728150 109.87531280
v 86.23558044 -152.64804080 106.97728730
v 80.10011292 -142.11454770 117.57212830
v 85.24600220 -188.01441960 112.26712040
v 14.91475868 -232.47967530 110.23168950
v -42.77001572 -161.21827700 101.06245420
v 79.33863068 -196.80377200 117.05260470
v 81.91485596 -141.31071470 105.41488650
v -5.82276964 -102.05922700 117.34101870
v -12.03752804 -224.83816530 110.79180910
v -38.19552612 -140.59472660 109.11586000
v -6.87846756 -226.63418580 107.58151250
v 47.00458908 -225.17102050 108.66822050
v 77.30582428 -206.69570920 101.46228790
v -13.77083492 -223.82931520 110.32769010
v -43.46781540 -156.62445070 109.15791320
v 52.29077148 -223.52934270 101.01251220
v 54.77000348 -112.30972159 97.95770874
v 30.67440796 -231.00910950 106.66281890
v 76.80061340 -130.77525330 108.19073490
v 29.31325340 -103.20807650 103.87345120
v 85.85117340 -182.34179690 104.21572110
v 83.54627228 -144.17294310 109.60694120
v -40.61756516 -144.52178960 114.25085450
v 70.14681244 -130.79989620 100.85967250
v 48.25912476 -224.98303220 103.60697940
v 78.68096924 -147.51965330 102.67282870
v 67.36950684 -119.68730930 101.15119930
v 64.77166748 -215.52821350 108.06552890
v -26.92825188 -212.99243606 97.95770874
v 60.36307868 -220.10904681 97.95770874
v 87.20007324 -155.82719420 107.29243470
v 81.52465820 -140.89125060 111.39589690
v 53.44052124 -108.37329100 100.24552920
v 37.70991516 -240.85957340 117.43992610
v -33.21441892 -206.24636905 97.95770874
v -39.84662628 -198.48672490 105.84288790
v 76.93724060 -132.17007450 103.92793270
v 66.63040924 -125.75393680 99.98670197
v 75.64816284 -141.21176150 102.06352230
v 75.13175964 -209.10305790 101.46788020
v 68.79771804 -124.60558774 118.52094726
v 78.49185181 -200.67376710 99.87248993
v 41.35522461 -227.58993530 116.48041530
v 88.28227997 -163.28097530 106.66281890
v -42.66059875 -162.98880000 99.31674957
v 72.57791901 -211.51966860 101.47379300
v 24.25693085 -102.20690617 118.52094726
v 26.67324829 -247.92788700 117.47933960
v 83.14372253 -198.21084590 104.52374270
v 82.91369629 -142.73776250 106.02825160
v 66.68173981 -120.83301540 113.54446410
v -44.53805923 -176.05822750 103.96348570
v 6.67833757 -101.11759950 118.42829900
v 83.42623901 -181.20745850 101.46759800
v 75.96039581 -141.89770510 99.31967926
v 74.97737885 -127.68893430 104.22818760
v 83.75005341 -145.16282650 110.32356260
v 21.36371613 -102.75531010 106.66281890
v 69.97045917 -126.06708982 118.52094726
v -10.30389859 -105.47723494 97.95770874
v 77.58911133 -136.20912170 115.69623570
v 89.41967773 -168.55416870 110.34060670
v -42.57177187 -185.02485211 97.95770874
v 77.09895325 -130.48205570 106.05163570
v -32.31732835 -207.27515635 97.95770874
v 56.85097885 -115.22557830 98.04655457
v -46.00120163 -185.18778990 115.50566860
v -37.55819619 -143.62384626 97.95770874
v 88.16803741 -182.22720340 106.00130460
v 82.29013405 -188.55289933 97.95770874
v -34.49695587 -134.97523500 100.66418460
v 89.75275421 -170.84417720 109.71867370
v 71.22245789 -132.09736630 101.46403500
v -19.20411491 -111.65107730 99.15690613
v 36.26819229 -229.48883060 103.09129330
v -8.40244579 -104.50720210 98.87040710
v -45.55870819 -164.23591610 113.38568120
v -38.48865891 -200.48535160 104.53082280
v 83.85001373 -196.71066280 103.61903380
v 77.17189789 -130.61248780 105.74605560
v 84.87895966 -172.60130310 100.85669710
v 5.19637918 -102.27020260 99.59619141
v -45.21849442 -183.13899230 109.89602660
v -27.68433762 -121.87306980 104.08119200
v -21.49444962 -217.59883120 100.61066440
v 75.32975006 -129.35250850 103.60760500
v 71.99397278 -208.44961550 112.39920810
v -43.53092194 -189.41514590 107.56252290
v 87.73114014 -183.81840520 110.30978390
v 55.63098526 -111.48391720 98.45383453
v 83.59782046 -158.58100882 97.95770874
v -30.01728866 -126.79286388 97.95770874
v -36.48962402 -137.17642210 107.42678830
v 83.51793822 -186.57511709 118.52094726
v 87.99667358 -172.04742430 114.18286130
v -34.96588898 -132.65016170 111.59037780
v 15.39526558 -232.36248780 109.34623720
v -41.93889378 -199.31097777 118.52094726
v 64.31855774 -117.29499820 100.35490420
v 81.60107422 -153.09950260 103.92029570
v -41.38247010 -156.70076384 97.95770874
v -45.32964706 -176.26831050 107.98414610
v 84.19505310 -177.37132260 102.95687870
v -32.56256866 -207.77151490 102.09104920
v -44.71424866 -162.46022030 110.21570590
v 37.29231262 -103.98286440 112.54533390
v -14.55320930 -221.86831670 101.25364690
v 44.91350174 -225.44573970 116.71624760
v 88.37567902 -184.06073000 107.27400210
v -31.73673058 -211.45693970 115.94494630
v 81.42430878 -139.05998230 105.73836520
v 73.59538334 -206.83080360 97.95770874
v -45.44485474 -172.60130310 108.80191800
v -24.63717474 -115.70589333 118.52094726
v 12.33824158 -231.58172610 105.60427860
v 85.56361886 -162.32384727 118.52094726
v 50.49532318 -107.25788880 99.93996429
v -43.74608994 -179.93533330 100.97129820
v 55.14642334 -220.04182430 115.22243500
v 84.28768158 -162.66390990 99.33355713
v 8.33997726 -237.52465820 117.19854740
v 53.48972702 -221.90263370 108.80143740
v 31.98278046 -103.41004940 108.03794860
v 45.47730846 -106.03386518 97.95770874
v 14.06788254 -231.70123290 98.60301208
v 85.07810974 -183.02937320 103.82448580
v 85.07810974 -153.80783080 105.59365840
v 85.07810974 -157.78044130 105.33258060
v 85.07810974 -177.49064640 104.06553650
v 85.07810974 -154.49540710 105.54070280
v 85.07810974 -160.83628850 104.98884580
v 44.11091614 -226.65391540 117.67263790
v 87.16610718 -176.87948610 105.16250610
v 21.92372894 -232.72062680 112.49035640
v 66.53083038 -117.33675380 103.90524290
v -42.11081314 -151.90481570 108.26425170
v -42.11081314 -192.70808410 105.56922150
v -39.86882401 -196.74359130 101.70585630
v 65.98886815 -211.75707651 118.52094726
v 15.55041183 -250.31683344 118.52094726
v 66.54202271 -117.39327240 102.69393920
v 70.41195679 -211.47143550 107.73712920
v 84.31083679 -193.41889950 103.34397130
v 13.66827679 -234.03692630 114.87781520
v 89.72805023 -173.67083740 107.88515470
v 85.63928223 -156.41146850 115.04888920
v 83.57096863 -151.02220150 117.48065190
v -43.67044449 -156.40147400 110.47859190
v 77.10782623 -200.07487490 99.03364563
v 77.39227295 -198.76966860 98.39698792
v 83.08081055 -196.81134030 107.19128420
v -43.49734497 -181.25421140 100.32546230
v 71.25950623 -211.79582210 98.11804199
v -36.25033569 -133.71577450 115.83073430
v -43.24300385 -179.34304810 97.99240875
v 0.61959583 -102.31840520 106.62391660
v 22.03218079 -247.27566530 117.26854710
v -45.65732193 -165.13815310 113.31664280
v -39.44581985 -144.13546750 108.60859680
v -43.11976801 -180.76208521 97.95770874
v 71.78517151 -127.68035890 102.20157620
v 1.24287903 -102.45108800 100.33147430
v 89.31739807 -174.93136600 107.02679440
v 80.28459167 -192.92485050 99.93595123
v 69.76278687 -128.73925780 101.43795010
v 85.96656799 -164.79042050 118.27252200
v 63.42874527 -120.51133730 99.90525055
v 45.83301023 -226.46001277 118.52094726
v 16.01809311 -233.97325130 114.65714260
v -11.98608993 -104.12099377 118.52094726
v -8.43665505 -104.15644840 103.91460420
v 41.04433823 -228.20411680 116.75598910
v 79.55591583 -201.00488280 108.77327730
v 36.64294815 -104.28588100 100.93309780
v -41.83968353 -196.86053470 111.91015620
v 82.93955231 -196.94087220 102.39427190
v 73.90674591 -138.07023620 100.55112460
v 84.99937439 -171.07337950 100.70390320
v 29.36786079 -251.06579590 118.44064330
v 70.07424927 -124.61822510 113.92016600
v -13.16629601 -225.42417910 115.75524900
v 12.31739807 -244.27377320 117.70954900
v 23.23702431 -234.33149720 114.85678860
v 11.77937311 -231.37421371 97.95770874
v 6.44736671 -102.23675540 99.72987366
v -2.85219169 -228.42214970 109.28118900
v -4.42367840 -231.18143777 118.52094726
v 35.39863968 -247.10527040 118.23022460
v -3.00738144 -229.83065800 115.52445980
v 87.87007904 -161.97419740 111.85451510
v 82.89066400 -186.83913273 97.95770874
v 73.98239136 -209.96536250 100.00906370
v 74.25371552 -209.87416080 100.53756710
v 85.08621216 -193.31475830 107.13285830
v 85.07115936 -164.42562870 104.74394990
v -28.25303648 -123.55193854 97.95770874
v 6.37097120 -238.26379390 117.81092830
v -31.93154144 -207.95233150 99.26194763
v -8.43950176 -227.83084110 116.13687900
v 51.73827744 -108.98121640 113.19010930
v -33.92644448 -205.41890568 97.95770874
v 87.92990112 -182.95767210 110.48603820
v -40.55273056 -199.85612490 113.08010100
v 81.78594208 -139.61471560 106.05365750
v -35.77252960 -204.58338930 104.62472530
v 49.59728800 -225.04953953 97.95770874
v 77.13291168 -140.20932010 103.12707520
v -34.07839584 -208.62103270 114.52825930
v 74.04028320 -126.20941930 104.21812440
v -46.19533920 -175.33245850 112.30712130
v 79.22090912 -200.40950010 100.27580260
v -42.33852768 -161.89044190 98.56586456
v 88.75313568 -174.96957400 106.35005190
v 55.35927200 -112.73590090 98.05070496
v 9.78883488 -245.43975781 118.52094726
v 48.03565216 -223.52618410 117.05269620
v 47.53430176 -106.63815310 107.96155550
v 33.35560608 -238.97778320 116.35563660
v -39.07279968 -197.56074520 99.26725006
v 89.31353760 -179.24353030 109.10588840
v -38.56488800 -199.71405030 102.30727390
v 77.44630432 -200.39099120 99.32274628
v 27.01703072 -246.78195190 117.22464750
v 27.01703072 -232.85374450 114.57334900
v 27.01703072 -241.05224610 115.98089600
v 27.01703072 -248.99745180 117.75150300
v 27.01703072 -231.72845460 100.85669710
v 27.01703072 -102.66559600 114.76080320
v 27.01703072 -231.83668520 111.85775760
v 6.69565344 -102.33534240 98.00096130
v -9.81744480 -104.33052060 108.72552490
v 80.58293152 -142.12298580 115.96478270
v -11.09996128 -103.90937810 116.72983550
v 64.36409760 -217.62805180 99.90629578
v -30.38522720 -124.13304140 113.78411870
v -45.37789536 -187.25451660 114.23808290
v 50.50128544 -224.67252579 97.95770874
v -28.94931808 -215.14764539 118.52094726
v 64.36216736 -217.08039860 102.87897490
v 61.92816544 -120.99695590 98.70149994
v 10.34151840 -234.01043700 115.53631590
v 57.81122208 -110.61615750 100.86564640
v 81.84923553 -139.29257200 107.57958220
v 13.68655777 -232.98040770 113.06375890
v 77.99705505 -146.76263430 100.85669710
v 81.37876129 -192.08189390 101.36082460
v 73.14680481 -130.27886960 118.10881040
v 6.61925793 -230.54364010 102.04084780
v 17.06643105 -102.79087830 98.18283081
v 17.06643105 -231.95281980 98.24012756
v 84.26181793 -162.00451660 98.81014252
v 64.43588257 -213.48336790 117.05754090
v 84.29462433 -175.46615600 102.07906340
v 54.10743713 -108.71572880 102.22457890
v -2.44483423 -231.50720210 117.79454800
v -28.47245407 -211.73136900 99.51978302
v -34.78488159 -130.57205200 116.97317500
v -44.97310815 -191.96375975 118.52094726
v 53.12248993 -222.92608640 102.54433440
v 57.88107681 -110.67219540 102.38464360
v -42.74744415 -194.39291380 111.46890260
v 78.91098785 -198.24151610 99.91112518
v 71.96810913 -132.38911440 101.97924800
v 14.06574497 -249.45295284 118.52094726
v -3.87145567 -230.65802000 117.66986850
v 73.01210785 -124.63591770 104.52719880
v 6.88433313 -234.17227170 116.52248380
v 76.36756897 -207.28056340 104.07124330
v 64.76509857 -117.29799650 100.50038150
v 67.13098145 -119.05123900 107.38283540
v 84.11399841 -190.92549130 102.97008510
v -28.74291039 -213.08062740 108.33515930
v 16.75024033 -101.94641110 116.34158330
v -42.44842591 -185.74704822 97.95770874
v 86.99435425 -155.65548710 106.96009830
v 62.08871841 -120.34128570 99.35729218
v -28.80446815 -212.32498170 104.90602870
v -0.72556639 -230.29599000 114.58557130
v 59.15992737 -117.23000340 98.73169708
v 59.15992737 -113.42300420 110.22708130
v 85.94842529 -179.79727170 117.27934270
v 88.78941345 -182.34272770 108.19073490
v 60.31141281 -119.76230620 98.12695312
v -13.55287647 -105.58792110 114.77027890
v 71.02330017 -212.63351440 102.16180420
v 69.72109985 -211.91653440 108.05870820
v -44.99638367 -159.29968260 114.45405580
v 32.00188065 -103.59940340 101.75437160
v 83.93916321 -161.44744870 103.88812260
v -29.93945694 -123.56420900 113.38378910
v 44.37968290 -105.77589153 97.95770874
v 83.88937378 -147.31103520 112.47068790
v 78.98007202 -204.61123660 102.06507110
v 30.61519778 -231.09448515 97.95770874
v 85.43279266 -181.32540890 117.67004390
v -43.97785950 -153.34341430 115.88947300
v 75.66204834 -130.50793460 110.75199890
v 89.82569122 -175.35156250 108.80191800
v -9.48296030 -105.05954879 97.95770874
v 21.72659874 -102.78463750 104.87705990
v 89.31584930 -179.88108830 108.18669130
v 83.14564514 -160.07232670 102.38464360
v 0.58472610 -228.89846800 103.65473180
v 36.22978210 -229.45883180 106.37632750
v -9.02740574 -104.15605160 107.03401950
v 87.80793762 -184.34782410 105.80587010
v 83.44784546 -160.18167110 100.19338990
v 47.59836578 -224.37834170 113.10660550
v -37.94968414 -144.48931880 98.42156219
v 46.70186146 -106.77371230 118.52094726
v 69.81642914 -129.79624940 101.15153500
v -45.03015518 -160.18609620 113.78599550
v 84.49454498 -157.01647950 105.12146760
v 82.69099426 -148.22549440 117.55636600
v 81.67324066 -140.52815250 110.39540860
v 37.85849762 -104.49066160 100.93309780
v -24.01992798 -117.16336060 99.27149963
v 84.77050018 -177.14089970 99.79066467
v 87.34672546 -184.89465330 110.34818270
v -37.92729950 -204.27584840 114.26618960
v 63.24193954 -115.03424070 100.86613460
v 59.94089890 -217.45606990 113.40662380
v 78.93913762 -146.76069185 97.95770874
v 22.05128098 -102.37904360 115.52478030
v 22.05128098 -244.25408940 116.58125310
v 22.05128098 -232.12838750 106.62461850
v -43.33988190 -162.94631960 102.52494810
v -21.38596446 -114.05612065 97.95770874
v -45.11062622 -179.70260620 107.68161770
v -42.79916382 -188.05319210 102.56961060
v -41.31673182 -144.25011500 118.52094726
v 77.85000610 -136.93890380 116.13935850
v -13.10411358 -222.52636720 100.34506230
v 51.96461986 -109.59367204 118.52094726
v 68.58717346 -210.65740970 115.05976100
v 70.16069794 -122.93206790 102.37925720
v 85.11669922 -152.88755800 113.86033630
v -43.79260254 -156.25747680 111.28736880
v 26.03343010 -251.53532410 118.38470460
v -18.50352478 -110.88430790 100.09606930
v 1.86114466 -229.67947390 108.19073490
v 76.37297058 -201.32850650 117.35154720
v 64.26914978 -116.08308410 100.87017820
v 87.22052002 -165.64196780 105.74441530
v 88.53584290 -160.42562870 109.12591550
v -41.30997086 -192.46429440 101.00949100
v 74.53738403 -204.23992920 116.14610290
v 68.86853027 -212.47274780 108.41740420
v 87.18192291 -187.17666630 105.45554350
v 49.93587875 -107.62194060 108.95469670
v -21.31354461 -113.97418463 97.95770874
v 49.67636387 -225.01506247 97.95770874
v 32.02098083 -103.43490600 107.35038760
v 38.10994339 -230.68283080 116.40010070
v -16.07521629 -107.08673100 117.93099980
v 55.65529251 -111.66342160 115.13236240
v -38.05003357 -204.91424560 117.59297940
v 74.62538147 -208.93911740 104.31177520
v 74.12866211 -132.72250370 102.69524380
v -32.19495773 -210.19161990 112.42077640
v 21.40828323 -102.59642030 110.34184270
v 17.08553123 -232.96705630 112.46894070
v 17.08553123 -248.38627620 117.84761050
v 70.81063843 -123.40044400 102.64753720
v 1.57711267 -101.22659300 117.66387180
v -6.95369053 -229.14678960 117.64109040
v 87.81333923 -161.85989380 106.43911740
v -34.38967133 -207.42065430 110.25839230
v -7.52574301 -225.47091670 101.32806400
v -8.39145565 -225.22297670 102.53942870
v 55.89477539 -112.47752380 98.28984070
v 84.76470947 -192.12550350 103.60546880
v -42.84239197 -157.79412840 104.55655670
v 33.74232483 -103.84941860 100.96530150
v 83.21743011 -195.62855530 102.42131810
v 82.19311523 -140.66769410 106.05163570
v 6.96304035 -101.29528050 117.05269620
v 47.67467427 -106.76087795 97.95770874
v -44.72911453 -159.76721190 112.62715150
v 64.42044067 -215.52165220 109.10664370
v 21.31087011 -103.02107477 97.95770874
v 65.74232483 -212.25735470 117.66389470
v 83.01828003 -193.92485050 110.87242890
v -44.45972061 -187.27075200 109.56433110
v -0.16524381 -234.15370972 118.52094726
v -20.72255325 -112.79161830 104.08234410
v 0.43116963 -101.29648590 117.66387940
v 0.43116963 -102.12644960 110.94099430
v 0.10415523 -233.28524780 117.99777220
v 84.57482147 -176.03912350 100.76438900
v 63.44668579 -115.72996520 100.53282170
v 72.46443939 -210.86839290 98.75731659
v 52.76301219 -109.60287679 97.95770874
v -14.99922012 -225.29358116 118.52094726
v 79.94610596 -148.82533260 103.57734680
v 67.54278564 -118.95047760 102.02863310
v 75.29963684 -203.16009520 98.41191864
v 85.35482788 -177.03227230 104.23538970
v 22.39506340 -102.21417240 117.47288510
v 21.89371300 -102.71708680 108.58703610
v -2.77730652 -101.45634563 118.52094726
v 9.29312420 -231.41381840 108.19073490
v 63.45208740 -121.54104610 99.64611816
v 44.95520676 -230.05865551 118.52094726
v 25.75644068 -103.23665311 97.95770874
v 85.64390564 -187.72772220 103.94189450
v 65.77667236 -216.64141850 100.51272580
v 83.31739044 -160.88116460 102.07906340
v -43.38793564 -194.35771180 114.54843140
v -43.88928604 -152.38060000 116.96578980
v -1.28823388 -230.76670840 116.12828060
v 79.47833252 -195.48327640 99.65547943
v 56.94514084 -110.94631960 99.33893585
v 26.37721252 -231.77374270 104.96300510
v 65.58871460 -121.04144290 118.45400240
v 46.12190628 -225.46781920 118.35038760
v 80.79635620 -147.98464970 104.21862790
v 73.05262756 -210.99687190 100.24552920
v 76.70758820 -200.02378850 98.10643005
v -3.23584604 -103.06429553 97.95770874
v -18.12230492 -110.57774350 99.71077728
v -18.56007004 -110.21838380 109.26028440
v 72.58871460 -206.00820920 117.16748050
v -37.75555420 -203.44802860 109.95080570
v 56.83714468 -115.75448853 97.95770874
v 75.16957092 -127.61650090 105.11217500
v -45.98287964 -167.40635680 113.63095090
v 59.85714340 -118.21636200 98.80514526
v -43.90337372 -190.81494140 111.35090640
v 73.16030884 -129.81944270 102.45918270
v 73.16030884 -130.73620610 102.43312840
v 73.16030884 -128.97909550 102.52720640
v 73.16030884 -134.09764100 102.26091770
v 62.87972260 -217.05999760 106.68075560
v 88.10125732 -158.37622070 108.82006840
v 19.41561508 -102.44386290 110.90280150
v 19.41561508 -232.14268490 106.66281890
v 14.60265636 -102.39036560 103.87435910
v 60.04336548 -117.29048160 99.01557922
v -0.09045852 -228.56488040 102.17200470
v 45.89091492 -225.79238890 118.34391780
v 80.40152740 -200.60092160 107.42750550
v 63.66822052 -215.25672910 112.30317690
v -38.58168411 -204.18197630 117.33438870
v 86.29847717 -188.69961550 104.51300810
v 56.27512741 -112.19139100 115.82737730
v 63.09546661 -115.27738950 100.55754090
v 32.04124069 -103.16975400 113.01410680
v -44.39469147 -155.88716130 114.80822750
v 52.53699493 -222.03741460 111.64765930
v 62.60530853 -116.84263610 112.46800230
v 59.27609253 -115.15139010 98.94956970
v -9.19722843 -228.42260740 118.35650630
v -41.54907227 -157.21844480 98.36639404
v 85.34440613 -175.19876100 104.24732210
v -4.19544411 -229.90750120 116.72866820
v -45.49098587 -161.42779540 114.99794010
v -35.07010651 -204.16447450 98.52662659
v 75.55860901 -128.80590820 107.66114810
v 12.11978149 -102.21742250 104.44734950
v 44.90287781 -225.41769410 116.44611360
v -41.43293531 -190.17266107 97.95770874
v 65.59521957 -212.09054235 118.52094726
v 56.47524261 -111.31085970 109.24884030
v 59.95980453 -114.11939240 110.49636080
v 85.11515045 -189.86682130 103.58055880
v -27.77716315 -119.58495967 118.52094726
v -22.27148123 -216.72751876 97.95770874
v 0.19360933 -102.61188551 97.95770874
v 38.75042725 -228.57060240 107.17849730
v 81.04869797 -144.77341140 118.52094726
v 75.61380005 -131.19458010 103.36997220
v -33.72120667 -133.24633790 101.15483090
v 34.48276901 -230.07908630 103.60697940
v -0.31617883 -232.50170900 117.65142820
v 81.78863525 -189.46551510 98.40035248
v -42.17006683 -190.17001340 101.96627810
v 3.48820901 -231.86708070 115.04551700
v 48.30503845 -106.84943390 107.00599670
v 67.41271973 -211.79452510 114.65275570
v 46.62865829 -224.65115360 117.96984100
v 52.21627045 -220.96325680 118.34942630
v 10.29292965 -231.31002810 105.86064150
v -36.98867035 -204.90905760 111.90679930
v -45.50507355 -184.90107730 112.54533390
v -41.89141083 -146.25973510 117.45201870
v 84.46134949 -180.66438290 98.55356598
v 35.99357605 -237.27062990 116.59052280
v -30.60146523 -123.63356020 117.37738800
v 88.58099365 -183.06756590 107.27400210
v -43.39932251 -190.66882320 108.61091610
v 9.78969765 -231.06307980 98.22103119
v 27.43790245 -231.62431340 106.25218200
v 80.36215973 -202.41693120 102.04217530
v 86.28728485 -187.57574460 110.41772460
v 51.75505829 -222.97966000 107.73236080
v 44.39014053 -226.35723880 117.67969510
v -18.81209946 -110.05705260 113.34747310
v -27.95895386 -122.94214630 98.56481934
v 89.60607910 -173.21246340 110.32984160
v 45.28805798 -228.14991239 118.52094726
v 32.32899494 -103.00338675 118.52094726
v 15.74642086 -232.56378170 110.35851290
v 52.53506470 -108.76814270 98.45578003
v 58.70333862 -219.14340210 108.47352600
v 46.60607910 -224.87477110 118.25502780
v -38.08149338 -202.89076230 109.79135130
v 85.30969254 -160.07215693 118.52094726
v -40.78025818 -193.08570860 99.18051910
v 41.45169830 -105.02011870 107.67369080
v 1.04678822 -233.31700130 117.67294310
v 84.01210022 -151.43443300 116.21524050
v 20.40876198 -232.37120060 108.80191040
v -32.50237274 -130.96948240 100.85725400
v 16.32915878 -234.97015380 115.33394620
v 61.82491302 -218.12518310 104.79228970
v -45.12259674 -162.43014530 112.31155400
v -42.53324890 -154.17141720 107.02666470
v 64.98315430 -217.33148190 99.32879639
v 77.85115814 -203.99493410 107.54277040
v 51.03448486 -107.44421390 102.00265500
v -21.65868378 -113.38166050 109.41033170
v 87.16648102 -171.22616580 105.46441650
v -4.81393242 -102.84964750 109.25646970
v 21.44243622 -238.37730410 115.48725890
v -34.62877274 -132.85717770 108.91472630
v 88.24598694 -183.49371340 109.26550290
v 80.27223206 -202.13267520 105.09451290
v 85.65470886 -173.90002440 104.54967500
v 47.52194214 -106.87008670 113.23289490
v -11.95321178 -223.42192080 102.82072450
v 80.28805542 -136.79776000 105.45040890
v 49.61920166 -107.58543400 110.17704770
v -40.71561050 -200.34393310 115.38760380
v 81.36949158 -190.48181150 98.41682434
v -43.19477081 -158.84501650 105.38743590
v -31.53131609 -129.69395559 97.95770874
v 86.47215271 -174.05282590 105.03173070
v 9.52830887 -231.31149290 107.27867890
v 69.18770599 -126.15243530 101.52617650
v 73.35057831 -210.67996220 102.38668820
v 13.56473255 -233.51562500 114.29750060
v 77.45709991 -145.59579470 100.55112460
v 69.51808167 -213.42146300 103.31909940
v -37.48384857 -204.10772710 111.03504940
v 71.56478119 -123.04103090 103.61000060
v 56.34864807 -220.89562990 105.80061340
v -45.24065881 -156.40153648 118.52094726
v -8.43623257 -103.84159850 108.05107120
v 12.73713831 -248.47605704 118.52094726
v 62.56285095 -115.45452120 100.16390990
v -20.46339417 -112.90029910 99.32879639
v 62.31777191 -218.90666200 99.32879639
v 84.23633575 -176.42109680 102.69022370
v 14.94643879 -232.92492680 112.46894070
v -44.36690521 -159.45974730 111.06430050
v -5.37493849 -103.06794740 106.89201350
v -5.37493849 -103.00778200 108.03794860
v -5.37493849 -103.14608760 105.59326930
v -5.37493849 -103.42862700 100.09273530
v -5.37493849 -102.05541990 116.91500850
v -5.37493849 -102.83544160 110.67361450
v -5.37493849 -103.18782810 104.52374270
v -5.37493849 -102.72779850 111.93415830
v -5.37493849 -103.36345670 101.31507870
v -5.37493849 -103.28629300 102.99579620
v -7.78141785 -104.30036160 98.22103119
v 84.81835175 -193.84381100 107.13169100
v -4.24964952 -228.04866030 109.93235780
v 71.67053223 -133.42608640 99.93996429
v 83.24945831 -190.54325870 114.52862550
v -41.60054105 -189.53359975 97.95770874
v 86.61148071 -165.69081120 105.43772130
v -26.49642841 -120.75494073 97.95770874
v 62.15412903 -217.28179930 107.78880310
v 22.73884583 -232.42843630 110.32984160
v 22.73884583 -232.09844970 106.43363190
v 4.82394791 -102.22085570 100.72301480
v 4.82394791 -102.33442690 98.58972168
v 4.82394791 -230.23611450 105.97524260
v -9.21252441 -104.87521360 98.75657654
v 70.41503143 -123.24471280 109.52832030
v -41.46146393 -145.61209110 116.44152070
v 84.37489319 -151.89242550 115.37447360
v -40.52688217 -146.93341060 108.71658330
v 84.38801575 -146.31292720 106.65807340
v 65.28689575 -116.25697330 103.91255190
v 67.65277863 -212.64175420 111.07643130
v 33.86505127 -230.18887330 107.08300020
v -45.32599640 -175.33245850 107.98773190
v -40.93309784 -146.07759090 112.73632050
v 49.33359528 -222.71614070 118.43675230
v 42.31403944 -227.67978613 97.95770874
v 83.87894440 -187.25662230 116.58038330
v 11.58422184 -246.85974120 118.36697390
v -43.99948120 -162.28781130 106.51006320
v 72.49993896 -124.91574100 103.25595090
v 86.42699432 -190.90492250 105.73163600
v 75.11090088 -205.20803830 112.08951570
v 82.32510376 -155.16583250 103.94583890
v 40.05570984 -104.44911190 115.67756650
v -46.04154968 -173.20977780 111.66605380
v -29.57300568 -213.53195190 114.69017030
v 83.61688232 -183.08442690 98.83754730
v 84.45053864 -174.91796880 103.06479640
v -4.37563991 -228.84165950 114.00104520
v 82.08928680 -140.94596860 105.72724910
v 38.03795624 -242.63690190 117.85906980
v -12.72159576 -106.58760070 100.47976680
v 87.27454376 -187.51222230 105.76990510
v -24.79463768 -217.68856810 114.00932310
v 80.86119080 -193.49549870 117.45391080
v -42.52997208 -192.54481510 107.23977660
v -1.83407704 -232.85960667 118.52094726
v -31.40779864 -124.53974001 118.52094726
v 61.53274536 -115.76888280 111.83087160
v 76.22398376 -207.75971980 103.02342990
v -33.95644760 -132.17170720 107.05966950
v 17.77309608 -102.25225070 113.04190060
v 89.66937256 -175.58627320 109.74111940
v 6.81810856 -232.02557370 114.00088500
v -26.29786712 -213.57856195 97.95770874
v 61.57018280 -115.58708190 110.99969480
v 83.24752808 -160.37791440 101.46788020
v 47.38492584 -224.29808040 114.32218930
v 63.52907944 -216.79412840 106.03718570
v 81.14450344 -151.86902172 97.95770874
v -19.94149208 -111.52255250 109.56587980
v 1.87874472 -229.93899540 109.66038510
v 15.11833000 -232.08642580 107.71327210
v 86.61418152 -153.33250430 108.83380890
v 87.62344360 -161.94236760 112.42377470
v 78.37373352 -136.92184450 103.90441890
v 83.55435944 -184.51802060 102.67551420
v -42.77871704 -151.82154850 111.93413540
v -46.63089752 -172.01824950 114.89689640
v 76.36447144 -143.45001220 100.55112460
v 65.26335144 -117.67505650 108.14392090
v 82.30271912 -196.28410340 101.79128270
v -26.79570007 -120.91435240 100.09275050
v -42.68358231 -158.18835450 103.30487060
v -3.68768599 -226.64869314 97.95770874
v -19.08207703 -218.80224610 98.14128113
v 82.75234985 -191.46032710 102.34741210
v 38.66628265 -104.42890930 109.26028440
v 9.99101353 -232.76103210 113.99354550
v -20.36525911 -221.94415069 118.52094726
v -15.19052887 -108.06101990 101.65887450
v -41.10542679 -153.94400020 99.41545105
v 66.27531433 -213.07734680 113.45333860
v -32.31769943 -127.61322780 112.44983670
v 33.80943529 -103.93596198 97.95770874
v -37.20731735 -204.83146670 112.77451320
v 11.46433449 -234.94129940 115.98835750
v -32.16428375 -127.09651180 113.35392000
v 60.88897705 -114.14282990 107.90795900
v 42.31149481 -105.09546882 118.52094726
v 83.60182953 -161.42131040 100.87310790
v 1.20211625 -232.02087400 116.43148040
v -15.14843991 -106.25213628 118.52094726
v 16.43992233 -241.92947390 116.54096980
v 89.26682281 -175.00778200 111.08442690
v -45.91756119 -159.69236796 118.52094726
v 64.79634857 -120.16220090 118.12628170
v 30.78322601 -234.96766660 115.55419920
v 59.42313385 -219.78054810 102.86929320
v -40.08014679 -146.01542660 108.03794860
v 59.95072937 -112.06893920 100.88407140
v 80.86003113 -140.51490780 104.79161830
v 68.74308777 -119.56735230 103.91255190
v 40.23035049 -236.92684940 117.48957820
v 87.07616425 -157.78591920 111.66482540
v 68.73922729 -122.94379430 101.53945920
v -11.41587543 -104.74521640 111.78987120
v -5.53794903 -225.84686927 97.95770874
v -43.21194839 -191.55245970 108.96238710
v -39.62646103 -201.06388850 111.85775760
v -16.54598999 -222.34272770 110.40426640
v 87.32857513 -159.49621580 111.93565370
v 46.74868393 -225.10845950 110.55487820
v 41.83745193 -227.90245060 117.05837250
v 24.51367081 -231.98223754 97.95770874
v 83.50920105 -144.68339540 106.06530000
v -28.45642327 -215.62530952 118.52094726
v 71.67670441 -131.83880620 101.94139860
v 38.01807785 -104.35977940 106.66281890
v 38.01807785 -104.51840970 102.23185730
v 38.01807785 -104.22282410 110.67361450
v 38.01807785 -104.49919130 102.84300230
v 38.01807785 -228.77708440 109.71868130
v 38.01807785 -235.62811280 116.81993100
v 38.01807785 -104.33711240 108.03794860
v 38.01807785 -104.28003690 109.45127870
v 38.01807785 -236.62127690 116.91403200
v 38.01807785 -104.39244840 105.36408230
v 38.01807785 -228.95867920 99.32879639
v 38.01807785 -228.94557190 99.93996429
v -38.15965271 -139.61265560 111.18672180
v 2.69157291 -229.54727170 103.49237820
v -28.52650070 -211.49086000 98.40859985
v 21.10588074 -102.78079220 103.56877140
v -3.01726294 -102.87957000 102.11725620
v 49.69792938 -224.18206790 106.00887300
v 81.43702698 -148.61289980 104.47393040
v 1.94448042 -231.67584230 115.51787570
v -15.74171734 -108.44515990 101.85760500
v -0.23785814 -102.65099415 97.95770874
v 86.26641322 -168.95676361 118.52094726
v 77.30503082 -134.91589360 114.27493290
v 84.79055786 -171.68453980 103.56025700
v 42.24983978 -226.80708310 113.69126890
v -34.90829910 -130.33112680 118.52094726
v 33.48179626 -103.84663390 99.74556732
v 8.83831978 -234.33822630 116.20822140
v 64.51969450 -213.00670183 118.52094726
v 55.18345642 -111.64530940 117.69252010
v -16.42837334 -108.90048220 102.72841640
v 81.51190186 -200.97673030 103.60340120
v 53.28949930 -110.42114851 118.52094726
v 87.44358826 -187.49627690 107.57527920
v -25.34124374 -118.81840520 100.09275050
v 88.21626282 -165.28649900 112.38160710
v -31.18049622 -208.79379270 99.17105103
v 80.73536682 -201.79052730 102.07326510
v -15.59206486 -220.97711180 99.02372742
v 12.80734634 -101.58132930 117.05268860
v 12.80734634 -232.73199460 112.46894070
v -46.35263062 -182.00415040 114.84866330
v 88.48835754 -182.64486690 109.25560760
v 86.20970154 -162.28890990 116.53952790
v -42.16745558 -187.09716465 97.95770874
v -37.41804886 -138.52723690 109.52696990
v -20.59954262 -112.39868930 107.39607240
v 84.18075562 -163.20730590 103.87947080
v 25.41271210 -235.32254030 115.11886600
v 25.41271210 -231.94668580 108.45812990
v -44.71735382 -158.65205380 113.68769070
v 82.90943146 -158.42903140 103.30112460
v 40.50244522 -104.62771610 113.30928040
v 86.77087402 -180.24090580 104.86844640
v -46.51820374 -183.63226320 116.95609280
v 46.43085482 -225.43935913 118.52094726
v 67.44628906 -215.65573120 99.93997955
v 0.75816618 -234.88914092 118.52094726
v 74.66705322 -138.37582400 102.09812160
v -37.44602966 -204.78379820 113.85231020
v 85.36712618 -177.54146917 97.95770874
v 84.74192810 -163.35736080 104.54860690
v 81.37141418 -153.13099670 103.64281460
v 88.59217834 -182.06973270 106.65683750
v 63.34246826 -118.69697570 117.85102080
v 19.59787178 -233.38128660 113.98793790
v 66.71761322 -213.00904850 112.46024320
v 20.77164459 -102.44616700 112.75541690
v 77.23748779 -203.00695800 99.46883392
v 71.86157227 -125.92324830 102.54953000
v -31.85504341 -129.31796260 103.06661220
v 81.65200043 -200.75082400 102.98955540
v 88.60144043 -160.60710140 108.19074250
v -23.48279381 -216.26155090 100.70561220
v -28.92751701 -124.74947204 97.95770874
v 81.66319275 -155.02810670 102.68772890
v 25.80358315 -102.38102720 117.76749420
v -40.94024277 -153.29618840 99.26228333
v 18.11687851 -102.17576600 114.76081850
v 66.99626923 -118.74006650 101.45737460
v 2.60845995 -101.50079350 115.20008850
v 0.04736427 -234.30589133 118.52094726
v 75.26566315 -139.22729490 102.34541320
v 31.23661995 -230.96990970 102.53742980
v 55.00456619 -110.50246430 98.56817627
v 74.48449707 -139.43318180 100.85669710
v 70.35443115 -122.84465030 108.70443730
v 65.21510315 -122.48542020 100.37540440
v 65.21510315 -216.52209470 102.99579620
v 65.21510315 -118.20723720 100.46336360
v 43.56529579 -236.97692653 118.52094726
v 85.35173035 -193.45669560 105.44047550
v 1.96965035 -228.88035223 97.95770874
v 63.89527211 -213.51307649 118.52094726
v 80.16917419 -150.52066040 99.33217621
v 54.02425003 -108.59006500 100.85668950
v -44.47897941 -193.54998404 118.52094726
v 87.40306091 -156.02610780 108.79589080
v 80.19541931 -194.23764040 100.25012210
v 89.21973419 -176.26831050 110.94099430
v 77.63231659 -132.17259220 104.53585050
v 57.90074539 -116.36323550 98.32218933
v 45.38993835 -226.09478760 106.05163570
v 57.95323563 -218.91493230 111.97182460
v 82.80252075 -192.46429440 102.28166960
v 9.05227947 -233.09040830 114.95645140
v 64.28997803 -119.66778560 118.12903590
v -44.88312149 -184.95837400 109.60407260
v 76.68943787 -200.52879330 118.07840730
v 63.26836395 -116.74684140 110.18525700
v 57.18729131 -113.32999641 118.52094726
v 80.55088043 -143.34390260 118.02419280
v -33.27138901 -130.16482540 109.60408020
v 82.86234283 -196.05157470 102.16748810
v -28.16283989 -213.42018130 107.11225130
v 44.08407211 -226.18164060 111.57493590
v 80.53196716 -200.94201660 106.58625030
v 13.70689964 -234.90295410 115.54066470
v 51.96616364 -109.27745820 114.85560610
v 77.46558380 -132.52383420 104.22200780
v 87.52077484 -157.64012150 110.32293700
v 28.41126060 -231.48855590 103.20588680
v -33.64016724 -206.02108760 99.34445190
v 76.22899628 -207.89530940 102.39890290
v 45.11184812 -229.05945622 118.52094726
v -38.73291348 -197.82619366 97.95770874
v -13.01526356 -222.26226810 98.20203400
v -40.66814804 -197.65924070 108.03794860
v 31.46471596 -234.32939150 115.57603450
v 79.88009644 -140.08950810 115.11116790
v 77.52540588 -206.45693970 102.07906340
v 58.73034668 -219.55130000 106.22235110
v -45.30149460 -180.73217770 109.08630370
v 49.71915436 -223.62213130 110.88009640
v -12.14812756 -226.29708860 116.84455110
v 67.23825836 -118.01858520 103.91255190
v -45.00392532 -156.69787600 117.06231690
v 50.86870956 -221.92320250 117.20967100
v 40.60317612 -228.00878910 102.57563020
v 68.81448364 -120.23869320 102.32370000
v 78.36832428 -199.36073300 115.45024110
v 62.87695788 -218.70225036 97.95770874
v 38.17843628 -228.93862920 98.58392334
v 48.36928940 -107.35322570 114.87202450
v 77.64620972 -131.59568790 105.13405610
v -33.22102356 -208.08947750 107.73509220
v 86.13250732 -153.34947200 110.94099430
v 41.02801068 -105.06163315 97.95770874
v -37.60272980 -141.11680600 104.33274840
v -33.85996628 -131.49217220 108.80142210
v 76.04917164 -140.94902992 97.95770874
v 85.40576172 -170.06506350 104.50795750
v 83.07268524 -197.48977660 102.74286650
v 83.61533356 -148.74658200 114.80951690
v 23.94088364 -232.72583010 113.51172640
v 79.75659180 -203.28247070 104.06604770
v 89.78360748 -172.60130310 109.71868130
v 72.52077484 -127.71843720 113.99685670
v 12.15884972 -245.74969480 118.03985600
v -37.30902100 -137.12794490 112.65553280
v -43.74398804 -185.74511720 104.78960420
v -30.74225235 -126.61080930 106.66281890
v 48.68345261 -107.58117680 116.02134700
v -4.76376915 -102.78085330 110.17704770
v 61.15103149 -120.43471530 98.38949585
v 72.45075629 -134.03308945 97.95770874
v 84.63848877 -164.35050960 99.32879639
v 67.90389165 -127.61818945 97.95770874
v 71.48217773 -123.24890140 106.65818790
v 65.30541229 -119.49746700 100.39302830
v -1.13495123 -102.13653560 112.08695220
v 0.58278573 -229.31350710 108.18596650
v 77.22127533 -135.91149900 116.32647710
v 57.75446701 -111.99342350 108.42045590
v -43.93773651 -171.80073550 100.90827180
v 69.21934509 -212.52243040 107.35375210
v -38.14827347 -138.67544560 113.52912900
v -40.31288147 -146.15100100 109.14012150
v -25.92837715 -216.89552310 114.31332400
v -40.70018387 -146.05215450 111.45938870
v -40.79454803 -194.61601260 102.31201170
v 76.24095917 -142.00392150 102.37133030
v -0.93224275 -102.34745790 108.99736790
v -36.81712723 -138.05130000 107.12134550
v 58.33069229 -111.22715760 100.21295170
v 82.94995117 -143.18524170 110.24872590
v 81.68904877 -154.88131710 103.05043030
v 84.51305389 -190.24949650 103.17723850
v 63.79124653 -213.59946248 118.52094726
v 74.97889709 -138.47961430 102.29434200
v 41.09024429 -227.32398990 113.57978820
v 83.27839661 -184.67189030 102.33964540
v -41.21832275 -145.51095580 115.38854220
v -31.36430931 -128.28317260 103.75907140
v 80.44667053 -192.57803340 98.71475220
v -30.27508051 -209.59623098 97.95770874
v 84.35134125 -152.61926270 116.17633060
v 6.71478701 -239.04547120 117.88236240
v 46.45516205 -224.52058410 116.28872680
v 31.06602669 -103.37458040 104.25634770
v -27.50479698 -122.14923100 98.95751953
v 23.44551086 -232.07049560 100.72301480
v 8.55967918 -102.34270450 97.95770874
v -43.53750610 -170.61531070 99.20807648
v 69.09661102 -128.07833860 101.11503600
v -21.26637650 -113.74957280 99.82536316
v -21.54030418 -218.29800420 105.83720400
v 87.42968750 -186.57370000 108.78623960
v 63.72532654 -121.09282680 99.94694519
v 70.41000366 -124.62475590 112.92730710
v 49.00398254 -106.97438050 105.40228270
v -42.90435410 -157.12504580 105.55823520
v 74.05840302 -208.45738220 98.74352264
v 20.79074478 -232.11311340 104.82930760
v 19.78804398 -102.41760250 111.90550230
v -2.47188306 -102.70341490 104.56193540
v -2.47188306 -102.75752260 102.91940310
v -2.47188306 -101.63063050 117.20548250
v 87.74308014 -157.21704100 107.88515470
v -40.67143250 -150.15095520 102.97544860
v 84.90865326 -194.58236690 105.56976320
v -24.70221138 -216.80590820 109.14331050
v 68.42968750 -211.14767460 113.99194340
v -42.91728210 -185.73339840 100.58772280
v -46.92480850 -174.54939270 115.87545780
v 62.13038254 -117.86344910 99.69538116
v 15.48121262 -235.51507570 115.57942960
v 10.66825390 -102.27700810 100.85669710
v 2.91404462 -102.24487300 102.72841640
v -22.86909778 -115.81889011 97.95770874
v -38.79956818 -140.28620910 113.34924320
v 85.50456238 -160.07165530 117.89320370
v 76.24636078 -141.08879090 102.63114170
v 87.34555054 -185.74142460 109.71868130
v 88.35481262 -160.83628850 107.30644230
v -29.09877586 -214.73370360 117.53018190
v 59.76083374 -112.68715670 99.92571259
v -45.14460754 -168.28503420 108.73893740
v 45.35211182 -105.92670440 105.28769680
v 45.35211182 -225.69207760 111.09379580
v 45.35211182 -105.88432310 102.84301760
v 45.35211182 -227.45373540 118.48363490
v 67.76739502 -120.71143340 110.09461210
v 36.31274414 -229.48051450 103.87435910
v -17.13447762 -223.96249390 118.40525820
v 17.37353134 -234.34065250 115.02238460
v -44.64055634 -169.23031620 105.82244870
v 64.44937134 -117.78126530 110.32559200
v 73.47564718 -207.22102125 97.95770874
v 41.90699695 -240.82843128 118.52094726
v 85.12603567 -181.44118242 118.52094726
v 39.41926575 -228.30300900 108.80192570
v 73.45670319 -125.55492400 103.95038600
v 32.98429871 -232.73745730 115.55696110
v -10.10365009 -226.52767940 114.14305110
v 86.58097839 -178.63659670 104.84220120
v 80.90556335 -193.47477720 100.87915800
v 84.56708527 -170.32669070 103.00479130
v -11.73675089 -103.97833016 118.52094726
v -43.94179153 -164.54422000 104.61821750
v 53.22648239 -108.70080570 104.86999510
v 69.57773999 -129.80957204 97.95770874
v 71.67360687 -130.95744320 102.06423950
v 66.77086639 -125.61681370 100.26011660
v 28.37333679 -241.65376280 116.20416260
v 28.43036079 -103.30611420 99.73943329
v 75.58483887 -208.01751710 99.98640442
v 30.51835567 -251.08714910 118.52094726
v -30.25055313 -210.69410710 104.40241240
v 36.88124847 -240.91345210 117.27693180
v -20.99752017 -113.62514039 97.95770874
v 85.38182831 -174.28605650 98.71049500
v 85.38182831 -165.89558410 104.83168030
v 44.37333679 -105.71906280 113.69126890
v 85.12169647 -180.96543880 103.90571590
v -15.89875793 -108.35452270 104.14175420
v -19.21224785 -221.88461300 115.50546260
v 79.24057007 -137.62448120 104.23831180
v -8.25523281 -226.70333860 111.05960080
v 49.32470703 -107.07997890 98.71762085
v 76.14794159 -130.53250120 103.87554170
v 74.70484143 -138.30577493 97.95770874
v 64.81023407 -123.56155400 99.59070587
v 62.88414383 -214.59019470 117.43512730
v 13.49491119 -231.70394900 105.36408230
v -43.98212433 -189.73608400 110.18647770
v 89.58483887 -173.97642520 110.32983400
v 42.90093231 -105.29289250 111.89595030
v -18.52004433 -220.21060180 105.90286250
v 21.70728111 -233.78555300 114.58469390
v -20.43957329 -111.34764100 115.62026980
v -12.72204113 -105.97656250 106.81317140
v 79.28919983 -198.89382930 113.53314210
v 15.65310383 -101.96115110 115.06639100
v -47.43380305 -175.26330461 118.52094726
v 80.05338287 -203.03187560 103.60098270
v -45.47884369 -171.66491700 109.28184510
v 58.43701935 -112.74337010 109.62632750
v 86.26951599 -168.24565120 118.41419220
v 84.96731567 -172.94508360 100.47472380
v 60.23207855 -112.60935970 104.53109740
v 26.10027695 -102.81796260 109.60408020
v 26.10027695 -103.01880650 102.76661680
v -9.94647121 -103.34220890 116.89990230
v 28.40324783 -237.18853760 115.55622100
v 74.93643951 -139.05186460 98.41165924
v 84.00861359 -193.02426150 103.08586880
v -37.92963409 -201.16714480 103.51113890
v -45.73299537 -158.68427785 118.52094726
v 83.93721008 -187.86383060 115.76250460
v 15.82499504 -232.79165650 111.56533810
v 76.72956848 -143.91137700 100.08802800
v 79.84188080 -194.86300660 100.02194210
v -44.00277328 -181.06240840 102.85821530
v -12.69883728 -105.14038850 114.03601070
v -35.49679184 -134.52117920 109.06559750
v 74.96217520 -202.61814896 118.52094726
v 18.98400688 -234.02233890 114.71974180
v -15.05994320 -224.33732600 115.57629390
v -42.18594640 -161.61440233 97.95770874
v 76.31428528 -133.98669430 115.51284030
v -9.67548752 -104.67428590 103.98733520
v 77.60143280 -206.07449340 103.60697940
v 45.45342384 -227.46093229 118.52094726
v -47.28065872 -177.73895260 117.94122310
v -0.04493136 -230.65451050 114.91880800
v -44.55101776 -161.56140140 110.08097080
v -36.55757904 -138.64758300 103.75389860
v -44.05159760 -171.07337950 101.69708250
v 62.56959152 -215.65760800 113.78739930
v 29.86716080 -242.37405400 116.49926760
v -16.97006416 -108.13809200 115.52478030
v -17.49958992 -220.33593750 102.45284270
v 80.80444336 -138.30551150 109.71952820
v -46.93832016 -180.56774900 117.04216000
v -33.66989136 -129.36862180 114.46676640
v 34.66318512 -233.59635930 115.96139530
v 58.24500656 -111.41868590 104.72510530
v 71.77819824 -209.41595460 110.20880130
v -25.76361296 -217.95917294 118.52094726
v 21.16147632 -102.00573708 118.52094726
v 63.43026352 -117.15998840 111.05530550
v 82.10278320 -143.88684080 113.79933170
v -28.67925072 -213.51965330 110.10272220
v 65.13095856 -213.35337830 115.53273010
v 75.94377136 -134.01678470 116.90219120
v 25.11667633 -102.75054930 110.80730440
v -43.08073807 -162.21142580 101.69706730
v 1.85404849 -101.60487370 114.66531370
v 83.90054321 -179.39285280 100.83170320
v 88.04373169 -158.34561160 109.10749820
v -43.82253647 -157.66439820 109.98527530
v 56.26340273 -114.41592181 97.95770874
v 23.46461105 -243.28099060 116.35220340
v 12.52076721 -234.61260990 115.54074100
v 68.46557617 -119.84548950 106.05163570
v 89.08386993 -169.39265440 106.92979430
v 68.72840881 -119.88986970 105.43775180
v 83.18305969 -150.13748170 117.98101810
v 64.88278961 -214.15101620 113.34913640
v 86.56013489 -164.08312990 105.46250920
v -32.02920783 -130.68272173 97.95770874
v 89.65739441 -176.71949770 107.90409850
v -45.96475983 -164.77050780 115.16857150
v 70.56283569 -213.27774050 100.70390320
v -29.37627983 -124.58897400 104.39083860
v 58.71721649 -217.78913880 115.77563480
v 68.30386353 -121.42016600 110.56201170
v 26.44405937 -241.66342160 116.06108860
v 68.54701233 -128.09135440 100.54293060
v 8.52916145 -231.44818120 109.29849240
v 20.47966385 -102.32928470 114.78962710
v 84.30386353 -165.72563170 101.46788020
v -45.77853775 -161.68643190 116.21623230
v 87.35982513 -174.96957400 105.41606140
v 64.44975281 -115.36406710 102.99643710
v 48.99703217 -225.15766910 99.29295349
v 87.64427185 -158.08602910 110.32984160
v -39.69806671 -145.50598140 106.89984890
v -22.87299919 -217.60675050 106.80876920
v 75.00436401 -129.78833010 103.28833010
v 89.44589233 -171.07337950 107.27400210
v 64.46750641 -123.03311160 99.63627625
v 82.75272369 -186.30772400 98.81883240
v -46.38004303 -179.70613100 114.03977970
v -16.26493263 -108.07431790 110.17591860
v 77.13829041 -201.77049260 99.32505035
v -19.09934927 -109.67160597 118.52094726
v 67.91804337 -215.43135572 97.95770874
v 68.07730865 -118.85353850 103.96538540
v 83.85577393 -150.29362490 105.32242580
v 5.62610865 -230.16490170 99.32879639
v 5.62610865 -102.00035100 107.14915470
v 64.02597809 -116.35641480 100.54267120
v 82.33280945 -190.44364930 102.07505040
v 39.01092529 -240.97547910 117.73857120
v 21.08753586 -251.20500180 118.28627010
v -18.06038094 -110.41168210 101.01355740
v 13.65708722 -101.44954440 118.52094726
v 11.61696434 -102.31370540 101.20545960
v 84.38027954 -175.41899110 103.00143430
v 89.52616882 -175.12237550 110.32984160
v -2.11740494 -228.97190860 110.99848180
v -19.65156174 -221.29742430 114.14997860
v -25.10611534 -214.72143550 98.41201782
v -37.04349518 -138.94053650 106.17700200
v -7.97695822 -102.35773972 118.52094726
v 86.48139954 -188.90014650 108.80622860
v -42.69922638 -152.72135930 110.21836850
v 74.60760498 -127.46034240 107.49555970
v 75.49365426 -201.94612185 118.52094726
v -40.10331726 -143.22143550 114.15898900
v -18.81983566 -221.79989620 114.00107570
v 42.77221298 -229.68537900 117.74886320
v 84.93875122 -175.84814450 99.84447479
v 0.56116658 -102.35001370 105.48822780
v 30.10152626 -103.31369020 103.24408720
v -40.75075150 -149.67398070 104.31156920
v 75.41578674 -207.85949710 105.13489530
v 72.35133362 -211.38351440 99.30005646
v -6.53172302 -103.70505520 101.27688600
v -35.18012238 -135.82011410 102.78591160
v -20.31655502 -112.42168430 103.11039730
v 87.80212402 -158.89396670 106.97042080
v 87.82836914 -171.07337950 105.82202910
v 87.82836914 -169.69824220 105.91584010
v 87.82836914 -179.47694400 105.53142550
v 87.82836914 -180.69929500 105.54900360
v 87.82836914 -177.98722840 105.53649140
v -38.56366670 -137.60722912 118.52094726
v 51.99857330 -107.98432920 103.75975800
v -1.22646606 -231.94361880 117.60050200
v -45.44294222 -157.29334630 118.52094726
v -13.03473230 -107.01223727 97.95770874
v -36.91342926 -203.31713870 105.78437810
v 50.49915314 -107.55126190 105.54634090
v 54.11937714 -220.89852910 113.77408600
v -38.04716110 -203.39041140 111.39937590
v -17.83585358 -220.35891720 104.09611510
v -10.11767630 -105.38029776 97.95770874
v 88.40652466 -181.31045530 106.20443730
v 70.64697266 -122.05705260 105.84716800
v 80.43547058 -195.02964780 100.57030490
v 89.20814514 -179.01856990 109.71868130
v 28.77414322 -233.56542970 115.06409450
v 28.77414322 -231.44311520 100.83760070
v 28.77414322 -103.10821530 106.37632750
v 28.77414322 -231.40390010 110.32983400
v 10.85924530 -102.13073730 106.09939580
v 70.41115570 -126.14963530 117.05700680
v 67.84805298 -212.91766360 109.60432430
v 87.68711090 -159.48271180 106.66480260
v 88.20158386 -158.76486210 108.15507510
v 80.49259186 -201.93051150 101.77646640
v 57.21554098 -116.41069745 97.95770874
v -6.73970509 -225.49510190 99.17613983
v 12.04553651 -231.41329714 97.95770874
v -45.87059021 -179.20956420 111.24658200
v -34.25692749 -207.90069580 111.84275820
v 82.80675507 -198.18151860 102.72029110
v 64.72801971 -124.11750790 98.39191437
v 39.11918259 -228.87104800 116.13434600
v 2.90859699 -229.67071530 104.73821260
v 30.52877235 -231.17785640 112.93261720
v 85.90015411 -159.36788940 116.21535490
v 18.23882675 -249.11334230 117.92284390
v 48.26873779 -224.38641360 110.55902860
v -1.24954700 -101.29599000 118.50421910
v -27.97118285 -123.06221522 97.95770874
v 80.56630707 -193.21403500 100.52234650
v 88.03022003 -185.28305050 108.19073490
v -32.99969101 -206.63938900 98.71761322
v 86.25291443 -175.81356810 118.38639070
v 80.57749939 -136.99221800 108.19854740
v 88.82913971 -161.60025020 108.80191800
v 81.08541107 -201.13716130 102.05794530
v 62.92080307 -214.83589170 116.32305910
v 51.16954803 -107.81257630 105.36452480
v 16.16877747 -102.42239380 107.19760130
v 16.16877747 -101.83169560 117.09089660
v 16.16877747 -102.43419650 106.66281890
v 86.82450867 -154.40203860 107.28196720
v 89.39224243 -167.86473080 107.51502990
v -14.99872589 -225.01168820 117.70195010
v 54.98062515 -221.58793640 105.67340850
v 88.11628723 -180.08813480 105.76224520
v 88.11628723 -170.20106510 106.06427000
v -42.22431565 -146.64975736 118.52094726
v 77.93921971 -144.65919794 97.95770874
v 45.35210419 -105.90528870 104.06534580
v -5.53003597 -102.67983250 112.75195310
v 30.50165939 -231.53295900 113.99488830
v 44.37104819 -233.64485582 118.52094726
v 3.93403571 -229.53150351 97.95770874
v -39.31578445 -202.44186400 114.83720400
v -42.04272461 -194.19920350 107.73338320
v 42.42335155 -227.64400479 97.95770874
v 60.80752563 -116.43102260 99.36197662
v 84.53157043 -189.51596070 112.45375060
v 68.57749939 -120.64809420 101.77250670
v 36.21385907 -103.58617651 118.52094726
v 66.25754547 -125.72640230 98.87040710
v 26.78784180 -102.70201110 113.80585480
v 82.96923828 -142.28381350 108.80191800
v 13.68590260 -232.73397830 112.01661680
v -38.69305420 -203.47787480 115.17646790
v 71.82687412 -206.24170873 118.52094726
v 75.25638580 -206.76345830 99.00630188
v 56.72608948 -112.25962830 113.94477840
v 76.31350708 -143.37893680 101.46796420
v -24.63942732 -218.86454871 118.52094726
v 79.15256500 -202.66329960 106.81803130
v 26.24143028 -232.49766540 114.00044250
v -39.43678284 -201.08419800 110.98104860
v -45.58730316 -168.74328610 110.80428310
v 41.79054260 -105.13355260 104.92480470
v 38.98429108 -243.76892090 118.30479430
v 74.57363892 -131.69116210 102.85594180
v 73.89405876 -136.77972723 97.95770874
v 68.96511668 -209.09905823 118.52094726
v 69.42388916 -123.54240420 101.88252260
v 8.53045940 -236.54141240 116.98472600
v 83.59409332 -155.03018190 104.80841060
v 71.50532532 -207.73832700 115.61706540
v 15.25185204 -101.73475650 117.24813840
v 85.17417908 -148.36865230 107.26626590
v 72.00474548 -123.69382480 103.58347320
v 59.32945588 -118.96778230 97.95770874
v 67.22657204 -210.68116527 118.52094726
v -42.70154572 -187.65408330 101.60318760
v 15.17133236 -234.59153750 115.21710970
v -22.57804108 -218.86619570 112.04957580
v -39.06163788 -202.92692570 115.12754060
v -3.86289740 -228.04385380 109.07711790
v -15.92216396 -223.13442990 112.65826420
v -23.84280396 -215.88591000 99.74053955
v 21.15487924 -102.00534705 118.52094726
v 70.56051636 -210.02664180 111.70014950
v -31.78375244 -208.77694700 102.82565310
v 55.32933044 -109.38518520 99.93848419
v 21.15362740 -232.11962890 99.95906067
v -41.22091084 -144.01048429 118.52094726
v 89.41462708 -165.41293330 108.18491360
v 76.52500916 -200.41258240 98.39950562
v -42.96611404 -162.90617370 100.70697020
v 72.39494324 -127.22175600 113.23232270
v 71.60721588 -211.08590700 105.90314480
v -45.70154572 -163.79095460 114.40869140
v -12.56588364 -106.06908420 104.82623290
v 81.39571381 -142.38613890 104.83338930
v -44.15812683 -175.46615600 101.92258450
v 83.06168757 -150.17899142 118.52094726
v 74.10751157 -204.77984199 97.95770874
v 60.10837173 -113.61746980 99.56685638
v 69.56328373 -213.86033663 97.95770874
v 85.28996277 -155.24005130 115.30915830
v 39.50127029 -243.16618350 118.28082280
v 79.89243317 -135.88647460 105.42143250
v 65.95032501 -118.06371310 100.88030240
v 43.73494453 -236.43743571 118.52094726
v -33.00567627 -207.86837770 105.36666110
v 73.62205621 -136.24659249 97.95770874
v -43.67163467 -176.03912350 99.32879639
v 50.17986485 -222.15921560 118.52094726
v 37.40690613 -104.28661350 105.66967770
v 37.40690613 -243.19134520 117.85688780
v 85.07846069 -190.97956850 103.59792330
v -11.95740235 -227.02865829 118.52094726
v -27.68012619 -212.32377620 98.25144958
v 1.04233909 -233.77606200 117.94058230
v 88.18884277 -184.90240480 107.26891330
v -26.76522827 -216.56985470 115.98368070
v 44.77259445 -226.46524050 117.97621920
v 69.14677429 -129.50711060 99.93511200
v 18.83807925 -232.04998854 97.95770874
v 84.89050293 -165.87843320 99.32879639
v 65.78938293 -216.88790890 98.71764374
v -27.58103371 -121.93270870 101.73527530
v 49.06726837 -222.88699340 117.00987240
v 84.65005493 -188.42222600 113.25590520
v 78.75773621 -197.15328980 118.25693510
v 76.43778229 -129.99179080 104.52657320
v 52.06167221 -109.04722600 112.23127750
v -45.25731659 -157.79115300 117.11538700
v -20.13014603 -220.64743040 112.68920900
v 5.38630581 -230.61425780 108.18360900
v 72.29266357 -134.26211550 101.19088750
v 31.44800949 -247.46952820 117.72132870
v -39.31906891 -143.11764530 110.04859920
v 32.12631989 -230.59042360 109.79506680
v 10.64822197 -235.25344850 116.27896120
v -38.27043915 -140.20428470 110.40800480
v -44.14965067 -152.25816262 118.52094726
v 32.89513397 -230.57765200 113.41165160
v 29.39551926 -231.32632450 99.57231140
v -4.69499210 -231.03064563 118.52094726
v 68.72106934 -210.13983150 116.22044370
v -42.91883850 -151.84034730 112.63925930
v 22.68073654 -102.60469060 112.06866460
v 20.42629814 -233.98164370 114.65547940
v 29.93623734 -231.18627930 111.85775760
v 9.98578358 -231.32772830 106.67999270
v -43.94508362 -160.26133730 107.97524260
v -44.94122314 -182.89862060 108.43717960
v 78.03446198 -132.63330080 104.85574340
v 19.07238326 -101.87018104 118.52094726
v 73.86965942 -137.15347290 98.71762085
v 35.20080566 -229.85717770 100.55112460
v 50.83704758 -107.34265140 101.16228490
v -21.68311882 -219.55833440 112.47718810
v 87.55163574 -187.21560670 106.61267090
v 1.80500150 -101.98059080 111.12962340
v -16.13217354 -222.33551030 109.34364320
v 35.13075638 -103.82767490 108.95198060
v 78.59100342 -202.18746950 109.14852910
v 83.97348022 -164.35050960 102.38464360
v -41.54755402 -155.06248470 100.53852840
v -26.84126282 -120.89524840 100.93310550
v 64.93797302 -118.68340300 111.78892520
v 74.49837494 -209.69317630 102.07906340
v 65.75194550 -121.56866460 100.56128690
v 77.61724854 -143.35537720 103.05155940
v 88.70138550 -182.32696530 108.81579590
v 18.84264374 -102.14911650 115.79216000
v 18.84264374 -102.59799190 106.81561280
v 18.84264374 -237.17198180 115.47566220
v 18.84264374 -236.31568910 115.35492710
v 14.02968502 -102.36618040 102.99579620
v 71.93797302 -128.74990840 102.15269470
v -35.01146698 -205.55755620 104.90344240
v 85.35981750 -153.42587280 105.82442470
v 0.90622646 -229.33238220 107.48677060
v -36.25461578 -206.37722780 114.79899600
v 21.82209206 -232.10693360 103.72158050
v 21.82209206 -252.05329900 118.48858640
v 21.82209206 -232.11161800 98.56481934
v 21.82209206 -232.23089600 108.19073490
v 21.82209206 -232.11395260 102.53742980
v 21.82209206 -232.16033940 107.27400210
v 21.82209206 -102.75823970 107.42678830
v 21.82209206 -250.59887700 118.07995610
v 21.82209206 -252.17700427 118.52094726
v 21.82209206 -232.11575320 101.62067410
v 21.82209206 -238.77536010 115.53266910
v 86.43469238 -190.95820620 106.07076260
v 84.14291382 -176.82760620 102.07906340
v 89.82489014 -174.58760070 109.10749050
v -3.84701514 -102.06220250 115.52478030
v -3.84701514 -102.77085880 107.73236850
v -3.84701514 -102.54326630 111.62857060
v -3.84701514 -102.37771610 113.23288730
v -3.84701514 -103.07595830 100.55112460
v 78.44588470 -135.55601500 112.13349150
v 40.84920502 -105.01599120 100.39831540
v 34.41423798 -103.82635500 103.70246890
v 53.46556854 -220.99310300 115.37343600
v 9.76945591 -101.43177800 116.87048340
v 45.30702263 -228.08337598 118.52094726
v -46.60197449 -180.08192440 115.25381470
v 72.80134583 -210.20848080 105.49736790
v -17.82640713 -110.48473381 97.95770874
v 51.91442871 -108.72615050 110.10065460
v 26.80694199 -231.73445130 98.90860748
v -10.55512905 -223.93579100 100.88814540
v 6.35972023 -233.07232670 115.84134670
v 72.54584503 -133.43695070 102.06815340
v 71.02674103 -124.91719820 111.87348180
v -19.45878601 -110.54216000 114.38383480
v 79.80597687 -196.11016850 100.29602050
v -3.69409609 -228.82699580 112.92742160
v -43.81521225 -165.30236820 103.39181520
v 79.58058167 -195.67274480 99.94142914
v 1.95909047 -234.39837650 117.93754580
v 77.24750519 -134.28863530 103.75935360
v 10.64590263 -234.88999940 116.13400270
v 62.15198135 -215.56668090 115.47326660
v 76.48872375 -201.89726260 99.04724121
v -46.58981705 -182.22125240 116.28627010
v 58.51226807 -112.99825290 110.56327820
v 83.99856567 -164.35050960 102.99579620
v -6.20714569 -103.54218290 102.23231510
v 52.68613815 -221.66503910 113.99685670
v 52.68613815 -108.00447080 100.85669710
v 52.68613815 -108.01838680 101.46788020
v 82.48602295 -197.60928340 102.09278870
v 15.11174583 -236.60250850 115.79219060
v 70.64040375 -121.80414580 103.61231990
v 73.44665527 -133.50987240 102.50672150
v 38.79845047 -104.19396970 114.47550200
v 60.08193207 -112.98606870 105.98478700
v 40.49914551 -227.85534670 109.33717350
v 37.00609207 -229.45071410 115.23020170
v 70.14175415 -127.70286560 101.70368190
v 80.43353271 -194.15795900 117.81008910
v -43.79649353 -191.54147340 111.88134770
v 48.86946487 -224.50338750 106.66237640
v 14.20157623 -102.57083890 98.87040710
v -12.75534153 -224.97135930 113.22183230
v -41.60100937 -151.80731200 105.43712620
v 87.19887543 -173.44165040 116.09161380
v 6.37660599 -230.40975950 100.01634980
v 87.17726135 -188.33511350 106.06264500
v 58.28571831 -117.91488486 97.95770874
v 74.07073975 -128.42730710 103.00217440
v 41.91025847 -240.82164444 118.52094726
v 15.08834743 -234.00233460 114.76341250
v 29.46170807 -243.03164670 116.59410100
v 29.46170807 -233.25984190 115.07292180
v 73.49142456 -137.09620670 100.55112460
v 85.35672760 -176.11550900 104.23521420
v 56.74306488 -112.74491120 98.48994446
v 37.15962296 -246.80242085 118.52094726
v 87.19964600 -156.43945310 106.98388670
v -18.21498952 -219.30861496 97.95770874
v 74.04333496 -138.17828370 101.49187470
v 19.18642616 -232.10968020 105.97524260
v 42.71778488 -226.54895020 114.28333280
v 17.41761208 -245.06083680 117.05731200
v -14.07635784 -221.98239140 100.20733640
v -17.35052872 -108.91427610 111.09379580
v 58.12990648 -114.16377430 118.52094726
v 19.01541048 -251.54802502 118.52094726
v -19.43649864 -219.73519900 106.33543400
v 82.34746552 -156.06846620 103.58782200
v 65.60433336 -121.07580995 118.52094726
v 24.82064056 -231.97514340 100.23599240
v 57.33438904 -113.45537990 118.52094726
v 46.11531448 -224.77389530 115.52037810
v 81.85537720 -199.93473820 105.14321900
v 44.71875000 -226.05999760 117.69905090
v 31.79179192 -103.41959380 106.05165100
v 63.81137848 -122.60462950 99.33135223
v 81.87313080 -142.13458250 105.17595670
v 52.30787512 -220.88222433 118.52094726
v 84.69250488 -193.07705690 103.71514130
v 6.45302200 -230.54431150 104.63832090
v -37.64810568 -205.60997341 118.52094726
v 79.01126072 -196.52194964 118.52094726
v 71.59717560 -126.50377660 113.99685670
v 4.00268984 -229.58555600 98.24012756
v 80.85151672 -139.19033810 110.94117740
v -11.40480328 -105.17695620 107.71125790
v -47.13632584 -172.35301210 117.29019930
v -27.38570824 -216.61061534 118.52094726
v 86.05645752 -184.99612430 112.91865540
v 2.06617784 -102.30039220 103.00704960
v 16.85634232 -232.01747130 103.30136870
v -46.21023560 -185.78666690 117.17768860
v 46.05333176 -106.21487441 97.95770874
v 33.89052088 -103.22444293 118.52094726
v 72.91983032 -127.92321780 113.22407530
v 38.12284088 -228.77493290 108.34353640
v 41.13161656 -228.03787055 97.95770874
v 74.21353912 -127.13246150 107.90010830
v 73.71875000 -135.07095340 102.22851560
v 60.71116472 -215.90116731 118.52094726
v 61.34360504 -114.65455630 108.42472840
v 83.02095032 -195.26179500 102.23087310
v -41.25037384 -193.65118410 102.94329830
v -24.61143112 -215.37126160 100.09304810
v 85.08733368 -193.09509280 104.21166230
v -21.05672264 -220.80593870 116.03370670
v -42.77796936 -196.06619260 114.81941990
v 84.01322937 -193.67903140 109.06054690
v -40.39375687 -196.13424680 103.32078550
v 36.90661049 -229.38709970 97.95770874
v -41.38989639 -199.10646060 115.14439390
v 79.88316345 -197.73562620 100.45590210
v 79.88316345 -140.36212160 104.29988100
v 79.88316345 -196.74247740 100.40721890
v -42.55643463 -189.69738770 103.35797120
v 77.58945465 -201.38543700 113.60818480
v 60.40133049 -119.93497603 97.95770874
v 31.71295929 -236.17655940 115.78417970
v 14.37346745 -231.81854250 105.86064150
v 31.99938233 -250.50424780 118.52094726
v 27.60913849 -232.77946470 114.63452910
v 16.38740921 -235.24133300 115.41291810
v 85.86540985 -157.01647950 105.75061040
v 69.87004089 -210.27664180 112.79953000
v 15.24711609 -235.23988340 115.53103640
v 12.95335865 -231.56167600 98.22588348
v -43.03076935 -154.23469540 109.69061280
v 44.74094009 -105.85316470 114.37883000
v 44.74094009 -105.82044980 112.62173460
v 44.74094009 -105.88455200 115.44837950
v 31.69993401 -230.76110840 106.81561280
v -38.57824327 -204.49333977 118.52094726
v -2.49406791 -102.58506770 107.54114530
v 41.58482361 -227.81634520 99.07582855
v -46.45164871 -167.40635680 116.13593290
v -43.09618759 -192.51217650 109.90873720
v 23.16857529 -232.06629940 102.40373990
v 67.39293881 -215.82636868 97.95770874
v 88.74653625 -164.51760860 106.96406560
v 9.49779129 -233.41731260 115.20419310
v 86.45475769 -164.52404790 116.71711730
v 72.31079865 -123.90193180 103.90351870
v 45.22936249 -226.70338440 118.30596920
v -21.86702919 -114.55101010 98.48945618
v 77.21817017 -142.79408260 102.90509800
v -31.03549767 -126.31546020 109.72425080
v -32.99892807 -207.55886840 103.65264890
v 79.79246521 -197.05053710 115.20710750
v -44.31502151 -187.05926510 108.68731690
v -36.85110855 -202.28099060 101.02852630
v 81.75990201 -153.39380785 97.95770874
v 87.53233337 -158.70590210 106.65555570
v -26.84234055 -118.42441384 118.52094726
v 65.94877625 -118.07667540 107.61505130
v 75.45938873 -129.01379390 103.85876460
v -32.94566727 -130.18609620 107.60923000
v 84.57482425 -181.17584073 97.95770874
v 50.50531769 -108.58757020 116.67160800
v 74.43777466 -208.79240420 105.25650020
v -43.65678406 -175.38975520 99.23247528
v 2.15093946 -102.49015438 97.95770874
v 77.57440186 -201.90710450 112.55165100
v -41.68669510 -154.19264220 102.23523710
v 73.17301178 -207.48899840 111.77019500
v 66.73804474 -216.29658510 98.41201782
v 6.75295162 -102.03637700 105.51686100
v 76.26371002 -202.87777710 99.00340271
v 85.07112122 -162.75289920 104.83409880
v -35.05373766 -204.07112321 97.95770874
v 82.74460602 -187.41384890 102.07284550
v 88.15525818 -161.60025020 111.05944820
v -42.68146758 -164.92363007 97.95770874
v 6.31325626 -102.03102870 105.75560000
v -42.45339206 -185.71884355 97.95770874
v 79.65197754 -202.73283390 101.15460210
v 85.04101562 -175.72021480 104.01517490
v 67.55471802 -118.31176760 103.60696410
v 67.79130554 -215.51962280 99.26938629
v -46.92617798 -169.71809390 117.23460390
v 84.80905914 -168.17955020 100.86558530
v -25.90745926 -214.30311580 100.17028810
v 88.93719482 -162.21142580 108.80191800
v 85.62959290 -154.91558840 105.82154850
v -39.17125702 -198.27040100 101.62067410
v -43.55952454 -183.94635010 102.41278080
v 78.38528442 -146.79306030 102.69857790
v -18.44808006 -222.28349300 115.23941040
v 82.77162170 -143.30789180 111.01190190
v 21.18227386 -232.10107420 98.05870056
v 20.17957306 -102.77069090 102.23185730
v 11.89059258 -101.50112150 117.28188320
v 11.89059258 -102.48498540 98.33560944
v 82.57054138 -142.30337520 105.76203920
v 48.28146362 -224.11949160 112.56488800
v 39.13460922 -239.03723140 117.49037170
v 47.02586042 -106.91759013 118.52094726
v 72.55278778 -134.08963010 101.76477810
v -35.95975494 -204.09317020 103.48897550
v -45.77179718 -174.85498050 110.20073700
v -20.99719238 -113.25634000 101.96445470
v 83.14213562 -159.30877690 100.47503660
v 34.79034042 -103.99353030 101.01905060
v 86.76235962 -179.47737120 104.90808870
v 82.38914490 -186.51571660 100.55112460
v 41.96982714 -104.98022263 118.52094726
v 49.92137146 -107.21210480 104.33143620
v 54.96633530 -110.52186580 110.38796230
v 89.37602234 -177.68333440 107.18040470
v 32.13557434 -103.48147580 105.05850220
v 32.13557434 -103.65324400 100.62751770
v 44.50029755 -228.14129640 118.23036190
v 3.50228667 -232.16227720 115.56398770
v 85.45898939 -169.70896976 97.95770874
v 71.79014587 -124.61638640 109.11289980
v 24.86965179 -233.44859310 114.58824160
v 80.58443451 -141.62207030 104.51767730
v 88.84263611 -178.40740970 111.12247470
v 71.32816315 -211.65153500 104.81226350
v 40.16122299 -104.93895264 97.95770874
v 66.43661499 -118.30942540 101.15851590
v -40.70097733 -198.49984740 110.24435420
v 88.89126587 -180.54649350 109.71868130
v 87.86695099 -182.83837890 105.70386510
v 1.31356859 -228.89842220 100.22132110
v 81.40380859 -152.42938230 103.94716640
v 81.68825531 -199.92662050 102.07992550
v 24.83974075 -231.96409610 99.36700439
v 8.92957115 -101.98497770 108.32443240
v 41.31878331 -241.87824772 118.52094726
v 15.02118587 -233.67289730 114.34511570
v 44.71424187 -231.52408845 118.52094726
v 85.08771515 -166.41387940 98.47172546
v 49.76119995 -223.37307740 112.46893310
v -45.87677765 -172.31481930 111.11288450
v -46.39318085 -171.45535280 113.88772580
v 77.03864763 -199.44906427 97.95770874
v 36.65274811 -229.44667050 114.91428380
v 37.44510651 -103.97259520 113.23288730
v 82.54699707 -197.53747560 107.35437770
v 80.75000763 -201.99211120 102.43151090
v 19.53020859 -235.83367920 115.24570470
v 19.53020859 -102.07672120 117.05269620
v 81.50762939 -198.38742070 108.32344060
v -16.81406021 -222.64431760 112.65625000
v -17.76103749 -219.58521970 97.95770874
v 66.33935547 -214.91004940 106.34961700
v 59.39647675 -218.77424620 108.38172910
v -42.43988037 -157.93322750 102.23183440
v 82.33935547 -143.59088130 112.71458440
v -32.51379013 -208.24467470 104.44734950
v 80.81369019 -143.72355650 104.44801330
v 83.09697723 -148.38372800 105.15079500
v 82.09427643 -155.71994020 103.30474850
v -45.27623749 -156.75668330 118.29301450
v 46.63866043 -106.23860930 104.08662410
v -43.80362565 -151.17255141 118.52094726
v 73.34591675 -127.00323490 110.06318660
v 86.42233276 -179.53720090 116.15364840
v 30.22588348 -103.28253940 104.40811160
v -41.60943172 -157.98711930 97.95770874
v 62.06590652 -114.18048100 100.57507320
v 21.38315964 -102.31944270 115.78522490
v 88.78628540 -177.33786010 106.31347660
v 73.59176636 -128.29151920 102.79830930
v -37.28858948 -135.69757080 116.37043760
v 30.14927292 -103.42597200 100.78030400
v 43.68246460 -225.99061580 115.51322940
v 12.23437500 -102.19483180 106.31903080
v -32.51688004 -126.43431090 117.86473080
v 76.93217468 -143.67324830 102.41152190
v 2.07368636 -102.40850070 99.71077728
v 53.76390076 -108.48469540 101.46788020
v 86.51226044 -170.99697880 105.16190340
v 34.94722748 -229.92445370 104.37094120
v 23.35980988 -232.51928710 111.99607850
v 72.85266876 -124.65325160 103.93857570
v 84.99585724 -194.13568120 104.54721830
v 29.96594620 -231.23535160 112.46894070
v 79.06880188 -148.89486690 102.07906340
v 21.85266876 -102.55062100 111.92460630
v 58.12688828 -217.65203860 118.21902470
v 85.30141372 -167.79930554 97.95770874
v 86.34475708 -182.07441710 104.49697110
v 78.32970428 -134.40390010 104.31900020
v -21.53077316 -113.66795350 104.14175420
v -43.33258820 -189.90679930 107.25961300
v -47.29685572 -179.47936578 118.52094726
v 57.50569916 -112.08245850 98.98687744
v 89.74614716 -168.78147890 109.10749820
v -35.05470276 -208.24958800 117.39558410
v 6.29851580 -232.14895630 114.59304810
v 83.01168060 -142.06289670 108.19073490
v 75.45605052 -139.77705417 97.95770874
v 76.71960764 -200.26241258 118.52094726
v -2.22437444 -227.26166823 97.95770874
v -44.14443588 -185.75447080 106.69569400
v -45.98729540 -188.23676812 118.52094726
v 68.63190460 -127.78319550 100.87064360
v 32.80403900 -230.50234990 106.14714050
v 41.68420029 -238.30099490 118.06278230
v 66.56822205 -120.21147160 111.78107450
v 85.65235901 -150.66320800 109.75878910
v 19.62092733 -102.93296596 97.95770874
v 41.42213821 -228.49906920 117.10380550
v 74.32121277 -204.64057920 98.08636475
v 66.70724797 -216.32008387 97.95770874
v 25.50084285 -231.88781584 97.95770874
v 78.44934845 -204.46275330 105.13491060
v 89.00588989 -180.68405150 107.26727290
v 63.12572861 -218.46829220 99.17600250
v 87.71025085 -186.65818790 107.57958220
v 79.68342205 -194.88157055 97.95770874
v 19.87399101 -102.23976900 115.52478030
v 19.87399101 -244.87199400 116.82009890
v 33.12669373 -103.56451420 108.28623200
v 78.93767101 -140.20980668 118.52094726
v -40.63996739 -153.04119657 97.95770874
v -15.63667011 -107.03297420 115.38286590
v 35.40998077 -231.55044560 115.80529790
v 76.26119869 -200.90395591 118.52094726
v -36.40763459 -133.13411397 118.52094726
v 88.54004669 -176.87948610 112.46894070
v -19.44490051 -219.08415220 101.89058690
v -37.63112259 -204.19360350 112.31977840
v 81.87968445 -199.85221860 102.32666020
v 63.55123901 -217.02798460 105.15307620
v -40.95570755 -154.35763550 98.14388275
v 72.42092221 -209.78696881 97.95770874
v 9.75150013 -237.38522340 116.85968020
v 88.08539581 -185.02606200 106.70346070
v 33.44934845 -245.62405400 117.59386440
v 39.75328445 -228.01820370 115.52515410
v -25.37571907 -216.26261900 109.02355960
v 85.02557373 -174.21638490 103.99893190
v 84.76737213 -165.89630130 99.92770386
v 46.23155645 -106.26887895 97.95770874
v -12.56406083 -226.68485427 118.52094726
v -36.35227203 -205.68035890 112.05766300
v 1.52558525 -235.53953437 118.52094726
v 77.59716797 -205.05032350 106.04636380
v -47.25609795 -170.32275229 118.52094726
v 34.80944061 -239.52432250 116.65353390
v -14.80589891 -108.12955553 97.95770874
v 77.84957886 -200.32296750 115.07617950
v 7.26862526 -102.21618650 99.90176392
v -16.52749634 -223.08872990 113.99812320
v -31.77247810 -207.98593140 98.37326050
v 83.23861694 -184.24282840 102.23406980
v 84.79708862 -178.10182190 99.29605865
v -10.94837570 -223.62423710 100.11112980
v 14.98229694 -102.32360840 107.75012210
v 88.69326782 -161.45271300 107.87139890
v 87.39762878 -187.26936340 108.19075780
v -7.44147778 -226.07861330 105.59872440
v 5.66900158 -235.22692870 117.36367030
v -32.73050690 -130.45687870 105.12734220
v 83.58018494 -193.83941650 102.66717530
v 84.32468414 -181.78448490 103.31523130
v 82.31079102 -199.53298950 102.97052000
v -20.31136322 -218.29684450 100.10630040
v 71.20967102 -210.99844360 107.14237980
v 14.22284222 -234.42300420 115.15006260
v 73.71578558 -206.36922546 97.95770874
v 69.16760254 -129.54512020 99.32879639
v -46.35729218 -180.53298950 114.19952390
v 57.92163774 -217.70260745 118.52094726
v 15.78396606 -233.43112180 113.94348140
v -41.82873154 -150.00331120 110.09136960
v 83.89357758 -186.31155400 102.99237820
v 65.82989502 -124.60547640 99.93142700
v 87.49874878 -158.27525330 110.86573030
v 2.95142590 -101.05174250 118.52094726
v -42.82217026 -184.38267520 98.75691223
v 77.97578430 -134.66906740 111.95151520
v -22.62851906 -115.09735110 102.86209870
v 76.68670654 -132.94412230 112.45674130
v -35.58365250 -204.99148560 105.35963440
v 84.94953918 -156.40530400 117.51107790
v 3.33297086 -235.24719240 117.92649840
v 12.57815742 -102.26237490 103.45418550
v -3.77110338 -228.41719060 111.05105590
v -31.35912514 -125.10976410 115.92403410
v 81.40148926 -197.64263920 109.59922790
v 4.93936062 -230.87277220 110.33094790
v 68.53811646 -128.35482790 100.24552920
v -40.74904130 -192.53494184 97.95770874
v -44.52653122 -170.27352910 104.69870760
v 8.58650046 -244.13107932 118.52094726
v 23.30326462 -249.64921570 117.79259490
v -24.86433601 -116.01188660 118.34347530
v 77.02055359 -200.36157230 99.08409882
v -41.04776001 -195.60411070 105.52289580
v 32.82313919 -230.42926030 108.64911650
v 32.82313919 -230.46325680 107.42678830
v 32.82313919 -230.42016600 111.70495610
v 32.82313919 -103.33995060 111.70497130
v 32.82313919 -236.46847530 115.94729610
v 32.82313919 -246.85835270 117.75636290
v 70.86810303 -131.65464780 98.10630798
v 77.58095551 -135.77825930 114.98049160
v 81.16644287 -138.13941960 108.19778440
v 10.09528255 -101.92166140 110.63541410
v 10.09528255 -101.58383940 115.44837950
v 55.25810623 -110.46360020 98.70264435
v -44.76620865 -187.44692990 111.33055110
v 84.52190399 -184.74829100 103.41774750
v 58.08208063 -117.66351758 97.95770874
v 81.98504639 -154.18916320 103.94629670
v -41.92058945 -195.77503970 110.07359310
v -17.70435905 -222.18969730 112.86557010
v 79.95745471 -194.63216477 118.52094726
v 68.10855103 -210.52322390 116.69223790
v 77.13942719 -206.45108030 100.58805080
v 17.88768959 -232.06448360 103.66426850
v 87.17956543 -167.94543460 115.67047120
v -29.82053185 -211.65139770 107.05262760
v -32.43602753 -128.66839600 109.69258120
v -42.44730689 -185.75277574 97.95770874
v -12.74179649 -105.01788330 115.14279170
v -19.29930305 -110.07554630 116.90325160
v 78.72684479 -204.96105960 102.04676060
v 21.23538879 -232.09976529 97.95770874
v 38.78203583 -104.65254210 100.09275050
v 42.38064575 -227.40109250 102.34644320
v 66.86424255 -121.39938350 114.90789790
v 61.75115967 -114.38554380 106.65887450
v -11.84576321 -106.16349030 99.71578979
v 80.02981567 -200.61010740 108.27539060
v -7.98829889 -104.18820950 101.46788020
v -31.96265793 -127.52619930 110.78700260
v 88.30577087 -159.91952510 109.71868130
v 72.84648895 -126.17401120 109.69644930
v 0.13366719 -232.07272340 117.05958560
v 75.14752960 -204.53698730 113.61590580
v 89.86694336 -173.21246340 109.10749820
v 83.42541504 -146.01542660 112.46894070
v 77.59140288 -198.97169512 118.52094726
v -44.68959808 -182.56921390 107.08158110
v 72.21550528 -133.63884456 97.95770874
v 61.38045120 -216.34097290 114.30261230
v 39.55764416 -228.52385247 97.95770874
v 89.66393280 -169.52806090 107.88259120
v -25.87012672 -214.78884890 103.09588620
v 65.52838592 -120.99838702 118.52094726
v -44.48099136 -190.88871770 114.41421510
v -16.45517120 -109.34104102 97.95770874
v -37.14617920 -204.06398010 109.23547360
v 72.40380096 -206.37728880 116.75820920
v -16.81493568 -108.83254240 106.87081150
v 28.32429504 -102.92898560 110.78820800
v 86.35054016 -170.23300170 105.10791020
v 0.50756544 -102.07334140 111.47576900
v 0.50756544 -102.57470700 98.60301208
v 41.09271488 -242.20942362 118.52094726
v 75.01939392 -132.18237300 102.98563390
v 82.77624512 -153.65046690 104.58430480
v -21.01900864 -111.96303560 115.50567630
v 79.41229248 -199.67953490 100.32777400
v 25.52730560 -250.14947510 117.99468990
v 80.46941376 -136.59800720 106.05163570
v 7.61240768 -230.79154970 102.99579620
v 85.38990784 -150.88958740 106.35364530
v 82.29071808 -140.34976200 106.63347630
v 47.32989120 -106.34027860 101.58248140
v -13.62972736 -106.72354130 104.77201840
v -8.43795776 -103.71922300 109.56587220
v 32.82024384 -239.73225400 116.38902280
v 49.34253760 -222.73748612 118.52094726
v 4.95764160 -101.13220210 117.81341550
v -23.88866624 -219.44149205 118.52094726
v 87.49372864 -169.71733090 115.19464110
v 75.37088448 -202.19743539 97.95770874
v 33.75096512 -230.44538880 114.00942990
v -23.19326016 -219.94287461 118.52094726
v 8.34397888 -233.10015870 115.22360990
v 63.25989312 -122.59646189 97.95770874
v 52.98582464 -220.47733319 118.52094726
v 79.79399872 -135.01438900 106.66281890
v 86.20735168 -156.43765260 113.29836270
v 56.59098816 -110.20770260 103.57216640
v -43.47655487 -155.64022830 110.32852170
v -42.19596863 -188.10794070 99.35048676
v 31.91477441 -250.54131404 118.52094726
v -41.51765823 -147.54354860 112.92767330
v 78.75270081 -133.24490360 106.05163570
v -36.76563263 -205.67041020 114.26454160
v 69.17724609 -121.11950680 107.44392400
v 26.03425217 -233.75614930 114.83383940
v 27.53376961 -234.28128050 115.09497070
v -39.71140671 -147.51786800 102.52022550
v -44.09311295 -168.47590640 102.99579620
v 4.55950785 -236.62518310 117.95685580
v 30.83683777 -103.02012630 113.38567350
v 71.03598785 -130.29168700 101.91736600
v 76.22973633 -142.94416810 101.75940700
v 87.31850433 -157.01647950 110.32984160
v 6.45691586 -101.46398930 115.40064240
v 5.58924737 -101.05998445 118.52094726
v -24.01071167 -115.91743470 111.78136440
v 76.00511169 -204.66693120 110.88375090
v 25.45522881 -232.83753970 114.26780700
v -39.44374847 -202.92529300 116.98603060
v 84.30461121 -165.64924620 103.60700230
v 59.93506241 -112.49657440 100.24775700
v 80.95378113 -201.48190310 104.52455900
v 47.93216705 -224.76074220 108.57403560
v 37.91827393 -228.87071230 115.09928890
v -44.23437119 -154.86970520 115.13813020
v 12.14559937 -234.92247010 115.83682250
v 77.58789825 -144.20471190 98.28253937
v 60.83297729 -215.89413450 118.21411900
v 15.70489025 -241.03268430 116.47248840
v 38.19422913 -228.49096680 113.38567350
v -42.52055359 -163.28097530 98.41201782
v -44.29785919 -181.83644100 104.75497440
v -23.86569023 -116.31871030 106.49092100
v 29.55142593 -231.30010990 102.36553960
v 37.41576385 -104.25426480 107.11133580
v -40.04318783 -194.53191955 97.95770874
v 75.07342529 -208.60224910 99.91425323
v 84.13903809 -178.64582820 103.03242490
v 89.73648834 -176.37411500 108.19473270
v -23.73118782 -115.09263610 115.26509090
v 40.41479874 -238.56993100 117.74379730
v 17.58210754 -235.78091430 115.38520050
v 73.29032898 -210.66786190 99.94322205
v 32.63966402 -230.63940068 97.95770874
v 78.44934082 -147.36682130 102.37458800
v -5.75458622 -227.22738650 108.41976170
v 75.89936066 -206.39173890 99.33871460
v 88.77392578 -176.11552430 106.32884980
v 46.22402754 -106.55794787 118.52094726
v -42.33671742 -162.62320348 97.95770874
v 84.92830658 -148.15452580 109.71868130
v 75.91711426 -133.63925170 116.13594060
v -20.93786430 -221.27648930 117.54422000
v -22.94452286 -114.66166690 111.40299220
v 20.56155586 -232.14489750 106.58642580
v -33.89492798 -131.77510070 108.04448700
v -18.60864830 -111.16363530 98.25922394
v 45.37350082 -106.03427120 112.84136960
v -23.25511742 -115.76773070 104.04624940
v -33.08944702 -132.65626530 98.54658508
v 74.13401794 -137.10137940 102.01557160
v -8.41774654 -103.91526790 107.12120820
v 48.51012802 -224.45573430 108.85636900
v 53.55509186 -222.54125980 103.83957670
v -45.56744766 -186.59176640 114.53162380
v 70.79631042 -207.82620240 117.20825960
v 85.24440002 -156.32891850 116.36512760
v -45.43371582 -185.74082950 112.92843630
v -18.03898430 -109.82025150 107.69576260
v 10.80539586 -246.79800265 118.52094726
v -42.85285950 -192.46122740 108.65919490
v -31.67503166 -209.83216860 107.92210390
v 15.25202370 -244.71926880 117.27810670
v -5.47109950 -103.55514796 97.95770874
v 81.18650818 -142.97573850 115.37106320
v -42.57690430 -152.77349850 109.46424870
v -43.07825470 -161.03033450 102.72974400
v 73.21931458 -209.36341860 98.42892456
v 82.68534466 -187.42891126 97.95770874
v 67.29225922 -126.97534180 98.87042999
v -3.11502910 -102.53741460 110.32984160
v 83.02749634 -196.18588260 108.11434940
v -13.42641726 -222.00608800 97.95770874
v 38.01803970 -104.05736540 113.84405520
v 18.84286914 -232.05018870 97.95770874
v 81.72336578 -139.27902220 108.24286650
v 78.65891266 -146.02575680 103.30279540
v 59.12918978 -216.95958329 118.52094726
v 85.61491394 -149.86935420 107.27400210
v -7.80534078 -104.32293007 97.95770874
v -15.24956989 -106.52038570 117.05269620
v -44.23089981 -160.52636720 109.30555730
v 80.68531907 -193.14702808 118.52094726
v 47.71024323 -223.81390380 116.13427730
v 70.09735107 -121.89534000 102.65313720
v 29.92444611 -102.93423460 113.31154630
v -20.90264893 -112.16229250 112.83181000
v 87.67936707 -180.16503910 112.81358340
v 87.94219971 -164.27410890 112.68591310
v 82.28646851 -189.25791930 101.86289980
v 46.45204163 -224.51287840 116.74711610
v 73.48368835 -206.11990360 114.46484380
v -9.95870781 -104.98043820 101.92626190
v 88.23783875 -183.44955440 106.35722350
v -41.33008957 -152.75460820 102.23183440
v 78.94026947 -144.86949160 103.66208650
v 23.21632195 -103.04358670 99.25238800
v 41.03752899 -230.31948850 117.23999020
v 71.71101379 -207.05897520 116.84052280
v 78.95995331 -135.44557190 110.48536680
v 33.81483459 -230.12556460 109.56610110
v 50.62417603 -221.87538150 118.26181790
v -47.34031677 -171.60813900 118.46602630
v 79.21429443 -197.59994510 116.06980900
v -41.78744125 -157.95741270 98.95254517
v 78.23783875 -138.03707890 116.84219360
v 72.56242371 -128.27555850 102.38243870
v 76.16759491 -140.20932010 102.71421050
v 46.11606979 -106.08318330 103.54967500
v 82.86539459 -149.26226810 105.00051880
v -41.38624573 -198.34814450 113.16419220
v -36.49199677 -136.53768920 109.23023220
v -25.65756989 -215.59072880 106.72926330
v 17.42579651 -240.59094240 116.12301640
v -46.00646973 -184.12890620 114.59858700
v 66.15447235 -119.57846070 111.08503720
v -45.36289597 -159.82846070 115.73864750
v 48.90746307 -224.57131960 105.63426210
v -40.26737213 -144.65612790 111.95222470
v 22.89163971 -234.02380370 114.73081970
v 22.89163971 -232.12231450 107.46498870
v 22.89163971 -102.48241420 114.60801700
v -14.86887741 -106.18370820 117.35792540
v 50.51379395 -107.39680480 103.95075990
v 11.12272835 -242.85270690 117.65026860
v -43.33375549 -165.89535520 100.63236240
v 81.95995331 -191.53427120 101.87950130
v -4.13009981 -226.46094300 97.95770874
v 78.36597443 -132.95626830 105.14053340
v 78.29457092 -205.10900880 104.06047060
v 56.38719940 -221.26174930 103.14859010
v 81.93640900 -140.43986510 105.77466580
v -16.64677436 -109.49277054 97.95770874
v 55.22066116 -220.72659300 110.59298710
v -47.43099708 -175.70572590 118.52094726
v -9.80480828 -228.18816861 118.52094726
v 77.01205444 -137.91064450 103.22774510
v -44.64830780 -161.14590450 110.98629760
v 31.27778244 -230.84021000 111.85775760
v 8.84286404 -232.49685670 113.99343870
v 65.20580292 -124.03681950 99.64494324
v 66.47982788 -124.29878230 100.54500580
v -10.58853436 -103.80836490 115.74159240
v 69.34049988 -214.16012570 100.93310550
v 54.51692228 -219.62395965 118.52094726
v 86.85304260 -155.62730410 106.69753270
v 79.11587524 -203.61874390 105.14697270
v 12.94287300 -101.73034670 115.31552120
v 83.52652740 -196.70423890 103.00148770
v -41.61839676 -156.73492430 99.18328857
v -44.08057404 -169.77462770 102.34644320
v -30.15351868 -211.03109740 105.66450500
v 78.40032196 -138.80606080 117.76131440
v 85.88584900 -150.44641110 108.19073490
v 84.35362244 -192.49031070 103.35620120
v 30.85593796 -240.61297610 116.27851870
v 80.49488068 -149.41308590 103.89037320
v 12.94104004 -243.27728270 117.40506740
v 83.85690308 -158.53582760 104.52291110
v -37.84475708 -139.41593930 109.85102840
v 80.78395844 -150.29025270 103.92470550
v 29.20387268 -241.64431760 116.28208920
v 28.20117188 -103.10987850 103.79797360
v 89.53501892 -178.02542110 107.88516240
v 5.47331524 -102.16986080 101.56336980
v 1.59621060 -102.14910890 108.53452300
v 25.26388932 -252.16822675 118.52094726
v -42.16934204 -197.21269230 114.30288700
v -40.89531708 -199.70173650 114.37898250
v 70.23937988 -125.41189580 115.52078250
v 24.37600708 -232.80116270 113.98935700
v -41.49682236 -151.10934450 106.13078310
v 73.86423492 -125.73239140 105.15543370
v -33.73340988 -206.68905640 103.38449860
v 85.74922180 -186.40357970 112.45932010
v 85.27409092 -167.52549462 97.95770874
v 56.86423492 -110.08632660 102.07906340
v 43.22162628 -235.63497920 118.24843600
v -3.12279868 -227.07342530 99.13476562
v 71.59020996 -123.94245910 102.97795100
v 20.90533829 -102.68040470 108.07614140
v 84.17839813 -190.32521060 102.98690030
v 5.39691973 -234.30920410 116.98760990
v 17.45030341 -102.81888596 97.95770874
v 67.45821381 -122.49128720 116.58799740
v -15.60735035 -107.82740020 107.42678830
v -32.45860155 -131.53092311 97.95770874
v 76.98194885 -135.14289860 115.66091920
v 18.75192261 -102.76815800 100.53680420
v -43.92079163 -174.39660640 100.68448640
v 74.17183685 -130.99699400 116.18435670
v 80.89781189 -195.36734010 100.88227080
v 52.77893829 -109.58352660 113.29423520
v 24.88748741 -244.57641600 116.66192630
v 35.78940357 -103.50347054 118.52094726
v 88.13169861 -179.45942690 105.74869540
v 86.60603333 -163.28097530 105.52973940
v 86.60603333 -184.36630250 104.66643520
v 86.60603333 -159.07917790 105.91857910
v 86.60603333 -182.83837890 104.65837100
v 86.60603333 -181.00488280 104.72054290
v 86.60603333 -184.97747800 104.68191530
v 86.60603333 -175.58074950 104.94200900
v 86.60603333 -162.21142580 105.61425020
v 86.60603333 -181.84521480 104.67335510
v 86.35439301 -186.50538640 104.48242950
v -17.62042427 -109.93699650 102.22753140
v 7.09517765 -240.32087710 118.04331970
v 58.51996613 -219.45819090 107.33344270
v 42.42174149 -235.16311650 117.93400570
v -45.91423035 -166.06942750 114.07324980
v -30.48572731 -127.64762120 98.11521912
v 56.47596741 -221.82917790 99.32879639
v 41.76118469 -226.95906070 114.60613250
v -44.57266235 -157.21138000 114.37881470
v 51.17087173 -107.46678920 100.03588870
v 74.02131653 -208.90998840 106.05163570
v 85.88005829 -162.45971680 117.59399410
v -23.89927483 -116.92942810 100.10993190
v 16.17010117 -102.35511780 108.75106810
v 87.45165253 -156.79191590 107.27639010
v -44.02731323 -191.59724430 113.13726810
v 80.22895813 -202.90194700 102.98389430
v 35.64154053 -229.47860720 112.29703520
v 74.06531525 -210.17739870 101.46789550
v 41.71545029 -227.38104250 109.11943050
v -14.93386555 -222.59080510 107.45431520
v 80.26176453 -202.60870360 104.06536100
v 89.25134277 -179.93533330 108.80191800
v 9.28890821 -230.94710180 97.95770874
v -23.91490363 -117.16234691 97.95770874
v 83.84725189 -190.92759700 112.45891570
v -43.21720123 -196.62591550 118.23941040
v 87.22239685 -170.72958370 115.99124150
v 53.45760197 -110.39380932 97.95770874
v 22.45252037 -241.83641050 116.02542110
v 23.56010437 -238.75656130 115.51974490
v 85.71641541 -185.94633480 112.93093110
v -5.05025339 -102.49722290 113.63396450
v 38.82023621 -233.94741820 116.86997990
v -41.80867386 -148.21008300 113.25393680
v -24.35112762 -117.06545260 105.18588260
v 87.23899078 -186.51681520 109.30015560
v 28.54495430 -231.47485350 110.78820800
v 28.54495430 -244.71926880 116.85537720
v 28.54495430 -102.81576540 113.44297790
v 28.54495430 -231.42601010 108.19073490
v 28.54495430 -231.43066410 107.42678830
v 28.54495430 -246.85835270 117.32115170
v -22.16413498 -113.52552800 113.22438050
v 71.03134918 -122.76924900 106.69161220
v -17.55037498 -110.08516690 99.69168091
v -3.46995258 -101.79790500 116.89350890
v 83.41112518 -191.88876340 102.66830440
v 51.18379974 -107.68278500 104.14175420
v 67.71332550 -121.67456820 101.00027470
v -31.00878906 -128.55900570 98.52509308
v 80.87233734 -191.09960940 100.23271180
v 61.46843846 -117.13397231 118.52094726
v 31.52440262 -230.81642150 112.46894070
v 65.94065094 -119.46728520 100.51257320
v 61.55894470 -116.75462340 99.60308838
v 52.42521286 -108.42450710 98.79282379
v -6.14954042 -226.84454350 107.08166500
v 85.54582214 -191.64199830 104.22636410
v 79.87040710 -141.98690800 118.19664000
v 64.14636230 -119.23889160 116.89995570
v -14.02562618 -222.57125850 104.58104710
v 52.04910278 -107.82736210 102.14609530
v 63.94914246 -117.29048160 100.25688170
v 65.20811462 -213.67425540 114.18867490
v 69.62918854 -121.34223940 106.81440730
v 8.05484486 -232.78421020 114.92250060
v 88.67395782 -163.89212040 106.98781590
v -42.11164474 -154.17053220 104.65898900
v 84.67168198 -183.01565799 118.52094726
v -12.70760250 -105.81752780 108.37191770
v 49.00896454 -106.90309140 104.38017270
v 6.36010695 -232.49855040 115.17749790
v 75.08902598 -202.75345602 97.95770874
v 52.88086726 -220.53736758 118.52094726
v 55.46168518 -221.61657710 103.77082060
v 46.95184326 -106.80653380 116.78529360
v 45.92752838 -105.99155430 100.09275050
v 25.56550598 -102.86519620 107.80876160
v -34.50280762 -132.01507570 110.88455960
v 51.87696838 -108.59626010 109.24229430
v 82.18019015 -147.53494260 118.52094726
v 69.64578247 -122.94379430 102.07913970
v -44.42812729 -171.47454830 103.68524170
v -45.92299321 -159.72234466 118.52094726
v 79.93629127 -194.67549671 118.52094726
v 85.38758087 -169.51309200 98.42564392
v -18.86116409 -219.33398440 101.06485750
v -38.32141113 -203.99765010 115.25739290
v 71.22856903 -122.73626710 105.96691890
v 43.40919495 -227.01184080 102.57562260
v 86.69441223 -164.06976320 115.82740780
v -30.25126457 -126.28381350 103.64517210
v 84.16411591 -177.84010310 102.99559020
v 79.51764679 -135.47711180 108.92121890
v -4.53749561 -230.32669070 117.66627500
v -2.59828281 -232.18138120 118.43376160
v 31.12658119 -103.00010680 114.66563420
v 67.18186951 -215.51614380 101.56012730
v 57.86461639 -112.56909940 98.97541046
v 65.13980103 -116.06237030 103.53059390
v 71.05836487 -127.01969910 117.24369050
v 65.36789703 -120.34632870 100.44720460
v 36.38198471 -246.02166750 118.19537350
v -44.40747833 -191.49206540 114.95317080
v 43.36423111 -105.42062380 114.11144260
v 5.74070215 -101.83995060 110.57812500
v 66.44933319 -125.96115110 98.56483459
v 85.02092743 -150.11679080 106.12950130
v 54.20328903 -110.66690830 115.06640620
v 56.39221191 -219.43490600 114.32350920
v 83.14794695 -157.01647950 97.95770874
v 1.66836167 -228.77649965 97.95770874
v -29.95339833 -126.67184651 97.95770874
v -10.58159161 -105.60014340 98.25922394
v 33.87214279 -103.80236820 102.34644320
v -37.93237305 -143.96099850 99.47903442
v -13.16432953 -105.66331480 112.18244930
v -43.04545593 -193.32667540 111.01848600
v -25.53947449 -117.60087590 113.25636290
v 89.72065735 -171.07337950 107.88515470
v 76.83760071 -206.93249510 103.60697940
v 53.12667847 -108.48927310 103.73438260
v 56.44739527 -114.79902480 97.95770874
v 89.74034119 -168.24670410 108.80191040
v 5.34963656 -230.28384400 103.98676300
v -42.80423737 -191.85311890 107.42678830
v -4.38178873 -103.13050840 101.73526000
v 84.31463623 -154.87738040 105.13489530
v 76.55256775 -200.26851833 97.95770874
v 83.79823303 -148.61291500 105.47647860
v -11.81354809 -224.64343260 109.31443790
v 34.81598663 -229.80589290 109.92877200
v 23.57920456 -235.78091430 115.11787410
v 83.54929352 -147.67800900 105.44329830
v 44.52786888 -232.67038474 118.52094726
v 50.04601288 -224.42044070 102.03871150
v 79.71679688 -141.12858580 117.28440860
v 41.54929352 -227.52859500 106.97795870
v -0.33279288 -102.17687990 111.01738740
v -0.33279288 -102.22087860 110.25344850
v 60.65504456 -112.38455200 102.38464360
v 78.66237640 -202.71679690 100.23407750
v 59.98136520 -118.73677830 98.69365692
v -15.75006008 -222.02441410 106.81681060
v 74.32852936 -205.53663640 113.53360750
v 2.66492104 -232.24974060 115.98979190
v 81.37694664 -145.55186617 118.52094726
v 57.42289352 -113.31820680 117.35828400
v 50.72316360 -107.79793550 98.42365265
v -46.19540024 -177.04422000 112.39746090
v 80.02169800 -138.83419800 104.53311160
v -20.53870392 -218.86260990 105.36381530
v -37.53021240 -141.49046330 102.87873840
v 16.61104584 -102.65688320 100.39833070
v 53.68804552 -220.07279893 118.52094726
v -40.46749496 -200.30233760 114.07632450
v 25.89819336 -232.18005370 112.61207580
v 14.67646408 -240.96151730 116.62763980
v -44.50319672 -185.72601320 108.34985350
v -30.14947128 -212.50061040 112.90856930
v -13.75169592 -226.01035809 118.52094726
v 82.63343048 -154.41900630 104.38981630
v 82.63343048 -190.09600830 102.24284360
v 4.33692360 -102.11260990 104.89615630
v 82.63806152 -198.27720640 106.07298280
v 46.80363464 -106.21932220 102.23185730
v -41.36193848 -148.92349240 109.49543760
v 28.88873672 -234.94055180 115.32861330
v -43.64781112 -150.68774301 118.52094726
v 19.88410568 -232.76762390 111.75994110
v 87.83644104 -183.63825990 105.74131010
v 81.15832520 -153.43742370 102.97068020
v -36.29922104 -135.77783200 110.25265500
v -2.94660664 -228.76509090 111.34252930
v 67.52497864 -122.24418640 115.48817440
v -22.02143288 -113.17414860 114.60359950
v -18.71643448 -219.71112060 103.28432460
v 40.91478729 -229.59678650 117.12535860
v 83.23204041 -183.74325560 102.10752110
v -39.45069367 -196.10522292 97.95770874
v 75.73146057 -129.68685910 103.84684750
v 76.53887177 -130.41897580 108.21305850
v -43.35267639 -157.64801030 107.40899660
v 83.73146057 -193.31506350 110.07385250
v -41.03465271 -196.59574890 107.50515750
v 53.32736969 -109.93811040 113.53846740
v 87.90089417 -168.62869260 113.95928190
v 86.27757001 -174.74038700 118.52094726
v -15.70167351 -108.32247160 102.90507510
v -37.93932343 -143.47189330 100.66588590
v 81.96534729 -200.27639770 103.60697940
v 42.88950729 -226.60862730 112.54533390
v -36.12921143 -138.09092710 102.37976070
v -45.11415863 -188.79678340 114.68476100
v -36.08328247 -206.36917110 113.99966430
v 81.71833801 -188.79989620 100.54355620
v -44.85788727 -177.83442690 105.86424260
v 28.41333961 -231.55912780 111.85775760
v 1.95909321 -101.45925900 115.85327910
v 5.65663433 -102.31019590 98.67555237
v -38.95437623 -147.54574657 97.95770874
v 2.13539017 -228.93806983 97.95770874
v -40.81755447 -199.33209230 112.89015960
v 83.56781769 -197.53324890 104.20754240
v -41.72782135 -198.81719970 116.04260250
v -32.79459383 -132.20713519 97.95770874
v -15.38167095 -223.56170650 113.29158020
v 74.79128265 -127.15220640 106.05163570
v -23.31413559 -216.01983938 97.95770874
v -44.15719223 -159.09420780 110.29916380
v -26.48081207 -215.97631840 111.99172210
v 75.75535305 -201.59916783 118.52094726
v -30.68295479 -212.42750550 115.20947270
v -45.56224823 -188.78401180 117.00489040
v 31.54350281 -103.06784060 113.93955230
v 60.81386185 -113.60866550 99.94512939
v 84.66700745 -194.51014710 106.63758090
v 86.21891785 -179.09497070 104.64161680
v 67.13092041 -214.36926270 106.29114530
v 85.70251465 -190.97846980 104.21077730
v -6.03542327 -101.90012541 118.52094726
v 83.83674825 -183.60820973 97.95770874
v 10.97383881 -231.48245240 106.66281890
v 85.52234953 -179.77315782 118.52094726
v 68.42269897 -128.44686890 99.32879639
v 41.61914825 -105.08345790 106.66281890
v 41.65388489 -227.28826900 111.09378050
v -46.24692535 -183.64984130 115.50978090
v 76.96534729 -135.01438900 103.55997470
v 87.26368713 -157.58480830 106.63963320
v 77.76426697 -198.14648440 98.40815735
v -27.73621559 -213.79315190 106.84908290
v 72.35168457 -124.13565830 103.63048550
v -0.30414391 -102.49258420 103.22499080
v 84.20193481 -177.96084590 100.86517330
v -40.44163895 -196.82626340 104.98327640
v 40.15716553 -228.14952090 103.45417020
v 32.81386185 -230.52853390 113.03469090
v 26.42346954 -233.12390140 114.61680600
v 11.14573002 -102.22941590 102.65203090
v -12.14706230 -105.70786290 106.17804720
v 71.03713226 -129.80882260 101.95014950
v 32.63304138 -103.27803040 112.39682010
v 56.12705994 -112.24386600 117.02033230
v 65.65928650 -215.54040530 105.72177120
v 76.46553802 -207.68678280 102.05793000
v 21.59290314 -245.33042910 116.83129880
v 21.59290314 -232.31466670 108.80191800
v 84.75191498 -167.40635680 100.78509520
v -40.38184758 -152.03914981 97.95770874
v 73.68553162 -137.08290100 99.33109283
v 69.47484874 -125.44366875 118.52094726
v 3.10785226 -237.16318317 118.52094726
v 38.85843658 -104.31455230 112.08695220
v 38.85843658 -236.16290280 117.06387330
v -42.98093110 -167.32846078 97.95770874
v -30.37245750 -126.60823060 102.99554440
v 87.34396362 -171.95193480 115.74838260
v 45.36029898 -227.84597221 118.52094726
v 31.27595722 -250.84089961 118.52094726
v 63.23917770 -117.23431400 111.85266880
v 68.82022858 -128.98178100 99.92172241
v 49.44254410 -108.15103294 118.52094726
v 69.84261322 -122.17038730 102.33583830
v 28.90752458 -103.43609690 97.95770874
v -22.66995254 -113.35514782 118.52094726
v 67.01281738 -124.71213530 100.73152160
v -40.47734070 -193.80432130 98.87461853
v 68.85965002 -209.19846876 118.52094726
v 68.34126282 -120.83368680 101.46549990
v -41.48853302 -191.51043700 100.37496950
v 39.54413514 -228.52824926 97.95770874
v -16.52780854 -220.30649774 97.95770874
v 23.92298698 -232.03456120 102.07904050
v 78.68360138 -134.80824280 104.48802950
v 86.92018890 -178.47526550 115.54677580
v -36.03581238 -204.98565670 107.69204710
v 37.95106506 -104.13609310 112.02862550
v -3.25469238 -231.88085610 118.52094726
v -11.62887478 -225.81698610 114.28545380
v -25.45958710 -217.80517580 116.84506990
v -45.95727158 -176.30651860 111.12483980
v 75.11393738 -128.48852540 108.26749420
v 73.58634186 -129.20828250 102.66764070
v 26.90243530 -103.03631590 103.68336490
v 26.90243530 -102.84329220 110.17704770
v -28.90015030 -211.21684270 99.09960938
v 26.56954314 -251.97784185 118.52094726
v -43.20138550 -189.30596920 105.91386410
v -27.78600502 -121.51139070 108.19074250
v 76.70328522 -143.03884890 102.41906740
v 42.67240906 -227.36489870 100.78030400
v 76.19344330 -142.45976260 102.09266660
v 34.92675018 -229.73342900 112.46894070
v 80.31501770 -194.74662780 117.31871030
v 26.25307083 -231.81747440 108.07614900
v 26.25307083 -240.74667360 115.89070130
v 26.25307083 -232.32408140 113.46206670
v 80.80787659 -140.06744380 104.82230380
v -9.05376053 -103.77120970 111.43757630
v -39.49194293 -203.29701024 118.52094726
v 33.87889099 -230.08546450 110.48263550
v -29.86010933 -123.70259090 112.31320190
v 85.46360779 -192.84690860 104.82807160
v 78.44339659 -197.21183745 97.95770874
v 79.54311371 -200.88284300 100.52639010
v 79.27835083 -134.09762570 106.66281890
v 32.22219467 -247.84672550 117.90449520
v 89.07534027 -177.01028440 106.62999730
v 42.67258059 -239.18973133 118.52094726
v 89.58325195 -166.64239500 108.80192570
v -34.65333557 -135.65151980 99.58408356
v 70.54311371 -121.61840060 103.91255190
v -30.07624245 -211.51495360 107.73191070
v -40.96306229 -148.45260620 108.19073490
v 20.03983307 -232.19096370 107.26513670
v 59.37194443 -111.50706480 102.07906340
v -38.48313141 -146.16386410 97.97472382
v 70.56549835 -126.60605620 117.86247250
v 80.11933899 -151.26974490 100.85668950
v 60.15118027 -218.98245240 105.13726810
v 8.66285515 -101.65213010 113.80586240
v 66.19691467 -214.28868100 109.08922580
v -41.80771637 -197.60896300 113.45751190
v 81.42424011 -146.43560790 104.55937190
v 70.10158539 -121.26683810 103.31777190
v 32.21196747 -103.34623720 110.17704770
v 32.21196747 -103.39492800 109.03109740
v -44.86097717 -170.30940250 106.66281890
v -44.25214005 -192.23449710 115.31181340
v 60.65988299 -120.18327227 97.95770874
v 19.83293899 -251.76528011 118.52094726
v 49.77043915 -224.79595950 99.65389252
v 85.07534027 -190.58294680 110.12901310
v 87.67974091 -157.23605350 107.57579040
v -38.64021301 -144.52684020 102.57666020
v 67.83682251 -119.56715390 101.75727080
v 3.66268363 -101.04292114 118.52094726
v 54.05662155 -109.67961120 108.41754150
v 83.06221771 -159.30836490 100.85669710
v 41.05102539 -227.90464780 100.70390320
v -28.81427765 -122.50860600 110.67361450
v 81.78626251 -155.48855590 102.38464360
v -9.76752949 -226.48956300 113.33020020
v 42.60949707 -105.32639310 102.90030670
v -6.11322165 -225.89682010 99.93996429
v 57.45801163 -112.58108520 112.57579040
v 89.52149963 -176.87948610 109.71868130
v -39.67417908 -201.59286500 114.07324220
v 16.62715340 -231.98919680 104.37094120
v 16.62715340 -245.33042910 117.20597080
v 16.62715340 -101.69757146 118.52094726
v 16.62715340 -102.54891970 102.84300230
v 16.62715340 -102.06573490 114.41702270
v 16.62715340 -102.46759030 106.20443730
v 16.62715340 -102.71154790 99.48159027
v 16.62715340 -231.98403930 100.74211120
v 16.62715340 -237.99639890 115.77829740
v 16.62715340 -101.81038670 117.66387940
v 16.62715340 -231.97911070 105.13489530
v 86.94990540 -157.76193240 106.33129880
v 2.49498572 -101.06543642 118.52094726
v 57.79166412 -219.77969360 107.74487300
v 29.20617676 -231.28361510 108.03794860
v 44.03500748 -226.72555540 104.31559750
v 84.35669708 -167.25357060 102.07906340
v 39.51763916 -228.06378170 111.78892520
v 63.89181900 -217.51679990 102.14369200
v 66.87503052 -117.62934110 103.60325620
v -28.26815796 -123.57265470 97.99185181
v -38.84631348 -143.65335080 105.90048980
v -46.45438004 -169.77462770 114.91360470
v 89.81597900 -171.07337950 109.41307830
v 61.59617996 -114.26045990 100.10816960
v -13.80887604 -105.57556150 116.18807980
v -45.09968948 -165.72694400 109.97487640
v 84.70945740 -168.09393310 103.93430330
v 77.73840332 -198.56533810 99.01992798
v 71.29687500 -211.99838260 103.75860600
v -3.94565940 -229.75302120 116.18341060
v 77.30262988 -199.42118498 118.52094726
v 75.56199628 -201.88757245 97.95770874
v 88.31925964 -176.26831050 113.09411620
v 28.03404236 -102.67155460 115.86911010
v 38.33894348 -229.46742250 116.12805940
v 75.23049164 -208.74810790 103.03258510
v 37.09116364 -104.39549260 98.56481934
v 83.71871948 -180.08811950 102.07906340
v 89.67858124 -168.23623660 108.15910340
v 49.47750092 -107.06796260 104.52374270
v -18.61898804 -110.61837010 104.58103180
v 36.32312012 -231.57913210 116.04318240
v 1.14208972 -231.32685850 115.42082210
v 70.10235596 -129.83464050 101.47012330
v 31.56260300 -103.30245970 109.77597050
v -31.08063796 -124.06138005 118.52094726
v 78.06105804 -145.39022830 102.98633580
v 45.86846924 -225.32775880 112.08445740
v 1.52291532 -101.10792658 118.52094726
v -17.87246132 -109.48257450 110.17704770
v 66.74303436 -215.53588870 102.84300230
v 85.06761932 -193.05467220 107.53025820
v 78.66082764 -136.77149960 104.06715390
v -31.13162804 -128.35321040 100.78030400
v 82.77584076 -195.66412350 109.24971010
v -21.97165108 -219.58044430 113.53581240
v -46.37199924 -162.76463062 118.52094726
v 31.49525452 -230.89807130 99.21419525
v 24.07920332 -252.23959082 118.52094726
v -14.05487156 -106.46138000 110.25344850
v 40.15716556 -104.93842923 97.95770874
v -11.08083252 -103.62277326 118.52094726
v 10.59130573 -238.74153140 116.94268800
v 79.67086029 -136.50256350 110.13883210
v -34.54527283 -208.19985960 114.79382320
v -24.72666931 -118.17085270 98.53062439
v 61.11894989 -116.66979980 117.84790800
v 86.40995789 -167.40635680 117.79887390
v 74.29301453 -209.84132390 102.38983150
v 83.82524109 -189.51876830 114.22114560
v 87.41072845 -187.80279540 106.67143250
v 6.35187149 -102.17229460 101.10499570
v 82.78587341 -198.82170100 104.46347810
v -36.14291763 -138.69186400 100.80487820
v 70.17221069 -121.52301790 102.99750520
v 75.61759949 -141.55751040 101.78355410
v 75.08807373 -208.26348880 99.63816071
v 81.00007629 -200.61724850 106.06692500
v 79.24438477 -140.78747560 118.46601870
v -38.39993907 -204.72138036 118.52094726
v 65.56703949 -213.60662840 113.47837830
v 14.77665997 -235.00305180 115.48963170
v 86.97769165 -172.29571530 116.68455510
v -45.00918579 -187.26936340 112.31613920
v 3.12113101 -229.27023525 97.95770874
v 77.18533325 -133.18087770 103.88220980
v 14.54277325 -233.92239380 114.68774410
v 56.33508301 -221.11801150 104.35374450
v 57.35746765 -219.12747190 112.75962070
v 85.73917389 -153.96063230 106.01519010
v 36.75036621 -230.34100340 115.82907870
v 88.85148621 -163.58654790 110.32984160
v 62.17703629 -113.91975400 104.35961910
v -39.72026419 -195.39670458 97.95770874
v 70.04600525 -123.27606200 110.61100770
v -40.02037811 -141.70614620 116.94171910
v -22.95872307 -114.20878600 114.99954990
v 74.97306061 -206.03981020 98.63064575
v 47.49119949 -107.11740110 118.12225340
v 47.49119949 -107.06578060 117.09089660
v 47.49119949 -106.73503110 110.78820800
v 0.97768909 -232.18522640 116.74970250
v -43.80961075 -195.37661284 118.52094726
v -30.70698547 -212.06808470 113.72681430
v -45.56530227 -157.84173875 118.52094726
v 88.14519501 -165.10945130 106.34913640
v 12.61759949 -236.31082150 116.13684080
v -45.89687347 -176.97497560 110.86940000
v 81.97306061 -155.61877440 100.47427370
v 32.16835022 -245.04266360 117.32005310
v 75.75769806 -142.34841920 100.85669710
v -12.75585842 -104.62417600 118.28346250
v 76.52844238 -200.73698430 98.71278381
v 50.52574158 -223.31723020 110.08744810
v 89.46398926 -178.86578370 108.19073490
v -43.17688370 -166.89669800 99.21890259
v 69.35630798 -129.64755250 98.40276337
v 46.55372238 -225.94061280 100.58931730
v -34.79742514 -136.51117367 97.95770874
v 61.61914062 -116.24818420 113.75003050
v 42.45183182 -105.31323240 101.92626190
v 41.55661774 -227.68893430 102.25094600
v 84.09540558 -179.82949830 103.02912140
v 6.52376270 -102.11888890 102.49923710
v 6.52376270 -101.77082820 111.62857060
v 70.71562958 -129.36108400 101.85495000
v -16.23883570 -109.17345249 97.95770874
v 12.13564110 -237.33084110 116.40905000
v 57.22507726 -221.66286461 97.95770874
v 31.69227982 -230.86239620 100.68482210
v 39.40390606 -104.24257177 118.52094726
v 4.89331150 -230.06643680 100.85669710
v 79.51261902 -194.99969480 99.34252930
v -29.15915826 -125.17273905 97.95770874
v 3.21433806 -102.28456880 100.70019530
v 31.32273102 -103.21407320 111.09378050
v 32.23106766 -237.21333310 115.95785520
v -31.12912178 -209.69898990 104.06767270
v 57.86614990 -218.27752690 115.98349000
v 77.24319694 -137.01018387 118.52094726
v 69.47325134 -128.46195980 101.28789520
v -23.83358002 -216.13394170 101.65631100
v -44.15430450 -174.66400150 101.90498350
v 63.10652110 -118.63788451 118.52094726
v -4.78025522 -230.97695004 118.52094726
v -33.83628082 -133.65014650 100.43653110
v 88.33855438 -179.32415770 111.85775760
v 75.96340942 -129.96647640 108.86001590
v 87.56394958 -164.19772340 106.02424620
v -46.12292914 -160.86510330 118.52094726
v -42.77009201 -154.10487370 108.46328740
v 33.16912079 -244.72021480 117.40416720
v 7.10218191 -235.22488400 117.02877810
v 88.34781647 -159.30836490 108.80191800
v -5.05604913 -103.44237871 97.95770874
v 78.80709839 -197.42224120 99.67411804
v 80.63033295 -198.25459290 110.70381160
v -25.84207153 -118.82859800 107.12032320
v -44.93663025 -162.95626830 110.97919460
v 66.43002319 -121.34680180 116.29609680
v 74.68822479 -129.66665650 103.12535100
v 74.68822479 -133.48646550 102.79827120
v 74.68822479 -133.02807620 102.82157140
v 79.35900879 -138.33761600 104.21655270
v -1.84008753 -227.51678470 98.58664703
v 51.15233231 -108.05809020 98.37422943
v 2.69829583 -234.30709840 117.67561340
v 71.86499023 -130.65982060 102.12407680
v 84.52458191 -187.72097780 114.25103000
v 22.28046799 -102.79405210 106.66281890
v -14.84501553 -106.59732060 114.03439330
v -39.62613297 -143.48756410 110.95272830
v 81.94642639 -188.19174190 100.85169980
v -26.06476593 -214.44805910 101.92626190
v 76.83334351 -204.84329220 108.38357540
v 70.89316559 -121.98957060 104.49002840
v 39.54600143 -104.31417850 116.05953980
v 39.54600143 -104.62881470 107.12120820
v 39.54600143 -104.54123690 110.48262790
v 39.54600143 -231.65551760 116.86837770
v 39.54600143 -242.27458190 118.10112760
v 39.54600143 -104.60425570 108.03794860
v 39.54600143 -104.38931270 113.38567350
v 39.54600143 -228.38629150 100.85669710
v -15.77095985 -107.00259400 116.57521060
v 43.30188751 -226.43763730 116.73443600
v 82.49177551 -155.94848630 98.98449707
v 33.50952911 -233.71736150 115.79698180
v 31.74071503 -231.84570310 114.91586300
v -36.35577393 -134.71054080 113.61373900
v 85.86692047 -192.05804440 105.13113400
v 77.86499023 -132.99475100 109.33714290
v 49.28606415 -107.52647400 111.28227230
v 6.09851599 -230.73123170 107.92535400
v 81.50489807 -138.51861570 107.27400210
v -33.05723953 -131.78393550 102.06425480
v 52.94372559 -220.55000310 118.27503970
v 54.82987471 -219.44804694 118.52094726
v 72.55738831 -206.64643860 115.67347720
v 79.25518799 -204.15817260 101.95506290
v -38.69058609 -140.80796810 111.41107180
v 87.22701263 -183.46511840 105.10285950
v 83.89123535 -196.86923220 104.21814730
v -29.48014641 -124.17108150 108.19737240
v 72.56858063 -128.56967160 115.97747040
v -17.58666801 -222.92687990 115.78865050
v -42.01324081 -158.95812990 99.28816223
v -4.60660017 -101.66392782 118.52094726
v -35.45110321 -206.64756770 111.85774230
v 80.05024719 -198.72640990 111.54634860
v -26.38742065 -118.96842960 111.40664670
v 65.06221008 -116.67944340 105.89869690
v 85.55273168 -162.23210437 118.52094726
v 10.42816208 -246.24157936 118.52094726
v -42.41482544 -198.27416990 118.12899020
v -37.52713776 -138.42512510 110.46775820
v 82.62068176 -156.85458370 103.63378140
v -30.89745712 -123.85194400 118.26344300
v 30.24370384 -103.21808620 108.14947510
v 67.43735504 -121.56249240 113.48932650
v -21.36523056 -218.15296940 104.28579710
v 16.43200208 -102.75714809 97.95770874
v 88.06877136 -167.14469910 113.22304530
v 74.68436432 -205.55152890 98.41405487
v 24.28586960 -102.47137450 115.61071780
v 57.39991760 -218.84588620 114.30165100
v -43.52617264 -176.26831050 98.57694244
v -32.29132080 -208.33415220 103.52976990
v -45.44763184 -170.49642940 109.47988130
v 66.44854736 -118.87174990 100.82624820
v 50.77236176 -107.39862060 102.76654050
v 45.08189392 -226.08732600 117.97325130
v -6.24457264 -227.62335210 111.66865540
v 38.65348816 -104.45109560 108.34581760
v 10.10997200 -102.33181760 99.53407288
v -27.16361776 -121.76969140 97.95770874
v 24.10061264 -234.38803100 114.88813020
v 0.04890832 -229.50947570 110.32962040
v -31.18750000 -210.53118900 108.79596710
v 17.90879440 -241.43957520 116.23224640
v 51.31578064 -224.32489010 98.10195923
v -1.73691952 -232.78771970 118.44270320
v 55.51336400 -219.07576526 118.52094726
v -41.23149872 -147.59584050 111.25611110
v -21.34458160 -114.00299840 98.02987671
v 78.93407440 -196.37359620 99.34931183
v 83.06221008 -192.17921450 102.46772000
v 42.88274384 -105.32142640 109.94786070
v 60.89007568 -115.06692500 111.13600160
v 54.35418320 -110.45231630 112.59985350
v 22.81042128 -232.07826284 97.95770874
v -31.77511215 -209.21331790 105.21050260
v 14.32031441 -102.34562680 105.19931030
v 45.03113937 -225.76654050 117.67209630
v 82.30998993 -154.19200130 104.22816470
v 25.60562897 -239.81808470 115.72448730
v -47.28022831 -179.73945812 118.52094726
v -39.61513519 -199.74316410 107.94662480
v 79.21543121 -203.97135930 101.46877290
v 1.40847313 -230.96583560 114.46208190
v -46.31679535 -168.75314330 114.71859740
v -27.20911407 -213.34465030 101.61568450
v -43.32046127 -154.30255130 111.12701420
v -38.96229935 -199.52839660 104.21965030
v 89.03673553 -173.82363890 111.82540890
v 32.86190033 -230.57485960 98.25753784
v 62.24630737 -113.60500340 101.75943760
v 80.81790161 -137.65905760 105.73465730
v 83.67201233 -162.21142580 101.46788020
v 35.73898449 -229.76350219 97.95770874
v 67.67664337 -126.55824280 100.56478880
v 71.80477905 -127.79165650 116.61373900
v -43.38124847 -151.46055600 115.82524870
v 84.73839569 -181.69244380 103.63140870
v 87.06298065 -161.60025020 113.69125370
v 68.51107025 -215.04232790 98.85989380
v 84.01165009 -160.72169490 98.64120483
v 86.55313873 -155.58090210 106.36593630
v -35.37854767 -132.84654240 113.36966710
v 85.02747345 -174.88342290 103.99954220
v 47.92558289 -225.04476930 105.13489530
v 36.05834961 -229.58543400 114.58194730
v 82.18455505 -193.78350830 113.16596220
v 82.92643537 -156.35814102 97.95770874
v -30.63761711 -126.66006470 105.40267940
v -37.16434479 -137.90672300 109.60137940
v -42.77159215 -165.57663931 97.95770874
v 21.96292305 -234.33357240 114.83283230
v 84.27062225 -178.40740970 100.39833070
v 85.34742737 -193.45614620 105.74605560
v -17.58995247 -109.35256960 108.43658450
v -35.70409775 -137.14363100 102.28833010
v -17.36909103 -222.79971310 114.75817870
v 89.74688721 -175.50434880 109.41308590
v 10.14826450 -102.41171442 97.95770874
v 71.66429138 -132.36326600 101.75209050
v 47.05159378 -224.18994140 116.13593290
v -44.61359406 -156.72689820 115.07388310
v 84.03750610 -152.07374570 116.82138060
v 32.87551954 -103.81765470 97.95770874
v -6.90023470 -102.60099790 115.37422180
v 87.42770386 -183.68362430 111.05056760
v -11.36846638 -104.87118530 110.58035280
v -35.70525742 -136.43670650 104.53945160
v -3.93930030 -227.32678220 103.96885680
v -43.40768814 -179.82839970 99.07401276
v 85.64383698 -180.47741700 117.66909030
v 88.73453522 -173.94613650 106.36593630
v 68.87386322 -128.90980530 100.25531010
v 29.17413330 -234.27879330 115.24719240
v 40.53152466 -227.51731870 115.06639860
v -46.21974062 -161.51964478 118.52094726
v 78.72334290 -138.37562560 115.87449650
v 43.07307474 -105.48607633 97.95770874
v 50.11624146 -108.26341250 115.10110470
v 85.65773010 -171.76943970 104.55967710
v -25.09612846 -117.42942810 110.48027800
v 84.66815186 -155.24748230 117.59709930
v 39.18420690 -104.19067668 118.52094726
v 78.96456146 -148.15921020 102.69776920
v 63.28181458 -122.54605100 98.41215515
v 54.52033234 -220.88525390 112.08489990
v 60.16757202 -219.70362850 101.33229830
v 80.54271698 -191.93106080 99.96749115
v 77.95800018 -199.43907170 116.53981780
v 4.38467026 -101.88243100 110.34893800
v 75.92442322 -134.53004460 118.11573790
v -47.18036270 -178.75119020 117.65071870
v 54.66062546 -109.94864650 98.70980072
v 84.96186066 -167.40635680 99.93996429
v -24.56714542 -215.09382499 97.95770874
v -27.02144814 -119.96331790 110.69349670
v 3.26737618 -102.15558620 104.83886720
v -22.07994926 -114.85123463 97.95770874
v -12.39171886 -223.78167720 106.65797420
v -43.79132462 -154.17474370 113.77119450
v -23.80348206 -219.43566890 118.25270080
v -40.28051758 -150.70564270 99.57846069
v -1.72631597 -232.52047730 118.26688390
v 87.36595154 -155.90585330 107.88858030
v -33.56959534 -132.54365540 103.01489260
v 85.83372498 -192.30499270 105.74605560
v 6.17474514 -241.34609954 118.52094726
v 44.31539154 -105.69348140 111.64765930
v 84.56240082 -193.44665530 103.60754390
v -5.85302830 -226.74568180 105.60773470
v 65.67625427 -214.85198970 108.34487920
v 34.37038803 -245.33897400 117.66242220
v -44.75118637 -166.35646060 107.75013730
v 46.63418579 -224.64651490 114.49165340
v 87.64923859 -186.52255250 106.34921260
v 75.81481171 -142.38693240 100.51695250
v 6.23655891 -233.40774540 116.16286470
v 76.55931091 -131.35684200 103.90502930
v 48.60890579 -223.13168330 117.66876980
v 52.88775635 -109.23033910 109.91783910
v 76.61180115 -142.65086360 98.69085693
v -44.84671021 -173.21246340 105.56398770
v 88.44892883 -160.23403930 107.86109920
v 68.88119507 -122.79428100 112.69216920
v 87.95413971 -182.19178770 105.74047090
v 58.79782867 -117.29048160 98.58946991
v -9.06076717 -225.86990360 108.53452300
v 27.02139091 -102.60278320 115.78657530
v 86.38717651 -152.73829650 107.27400210
v -43.25216301 -170.14187025 97.95770874
v -19.78109741 -219.21661380 104.46698760
v 84.62299347 -154.49540710 117.05270390
v -3.23584557 -103.05335240 98.25922394
v -3.23584557 -102.84347530 104.29455570
v -3.23584557 -102.96702580 100.32192990
v -3.23584557 -102.41481020 111.93415830
v -3.23584557 -102.75562290 106.20443730
v -25.30309677 -118.16552730 106.51002500
v 84.65386963 -194.55798340 103.91817470
v 71.70724051 -128.38384732 118.52094726
v 0.69833171 -229.43107600 108.80143740
v 20.31326675 -102.54147340 110.03379820
v -19.88781357 -220.18518070 109.64213560
v -16.80367661 -223.96150210 117.75532530
v 24.07378387 -102.65562440 112.47192380
v 86.50798035 -153.35369870 107.23061370
v 32.98212051 -230.73028560 113.98287960
v 71.53499603 -127.82751460 117.68830870
v 48.32542419 -224.20333860 111.85775760
v -17.13192749 -109.25555420 105.21434020
v -45.08040237 -184.56890870 110.24433900
v -41.36118317 -155.53085330 99.08190155
v 61.78007507 -113.60018920 100.91549680
v 58.56162771 -118.21625219 97.95770874
v -43.22166061 -151.99960330 114.07664490
v -43.93663788 -175.58074950 100.80938720
v 84.74070740 -188.83102420 112.64646150
v 86.00624084 -187.03936770 104.20967100
v 84.73877716 -192.59837340 103.68920140
v -38.85423660 -142.73135380 108.20983890
v -44.16396332 -167.75033570 103.79277800
v 4.48016596 -230.19027710 106.66281890
v 37.56471252 -103.90641780 115.52478030
v 84.24208340 -154.51124501 118.52094726
v -41.14138412 -151.02581790 104.12889860
v 88.40299988 -159.62301640 108.19073490
v 83.50025940 -186.53533940 102.73832700
v -38.46616364 -201.32624820 106.66281890
v 9.68445396 -233.08570860 114.72782140
v -20.78978348 -113.18467710 100.11599730
v 75.01666260 -139.55009460 102.06807710
v 55.42075348 -109.96561430 105.51412960
v -3.68943660 -231.61554571 118.52094726
v -10.11523628 -227.37890620 117.05036930
v 76.84259796 -142.66908260 102.67324070
v 72.94714068 -130.15416840 118.52094726
v 59.17934036 -114.09381870 113.46206670
v 89.20925140 -178.40740970 106.96839900
v 40.23356628 -104.63925170 111.66677090
v 6.40520916 -101.09351883 118.52094726
v 14.72304852 -231.73769219 97.95770874
v -10.90021420 -224.72845460 107.50467680
v -47.11147308 -176.09642030 116.87576290
v 47.01203156 -106.25201420 100.85861210
v 82.03711700 -153.50988770 104.20281980
v 85.15599060 -175.50434880 99.32879639
v 19.66390228 -232.10490420 99.57707977
v 82.59944916 -185.74143980 100.85669710
v 73.05216980 -209.12715150 107.77168270
v 25.45076180 -233.10789490 114.46054080
v 82.58308308 -155.44091903 97.95770874
v 87.49369812 -177.79623410 114.48353580
v 64.82021332 -117.88886260 100.41942600
v -25.36977196 -119.00008390 98.86640167
v 60.83237076 -112.51800540 101.77346800
v 41.63032532 -227.17333980 116.12066650
v 34.92403412 -236.16290280 116.25843050
v 12.19617748 -102.43193050 99.55798340
v 12.19617748 -231.53970340 105.13488770
v -39.97504044 -195.29972840 99.17316437
v 89.34780884 -165.50918580 107.90950010
v -29.60920108 -121.99760057 118.52094726
v 41.90435028 -240.81570430 118.51806640
v 83.68551636 -180.01171880 101.46788020
v -36.54091308 -206.88610394 118.52094726
v -17.02753067 -109.60299680 100.13094330
v -9.72156715 -226.27331540 112.18090820
v -21.34042923 -114.00439409 97.95770874
v 24.86312661 -103.18531528 97.95770874
v 40.72546005 -228.51551820 116.75364690
v 77.74610901 -199.00302120 99.32277679
v 56.34664917 -110.72301480 106.69311520
v 82.64035797 -186.06605530 101.45103450
v 73.01051349 -208.47802134 97.95770874
v -34.52025899 -135.86816287 97.95770874
v 27.62820053 -102.77461240 113.38568120
v 27.62820053 -236.20109560 115.36905670
v 27.62820053 -103.08850100 103.14859010
v 27.62820053 -103.05354310 104.37094120
v 27.62820053 -103.03623960 105.28769680
v -43.66840363 -172.39120480 99.38608551
v -38.43927851 -204.67196905 118.52094726
v -43.41277483 -175.34920761 97.95770874
v 1.00821973 -228.53720472 97.95770874
v -7.67202091 -103.27462010 111.72245790
v 55.49813461 -110.93650820 98.58891296
v 60.04174805 -216.92497250 115.98803710
v 39.05910229 -228.68967636 97.95770874
v 85.03788757 -185.39569090 115.18116760
v -39.37499435 -203.46107266 118.52094726
v -39.83636779 -150.17492593 97.95770874
v 73.19950037 -207.99934455 97.95770874
v -45.62903595 -179.15226750 110.03448490
v 71.41959381 -133.02694700 100.54360960
v 12.99032021 -234.90730290 115.66309360
v 66.55158997 -120.28427120 100.65155790
v -28.46249771 -123.32675170 101.90400700
v -17.12606507 -219.96614521 97.95770874
v -30.14543915 -124.84379580 109.72484590
v 58.03325653 -218.73066710 112.74330140
v -30.35771179 -123.55928800 116.22515870
v 85.91824341 -191.63409420 104.84870910
v 33.58709717 -230.19995120 112.46894070
v 33.58709717 -103.67633820 105.07760620
v 33.58709717 -103.35417180 113.08010100
v 33.58709717 -236.46847530 116.05827330
v 33.58709717 -241.66342160 116.80346680
v 88.74880981 -162.35168460 107.51025390
v 41.06220245 -239.25588990 118.02258300
v -46.16685867 -174.51120000 112.20153810
v -28.73295403 -121.94718930 112.69361880
v 63.53190613 -214.90306090 114.18470760
v -46.44860458 -182.87658690 115.98313900
v -41.55435562 -145.27088930 117.66206360
v 66.59249878 -216.17834470 100.13903810
v 83.63186646 -187.40353390 117.19483950
v -22.82481194 -216.41723630 98.40832520
v 65.54000854 -117.53330230 100.84051510
v 83.10890198 -142.36505130 106.64331820
v -21.45902634 -113.41260530 106.56731410
v 85.65039062 -188.33889770 103.93905640
v 55.49137878 -221.86038210 101.98898320
v 89.81326294 -171.07337950 108.19073490
v -44.11475754 -188.79727170 109.56587980
v -40.24156202 -202.18752562 118.52094726
v 74.89276886 -127.92084500 103.88768010
v 84.70288086 -169.08706670 101.46786500
v 17.31287766 -232.16526790 107.35083010
v -25.16425514 -216.91152950 111.38777920
v 83.69824982 -146.66296390 105.70626070
v -43.93702698 -187.35037230 107.22006230
v 70.28566742 -213.07119750 98.09376526
v 72.60369110 -209.77140810 98.09387207
v -44.45343018 -184.68441770 107.33509830
v 17.35291862 -232.04269410 105.89884950
v 60.12569046 -112.95139310 99.94145203
v -43.40480042 -192.41679380 111.26612850
v 84.75151062 -166.11129760 104.24510960
v 85.12900310 -166.23898509 97.95770874
v 80.38485718 -197.62536620 112.42471310
v 40.79587030 -242.64807930 118.52094726
v -26.88183594 -119.37234500 112.90820310
v -9.61244202 -104.89216610 101.10589600
v -33.31680298 -131.06518550 106.87334440
v 73.69824982 -137.29098510 101.47907260
v -28.91342890 -121.07656950 118.52094726
v -42.58619690 -185.12539670 98.11364746
v 75.73645782 -130.12939450 109.79641720
v -13.52815914 -106.86390690 102.65023800
v 54.23607254 -109.94306950 109.48547360
v -27.35231018 -212.73754880 98.83067322
v 84.77389526 -194.60299680 104.22363280
v 42.53267670 -229.13444520 117.62261200
v 34.32627158 -104.01025998 97.95770874
v -21.59362602 -220.66455080 116.95976260
v 67.52225494 -119.46482850 101.44960780
v -2.08876586 -230.38020320 115.98489380
v 73.51620054 -136.03110909 97.95770874
v 53.52051926 -222.41348270 104.96672820
v 61.48578262 -120.75104520 98.37748718
v 1.69271255 -230.63333130 113.11828610
v 78.89739990 -204.16635130 104.55488590
v 17.67760086 -102.17596440 114.14964290
v -1.51788330 -229.68681340 113.38613130
v -44.81815338 -167.51506040 107.46826170
v 84.60562134 -150.37063600 113.28959660
v 66.80670166 -213.79878230 109.26789860
v 51.61218262 -222.11523440 114.60801700
v 14.68855510 -101.53285555 118.52094726
v 71.98539734 -124.61521150 102.98126980
v 46.03383255 -106.03404240 101.54428860
v 84.32194519 -164.35050960 103.91255190
v 69.10581207 -120.27570340 102.73813630
v 37.09541847 -104.41210464 97.95770874
v 30.95143127 -103.34045410 105.21128850
v -30.84835625 -125.71990970 110.65509030
v 30.90752983 -239.60328670 116.12004090
v 22.66245079 -232.09945680 99.30015564
v -45.82201385 -186.67626950 115.98081210
v 61.17797591 -120.63139317 97.95770874
v 7.15403223 -102.28134920 98.87040710
v 67.07493591 -120.32046510 110.78526310
v -38.59661865 -199.42172240 101.57660680
v 89.27331543 -169.54545590 110.94099430
v 85.55093207 -172.92851032 97.95770874
v 79.24243927 -200.66983030 110.32984160
v 82.60446167 -145.48065190 105.20785520
v 26.64459991 -231.78471370 109.01200870
v 12.53995991 -102.48748780 98.90859985
v 12.53995991 -247.92790220 118.42963410
v 69.48288727 -129.83567810 100.55353550
v -44.84922409 -158.11868290 114.88696290
v 89.09654999 -179.76478580 109.57345580
v 34.77182167 -230.04117379 97.95770874
v -34.27492905 -208.86148070 116.48016360
v -22.06622505 -218.15739440 106.82495120
v 71.81017303 -210.91900630 98.04500580
v 77.25556183 -131.49603270 104.48250580
v -39.92409897 -197.66824340 104.33229060
v 37.96281815 -231.65979000 116.47361760
v 70.54077911 -213.37088010 99.88660431
v 40.42306519 -227.62394710 115.51895900
v -44.00630569 -167.55914310 102.99579620
v -11.20290089 -227.32389830 118.24782560
v 61.54927063 -113.01143650 102.39816280
v 6.18119383 -231.89765930 113.95726780
v -38.98488617 -198.77142330 101.94242860
v 69.06104279 -214.62747190 99.32175446
v 9.27517911 -101.19734445 118.52094726
v 83.99736023 -164.35050960 102.07906340
v -7.48301097 -229.46590032 118.52094726
v 60.28450775 -216.23098750 118.41021730
v 62.75980759 -121.59506990 99.03679657
v 29.76636887 -235.50553890 115.49374390
v 84.80940247 -190.17184450 111.09930420
v 85.05911255 -180.07339480 103.92584230
v 84.05448151 -178.25460820 102.69022370
v 74.50720215 -126.95849610 106.65164950
v 84.29376984 -188.67459110 113.91578670
v 4.43360472 -232.79747010 116.14364620
v 88.42653656 -164.11352540 106.67734530
v 68.85880280 -128.61846920 100.57319640
v 78.75998424 -196.99185872 118.52094726
v -45.33046568 -156.78934784 118.52094726
v 84.56779480 -170.15661620 102.38464360
v 74.05713368 -203.71318931 118.52094726
v 86.11314392 -184.21351620 113.38565060
v 89.72024536 -174.89318850 109.71868130
v 82.24591064 -156.89921570 101.46788020
v -18.05169448 -223.44374243 118.52094726
v 70.40685272 -121.42272950 104.49254610
v 5.87879896 -230.36764530 102.69022370
v 87.45278168 -179.16693120 113.89341740
v -11.14022696 -227.48064798 118.52094726
v -31.85221672 -210.88546750 113.93565370
v 64.48635864 -122.49977870 99.95247650
v 87.21426392 -160.90773010 112.92182920
v -6.44716072 -102.38431550 116.17139430
v -7.16606760 -103.68470760 104.44570920
v 46.99813080 -225.67517090 101.46788020
v -46.68751144 -167.55496220 117.32971190
v 80.53228760 -137.59475710 109.41137700
v -27.73710632 -120.71374510 111.97623440
v 83.38639832 -153.80783080 104.81286620
v 51.92518616 -221.87762450 115.00468440
v -15.02638888 -221.14013929 97.95770874
v 64.45895640 -119.93106138 118.52094726
v -20.57529640 -218.31750490 101.61679840
v 50.62761688 -223.91674800 104.37154390
v -32.37894440 -207.22087100 98.04914093
v -5.52941608 -102.95540620 109.57537840
v 42.44622040 -227.53088380 99.12387085
v 81.09346008 -152.27073670 103.62941740
v 50.93444824 -221.77124020 117.79541780
v -39.21881896 -203.66725243 118.52094726
v -7.28901672 -227.11767580 111.13381960
v 10.05708504 -242.80935670 117.85199740
v 10.05708504 -245.33042910 118.43858340
v 10.05708504 -102.17720030 102.23185730
v 10.05708504 -102.06083680 106.66281890
v 10.05708504 -102.11380000 104.63833620
v 10.05708504 -102.15242000 102.99579620
v -45.42371368 -179.93533330 109.31398770
v 43.80027608 -236.21073165 118.52094726
v 86.04019928 -151.21037290 107.57958220
v -18.31342888 -221.66455080 112.03985600
v 4.84507608 -231.05827330 111.42326350
v -23.49135399 -217.76397710 109.60408020
v -2.62467623 -102.68775940 105.40228270
v 1.18299353 -102.32827760 104.46856690
v -28.31082535 -214.71376040 113.92424010
v -25.24897575 -214.81207280 99.75531006
v -34.11534119 -132.85319520 105.76515200
v 63.91079641 -123.29609899 97.95770874
v -36.65876007 -138.51284790 104.86874390
v -29.82529831 -124.11903380 110.47970580
v -47.21723175 -176.99407960 117.50358580
v 46.88002777 -106.40834810 107.42678830
v -46.91833383 -167.41162696 118.52094726
v 5.16773081 -236.73587040 117.81445310
v 31.53682137 -239.07806400 116.12065120
v 87.38137817 -180.85208130 105.22106930
v 77.06798553 -199.57730100 98.72762299
v -37.25563431 -205.80982970 117.47186280
v 31.96548313 -250.51980244 118.52094726
v 35.87732697 -103.53302000 117.93341830
v 85.34587097 -173.21166990 104.32622530
v 86.38330841 -190.93637080 106.66281890
v 68.12896729 -127.90285490 99.95982361
v 14.78923225 -232.22050480 108.80073550
v 13.03817177 -101.41754150 118.47343440
v 85.13629913 -181.61602780 103.88388820
v 24.63871193 -233.08557130 114.32120510
v 83.37404633 -189.39430240 115.66565700
v 31.28604889 -244.24911500 117.04790500
v 81.31885529 -201.17784120 103.93987270
v 79.75189209 -196.04733280 117.00813290
v -46.58774567 -168.13269040 116.46917720
v 38.38427353 -104.42449950 107.35039520
v 84.38137817 -191.28515620 110.87669370
v 56.81171417 -111.71382140 110.21070100
v 75.64807129 -140.40304570 102.39109040
v 68.40569305 -127.38157650 100.84029390
v 79.23160793 -140.79063937 118.52094726
v 88.03440857 -158.08602910 108.19073490
v 82.12896729 -192.48176570 115.13977050
v 20.35146713 -232.09136960 98.08733368
v -5.84126759 -103.58299260 99.67227936
v 30.28153817 -102.74738444 118.52094726
v -23.92651558 -217.23432920 108.51264950
v -10.20522022 -104.72377010 106.34551240
v 83.89006042 -179.11227420 102.37928770
v 87.51684570 -185.77624510 109.26365660
v 84.44583130 -147.08816530 106.38980870
v 89.85648346 -170.57679750 108.80191800
v -36.65879334 -141.17586863 97.95770874
v 24.33361626 -102.78486630 109.05975340
v 27.23818970 -231.66156010 103.53057860
v 6.41871834 -102.07960510 104.24679570
v -1.01369894 -101.95678710 113.64115910
v 83.68898010 -180.66110230 100.39833070
v 11.44013786 -245.32839970 118.12390900
v 73.39527130 -210.23120120 99.38848877
v 13.05563354 -102.18082430 108.41992190
v 67.73297882 -215.34906010 100.62751770
v 1.32797146 -228.65727613 97.95770874
v 1.66090202 -232.80014040 117.05841060
v 1.42431963 -102.53087620 97.97274780
v -38.09778214 -142.23667910 104.61923980
v 28.31576538 -234.36399840 115.18087010
v 28.31576538 -103.01412960 108.34352110
v 62.35320282 -121.12907410 99.03849792
v 83.22969818 -198.10704040 103.98461150
v -40.35019302 -143.38082890 115.20391850
v 86.06875610 -178.44105530 117.82740020
v -7.51403046 -103.04795070 113.23288730
v -7.51403046 -103.73889920 105.13489530
v 59.25208282 -220.39715580 100.03743740
v 79.62722778 -150.15414430 102.07906340
v 75.75536346 -128.48303220 105.11020660
v 43.57589722 -105.51039890 102.69022370
v 80.95567322 -201.17247010 105.15838620
v 81.70017242 -143.87284850 115.03279880
v 49.00623322 -223.33221440 115.06539920
v -40.96945190 -200.38500980 116.74379730
v -18.62756134 -111.21353607 97.95770874
v 67.79280090 -127.55534360 98.39644623
v 85.61140442 -159.59912110 105.40290070
v 87.68627930 -186.81097410 107.27400210
v 85.61796570 -179.83340450 118.19715880
v -29.49994278 -125.39064030 100.20508580
v 41.79865050 -227.83705412 97.95770874
v -13.57008934 -105.20816040 117.75936130
v 77.12780762 -131.01350400 107.66409300
v 70.41103066 -212.78824176 97.95770874
v -44.03120422 -192.03857420 113.84062190
v 86.93791962 -189.49218750 106.66466520
v -44.40998182 -193.76268783 118.52094726
v 0.27837658 -101.49140930 116.59431460
v 76.90048218 -204.11946110 99.35559845
v 4.48189402 -231.39855960 113.23445130
v 71.19689178 -123.28742980 102.96044160
v 30.70876122 -231.88739010 114.60736080
v -34.72630310 -133.51257320 107.41146090
v 79.24282074 -140.17869570 117.31516270
v 64.02012634 -120.56381230 100.14785770
v 18.36516571 -232.36154170 108.58226780
v 7.66970587 -101.64418790 113.51937870
v 85.64575195 -181.30639650 117.05110930
v 51.78527451 -108.00395970 104.64839940
v 21.26124763 -233.00807190 113.42745210
v 19.67332571 -102.93578176 97.95770874
v -33.04645157 -127.50697330 117.20602420
v 41.44833755 -227.93367000 98.06813049
v 80.79550171 -201.33885190 101.76775360
v 83.87963867 -150.47175600 115.72217560
v -44.63579941 -172.60130310 104.52373500
v 38.25285339 -228.57833860 111.25130460
v 84.44197083 -159.00778200 104.84379580
v 64.33621979 -217.80342100 98.41201782
v 5.20376539 -229.94349670 98.26793671
v -0.41658917 -228.75383000 105.58916470
v 60.24552155 -112.84597780 105.23115540
v -7.70350885 -226.75106810 110.01911160
v 53.28759003 -222.16900630 107.69160460
v 83.41842651 -188.79727170 116.28872680
v 61.51105499 -115.17784120 99.73884583
v 54.43251419 -109.16077420 99.33464050
v 42.45123291 -227.06567380 109.46251680
v 14.78324699 -249.65925600 118.46348570
v 5.50073051 -232.51632690 115.49425510
v 78.82830811 -143.72021480 103.65877530
v 81.64112091 -188.92797850 100.24552920
v 21.97386971 -232.10263612 97.95770874
v 81.41109467 -144.64030460 104.64364620
v 81.41109467 -143.26516720 104.75287630
v 81.41109467 -149.75885010 104.38325500
v 81.41109467 -197.43005370 101.27226260
v 81.41109467 -141.58445740 104.96179960
v 42.84316635 -105.35264590 107.38858030
v 83.20615387 -186.12448120 102.43268590
v 45.07338715 -226.09262080 107.74045560
v -4.22606373 -229.13825990 114.83365630
v 71.33892059 -130.84620670 101.95786290
v -41.44591141 -150.39924620 107.20133970
v -46.95092773 -178.03497310 116.38204960
v 17.03778267 -102.43517300 108.41037750
v 69.03865051 -122.55850220 111.58705140
v 87.38021851 -173.05966190 105.51263430
v -39.07996709 -197.02541472 97.95770874
v 79.38291931 -195.33174130 98.41232300
v 10.57275867 -231.18611150 98.00140381
v -43.80966949 -186.60635380 105.89368440
v 85.85069275 -158.04782100 105.64949040
v 77.87693787 -205.64173890 100.87208560
v 53.77215195 -108.57533260 99.93277740
v 89.18453979 -180.08811950 107.57958220
v 80.98731995 -196.37886050 112.64965820
v 36.87307739 -237.58538820 116.79010770
v 44.97005275 -226.79976944 97.95770874
v 21.01993179 -240.20404050 115.76908870
v 80.11505883 -142.70367753 118.52094726
v 12.22960091 -101.83810420 113.57189940
v 7.91799259 -230.77183530 99.93996429
v 7.91799259 -101.50477600 115.52478030
v 2.57026267 -101.77751160 112.46896360
v 62.65694427 -113.84623720 102.37366490
v 82.81518555 -157.78044130 99.93996429
v 89.26327515 -166.71878050 110.32984160
v 72.25015259 -210.30226140 98.07443237
v -31.94355749 -125.34985537 118.52094726
v 85.35474396 -168.93428040 98.41204071
v 83.54926300 -158.68252560 104.20674900
v 84.59326172 -166.94798280 103.91255190
v -43.67902756 -160.88185120 106.04599000
v 60.73162460 -114.18786620 99.66211700
v 55.83544540 -110.48479460 98.99118805
v 4.09084892 -230.61154170 109.97563170
v 85.38368988 -167.55915830 104.71136470
v 36.14980316 -103.89471440 110.86523440
v -16.86225700 -221.34829710 106.66281890
v 81.27137756 -153.03012080 99.11190796
v 23.35001564 -232.06039430 98.56481934
v 23.35001564 -232.07702640 99.78717041
v -46.83707428 -179.93533330 116.28872680
v 61.94679260 -118.65772250 99.56061554
v -27.67236900 -120.82836910 110.96392820
v 48.29762268 -223.64248660 115.34842680
v -2.31909156 -102.70982360 103.75975800
v -2.31909156 -102.77318570 101.77345280
v 69.95335388 -213.58914180 101.46948240
v -38.82395172 -145.32786560 101.84986110
v 73.05717468 -210.99575810 102.07906340
v -27.38459940 -119.09498935 118.52094726
v 44.61391068 -105.76045990 98.58721161
v 45.25092316 -225.59805300 112.20155330
v 76.41919708 -134.32550050 103.38862610
v -18.83996964 -110.38915250 110.32984160
v -36.36100388 -133.47378540 117.20548250
v -45.75293732 -171.43405150 110.78617860
v 58.55022812 -220.60572810 100.85669710
v 84.73645020 -195.11209110 105.13200380
v 83.93560028 -194.67013550 102.97903440
v 8.62230492 -233.44538880 115.52283480
v 86.55775452 -169.92742920 117.70643620
v -41.85019684 -151.00776670 108.43530270
v 21.63060188 -232.85592650 113.00476070
v -38.50129700 -138.88662720 115.05848690
v -24.01651492 -215.51554096 97.95770874
v 23.67469788 -102.89329530 103.16768650
v 79.87577820 -141.27120970 104.22194670
v -0.78593060 -102.71645520 97.95770874
v 14.78411484 -102.64511110 97.96047211
v -39.16575012 -138.96368907 118.52094726
v 65.95991516 -125.40953060 98.41201782
v -45.41522980 -163.30357360 113.22752380
v 79.87191772 -195.61270140 100.24874880
v 80.40800476 -139.75094600 104.63173680
v -22.08308260 -112.70861944 118.52094726
v 73.47168732 -136.70108030 101.47311400
v 76.82058716 -131.05885310 108.66363530
v 85.85146332 -150.59919740 108.80191800
v 56.20036316 -109.65894320 100.85669710
v 50.26018524 -223.04119870 113.06804660
v 78.13397980 -204.88671880 100.57985690
v -7.52484131 -103.55520630 107.89447780
v -20.32860963 -112.92684460 97.95770874
v 40.44621277 -104.57022090 114.56981660
v -26.24975395 -214.48190310 103.14859010
v 73.46589661 -129.81945800 102.56435390
v 73.46589661 -131.80574040 102.52787020
v -0.27650595 -230.01039120 112.96484380
v -20.31806755 -218.00369260 98.00846863
v 42.63976669 -105.31445310 106.07424930
v 58.00468445 -111.50505070 105.60412600
v -32.63618851 -129.90536500 106.61585240
v 67.30032349 -212.28379820 113.38567350
v -40.97100067 -149.73600770 105.51333620
v -25.71945763 -216.59057620 111.93415830
v 53.89893341 -110.57237240 116.07611080
v 80.72216797 -195.98666380 100.82099910
v -43.36958755 -177.12684290 97.95770874
v 89.73799133 -169.31625370 109.41307830
v 80.49021149 -151.58927920 102.99863430
v -39.29384995 -139.42562870 118.13528440
v 37.43308765 -229.21724367 97.95770874
v -45.06362915 -176.87948610 106.66281890
v 82.02706909 -151.37710570 104.51956940
v 10.57251549 -231.33639530 102.38533020
v -41.07771683 -152.75326540 100.73683930
v -45.70257187 -166.09976200 112.92341610
v -46.33302307 -176.26831050 112.99507140
v 13.07473373 -231.72409060 106.35723110
v -14.71381283 -106.64833070 112.64082340
v 28.33486557 -235.62811280 115.36324310
v 72.93020125 -134.91161883 97.95770874
v -35.94475555 -203.70062260 101.65666200
v 84.18144989 -159.91276550 104.50821690
v -6.33490467 -225.98399350 101.17369840
v 12.86780637 -231.53264965 97.95770874
v 25.68009949 -102.97384640 103.30139160
v -38.37412643 -200.48516850 103.83290100
v 22.53507805 -232.89108280 113.47890470
v -4.07909155 -226.97030640 101.36898800
v 70.92555229 -207.17333155 118.52094726
v -22.31710243 -115.02037050 99.21592712
v 47.50496733 -107.13963870 118.52094726
v 41.94293213 -105.03632350 111.82911680
v 67.47708893 -213.51547240 108.48137660
v 56.40874973 -222.04746316 97.95770874
v 25.66321373 -233.35659790 114.62989810
v -0.72024099 -227.86522128 97.95770874
v 86.25979614 -189.27639770 104.56208040
v 21.03903198 -232.11315920 103.46372990
v 21.03903198 -237.88711550 115.44226840
v 60.76500702 -115.13513180 111.85776520
v -43.02368546 -184.93304440 100.35626220
v 84.76037598 -170.90464780 103.58282470
v 72.30460894 -129.22876565 118.52094726
v 86.57048798 -176.87948610 104.84733580
v 8.51515102 -231.99423220 112.46077730
v 54.21406174 -111.48437500 97.98852539
v 54.21406174 -220.19996640 117.05269620
v 54.21406174 -108.86913300 102.99579620
v 55.85377502 -220.96536250 106.87950900
v 13.07848670 -101.41375236 118.52094726
v 73.17565918 -135.40859990 101.75347140
v -33.77909282 -134.23008800 97.95770874
v 33.48905182 -230.37136840 103.75978090
v 44.04559326 -226.48062130 108.43902590
v -2.42401314 -228.14404300 106.08985140
v 71.91282654 -207.10684200 116.20901490
v 69.60792542 -130.11676030 98.79402161
v 69.85107422 -124.03585820 113.07568360
v 52.83139038 -222.15882870 109.49218750
v 51.03440094 -222.22592160 115.52478030
v -42.27706146 -160.62078860 99.24603271
v -35.56420898 -133.35119630 112.93922420
v 78.68077534 -196.83539536 97.95770874
v 69.84325342 -125.90536183 118.52094726
v 85.06334686 -151.67552190 105.86631770
v -26.31179810 -215.19436650 107.39273830
v -43.71029282 -180.69929500 101.17184450
v 22.60820958 -252.23520726 118.52094726
v -33.78420258 -132.48437500 104.87734990
v 47.20584414 -107.00092610 118.52094726
v 73.73220062 -137.59017940 100.24552920
v 86.66311646 -179.52198790 115.52153020
v 74.24667358 -126.28279110 105.41532900
v 51.56532702 -108.67550104 97.95770874
v -9.71868706 -224.49937440 102.09578700
v 85.08766174 -191.60658260 103.71252440
v 8.26177502 -102.07366940 104.19904330
v 88.74262238 -171.83264160 112.46270750
v -7.65556002 -103.70187380 106.66802980
v 62.05311966 -121.37236020 98.10643005
v -44.27899170 -164.19772340 106.66281890
v -41.03101730 -152.16775510 101.42155460
v 73.29916382 -125.10083770 105.74745180
v 80.01857758 -139.45794680 113.75914000
v 10.77258718 -101.26131560 118.52094726
v -22.75623714 -220.25341652 118.52094726
v 59.40954590 -114.00370030 99.19550323
v 88.04945374 -183.60234070 109.71868130
v 61.84817886 -119.99439240 99.32679749
v 73.10464478 -205.39123540 117.28344730
v -43.43800354 -169.41175840 99.17341614
v 74.39835358 -138.52879330 101.76707460
v 12.71917534 -231.62042240 100.70416260
v -4.91655970 -103.12249760 104.06534580
v 84.18492126 -150.74844360 105.42913820
v -10.64304161 -104.72346500 108.55211640
v -44.85348129 -180.82849120 106.96166990
v 70.50757599 -131.65295410 99.93996429
v 81.83023071 -196.84133910 109.75796510
v 73.58515167 -209.69807430 104.97753140
v 44.22698975 -226.61221310 105.13489530
v 57.10155487 -221.54348750 99.32879639
v -14.03118369 -105.43184780 118.52094726
v -35.44572449 -132.13421630 115.86855320
v 51.55987167 -221.74851990 116.40737920
v 33.77148639 -103.20677333 118.52094726
v -40.86941985 -154.10733844 97.95770874
v 79.34393311 -195.37301640 99.01869965
v 87.32231903 -168.85569760 115.48406220
v 26.02388191 -102.90055850 107.42678830
v 26.02388191 -102.62754820 114.58891300
v 45.28295135 -225.22113040 115.42929080
v 68.27561951 -127.06474300 100.85502620
v 71.35319519 -132.83073430 100.85669710
v -41.02465057 -144.47866820 116.48558810
v -29.69543457 -210.54147340 99.95617676
v 55.37094879 -109.22238920 100.87992100
v 56.40838623 -218.69860840 118.12903590
v 81.96878815 -154.15277100 98.33513641
v 68.04829407 -125.54427340 101.10218050
v 73.93015007 -205.44291956 97.95770874
v -24.31093025 -216.65588380 106.97388460
v 80.65153503 -199.54391480 108.53688050
v 63.66002655 -114.67311860 102.98267360
v -45.64680481 -162.20193480 115.13887020
v 86.88928223 -173.44165040 116.93135070
v 29.00333023 -231.34371950 106.81561280
v 86.88735199 -177.79623410 115.99631500
v -30.26413345 -213.46887210 117.50733180
v -43.28285217 -195.55892940 116.26905060
v 48.46820831 -223.32087710 118.27156830
v 71.46479583 -128.05193546 118.52094726
v -44.19311905 -170.80598450 102.57900240
v -1.66090273 -101.32920296 118.52094726
v 42.95470047 -227.33045960 117.35623930
v -43.51480865 -171.83734130 98.71059418
v -37.45402145 -204.98240660 114.75133510
v -36.30909729 -138.66569520 101.96302800
v 28.73866463 -231.37234500 108.80191040
v 82.30649567 -196.81655880 101.82961270
v -41.83572769 -192.40927120 103.79991910
v 63.71328735 -214.18099980 116.59529110
v 6.23625183 -240.16561890 118.24536130
v 72.26905823 -211.21054080 103.76917270
v 30.36207327 -103.56631558 97.95770874
v 23.69379807 -232.09466550 107.96154790
v 23.69379807 -232.27584840 110.00516510
v 85.65153503 -151.97296140 106.35676570
v -22.45402145 -114.80207820 103.68831630
v -40.88339233 -150.41491700 103.72100070
v 5.77890015 -238.76036070 118.06945800
v 5.77890015 -101.71110530 112.53324890
v 5.77890015 -230.54446410 107.12118530
v 76.40182495 -204.75210570 109.66356660
v -43.33373729 -171.31664460 97.95770874
v 76.69283295 -206.29884340 99.93496704
v 2.72955871 -230.76367190 112.48457340
v 39.42054367 -228.00656130 113.38567350
v 13.41851616 -236.35388180 116.02156070
v 8.60555744 -102.15567020 101.50608060
v 58.82907104 -111.39485170 100.56015780
v 64.27445984 -121.95694730 100.01377110
v 20.51017952 -249.41688540 117.83391570
v 16.27918816 -233.10429380 113.08154300
v 45.33982944 -105.99741953 97.95770874
v 89.55041504 -166.64239500 109.10748290
v 41.21174240 -227.19819640 114.98999020
v -39.87528992 -199.33380130 108.19490050
v 24.34740448 -102.33437350 117.29662320
v 71.53729248 -133.23538210 100.24552920
v -35.16645408 -208.37880640 118.52094726
v 15.93262304 -101.63972510 118.52094726
v -46.12403488 -178.82795720 112.47152710
v 16.39796448 -249.03564450 118.09432220
v 16.39796448 -231.98724370 105.95614620
v -45.98837280 -161.14183040 117.66237640
v 73.10039520 -129.11087040 115.44199370
v -38.78266144 -146.43699650 99.21310425
v -42.01095200 -149.69313050 111.58832550
v -33.62364960 -208.03024290 109.56588750
v 25.04616928 -102.90844730 105.23039250
v 33.66349792 -246.47637940 117.79080200
v -32.32994080 -129.67700200 105.32743840
v 77.27445984 -202.39578250 99.43650818
v -42.71145248 -185.43338010 99.10217285
v -45.67498016 -183.60234070 112.40663150
v -25.37847328 -118.78337860 101.08589170
v -18.85763616 -109.44971998 118.52094726
v -4.80211744 -101.68730851 118.52094726
v 62.33428192 -120.27233890 99.49844360
v 25.34643936 -231.90298460 103.68338780
v -29.42527008 -121.81858830 118.15393070
v 59.66176224 -111.82198330 102.99579620
v 81.70479584 -190.44474790 101.49073790
v -39.19601440 -201.01829530 109.60791020
v 83.39958240 -151.36470256 118.52094726
v -46.93251360 -182.78350071 118.52094726
v 78.33235168 -133.90026860 109.65467830
v -46.59432736 -164.62312480 118.52094726
v -19.58235168 -222.41271970 118.31581880
v 26.78700256 -102.91096500 108.17896270
v 86.10888672 -165.47735600 105.22454830
v 18.72804832 -246.75961300 117.31004330
v 18.72804832 -102.68519590 102.25094600
v 50.28565216 -107.88372800 110.04335020
v 1.69335008 -235.47265620 118.45182800
v 15.07714272 -239.97547910 116.36331180
v -8.20648479 -102.87459560 115.89720150
v 80.19109344 -137.03364560 105.14548490
v -18.23479072 -110.85615093 97.95770874
v -11.24865056 -223.14023893 97.95770874
v 84.33235168 -179.79397580 103.33487700
v 87.17990112 -164.77850340 114.74807740
v -45.83785248 -170.19480900 111.59036250
v 69.86727905 -124.01334380 102.04747770
v 86.38368225 -176.87948610 117.66387940
v -19.10174751 -111.20208740 102.94144440
v 69.89352417 -210.78376770 111.14953610
v 74.80282593 -135.70195010 102.53863530
v 85.12934113 -177.87528990 98.54992676
v 59.31999969 -112.65615080 106.65991970
v -45.03623199 -164.60092160 110.33197020
v -22.30572319 -113.19767760 116.78655240
v 78.71019745 -148.11897280 102.07906340
v -23.10454559 -115.44985200 105.28588100
v 64.27986145 -123.20950320 99.34207916
v -18.72669983 -221.67921450 113.27206420
v 86.29671137 -173.49539731 118.52094726
v 32.94581985 -231.30812070 114.89016720
v 31.54925537 -230.89787290 98.10643005
v 68.40606689 -121.12646480 109.53350830
v 73.59325409 -129.00900270 113.56399540
v 84.15635681 -177.36856080 101.45352940
v 52.41465313 -109.28599325 97.95770874
v -1.89043999 -102.32296750 111.11566930
v 24.03758049 -102.95884700 101.54428860
v 37.77658081 -238.67982480 117.11213680
v -45.07926559 -191.23686220 118.02217860
v -9.04757023 -226.59947200 112.25395970
v 74.64651489 -126.82538600 105.13489530
v -28.89314079 -123.50244140 106.35723110
v 84.19842529 -180.28468320 99.33320618
v -47.12912159 -181.21616441 118.52094726
v -14.31981087 -107.44311520 101.88805390
v -39.25622559 -196.71611020 98.21643066
v 65.95527649 -118.50643920 108.73408510
v 86.33042145 -160.29916380 115.25933840
v -47.08119583 -171.60813900 117.20549770
v 87.38098145 -170.42401120 105.61075590
v 43.78121185 -226.57043460 117.36138150
v 84.79692001 -157.01647950 118.52094726
v 81.44543457 -191.61553960 101.45259860
v 85.05253601 -152.28709410 105.76186370
v -20.87065887 -113.01846310 103.22499080
v 86.06443745 -177.06763314 118.52094726
v -21.61448479 -113.85707090 103.12948610
v 76.03285217 -203.61119080 113.21302800
v 89.45855713 -172.35301210 107.27400210
v 82.24435425 -156.33406070 100.39142610
v 73.99927521 -127.98121640 103.06684880
v 35.96416225 -248.00313859 118.52094726
v -42.01384735 -147.03610230 116.57341000
v 72.08891617 -210.34867061 97.95770874
v 4.25067234 -235.24638370 117.69967650
v -39.82226206 -195.12366070 97.95770874
v 14.71156962 -249.86956865 118.52094726
v 86.89622498 -154.18794250 108.20777130
v 10.14505698 -101.22286854 118.52094726
v -11.40317726 -225.30111690 111.49694820
v 83.53227234 -180.69619750 101.46356200
v 76.63201250 -142.08862633 97.95770874
v -31.55939102 -212.07673650 117.70994570
v -41.74368286 -147.54165650 114.15818020
v -24.92517662 -117.60372920 107.03193660
v 38.54713058 -228.50312810 114.99619290
v 55.85126114 -220.67285160 108.74409480
v 69.12625122 -214.55227660 98.79573059
v 68.04295394 -123.72749964 118.52094726
v -27.33288222 -216.65605620 118.52094726
v 44.64072418 -226.40081790 106.00841520
v 24.90915298 -102.62665560 113.57817080
v -44.29096222 -163.23390200 107.35900120
v 80.75959778 -191.40133670 99.32879639
v 78.43771362 -197.23544310 99.01517487
v 87.19726562 -180.94274900 113.37867740
v 71.50139618 -209.44366460 110.86820980
v 66.20217570 -121.69963048 118.52094726
v 11.30398178 -233.65336610 114.94310760
v -41.39285278 -151.22923280 105.30541990
v 70.97650146 -207.33995060 117.97985840
v 13.76229858 -102.51652530 99.59617615
v -38.42139422 -204.69453168 118.52094726
v -32.61554718 -210.04013060 113.82759860
v 65.59016418 -120.78473660 117.41879270
v 84.44620514 -146.07589720 108.80194090
v 14.63792610 -233.39985660 113.98439790
v 29.02243042 -103.01741030 110.06245420
v 9.99407842 -245.69242000 118.52094726
v 79.28333282 -201.96914670 100.54821010
v 74.64535522 -139.64614870 101.46596530
v 63.85878754 -116.20739750 107.35495760
v 78.28526306 -200.87763980 112.60963440
v 84.73991394 -182.83837890 103.62789920
v -31.09361182 -208.68205306 97.95770874
v 41.33022690 -227.65112300 105.63146210
v 86.28662498 -174.22618720 118.52094726
v 85.27214050 -193.63873290 105.11011510
v 66.97843170 -216.12081910 98.71762085
v 29.16156387 -102.93459320 112.00201420
v 32.77522659 -235.11151120 115.83041380
v 83.47322083 -192.96713260 111.05062100
v 80.60405731 -136.67216490 107.27400210
v 82.95025635 -197.38958740 106.68795010
v 0.58396131 -102.48173520 100.85669710
v 85.82863843 -178.41817527 118.52094726
v -0.23060509 -228.06143048 97.95770874
v -32.29212189 -209.71771240 110.75000760
v 67.26364899 -124.31748200 100.88349910
v 80.92594147 -191.54754640 98.41200256
v 66.47592163 -117.43623350 104.52374270
v 63.14014435 -216.26487730 109.57795720
v 27.71138531 -251.74346927 118.52094726
v -46.28922653 -167.39413450 115.28793330
v -42.93376541 -165.09408570 99.14753723
v 75.00351715 -140.10398860 101.77646640
v 80.91551971 -152.73829650 99.93996429
v -43.19196701 -185.31304930 101.66287990
v -38.94785309 -203.54525760 116.74118800
v 82.24396515 -146.59542850 116.89694980
v -43.06479645 -191.98553470 108.91412350
v 40.11023331 -228.20275880 101.62068180
v 89.20652771 -179.47694400 107.27400210
v 44.75477219 -227.45928960 118.25245670
v -29.64758301 -213.95108030 116.70996090
v -30.01327133 -212.38446040 111.70080570
v 84.84643555 -149.26127620 106.16644290
v 77.12895203 -199.26080320 98.41377258
v -44.33612061 -174.06237790 102.84300230
v 83.31884003 -144.28260800 110.58842470
v -16.10319901 -220.85224910 100.23081970
v 78.66120931 -197.17335073 118.52094726
v -47.41232669 -176.85693054 118.52094726
v -38.62326813 -141.73941040 109.02531430
v 73.99117539 -205.11790988 97.95770874
v 67.32419811 -210.59566094 118.52094726
v -9.06849565 -102.72499590 118.52094726
v 5.01847267 -237.76490780 118.06387330
v 80.78468323 -194.75244140 115.82334900
v 74.56859619 -138.04231822 97.95770874
v 20.33755875 -233.35940550 114.03851320
v -37.87541789 -199.65385594 97.95770874
v 0.44610787 -102.59175718 97.95770874
v -14.54656029 -106.89781190 109.01010890
v 55.27484131 -111.19671630 113.53846740
v 2.68941283 -230.99066160 113.38786320
v 85.00855523 -179.49873728 97.95770874
v -9.05722141 -224.97348020 103.18679050
v 80.82868195 -137.39549260 106.05163570
v 64.83987427 -124.17848210 98.71733093
v 84.69205475 -153.23867800 115.54183200
v 62.01856995 -117.43318180 117.66790770
v 29.15423203 -103.26203920 102.15108490
v 87.02127075 -175.54507450 116.35195920
v 63.82482147 -116.99562070 100.27267460
v -3.11495709 -228.88598630 112.23939510
v 3.30429411 -229.59649660 100.91454320
v 42.29626083 -227.47512820 101.27688600
v 42.29626083 -237.38522340 118.12562560
v 42.29626083 -233.18344120 117.79182430
v 42.29626083 -234.48217770 117.85150150
v 42.29626083 -105.29232030 98.41201782
v 42.29626083 -105.18051150 109.60407260
v 60.37962723 -119.54251100 98.51281738
v -37.36796188 -203.91667180 109.71334840
v 83.13705444 -160.07232670 102.07906340
v 70.25399780 -209.26695250 114.75048830
v 9.97336292 -231.23817440 100.85669710
v 84.17912292 -158.08561710 104.81770320
v -28.45692444 -122.42605590 108.67726140
v 83.18105316 -194.43934630 102.33957670
v 58.91185124 -114.87053421 118.52094726
v 14.79761124 -238.07092290 116.04542540
v 77.32617188 -145.47296140 101.46983340
v 76.03709412 -141.49479680 102.37529750
v 85.79278564 -182.69027710 115.56687160
v 84.79008484 -172.37210080 103.56269070
v 76.77503204 -199.93431090 98.41448975
v 70.82305508 -127.17482300 118.52094726
v -12.58132508 -104.48271593 118.52094726
v 26.71144676 -232.08270260 112.92730710
v 9.80972004 -234.63031010 116.15776060
v -42.66167068 -156.71650700 104.71180730
v -45.25951004 -160.30151370 114.83720400
v 6.39006948 -101.84416200 110.32984160
v -23.60377884 -115.35046390 112.32012180
v 64.00608228 -123.39335580 97.95770874
v -45.51964188 -159.43600460 116.81552890
v 77.09035492 -131.11955260 104.52374270
v 0.22386148 -101.18329768 118.52094726
v -41.70869020 -189.10571463 97.95770874
v -45.37278748 -162.20755000 113.76447300
v 49.78352356 -108.28813170 117.74026490
v 65.52069092 -122.79100800 100.41365810
v 81.45053412 -152.61334353 97.95770874
v -24.47004700 -215.95378110 103.72058110
v -16.84885788 -108.48172760 111.01739500
v 66.29143524 -117.07025150 102.99878690
v 44.06359012 -235.20597437 118.52094726
v -42.75063324 -160.29769900 101.69412230
v 29.69089508 -235.09335330 115.43335720
v -45.34847260 -165.56085210 111.39772030
v 71.48325348 -124.35455320 102.76387790
v -10.81421852 -105.61875920 99.57651520
v -42.05456924 -157.48712160 100.70772550
v -43.76568604 -151.48025510 117.81604000
v -18.03035164 -223.13058470 117.46020510
v 79.24473572 -149.13426210 102.38464360
v 84.37557220 -148.97906490 105.78845980
v 85.19610596 -168.47589110 99.09960938
v 84.91629028 -168.05572510 100.39833070
v 87.53381348 -157.78836060 106.94834900
v 69.67198181 -122.43994140 109.52207180
v -20.69756699 -217.91070560 99.13999939
v -30.10918427 -211.66970830 108.61955260
v -45.15491867 -167.42663570 109.22264100
v -4.76376859 -103.36940217 97.95770874
v -35.62925339 -138.35005190 98.46888733
v 12.14911461 -232.40231320 111.31558230
v 47.25939941 -224.82061770 111.01980590
v 81.56159973 -193.08926390 101.37557980
v 14.10608101 -232.05813600 108.15254210
v 12.00500965 -102.06468200 109.81424710
v 32.86843109 -248.23556520 118.07521060
v 71.27908325 -132.27119450 98.18661499
v 65.63840485 -116.53903960 102.39582060
v 79.78699493 -135.37442020 105.71591950
v 75.16868581 -133.51315821 118.52094726
v 85.24550629 -192.53068540 104.22895050
v 30.13039589 -233.24110410 115.17189030
v 64.63184357 -120.42222600 100.34011080
v 49.67391205 -107.44061280 108.13344570
v 35.00042725 -104.06351470 99.57707977
v -17.13278747 -219.96226111 97.95770874
v 59.98344421 -119.44429780 98.12820435
v 0.21265893 -231.02642820 115.52401730
v -41.81818395 -159.32526866 97.95770874
v 76.27638245 -136.95971680 103.03183750
v 32.20343781 -233.26586910 115.52416990
v 34.35106277 -240.13549800 116.66616060
v 34.35106277 -234.71136470 116.01644900
v 34.35106277 -243.74343870 117.37075810
v 34.35106277 -237.23243710 116.27279660
v 34.35106277 -103.79068760 104.52374270
v 34.35106277 -103.97711180 99.78717041
v 34.35106277 -103.64412690 110.25344850
v 34.35106277 -241.66342160 116.92491910
v 85.04905701 -165.67803960 104.62028500
v 77.54847717 -131.27830510 106.66281890
v 21.69935333 -252.15928883 118.52094726
v 15.43346405 -102.44059750 103.92210390
v 75.25669861 -128.26618960 107.35797880
v 81.94793701 -199.26969910 102.08475490
v 69.83099365 -128.24876400 101.53163150
v -18.57116699 -110.81045530 101.75437160
v -9.96956187 -103.09153480 118.52094726
v 82.49714661 -157.76341250 102.07906340
v -33.25841947 -133.15450343 97.95770874
v 20.89660645 -234.33419800 114.84590910
v 89.44465637 -166.64239500 107.86817930
v 88.17526245 -168.77139280 113.33802800
v 57.49328613 -218.29798890 117.10032650
v -42.96028443 -167.14313766 97.95770874
v 84.58195429 -162.66901541 97.95770874
v 46.29124069 -225.18368530 118.23154450
v -42.27475739 -146.92575070 118.23844910
v 68.14553829 -127.93125674 97.95770874
v 81.77310181 -196.02410890 111.06838990
v 83.28241637 -185.61854664 97.95770874
v 8.55040741 -230.98660280 101.46788020
v 6.31367397 -230.49841310 103.53057100
v -43.87902747 -195.20633707 118.52094726
v -40.42527771 -145.72146610 110.64595030
v 60.64110565 -216.78018190 114.55616760
v 74.06681061 -137.65028380 101.78409580
v 86.10578918 -188.64981080 109.83096310
v 75.32578278 -205.44747920 110.94264220
v -35.01192474 -207.12986760 111.87241360
v 86.65962982 -185.94213870 104.71613310
v 81.80474854 -192.40185550 116.17413330
v 50.44448230 -224.69595186 97.95770874
v 60.91976166 -218.46795650 105.60199740
v -32.41331482 -209.41888430 109.98732760
v 77.13666534 -132.84922790 103.91021730
v -31.69110298 -209.09518430 104.06534580
v 69.41918182 -127.90653230 101.36190800
v -20.97263898 -113.59782473 97.95770874
v -29.36844826 -211.69326780 104.71472170
v -42.92063514 -148.56782008 118.52094726
v 35.69243622 -229.56433110 109.01199340
v -12.07280922 -105.40805050 108.87831880
v 66.36592102 -123.17475890 100.67588810
v -32.48529434 -128.13534550 111.73756410
v 75.92632294 -129.39195250 104.23901370
v 24.81217766 -233.73860170 114.71462250
v 85.72331238 -185.05386350 113.69126890
v -43.29347610 -196.13134770 117.49185180
v 84.09212646 -184.88505950 118.52094726
v 51.42767334 -108.58737180 111.17324830
v 83.38174438 -161.14187620 102.38464360
v 62.52885990 -214.58876424 118.52094726
v 75.91590118 -208.14381410 100.87241360
v 50.14322662 -108.03207400 112.35458370
v 35.18529510 -229.85638430 103.60697940
v -40.56838426 -152.74171373 97.95770874
v -24.42948634 -219.03128357 118.52094726
v -38.78382874 -203.00875850 113.95604710
v 86.27329254 -184.21351620 113.02211000
v 16.43616486 -101.96099850 115.83035280
v 11.62320614 -102.22348020 103.49238590
v 3.88278246 -229.96765140 105.30416870
v -44.64990234 -155.16387940 116.95719910
v -47.42599194 -174.05879467 118.52094726
v 81.65306854 -143.28620910 114.35662840
v 67.73257446 -214.60900880 103.68241880
v 68.28834534 -213.02392580 108.07595830
v 12.85144806 -235.16447450 115.81606290
v 31.33784294 -249.11224370 118.10447690
v 88.13396454 -171.99012760 105.96009830
v 71.14048486 -211.78858542 97.95770874
v 81.44735718 -153.82862850 103.30883790
v 32.20690918 -230.73022460 99.78717041
v 87.62875366 -181.30735780 112.24620820
v -40.98104858 -193.21215820 100.57104490
v 75.80937958 -128.74722290 106.67681880
v 65.22273254 -116.36757660 104.56237030
v -44.05592346 -179.93533330 102.57061770
v 40.19455719 -228.20819090 100.21123500
v 8.73990631 -230.92356870 99.39778137
v 9.14033127 -232.33963010 113.38567350
v -18.97198105 -221.39390560 112.65392300
v 88.92979431 -162.59339900 107.88515470
v 76.04673767 -206.95953370 105.74011230
v 80.18992615 -136.23153690 105.74353030
v 61.76055527 -114.78547670 107.82913210
v 77.96826855 -198.37092495 118.52094726
v -26.69795609 -213.94677730 102.32587430
v 25.54152679 -234.26800540 114.93435670
v -47.38822937 -172.98327640 118.42782590
v 38.17950439 -104.02754210 115.81125640
v 11.34775527 -247.37968301 118.52094726
v 64.00659943 -115.14458470 101.75584410
v -8.44998169 -227.22576900 113.99685670
v 83.06449127 -196.27713010 102.37469480
v -22.22825241 -218.84065250 110.68412780
v -1.56015897 -229.82136540 113.99006650
v 10.32742119 -231.47653200 107.47161100
v 80.48633575 -194.47039790 100.55337520
v 60.17873383 -115.14483640 99.26280975
v -12.80407065 -104.62289624 118.52094726
v -37.92991257 -204.54711910 115.44594570
v -38.27591705 -142.23977660 105.63005830
v 28.61736679 -245.61929320 117.05737300
v 52.46395111 -222.22383120 110.44630430
v -36.99726105 -135.36486820 115.58054350
v -38.64546585 -198.34590150 98.83659363
v 85.54001639 -162.11861152 118.52094726
v 32.36476135 -103.15052030 113.99685670
v 32.36476135 -232.49588010 115.37198640
v 32.36476135 -233.71821590 115.62624360
v 77.50138855 -145.15139770 102.36849980
v 60.74646759 -115.86164860 115.64846800
v -41.71841049 -194.33882140 106.43349460
v -17.86526489 -109.68479920 107.42678830
v 81.36476135 -196.39869690 101.18844600
v -45.34712601 -165.01049800 111.78492740
v 27.76615143 -248.33309940 117.63246920
v -34.51269913 -130.41038510 115.86855320
v 42.59305191 -226.53689580 115.55415340
v -44.40598297 -177.70004270 103.55220790
v 78.81285095 -137.88412480 103.98406980
v 67.22543335 -213.82609560 108.03174590
v 61.02705383 -113.85633090 99.95859528
v 77.96352487 -197.92989748 97.95770874
v -45.67537689 -169.54545590 110.93362430
v 81.67352295 -189.40716550 98.86952209
v 19.25901031 -101.98193360 117.71842960
v -27.35542297 -215.05935670 111.17688750
v -33.03083801 -128.42228700 113.93029020
v -2.50349593 -101.74554440 116.51207730
v 86.08610535 -151.60092160 107.28024290
v 31.01489639 -231.15594480 113.39076230
v 89.88656616 -173.21246340 108.80191800
v -15.72338200 -221.21630860 101.34142300
v 65.65267944 -122.05732730 100.54422760
v -34.20779800 -205.48181150 100.01831050
v 71.87075048 -133.08390188 97.95770874
v -42.84674072 -152.56761170 111.18593600
v 53.81362152 -108.99755860 104.92682650
v -42.47449112 -156.19522090 104.29453280
v -41.16572952 -197.65228270 110.46259310
v 53.31883240 -108.57418820 99.30770874
v 56.69919464 -218.42030684 118.52094726
v 89.64611816 -167.56332400 109.10531620
v 51.92033768 -108.44673160 98.40476227
v 8.33562088 -235.86389160 116.92556760
v 86.29857512 -173.12093703 118.52094726
v 86.34970856 -187.43415830 104.47658540
v -42.15916824 -198.31427000 116.89990230
v -19.11211288 -222.77168741 118.52094726
v 85.83330536 -152.73829650 111.39937590
v -12.74856472 -226.35447690 117.93662260
v 85.81825256 -158.37001040 115.83663940
v -4.61290264 -102.37959290 113.99300380
v 36.57254376 -104.32321194 97.95770874
v -3.92934680 -226.77175900 99.46125031
v -17.92914200 -109.92037960 105.43767550
v -41.99263000 -154.77243040 103.23051450
v -44.46136856 -154.87750240 116.28902440
v 36.36746216 -229.36257930 108.52223210
v 84.57510376 -165.42004390 100.39833070
v 80.70323944 -201.07608030 101.48266600
v 88.17371368 -162.82258610 106.62580870
v 19.75939560 -232.11862180 102.11725620
v 4.25097704 -101.48942570 114.83720400
v 4.25097704 -102.16166690 103.39688110
v 36.02415848 -229.37049870 111.28478240
v 83.56661224 -190.75070190 113.39946750
v 36.17294312 -229.36656190 110.06582640
v 85.14013672 -174.58760070 99.55224609
v -46.84867096 -179.17135620 116.13593290
v 77.91551208 -203.58595280 108.18821720
v -47.10224152 -177.98722840 117.09089660
v -2.39620376 -228.40246580 108.18771360
v -46.55959320 -176.34471130 114.17973330
v 88.77618408 -168.10740660 111.82678220
v 84.16638184 -191.00796510 111.62857060
v -37.13485336 -141.89193730 99.29244232
v -31.43321624 -129.50176884 97.95770874
v 83.89968872 -144.86416630 109.25769810
v -0.99236888 -228.27847290 102.46317290
v 61.06892776 -216.29109190 115.59316250
v 52.96607208 -223.54425050 98.60301971
v 68.43191528 -122.32413480 112.69543460
v 78.52647400 -199.83651730 99.83322144
v 88.32346344 -161.82943730 106.97883610
v -11.32861208 -103.75537848 118.52094726
v -44.82995224 -188.79963680 113.23134610
v -23.41080856 -216.73394780 103.95075990
v 69.50485992 -121.25128940 102.37815860
v 73.08185577 -127.17396550 102.80577090
v 65.10810089 -115.97212980 102.98966980
v 66.91165161 -118.35207370 101.76143650
v 62.54499817 -218.86404420 98.58557129
v 76.98652649 -136.19841000 103.41856380
v 72.84989929 -126.14233400 102.99181370
v 25.50802665 -231.88713690 97.95770874
v -1.40957463 -228.46401980 105.82096100
v 85.48790249 -170.51001130 97.95770874
v 80.63299561 -148.84210210 104.05862430
v -41.82821655 -153.45022580 104.09603880
v 22.92004585 -233.04296880 114.02619170
v 57.78718185 -115.91535190 98.32508850
v 83.24009705 -158.37695310 103.92259220
v 48.16329193 -107.41215520 117.39414220
v 39.67969513 -104.32424930 117.53018190
v 31.58340073 -103.50424190 102.57562260
v 25.37845993 -103.18684390 98.54352570
v 59.51682281 -218.93295290 107.23579410
v 80.65808105 -145.67568970 104.27107240
v 13.71240425 -102.04544830 111.84882350
v 5.75765481 -101.06291332 118.52094726
v -42.16225815 -155.71774290 103.07219700
v 53.60289001 -220.76153560 116.13593290
v 7.76113129 -236.64038090 117.17622380
v 70.89196777 -126.66770170 116.84033200
v -26.81432343 -119.87792970 109.50573730
v 88.70864105 -161.76887510 109.71405030
v 55.34295273 -222.26196290 99.93996429
v 36.79104233 -235.91474910 116.59762570
v 87.70401001 -176.87948610 105.48330690
v 83.57394409 -160.69079590 103.54548650
v 32.05020905 -230.60618590 111.01739500
v -45.32879639 -169.39266970 109.23500060
v 84.12971497 -163.14709470 100.37966920
v 84.36630249 -185.16508480 117.39694210
v 84.60945129 -193.00479130 108.61529540
v 59.61601257 -113.05429080 99.61639404
v 21.05860329 -233.26728820 113.99676510
v 81.61848809 -146.14306987 118.52094726
v 71.01740265 -132.27522280 99.30902863
v 58.49347305 -111.04499050 100.84467320
v 33.38598633 -244.02824400 117.29835510
v -17.67113495 -108.56838990 117.13436890
v 20.10317802 -102.74558260 102.93849950
v 7.00123882 -101.61308290 113.72946170
v -33.65531158 -209.37554930 115.86830140
v 85.20999146 -148.22564700 108.19931790
v 27.07432938 -103.16227720 100.95219420
v 52.73102570 -109.95826720 117.46356200
v 87.77772522 -186.12341310 108.19073490
v 46.79740906 -225.49745180 105.84205630
v -24.42055702 -218.11091610 114.68781280
v 80.56159210 -150.70933530 103.59902950
v -22.80506134 -113.61007690 117.81494140
v -24.68068886 -215.42465210 100.85669710
v 17.92361450 -234.27819820 114.95214840
v -23.28081174 -216.04257220 97.95770874
v -23.87520790 -116.81640620 101.00848390
v 81.88810730 -188.79928590 98.91880798
v 81.36514282 -140.33074950 105.16878510
v -13.43266582 -223.55552670 108.19824980
v 79.60950762 -195.06145258 97.95770874
v 47.01913834 -224.50341800 118.26742550
v 18.76460266 -102.63842770 104.33976750
v 87.08918762 -154.87738040 108.19073490
v 66.75534058 -118.78178410 101.13658910
v -22.84809494 -114.80277250 108.95470430
v 69.06680298 -121.87425230 101.81506350
v -18.64788246 -110.73841860 103.46195220
v 76.53071594 -141.72354130 102.66661830
v 47.64572906 -223.99444580 118.32228090
v 70.86842346 -125.69406130 102.22201540
v 70.86842346 -127.68035890 101.93045040
v -45.75353622 -172.63584900 110.39518740
v 35.03862762 -103.96091460 102.74751280
v -42.94265366 -166.06607060 98.55587769
v 88.44001770 -160.68215940 107.57893370
v 88.70285034 -181.30902100 109.71766660
v 87.40065002 -168.01753230 105.77975460
v 32.62894058 -237.80337520 116.08645630
v -7.88803350 -102.32935283 118.52094726
v 80.97880554 -200.39851380 101.47872920
v -39.92200470 -196.00442500 100.39812470
v 74.54383850 -209.71730040 101.46443940
v -2.52320790 -101.48803710 118.13684080
v -42.91172118 -182.64800212 97.95770874
v -19.59531798 -222.46411449 118.52094726
v 89.24163818 -163.73933410 108.80191800
v 84.61022186 -156.40530400 105.21994020
v 74.57471466 -139.57461550 100.55112460
v -36.27090454 -203.46711730 102.57350920
v 72.98613739 -210.10331730 98.67054749
v 85.10115051 -194.11558530 105.44047550
v -39.80718613 -201.67674260 114.98233030
v -24.80988693 -117.19971470 109.25897220
v 36.66618347 -229.10159300 113.38567350
v 39.01238251 -228.44386290 115.53733830
v 69.96375275 -129.26200870 101.49855800
v -5.05267477 -227.14794920 106.17014310
v -1.46916373 -233.13878363 118.52094726
v 78.46510315 -198.40953060 116.96060180
v -34.84925461 -130.43061830 117.81666560
v 63.03206635 -115.87715150 100.24752040
v -12.17572117 -104.70573430 115.06936650
v 76.17795563 -132.60791020 103.44183350
v 77.97957611 -198.51541140 118.22670750
v 19.38646507 -234.37640380 114.88824460
v -14.05130005 -224.32669070 113.46328740
v 85.98613739 -188.66174320 104.20520780
v 82.65036011 -199.10954280 103.60216520
v 22.43326187 -232.45971680 110.32984160
v 22.43326187 -232.28765870 108.97380830
v 22.43326187 -102.55796050 112.92730710
v -43.44612885 -150.98486330 116.97315980
v -45.11401749 -177.88220210 107.14142610
v -44.71359253 -181.53964230 106.66281130
v -45.84539413 -160.24658200 117.68867490
v 59.06660843 -111.35595700 102.37157440
v 4.95943403 -231.29293820 112.42051700
v 81.85610475 -189.68179428 97.95770874
v 83.69898987 -180.80134580 102.37689970
v -35.16168213 -132.09552000 114.38136290
v -46.06490133 -187.91217386 118.52094726
v -32.53952789 -130.89523320 101.61113740
v 89.64186859 -177.33255000 108.79010010
v 24.42110443 -234.98095700 115.02646640
v -13.54324245 -106.04490660 110.96133420
v 40.15634155 -240.59387210 117.96963500
v 85.78119659 -160.68350220 117.26856990
v 83.74761963 -179.84741210 102.00451660
v 88.13395691 -174.89318850 105.87208560
v 88.13395691 -173.44165040 105.91439060
v 53.98971371 -110.89403410 118.52094726
v -34.04936981 -134.12593080 100.30755620
v 41.36880875 -227.90158080 116.76168060
v 73.46703339 -134.39704900 102.32447810
v 79.11427307 -147.63140870 98.60250092
v 34.87223531 -230.01116395 97.95770874
v 62.12276459 -113.64994810 103.60697940
v 62.89543915 -118.07939150 116.94229130
v 81.20227051 -142.27182010 114.30583190
v 83.81980139 -159.39728945 97.95770874
v 21.11234283 -233.45185850 114.25861360
v -34.51001365 -135.84448380 97.95770874
v -23.25151508 -114.02570740 118.52094726
v 35.31342316 -235.01531980 116.21500400
v -38.69506836 -201.86970520 109.71444700
v -4.76577044 -102.59173580 112.32470700
v -18.26946068 -109.74974060 111.32156370
v 83.24974060 -182.10380550 100.85669710
v 86.63337708 -161.02404790 114.65220640
v 17.64167404 -246.99491880 117.46832280
v 77.84371948 -132.66204830 108.80933380
v 11.19821548 -102.34124760 100.21220400
v 83.77540588 -188.76080320 115.24223330
v 60.46490860 -216.68579100 115.71618650
v -23.85041428 -116.54202270 103.90893550
v -9.06090260 -225.47683720 106.52640530
v 70.13086700 -131.00341800 99.32879639
v 4.87667436 -101.03105950 118.52094726
v -27.67897876 -122.58253551 97.95770874
v -16.37598228 -108.58296970 105.59326930
v 29.54838252 -103.49393698 97.95770874
v 87.18991852 -159.83677670 112.45774840
v 86.94483948 -188.43045040 105.43704990
v 55.77068012 -113.61129874 97.95770874
v -13.51921940 -223.03808590 105.90235900
v 83.82403564 -159.53393550 104.24776460
v 4.76665068 -101.92580410 109.37488560
v 83.59400940 -180.89324950 102.07711030
v 0.88954604 -101.58583070 115.52478030
v -45.18812180 -164.41923520 111.31781010
v -15.30501652 -107.89077760 104.35156250
v 86.99539948 -154.98181150 109.26695250
v 65.31612396 -118.56800080 110.41496280
v 65.85221100 -118.30394740 100.71884920
v 88.76884460 -179.01856990 111.00407410
v 80.03553772 -198.26156620 112.40573120
v 65.87652588 -213.89755250 111.50916290
v -43.80255508 -195.20141600 118.11917110
v -39.15801620 -139.61758420 116.98909000
v 83.91859436 -156.38638310 104.88029480
v 23.70412012 -232.03072524 97.95770874
v -34.54165268 -131.46443180 112.77480320
v 70.22225132 -213.04999723 97.95770874
v 84.17486572 -190.01962280 102.98871610
v 82.91396332 -157.05574040 103.94978330
v 72.59207916 -211.45291140 100.24552920
v -15.44439316 -107.21725460 112.32670590
v 74.21541612 -204.52470495 97.95770874
v 81.65113068 -138.84257510 106.68019100
v -12.02534676 -225.90725710 115.33918760
v -25.38878484 -119.13032409 97.95770874
v 10.72287212 -102.43928526 97.95770874
v -43.51733780 -178.95126340 99.31008148
v 88.13009644 -177.56961060 105.74900050
v 24.76334572 -231.96121220 98.37382507
v 15.13742828 -232.68461610 111.19548800
v 19.06762732 -101.86986721 118.52094726
v 85.01585388 -173.14184570 103.98344420
v 68.28910828 -127.97207640 100.22904970
v -12.84380436 -223.70935060 107.45025630
v -9.09447956 -224.69320680 101.17775730
v 31.43036652 -237.25286870 115.86277010
v -42.84288788 -155.58404540 106.94931030
v 75.25823212 -202.50701900 117.95730590
v 51.14688492 -223.40420530 106.77739720
v 83.21693420 -197.55270390 102.98719020
v -35.86720276 -206.24743650 112.20016480
v 74.43383789 -206.68649290 98.43200684
v 13.48536301 -231.70913700 103.68336490
v -22.38380051 -114.19068150 109.55725100
v 65.92399597 -120.17102810 113.76141360
v 87.57316589 -170.65371700 115.10864260
v 83.22619629 -143.68139650 106.06958770
v -24.64933395 -216.62303160 108.03509520
v 6.69524717 -241.03338620 118.30659480
v 2.89154029 -233.74505620 117.30654140
v 23.93711853 -233.66716000 114.61996460
v 86.56660461 -190.59112550 106.06179810
v 39.68740845 -229.73704530 116.72029880
v 87.35896301 -179.51515200 105.24388120
v 58.50871277 -111.55091090 99.95386505
v 49.00993773 -107.27096805 97.95770874
v 74.48902893 -139.12149050 99.94433594
v -37.10958099 -203.41700740 107.01162720
v 17.46751213 -102.43385310 109.10749820
v -33.24620819 -207.04092410 102.26891330
v 36.11581421 -241.00421140 117.13806150
v 59.97552109 -119.14678960 98.43242645
v 8.67525101 -231.68524170 110.55352780
v 83.55734253 -159.90368650 103.83968350
v -13.76164627 -107.13288880 101.39148710
v 87.95024109 -160.70968630 111.07456970
v 7.74860525 -234.30996700 116.40794370
v -44.32301331 -160.12368770 110.17823790
v 81.25707245 -192.35478210 117.93609620
v -31.00672531 -208.81405640 98.13506317
v 28.42658285 -103.39704998 97.95770874
v 52.67621613 -222.87692260 104.76104740
v -8.03108883 -104.07104490 103.11038970
v -23.40058899 -115.35903930 110.13884740
v -35.61189651 -204.47183230 103.15718080
v 81.28794861 -154.15162660 102.00265500
v 20.44696045 -246.20477290 117.08443450
v 20.44696045 -235.39892580 115.11677550
v 20.44696045 -102.14968110 116.89990230
v 82.30377197 -194.98149110 111.18666080
v 33.57972717 -103.27924350 114.72261050
v -37.01888275 -205.84506230 116.38134770
v -21.22469139 -218.71937560 106.85344700
v 77.72484589 -133.22499080 104.20308690
v 72.55078125 -135.00723270 100.85150910
v 53.76685293 -110.82925198 97.95770874
v 62.13646317 -119.61152650 99.53451538
v 39.56390381 -229.07861330 116.49385070
v 83.91936493 -181.23165890 99.32720947
v 63.66482925 -115.46762080 100.86708070
v 27.59381485 -231.63250730 110.00613400
v 16.16434669 -234.69964600 115.20605470
v -11.26967315 -227.40954133 118.52094726
v 27.57876205 -232.21649170 113.98817440
v 57.92129517 -117.26048280 98.09749603
v 8.05234669 -243.56780938 118.52094726
v 38.20940781 -232.48442080 116.61125180
v -39.40618515 -140.76950070 115.71575930
v 69.57035245 -129.79917019 97.95770874
v 59.22812653 -114.44557950 99.04029083
v 85.23152109 -181.03394189 118.52094726
v 75.91100654 -201.34138581 97.95770874
v 40.89118958 -227.64880370 116.15628810
v -28.64576530 -212.28694150 103.81404880
v 84.16135406 -152.50909420 105.23501590
v -38.11830802 -145.17016498 97.95770874
v 84.72368622 -180.77569580 103.64563750
v -26.79561234 -214.49520870 105.89012150
v 75.46548462 -141.54333500 101.47167970
v -42.54189074 -185.20870380 97.95770874
v -16.68793106 -222.41436770 111.13197330
v -39.49051666 -196.81085210 99.78677368
v -21.94979858 -218.69741820 109.03181460
v 78.84719086 -148.02993770 99.93996429
v 43.91453934 -226.18910220 117.06069950
v -20.17442322 -112.09554290 105.28769680
v 68.42566382 -214.98994684 97.95770874
v 42.50292206 -227.32475280 103.38766480
v 9.28731118 -230.94677013 97.95770874
v 6.82519022 -102.33753678 97.95770874
v 3.69388270 -233.37333680 116.83078000
v 81.94715118 -139.44953920 107.27400210
v 25.10712814 -232.21868900 111.85774990
v 79.35457262 -195.85484707 118.52094726
v 82.48130798 -199.34068300 104.21814730
v 85.09226990 -173.21246340 99.99433136
v -28.99476242 -214.04196170 114.13098140
v 65.00157166 -216.12844850 105.13475800
v 85.14996206 -159.04447031 118.52094726
v -31.10234642 -124.61925510 116.29431150
v 22.45236206 -102.80334470 105.87973790
v 62.15016174 -115.15055080 100.02829740
v 53.17177582 -223.21786500 100.28157040
v 69.64031982 -122.04006960 108.59361270
v -41.81413394 -159.29963892 97.95770874
v 61.28582382 -217.95167540 107.07658390
v 65.31959534 -214.87307740 109.25975040
v 69.16328430 -123.07734680 112.63037870
v -43.24273682 -168.82759090 98.45103455
v -43.98916626 -188.79727170 108.95471190
v 86.20072174 -191.43606570 105.70510860
v -39.07330322 -146.19467160 101.44545750
v -40.77592850 -198.04652400 109.55783080
v 55.55348206 -220.28442380 112.08894350
v 2.42150894 -236.32975125 118.52094726
v 64.83406830 -121.44345860 100.37164310
v 82.87613678 -151.55580140 104.83655550
v -14.74495506 -107.32494350 106.10974120
v 51.94252014 -221.75737000 115.53377530
v 79.21075439 -142.02578740 103.89999390
v 78.70940399 -197.65042110 117.55095670
v 69.16212463 -123.82901000 114.68966670
v -41.28306961 -152.23258970 102.84458920
v 56.32692719 -221.98916630 98.71173859
v -14.11378193 -105.51722720 118.29848480
v 37.33329391 -228.86146550 113.99343110
v 68.19686127 -121.79041290 101.23005680
v -0.14735121 -102.63482670 98.18283081
v 12.50176239 -102.13063050 108.80191800
v 12.50176239 -246.85835270 118.18336490
v 50.22363375 -107.83588502 97.95770874
v 2.78148079 -233.30680850 117.05500790
v 75.95834351 -201.93742370 98.67350769
v 13.58249199 -102.57391482 97.95770874
v -1.83747089 -227.68515010 99.78952026
v 79.57200623 -149.78524780 100.39263150
v 80.82441711 -192.63005070 100.80055240
v -23.49447441 -114.99430850 114.01518250
v 7.44051695 -102.06492610 104.61923980
v 78.19646191 -138.79683576 118.52094726
v 83.46162415 -160.07232670 103.60697940
v -31.97150993 -127.14883420 112.05458070
v -14.16471313 -225.78159191 118.52094726
v 41.68508911 -230.50958250 117.47122190
v 41.68508911 -105.17135620 102.23183440
v -14.32523537 -107.57319640 100.59983830
v 60.24163055 -217.67462160 111.42568970
v 4.78575087 -234.91461180 117.44868470
v 60.76922607 -219.63018800 100.03491970
v 64.14630127 -118.81398010 100.20938870
v 76.03128815 -205.12394710 99.03030396
v 63.64109039 -217.49617000 102.99579620
v 59.54383087 -216.95338440 117.40544130
v 36.37555695 -104.00073240 109.56587980
v -30.35514641 -125.52731320 108.51231380
v -23.68812561 -116.43777470 102.74751280
v -31.01963537 -212.88665229 118.52094726
v 69.90778351 -130.66830440 100.24552920
v 35.72619247 -229.59283450 108.19073490
v 68.62526703 -120.27565000 102.05284120
v -33.21765137 -207.85726930 106.51002500
v -34.48511505 -130.78799440 114.53314210
v -9.04271889 -104.45559690 103.21284480
v 87.19493103 -160.84085080 106.08937070
v -39.01560593 -147.47067260 98.46174622
v 0.16378351 -101.24093630 118.16044620
v 77.93209839 -199.03533940 117.40676880
v -30.79474449 -127.48596190 102.28617100
v -11.62545681 -105.10940550 109.56133270
v -13.86875153 -225.72334290 117.90713500
v -41.06616592 -146.85638430 111.86351780
v 58.56428528 -116.71965030 98.57439423
v -22.88712976 -220.16207235 118.52094726
v 80.21345520 -195.97851560 100.53631590
v 60.77482224 -120.07661440 98.36193085
v 13.04233456 -235.82424930 115.98319240
v 29.49973488 -232.50671390 114.78365330
v 13.64658928 -231.91040040 107.42517850
v 85.11889648 -147.96105960 107.87846370
v 63.21152496 -116.23397830 108.80326840
v 66.85992432 -119.83119200 110.04582210
v 67.34622192 -126.05557250 100.53289790
v -45.41892624 -168.96844480 109.83581540
v 35.67466736 -104.19422910 98.08733368
v -12.38153744 -224.81118770 111.54899600
v -43.48164368 -188.47229000 106.26190190
v 51.50165744 -221.34458508 118.52094726
v -37.14953232 -204.32727050 110.18251800
v 84.40797424 -147.76638790 111.20655820
v 80.80743408 -152.01057430 103.28685000
v -16.25528336 -107.85783390 112.39253230
v 20.12835312 -102.35153200 114.00466920
v 60.35632880 -116.13748800 118.52094726
v 88.08724976 -161.75354000 106.69125370
v -29.33555984 -122.72319030 113.15648650
v 30.73211632 -103.59438709 97.95770874
v 83.20419312 -146.96604920 114.15212250
v 88.35664368 -172.67770390 113.36504360
v -10.07842064 -105.27644350 99.11983490
v 66.19107056 -212.98464970 113.99685670
v -37.57600784 -202.39141850 105.82411190
v -24.39933968 -116.50787350 110.83851620
v 23.12082672 -232.25326540 109.18389890
v 23.12082672 -102.74228670 109.26029970
v 23.12082672 -102.86247250 103.68336490
v 8.61576176 -242.22879030 118.06327060
v 67.99269104 -123.86054990 101.15261080
v 89.13394928 -163.12817380 108.80191800
v -2.54828048 -102.50589750 109.45127870
v -2.54828048 -102.55569460 108.41992950
v 68.00581360 -215.05720520 101.12388610
v -22.33555984 -114.57279970 104.52373500
v 73.92437744 -126.45703120 107.27400210
v 39.63529968 -228.31221010 104.37094120
v 20.46606064 -248.08068850 117.51205440
v 75.50909424 -140.83404540 99.24329376
v 60.30411504 -216.18863290 118.52094726
v -12.85109520 -106.52290340 101.92972560
v 79.62217712 -198.89060970 112.53425600
v 75.24896240 -204.03170780 114.55137630
v 35.55249648 -248.36600936 118.52094726
v 73.22850800 -127.68035890 102.75299840
v 17.81129456 -102.74163820 100.01634980
v -23.86894608 -217.68016050 110.51167300
v -30.07253264 -122.62711977 118.52094726
v 27.25705968 -103.32444058 97.95770874
v -27.68764687 -119.57940670 117.81666560
v 81.20959473 -200.59902950 105.58415220
v 25.45091057 -102.70487210 112.25885010
v -44.75779343 -159.29089360 113.22448730
v -22.88776207 -115.20561220 104.98210140
v 86.08879089 -179.87802120 104.51762390
v 89.69589233 -169.77462770 109.74259950
v 59.28524017 -113.56753540 99.25566864
v 49.26478577 -222.88079830 116.51856990
v 80.97570801 -149.91165160 104.11989590
v 73.99809265 -126.28791810 106.66281890
v 31.08512497 -103.32666780 106.96840670
v 83.04209137 -144.79306030 112.16336820
v -42.25354767 -149.86550900 112.61997220
v 64.76150513 -119.50115970 115.52983090
v -36.34415375 -207.10967029 118.52094726
v -14.95318031 -106.47793580 115.60117340
v 28.43035889 -231.46542360 106.05164340
v 61.02800369 -112.87485500 103.57981110
v 51.22908401 -108.13934330 108.08300780
v 89.54537201 -169.69824220 107.57958220
v 85.14398193 -158.97892760 118.50740050
v 84.11966705 -144.94042970 108.20370480
v 87.50330353 -156.22268680 108.19073490
v 82.11233521 -187.48712160 100.55112460
v 52.18991089 -223.74325560 99.78753662
v 55.90449905 -111.65281680 113.69501500
v -38.40310287 -200.94131470 105.36548610
v 84.17215729 -176.62547300 102.41481780
v -29.35650063 -212.71582030 109.79722600
v -40.35080719 -142.83474730 116.34408570
v 71.80357361 -128.41961670 118.26927950
v -1.57839119 -228.83786010 109.33282470
v 51.67157745 -222.81314090 109.27806850
v -6.29566479 -229.13533020 117.05104830
v 24.12352753 -102.87574770 104.82930760
v -40.74792975 -153.52060428 97.95770874
v 64.09265137 -123.34978490 98.72200012
v 76.21615601 -137.91745000 102.91727450
v 76.21615601 -138.83419800 102.84709930
v 76.21615601 -139.75094600 102.77679440
v -37.47045135 -135.64682010 117.53597260
v -14.81858063 -107.83739470 101.31509400
v 85.74838257 -174.77468870 104.55278780
v 88.59593201 -183.14396670 107.57958220
v 39.07759857 -228.60742190 115.81566620
v 40.38636017 -104.72982790 110.25344850
v -30.77458191 -210.74807740 107.65661620
v -6.89849615 -102.34538270 116.90310670
v -17.88689423 -110.11106110 102.93849950
v -46.10669327 -186.60131840 117.34954070
v 81.14784241 -137.77786250 106.65689090
v 31.45583857 -230.91965821 97.95770874
v 83.20110321 -159.95967100 103.00242610
v 50.06351089 -224.11326600 104.98210140
v -19.98791695 -219.67279050 107.57259370
v -34.08334351 -205.82765200 101.01312260
v 33.73989105 -230.26211550 105.89884950
v 33.73989105 -230.28039550 104.98210140
v -42.07408142 -147.72982790 115.56989290
v -40.80005646 -146.72088620 110.65621190
v 17.08396530 -233.42739870 113.95744320
v 61.65238770 -215.22741270 118.52094726
v 87.11117554 -178.63659670 105.12117000
v 85.04942322 -179.05088810 104.00062560
v 10.36266994 -102.41543580 98.18283081
v 53.72850418 -109.32317350 107.31414030
v 83.50021362 -149.75137330 116.35485840
v 12.04566002 -231.48928830 99.33833313
v -41.50248718 -190.67626950 99.09779358
v 79.92591858 -201.26918030 100.85543060
v 83.99440114 -160.02635232 97.95770874
v -17.07128334 -220.33410640 100.50182340
v 50.53108978 -223.82078550 105.74606320
v -13.16859150 -225.16503910 114.84085080
v 80.18875122 -148.61291500 103.80457310
v 31.07084274 -103.22691350 110.33389280
v -46.36122894 -163.18563840 118.21728520
v 70.40951538 -121.56983180 105.13220980
v -20.01705742 -112.12185670 102.84300230
v -19.19392014 -110.11712650 115.83035280
v 27.63877106 -231.61486820 102.15544130
v 22.77928434 -102.10961885 118.52094726
v 18.15507698 -102.38247680 110.94099430
v 18.15507698 -238.83676150 115.74063110
v 18.15507698 -232.08494570 102.99579620
v 18.15507698 -232.59097290 110.06591800
v 18.15507698 -232.03640750 98.56481934
v 18.15507698 -102.52465060 108.19073490
v 18.15507698 -245.80023190 117.13630680
v 18.15507698 -242.27458190 116.38216400
v 18.15507698 -102.54481510 106.81560520
v 18.15507698 -244.71925350 116.90792080
v 18.15507698 -232.94699100 112.46894070
v 18.15507698 -249.99060060 118.16177370
v 18.15507698 -236.46847530 115.43119810
v 18.15507698 -240.36468510 115.98102570
v 75.81823730 -129.41867070 108.18632510
v 64.23738098 -121.01827240 100.20986940
v -14.30291982 -105.62880422 118.52094726
v -16.16477966 -223.47198490 114.71639250
v 76.35239410 -206.43510440 106.20443730
v 73.87580914 -205.59765198 97.95770874
v 84.63491058 -188.45349120 103.32174680
v -37.30333710 -136.58865360 114.04609680
v -34.05536270 -130.29937740 113.64903260
v -46.53931022 -185.35706542 118.52094726
v 56.96432114 -115.76255800 98.01017761
v -1.06583822 -229.48278810 111.78105160
v -40.70593294 -192.66004078 97.95770874
v 85.93518066 -151.85131840 110.02485660
v 80.30041330 -143.10002716 118.52094726
v 13.60967922 -233.72477720 114.56550600
v -10.17331982 -227.59817500 117.67227170
v -27.38371086 -213.55688480 103.76440430
v 38.57045746 -228.76856990 99.32879639
v 44.75378418 -226.14674380 108.85920720
v -25.74197006 -119.39642330 99.93995667
v -22.03394318 -220.54273990 117.70471190
v 19.48246002 -102.82341000 100.24552920
v 34.69010162 -103.52677920 112.95174410
v 11.34028530 -101.96886440 111.01555630
v 36.00349426 -104.15116880 101.92626190
v -40.06018829 -149.88204960 99.84458160
v 47.58898163 -106.43542480 102.72841640
v 77.48323059 -206.18197630 100.84426120
v 89.59824371 -171.83732600 110.32984160
v 30.96779251 -103.49813080 101.23670200
v -4.79323149 -103.21498110 101.65112300
v 80.85644531 -148.76570130 104.19009400
v -24.62898445 -218.13673400 115.51755520
v 53.81630707 -221.31896970 111.75384520
v 65.68817139 -117.33084870 101.12391660
v 68.27095795 -121.26307680 101.33213040
v 68.27095795 -123.55496220 101.26863860
v 77.52529907 -131.17994690 106.05709840
v -27.50924301 -216.34948730 117.85486600
v -38.31086349 -202.76181030 110.63789370
v 81.44309235 -189.64132690 100.54766850
v -36.25104141 -135.45315550 110.93348690
v 14.55709171 -235.84942630 115.77606960
v 82.74992371 -197.57249450 102.35182950
v -16.53645325 -108.37797550 109.29988100
v -21.04533005 -219.14840700 108.30934140
v 80.40179443 -147.69615170 104.04412080
v 83.73889523 -152.58529995 118.52094726
v 86.85644531 -154.12060550 107.90173340
v -28.92269325 -123.37295530 107.44401550
v 86.61599731 -154.73695370 106.65838620
v 26.03977203 -103.25086980 98.00080109
v 53.39253235 -109.92164610 98.11904907
v -42.38242061 -162.92503776 97.95770874
v 88.71055603 -171.41238400 106.41788480
v 71.46740723 -125.48184200 111.94844060
v 68.86956787 -209.23760990 118.38961030
v 69.92668915 -213.69662480 98.42950439
v 23.13992691 -102.41509250 115.71576690
v 23.13992691 -232.06588750 105.52642060
v 23.13992691 -239.81079100 115.68016820
v -27.23232269 -119.20488740 116.61341090
v 81.31495667 -189.80661010 99.93996429
v 74.47889907 -203.87244240 97.95770874
v 89.30183411 -164.35050960 108.19073490
v 48.93035507 -107.17492680 108.61308290
v -20.72913933 -218.86502080 106.06903840
v 34.64880371 -231.70858760 115.64778900
v 84.64687347 -173.21246340 101.46788020
v 82.87805939 -141.66940310 107.88515470
v 39.06138611 -228.39974980 109.59881590
v 84.95363059 -157.91617899 118.52094726
v 83.13896179 -182.83837890 101.46788020
v 61.23159027 -217.03256230 111.55339050
v 63.57122803 -217.33833310 103.85065460
v 70.19299316 -130.83038330 98.41690063
v 0.57083380 -230.52694700 113.97696690
v 88.78427124 -180.09280400 110.33127590
v 63.51294708 -114.70974730 103.60668950
v 83.88809204 -180.25726320 102.65128330
v 84.15941620 -165.89642330 102.38464360
v -16.06607628 -107.82091520 111.06527710
v 68.94984436 -212.90451050 106.74010470
v 82.86511860 -149.51127719 118.52094726
v 77.18643188 -206.58963010 100.85669710
v 80.57006836 -152.27366640 102.24096680
v 37.79013876 -246.07201671 118.52094726
v 65.38211060 -213.98324580 112.57323460
v 50.38944244 -107.19874570 100.97129820
v 80.05366516 -139.86743160 104.43062590
v 81.09110260 -200.65371700 101.73183440
v 80.83946228 -191.45567320 100.52912900
v 49.01912308 -107.66525270 114.83720400
v 49.01912308 -107.06055450 106.51002500
v 65.36512756 -124.78021240 98.41201782
v 64.34081268 -116.64749150 107.51026920
v 53.93961716 -221.43655400 110.47792820
v 31.37950964 -102.87104505 118.52094726
v 86.78234100 -169.85102840 105.33889010
v 60.85433332 -116.57940316 118.52094726
v 44.52080372 -105.80441220 97.95770874
v -38.74988556 -201.37103270 108.30122380
v -23.92105484 -216.58886720 105.25845340
v 78.06215668 -198.28590390 99.31938171
v -19.15590668 -111.12831120 104.48554230
v 28.44945908 -102.99955750 109.16479490
v 65.17060852 -215.70249940 106.31890870
v 78.29681396 -133.23358150 104.82731630
v 84.78620148 -177.72450260 103.81598660
v -30.49814796 -209.61437990 99.48158264
v -17.15957260 -108.86997220 109.75430300
v 3.50262260 -234.94480900 117.76351170
v 45.87033844 -106.23822780 113.71658330
v 89.19029236 -166.03121950 110.32984160
v 78.36049652 -134.99961850 104.21228030
v -2.47881484 -227.35864260 99.24237061
v -37.74699020 -201.90689090 105.13489530
v 35.83753204 -229.42369080 113.38567350
v 83.03591156 -198.40536500 103.60897830
v 49.00503540 -107.55339050 113.37981410
v 70.40256500 -213.46484380 99.30795288
v 76.62062836 -129.76101680 106.05163570
v -5.19380236 -230.00051880 117.65676120
v 60.50735092 -112.96418000 100.26382450
v -43.34289932 -162.16903690 103.14678960
v 82.30993652 -153.42190550 104.40235140
v 18.49885941 -232.20420840 107.39182280
v 18.49885941 -243.00035100 116.51986690
v -44.82398987 -174.16741940 105.39482880
v 84.36319733 -146.01542660 109.10752110
v 88.20688629 -178.40829470 112.61092380
v 83.06755829 -157.01647950 98.25922394
v -1.83497739 -227.82434080 100.85669710
v -33.31781387 -206.19079590 98.27833557
v -29.28800011 -212.27291870 107.24190520
v 79.44540405 -139.46279910 115.44546510
v 86.42958069 -154.98687740 111.39076230
v 68.10113525 -213.54058840 106.73413090
v -41.28037643 -154.72845460 99.51651001
v 36.69897461 -240.18891910 117.11278530
v 70.20495605 -124.07531740 112.12773130
v 84.93942261 -171.53173830 100.85669710
v 76.16481781 -129.47059630 104.56066130
v 83.88693237 -147.36148070 105.72287750
v 78.21151733 -143.25891110 103.37787630
v 63.81784821 -115.39408870 104.98619840
v 75.14706421 -133.59992980 102.93138120
v -7.77234955 -229.29665243 118.52094726
v 81.07218933 -138.80058290 105.40761570
v 89.58859253 -176.11550900 107.57958220
v 84.44926453 -168.79113770 102.68165590
v 43.35558389 -105.44079350 118.52094726
v -17.40021515 -109.26463320 107.57957460
v 81.62796021 -154.25210570 99.67880249
v -43.94556427 -170.33012390 101.43879700
v 64.56697845 -120.94036870 100.33270260
v -34.38516235 -134.40861510 101.89728550
v 64.85798645 -122.39641570 100.20433810
v 45.79160309 -224.91452030 116.74711610
v 47.20785141 -224.10101320 117.67206570
v 42.69704437 -233.79461670 117.94689180
v 7.26304245 -230.62901310 100.14783480
v 77.27713013 -199.76641850 117.91320040
v 19.50059509 -233.97500610 114.64669040
v 15.67002869 -248.69320680 118.10971070
v 13.36121845 -232.06765750 108.72550960
v -0.67657483 -101.51638030 116.97630310
v -7.55785227 -229.14874270 118.13586430
v -43.36933899 -159.88751220 105.33177190
v 41.72328949 -105.18417360 99.51978302
v 57.69704437 -112.20146940 109.56050110
v 76.80472565 -201.81491090 99.19258118
v 23.32604149 -103.10799169 97.95770874
v 82.20032501 -141.74194340 110.53845210
v -43.71264267 -155.48855590 111.70496370
v 31.33328629 -102.92877960 117.20999150
v 62.89542389 -120.65237430 99.63316345
v -23.23001099 -116.02084350 100.70391850
v 84.81591797 -147.80889890 106.66342160
v -24.42732811 -116.75276180 108.87402340
v 5.74480629 -231.10775760 110.58016200
v -43.28134155 -160.95205690 103.87480160
v 86.14706421 -164.25982670 117.51502990
v -42.00461578 -189.91322330 100.70406340
v 73.09300214 -204.85686076 118.52094726
v 71.70167542 -212.24508670 101.46788020
v -45.48454666 -166.66082760 111.41861720
v 87.15902710 -178.66229250 114.83901210
v 62.41722870 -116.52639770 99.90573120
v 85.09727478 -153.12026980 105.67939760
v 88.43961334 -181.46337890 110.32993320
v 32.37226486 -230.95382690 113.99076080
v 70.39561462 -122.49597930 107.74491880
v 0.46936822 -102.17034150 109.98606110
v 57.63447798 -117.11722628 97.95770874
v 10.60060406 -231.32598880 100.44485470
v 77.66886902 -205.37374880 105.17620090
v -4.29241610 -103.20954900 99.32879639
v 61.32093430 -114.29823300 99.91757202
v 56.70262262 -115.39229011 97.95770874
v -24.44334602 -117.48291780 101.69881440
v 35.20425206 -248.65047631 118.52094726
v 87.52297974 -184.01315310 105.41960140
v -47.42087946 -173.79645790 118.52094726
v 79.24972534 -134.13822940 106.05163570
v -4.30539274 -102.80447390 108.61091610
v -11.04113674 -226.41561890 115.41889950
v -7.73811722 -225.67391970 103.63930510
v 65.64648438 -124.63690190 99.64704895
v -40.01131018 -202.54686677 118.52094726
v 82.89426422 -198.35723880 103.00346370
v 25.51229174 -102.28623621 118.52094726
v -33.44780810 -127.80888847 118.52094726
v -24.00076554 -114.92748354 118.52094726
v -29.92389386 -214.10410899 118.52094726
v 86.80819702 -154.87738040 106.96842190
v 72.37979126 -123.88226320 104.21623230
v 41.07392502 -104.97901920 104.37094880
v 41.07392502 -237.99639890 117.83711240
v 41.07392502 -105.01269530 103.14859010
v 31.44800758 -103.01492310 115.52478030
v 31.44800758 -103.60780330 99.32879639
v 31.44800758 -103.33229060 108.80191800
v -43.40456458 -173.66648778 97.95770874
v -29.19373322 -214.37115480 116.43344880
v 58.73332214 -111.87318420 105.29481510
v -12.69040394 -106.30014040 103.15652470
v 4.41647863 -233.74781800 116.90453340
v 84.77346039 -171.08752440 101.46942900
v 58.06427383 -111.69274140 106.19302370
v 58.96604919 -111.54695130 103.60700230
v -26.08065033 -117.51821900 118.27236940
v -44.63256073 -187.30755620 110.48262790
v -34.14606857 -133.42919920 103.89295200
v 51.32073975 -223.89166260 101.73172000
v -46.90002441 -171.07336430 116.49475100
v 89.47319031 -175.50434880 107.27400210
v -30.47538185 -210.14971920 102.60092160
v -27.56424713 -120.32524870 112.77569580
v 51.65239287 -108.72819397 97.95770874
v 8.55264759 -231.02282710 106.05024720
v -19.97123337 -218.36210630 98.98500824
v 11.05023479 -102.17454530 104.35184480
v 11.05023479 -231.39849850 103.30137630
v 11.05023479 -102.09758000 108.19073490
v 85.07643127 -157.91198730 118.08602140
v 84.07373047 -165.11447140 102.38464360
v -25.21997833 -116.60929110 117.31091310
v 85.38387703 -177.42582406 97.95770874
v 68.35238647 -211.49003600 113.07447050
v 85.97501687 -177.63821904 118.52094726
v 38.75570679 -104.13491820 116.28872680
v 81.51795959 -139.51873780 109.37124630
v 18.84264183 -232.91651920 112.46894070
v 81.56388855 -150.52279660 104.38184360
v -39.33692169 -141.18138120 114.38736720
v -5.07927561 -228.37702940 113.17448430
v 49.74224631 -222.45915061 118.52094726
v -39.73927689 -199.11605830 106.88404850
v 16.18787575 -236.67855830 115.67340090
v 41.12699127 -105.05580900 98.56483459
v -2.17917705 -230.66789250 116.57691190
v -41.75046921 -193.72048950 105.53917690
v 64.85566711 -215.65463260 107.30145260
v -37.87397385 -140.23333740 108.11660000
v 3.37242103 -102.08377080 107.17849730
v 89.61058807 -177.79623410 108.19075780
v -6.05165577 -227.57539370 111.05558780
v 78.03629303 -197.77479550 98.71577454
v -46.10593033 -181.07217410 113.19454190
v 40.93440247 -105.03091430 101.35328670
v 87.05211639 -154.87738040 108.80191800
v 73.09495544 -125.35951230 103.58592220
v -26.29692680 -117.74630458 118.52094726
v -12.18833160 -106.23532100 100.96797940
v 1.97465336 -228.90051270 98.10763550
v -41.70376968 -190.12820430 99.36534119
v -29.70936584 -124.99382020 105.63320920
v 73.39908600 -128.04592900 112.07904050
v -31.97229576 -129.16735840 104.75138850
v 57.33366776 -116.22704320 98.07508087
v 36.56465912 -229.21224980 114.01503750
v 85.00888824 -176.87948610 99.32879639
v -46.57100296 -167.15371700 116.98056030
v 7.00664568 -242.34875772 118.52094726
v -22.76832008 -216.74057010 100.61302190
v 55.28310776 -219.75363160 116.36396030
v 83.00811768 -193.08126830 112.01414490
v 81.94250488 -155.65547180 103.00676730
v 53.22135544 -109.23901370 98.45391846
v 1.49116920 -102.52786331 97.95770874
v 70.89773560 -212.88880920 101.46788020
v 61.08569336 -112.74500270 101.46176910
v 88.65998840 -180.16452030 106.38208010
v 71.93980408 -132.87376400 101.77254490
v 79.13895416 -202.34309390 107.42039490
v 86.86763000 -184.36630250 104.86284640
v -35.09680648 -137.22752311 97.95770874
v 63.42281720 -218.36723419 97.95770874
v -45.07987976 -190.53083800 117.01232150
v -9.13796616 -103.90264130 110.46353150
v -25.53636360 -216.30892940 109.83975980
v 63.59920120 -115.09751890 101.18376160
v 72.25782776 -126.05819700 111.00566100
v 82.54960632 -157.29881290 100.39385990
v 39.90796280 -228.32691960 99.40519714
v -44.64394760 -177.50975040 104.71472170
v 8.56735992 -101.91934200 109.58497620
v -41.16787720 -196.82318120 108.65247340
v 75.12969208 -132.47138980 116.23402400
v -9.56637192 -103.67039490 113.73162080
v 73.33733368 -206.99407960 112.58715060
v -9.05189896 -103.15971370 115.79490660
v 72.31301880 -209.51567080 108.56011200
v 83.67697144 -196.90919490 105.58421330
v -28.42038536 -121.93287660 110.69983670
v 67.39522552 -125.19815830 100.84125520
v 2.73415160 -231.58787540 114.89788060
v 71.28677368 -212.29550170 102.71012880
v 82.64416504 -198.87641910 102.97432710
v 41.72810745 -227.59797670 103.41970830
v 27.06901753 -102.39960321 118.52094726
v 83.91625977 -144.63966370 108.80320740
v -12.86205959 -223.25634770 105.13286590
v -36.24005127 -204.07949830 105.12841800
v -44.84425735 -155.92260740 117.10192870
v -45.77420807 -181.34864810 111.69847110
v 77.73756409 -134.97866820 113.15808870
v 19.91712761 -232.87060550 112.51582340
v -4.80498695 -103.31500240 99.67258453
v 71.30722809 -212.65133670 100.70700070
v -15.13999367 -107.53675080 106.84931950
v 74.89927673 -206.26417540 110.17554470
v 85.25396729 -186.69979860 113.39265440
v 4.91010809 -235.69796750 117.66385650
v 80.84601593 -194.73962400 100.82835390
v 49.01911545 -106.78483580 99.93996429
v 87.02934265 -176.27352910 116.16699220
v 79.81513977 -194.42074580 99.64794159
v -41.08567047 -150.38888550 104.98280330
v -16.27372551 -107.76211550 113.77378850
v 84.47280121 -176.11631770 103.28981780
v 16.53165817 -231.99453740 102.15544890
v 86.17480185 -167.41821368 118.52094726
v 84.29786873 -161.31194529 97.95770874
v -20.68621063 -111.41992190 117.08548740
v 63.86376953 -216.43249510 106.67991640
v -30.39993095 -124.91738130 110.88484190
v -43.74043655 -158.29611210 108.85921480
v 4.34136057 -229.80015560 99.32879639
v -26.15118599 -118.28363040 113.81353000
v 66.73370361 -215.36985780 103.57884220
v 59.03783417 -113.52117920 111.10060120
v -34.42434311 -208.06715390 113.62417600
v 7.70689273 -243.18139797 118.52094726
v -44.28018951 -180.56170650 104.00626370
v 0.17748217 -230.60638430 114.59596250
v -38.87146759 -144.66336060 103.73384090
v 5.86340857 -235.84030150 117.47489930
v -21.66758919 -112.53482060 116.51499180
v -29.07640839 -124.62451170 100.09275050
v -31.64607239 -210.48321530 111.04740140
v 84.35855865 -192.10874940 103.30281830
v -41.01639175 -145.64401250 114.09024810
v 79.25396729 -196.37200930 118.01057430
v 77.15091705 -130.65020750 106.66511540
v -37.81625863 -199.77092402 97.95770874
v -40.14472198 -201.59643550 116.32792660
v -14.22061062 -106.30033870 112.62379460
v -43.34349062 -171.57287660 97.95770874
v 8.72424698 -101.37683110 116.91075130
v -6.03051014 -103.71585726 97.95770874
v 2.67597818 -229.66653440 105.70838930
v 20.23312378 -233.60292050 114.35399630
v 56.98244858 -221.49884030 99.96515656
v -37.82388742 -144.35984820 97.95770874
v 78.27249146 -200.34541320 113.74706270
v -47.17193222 -180.62289430 118.35791020
v -23.58354950 -114.59702300 117.38693240
v 87.27519226 -176.87734990 115.37168120
v 80.60363770 -139.72732540 112.48699950
v 78.50058746 -202.99679570 107.82160950
v -14.62475014 -223.78613280 112.41278080
v 80.04593658 -150.54418950 102.98094940
v -44.59107590 -189.45841980 112.91928100
v -15.74342918 -108.75077820 98.41201782
v 83.67272186 -146.01965330 111.70016480
v -42.28090374 -198.67142691 118.52094726
v 76.74952698 -205.60755920 99.63610077
v 84.48476410 -145.96609500 108.19073490
v -18.32351494 -109.42434690 115.10591130
v -45.68544006 -177.64233400 109.92439270
v 21.51650810 -232.68696590 111.93415830
v 15.87582970 -231.91633610 105.13489530
v -13.08581638 -106.79572300 100.59347530
v 84.75222778 -179.32653810 103.75390620
v 41.98148346 -226.98982240 112.88875580
v 48.40795898 -106.69273380 103.75975800
v 80.66809082 -139.35641480 104.85486600
v 85.04786682 -192.47859190 103.97145840
v 82.22000122 -156.86367800 102.07906340
v 73.44539642 -205.75723270 115.52478030
v 8.83935738 -232.79847720 114.60932160
v 87.38557434 -156.29147340 109.26295470
v 77.60170746 -204.82052610 99.98511505
v 83.52027130 -145.93980410 105.74638370
v 60.84678650 -218.89819340 103.61067960
v 56.95986938 -113.01475520 117.82448580
v -0.15475206 -102.64140377 97.95770874
v -4.11440134 -102.19743350 114.76081090
v 84.32382202 -177.87261960 100.55112460
v 78.47543291 -139.32433858 118.52094726
v 23.84659195 -232.05125430 106.81561280
v -29.06454277 -211.26538090 100.27725220
v 54.94018555 -110.01516720 107.41899110
v -28.30035973 -121.55986020 111.62744900
v -15.06729221 -107.08943180 110.84082790
v 72.72868347 -124.28504940 105.13489530
v -21.92231941 -114.46449280 100.39833070
v 83.83443451 -163.12817380 103.05873870
v -19.48175621 -110.99055480 110.46427920
v -33.74761733 -209.89241751 118.52094726
v -17.87282181 -222.42279050 114.38425450
v -27.91489029 -215.12283330 114.00473020
v 86.68005371 -190.05599980 105.69806670
v 35.11502075 -103.44218440 116.28872680
v 35.11502075 -103.73364260 110.94099430
v 52.89232635 -222.58264160 106.19898220
v 85.10139387 -165.98005032 97.95770874
v 73.31147003 -210.11544800 104.46293640
v 34.00560379 -231.25704960 115.24800110
v 24.17127419 -236.59260560 115.22801970
v 43.42185211 -227.20553590 99.19002533
v 83.63605499 -143.87634280 108.80191800
v 80.03551483 -151.21037290 101.46788020
v 44.20764923 -230.54745480 118.29850770
v 71.02895355 -210.34667970 109.50545500
v 22.51920891 -237.61442570 115.35462950
v 71.59128571 -212.38742070 100.27909850
v -18.52855301 -109.40582280 116.65290830
v 27.63238907 -231.61024480 98.05867767
v 11.15993595 -101.67746730 114.92559810
v 26.85122299 -103.19926450 99.95281982
v 29.15612411 -102.76727290 115.29559330
v 29.15612411 -103.32228850 100.85669710
v 29.15612411 -102.87575530 112.92730710
v 29.15612411 -102.67358400 117.20549010
v 29.15612411 -102.81524660 114.14964290
v 29.15612411 -102.72301480 116.28873440
v 29.15612411 -103.35563660 99.63439178
v 29.15612411 -244.04898070 116.76832580
v 56.12158203 -220.67041020 107.85096740
v 81.41259003 -138.67445370 106.04642490
v -8.10106373 -104.15936280 102.24085240
v 56.01872635 -110.01247410 99.59482574
v -39.62581253 -202.47653200 116.42634580
v -26.13189125 -215.63381960 108.89439390
v 63.37129211 -115.25308990 105.59465790
v 83.24508667 -182.07675170 101.46788020
v 84.78387451 -147.58456420 109.56587220
v 88.16094971 -170.38537600 113.65832520
v -7.96921349 -103.60630800 109.06741330
v 86.06446075 -155.35906980 112.90087890
v 74.72675323 -203.52909850 98.07747650
v 65.68279035 -212.01910787 118.52094726
v -28.71197701 -120.88918300 118.08405300
v -43.09841156 -182.07441710 98.56481934
v 49.32439804 -107.40660100 109.57499690
v 51.77808380 -224.01602170 99.09403992
v 65.20378876 -121.98504640 100.45574950
v 64.40950012 -216.29472350 105.90034480
v 87.10266876 -183.12356570 112.12157440
v 64.43574524 -215.21640010 110.33693700
v -45.90196228 -182.07441710 112.62173460
v 63.26071548 -117.93984990 100.02479550
v 29.64994812 -236.78219600 115.62772370
v -16.48474884 -220.35992430 98.17037964
v 66.24855804 -125.64962770 99.33749390
v 89.47125244 -166.33680730 109.41307830
v -36.07409668 -138.93902590 99.75134277
v 48.49749756 -225.24739070 100.08093260
v 72.47974396 -134.89515690 100.54299160
v 78.41799164 -132.94860840 107.58303830
v 85.13084412 -150.74996950 111.85989380
v -43.14144516 -186.93034360 103.06232450
v -41.25924612 -190.81045898 97.95770874
v 83.37647356 -185.28509976 97.95770874
v -39.90852356 -147.42520140 103.91445920
v 80.51062012 -195.67565920 115.22719570
v 11.73779964 -101.56822200 116.63250730
v -0.92439556 -228.22526550 101.50607300
v 36.44423676 -230.04151920 115.52501680
v 1.96181500 -102.01135250 110.33166500
v 82.30567932 -152.37075810 104.53276820
v 71.76226044 -212.01248170 99.32521057
v 67.13084412 -126.18908690 100.23442080
v 84.37206268 -151.13668820 114.70379640
v 49.84639740 -107.01894380 100.05704500
v 35.43111420 -229.88262940 114.58433530
v -17.97938180 -108.65134162 118.52094726
v 58.52933884 -112.08877560 99.53387451
v 26.65197820 -102.36882870 118.52094726
v 81.07179260 -201.43725590 102.39670560
v 28.69018364 -232.17974850 114.30265050
v 69.75569916 -120.92805480 103.00910190
v -18.86076164 -219.83229060 104.78411100
v 3.48701692 -101.32192230 116.28871920
v 50.12964348 -108.53781880 118.52094726
v -44.34638596 -153.34947200 117.81666560
v 13.77161980 -235.26437380 115.71102910
v -9.48841476 -224.91659550 104.52374270
v -45.48667908 -173.13536070 108.92036440
v 82.93902588 -144.33471680 105.57345580
v -33.44634628 -128.47145080 116.25155640
v -42.35661316 -190.96287540 104.07736210
v -37.31164932 -137.60479740 111.38081360
v 27.41304316 -103.33374312 97.95770874
v 54.59475708 -220.33589170 115.45225520
v -12.57636356 -222.68148800 99.47029877
v 71.33462524 -123.05799870 103.27529140
v 24.51505661 -102.84751130 107.23579410
v -36.60380675 -201.94439338 97.95770874
v 24.91355133 -232.74324040 114.05107120
v 54.30644989 -109.32640080 99.03128815
v 87.57121277 -160.52740480 111.84401700
v 83.43458557 -161.02685550 102.99567410
v 1.06763005 -228.87283330 100.85669710
v -26.27267075 -119.88152310 102.87751010
v -41.59629059 -195.62069700 108.22609710
v 56.57533693 -112.82038128 118.52094726
v 85.23620605 -150.44641110 111.09378050
v 86.57314301 -156.86257930 112.46963500
v 21.86029053 -232.11720280 99.86357117
v 27.85749245 -103.16632080 101.92618560
v 7.37094141 -242.78152686 118.52094726
v -37.97799683 -199.79977420 99.08126068
v 80.88923645 -137.91351320 108.81695560
v 0.50936061 -229.12457280 106.52129360
v 77.75600381 -144.29061463 97.95770874
v 69.07642365 -120.14993290 105.13489530
v 69.05480957 -210.83927920 113.23226930
v 78.84523773 -198.73924260 115.17134090
v 83.23620605 -144.85955810 105.72807310
v 3.26524925 -231.58763120 114.59326170
v -43.33018115 -149.73059793 118.52094726
v 38.53284861 -104.04071310 118.52094726
v 11.65327101 -247.63776597 118.52094726
v 70.41027069 -129.14845280 101.77517700
v 71.19606781 -125.45449830 102.37834930
v 57.66943741 -116.67243190 98.15174103
v 61.44431613 -219.53053015 97.95770874
v 37.43651581 -233.52659610 116.52833560
v 17.33269501 -242.99545290 116.65048220
v 31.90988541 -246.54367070 117.58023070
v 49.05017853 -107.15869140 107.73236850
v 3.48497405 -102.41896548 97.95770874
v 85.14550781 -149.81875610 106.34169770
v 77.70783997 -132.96080020 104.25663760
v 88.23620605 -162.90344240 111.47587590
v 51.39058685 -222.64802550 111.64766690
v 10.93654269 -246.95711939 118.52094726
v -7.80347395 -225.00466920 99.15541077
v 33.25878525 -230.38601680 113.08010100
v 9.25492477 -101.30238340 117.70207210
v 84.44307709 -166.79518130 103.67119600
v 65.61328125 -123.32524870 100.33268740
v 87.26245117 -161.98223880 106.02256770
v -42.65611267 -149.53495790 115.39327240
v -43.41566467 -185.35946660 102.91940310
v 25.52624893 -231.90432740 107.50318910
v 75.69471741 -207.98754880 104.00713350
v 9.83890429 -231.05360253 97.95770874
v -9.61216771 -102.93762470 118.52094726
v 57.10807037 -219.43127440 111.84378050
v -28.30171394 -213.71206670 109.11231990
v -21.80316162 -112.83251950 115.37198640
v -39.06599426 -146.93605040 99.85829163
v 76.45040894 -142.44097900 102.40248870
v 77.73755646 -205.59678650 104.48882290
v -45.64244738 -158.22779924 118.52094726
v 28.71864830 -102.53487330 118.52094726
v 75.68699646 -205.68653870 109.46260830
v 61.40737534 -219.52034000 98.33562469
v 86.26322174 -190.97074890 105.16126250
v 67.71787262 -126.16193390 100.79374690
v 29.49990654 -103.11101530 109.10749820
v -37.69741058 -201.79991150 104.52374270
v 88.58587646 -165.71588130 106.65408330
v 85.01158142 -169.92742920 100.55112460
v -43.11192322 -163.35736080 101.08589170
v -46.04264450 -165.44630430 115.17642970
v 89.70011902 -176.40673830 109.11857600
v -45.62909698 -174.05282590 109.56587220
v -38.81531906 -199.59062190 103.52908330
v 73.21062654 -204.72348530 118.52094726
v -26.97163010 -120.75688170 104.69264980
v 74.73369598 -207.18176270 98.75148773
v 82.73369598 -186.35260010 101.77346800
v -40.91633922 -154.32341965 97.95770874
v 83.07449854 -186.27874821 97.95770874
v -13.85513986 -221.77604494 97.95770874
v 84.61598206 -170.30941770 102.07906340
v 6.54426622 -232.41270450 114.98287200
v 69.92088318 -213.79837040 98.71208954
v -32.55904770 -211.13171390 118.34478000
v 83.61598206 -145.38308720 111.10649870
v 1.81264126 -232.50836180 116.69436650
v -5.61322498 -226.36978150 101.71491240
v -6.90558722 -102.07238083 118.52094726
v 75.61868286 -204.07650760 98.71133423
v 74.09301758 -208.61254880 106.58642580
v 44.43535614 -105.81996920 117.85485840
v 29.46237183 -231.48522950 113.00242610
v 20.30702591 -232.97677610 113.06704710
v 73.01173247 -135.06898104 97.95770874
v 82.83558655 -184.97747800 99.93996429
v 1.98513663 -233.78587340 117.62653350
v 38.30126591 -228.93426665 97.95770874
v 74.62794495 -127.89963530 103.58747860
v 61.44538879 -113.02664950 101.47341160
v 46.50515967 -225.38063380 118.52094726
v -29.46285057 -211.81649780 105.88203430
v 2.58885375 -229.09230154 97.95770874
v 83.89347839 -186.59806820 117.29865260
v 20.87668991 -102.49446110 111.75271610
v -42.81184769 -162.13502500 100.55112460
v 51.30834687 -224.34102288 97.95770874
v 81.74132479 -153.34956697 97.95770874
v 66.59727871 -216.39379160 97.95770874
v 59.43419647 -112.08581540 100.23208620
v 80.58857727 -142.65032960 116.76842500
v -32.59011841 -207.33145140 100.01634980
v 38.71960831 -229.74133300 116.39505000
v 47.34349823 -225.70075990 100.01558690
v 19.22462463 -243.80250550 116.64366910
v -46.00270081 -172.19000240 111.76813510
v 80.34349823 -192.53054810 99.33370209
v 60.74102783 -114.72930910 110.32984160
v -30.45164289 -209.40084783 97.95770874
v 52.64473343 -220.86157230 117.66387940
v 67.22848511 -126.88435360 98.41201782
v 81.90003967 -191.64701840 116.98033910
v 78.08259583 -132.14410400 106.66281890
v 73.19297791 -210.48339840 103.60697940
v 71.13122559 -122.38240810 105.13489530
v -35.23369217 -204.86804200 102.85048680
v 31.82999039 -230.80694580 103.45418550
v 86.07217407 -185.50912480 112.46398160
v -43.07830017 -168.17680672 97.95770874
v 81.46044159 -189.86376950 100.85474400
v -8.17575169 -227.53622440 114.76561740
v 85.87302399 -176.38290410 104.52164460
v 81.48475647 -141.53656010 112.44677730
v 46.92435455 -225.33883670 107.12120820
v 76.58857727 -131.18069460 109.51365660
v -7.58716417 -229.40299599 118.52094726
v 73.52412415 -126.15106960 107.73385620
v 87.44268799 -166.68060300 114.64222720
v -42.63971329 -153.39224240 108.81922910
v 84.07873535 -194.57875060 107.89038850
f 4722 1033 3396
f 5129 3396 9343
f 9343 10792 706
f 7693 706 1354
f 2705 1354 10784
f 12562 8631 1199
f 1199 4165 12562
f 11681 2216 7992
f 10183 7029 1467
f 9820 10183 1467
f 7382 5889 191
f 11689 10424 5889
f 2090 5066 3661
f 3923 11911 1851
f 11211 11587 3923
f 998 6798 11587
f 6798 898 9885
f 998 191 6798
f 9266 6860 7465
f 6860 9820 7465
f 6860 10183 9820
f 1407 7992 6860
f 7992 10183 6860
f 2853 7992 1407
f 1407 2038 2853
f 4165 7992 2853
f 9568 4165 2853
f 12562 3159 12782
f 10044 12562 12782
f 10095 6519 7466
f 5395 10095 7466
f 5395 4729 9551
f 5395 7466 4729
f 7262 7955 5805
f 7955 2705 5805
f 5805 2705 1001
f 1001 2705 10784
f 7693 2705 7955
f 7955 11814 6955
f 6389 9343 7955
f 7955 9343 7693
f 9343 6389 5129
f 6389 8036 5129
f 11646 4722 5129
f 5129 4722 3396
f 8036 12011 11326
f 2740 11326 12011
f 12011 6955 11814
f 1406 2740 10645
f 6988 4567 6157
f 4567 1897 6157
f 1897 11614 6157
f 8326 6157 11614
f 3595 8326 11614
f 849 8684 9262
f 4450 9268 5395
f 7625 9268 4450
f 4450 6902 7040
f 6902 4996 11653
f 4729 6123 4996
f 11653 12516 6902
f 6902 12516 2776
f 12516 7954 2776
f 7954 12516 4268
f 6940 9568 2393
f 2393 2038 7662
f 4579 9266 1047
f 9266 11211 1047
f 8226 4579 1047
f 9977 5942 8078
f 4664 7319 9977
f 7319 5942 9977
f 9713 4704 7319
f 9713 2449 4704
f 4704 2449 8999
f 2449 8430 4268
f 7954 4268 8430
f 151 6828 7954
f 11222 2776 6828
f 11614 1897 849
f 8163 11614 849
f 10130 8163 6799
f 6799 8163 849
f 5794 10130 3567
f 10130 6799 3567
f 12437 12530 5794
f 9641 7630 2951
f 3595 8163 10130
f 10597 9120 12392
f 9120 7513 645
f 645 7513 9322
f 30 7513 9120
f 2452 30 9120
f 9757 9802 8271
f 9802 5678 11495
f 9322 2879 11698
f 5528 6959 9407
f 9407 11495 2370
f 2370 11495 3572
f 6773 3883 9641
f 11142 3145 6956
f 5901 11142 6956
f 5901 6956 3572
f 9407 8458 6493
f 11753 5528 11680
f 7068 11753 11680
f 7068 7413 2661
f 7732 7413 7068
f 11473 7732 7068
f 11473 5528 6493
f 5462 9407 2370
f 11490 2370 3572
f 11490 3572 6956
f 11490 6956 7822
f 7862 9673 5347
f 5347 9673 6661
f 10732 11266 9532
f 5398 5150 8147
f 9274 5150 5398
f 8430 11411 9985
f 8430 2449 9713
f 9713 9295 11411
f 8308 9445 2410
f 2410 9985 11411
f 4555 151 2410
f 1540 937 4555
f 1540 10148 1587
f 1941 8147 5150
f 8147 12738 9033
f 12738 5674 9033
f 8727 3538 5674
f 6661 11405 5347
f 7862 5347 7233
f 7862 7233 9048
f 3145 9048 12879
f 11490 7822 1157
f 2370 11490 6780
f 11473 8190 8715
f 7413 7732 11936
f 8335 11936 5461
f 8335 5461 10360
f 6589 5461 11936
f 8715 7732 11473
f 3688 8190 8458
f 3688 5462 6780
f 6780 11490 9719
f 9719 11490 1157
f 8851 1157 7822
f 1603 909 3471
f 7462 10325 4187
f 11122 8727 11408
f 11408 5674 3807
f 3807 5674 12738
f 12738 8147 1941
f 1941 3475 6920
f 1941 7744 3475
f 3475 7744 10148
f 1540 4555 9445
f 3475 10148 12115
f 2146 12822 3362
f 7969 3958 5422
f 7448 1287 3949
f 11217 5285 10666
f 6735 11217 4362
f 6735 4362 8707
f 7462 12038 4599
f 10325 4599 4397
f 3471 9778 6068
f 1603 3471 6068
f 12843 1603 2928
f 8851 8144 12378
f 3688 12435 4974
f 3688 4974 12422
f 8353 3038 6054
f 10042 6054 907
f 6589 5725 7832
f 7965 9640 7832
f 12602 7832 5725
f 12602 10042 6407
f 6407 10042 907
f 11020 3038 12422
f 4987 11020 4974
f 6136 4987 4974
f 38 2928 1603
f 3896 6068 9778
f 3896 9778 4397
f 2725 11172 8707
f 10666 7641 279
f 7448 3949 7632
f 3949 11926 7042
f 7935 6221 11148
f 11148 7969 4742
f 5422 5578 4742
f 5578 9344 2774
f 9344 808 2774
f 9344 2146 808
f 2146 3362 808
f 808 3362 3937
f 3362 8664 3937
f 8664 7259 10998
f 9674 6565 5980
f 12408 8832 9803
f 2619 9803 3519
f 3896 3519 10788
f 10788 4070 3603
f 9174 7323 8763
f 4987 5343 8413
f 11020 8413 6298
f 8855 6911 7965
f 6911 5019 10069
f 10069 5626 11967
f 11967 5626 9734
f 5046 7308 6298
f 5046 6298 8413
f 5046 8413 11363
f 11363 5343 11162
f 4700 8763 4219
f 11214 4828 9803
f 11419 10352 7236
f 10352 9054 7236
f 2199 7774 11660
f 6452 11617 12609
f 2141 1835 9455
f 2141 9308 1835
f 10716 9308 2141
f 4018 9308 10716
f 4018 8201 9308
f 9874 9604 2667
f 9874 10941 9963
f 10189 6602 4260
f 11319 4260 7544
f 12553 1328 4260
f 1328 10189 4260
f 12638 1291 2667
f 1187 12486 10709
f 10719 10018 242
f 5545 4796 10719
f 763 2284 9674
f 4736 6452 1989
f 4828 9942 9546
f 4700 1161 11162
f 7308 5046 1358
f 7308 1358 9734
f 10069 11967 8373
f 3189 3011 5380
f 7751 8266 9667
f 3647 5740 8266
f 9867 5976 5380
f 8830 9790 11967
f 8830 9734 1358
f 7393 11162 1161
f 1079 5199 2695
f 9942 10962 9546
f 11660 4736 12560
f 1989 2284 5339
f 2284 763 11847
f 763 5614 9597
f 10719 242 5545
f 242 10018 3636
f 10018 1835 3636
f 3636 1835 34
f 34 8201 12486
f 9564 1187 3952
f 3952 1291 12638
f 3952 12638 11728
f 12638 3922 3188
f 3922 9604 3188
f 3188 1328 653
f 3188 10053 11728
f 10293 11728 52
f 10293 3952 11728
f 10293 9564 3952
f 9564 6162 12486
f 3707 3636 6162
f 6733 2145 10596
f 7900 2145 6733
f 992 2167 2031
f 1022 10188 5861
f 1559 5141 10235
f 6143 1559 11303
f 7922 6143 10368
f 7922 10368 9790
f 6697 9790 6042
f 8196 8129 12159
f 8554 8104 10777
f 10777 3169 1043
f 1043 8640 12579
f 9087 1043 3169
f 8104 4901 10777
f 4593 8129 8196
f 8334 6585 6042
f 8334 10368 270
f 11903 270 11303
f 5861 2470 6721
f 6721 2470 5846
f 992 2031 8636
f 2031 9107 5746
f 6226 6733 10596
f 917 7900 6733
f 12765 4702 2591
f 4702 12765 7930
f 6721 4702 7930
f 5861 10438 6316
f 8741 11764 12112
f 5587 11506 7536
f 5587 7536 10235
f 11303 10235 11492
f 270 11903 5378
f 270 5378 945
f 8334 11482 6585
f 6585 11482 1883
f 4593 1883 8129
f 8129 1883 11474
f 8104 11474 9769
f 8104 9769 4901
f 5098 3169 11478
f 11478 3169 4901
f 2701 9769 11474
f 2701 11474 8274
f 8274 1883 11482
f 11061 945 5378
f 12440 10235 7536
f 7101 10848 10678
f 10848 8636 6164
f 10848 6164 5342
f 6164 5746 5250
f 6226 8302 11267
f 8302 9710 2154
f 367 4711 9710
f 8053 9707 367
f 6195 5018 10073
f 365 5018 6195
f 10764 1127 365
f 10764 9707 1127
f 2967 4711 9707
f 2154 11267 8302
f 6446 12846 9358
f 4749 12846 6446
f 8800 4749 11805
f 10438 8800 6805
f 11764 10438 6805
f 12112 11764 11665
f 1355 12112 9018
f 1355 9018 2149
f 11656 11492 11096
f 11061 7894 9051
f 8274 11482 11206
f 9769 2701 11478
f 5098 5054 6963
f 4142 4562 8877
f 685 5632 8867
f 6212 9863 2629
f 7008 8244 3316
f 1573 7275 11295
f 8027 4394 10141
f 10009 10317 6740
f 10317 5557 6740
f 5342 12580 2876
f 7440 3620 12727
f 3620 11267 7805
f 2154 4711 9767
f 4711 2967 7884
f 10764 365 6195
f 6195 10073 5677
f 380 4740 9251
f 9524 8888 2818
f 8888 3107 2818
f 10009 6740 1053
f 4763 10695 8027
f 1573 7435 4330
f 1573 4330 5887
f 7275 5887 5212
f 1705 7275 7008
f 9863 6212 2779
f 8867 4446 685
f 12233 4142 792
f 792 685 4446
f 6313 2779 9294
f 11404 6971 10470
f 6184 5015 9394
f 4714 5491 5015
f 4714 4763 5491
f 8888 9524 9162
f 9524 12523 5427
f 9524 5427 9162
f 8545 4099 9181
f 9181 4099 10698
f 10698 10087 8558
f 8558 4740 380
f 1165 5427 5876
f 9162 5427 1165
f 11715 1053 6227
f 4154 1110 6819
f 4154 4763 1110
f 5015 5491 8453
f 9394 8453 6029
f 10470 10231 1863
f 10470 1863 11404
f 6313 9294 12537
f 4446 6313 792
f 792 3646 12233
f 10826 1832 12537
f 12537 10883 10826
f 6029 1863 10231
f 2823 6227 7329
f 6036 9162 11711
f 9162 1165 11030
f 9181 7442 1986
f 9181 8558 7442
f 7713 10991 11711
f 10991 5844 7329
f 1160 8453 1612
f 6029 1160 12489
f 6029 12489 5421
f 10883 3558 5596
f 1832 10826 6761
f 9338 3558 5421
f 9338 5421 3815
f 3815 5421 12489
f 12489 1160 11329
f 1160 9246 11329
f 1160 5148 9246
f 8728 3488 6282
f 10991 7713 11713
f 7713 11030 3389
f 8838 1986 12631
f 10953 2642 4278
f 6329 3724 644
f 4333 6329 6338
f 5081 4333 6338
f 6057 12068 11158
f 6057 11158 7644
f 10766 9504 2986
f 8047 10766 7797
f 11475 2719 4435
f 11475 10334 347
f 4433 11776 6770
f 4160 8194 5280
f 4164 7870 2391
f 4433 5619 11776
f 11233 5094 4433
f 577 11233 10334
f 9965 577 10334
f 2415 9965 11475
f 2415 11475 4435
f 4434 2415 4435
f 8896 4434 9332
f 4163 8896 9332
f 7899 10281 8002
f 8 45 3633
f 10586 1814 8446
f 12330 6182 6001
f 12330 6001 10469
f 641 10469 6917
f 641 6917 10252
f 10311 8476 12860
f 10311 12860 885
f 885 12860 10912
f 885 10912 3882
f 3882 10912 1423
f 3882 1423 8328
f 3919 9073 9176
f 6363 3919 9176
f 454 9073 3919
f 8206 9073 454
f 3882 8328 8206
f 3816 885 3882
f 9592 885 3816
f 9592 10311 885
f 2495 10311 9592
f 2495 8476 10311
f 3573 8476 2495
f 3573 1234 8476
f 5241 1234 3573
f 5241 11526 1234
f 8829 641 11526
f 12610 641 8829
f 12610 12330 641
f 205 5750 7362
f 10447 6362 1377
f 1847 7 8120
f 12780 1847 1130
f 583 12529 3672
f 1123 5095 9817
f 11706 3871 5095
f 10023 2326 3871
f 5456 2415 2326
f 5456 11900 2415
f 1522 5956 5094
f 5956 3532 5094
f 3532 4161 5094
f 3532 11705 4161
f 11705 7425 4161
f 7425 6573 4160
f 4491 2185 9628
f 2084 10535 11900
f 6951 1123 8395
f 6015 6951 7899
f 6015 7899 8396
f 3962 583 3988
f 3988 9383 7420
f 2279 8120 3755
f 1482 2444 6488
f 12188 798 3526
f 6919 2730 10749
f 128 12515 8228
f 7375 128 4926
f 7375 4926 756
f 756 4926 1365
f 756 1365 8072
f 8072 1365 8935
f 8072 8935 137
f 137 8935 120
f 137 120 9955
f 9955 120 10548
f 4511 756 8072
f 5859 7375 756
f 5859 12515 7375
f 4559 10742 12515
f 248 5037 10742
f 8006 5037 248
f 8006 1299 5037
f 6919 11446 2730
f 10033 8906 2730
f 1543 3526 8906
f 12188 3526 1543
f 6488 7676 1482
f 11738 978 10967
f 12744 8257 11721
f 3786 3988 7420
f 3962 3988 3786
f 7715 6028 7637
f 9430 7979 4380
f 10855 8919 9
f 3120 3397 7973
f 3120 2675 3397
f 9999 9998 8205
f 9998 9611 8205
f 6223 1940 9611
f 1440 3978 31
f 3978 3076 11902
f 3076 32 11902
f 12420 8204 10944
f 3580 3076 6267
f 1440 6267 3076
f 10905 1440 4272
f 8674 4272 6223
f 8686 9999 5281
f 7418 4591 4951
f 7565 9612 12057
f 7419 2211 11395
f 7419 2789 2211
f 5921 10855 2789
f 5921 8919 10855
f 7418 3120 8919
f 5921 7418 8919
f 10093 5921 2789
f 1507 7419 11395
f 2211 2789 3609
f 11395 2211 734
f 11395 734 7979
f 9612 5803 10913
f 356 9831 11696
f 11696 9831 1864
f 11696 1864 1698
f 11109 1698 1864
f 7357 10514 752
f 752 10514 6426
f 7091 4978 11830
f 5134 4143 9688
f 3618 1117 2309
f 1858 1117 12521
f 10442 12521 179
f 10442 179 2932
f 2932 12510 4861
f 1226 2484 6072
f 1226 3557 2329
f 3116 1919 7540
f 1741 3116 12190
f 1741 12190 8183
f 8183 443 1240
f 920 8183 12421
f 920 1741 8183
f 1919 1741 1555
f 3357 2329 1919
f 1003 4861 4379
f 10841 10442 4155
f 4155 10442 2932
f 7828 9688 2029
f 9916 9688 7828
f 9688 9916 5134
f 11830 5134 9916
f 10555 11830 9916
f 6426 11830 10555
f 12861 11109 6460
f 1698 11109 12861
f 6472 11696 5774
f 2919 11696 6472
f 2087 10093 1220
f 5441 8686 4951
f 5444 6809 8686
f 11316 5448 8674
f 5448 4668 10905
f 4449 7656 6267
f 6557 2685 12420
f 11816 3814 2685
f 8721 11816 2685
f 11670 8721 6557
f 1732 1868 4449
f 12139 12138 5444
f 12139 5444 5441
f 9292 12139 5441
f 9292 5441 5447
f 1084 9292 5447
f 8719 1084 6344
f 1084 5447 6344
f 11034 6344 2087
f 11035 6650 5446
f 5158 5446 5442
f 6871 5442 5443
f 10205 6472 5774
f 11104 5774 1698
f 5296 5774 11104
f 9513 7281 3991
f 9513 3991 6070
f 7828 7549 6070
f 7549 2029 3792
f 3537 5455 1003
f 11633 12904 6781
f 4465 6781 3357
f 4465 3357 8016
f 1555 1179 635
f 2311 1645 8270
f 2191 2311 8270
f 10619 635 1179
f 635 1873 8016
f 239 4465 1873
f 239 6781 4465
f 4699 6781 239
f 10203 10652 3537
f 10203 3537 4699
f 3537 11633 4699
f 11320 3537 10652
f 2690 4569 8782
f 4569 3792 10969
f 1489 7549 3792
f 4612 7549 1489
f 4612 6070 7549
f 9513 6070 4612
f 5911 9513 4612
f 2924 9513 5911
f 2924 7281 9513
f 2765 8186 5224
f 8519 8720 11035
f 10582 1084 10854
f 10582 9292 1084
f 10582 3535 9292
f 1840 12138 12139
f 2384 2355 6089
f 1868 3534 7656
f 3534 11670 7656
f 9905 8721 11670
f 8378 4302 395
f 11694 6357 12663
f 6683 4302 2980
f 4302 4548 2980
f 4548 9905 2980
f 3534 1868 9151
f 9151 1868 2355
f 9154 2355 2384
f 10581 9154 2384
f 9153 10581 6639
f 9152 1840 3535
f 3597 3535 10582
f 5056 3597 10582
f 10579 5056 10582
f 9155 9986 4111
f 9155 4111 10580
f 9155 10580 3892
f 10893 8377 1850
f 10893 5673 8377
f 5673 8382 8377
f 5673 9184 8382
f 9184 8383 8382
f 9184 108 8383
f 108 209 8383
f 107 8380 209
f 8380 107 8376
f 107 1270 8376
f 1270 8374 8376
f 1422 6593 8994
f 4068 10510 2492
f 10510 10823 2492
f 7825 3700 4302
f 7825 4302 8378
f 395 7825 8378
f 2492 395 6357
f 4068 6357 5509
f 4068 2492 6357
f 4068 5509 9891
f 8994 9891 11879
f 9154 11694 2355
f 11879 9154 9153
f 8667 6639 9723
f 8667 9723 6867
f 12459 6867 1840
f 12459 1840 9152
f 2688 9152 3597
f 4721 2688 3597
f 6652 5056 322
f 7725 6652 322
f 3280 7725 322
f 12451 9155 3892
f 7157 12451 3892
f 3074 12583 12451
f 12284 9986 135
f 12284 3280 9986
f 12284 7725 3280
f 7725 11175 6652
f 11175 5056 6652
f 11175 4721 5056
f 8376 2688 4721
f 8374 8375 2337
f 8379 3052 8667
f 8379 8381 3052
f 8381 11879 3052
f 8381 8994 11879
f 7172 8381 8379
f 11879 9891 9154
f 3052 11879 9153
f 2337 8341 12459
f 8374 2337 2688
f 8376 8374 2688
f 11175 8380 4721
f 8383 7725 12284
f 8382 8383 12284
f 7157 3074 12451
f 12583 9155 12451
f 12583 135 9155
f 135 9986 9155
f 5056 4721 3597
f 2688 2337 9152
f 2337 12459 9152
f 12459 8341 6867
f 6867 9723 2253
f 8341 8667 6867
f 8667 3052 6639
f 3052 9153 6639
f 11694 12663 2355
f 9891 11694 9154
f 8994 6593 9891
f 2491 3700 7825
f 2491 7825 1136
f 12485 12501 3268
f 1957 3268 12501
f 7469 3268 1957
f 4744 1957 698
f 5312 1957 12501
f 589 9978 6840
f 6840 4744 698
f 6260 1493 589
f 11826 10526 12131
f 6260 589 12131
f 6286 698 5312
f 5312 7486 9682
f 9682 7486 1215
f 12067 6286 9682
f 12131 9658 5598
f 12131 11973 5127
f 5598 9658 11476
f 10306 1215 1276
f 10306 9682 1215
f 1276 12632 5102
f 6501 12204 7522
f 6507 7697 1422
f 3701 3744 4469
f 3701 4469 1071
f 6508 3701 1071
f 2910 6508 1071
f 3293 3186 1270
f 12815 7726 4004
f 7663 2924 5004
f 5004 2924 5911
f 5911 11889 5004
f 3478 5189 10572
f 5180 4786 5501
f 7030 1049 10652
f 7780 4825 10203
f 12460 1873 527
f 8638 7514 3345
f 1759 11923 527
f 591 10139 6471
f 5927 4825 591
f 4825 7780 591
f 11350 7030 4825
f 7030 9990 5180
f 4027 3478 5180
f 3478 4786 5180
f 1093 12764 5004
f 11156 11438 309
f 2229 7726 11934
f 5540 7726 3057
f 6506 8384 5708
f 5708 4002 5770
f 4002 9588 5770
f 9588 12707 6505
f 1646 11160 3293
f 11071 3701 6508
f 1763 3744 3701
f 1763 10670 6507
f 2905 6128 3727
f 2905 2172 6128
f 11289 12566 3788
f 5487 7467 6995
f 11835 2912 2553
f 4807 109 8491
f 10512 4807 8491
f 1966 10512 12098
f 11581 1966 12098
f 6449 9245 5986
f 10100 6449 5986
f 1965 10100 1619
f 1965 1619 232
f 6266 1619 7793
f 5986 7793 1619
f 5986 9245 7793
f 9245 11581 1572
f 1572 11581 12098
f 2553 2912 5959
f 2912 5487 8050
f 6995 8050 5487
f 6995 5739 8050
f 6995 7467 5739
f 2283 1114 8807
f 12566 5178 3788
f 1114 5178 12566
f 4773 424 12566
f 12566 11289 2172
f 2905 12566 2172
f 1180 5813 3791
f 10159 3791 3340
f 3340 3171 2274
f 9625 2274 3171
f 12715 9625 1763
f 9704 114 11071
f 9704 11071 11160
f 1441 9588 4002
f 4322 3789 4171
f 3789 12092 7988
f 3378 3793 7988
f 3790 8122 9704
f 4321 12554 9625
f 12554 2274 9625
f 3028 1180 10159
f 1180 1443 12564
f 8050 1506 9795
f 8050 4107 1506
f 4107 2283 1506
f 9795 1506 424
f 424 1506 8807
f 2834 9795 424
f 2834 424 4773
f 424 8807 1114
f 424 1114 12566
f 5959 9795 2834
f 3027 1443 4518
f 1443 1180 3028
f 8048 11177 1640
f 2653 8048 3411
f 3320 10896 950
f 6869 3320 8825
f 8825 3320 950
f 8825 950 3378
f 4152 3411 8122
f 7610 12554 6485
f 6485 12554 4321
f 1640 6485 8048
f 6485 4321 5807
f 3411 6485 5807
f 8122 3411 5807
f 5807 9625 8366
f 8048 6485 3411
f 4152 8122 3790
f 4152 3790 3793
f 950 10896 4152
f 950 4152 3378
f 8825 3378 12092
f 5816 12092 4322
f 10728 5816 4322
f 10728 4322 4171
f 2931 10728 4171
f 12772 1460 4939
f 3799 12772 4939
f 8348 2022 2545
f 2022 6665 6135
f 11933 10544 6916
f 11933 6916 11792
f 7608 7067 12636
f 3930 12230 6528
f 6528 3823 8822
f 6713 3823 4932
f 6713 4932 8987
f 8082 756 4511
f 5859 756 8082
f 8006 248 10239
f 4779 1299 8006
f 9173 6919 4609
f 11446 6919 9173
f 6390 3329 11714
f 11136 7676 3329
f 11136 4679 11738
f 978 11738 4679
f 4937 11721 116
f 10374 3962 3786
f 6309 1864 12369
f 4978 6390 4143
f 3618 9688 4143
f 3618 8386 1117
f 1117 179 12521
f 3557 6072 1158
f 7540 3494 445
f 12190 445 655
f 12190 655 443
f 443 4255 408
f 5455 4155 1003
f 8782 10841 5455
f 7549 7828 2029
f 10555 9916 6070
f 3991 1461 10555
f 5224 6460 7667
f 7667 6460 752
f 7667 752 1461
f 3991 10555 6070
f 10969 1858 10841
f 10841 4155 5455
f 11633 4379 12904
f 12904 1226 3357
f 635 8016 1555
f 1555 1741 920
f 12269 2191 10789
f 7780 10203 8758
f 1873 12460 239
f 3303 1873 10619
f 10789 7514 12269
f 10789 3345 7514
f 3303 10619 7514
f 12269 7514 10619
f 6638 8638 11692
f 1759 8638 6638
f 6471 10139 12230
f 9201 591 6471
f 5927 591 9201
f 7826 11350 12114
f 7826 9990 7030
f 6916 4027 9990
f 4027 6916 10627
f 6665 5952 2202
f 5952 6665 5004
f 6665 1093 5004
f 6646 11156 309
f 2229 5130 9167
f 1460 7303 3057
f 1460 3057 9509
f 3745 6646 6499
f 1173 1093 6665
f 6665 2202 57
f 2022 1173 6665
f 1173 309 1093
f 6499 1173 8348
f 8348 1173 2022
f 1173 6646 309
f 9167 5130 3745
f 6499 6646 1173
f 9509 9167 3745
f 9509 2229 9167
f 3057 2229 9509
f 1460 9509 4939
f 4939 3745 3799
f 4939 9509 3745
f 3745 5130 11156
f 3745 11156 6646
f 2202 10627 10544
f 6916 10544 10627
f 6916 9990 3135
f 3135 9990 5481
f 5481 9990 7826
f 7826 7030 11350
f 5481 7826 12114
f 7608 5927 7067
f 12230 7998 3823
f 3823 7998 4932
f 4932 7998 6638
f 12099 4932 6638
f 12099 6638 11692
f 6638 7998 1759
f 4932 12099 8987
f 3930 6471 12230
f 7067 9201 11839
f 9201 3930 11839
f 7067 5927 9201
f 7608 12114 5927
f 9201 6471 3930
f 12230 11923 7998
f 8082 6603 5859
f 8273 3130 6603
f 8273 4559 3130
f 10239 248 4559
f 10988 4609 4779
f 9540 11446 7168
f 8386 9037 1543
f 5384 4679 11136
f 6309 12386 4937
f 12369 12064 6309
f 557 4679 5384
f 12064 12386 6309
f 6659 6309 4937
f 6659 4937 3254
f 3254 4937 116
f 3254 116 557
f 557 116 4679
f 4143 6390 9037
f 4143 9037 8386
f 1117 8386 9540
f 7168 12510 3735
f 1445 6537 3494
f 445 3494 10239
f 445 10239 8273
f 655 8273 6603
f 655 6603 12376
f 9954 12376 6603
f 5679 9954 8082
f 5679 8082 5469
f 408 4255 5679
f 7540 1445 3494
f 1445 3557 1158
f 12376 443 655
f 12376 9954 4255
f 5679 4255 9954
f 445 8273 655
f 10988 6537 1445
f 10988 4779 6537
f 1158 10988 1445
f 1158 8423 10988
f 6072 8423 1158
f 12510 9173 8423
f 12510 8423 6072
f 7168 9173 12510
f 179 9540 7168
f 1117 9540 179
f 8386 1543 9540
f 8423 9173 4609
f 8423 4609 10988
f 6537 8006 10239
f 6537 10239 3494
f 10239 4559 8273
f 8082 9954 6603
f 8082 3317 5469
f 3366 443 408
f 443 12376 4255
f 3116 445 12190
f 3116 7540 445
f 3735 179 7168
f 4143 8386 3618
f 4978 7048 6390
f 7091 7048 4978
f 7048 7091 5384
f 10514 5384 7091
f 10514 557 5384
f 10514 3254 557
f 6659 3254 10514
f 7357 6659 10514
f 11109 6659 7357
f 11109 6309 6659
f 1864 6309 11109
f 9831 12369 1864
f 12369 10374 12064
f 7002 10374 12369
f 10374 3786 12064
f 12064 4120 12386
f 12064 3786 4120
f 4120 12744 12386
f 4937 12386 12744
f 4937 12744 11721
f 116 978 4679
f 5384 11136 7048
f 7048 11136 3329
f 7048 3329 6390
f 6390 11714 8003
f 6390 8003 9037
f 9037 8003 1543
f 1543 8906 10033
f 1543 10033 9540
f 9540 10033 11446
f 9173 7168 11446
f 4779 8006 6537
f 6603 3130 5859
f 3317 8082 4511
f 4511 8072 1560
f 3317 4511 1560
f 1502 8987 606
f 6622 8822 6713
f 3151 11839 3930
f 3151 10066 11839
f 7067 11839 10066
f 12636 7067 10066
f 7831 585 5481
f 11792 3993 11933
f 3993 10544 11933
f 5208 6135 12577
f 2545 6135 5208
f 8150 12772 3799
f 837 11 6861
f 11 9586 6861
f 11 8426 9586
f 12147 1387 12528
f 12147 12480 1387
f 12480 9052 1965
f 5439 10100 9052
f 5439 8795 10100
f 5512 1121 9929
f 1121 6856 4807
f 5512 6856 1121
f 6856 9976 4295
f 9976 2680 4295
f 2680 9578 8818
f 7196 7600 5815
f 7600 10321 5815
f 10938 7600 7196
f 10938 7196 10234
f 8101 10234 7196
f 12622 2680 9976
f 12622 6437 2680
f 12622 9976 11858
f 4283 11858 5512
f 4283 5512 5055
f 6141 8795 5439
f 1817 6141 5439
f 12648 10734 12147
f 12198 11325 12075
f 2607 12585 12047
f 9838 3769 5810
f 5810 3769 2248
f 12670 193 11920
f 1884 9477 12172
f 9477 10394 12172
f 8172 9733 10394
f 5958 8172 10394
f 6387 3368 10234
f 3914 8101 6437
f 12622 3914 6437
f 7271 12622 11858
f 10269 7271 11858
f 4238 1905 1817
f 12047 4238 1817
f 4238 5810 1905
f 5810 6728 11434
f 7271 6728 12670
f 11099 11920 7568
f 9775 3368 12172
f 12172 9733 9775
f 9733 5630 9775
f 9775 12054 3368
f 6387 12172 3368
f 10380 12172 6387
f 3914 10380 6387
f 6924 1884 10380
f 11099 10380 3914
f 12622 11099 3914
f 11099 12622 7271
f 12670 11099 7271
f 6728 7271 10269
f 5810 2248 6728
f 4238 12585 5810
f 5882 12047 1817
f 5330 12047 5882
f 2758 5882 1305
f 10734 1305 1045
f 554 12648 11
f 11964 10734 12648
f 5882 1045 1305
f 5882 9624 1045
f 1905 5810 11434
f 1905 11434 4283
f 11434 10269 4283
f 11434 6728 10269
f 3914 6387 8101
f 6387 10234 8101
f 3368 12054 10938
f 12594 273 2071
f 928 5958 10394
f 2071 928 9477
f 2071 9477 1884
f 12594 1884 6924
f 5152 12594 6924
f 7568 5152 6924
f 5597 5152 7568
f 5597 7568 11920
f 12120 4751 5152
f 7496 8889 193
f 9838 6754 7171
f 2796 11893 2200
f 2796 2200 8779
f 10048 7322 8779
f 4685 3351 3196
f 7566 3351 4685
f 12639 7566 7084
f 12639 1147 4910
f 8465 10048 2572
f 10048 11904 2572
f 2200 2607 11904
f 6606 12075 217
f 1433 8630 12772
f 1106 2545 5208
f 2465 3993 9879
f 3993 11792 9879
f 5778 11792 585
f 5778 9879 11792
f 9038 1822 12636
f 9505 10066 3151
f 9505 3151 12256
f 6191 12256 6528
f 6191 6622 3152
f 11497 10589 8748
f 11497 7238 10589
f 7238 10415 6191
f 9505 12256 10502
f 9403 9038 9505
f 5044 5778 3404
f 7924 4072 6235
f 7924 3552 4072
f 1237 8150 9222
f 4072 5208 2846
f 1106 5208 4072
f 4765 1106 4072
f 4765 3552 5270
f 3552 4765 4072
f 9222 8150 3552
f 9222 3552 7924
f 10651 3351 7566
f 10651 3196 3351
f 10651 1088 3196
f 8534 1088 405
f 405 7322 8534
f 654 12406 9608
f 2605 10500 12364
f 5287 10259 12364
f 6878 8835 273
f 6878 11774 8835
f 2963 11774 12693
f 12644 12693 6878
f 6878 12693 11774
f 11880 5997 1899
f 5052 8239 5287
f 5287 10500 9711
f 12406 11654 9711
f 11697 11654 654
f 11697 654 10595
f 11697 10595 1856
f 11697 1856 627
f 1856 12205 627
f 9859 1088 8901
f 5600 1527 7036
f 7036 5947 5600
f 2044 5947 4077
f 4077 10003 2710
f 2710 10003 11026
f 11026 4042 5835
f 6483 7348 2802
f 9346 8916 12676
f 8780 9346 1509
f 7142 1740 11281
f 4521 11281 2085
f 2440 7142 4521
f 3655 2440 3998
f 3655 8780 2440
f 4310 8907 8916
f 955 11308 8907
f 4498 5835 4342
f 6360 2710 11026
f 825 2710 6360
f 5478 7552 5600
f 12228 11674 7552
f 12228 11421 11674
f 2478 5179 256
f 3546 8836 10036
f 12759 8942 6466
f 8792 6360 6520
f 6520 4498 6525
f 2532 7310 10588
f 5257 10588 7310
f 870 5257 2301
f 465 9265 10740
f 6218 5167 465
f 9113 244 10265
f 2205 2301 9113
f 6037 10588 870
f 5407 12211 2291
f 10576 12759 501
f 10576 10036 12759
f 10576 6432 10036
f 5163 9946 9482
f 177 2478 5163
f 7024 2479 4358
f 11219 4594 2812
f 2812 3746 8831
f 3746 4594 2312
f 883 7493 482
f 7493 11642 6219
f 6219 5007 5454
f 12518 5007 7827
f 7827 11424 1014
f 1014 3301 5053
f 10410 5053 7394
f 10410 7394 691
f 3582 6586 9771
f 8408 3582 8683
f 6595 1203 8402
f 6595 8402 4139
f 8681 8402 1203
f 8681 1203 12216
f 8681 12216 11563
f 9771 11563 3582
f 10381 9771 1820
f 4997 6596 7206
f 7206 7976 4997
f 9092 10381 5053
f 7394 10381 1820
f 7976 9092 1067
f 7260 7976 10605
f 1067 9092 3301
f 10605 1067 11424
f 4785 1166 10605
f 10230 7395 1166
f 10230 1166 11642
f 11642 1166 4785
f 11642 3428 10230
f 4950 3428 4733
f 4733 3428 10914
f 10914 3428 11642
f 10914 7493 883
f 10195 2255 2303
f 12611 1388 2255
f 4218 5628 4003
f 12041 2010 9649
f 11037 12041 5628
f 11037 5628 4218
f 12094 12830 11259
f 11259 315 5503
f 5503 11037 181
f 181 11037 10195
f 10195 11037 4218
f 10195 4218 12611
f 181 9975 5503
f 5159 5503 9975
f 10049 181 2550
f 5369 10049 2550
f 2436 10049 3992
f 3992 5369 6831
f 6831 5369 4594
f 3992 5814 11718
f 7492 5814 4805
f 4805 6831 5035
f 2142 4805 5035
f 7492 4805 2142
f 3277 12733 11508
f 3154 5159 8126
f 1838 2436 11718
f 3154 10177 5159
f 894 1094 3444
f 1999 11102 11822
f 11822 11102 9357
f 11822 9357 7330
f 7330 9357 4065
f 4065 9357 12578
f 8022 12578 9357
f 4076 3452 10136
f 6563 4076 7785
f 3545 7785 6027
f 1206 11940 680
f 1206 680 10054
f 9136 979 619
f 619 979 7556
f 979 6835 7556
f 7556 6835 1930
f 11218 529 11641
f 8563 11218 8137
f 8470 8563 1605
f 8470 1605 9483
f 9483 8301 8470
f 8470 2196 8563
f 2196 11218 8563
f 957 11981 529
f 1930 6892 10869
f 7556 1930 10869
f 10869 11981 7556
f 11981 619 7556
f 11981 957 619
f 9645 619 957
f 7339 9497 8301
f 12117 3545 7339
f 12117 6563 3545
f 9606 6563 12117
f 466 2077 9606
f 3829 9606 721
f 721 9606 11455
f 9606 12117 11455
f 12117 5365 11455
f 8362 12117 1538
f 8362 1538 9483
f 8241 5365 8362
f 11957 3829 1929
f 3547 721 8324
f 8324 8241 12293
f 12293 8241 8941
f 8941 8362 9483
f 8941 9483 2260
f 2260 9483 1605
f 2260 1605 8137
f 8137 11641 9947
f 11409 8261 2929
f 9661 5584 12709
f 731 4961 5641
f 12621 4961 731
f 11825 8998 12709
f 8998 9036 12709
f 9036 11409 9661
f 1658 8261 11409
f 9009 9947 1658
f 1195 11597 9036
f 4488 1112 7035
f 3866 6333 1112
f 2260 11597 6333
f 12293 3866 4063
f 4063 3866 4488
f 4488 3866 1112
f 5747 8494 7035
f 4090 7035 10208
f 6386 11825 12621
f 6386 6325 11825
f 6325 10015 4090
f 8494 5747 2998
f 7391 9017 2998
f 9380 6175 3879
f 12042 6175 9380
f 6965 11249 6175
f 1199 6965 12042
f 12042 9380 11681
f 514 6708 7033
f 10183 7033 9763
f 10183 2216 7033
f 7033 6708 9763
f 6708 800 9763
f 800 7029 9763
f 7029 10064 7382
f 2670 3286 10064
f 3286 11689 10064
f 2670 4531 5824
f 10930 12621 731
f 4531 8351 10930
f 8351 4531 9821
f 10015 6325 8351
f 8020 5747 4090
f 720 2998 8020
f 7391 2998 720
f 3879 7391 720
f 3879 720 6708
f 6708 720 10062
f 10062 8020 800
f 800 8020 9821
f 6708 10062 800
f 514 3879 6708
f 8020 10062 720
f 2998 5747 8020
f 4090 10015 8020
f 10015 9821 8020
f 9821 10015 8351
f 800 9821 9270
f 9270 9821 4531
f 10064 9270 4531
f 4531 10930 5824
f 8351 6386 10930
f 10930 731 5824
f 11689 3286 10424
f 10064 4531 2670
f 11689 7382 10064
f 9270 7029 800
f 7029 9270 10064
f 9380 514 7033
f 11681 9380 7033
f 6965 1199 8631
f 6965 8631 6636
f 6839 6175 11249
f 9017 4488 8494
f 9017 7347 4063
f 7347 9017 11276
f 11878 7347 11276
f 4474 11276 6842
f 6839 4474 6842
f 10467 4474 6839
f 747 4468 4474
f 12355 11878 11276
f 11878 12293 7347
f 12355 123 3547
f 10613 3318 123
f 10613 123 12355
f 10613 7746 3318
f 12183 7746 10613
f 7746 12183 6248
f 7895 6248 12183
f 12847 11107 7895
f 12847 6351 11107
f 11107 6248 7895
f 7746 12370 3318
f 12370 12130 3318
f 12130 4038 3318
f 4038 11957 1929
f 11957 466 3829
f 7302 1212 12578
f 8938 12578 1212
f 4957 11822 7330
f 136 5738 1999
f 6699 3444 136
f 2649 894 3444
f 6699 2649 3444
f 9309 136 1999
f 3409 1999 4957
f 3409 4957 36
f 4957 7330 656
f 8938 1212 11957
f 8938 11957 4038
f 12130 8938 4038
f 12370 3066 12130
f 12840 4065 12370
f 5917 656 12840
f 5917 36 656
f 5917 4532 3409
f 4532 4577 444
f 5050 6701 444
f 3415 5050 440
f 6701 5050 3415
f 440 12789 3415
f 12789 440 1033
f 10768 1033 5295
f 3396 1033 10768
f 10792 10768 8038
f 10792 8038 2869
f 6351 4532 8811
f 5295 4577 6351
f 5295 5050 4577
f 8038 5295 6351
f 12847 2869 8038
f 2869 10473 1113
f 2869 12847 10473
f 1113 10473 6494
f 3168 6720 4274
f 6494 3168 7853
f 1113 6494 7853
f 6994 7853 816
f 12512 6636 816
f 816 6636 8631
f 6636 10467 11249
f 11249 10467 6839
f 4274 12512 3168
f 6720 12183 4274
f 12512 4274 10467
f 12512 10467 6636
f 10784 7853 6994
f 706 2869 1113
f 10784 1113 7853
f 7853 12512 816
f 3168 12512 7853
f 6494 6720 3168
f 10792 2869 706
f 10768 5295 8038
f 5295 1033 440
f 5112 1383 6701
f 6701 2649 6699
f 1383 2649 6701
f 5112 6701 3415
f 12789 5112 3415
f 5050 5295 440
f 6699 9309 3409
f 6701 6699 444
f 5050 444 4577
f 4577 4532 6351
f 6699 3409 444
f 444 3409 4532
f 5917 12840 8811
f 4532 5917 8811
f 36 5917 3409
f 12370 4065 3066
f 12130 3066 8938
f 656 7330 4065
f 656 4065 12840
f 4957 656 36
f 136 9309 6699
f 1999 3409 9309
f 4065 12578 3066
f 12578 8938 3066
f 7302 2077 1212
f 3318 1929 123
f 3318 4038 1929
f 6248 12840 7746
f 8811 12840 6248
f 11107 8811 6248
f 6351 8811 11107
f 8038 6351 12847
f 10473 6720 6494
f 10473 7895 6720
f 12847 7895 10473
f 7895 12183 6720
f 7746 12840 12370
f 12183 10613 747
f 3547 8324 11878
f 11878 8324 12293
f 11878 12355 3547
f 4468 10613 12355
f 747 10613 4468
f 4274 12183 747
f 4274 747 10467
f 747 4474 10467
f 4468 12355 4474
f 4474 12355 11276
f 6842 9017 7391
f 6842 11276 9017
f 7683 6839 6842
f 1199 12042 4165
f 6636 11249 6965
f 6965 6175 12042
f 9380 3879 514
f 6839 7683 6175
f 6175 7683 3879
f 7683 7391 3879
f 6842 7391 7683
f 8494 2998 9017
f 5747 7035 4090
f 6325 6386 8351
f 6325 10208 11825
f 10208 8998 11825
f 10208 6325 4090
f 8494 4488 7035
f 9017 4063 4488
f 12293 4063 7347
f 12293 8941 3866
f 3866 8941 6333
f 6333 8941 2260
f 1112 11597 1195
f 1112 6333 11597
f 7035 1112 1195
f 1195 10208 7035
f 1195 8998 10208
f 9036 8998 1195
f 11597 2260 9009
f 9009 9036 11597
f 9009 8137 9947
f 9947 11641 1658
f 1658 11641 529
f 1658 529 8261
f 8261 529 8174
f 8261 8174 167
f 1658 11409 9009
f 9036 9009 11409
f 12709 12621 11825
f 12709 9036 9661
f 12621 12709 4961
f 12621 10930 6386
f 9661 2929 5584
f 4961 12709 5584
f 2929 9661 11409
f 8137 9009 2260
f 123 1929 3547
f 721 3547 1929
f 3829 721 1929
f 721 8241 8324
f 8241 11455 5365
f 8362 8941 8241
f 12117 8362 5365
f 11455 8241 721
f 3829 466 9606
f 11957 1212 466
f 1212 2077 466
f 2077 3452 9606
f 9606 3452 6563
f 6563 7785 3545
f 12117 7339 1538
f 7339 8301 1538
f 7339 6027 9497
f 8301 1206 8470
f 9497 1206 8301
f 10054 9645 1206
f 1206 9645 2196
f 9645 10054 9136
f 9645 9136 619
f 2196 9645 957
f 11218 2196 957
f 2196 8470 1206
f 8301 9483 1538
f 8563 8137 1605
f 11218 11641 8137
f 11218 957 529
f 529 10869 8174
f 529 11981 10869
f 10869 6892 8174
f 9346 10502 10415
f 12676 10502 9346
f 9569 9505 12676
f 9569 9403 9505
f 7142 10415 7238
f 7142 7238 11497
f 9695 4521 2085
f 4956 3655 3998
f 244 955 8907
f 9088 955 244
f 2301 3305 9088
f 3305 955 9088
f 3305 5257 4354
f 7310 3767 6483
f 7310 6483 5257
f 5257 6483 4354
f 3305 11621 955
f 244 8907 5361
f 5361 8907 3655
f 8907 4310 3655
f 5361 3655 4956
f 9265 3998 9695
f 2108 5881 6278
f 10265 3881 9113
f 9035 2205 9113
f 9035 11635 2205
f 806 12299 12012
f 10781 12299 806
f 7292 5070 2480
f 7292 3109 5070
f 299 3109 7292
f 5791 376 7902
f 6651 6210 376
f 376 6210 11504
f 376 11504 7902
f 1431 299 7902
f 299 10833 3109
f 10430 5070 5518
f 8710 12320 11982
f 12299 6037 12012
f 11635 4493 2205
f 6037 870 4493
f 12012 6037 4493
f 12012 4493 11635
f 12299 11982 5407
f 12320 501 9226
f 12320 10011 501
f 10833 1431 3101
f 11504 12495 9519
f 10857 4870 1861
f 10857 1861 801
f 6307 801 11786
f 7433 6307 10383
f 7433 801 6307
f 857 6649 3090
f 3090 6687 9765
f 9765 6687 2155
f 12555 10714 5476
f 8682 6756 2820
f 6756 12286 2820
f 2820 12286 10140
f 6727 6218 10546
f 7337 6540 5881
f 10853 1177 3417
f 806 1177 10853
f 2104 8883 806
f 8883 1283 10781
f 1682 7292 2606
f 12539 7292 1682
f 10702 6651 2151
f 9263 1002 11786
f 7301 11486 857
f 11486 6649 857
f 2155 6687 11947
f 10714 7551 5893
f 10140 12286 7478
f 10140 7478 25
f 25 7478 6727
f 12286 2235 7478
f 11783 227 12286
f 5893 7244 8428
f 7551 12153 5011
f 6378 12153 7551
f 2647 3244 11203
f 11486 7301 7763
f 8577 10351 1002
f 6321 1652 7342
f 10702 2151 7342
f 7342 2151 12539
f 10351 12539 1682
f 11486 11729 12356
f 10853 12153 6378
f 10895 806 10853
f 3244 8883 2104
f 12356 4922 3244
f 11729 4683 4922
f 11729 4922 12356
f 7763 1682 2606
f 10351 1682 7763
f 7763 2606 11729
f 8577 12539 10351
f 12539 8577 9039
f 7342 12539 9039
f 1652 10702 7342
f 6321 7342 9039
f 4870 9039 9263
f 9039 8577 1002
f 7301 10351 7763
f 7763 11729 11486
f 2647 12356 3244
f 11203 3244 2104
f 2104 10895 11203
f 10895 6378 8725
f 10895 10853 6378
f 12153 3417 5011
f 5011 6540 7244
f 5893 5011 7244
f 7244 7337 8428
f 8428 7337 11783
f 8428 11783 6756
f 3285 5893 8428
f 7551 5011 5893
f 8725 7551 12555
f 9492 8725 12555
f 8725 6378 7551
f 11947 10895 8725
f 11947 11203 10895
f 6687 11203 11947
f 6687 2647 11203
f 6649 12356 2647
f 6649 11486 12356
f 7301 857 2041
f 6307 5317 7301
f 5317 10351 7301
f 5317 6307 11786
f 1002 10351 5317
f 11786 1002 5317
f 1861 9263 11786
f 9263 9039 1002
f 4870 9263 1861
f 4870 6321 9039
f 2151 5791 12539
f 12539 5791 7292
f 2606 7292 2480
f 2606 2480 4683
f 4683 10430 5240
f 11729 2606 4683
f 4922 4683 5240
f 4922 5240 1283
f 3244 4922 1283
f 3244 1283 8883
f 8883 10781 806
f 2104 806 10895
f 1177 806 12012
f 7337 2108 227
f 7337 5881 2108
f 3881 5881 6540
f 9035 3881 6540
f 11635 9035 3417
f 1177 11635 3417
f 10853 3417 12153
f 3417 9035 6540
f 3417 6540 5011
f 7244 6540 7337
f 11783 7337 227
f 12286 227 2235
f 7478 2235 6727
f 6218 6727 2235
f 5476 11084 10070
f 3252 5476 10070
f 12555 5476 3252
f 12710 12555 3252
f 11147 2155 12710
f 925 9765 11147
f 925 3090 9765
f 4248 3090 925
f 4570 9340 7433
f 2880 5404 9340
f 9340 10857 7433
f 5404 10857 9340
f 10736 406 121
f 2472 121 4570
f 10471 11627 7605
f 7605 11627 4292
f 4307 198 2328
f 198 4410 2328
f 4575 3252 11668
f 3197 3252 10070
f 3197 11668 3252
f 2983 1889 411
f 7927 10072 5617
f 10072 1776 5617
f 7927 6098 10072
f 10313 10820 7735
f 7735 12615 7390
f 599 7390 12615
f 10448 9714 12203
f 12203 9714 3810
f 10072 6098 10313
f 6658 1776 10072
f 1776 6658 11210
f 7249 3946 5350
f 2770 10856 7249
f 7417 3003 10856
f 8847 1681 1799
f 12828 1681 8847
f 5239 10091 2421
f 12003 5239 8094
f 7578 12003 6082
f 2013 7578 6082
f 7578 5014 5239
f 3235 12828 8618
f 3235 4672 12828
f 4672 2036 1681
f 1799 1681 2036
f 1799 2036 3003
f 3003 12677 10856
f 12677 6411 3946
f 6982 12292 2748
f 6982 2748 842
f 1169 6982 842
f 6982 7318 12292
f 3946 6982 1169
f 3946 7318 6982
f 3946 411 7318
f 3946 2983 411
f 6411 2983 3946
f 6411 1889 2983
f 12677 3946 7249
f 10856 12677 7249
f 2067 1889 6411
f 3197 2067 6411
f 3197 6411 12677
f 2974 3197 12677
f 11668 3197 2974
f 6408 11668 2036
f 3235 2328 4672
f 2328 6408 4672
f 7578 12270 5014
f 7605 12270 7578
f 1736 10471 7605
f 5855 2472 1736
f 10736 2472 5855
f 10146 8517 8073
f 6171 648 2013
f 648 1736 2013
f 5855 1736 648
f 2013 6082 6171
f 6082 12003 4898
f 11578 12003 8094
f 8094 12875 11578
f 12875 8094 2421
f 12875 2421 12388
f 12388 8089 5672
f 8847 4878 12185
f 2252 1799 5031
f 8420 12026 7717
f 2770 12478 7717
f 11415 12478 5912
f 6658 7717 11415
f 8420 7717 6658
f 11416 2252 5031
f 10173 9575 12388
f 11578 12875 9804
f 8772 11578 9804
f 8772 4898 11578
f 8772 2585 4898
f 42 6082 4898
f 6171 6082 42
f 4085 12667 6171
f 4085 11197 12667
f 12667 648 6171
f 12667 8073 648
f 3014 942 12363
f 3014 11969 942
f 3014 12363 1665
f 3040 8772 9804
f 3040 9804 3810
f 9575 10173 12203
f 10173 11505 12203
f 5105 11416 7390
f 11416 6040 7390
f 10313 10019 6554
f 10072 8420 6658
f 6554 10072 10313
f 10019 10313 6040
f 6040 11416 10019
f 5105 4878 11416
f 599 5105 7390
f 12185 5105 599
f 11505 12185 599
f 11505 5672 12185
f 11505 599 10448
f 11505 10448 12203
f 9804 9575 12203
f 12491 42 2585
f 4085 42 4462
f 4085 1665 11197
f 11197 10146 12667
f 3163 2398 10146
f 3163 11197 12363
f 3163 10146 11197
f 42 12491 4462
f 3040 10347 8772
f 2585 8772 10347
f 3912 2585 10347
f 3912 12491 2585
f 12491 3912 4462
f 7124 3014 1665
f 8540 3014 7124
f 5954 8015 12885
f 9306 10437 9409
f 8177 5303 11374
f 3801 8177 11374
f 1408 4014 12858
f 2918 636 2294
f 1565 453 3801
f 1886 11398 453
f 1886 11573 11398
f 5548 5051 11573
f 8649 5235 5548
f 9064 3493 12090
f 3493 9064 9409
f 3470 12885 2533
f 12387 10835 8975
f 2978 4091 8275
f 1094 8275 4091
f 4091 1132 1111
f 1111 1132 5649
f 255 571 2487
f 2899 11568 10418
f 2487 2899 10418
f 680 10418 11568
f 7257 680 2626
f 6835 9449 2800
f 6835 2851 9449
f 2052 2851 979
f 10054 7257 979
f 11940 10418 680
f 2487 10418 6027
f 7785 255 2487
f 4076 489 334
f 9536 3771 2507
f 9536 9133 3771
f 8022 5621 9536
f 5621 8022 11974
f 2231 1111 11102
f 2231 4091 1111
f 5738 2231 11102
f 11102 1111 733
f 733 11974 9357
f 12899 11974 733
f 11974 8022 9357
f 9536 7302 8022
f 9536 2507 7302
f 2507 10136 7302
f 10136 2507 4076
f 489 4076 2507
f 334 255 4076
f 255 7785 4076
f 2487 6027 7785
f 6027 10418 11940
f 680 7257 10054
f 10054 979 9136
f 2851 6835 979
f 1565 12607 2626
f 12607 1565 8025
f 1565 3801 4941
f 11261 2001 1697
f 2001 5082 1697
f 8649 5548 1625
f 4867 8649 1625
f 2775 9064 12090
f 2775 616 9064
f 5743 9064 616
f 9826 11959 9306
f 11959 7921 9306
f 7712 3470 11959
f 8626 5954 6604
f 8975 8626 12387
f 2978 12387 8626
f 2978 8626 11676
f 4867 740 2775
f 740 4867 1625
f 1606 11261 8185
f 11261 1697 8185
f 2664 3270 8962
f 8185 1697 3270
f 1437 740 3905
f 7731 2775 740
f 7731 616 2775
f 5274 9826 4962
f 1379 9826 5274
f 4561 7712 1379
f 4561 12212 7712
f 4091 11676 1132
f 5649 11676 12212
f 5649 1132 11676
f 5649 12212 4561
f 1437 571 334
f 571 3905 1606
f 571 1606 2899
f 12899 5274 5621
f 4561 5274 12899
f 4561 1379 5274
f 4962 9133 5274
f 4962 616 7731
f 7731 740 489
f 1437 489 740
f 3905 571 1437
f 1606 8185 2899
f 2899 8185 2664
f 2664 8962 11568
f 2664 11568 2899
f 8185 3270 2664
f 1606 1625 11261
f 1625 1606 3905
f 740 1625 3905
f 4962 5743 616
f 7712 12212 6604
f 11676 6604 12212
f 11676 8626 6604
f 8975 5954 8626
f 6604 3470 7712
f 11959 1379 7712
f 11959 9826 1379
f 9826 5743 4962
f 9306 5743 9826
f 9306 9409 5743
f 2775 12090 4867
f 12090 8649 4867
f 5548 11261 1625
f 11261 5548 2001
f 5082 1886 453
f 5082 3270 1697
f 5082 5729 3270
f 8962 3270 5729
f 8962 5729 1565
f 453 5729 5082
f 1565 4941 8025
f 4941 11777 8025
f 4941 2918 11777
f 11777 2918 2294
f 11777 1466 6715
f 2294 1466 11777
f 10780 11777 6715
f 8025 10780 4079
f 8025 11777 10780
f 2626 8962 1565
f 12607 8025 10274
f 12607 10274 2052
f 10274 8025 4079
f 10780 6715 9449
f 9449 6715 7149
f 2800 9449 7149
f 4079 10780 9449
f 2851 4079 9449
f 2052 10274 4079
f 2052 4079 2851
f 7257 2052 979
f 7257 12607 2052
f 7257 2626 12607
f 11568 2626 680
f 11568 8962 2626
f 571 2899 2487
f 334 571 255
f 489 1437 334
f 3771 489 2507
f 3771 7731 489
f 9133 7731 3771
f 9133 4962 7731
f 5621 9133 9536
f 5621 5274 9133
f 12899 5621 11974
f 12899 5649 4561
f 5649 12899 733
f 1111 5649 733
f 4091 2231 1094
f 4091 2978 11676
f 10835 5954 8975
f 5954 12885 6604
f 12885 3470 6604
f 7921 11959 3470
f 9409 9064 5743
f 1990 8649 12090
f 1990 5235 8649
f 5235 5051 5548
f 5548 11573 2001
f 11573 1886 2001
f 1886 5082 2001
f 453 1565 5729
f 3801 11374 4941
f 4941 11374 2918
f 1408 1466 2294
f 4014 5617 11353
f 5617 4014 7927
f 5982 12615 11398
f 10448 5982 5051
f 9714 10448 5051
f 4466 3810 9714
f 3040 3810 4466
f 10461 10347 3040
f 10461 11575 10347
f 9042 3912 11575
f 2533 7124 6020
f 8540 8015 9506
f 11969 8540 9506
f 10437 11575 9409
f 11575 3493 9409
f 10461 4466 3493
f 9042 11575 10437
f 9042 10437 7921
f 6020 7921 2533
f 8015 7124 12885
f 9506 5954 10835
f 8540 7124 8015
f 6020 4462 9042
f 9042 4462 3912
f 3912 10347 11575
f 11575 10461 3493
f 10461 3040 4466
f 4466 9714 5235
f 5051 5982 11573
f 5982 599 12615
f 11398 12615 453
f 12615 7735 8177
f 7735 5303 8177
f 7735 10820 5303
f 10820 6098 636
f 7927 4014 2294
f 5617 1776 11353
f 11353 12858 4014
f 2294 4014 1408
f 636 7927 2294
f 11374 636 2918
f 11374 10820 636
f 5303 10820 11374
f 8177 3801 453
f 453 12615 8177
f 11573 5982 11398
f 5051 5235 9714
f 1990 4466 5235
f 3493 1990 12090
f 3493 4466 1990
f 10437 9306 7921
f 7921 6020 9042
f 2533 7921 3470
f 12885 7124 2533
f 5954 9506 8015
f 11969 3014 8540
f 7124 1665 6020
f 1665 4462 6020
f 1665 4085 4462
f 12363 11197 1665
f 2398 8517 10146
f 8073 12667 10146
f 4085 6171 42
f 42 4898 2585
f 9804 12875 9575
f 10173 12388 5672
f 5672 11505 10173
f 5105 12185 4878
f 4878 2252 11416
f 6554 5031 7417
f 11416 5031 10019
f 5031 6554 10019
f 8420 10072 6554
f 7717 12478 11415
f 11415 11210 6658
f 11415 5912 11210
f 12478 8739 5912
f 8739 3233 5912
f 5350 1169 8739
f 12478 5350 8739
f 12478 7249 5350
f 2770 7717 12026
f 6554 12026 8420
f 7417 12026 6554
f 5031 1799 7417
f 4878 8847 2252
f 5672 12828 12185
f 8089 12828 5672
f 2421 8618 8089
f 12388 2421 8089
f 12875 12388 9575
f 2421 8094 5239
f 11578 4898 12003
f 5855 648 8073
f 10736 8073 9072
f 10736 5855 8073
f 8517 9072 8073
f 2472 10471 1736
f 1736 7605 7578
f 12270 4292 5014
f 4292 2982 5014
f 5014 12007 10091
f 4307 2328 3235
f 6408 4575 11668
f 2036 11668 2974
f 2974 3003 2036
f 3003 2974 12677
f 4672 6408 2036
f 8618 4307 3235
f 8618 10091 4307
f 2013 1736 7578
f 12003 7578 5239
f 5239 5014 10091
f 10091 8618 2421
f 8618 12828 8089
f 12828 8847 12185
f 12828 4672 1681
f 8847 1799 2252
f 1799 3003 7417
f 7417 10856 12026
f 12026 10856 2770
f 7249 12478 2770
f 3946 1169 5350
f 1169 3233 8739
f 1169 842 3233
f 1776 11210 6882
f 7735 7390 6040
f 3810 9804 12203
f 10448 599 5982
f 7735 6040 10313
f 10313 6098 10820
f 636 6098 7927
f 1776 6882 11353
f 6729 7489 325
f 9075 6729 325
f 411 325 7318
f 411 9075 325
f 9075 411 1889
f 1889 1393 9075
f 1393 6729 9075
f 8682 1393 1889
f 2067 8682 1889
f 10070 133 2067
f 3197 10070 2067
f 12710 3252 4575
f 4575 6408 2328
f 4410 12710 4575
f 11147 12710 4410
f 2328 4410 4575
f 198 11147 4410
f 925 11147 198
f 12007 925 198
f 12007 4307 10091
f 12007 198 4307
f 3093 4248 925
f 3093 925 2982
f 925 12007 2982
f 5014 2982 12007
f 4292 3093 2982
f 11074 3093 4292
f 11627 11074 4292
f 7605 4292 12270
f 11627 4570 10383
f 4570 11627 10471
f 9340 4570 2880
f 2472 4570 10471
f 121 2880 4570
f 121 2472 10736
f 121 406 2880
f 4570 7433 10383
f 11627 10383 11074
f 10383 9602 11074
f 9602 857 4248
f 9602 2041 857
f 11074 9602 3093
f 3093 9602 4248
f 9765 2155 11147
f 12710 9492 12555
f 11084 133 10070
f 2067 133 8682
f 3067 8682 133
f 8682 2820 1393
f 1393 2820 6729
f 6729 10140 7489
f 2820 10140 6729
f 6756 11783 12286
f 6756 8682 3067
f 3285 8428 6756
f 3067 3285 6756
f 133 3285 3067
f 3285 133 11084
f 10714 5893 3285
f 11084 10714 3285
f 10714 11084 5476
f 12555 7551 10714
f 9492 11947 8725
f 9492 2155 11947
f 2155 9492 12710
f 6649 2647 6687
f 3090 6649 6687
f 4248 857 3090
f 10383 2041 9602
f 2041 6307 7301
f 10383 6307 2041
f 10857 801 7433
f 1861 11786 801
f 8908 10857 5404
f 4870 10857 8908
f 6210 11078 11504
f 10833 3101 3109
f 5070 3101 5518
f 10430 5518 10576
f 10430 10576 10011
f 11078 8460 12495
f 9519 12495 5163
f 3101 9482 6432
f 12495 177 5163
f 11078 12495 11504
f 9519 5163 1431
f 3101 6432 5518
f 5518 6432 10576
f 10011 10576 501
f 12320 9226 5407
f 12299 5407 2291
f 10781 11982 12299
f 11982 12320 5407
f 8710 10011 12320
f 5240 10011 8710
f 10430 10011 5240
f 3109 3101 5070
f 299 1431 10833
f 7902 9519 1431
f 7902 11504 9519
f 6651 376 2151
f 2151 376 5791
f 5791 7902 299
f 7292 5791 299
f 5070 10430 2480
f 4683 2480 10430
f 5240 8710 1283
f 10781 8710 11982
f 1283 8710 10781
f 1177 12012 11635
f 3881 9035 9113
f 3881 10265 5881
f 10265 6278 5881
f 2108 6278 5167
f 2108 5167 227
f 5167 6218 227
f 6218 2235 227
f 5022 10546 6218
f 12274 9695 6276
f 9695 12274 10740
f 10740 9265 9695
f 4956 3998 9265
f 3998 2440 4521
f 3998 4521 9695
f 9695 2085 6276
f 6835 2800 1930
f 1206 9497 11940
f 6027 11940 9497
f 6027 7339 3545
f 3452 4076 6563
f 10136 3452 2077
f 2077 7302 10136
f 8022 7302 12578
f 11102 733 9357
f 11822 4957 1999
f 5738 11102 1999
f 3444 5738 136
f 1094 5738 3444
f 1094 2231 5738
f 3277 2142 12733
f 11508 12733 7024
f 12733 2142 7028
f 3277 7492 2142
f 7492 11718 5814
f 7492 1838 11718
f 5814 3992 6831
f 4805 5814 6831
f 4594 5369 10012
f 2436 3992 11718
f 2436 9975 10049
f 10049 5369 3992
f 10049 9975 181
f 5159 9975 8126
f 181 10195 2550
f 11259 5503 5159
f 11259 12830 315
f 11259 5159 10177
f 10177 12094 11259
f 9486 10597 12392
f 11095 5694 645
f 5694 8466 9120
f 8466 12392 9120
f 11095 645 9747
f 11163 11095 9747
f 11163 9747 12052
f 9747 9322 5949
f 11698 11753 7068
f 5949 11698 7068
f 5949 7068 9927
f 8335 2843 2661
f 1233 2661 2843
f 1233 2843 2386
f 2386 6091 2621
f 6091 8335 10360
f 497 5725 6589
f 5903 10042 497
f 2165 6054 5903
f 2165 8353 6054
f 6780 9719 12435
f 3688 6780 12435
f 8190 8353 2165
f 8715 2165 5903
f 7732 5903 497
f 5461 6589 3787
f 11678 8912 3170
f 6279 7521 7751
f 7751 7521 12428
f 8155 7965 3189
f 9640 8155 12428
f 9640 7965 8155
f 7521 6279 10472
f 7268 9640 7521
f 9640 12428 7521
f 10472 7268 7521
f 3170 7103 11678
f 7832 8855 7965
f 11020 6298 1008
f 4987 8413 11020
f 6136 5343 4987
f 3431 9174 8763
f 3603 4070 9174
f 4404 3519 3896
f 4404 2619 3519
f 10601 9842 9319
f 10601 9319 940
f 7448 4822 940
f 7448 7632 4822
f 7632 7042 4822
f 11148 4742 8817
f 4742 5578 6565
f 5578 2774 6565
f 5639 808 3937
f 5639 3937 4208
f 6565 2774 3453
f 10601 5142 9054
f 9842 9054 10352
f 9842 10601 9054
f 3326 9842 10352
f 8678 279 4216
f 2556 8678 8832
f 2556 8832 12408
f 279 9842 3326
f 7042 3330 7774
f 4822 7042 7774
f 940 4822 5142
f 10601 940 5142
f 5142 4822 2199
f 4822 7774 2199
f 3330 7935 11617
f 2774 5639 3453
f 2774 808 5639
f 8664 4208 3937
f 8817 4742 6565
f 8817 11617 11148
f 11617 7935 11148
f 3330 7042 7935
f 9066 7448 940
f 9319 9066 940
f 3473 9319 9842
f 279 3473 9842
f 10666 279 8678
f 4362 10666 8678
f 8707 4362 8678
f 2725 8707 2556
f 4404 7112 2619
f 8707 8678 2556
f 2725 2556 12408
f 2725 12408 2619
f 7112 2725 2619
f 38 3603 9174
f 38 9174 3431
f 3431 8763 7642
f 6136 7642 5343
f 1008 9106 907
f 7832 12602 8855
f 3189 6911 3011
f 12428 3189 5976
f 12428 5976 1371
f 5740 12579 11602
f 5740 3647 12579
f 3647 10507 1043
f 3011 12159 8554
f 2799 8196 12159
f 4046 6143 7922
f 207 1559 6143
f 1559 7393 5141
f 7393 10558 5141
f 8750 1022 1597
f 10188 8750 5169
f 6521 10962 10567
f 7289 5043 1340
f 1340 5043 7211
f 7211 12560 10056
f 12560 4736 10056
f 4736 1989 7626
f 1989 5339 7626
f 2284 11847 11178
f 9107 9597 5545
f 2145 8611 10596
f 9107 5545 2145
f 11178 2167 992
f 11178 11847 2167
f 6546 11178 992
f 7626 6546 8146
f 10056 7626 11846
f 11092 10056 11846
f 7289 1340 7009
f 10567 4893 6803
f 10567 6803 3953
f 6521 10567 3953
f 5169 6521 3953
f 7626 5339 6546
f 10567 12382 4893
f 12382 7009 4893
f 12382 7289 7009
f 1340 7211 11092
f 7211 10056 11092
f 5339 11178 6546
f 2167 9597 9107
f 242 8611 2145
f 242 3636 8611
f 11847 9597 2167
f 5339 2284 11178
f 10056 4736 7626
f 5043 7869 7211
f 5043 7289 12382
f 5892 5043 12382
f 7150 12382 10567
f 7150 5892 12382
f 7047 10962 6521
f 9546 5169 8750
f 9546 7047 5169
f 6521 5169 7047
f 8750 10188 1022
f 2695 8750 1597
f 2695 1597 10750
f 1079 2695 10750
f 1079 10750 10558
f 1161 1079 10558
f 207 6143 4046
f 1358 4046 7922
f 1358 7922 8830
f 2799 12159 3011
f 5380 3011 8554
f 5740 11699 9667
f 11699 5740 11602
f 11699 11602 4504
f 9755 4855 11329
f 9755 11329 9246
f 11713 10537 8828
f 9755 9246 11629
f 11629 5148 7422
f 10628 2113 1367
f 10628 10862 2113
f 8828 10537 7107
f 10862 8828 2113
f 1367 2113 4416
f 10862 11713 8828
f 6282 1367 7422
f 5148 6282 7422
f 9338 3815 4412
f 12489 11329 4855
f 9246 5148 11629
f 3815 4855 4412
f 2310 5346 12719
f 4533 5346 6354
f 7594 5806 4533
f 7097 4533 3973
f 2310 12156 6354
f 4533 6354 3973
f 10727 7097 5477
f 5477 3973 7387
f 3973 5477 7097
f 7387 6354 12315
f 7387 3973 6354
f 6769 3268 7469
f 12604 4744 9978
f 6690 1493 6260
f 5662 59 11826
f 59 10526 11826
f 5127 12433 12131
f 1315 12433 5127
f 5920 2357 1315
f 5127 11973 11798
f 9696 11476 6065
f 6065 11476 12067
f 53 10306 1276
f 11785 1276 5102
f 7752 7237 12599
f 8794 9616 7752
f 8794 5221 9616
f 6574 7648 12015
f 6574 12015 8203
f 8369 289 10615
f 6863 8369 4056
f 4056 8369 1131
f 7092 9359 6970
f 6970 9359 8926
f 8926 9359 11335
f 8926 11335 8203
f 4761 7648 8550
f 8445 3497 428
f 2561 7724 428
f 2561 9739 5870
f 2638 8315 2434
f 11880 11043 4483
f 3600 2079 3989
f 10250 12358 3989
f 5065 11545 8157
f 8157 8901 8238
f 8238 7317 8157
f 8238 9699 7317
f 7891 4056 1131
f 6970 12235 3464
f 1217 5500 12235
f 12235 8926 1217
f 7645 1217 2314
f 2314 4761 1974
f 1974 4761 7508
f 8445 7724 12674
f 7724 5870 3540
f 7232 1766 9171
f 7232 8794 1766
f 2396 12236 1766
f 2396 9579 12236
f 9171 1766 12236
f 9171 8315 7098
f 8315 3540 7098
f 3540 8315 4483
f 12674 3540 4483
f 8445 12674 8239
f 4494 8445 8239
f 5500 12358 11298
f 11298 3464 5500
f 11545 3705 3464
f 5065 3705 11545
f 1131 3705 5065
f 7891 7317 9699
f 7317 7891 1131
f 1131 5065 7317
f 11545 11298 11800
f 12358 10250 11800
f 5500 7645 12358
f 7645 2314 3600
f 7645 3600 12358
f 3600 2314 1974
f 1974 7508 4494
f 4494 8239 5052
f 12674 11043 8239
f 11043 12674 4483
f 9171 12236 2434
f 7098 7232 9171
f 5870 7098 3540
f 7724 3540 12674
f 1465 450 8445
f 1465 8445 4494
f 7508 1465 4494
f 4761 1465 7508
f 2314 12015 4761
f 1217 12015 2314
f 1217 7645 5500
f 6970 8926 12235
f 3464 12235 5500
f 3705 6970 3464
f 1131 6970 3705
f 9699 8238 5320
f 9904 8238 8901
f 8901 11545 9859
f 11545 12205 9859
f 12205 11800 627
f 8238 9904 5320
f 5065 8157 7317
f 8157 11545 8901
f 11545 3464 11298
f 11545 11800 12205
f 11298 12358 11800
f 10250 627 11800
f 3989 2079 9711
f 10250 3989 627
f 12358 3600 3989
f 2079 3600 1974
f 2079 1974 4494
f 4494 5052 2079
f 5052 9711 2079
f 8239 11043 10259
f 11880 8315 5997
f 4483 8315 11880
f 9171 2434 8315
f 12644 12236 12693
f 9579 2963 12693
f 2434 12236 12644
f 12693 12236 9579
f 9579 2348 2963
f 12599 1766 8794
f 12599 2396 1766
f 5182 8794 7232
f 5182 7232 7098
f 5182 7098 5870
f 5221 5182 5870
f 2561 5870 7724
f 428 7724 8445
f 8550 450 1465
f 8550 1465 4761
f 7648 4761 12015
f 8203 12015 1217
f 8203 1217 8926
f 1131 7092 6970
f 10615 7092 1131
f 8369 10615 1131
f 6863 289 8369
f 6558 10275 8134
f 1401 9871 8134
f 1401 2225 12454
f 4718 2225 1911
f 1648 4440 1911
f 7221 1955 1648
f 11355 5662 6889
f 11355 10583 5662
f 1955 7221 10583
f 1648 7354 7221
f 1401 11268 2225
f 1401 8538 11268
f 10639 8538 10275
f 392 7235 12273
f 1914 9121 5796
f 12849 2940 5302
f 1589 442 5196
f 442 7195 5196
f 5196 7195 2388
f 3619 11757 51
f 11757 3619 10541
f 3619 11032 10541
f 11032 4764 10541
f 7387 12315 6769
f 6769 12315 5971
f 7387 6769 7469
f 6690 10727 7495
f 4764 10727 10420
f 10541 4764 7571
f 10420 7571 4764
f 6690 7571 10420
f 10727 6690 10420
f 6690 7495 1493
f 1493 7495 12604
f 3867 2388 590
f 59 3867 590
f 3265 6247 7354
f 12781 6247 3265
f 6328 12781 3265
f 6328 5796 12781
f 6247 4503 250
f 250 1589 10367
f 10367 1589 5196
f 5196 2388 10367
f 6247 12849 4503
f 12781 2940 6247
f 12781 3228 2940
f 11268 12273 6328
f 6328 6336 11268
f 6336 3265 1911
f 7221 250 10367
f 10367 5662 10583
f 10583 7221 10367
f 6336 6328 3265
f 10639 392 12273
f 10639 12273 8538
f 12273 11268 8538
f 12273 1914 6328
f 1914 5796 6328
f 250 7221 7354
f 7354 6247 250
f 250 4503 1589
f 10367 3867 5662
f 10367 2388 3867
f 3867 59 5662
f 2388 11757 590
f 11757 7571 590
f 11757 10541 7571
f 4764 12492 10727
f 12604 7387 7469
f 5352 12485 3268
f 5971 5352 3268
f 5971 3268 6769
f 5477 7387 12604
f 7495 5477 12604
f 7495 10727 5477
f 4764 10828 12492
f 10828 7016 12492
f 7097 7016 7594
f 12669 10696 10828
f 7152 5552 1051
f 1051 5346 5806
f 1051 7651 5346
f 7651 11273 5346
f 5346 11273 12719
f 2455 658 12569
f 11460 621 4564
f 12569 12669 11032
f 12303 4590 11460
f 11460 4505 12303
f 3716 12303 4505
f 10149 51 7195
f 7195 4505 10149
f 3716 4505 442
f 6178 608 6997
f 5302 7901 6997
f 180 3228 9081
f 180 5302 3228
f 9121 9081 3228
f 8457 6340 9121
f 7011 6340 8457
f 4475 7011 8457
f 8704 8316 3455
f 3455 4243 8704
f 4243 6255 2996
f 6255 6511 10682
f 2996 4627 2867
f 2996 10682 4627
f 4627 3855 2867
f 6178 11322 3716
f 12303 10413 4590
f 621 10861 10201
f 10201 956 7633
f 10162 7633 956
f 4485 12124 1351
f 4840 10686 3568
f 3568 10686 8306
f 8306 822 7651
f 10162 8052 8107
f 8107 1351 12124
f 2455 8107 12124
f 2455 10162 8107
f 10413 247 4590
f 4766 6433 10413
f 3319 4766 11322
f 4627 519 8869
f 4627 8869 3319
f 3855 4627 3319
f 7424 6511 6388
f 4981 3075 6388
f 8316 10229 4981
f 6491 7011 4475
f 7235 8457 1914
f 4475 8457 7235
f 3529 7121 3075
f 3075 12614 6388
f 3322 8869 519
f 2966 7661 6433
f 7661 7269 6433
f 7269 12084 10413
f 10413 12084 247
f 247 12084 10684
f 2438 9305 12084
f 7806 12084 7661
f 1048 9951 2704
f 10116 9951 1048
f 7424 1048 3322
f 6158 7424 3322
f 12614 2805 7424
f 12614 10936 2805
f 7121 10936 12614
f 10936 7121 6850
f 3529 6850 7121
f 9909 3795 2160
f 10263 7320 7784
f 7784 7320 12097
f 5358 8574 7320
f 6419 8574 8697
f 7320 2564 5358
f 10263 5554 2564
f 2479 1505 4358
f 7026 10501 8925
f 10501 7026 4772
f 10052 2812 7681
f 7681 2812 8831
f 6632 8831 10860
f 10860 5428 8909
f 5428 7169 8909
f 8909 7169 2081
f 2081 1103 8909
f 5963 1103 8549
f 2389 9095 9812
f 9095 7827 1014
f 9812 9095 8515
f 4732 5820 8680
f 8680 11053 2788
f 2788 11053 5072
f 11997 1545 10305
f 11343 8400 4963
f 9893 11354 9643
f 9527 11260 7263
f 6923 11051 10990
f 9202 6923 9824
f 11741 5325 622
f 2840 622 5325
f 11370 9202 9824
f 9824 6923 10990
f 6102 10990 11051
f 7263 402 10453
f 2340 9643 11354
f 2340 11354 2461
f 3461 11196 12186
f 3461 10919 8696
f 8408 5922 3582
f 12100 9643 2340
f 6595 7263 10453
f 10174 6102 10026
f 4537 10990 6102
f 11083 9824 10990
f 12593 11370 9824
f 11370 10610 9202
f 448 622 2840
f 448 12052 622
f 12052 448 11163
f 8723 448 11231
f 8921 12593 11083
f 2166 11083 4361
f 4361 4537 1662
f 12216 1203 10453
f 10453 12100 12216
f 6595 10453 1203
f 1662 4537 10174
f 6443 4361 1662
f 6443 6490 2166
f 2166 6490 6455
f 8723 7750 2689
f 7405 10547 5542
f 5542 10547 2751
f 5086 5542 2751
f 5474 8581 11095
f 370 7405 2373
f 8723 11231 8921
f 7750 8921 2166
f 11083 2166 8921
f 2373 7405 448
f 5542 11163 7405
f 5542 11095 11163
f 5542 5474 11095
f 8581 5474 2668
f 5474 5086 2668
f 5086 5474 5542
f 12279 10547 370
f 1810 1662 3211
f 8484 3211 8402
f 8484 8402 8681
f 11563 6596 4997
f 3441 8484 8681
f 7260 3441 7976
f 7395 8882 3441
f 1359 4220 8882
f 4220 1359 1388
f 3566 4220 1388
f 4003 4220 3566
f 5735 9649 2010
f 4049 2694 4873
f 12279 4049 4873
f 12279 4873 4368
f 7547 4368 4873
f 315 12830 2010
f 6416 7547 12094
f 12094 7547 12830
f 12830 7547 2694
f 2010 12830 2694
f 4873 2694 7547
f 4368 7547 6416
f 6416 5155 4368
f 5155 2751 10547
f 4368 5155 10547
f 4368 10547 12279
f 5735 2689 7750
f 9649 6455 12741
f 4049 2689 2694
f 2694 2689 5735
f 2010 2694 5735
f 9649 5735 6455
f 4220 68 1810
f 12741 68 4003
f 12741 6490 68
f 5628 12741 4003
f 4218 4003 3566
f 4003 68 4220
f 1359 8882 7395
f 4220 1810 8882
f 1810 3211 8882
f 8882 3211 8484
f 8882 8484 3441
f 1810 6443 1662
f 6443 1810 68
f 6490 6443 68
f 6455 6490 12741
f 7750 6455 5735
f 370 4049 12279
f 370 10547 7405
f 370 2373 4049
f 4049 2373 2689
f 2373 8723 2689
f 8723 8921 7750
f 7750 2166 6455
f 4361 6443 2166
f 11083 10990 4537
f 4361 11083 4537
f 11231 10610 12593
f 8921 11231 12593
f 11231 448 10610
f 448 8723 2373
f 7405 11163 448
f 448 2840 10610
f 10610 11370 12593
f 12593 9824 11083
f 4537 6102 10174
f 4139 10026 6595
f 10174 10026 4139
f 2340 12617 5922
f 2340 8408 12100
f 2340 5922 8408
f 5847 12186 1545
f 5847 8915 10919
f 5847 7001 8915
f 5847 1545 12509
f 12509 1545 11997
f 6628 5847 12509
f 7001 5847 6628
f 7394 7001 6628
f 8734 6628 12509
f 6560 691 8734
f 5820 6560 8734
f 5820 6231 11053
f 9095 10410 6560
f 9095 6560 8515
f 6560 10410 691
f 8734 6231 5820
f 8734 12509 6231
f 691 6628 8734
f 6586 8915 7001
f 5847 10919 12186
f 7840 10919 8915
f 7840 8915 6586
f 5922 12617 7840
f 7840 12617 8696
f 7840 8696 10919
f 3461 12186 10919
f 8696 11196 3461
f 4963 8696 12617
f 2340 4963 12617
f 10453 9643 12100
f 10026 7263 6595
f 10026 9527 7263
f 2840 9202 10610
f 2840 5325 9202
f 9747 622 12052
f 9747 11741 622
f 11741 9927 1233
f 11741 1233 5325
f 9202 5325 6923
f 6923 2386 7953
f 9718 8912 7531
f 7531 8912 1476
f 3170 12912 9286
f 3170 8912 9718
f 1476 11678 8452
f 8452 11678 7103
f 2714 8452 9101
f 7103 261 9101
f 7103 1498 261
f 7103 6279 1498
f 6279 10545 1498
f 1498 3306 304
f 304 3712 10482
f 8227 2017 11496
f 12762 1451 4504
f 8306 378 10427
f 10427 822 8306
f 12029 8306 10686
f 3307 7609 8052
f 8052 5647 3307
f 5647 8052 10162
f 956 5647 10162
f 956 12601 5647
f 6287 3307 545
f 3307 6287 7609
f 6287 258 7609
f 9541 7609 258
f 7609 9541 12029
f 7298 12029 9541
f 12029 7298 378
f 258 1327 9541
f 1809 258 6287
f 10761 7335 12601
f 2966 8665 7661
f 12097 6419 10116
f 1048 7784 12097
f 6850 2633 6899
f 6899 2633 7784
f 9864 9909 3570
f 3570 9909 2160
f 3570 3668 9864
f 3570 10263 2633
f 2633 10263 7784
f 6261 1544 10494
f 7527 4850 5119
f 3335 9589 701
f 3216 3335 7095
f 3216 7095 4850
f 1544 5792 5209
f 8697 12533 2439
f 5067 1544 5209
f 6261 2439 1544
f 8697 2439 6261
f 12097 7320 6419
f 5358 6974 8574
f 5358 11855 6974
f 11855 2564 8331
f 2650 8331 2564
f 4954 3223 2650
f 3795 4954 2650
f 5554 3795 2650
f 4954 6142 3223
f 9702 6467 6142
f 3223 6467 7761
f 7761 6467 6422
f 8290 4007 6422
f 6422 4007 10405
f 10550 10405 4007
f 8290 307 4007
f 8290 6422 10355
f 9702 4912 6467
f 5910 6579 10171
f 10171 1505 7026
f 1345 10171 7026
f 5137 1345 8925
f 10513 5137 8925
f 7681 287 10501
f 4772 10052 10501
f 4772 11219 10052
f 10052 7681 10501
f 287 7681 6632
f 10513 6632 5429
f 6632 5139 5429
f 8687 8909 1103
f 8687 1103 5963
f 5651 5963 10495
f 5651 10495 697
f 10495 8549 10425
f 8549 9812 10425
f 10425 9812 8515
f 5820 4732 4743
f 4732 8680 2788
f 5072 11053 5525
f 6231 11997 5186
f 6545 5607 12215
f 3665 6495 2023
f 2714 12169 11260
f 7531 1476 9527
f 2023 12169 3665
f 12215 11354 6495
f 11343 11556 8303
f 11343 5607 11556
f 12215 11343 2461
f 9893 2023 11354
f 402 2023 9893
f 6495 11354 2023
f 12169 2023 402
f 12169 402 11260
f 9527 7743 11260
f 9527 11051 7531
f 11051 7953 7531
f 9527 1476 7743
f 7743 1476 8452
f 10600 304 6655
f 10482 6655 304
f 5757 10482 11845
f 11845 11496 7120
f 5519 7298 1327
f 3129 1327 258
f 7077 1809 6287
f 545 8472 6287
f 12071 8472 2120
f 2120 545 7335
f 7335 12071 2120
f 12071 10761 701
f 9305 701 10761
f 9589 11583 12071
f 8468 12071 11583
f 12071 8468 8472
f 8472 5862 7077
f 7077 4101 1809
f 4101 10958 9428
f 576 2724 2875
f 2724 11833 8074
f 3980 11658 12091
f 7276 11658 4414
f 4414 11658 8074
f 166 2210 1332
f 12767 10958 4101
f 1806 2210 12767
f 2210 166 12767
f 1806 4414 2210
f 12261 7276 8839
f 7421 11915 12261
f 2025 5862 11669
f 6461 7421 6804
f 11583 6675 2132
f 11264 5792 12533
f 3612 11264 12533
f 9515 11081 11264
f 11081 9315 4455
f 3113 3489 4455
f 6804 3489 8616
f 9576 3489 2215
f 6675 2215 3489
f 6461 6804 8616
f 3113 8653 2702
f 9698 3113 9315
f 9315 10729 9698
f 9315 11081 10729
f 11081 5821 10729
f 9515 5821 11081
f 923 10729 5821
f 8435 9698 10729
f 2702 6461 8616
f 9938 7421 6461
f 9938 11915 7421
f 2702 5218 9938
f 1005 10488 7175
f 1005 7175 11915
f 11853 11915 7175
f 11185 6859 3980
f 11185 2875 6859
f 11044 2875 931
f 11853 931 11185
f 3980 11853 11185
f 11853 7175 10488
f 7913 11143 1005
f 11143 7913 4581
f 7145 4581 5218
f 210 8819 2849
f 8653 8343 2702
f 9698 8435 8343
f 3692 8435 923
f 11150 5821 7066
f 4637 7066 9515
f 6974 10550 7066
f 6974 7066 4637
f 7761 11855 8331
f 11855 10405 6974
f 12487 211 11150
f 211 12487 1337
f 4007 307 10550
f 8290 10355 307
f 11865 307 10355
f 4912 5910 11865
f 5910 7888 11865
f 7888 5910 10171
f 7888 5137 12410
f 4073 12410 5137
f 307 12410 4073
f 4605 1337 4073
f 5137 4605 4073
f 10513 4605 5137
f 10513 5429 4605
f 4605 5429 2907
f 5139 8687 7910
f 697 1585 9764
f 12769 1585 697
f 12769 10425 4743
f 12769 4732 8663
f 8663 4732 2788
f 12260 5072 6758
f 6758 5072 535
f 535 4866 9424
f 535 5072 5525
f 10305 2627 4324
f 5757 1666 12821
f 3902 6655 10482
f 6768 10600 6655
f 3665 6655 3902
f 12821 3902 5757
f 5607 6545 2181
f 6495 3665 12821
f 6768 6655 3665
f 12821 6545 6495
f 12821 1666 6545
f 12821 3665 3902
f 3902 10482 5757
f 6545 1666 2181
f 6332 483 11044
f 2875 11044 4782
f 4782 576 2875
f 7971 7054 6332
f 381 7971 931
f 381 4456 7971
f 11853 10488 381
f 381 6088 4456
f 10488 6088 381
f 457 12295 303
f 10032 12295 382
f 8819 382 457
f 8819 6034 382
f 210 3458 8819
f 3274 3458 210
f 10949 210 2849
f 8343 10949 2849
f 3692 10949 8343
f 3274 210 362
f 518 3274 362
f 211 1337 518
f 518 362 211
f 362 210 10949
f 10858 362 3692
f 2907 3458 3274
f 2907 5429 7455
f 5429 7910 7455
f 7455 5651 9764
f 3458 2907 6034
f 2907 7455 6034
f 6034 7455 9764
f 9764 10032 6034
f 12295 1585 737
f 1585 8663 737
f 12769 8663 1585
f 23 8663 2788
f 6758 535 11645
f 11645 535 9424
f 9424 12197 7054
f 4866 12197 9424
f 5525 4866 535
f 11090 11912 2095
f 4866 5525 2353
f 11912 4179 2095
f 11912 11090 2353
f 7054 12197 6332
f 6332 1912 483
f 7054 11645 9424
f 7136 12260 6758
f 23 7136 737
f 737 7136 10399
f 4456 11645 7054
f 4456 7136 11645
f 4456 10399 7136
f 2535 10399 6088
f 303 2535 4581
f 4581 457 303
f 303 10399 2535
f 737 10399 303
f 23 12260 7136
f 7136 6758 11645
f 737 8663 23
f 303 12295 737
f 6034 10032 382
f 3458 6034 8819
f 382 12295 457
f 4581 7145 457
f 4581 2535 11143
f 11143 2535 6088
f 10488 11143 6088
f 4456 6088 10399
f 4456 7054 7971
f 7971 11044 931
f 7971 6332 11044
f 4782 11044 483
f 12197 1912 6332
f 4324 4179 10305
f 4179 11912 5186
f 5525 11912 2353
f 11053 11912 5525
f 12260 23 2788
f 697 10425 12769
f 1585 12295 10032
f 9764 1585 10032
f 9764 5651 697
f 7910 5651 7455
f 5429 5139 7910
f 3274 4605 2907
f 3274 518 4605
f 4605 518 1337
f 11865 12410 307
f 12410 11865 7888
f 307 4073 12487
f 10550 12487 7066
f 10550 307 12487
f 4073 1337 12487
f 11150 362 10858
f 11150 211 362
f 12487 11150 7066
f 6974 10405 10550
f 9515 7066 5821
f 5821 11150 923
f 923 11150 10858
f 923 10858 3692
f 362 10949 3692
f 3692 8343 8435
f 8653 9698 8343
f 2849 5218 8343
f 2849 8819 7145
f 7145 8819 457
f 2849 7145 5218
f 1005 11143 10488
f 381 931 11853
f 11185 931 2875
f 3980 12091 11853
f 5218 4581 7913
f 9938 5218 7913
f 2702 8343 5218
f 9938 7913 1005
f 9938 1005 11915
f 2702 9938 6461
f 923 8435 10729
f 3113 2702 8616
f 9698 8653 3113
f 3113 8616 3489
f 3489 9576 3216
f 3216 4455 3489
f 5792 11081 4455
f 4455 9315 3113
f 11264 11081 5792
f 7527 4455 3216
f 9576 2215 3335
f 6675 11583 2215
f 6804 6675 3489
f 6804 7421 2132
f 6675 6804 2132
f 5668 2132 12261
f 2132 5668 11583
f 5668 8468 11583
f 8468 5668 11669
f 11669 8839 2025
f 5668 8839 11669
f 5668 12261 8839
f 12261 2132 7421
f 12091 11915 11853
f 11915 12091 12261
f 12261 12091 7276
f 8839 7276 1806
f 1806 2025 8839
f 2025 1806 12767
f 4101 2025 12767
f 10958 12767 166
f 7276 4414 1806
f 12091 11658 7276
f 3980 6859 11658
f 11658 6859 8074
f 6859 2724 8074
f 2875 2724 6859
f 4414 8074 11833
f 3129 9428 1327
f 4101 3129 258
f 258 1809 4101
f 9428 3129 4101
f 2025 4101 7077
f 7077 5862 2025
f 8468 11669 5862
f 8472 8468 5862
f 11583 9589 2215
f 12071 701 9589
f 2120 8472 545
f 6287 8472 7077
f 1327 9428 5519
f 1666 7120 2181
f 1666 11845 7120
f 11845 1666 5757
f 10600 261 304
f 9101 261 10600
f 9101 10600 6768
f 12169 6768 3665
f 2714 7743 8452
f 11260 7743 2714
f 12169 2714 6768
f 12215 6495 6545
f 11343 12215 5607
f 1949 4094 2627
f 10305 1949 2627
f 12186 1949 10305
f 11997 10305 4179
f 4179 5186 11997
f 11053 5186 11912
f 2788 5072 12260
f 4743 4732 12769
f 8515 4743 10425
f 10495 10425 697
f 5963 5651 7910
f 8687 5963 7910
f 8909 8687 5139
f 287 6632 10513
f 8925 287 10513
f 7888 1345 5137
f 10171 1345 7888
f 10171 257 1505
f 257 10171 6579
f 6467 4912 10355
f 11865 10355 4912
f 6467 10355 6422
f 6422 10405 7761
f 7761 10405 11855
f 3223 6142 6467
f 2650 3223 7761
f 2650 7761 8331
f 2564 11855 5358
f 8574 6974 4637
f 4637 9515 3612
f 3612 9515 11264
f 8574 4637 3612
f 8697 3612 12533
f 2439 12533 1544
f 1544 12533 5792
f 5209 4455 7527
f 5209 5792 4455
f 7527 3216 4850
f 3335 3216 9576
f 3335 2215 9589
f 9305 3335 701
f 7095 3335 9305
f 7095 9305 2438
f 4850 2438 5119
f 5119 8665 5067
f 5119 7661 8665
f 4850 7095 2438
f 7527 5119 5209
f 5067 5209 5119
f 10494 1544 5067
f 6419 8697 6261
f 3668 3570 2633
f 3668 2633 6850
f 6899 7784 2805
f 1048 12097 10116
f 2805 7784 1048
f 10116 6261 9951
f 6419 6261 10116
f 10494 5067 8665
f 5119 7806 7661
f 7806 5119 2438
f 10684 10761 12601
f 12601 10861 10684
f 12601 956 10861
f 10761 12071 7335
f 7298 5519 215
f 12029 378 8306
f 378 7298 215
f 1577 7609 12029
f 9541 1327 7298
f 7335 545 5647
f 5647 545 3307
f 7335 5647 12601
f 378 215 10427
f 11845 8227 11496
f 10482 8227 11845
f 10482 3712 8227
f 304 8113 3712
f 1498 304 261
f 1498 10545 3306
f 2714 9101 6768
f 7103 9101 8452
f 8912 11678 1476
f 12912 10360 9286
f 9718 12912 3170
f 9718 7531 7953
f 9718 2621 12912
f 2621 6091 12912
f 7953 2621 9718
f 6923 7953 11051
f 11051 9527 6102
f 10026 6102 9527
f 7263 11260 402
f 10453 402 9643
f 9643 402 9893
f 2461 11354 12215
f 2340 2461 4963
f 2461 11343 4963
f 11343 8303 8400
f 8400 8303 10699
f 4963 8400 8696
f 8696 8400 11196
f 10699 11196 8400
f 11196 10699 4094
f 11196 4094 12186
f 4094 1949 12186
f 1545 12186 10305
f 11997 6231 12509
f 11053 6231 5186
f 8680 5820 11053
f 8515 6560 5820
f 4743 8515 5820
f 12518 7827 2389
f 2081 5007 12518
f 2081 5454 5007
f 5454 2081 7169
f 482 7493 5454
f 7169 482 5454
f 1103 12518 2389
f 7827 9095 2389
f 2389 9812 1103
f 1103 9812 8549
f 5963 8549 10495
f 1103 2081 12518
f 482 7169 5667
f 2312 8652 5667
f 10860 3746 5428
f 3746 5667 5428
f 2312 5667 3746
f 5667 7169 5428
f 10860 8909 5139
f 10860 5139 6632
f 7681 8831 6632
f 10052 11219 2812
f 4772 10283 11219
f 10501 287 8925
f 1345 7026 8925
f 2479 4772 7026
f 1505 2479 7026
f 2160 5554 10263
f 5554 2650 2564
f 8574 3612 8697
f 7320 8574 6419
f 10263 2564 7320
f 10263 3570 2160
f 3795 5554 2160
f 10936 6850 6899
f 10936 6899 2805
f 7424 2805 1048
f 1048 2704 3322
f 9951 6261 2704
f 2704 6261 10494
f 10494 12531 2704
f 10494 8665 2966
f 12531 10494 2966
f 7806 2438 12084
f 10684 9305 10761
f 12084 9305 10684
f 6433 7269 10413
f 7269 7661 12084
f 12531 2966 6433
f 8869 2704 12531
f 3322 2704 8869
f 6158 3322 519
f 6511 7424 6158
f 3075 7121 12614
f 10229 3529 3075
f 10229 3075 4981
f 12614 7424 6388
f 6511 6158 519
f 10682 6511 519
f 3319 8869 12531
f 3319 12531 4766
f 4766 12531 6433
f 8107 8052 1351
f 8052 7609 1577
f 1351 8052 1577
f 10686 1577 12029
f 4840 1577 10686
f 822 3487 7651
f 5552 3568 1051
f 8306 7651 3568
f 4840 3568 5552
f 1351 4840 5552
f 1351 1577 4840
f 10861 956 10201
f 621 10684 10861
f 247 10684 621
f 4590 247 621
f 12303 4766 10413
f 11322 4766 12303
f 3319 11322 5523
f 63 7901 180
f 2867 63 180
f 2996 2867 180
f 6340 2996 9081
f 7011 4243 6340
f 7011 8704 4243
f 63 2867 3855
f 6997 63 6178
f 7901 63 6997
f 11322 6178 5523
f 5523 6178 63
f 3855 5523 63
f 3319 5523 3855
f 10682 519 4627
f 6388 6511 6255
f 10682 2996 6255
f 4243 2996 6340
f 4981 6388 6255
f 3455 6255 4243
f 3455 4981 6255
f 8316 4981 3455
f 6491 8704 7011
f 9121 6340 9081
f 9081 2996 180
f 180 7901 5302
f 12849 5302 6997
f 12849 608 4503
f 12849 6997 608
f 608 442 4503
f 608 6178 3716
f 608 3716 442
f 442 4505 7195
f 11322 12303 3716
f 4505 11460 10149
f 3619 4564 12569
f 10149 11460 4564
f 10149 3619 51
f 3619 10149 4564
f 3619 12569 11032
f 12669 10828 11032
f 4590 621 11460
f 4564 621 10201
f 4564 10201 12569
f 12569 10201 2455
f 10201 7633 2455
f 7633 10162 2455
f 10696 12124 4485
f 1351 5552 4485
f 1051 3568 7651
f 11273 7651 3487
f 4533 5806 5346
f 7594 7152 5806
f 5806 7152 1051
f 4485 5552 7152
f 4485 7152 7594
f 658 12124 10696
f 658 2455 12124
f 12669 12569 658
f 10696 12669 658
f 7016 10696 4485
f 4485 7594 7016
f 10828 10696 7016
f 11032 10828 4764
f 51 11757 2388
f 2388 7195 51
f 4503 442 1589
f 2940 12849 6247
f 5302 2940 3228
f 3228 12781 5796
f 8457 9121 1914
f 5796 9121 3228
f 7235 1914 12273
f 392 4475 7235
f 2225 11268 6336
f 1911 3265 7354
f 11355 9675 1955
f 9894 1955 9675
f 313 5598 9696
f 313 11973 5598
f 6065 12067 6213
f 6213 10306 53
f 53 1276 11304
f 11304 1276 11785
f 12613 7237 7752
f 9616 12613 7752
f 9616 12829 12613
f 982 6065 9902
f 10035 53 12829
f 10035 6213 53
f 12829 53 11304
f 12613 11304 791
f 12829 11304 12613
f 5709 6213 10035
f 5709 9902 6213
f 1384 9902 5709
f 982 1384 1798
f 982 9902 1384
f 10035 12829 5709
f 6065 6213 9902
f 1356 313 9696
f 11798 11943 7349
f 6707 11798 7349
f 877 6707 7349
f 1818 6707 877
f 4586 2672 877
f 877 7349 3656
f 3656 7349 8339
f 11943 2960 8339
f 2960 1356 1798
f 10705 877 3656
f 4586 877 10705
f 4586 10705 6574
f 6574 689 4586
f 9444 689 6574
f 11335 11337 9444
f 11335 9444 8203
f 8203 9444 6574
f 8339 2960 428
f 428 2960 1798
f 8339 428 3497
f 8339 3497 3656
f 10705 3656 8550
f 10705 8550 7648
f 6574 10705 7648
f 11337 11335 9359
f 2631 11337 9359
f 2631 7092 1655
f 2631 9359 7092
f 9303 8709 289
f 10454 9303 289
f 9871 11789 12431
f 1670 11888 9701
f 11888 4545 9701
f 2672 11306 5920
f 2672 5920 1818
f 1818 5920 1315
f 1818 11798 6707
f 12160 11306 2672
f 11230 9701 12160
f 689 2672 4586
f 689 12141 2672
f 11230 9444 11337
f 11230 12141 9444
f 11230 11337 3999
f 11111 12672 9303
f 9303 1266 11111
f 9303 12672 8709
f 1266 4476 11111
f 4476 2926 11111
f 9534 9701 11230
f 5924 1670 6441
f 6441 12431 5924
f 5924 12085 1670
f 9534 1670 9701
f 6441 1670 9534
f 11111 2926 12672
f 2926 6441 12672
f 2926 12431 6441
f 2926 4476 12431
f 12672 6441 3999
f 3999 6441 9534
f 3999 9534 11230
f 12141 12160 2672
f 12160 12141 11230
f 12160 9701 4545
f 12160 4545 11306
f 9675 5920 11306
f 5924 4718 12085
f 11789 12454 5924
f 4718 5924 12454
f 11789 9871 12454
f 12085 4440 11888
f 12085 4718 4440
f 11888 4440 9894
f 1670 12085 11888
f 11789 5924 12431
f 9871 12431 4476
f 4476 8134 9871
f 1655 8709 12672
f 1655 3999 2631
f 1655 12672 3999
f 3999 11337 2631
f 9444 12141 689
f 8339 7349 11943
f 877 2672 1818
f 11943 313 1356
f 11943 1356 2960
f 1356 982 1798
f 982 9696 6065
f 428 1798 2561
f 2561 1798 9739
f 1798 1384 9739
f 5709 9616 5221
f 5709 12829 9616
f 12613 791 7237
f 9696 982 1356
f 11798 313 11943
f 1818 1315 11798
f 9675 2357 5920
f 11306 4545 9675
f 9894 9675 4545
f 11888 9894 4545
f 11355 6889 2357
f 11355 2357 9675
f 1955 10583 11355
f 9894 1648 1955
f 4440 1648 9894
f 1911 7354 1648
f 4718 1911 4440
f 2225 6336 1911
f 12454 2225 4718
f 1401 12454 9871
f 8538 1401 10275
f 8134 10275 1401
f 289 8709 10615
f 10615 8709 1655
f 10615 1655 7092
f 8550 3656 450
f 450 3497 8445
f 3656 3497 450
f 9739 1384 5221
f 5709 5221 1384
f 5870 9739 5221
f 5221 8794 5182
f 8794 7752 12599
f 11785 791 11304
f 12067 10306 6213
f 9696 5598 11476
f 11973 313 11798
f 11798 1315 5127
f 2357 12433 1315
f 2357 6889 12433
f 6889 11826 12433
f 11826 12131 12433
f 5662 11826 6889
f 59 6673 10526
f 59 590 6673
f 6673 590 7571
f 6673 7571 6690
f 12604 7469 4744
f 7097 12492 7016
f 12492 7097 10727
f 12156 5971 12315
f 6354 12156 12315
f 7594 4533 7097
f 5346 2310 6354
f 11602 7482 4504
f 11699 4504 1451
f 9667 11699 1451
f 1451 12762 8227
f 3712 1451 8227
f 8227 12762 2017
f 8113 1451 3712
f 304 3306 8113
f 1451 8113 3306
f 9667 1451 3306
f 10545 7751 3306
f 7751 10545 6279
f 1371 5976 4093
f 12428 8155 3189
f 7751 12428 1371
f 3170 10472 6279
f 7103 3170 6279
f 9286 3787 7268
f 9286 7268 10472
f 9286 10472 3170
f 3787 10360 5461
f 9286 10360 3787
f 2843 8335 6091
f 7413 11936 8335
f 10360 12912 6091
f 6091 2386 2843
f 7953 2386 2621
f 2386 6923 5325
f 2386 5325 1233
f 2661 7413 8335
f 1233 9927 2661
f 11698 2879 11753
f 9927 11741 5949
f 5949 11741 9747
f 5694 11095 8581
f 8466 5694 8581
f 12392 8466 9486
f 5503 315 12041
f 5503 12041 11037
f 12041 9649 5628
f 2010 12041 315
f 5628 9649 12741
f 12611 4218 3566
f 10195 12611 2255
f 10195 2303 2550
f 5369 2550 2303
f 5369 2303 4950
f 5369 4950 10012
f 4950 4733 10012
f 10914 11642 7493
f 2303 2255 4950
f 4950 2255 3428
f 1388 3428 2255
f 12611 3566 1388
f 3428 1388 10230
f 1388 1359 10230
f 10230 1359 7395
f 6219 4785 10605
f 5007 10605 11424
f 5007 6219 10605
f 1067 3301 11424
f 7260 10605 1166
f 1166 7395 7260
f 7395 3441 7260
f 10605 7976 1067
f 7976 7206 9092
f 7206 10381 9092
f 7206 6596 10381
f 3441 8681 7976
f 7976 8681 4997
f 10381 6596 9771
f 6596 11563 9771
f 11563 8683 3582
f 11563 12216 8683
f 8681 11563 4997
f 4139 8402 3211
f 1662 4139 3211
f 1662 10174 4139
f 12216 12100 8683
f 8683 12100 8408
f 9771 6586 1820
f 6586 3582 5922
f 5922 7840 6586
f 6586 7001 7394
f 7394 1820 6586
f 691 7394 6628
f 5053 10381 7394
f 5053 3301 9092
f 5053 10410 1014
f 9095 1014 10410
f 11424 3301 1014
f 7827 5007 11424
f 6219 11642 4785
f 7493 6219 5454
f 5667 883 482
f 5667 8652 883
f 10914 883 8652
f 4733 8652 10012
f 4733 10914 8652
f 2312 10012 8652
f 4594 10012 2312
f 3746 10860 8831
f 2812 4594 3746
f 7028 4594 11219
f 5035 6831 4594
f 7028 5035 4594
f 5035 7028 2142
f 10283 7028 11219
f 12733 7028 10283
f 7024 12733 10283
f 10283 4772 7024
f 2479 7024 4772
f 4358 11508 7024
f 177 8460 5179
f 12495 8460 177
f 177 5179 2478
f 9946 3546 9482
f 3546 10036 6432
f 6466 8792 12759
f 501 12759 8792
f 2291 2532 10588
f 6525 7660 2532
f 12211 6525 2532
f 9226 6520 6525
f 9226 8792 6520
f 9946 1667 3546
f 5163 2478 9946
f 1431 5163 9482
f 1431 9482 3101
f 6432 9482 3546
f 501 8792 9226
f 12211 9226 6525
f 5407 9226 12211
f 12211 2532 2291
f 12299 2291 6037
f 2291 10588 6037
f 870 10588 5257
f 4493 870 2301
f 2301 2205 4493
f 9113 9088 244
f 2301 9088 9113
f 244 6278 10265
f 6278 2568 5167
f 5167 2568 465
f 5022 465 12274
f 6218 465 5022
f 12274 465 10740
f 2568 9265 465
f 2568 4956 9265
f 2568 5361 4956
f 6278 5361 2568
f 6278 244 5361
f 5257 3305 2301
f 2532 7660 7310
f 7660 3767 7310
f 4342 3767 4498
f 7660 4498 3767
f 4498 7660 6525
f 1667 8836 3546
f 256 7612 12228
f 5179 7612 256
f 12228 7552 1667
f 1667 7552 8836
f 7552 5478 8836
f 8836 5478 8942
f 8942 5478 2044
f 8942 2044 825
f 5913 11421 12228
f 7612 5913 12228
f 256 12228 1667
f 8942 825 6466
f 6466 825 6360
f 6360 8792 6466
f 10036 8942 12759
f 10036 8836 8942
f 256 1667 9946
f 2478 256 9946
f 12730 8542 5913
f 5478 5600 2044
f 825 2044 4077
f 825 4077 2710
f 6520 6360 11026
f 6520 11026 4498
f 4498 11026 5835
f 4354 6483 10851
f 3305 4354 10851
f 11621 3305 10851
f 10851 11308 11621
f 955 11621 11308
f 11308 8916 8907
f 4310 8780 3655
f 8780 1509 2440
f 4521 7142 11281
f 7142 11497 1740
f 1509 7142 2440
f 1509 10415 7142
f 1509 9346 10415
f 4310 9346 8780
f 4310 8916 9346
f 11308 12676 8916
f 11308 9569 12676
f 10851 9569 11308
f 10851 2802 9569
f 6483 2802 10851
f 2802 9403 9569
f 2802 12010 9403
f 7348 8495 12010
f 4042 10003 9879
f 6003 2465 10003
f 5947 6055 6003
f 11421 6788 11674
f 8542 1237 6788
f 6235 2846 1527
f 11674 6788 7924
f 11674 7924 6235
f 11674 6235 1527
f 7036 1527 2846
f 7036 2846 5947
f 5947 6003 4077
f 4042 9879 5044
f 4042 5044 9116
f 9116 5044 5950
f 7348 12010 2802
f 6483 3767 7348
f 4342 7348 3767
f 4342 5279 7348
f 7348 9116 8495
f 4342 5835 5279
f 5279 9116 7348
f 5279 4042 9116
f 5279 5835 4042
f 11026 10003 4042
f 4077 6003 10003
f 5947 2044 5600
f 7552 1527 5600
f 7552 11674 1527
f 11421 8542 6788
f 5913 8542 11421
f 9904 10651 7566
f 5320 9904 6885
f 8901 1088 10651
f 9904 8901 10651
f 9859 12205 405
f 12205 1856 405
f 627 3989 11697
f 11697 3989 11654
f 11654 3989 9711
f 654 11654 12406
f 12406 9711 10500
f 9711 5052 5287
f 8239 10259 5287
f 10259 11043 11880
f 1899 5997 5573
f 5997 6668 5573
f 5997 2638 6668
f 5997 8315 2638
f 2638 2434 12644
f 8835 5958 928
f 8835 7616 5958
f 7616 7574 5958
f 11774 7574 7616
f 8835 11774 7616
f 6668 12594 4751
f 4751 5573 6668
f 12120 5573 4751
f 12364 11487 12298
f 11487 8889 12298
f 2605 12298 7171
f 9608 2605 7171
f 11893 9608 7171
f 10595 11893 2796
f 1088 8534 3196
f 3196 8534 8523
f 8534 10048 8523
f 7322 10595 2796
f 11893 10595 654
f 2605 12364 12298
f 12364 9223 11487
f 11487 12335 8889
f 11487 12120 12335
f 11487 5573 12120
f 2071 273 8835
f 6878 273 12644
f 273 2638 12644
f 2638 273 12594
f 6668 2638 12594
f 9223 11880 1899
f 5573 9223 1899
f 9223 5573 11487
f 10259 11880 9223
f 12364 10259 9223
f 10500 5287 12364
f 12406 10500 2605
f 12406 2605 9608
f 9608 11893 654
f 1856 10595 7322
f 405 1856 7322
f 9859 405 1088
f 6885 9904 7566
f 6885 7566 4180
f 1237 9222 6788
f 6788 9222 7924
f 6235 4072 2846
f 2846 9920 5947
f 2846 5208 9920
f 5947 9920 6055
f 6055 11898 6003
f 10003 2465 9879
f 5044 9879 5778
f 5044 3404 5950
f 8495 9116 5950
f 8495 5950 1822
f 8495 1822 12010
f 12010 1822 9403
f 1822 9038 9403
f 10502 12676 9505
f 10502 12256 6191
f 10415 10502 6191
f 7238 3152 10589
f 10589 606 8748
f 1502 606 10589
f 3152 1502 10589
f 7238 6191 3152
f 3151 6528 12256
f 9505 9038 10066
f 9038 12636 10066
f 1822 3404 5979
f 1822 5950 3404
f 5778 585 3404
f 2465 11898 3993
f 2465 6003 11898
f 6055 12577 11898
f 9920 12577 6055
f 9920 5208 12577
f 5270 1106 4765
f 8150 5270 3552
f 1237 12772 8150
f 1433 12772 1237
f 8523 10048 8465
f 4685 8523 8465
f 6606 12198 12075
f 6606 8465 12198
f 217 1147 6606
f 1147 217 4910
f 12639 7084 1147
f 7084 6606 1147
f 7084 4685 6606
f 7566 4685 7084
f 4685 8465 6606
f 4685 3196 8523
f 10048 8534 7322
f 10048 8779 11904
f 7322 2796 8779
f 8779 2200 11904
f 2200 6754 2607
f 6754 12585 2607
f 11893 6754 2200
f 6754 11893 7171
f 6754 9838 12585
f 7171 12298 3769
f 9838 7171 3769
f 3769 12298 7496
f 7496 12298 8889
f 7496 12670 2248
f 7496 193 12670
f 193 8889 12335
f 5597 11920 193
f 12335 5597 193
f 12335 12120 5597
f 5152 4751 12594
f 12120 5152 5597
f 12594 2071 1884
f 2071 8835 928
f 8172 5958 7574
f 8172 5630 9733
f 10394 9733 12172
f 9477 928 10394
f 1884 12172 10380
f 7568 6924 10380
f 7568 10380 11099
f 12670 11920 11099
f 12670 6728 2248
f 3769 7496 2248
f 9838 5810 12585
f 12047 12585 4238
f 11904 12047 5330
f 11904 2607 12047
f 2758 5330 5882
f 11904 5330 2758
f 11904 2758 2572
f 2572 2758 1305
f 8465 1305 11325
f 8465 2572 1305
f 11325 10734 11964
f 11325 1305 10734
f 12198 8465 11325
f 12075 11325 11964
f 837 623 11
f 217 12075 554
f 554 4910 217
f 11 623 554
f 11 12648 8426
f 554 12075 12648
f 12075 11964 12648
f 12648 12147 8426
f 10734 1045 12480
f 9624 5439 1045
f 5882 1817 9624
f 5439 9624 1817
f 1817 1905 6141
f 6141 5055 9929
f 1905 5055 6141
f 1905 4283 5055
f 5055 5512 9929
f 4283 10269 11858
f 2680 6437 8101
f 9578 8101 7196
f 10234 3368 10938
f 5815 10321 7467
f 5815 7467 5487
f 7600 10938 10321
f 9578 5815 11835
f 8818 9578 11835
f 5815 5487 11835
f 9578 7196 5815
f 4295 2553 109
f 4295 8818 2553
f 4295 109 4807
f 9578 2680 8101
f 4295 2680 8818
f 1121 1966 11581
f 9929 1121 11581
f 6449 9929 11581
f 6856 4295 4807
f 11858 9976 6856
f 11858 6856 5512
f 1121 4807 1966
f 8795 6449 10100
f 6141 9929 8795
f 8795 9929 6449
f 5439 9052 1045
f 6266 7793 3320
f 3320 7793 10896
f 7793 2653 10896
f 1572 1640 11177
f 1572 10512 1640
f 10512 6478 1640
f 8491 4518 6478
f 2653 9245 11177
f 2653 7793 9245
f 4382 5816 9745
f 4222 4382 9745
f 2170 11494 4222
f 11494 2170 12128
f 12128 2170 8398
f 9745 10728 2170
f 9745 5816 10728
f 5816 6869 8825
f 6861 11494 9973
f 9973 11494 12128
f 4222 9745 2170
f 4382 6869 5816
f 6266 3320 6869
f 4382 6266 6869
f 232 6266 4382
f 447 232 4382
f 6795 447 4382
f 4222 6795 4382
f 11494 6795 4222
f 6861 9586 11494
f 9586 6795 11494
f 1387 232 447
f 1387 1965 232
f 12480 1045 9052
f 12480 1965 1387
f 12147 10734 12480
f 8426 12147 12528
f 12528 447 6795
f 12528 1387 447
f 12528 6795 9586
f 8426 12528 9586
f 8630 661 12772
f 8150 3799 5270
f 3799 6499 5270
f 1106 8348 2545
f 12577 6665 57
f 12577 57 11898
f 11898 57 10544
f 3993 11898 10544
f 585 3135 5481
f 3404 585 7831
f 5979 7831 7608
f 3404 7831 5979
f 5979 7608 12636
f 5979 12636 1822
f 3151 3930 6528
f 6528 8822 6191
f 6622 6191 8822
f 3152 6622 1502
f 6622 6713 1502
f 6713 8987 1502
f 6713 8822 3823
f 6528 12230 3823
f 7831 12114 7608
f 7831 5481 12114
f 11792 3135 585
f 11792 6916 3135
f 57 2202 10544
f 6135 6665 12577
f 2545 2022 6135
f 1106 6499 8348
f 5270 6499 1106
f 3799 3745 6499
f 661 1460 12772
f 8398 2170 2931
f 2170 10728 2931
f 5816 8825 12092
f 10896 3411 4152
f 10896 2653 3411
f 11177 8048 2653
f 1640 7610 6485
f 6478 7610 1640
f 6478 3028 7610
f 3028 10159 12554
f 6478 4518 3028
f 4518 1443 3028
f 6886 2553 3027
f 5959 2834 3027
f 3027 2834 1443
f 1443 4773 12564
f 1443 2834 4773
f 1180 12564 5813
f 12554 10159 2274
f 7610 3028 12554
f 5807 4321 9625
f 8122 5807 8366
f 8122 8366 9704
f 3378 4152 3793
f 12092 3378 7988
f 3789 7988 11972
f 3789 4322 12092
f 4171 3789 9588
f 2931 4171 1441
f 2931 1441 7893
f 7893 8398 2931
f 8384 7893 115
f 115 7893 1441
f 1441 4002 5708
f 4171 9588 1441
f 3789 12707 9588
f 3789 11972 12707
f 12707 11972 6502
f 11972 7988 10824
f 3793 10922 7988
f 3793 1646 10922
f 3793 3790 1646
f 3790 11160 1646
f 3790 9704 11160
f 114 9704 8366
f 114 12715 11071
f 8366 12715 114
f 8366 9625 12715
f 9625 3171 1763
f 3171 3340 10670
f 3340 3791 252
f 10159 3340 2274
f 10159 1180 3791
f 5813 2905 3727
f 5813 12564 2905
f 4773 2905 12564
f 4773 12566 2905
f 1506 2283 8807
f 5739 4107 8050
f 2912 8050 9795
f 2912 9795 5959
f 2553 5959 3027
f 6886 3027 4518
f 8491 6886 4518
f 8491 109 6886
f 10512 8491 6478
f 1572 12098 10512
f 9245 1572 11177
f 232 1619 6266
f 9052 10100 1965
f 1619 10100 5986
f 6449 11581 9245
f 1966 4807 10512
f 109 2553 6886
f 8818 11835 2553
f 11835 5487 2912
f 2076 1162 7522
f 2076 7522 3788
f 11289 7522 5298
f 312 11289 5298
f 6128 312 10921
f 3727 6128 10921
f 10921 312 7697
f 312 2172 11289
f 5298 7522 10510
f 11289 3788 7522
f 5178 2076 3788
f 6128 2172 312
f 3791 3727 252
f 5813 3727 3791
f 252 3727 10921
f 3340 252 10670
f 252 10921 10670
f 10670 10921 7697
f 10670 7697 6507
f 3171 10670 1763
f 12715 1763 3701
f 11071 12715 3701
f 11071 6508 3186
f 11071 3186 11160
f 3293 11160 3186
f 1646 3293 165
f 10922 1646 165
f 10824 10922 165
f 10824 7988 10922
f 11972 10824 6502
f 12707 6502 6505
f 9588 6505 8924
f 5770 9588 8924
f 5708 5770 2381
f 115 1441 5708
f 8384 115 5708
f 5540 4004 7726
f 7303 5540 3057
f 7726 2229 3057
f 11934 5130 2229
f 309 11438 12764
f 309 12764 1093
f 5952 5004 11889
f 11889 5189 5952
f 2202 5952 10627
f 10627 5952 3478
f 4027 10627 3478
f 4027 5180 9990
f 12114 4825 5927
f 12114 11350 4825
f 591 7780 10139
f 10139 11923 12230
f 10139 12460 11923
f 527 11923 12460
f 1759 7998 11923
f 527 3303 8638
f 1759 527 8638
f 8638 3345 11692
f 11692 3345 6741
f 6741 3345 10789
f 8638 3303 7514
f 527 1873 3303
f 12460 10139 2236
f 2236 239 12460
f 2236 8758 239
f 2236 7780 8758
f 7780 2236 10139
f 5501 10572 2690
f 4786 10572 5501
f 10572 5189 1489
f 5911 4612 11889
f 8187 12461 11438
f 7726 91 4405
f 4405 91 8186
f 11934 4405 8187
f 12461 7663 11438
f 12461 2924 7663
f 10572 1489 3792
f 10572 3792 2690
f 4825 10652 10203
f 7030 10652 4825
f 1049 3246 10652
f 7030 5180 1049
f 1049 5501 3246
f 5180 5501 1049
f 3478 10572 4786
f 5952 5189 3478
f 11889 4612 5189
f 12764 7663 5004
f 12764 11438 7663
f 11156 11934 11438
f 5130 11934 11156
f 11934 8187 11438
f 7726 4405 11934
f 12815 91 7726
f 106 2381 10893
f 6506 5708 2381
f 106 6506 2381
f 2381 5673 10893
f 2381 8924 5673
f 2381 5770 8924
f 8924 9184 5673
f 6505 9184 8924
f 6505 5062 9184
f 6505 6502 5062
f 5062 108 9184
f 5062 107 108
f 5062 1137 107
f 6502 10824 1137
f 5062 6502 1137
f 1137 10824 165
f 1137 165 107
f 165 1270 107
f 3293 1270 165
f 1270 3186 8374
f 3186 2910 8374
f 3186 6508 2910
f 1071 4469 8379
f 1763 6507 3744
f 6507 1422 7172
f 7697 6504 6593
f 7697 312 6504
f 312 10510 6504
f 6504 10510 4068
f 312 5298 10510
f 7522 12204 10510
f 12067 9682 10306
f 11476 4060 12067
f 12131 5598 11973
f 11476 9658 4060
f 4060 6286 12067
f 6286 5312 9682
f 4060 6840 6286
f 589 9658 12131
f 10526 6260 12131
f 10526 6673 6260
f 6260 6673 6690
f 9978 1493 12604
f 6840 9978 4744
f 589 1493 9978
f 589 4060 9658
f 4060 589 6840
f 6840 698 6286
f 698 1957 5312
f 5312 12501 7486
f 7486 12501 9549
f 1215 7486 12632
f 1215 12632 1276
f 4744 7469 1957
f 12501 12485 9549
f 12204 1136 7825
f 6501 1136 12204
f 10823 12204 7825
f 10823 7825 395
f 10510 12204 10823
f 10823 395 2492
f 6593 6504 4068
f 4068 9891 6593
f 7697 6593 1422
f 1422 8994 8381
f 7172 1422 8381
f 3744 7172 4469
f 3744 6507 7172
f 4469 7172 8379
f 10836 8667 8341
f 10836 8379 8667
f 1071 8379 10836
f 8375 8341 2337
f 8375 10836 8341
f 2910 1071 10836
f 2910 10836 8375
f 2910 8375 8374
f 8380 8376 4721
f 209 8380 11175
f 209 7725 8383
f 209 11175 7725
f 108 107 209
f 8382 12284 135
f 8377 8382 135
f 8377 135 12583
f 1850 8377 12583
f 1850 12583 3074
f 106 10893 1850
f 10578 3892 6871
f 7157 3892 10578
f 3892 10580 6871
f 10580 4111 5158
f 9986 8519 4111
f 9986 3280 8519
f 8519 3280 322
f 322 10579 11034
f 322 5056 10579
f 10579 8719 11034
f 10579 10854 8719
f 10579 10582 10854
f 3597 9152 3535
f 1840 6867 2253
f 1840 2253 12138
f 9153 9154 10581
f 12663 9151 2355
f 6683 3534 9151
f 6683 9905 3534
f 4302 3700 4548
f 6683 2980 9905
f 6357 6683 9151
f 12663 6357 9151
f 9891 5509 11694
f 11694 5509 6357
f 6357 395 6683
f 395 4302 6683
f 9905 11816 8721
f 9905 4548 11816
f 3534 9905 11670
f 2355 1868 1732
f 12138 2253 9723
f 3535 1840 12139
f 9292 3535 12139
f 322 11034 8720
f 8519 322 8720
f 4111 8519 11035
f 4111 11035 5158
f 6871 10580 5158
f 8186 11104 5224
f 5224 7281 12461
f 5296 11104 8186
f 8959 10205 5296
f 8959 6472 10205
f 12815 8959 91
f 91 8959 5296
f 5296 8186 91
f 4405 8186 8187
f 8187 8186 2765
f 2765 5224 12461
f 2765 12461 8187
f 7281 2924 12461
f 5189 4612 1489
f 3792 4569 2690
f 3246 5501 2690
f 2690 8782 3246
f 3246 8782 11320
f 11320 10652 3246
f 8758 10203 4699
f 8758 4699 239
f 4465 8016 1873
f 10619 1873 635
f 12269 1179 2311
f 12269 10619 1179
f 12269 2311 2191
f 2311 920 1645
f 2311 1555 920
f 2311 1179 1555
f 4699 11633 6781
f 6781 12904 3357
f 3537 1003 11633
f 11320 5455 3537
f 8782 5455 11320
f 4569 10969 8782
f 8782 10969 10841
f 2029 1858 10969
f 3792 2029 10969
f 6070 9916 7828
f 7281 1461 3991
f 7281 7667 1461
f 5224 7667 7281
f 5224 12861 6460
f 11104 12861 5224
f 10205 5774 5296
f 11104 1698 12861
f 6871 5158 5442
f 5158 11035 5446
f 5446 6650 1263
f 11035 8720 6650
f 6650 2087 1220
f 8720 11034 6650
f 11034 2087 6650
f 11034 8719 6344
f 10854 1084 8719
f 12138 6809 5444
f 9723 6809 12138
f 9723 11316 6809
f 9723 6639 11316
f 6639 5448 11316
f 6639 10581 5448
f 10581 2384 5448
f 2384 6089 5448
f 2355 1732 6089
f 7656 11670 6557
f 3814 8971 4726
f 2685 3814 4726
f 12420 2685 4726
f 6557 8721 2685
f 6557 12420 3580
f 6557 3580 6267
f 7656 6557 6267
f 1868 7656 4449
f 4668 4449 10905
f 1732 4668 6089
f 1732 4449 4668
f 5448 6089 4668
f 5448 10905 8674
f 11316 8674 671
f 6809 11316 671
f 5441 5444 8686
f 5447 5441 4951
f 5447 4951 4591
f 5447 4591 6344
f 6650 1220 1263
f 5442 1507 7565
f 5443 5442 7565
f 672 5443 7565
f 2919 356 11696
f 5774 11696 1698
f 752 6426 1461
f 1461 6426 10555
f 2029 2309 1858
f 2029 9688 2309
f 1858 12521 10841
f 12521 10442 10841
f 4155 2932 4861
f 1003 4155 4861
f 1003 4379 11633
f 4379 4861 2484
f 4379 2484 1226
f 12904 4379 1226
f 1226 2329 3357
f 3357 1919 8016
f 1555 8016 1919
f 1645 920 12421
f 12421 1240 2723
f 1240 443 3366
f 3366 2723 1240
f 12421 8183 1240
f 8183 12190 443
f 1741 1919 3116
f 7540 1919 2329
f 2329 1445 7540
f 2329 3557 1445
f 1226 6072 3557
f 2484 12510 6072
f 4861 12510 2484
f 2932 3735 12510
f 2932 179 3735
f 2309 1117 1858
f 2309 9688 3618
f 5134 4978 4143
f 11830 4978 5134
f 6426 7091 11830
f 6426 10514 7091
f 6460 7357 752
f 11109 7357 6460
f 7002 12369 9831
f 356 7002 9831
f 10913 5803 7715
f 5803 9430 7715
f 7979 734 4380
f 5803 7979 9430
f 7419 10093 2789
f 1507 11395 7979
f 5803 1507 7979
f 7565 1507 5803
f 9612 7565 5803
f 672 7565 12057
f 5442 5446 1507
f 5446 1263 1507
f 1263 7419 1507
f 1263 10093 7419
f 1263 1220 10093
f 2087 5921 10093
f 2087 6344 5921
f 6344 7418 5921
f 6344 4591 7418
f 4951 3120 7418
f 4951 2675 3120
f 2675 5281 3397
f 4951 8686 2675
f 2675 8686 5281
f 5281 9999 12447
f 6809 9999 8686
f 6809 671 9999
f 671 9998 9999
f 671 6223 9998
f 8674 6223 671
f 8674 10905 4272
f 4449 1440 10905
f 1440 3076 3978
f 4449 6267 1440
f 3076 3580 32
f 3580 10944 32
f 3580 12420 10944
f 12420 4726 8204
f 4726 12095 8204
f 12760 1867 4491
f 3532 5564 11705
f 2742 2084 5456
f 12519 2742 5456
f 5568 10542 10023
f 5569 5568 11706
f 5562 5569 1123
f 10344 5562 6951
f 6028 10344 6951
f 6028 6951 6015
f 7637 6028 6015
f 2742 1771 2084
f 3182 1731 6062
f 5566 11011 2885
f 1691 8584 5564
f 8584 12760 5564
f 10058 1867 12760
f 1867 929 2185
f 10944 8204 6624
f 32 10944 6624
f 1940 6148 9611
f 12447 8205 9115
f 9 7973 4977
f 10855 9 6273
f 9249 3609 2903
f 3609 6273 2903
f 9 4977 6273
f 9818 1771 2742
f 9818 5230 1771
f 3182 9115 1731
f 9115 5566 1731
f 5566 2648 11011
f 2648 2578 11011
f 1691 11011 2578
f 2578 8852 1691
f 8852 8584 1691
f 6624 929 10058
f 11902 6624 10058
f 11902 10058 8852
f 9611 6148 2648
f 9115 3182 12746
f 186 9818 2742
f 5230 12746 3182
f 9115 9611 2648
f 6148 2578 2648
f 6148 8852 2578
f 6624 8182 929
f 8852 10058 8584
f 9115 2648 5566
f 5230 3182 1771
f 7973 186 4977
f 7973 3397 186
f 3397 9818 186
f 5281 5230 9818
f 5230 12447 12746
f 12447 9115 12746
f 8205 9611 9115
f 6148 31 8852
f 3978 8852 31
f 3978 11902 8852
f 11902 32 6624
f 6624 8204 8182
f 10058 929 1867
f 8584 10058 12760
f 1691 2885 11011
f 3182 6062 1771
f 186 2742 12519
f 4977 186 12519
f 6273 4977 12519
f 2903 6273 10542
f 9249 2903 8732
f 734 8732 5562
f 5562 8732 5569
f 8732 5568 5569
f 8732 2903 5568
f 2903 10542 5568
f 10542 6273 5620
f 6273 12519 5620
f 1771 10535 2084
f 1771 6062 10535
f 1731 5566 6062
f 2885 5956 5566
f 2885 3532 5956
f 2885 1691 3532
f 1691 5564 3532
f 4272 1440 31
f 1940 31 6148
f 4272 31 1940
f 4272 1940 6223
f 9998 6223 9611
f 9999 8205 12447
f 5281 12447 5230
f 3397 5281 9818
f 3120 7973 8919
f 8919 7973 9
f 10855 6273 3609
f 2789 10855 3609
f 2211 3609 9249
f 2211 9249 734
f 734 9249 8732
f 4380 734 5562
f 4380 5562 10344
f 9430 10344 6028
f 9430 4380 10344
f 7715 9430 6028
f 3786 7420 4120
f 4120 7420 12744
f 11721 8257 2279
f 116 11721 2279
f 116 2279 978
f 978 3755 10967
f 11738 5282 7676
f 11738 10967 5282
f 7676 5282 1482
f 11136 11738 7676
f 3329 7676 11714
f 11714 7676 6488
f 12188 8003 11714
f 1543 8003 12188
f 10033 2730 11446
f 4609 6919 10749
f 4779 4609 1299
f 4609 11636 1299
f 1299 7410 5037
f 248 10742 4559
f 3130 4559 12515
f 3130 12515 5859
f 12515 128 7375
f 1560 8072 137
f 8206 4845 3882
f 8292 3882 4845
f 8292 3816 3882
f 6131 12330 12610
f 798 6855 10447
f 2444 10586 798
f 2444 8675 10586
f 1482 9135 8675
f 12791 9135 1482
f 10967 1859 12791
f 5282 12791 1482
f 3526 798 10447
f 3526 10447 1377
f 2730 11077 10749
f 10749 6131 11636
f 11636 6131 8095
f 7410 8829 7166
f 4845 120 8292
f 120 4845 10451
f 10451 4845 542
f 10451 10548 120
f 120 3816 8292
f 8935 3816 120
f 8935 9592 3816
f 1365 9592 8935
f 1365 2495 9592
f 4926 2495 1365
f 4926 3573 2495
f 128 3573 4926
f 8228 3573 128
f 8228 5241 3573
f 8228 11526 5241
f 7166 11526 8228
f 10742 7166 8228
f 11526 7166 8829
f 5037 7166 10742
f 5037 7410 7166
f 7410 8095 8829
f 1299 8095 7410
f 1299 11636 8095
f 10749 11077 6131
f 12264 11077 2730
f 3526 1377 12264
f 1482 8675 2444
f 1377 5750 12264
f 12264 5750 11077
f 6131 11077 12330
f 8095 6131 12610
f 8095 12610 8829
f 4845 8206 542
f 454 542 8206
f 10451 9955 10548
f 10742 8228 12515
f 10749 11636 4609
f 2730 8906 12264
f 8906 3526 12264
f 11714 6488 12188
f 12188 2444 798
f 6488 2444 12188
f 10967 12791 5282
f 3755 1859 10967
f 3755 3633 1859
f 8120 3633 3755
f 1130 8120 8257
f 2279 3755 978
f 8257 8120 2279
f 12744 1130 8257
f 12744 7420 1130
f 7420 12780 1130
f 7420 9383 12780
f 3988 583 9383
f 6951 5562 1123
f 5569 11706 1123
f 11706 5568 10023
f 10542 5620 10023
f 6062 3676 10535
f 6062 5566 3676
f 5566 5956 3676
f 11705 5564 6573
f 12760 6573 5564
f 12760 4491 6573
f 4491 1867 2185
f 7425 4160 4161
f 1522 5094 11233
f 2326 8896 4163
f 3871 4163 4162
f 5095 3871 4162
f 8395 9817 10281
f 8395 10281 7899
f 6573 9628 4164
f 6573 4491 9628
f 6573 4164 4160
f 11705 6573 7425
f 5956 1522 3676
f 577 1522 11233
f 3676 1522 577
f 10535 3676 577
f 10535 577 9965
f 11900 10535 9965
f 11900 9965 2415
f 5456 2084 11900
f 2326 2415 8896
f 12519 5456 2326
f 5620 12519 2326
f 5620 2326 10023
f 3871 2326 4163
f 10023 3871 11706
f 1123 11706 5095
f 8395 1123 9817
f 7899 6951 8395
f 8396 7899 10059
f 583 3672 605
f 9383 605 12780
f 1130 1847 8120
f 8120 7 3633
f 1859 2762 12791
f 12791 2762 9135
f 8675 6967 8158
f 8675 9135 6967
f 8675 8158 10586
f 798 10586 6855
f 6855 8446 6362
f 6855 6362 10447
f 1377 2859 5750
f 205 11077 5750
f 11077 205 12330
f 4278 5775 3508
f 10181 4278 3508
f 7065 6463 3510
f 6329 9387 1385
f 644 12561 9387
f 347 7603 6463
f 5093 5092 12624
f 6338 3504 5604
f 11158 6338 5604
f 11158 5604 6783
f 11158 6783 5602
f 7644 11158 5602
f 7644 5602 11241
f 567 11241 5603
f 2986 5603 7797
f 9204 4611 12415
f 2024 2234 8065
f 2024 7325 2234
f 8065 2234 6875
f 12434 6464 130
f 6302 5755 6059
f 9931 12856 5589
f 9931 5589 7436
f 7436 5589 5012
f 7436 5012 9168
f 9168 5012 4869
f 9168 4869 10562
f 3136 10562 4869
f 8014 7143 8701
f 3508 5775 9562
f 3508 9562 6004
f 7065 3510 9561
f 12561 7065 418
f 9387 12561 418
f 1385 9387 859
f 3504 1385 10845
f 5604 3504 10845
f 6783 5604 10846
f 6783 10846 1594
f 1134 1594 10847
f 1134 10847 10844
f 1134 10844 1420
f 4741 1134 1420
f 12415 11009 7325
f 185 912 3015
f 6464 2065 2083
f 5376 960 6058
f 5589 9925 9634
f 5589 9634 5012
f 3718 208 10362
f 3718 1209 208
f 10362 208 455
f 455 11686 11755
f 9860 3226 4350
f 4830 12888 9473
f 1013 1247 12888
f 3585 1247 1013
f 3585 1251 1247
f 9129 11120 7588
f 9129 4016 11120
f 9130 4016 9129
f 11838 1642 6445
f 1201 833 8569
f 12867 833 1201
f 12507 12582 12867
f 1250 516 7817
f 1248 1250 7817
f 2060 2601 9219
f 4103 2601 2060
f 6704 11704 240
f 7134 11704 6704
f 10632 7134 3332
f 6053 11285 9841
f 11285 2011 4351
f 2011 11795 4351
f 12247 9128 7361
f 12247 2061 9128
f 12244 3217 2061
f 3331 7113 3924
f 88 5069 4936
f 10748 4815 8582
f 11958 2837 12239
f 11958 2063 12244
f 10992 11958 12244
f 4814 1108 12247
f 2321 10212 2011
f 10013 6613 6053
f 6613 2321 6053
f 2115 4814 5068
f 10214 1108 4814
f 10213 11599 4815
f 11599 8090 4815
f 10218 4817 5069
f 5311 10213 3278
f 3438 5311 3278
f 1890 3587 2837
f 294 1617 3587
f 5311 1760 10213
f 1760 8797 10213
f 1618 8090 11599
f 1618 8983 8090
f 8983 9028 10218
f 9800 6093 2369
f 9800 2369 4447
f 6144 4447 1760
f 6144 6591 11751
f 11751 6591 2364
f 7778 11751 2364
f 99 2900 2367
f 6306 4715 1523
f 480 10462 8255
f 9131 480 8255
f 11372 5486 3765
f 3981 5923 9131
f 5923 4419 9131
f 6306 4251 4715
f 4674 11751 7778
f 476 11751 4674
f 476 6144 11751
f 1855 6093 9800
f 1855 8543 882
f 9160 2727 6430
f 9160 1418 2727
f 5775 9160 3824
f 9562 5775 3824
f 1417 6004 4844
f 1385 859 2901
f 10845 1385 2901
f 8731 11885 10444
f 10844 10099 5425
f 10844 10847 10099
f 10099 1594 12496
f 1594 10846 12496
f 10846 8952 12496
f 10845 2901 8952
f 859 2839 12498
f 3824 6430 12743
f 6430 9350 12743
f 6430 762 9350
f 9350 10876 8543
f 4849 9800 184
f 184 9800 471
f 11008 184 471
f 12058 11513 2900
f 9427 2862 4251
f 9427 6306 477
f 3845 9427 477
f 8277 3845 480
f 9539 8277 480
f 10643 2581 474
f 10643 474 10774
f 9351 297 10774
f 297 11885 10643
f 11885 2581 10643
f 8903 10099 5923
f 10099 11600 9539
f 5696 9427 3845
f 5696 2862 9427
f 11513 12277 1571
f 4844 184 11008
f 12695 4849 184
f 3824 12743 4849
f 12695 3824 4849
f 4844 12695 184
f 3344 4844 11008
f 12277 3344 4225
f 12277 4225 4674
f 12498 2839 11513
f 8952 2862 5696
f 10444 11885 297
f 10997 5579 1421
f 11458 12449 5426
f 1419 8300 5833
f 3505 8300 9105
f 8356 11637 8219
f 3936 1029 2055
f 1610 2055 1721
f 1610 1721 5278
f 129 508 8463
f 129 8463 6608
f 6608 8463 6348
f 6608 6348 10614
f 10614 6348 1092
f 10614 1092 9299
f 3282 5737 385
f 6736 9488 3503
f 3512 7416 5372
f 3512 2726 10842
f 5116 742 201
f 201 1004 10843
f 5057 3915 3103
f 5057 2699 3915
f 11686 3677 6736
f 983 3677 11686
f 208 995 983
f 4378 995 208
f 4378 1397 995
f 8531 1397 4378
f 11049 5737 3282
f 11049 9299 5737
f 12656 10614 8609
f 12656 6608 10614
f 9792 129 6608
f 11620 129 9792
f 6670 5278 11620
f 6670 1610 5278
f 11126 1610 6670
f 8219 7291 8874
f 8219 912 8356
f 912 3505 8356
f 12494 5833 3505
f 6677 1419 5833
f 6482 1419 6677
f 4516 3507 3509
f 11619 3506 3507
f 11619 4615 3506
f 815 3506 4615
f 11009 11619 4516
f 912 8219 6645
f 6645 8219 8874
f 11620 5376 6670
f 9792 5376 11620
f 587 9792 6608
f 587 12656 7208
f 587 6608 12656
f 7208 12656 9925
f 9925 12656 8609
f 9925 8609 9634
f 3282 8531 761
f 761 8531 11966
f 4378 11966 8531
f 208 1209 4378
f 11755 9025 7938
f 7143 7938 5057
f 3226 226 6236
f 12135 6236 3512
f 6330 12135 5116
f 4350 12135 6330
f 4350 6236 12135
f 11966 4378 1209
f 3282 4869 11049
f 960 5376 9792
f 2083 11962 5755
f 2083 8874 11962
f 2065 6645 8874
f 3015 912 6645
f 12494 185 505
f 8309 1421 3506
f 5834 157 6482
f 3509 11094 5834
f 815 8309 3506
f 3506 1421 3507
f 3507 1421 11458
f 11619 3507 4516
f 3507 11458 3509
f 11560 4516 3509
f 11560 3509 5405
f 5405 3509 5834
f 5405 6482 355
f 5405 5834 6482
f 355 6482 6677
f 6677 5833 12494
f 12494 3505 185
f 185 3505 912
f 3505 9105 8356
f 11962 7291 3936
f 11962 8874 7291
f 11962 3936 5755
f 5755 3936 1610
f 5755 1610 11126
f 11620 508 129
f 9634 8609 9299
f 9634 9299 11049
f 9025 11686 6736
f 9025 6736 3503
f 9025 3503 7938
f 2699 7938 3503
f 7938 2699 5057
f 5057 3103 3226
f 226 3226 3103
f 6236 226 3512
f 5116 12135 3512
f 3708 6616 12418
f 6616 2462 1402
f 2442 2462 6616
f 4194 2462 2442
f 1366 5414 4614
f 628 5414 1366
f 3386 9189 12513
f 12296 4200 12513
f 8730 4200 12296
f 10291 8332 9284
f 9034 8332 10291
f 9034 1039 5301
f 1039 7986 5301
f 1039 9209 7986
f 9209 592 7986
f 9209 9389 592
f 2520 592 9389
f 2520 9526 592
f 6694 4311 9526
f 6694 2018 4311
f 11929 8814 4337
f 10875 1996 7914
f 8447 875 1996
f 2366 875 8447
f 2366 6291 875
f 1994 12647 290
f 5310 1994 290
f 349 2614 5877
f 4680 3220 2614
f 3592 1907 3220
f 10216 12596 2614
f 5877 12596 9250
f 5877 9250 5310
f 5310 9250 10209
f 10209 10219 12647
f 12647 10219 11256
f 7986 592 319
f 4703 7986 319
f 4703 3907 11991
f 11991 3907 8332
f 4200 2523 12513
f 12513 10217 3386
f 5414 4816 4614
f 4614 4816 397
f 1865 2114 6539
f 2462 10210 4019
f 2462 4019 1402
f 2392 12250 5599
f 1402 11883 8180
f 4019 11883 1402
f 10210 9221 4019
f 2114 4813 9221
f 2114 12806 4813
f 397 9766 4656
f 2523 1676 12513
f 4200 9684 2523
f 1570 9684 4200
f 8332 2156 1570
f 3907 2156 8332
f 3907 1436 2156
f 4703 1436 3907
f 4703 8749 1436
f 4703 4678 8749
f 4703 319 4678
f 3495 11245 3721
f 8179 3721 11245
f 6825 1222 7200
f 876 12242 1222
f 900 1569 1223
f 2437 1569 900
f 875 6052 10713
f 875 10720 6052
f 11256 10720 875
f 10219 3333 10720
f 10209 3333 10219
f 4812 245 10216
f 8067 4812 2116
f 4676 6613 10013
f 4676 4339 6613
f 4339 10212 6613
f 4339 4338 10212
f 4338 2115 10212
f 4338 780 2115
f 1995 10214 2115
f 8984 8982 1108
f 99 1890 9872
f 9510 9872 8982
f 1523 9510 8982
f 1523 8982 8984
f 6289 1523 8984
f 3765 296 4339
f 11058 7767 3062
f 1192 11174 3405
f 6908 11942 7411
f 11942 475 7411
f 7932 11098 2972
f 2972 11098 4929
f 11509 8544 6990
f 6990 8544 2580
f 320 7461 3412
f 5666 3412 43
f 5666 43 2933
f 3354 2933 43
f 6641 3354 5389
f 8858 6641 5389
f 9668 11607 2250
f 10316 531 10337
f 10337 1369 3009
f 3009 1369 7334
f 6597 6113 3248
f 6194 823 10775
f 472 7779 12059
f 7999 4436 3596
f 9810 5826 3806
f 6597 3806 5826
f 531 1369 10337
f 10316 11240 531
f 12105 11240 10316
f 11607 1542 12105
f 11607 12763 1542
f 10680 12763 11607
f 5389 2510 10680
f 5389 7961 2510
f 5389 3354 7961
f 3354 12268 7961
f 3354 43 12268
f 7461 12268 43
f 7461 8359 12268
f 7461 4048 8359
f 676 4048 7461
f 676 195 4048
f 2580 8061 676
f 8544 8061 2580
f 8544 9008 8061
f 8544 7646 9008
f 8544 473 7646
f 5985 7646 473
f 11098 12107 4929
f 5215 7942 3592
f 5215 3592 6846
f 786 2368 11942
f 11942 2270 475
f 475 2270 8788
f 8788 9278 11098
f 11098 9278 2366
f 9008 5831 8061
f 2510 9521 8621
f 11240 1542 531
f 1369 2360 7509
f 7509 1409 3248
f 3806 1409 2086
f 3806 2365 9810
f 3806 2086 2365
f 5484 9715 4194
f 5484 6539 9715
f 2365 6539 5484
f 1366 11288 2360
f 2361 9189 291
f 5437 8730 12296
f 5437 9284 8730
f 10291 9284 5437
f 11377 2520 9389
f 11377 6694 2520
f 6334 6694 11377
f 6292 7914 7821
f 10875 7914 6292
f 9278 6291 2366
f 2363 6291 9278
f 5310 290 2270
f 7581 349 2368
f 349 5877 2368
f 7581 4680 349
f 6846 3592 4680
f 6119 3592 7942
f 11942 2368 2270
f 2363 9278 8788
f 12107 2366 11512
f 7646 7821 11929
f 7646 11929 9008
f 9008 11929 5831
f 5831 6334 8061
f 8061 6334 195
f 195 6334 11377
f 9389 10296 12268
f 12268 10296 7961
f 7961 10296 9521
f 7961 9521 2510
f 9521 10291 8621
f 8621 5437 12763
f 8621 10291 5437
f 12763 5437 1542
f 12296 1542 5437
f 1542 12296 2361
f 1542 2361 531
f 1369 2361 11463
f 1369 11463 2360
f 1409 10017 2086
f 4436 2365 5484
f 7779 2442 3708
f 823 3708 7137
f 4436 5484 3596
f 10017 293 2086
f 6119 1907 3592
f 6846 4680 7581
f 2368 5310 2270
f 2270 290 2363
f 2363 12647 6291
f 2366 8447 11512
f 11512 8447 10875
f 5831 11929 8372
f 5831 8372 6334
f 10296 9389 9209
f 9521 10296 9209
f 9521 9209 1039
f 9521 1039 9034
f 9521 9034 10291
f 12296 9189 2361
f 2361 291 11463
f 11463 1366 2360
f 2360 11288 7509
f 7509 11288 10017
f 2086 293 2365
f 5484 4194 3596
f 3596 4194 2442
f 2442 6616 3708
f 6194 3708 823
f 7779 3708 6194
f 3596 2442 7779
f 9810 2365 4436
f 6597 1409 3806
f 1409 7509 10017
f 1369 531 2361
f 8359 9389 12268
f 8359 11377 9389
f 8359 4048 11377
f 195 11377 4048
f 6292 7821 7646
f 12419 10875 6292
f 11512 10875 12419
f 2270 2363 8788
f 7581 2368 786
f 9285 7942 5215
f 9285 5215 12224
f 5215 6846 11174
f 11174 6846 7581
f 11174 7581 6748
f 6748 7581 786
f 5789 6748 786
f 11098 2366 12107
f 12107 11512 4929
f 4929 11512 12419
f 12419 6292 5985
f 5985 6292 7646
f 8061 195 676
f 2510 8621 10680
f 10680 8621 12763
f 12105 1542 11240
f 7334 1369 7509
f 7334 7509 3248
f 472 7999 3596
f 472 3596 7779
f 6194 12059 7779
f 742 10907 1004
f 742 9777 1069
f 662 9178 8471
f 7445 8471 9178
f 6161 320 3754
f 6161 2039 320
f 2959 2039 6161
f 2959 7475 2039
f 2055 6990 3342
f 1874 758 3484
f 1874 1070 758
f 5572 1070 1874
f 10082 2972 5572
f 2972 4929 5572
f 5572 4929 1070
f 3342 2580 7475
f 7475 2580 2039
f 2039 2580 676
f 2039 676 320
f 5666 3754 320
f 5666 2933 11369
f 11369 6641 1017
f 11369 2933 6641
f 1017 6641 4513
f 4513 6641 8858
f 8471 9668 2250
f 4662 3248 1062
f 6113 1062 3248
f 6113 6597 5372
f 5826 5372 6597
f 5826 9810 9777
f 7999 9777 9810
f 1069 472 10907
f 8412 12059 4663
f 5322 8662 8412
f 5322 10907 8662
f 7445 8858 9668
f 1672 2972 10082
f 12497 6908 7411
f 3343 6908 12497
f 3343 5789 6908
f 3405 5789 3343
f 5514 3405 5426
f 5514 1192 3405
f 5514 12224 1192
f 10997 2871 5579
f 12449 5514 5426
f 5426 3343 11094
f 11094 3343 12497
f 9105 5572 11637
f 9105 10082 5572
f 1874 11637 5572
f 1874 3484 7291
f 3484 7368 1029
f 1721 7475 5278
f 6161 277 6348
f 1092 11369 1017
f 1017 4513 8058
f 8058 4513 385
f 385 4513 9178
f 9094 5424 995
f 1722 2925 4824
f 492 9488 4824
f 2726 9777 10842
f 10842 9777 742
f 10843 1004 10907
f 742 5116 10842
f 5372 9777 2726
f 6736 4824 9488
f 6736 1722 4824
f 3677 5424 1722
f 995 5424 3677
f 5424 2925 1722
f 1397 9094 995
f 1397 9178 9094
f 11472 9178 1397
f 385 9178 11472
f 6348 277 1092
f 8463 6161 6348
f 508 6161 8463
f 508 2959 6161
f 508 5278 2959
f 5278 7475 2959
f 7291 3484 1029
f 1874 8219 11637
f 8300 1672 10082
f 11094 12497 157
f 5579 2871 12224
f 5579 12224 5514
f 5426 3405 3343
f 12497 7411 157
f 157 7411 6989
f 157 6989 6648
f 6989 10644 6648
f 6648 7932 1672
f 6648 10644 7932
f 6648 1672 8300
f 758 7324 3484
f 3484 7324 7368
f 7368 7324 11509
f 1029 7368 2055
f 7368 11509 6990
f 2055 7368 6990
f 2055 3342 1721
f 1721 3342 7475
f 6161 3754 277
f 3754 5666 277
f 277 5666 11369
f 11369 1092 277
f 4513 8858 7445
f 4513 7445 9178
f 7445 9668 8471
f 8471 2250 662
f 9178 662 9094
f 9094 662 5424
f 662 4514 5424
f 5424 4514 2925
f 2925 4514 10337
f 2925 10337 4824
f 4824 10337 3009
f 3009 492 4824
f 492 3009 10272
f 10272 3009 4662
f 10272 4662 1062
f 7416 1062 6113
f 5372 7416 6113
f 5372 5826 9777
f 9777 7999 1069
f 10907 742 1069
f 12059 6194 10775
f 4663 12059 10775
f 8662 12059 8412
f 8662 472 12059
f 10907 472 8662
f 1069 7999 472
f 7999 9810 4436
f 6597 3248 1409
f 7334 3248 4662
f 3009 7334 4662
f 4514 10316 10337
f 4514 12105 10316
f 2250 12105 4514
f 2250 11607 12105
f 2250 4514 662
f 11607 9668 10680
f 8858 10680 9668
f 8858 5389 10680
f 2933 3354 6641
f 3412 7461 43
f 320 3412 5666
f 7461 320 676
f 6990 2580 3342
f 11509 473 8544
f 7324 473 11509
f 7324 5985 473
f 758 5985 7324
f 1070 5985 758
f 1070 12419 5985
f 4929 12419 1070
f 7932 8788 11098
f 7932 2972 1672
f 6989 475 10644
f 10644 8788 7932
f 475 8788 10644
f 7411 475 6989
f 6908 786 11942
f 5789 786 6908
f 3405 6748 5789
f 3405 11174 6748
f 1192 5215 11174
f 12224 5215 1192
f 2871 9285 12224
f 6100 3765 4676
f 8255 292 11541
f 8255 10462 292
f 10462 6289 292
f 10462 1523 6289
f 99 2367 1890
f 2367 2364 294
f 2364 1617 294
f 6591 5311 1617
f 1760 2369 8797
f 2369 6093 1618
f 6093 9028 1618
f 6093 2362 9028
f 5311 6591 1760
f 2364 6591 1617
f 2367 294 1890
f 1523 4715 9510
f 3981 295 296
f 3765 3981 296
f 6100 4676 7767
f 9200 6100 11058
f 11058 6100 7767
f 7767 10215 3062
f 4676 3765 4339
f 296 6290 4339
f 6290 4338 4339
f 296 295 6290
f 6290 11541 4338
f 295 11541 6290
f 295 8255 11541
f 11541 780 4338
f 11541 1995 780
f 11541 292 1995
f 292 6289 1995
f 6289 8984 1995
f 9872 9510 99
f 8982 9872 10992
f 1995 8984 10214
f 780 1995 2115
f 7767 4676 10013
f 7767 10013 10215
f 1854 3332 2804
f 9573 4103 3333
f 3333 2060 2948
f 3691 12507 12249
f 12249 12507 4074
f 3495 4074 1201
f 11787 2249 6049
f 11787 6049 4671
f 4671 9130 12251
f 4269 12251 9129
f 4269 9129 7706
f 4269 7706 12240
f 10449 3585 12246
f 10449 12252 3585
f 12245 11284 11883
f 11883 11284 3856
f 6051 6215 8969
f 5983 12250 6866
f 12245 1448 11284
f 12248 4830 12245
f 12888 4830 12248
f 12381 1013 12888
f 4181 1246 2062
f 4181 12240 1249
f 7706 1249 12240
f 9129 7588 7706
f 6445 9400 9130
f 6049 8821 11838
f 12507 516 10029
f 10952 7817 12242
f 6705 10632 3332
f 1246 4181 1249
f 2392 8969 12250
f 11883 3856 6051
f 9221 12245 4019
f 9766 10449 4656
f 4816 12252 9766
f 4816 4181 12252
f 12240 4181 4816
f 1676 2523 12251
f 9684 12251 2523
f 8749 11787 1436
f 4678 11787 8749
f 4678 7668 2249
f 4678 6874 7668
f 12217 7668 6874
f 12217 6021 7668
f 3495 6021 12217
f 1222 3691 7200
f 12242 3691 1222
f 10713 10952 1569
f 10209 9573 3333
f 4812 1854 245
f 8067 12243 4812
f 2156 4671 1570
f 4269 1676 12251
f 8969 6215 12250
f 6051 6952 6215
f 3856 6952 6051
f 3856 11284 6952
f 4019 12245 11883
f 9221 12248 12245
f 4813 12248 9221
f 12248 4813 12888
f 12381 12888 4813
f 12806 12381 4813
f 12246 12381 12806
f 12246 1013 12381
f 3585 1013 12246
f 12252 2062 3585
f 10449 9766 12252
f 4181 2062 12252
f 12251 9130 9129
f 4671 6445 9130
f 1570 12251 9684
f 1570 4671 12251
f 4671 6049 6445
f 1436 4671 2156
f 11787 4671 1436
f 6049 2249 8821
f 11787 4678 2249
f 2249 3775 8821
f 2249 7668 3775
f 6021 3775 7668
f 3495 1201 6021
f 3495 3721 4074
f 12249 4074 3721
f 7200 3691 12249
f 3691 516 12507
f 12242 516 3691
f 12242 7817 516
f 1569 12242 1223
f 1569 10952 12242
f 12380 1248 10952
f 12380 10952 10713
f 6052 12380 10713
f 6052 8254 12380
f 2948 8254 6052
f 2948 9219 8254
f 10720 2948 6052
f 2948 2060 9219
f 3333 4103 2060
f 9573 6706 4103
f 12241 6706 9573
f 12241 6704 6706
f 2804 6704 12241
f 3332 6704 2804
f 245 1854 2804
f 6705 3332 1854
f 4812 6705 1854
f 12243 6705 4812
f 245 2804 12241
f 12241 9573 9250
f 9250 9573 10209
f 3333 2948 10720
f 2437 10713 1569
f 1223 12242 876
f 8179 7200 12249
f 8179 12249 3721
f 319 6874 4678
f 1676 4269 10217
f 10217 4269 12240
f 10217 12240 4816
f 9766 397 4816
f 4656 10449 12246
f 4656 12246 12806
f 8180 11883 6051
f 8180 6051 2392
f 2392 6051 8969
f 12250 5983 5599
f 11255 2392 5599
f 12418 2609 11255
f 11255 8180 2392
f 11255 2609 8180
f 1402 8180 2609
f 4194 10210 2462
f 2114 9221 10210
f 9715 2114 10210
f 6539 2114 9715
f 1865 12806 2114
f 8478 12806 1865
f 293 8478 1865
f 8478 4656 12806
f 397 4656 8478
f 9671 397 8478
f 4614 397 9671
f 10217 4816 5414
f 628 10217 5414
f 3386 10217 628
f 12513 1676 10217
f 9281 1570 4200
f 9281 4200 8730
f 8332 1570 9281
f 5301 4703 11991
f 5301 7986 4703
f 319 592 6874
f 12217 6874 592
f 9526 12217 592
f 4311 12217 9526
f 4311 3495 12217
f 4311 11245 3495
f 4337 8179 11245
f 6825 8179 4337
f 6825 7200 8179
f 8814 6825 4337
f 876 1222 6825
f 876 6825 8814
f 900 1223 876
f 8320 900 876
f 1996 900 7914
f 1996 2437 900
f 875 2437 1996
f 875 10713 2437
f 10219 10720 11256
f 1994 10209 12647
f 5310 10209 1994
f 12596 12241 9250
f 12596 245 12241
f 2614 12596 5877
f 10216 245 12596
f 3220 10216 2614
f 2116 4812 10216
f 3220 2116 10216
f 1907 2116 3220
f 8067 2116 1907
f 3592 3220 4680
f 349 4680 2614
f 2368 5877 5310
f 290 12647 2363
f 12647 11256 6291
f 6291 11256 875
f 8447 1996 10875
f 7914 900 8320
f 7821 7914 8320
f 7821 8320 11929
f 8320 876 8814
f 11929 8320 8814
f 11929 4337 8372
f 4337 11245 2018
f 8372 4337 2018
f 8372 2018 6334
f 4311 2018 11245
f 6694 6334 2018
f 6694 9526 2520
f 5301 11991 9034
f 9034 11991 8332
f 8332 9281 9284
f 8730 9284 9281
f 12296 12513 9189
f 3386 291 9189
f 291 3386 628
f 291 628 11463
f 11463 628 1366
f 11288 1366 4614
f 11288 4614 9671
f 10017 11288 9671
f 9671 8478 293
f 10017 9671 293
f 293 1865 2365
f 2365 1865 6539
f 9715 10210 4194
f 6616 2609 12418
f 6616 1402 2609
f 3708 12418 7137
f 7137 12418 10975
f 12418 11255 10975
f 10975 11255 5599
f 201 742 1004
f 5116 3512 10842
f 3512 5372 2726
f 226 7416 3512
f 3103 7416 226
f 3103 1062 7416
f 3915 1062 3103
f 3915 10272 1062
f 3915 2699 10272
f 2699 492 10272
f 9488 492 2699
f 2699 3503 9488
f 3677 1722 6736
f 983 995 3677
f 1397 8531 11472
f 8531 385 11472
f 3282 385 8531
f 385 5737 8058
f 5737 1017 8058
f 9299 1017 5737
f 9299 1092 1017
f 8609 10614 9299
f 5278 508 11620
f 3936 2055 1610
f 7291 1029 3936
f 7291 8219 1874
f 9105 11637 8356
f 5833 8300 3505
f 8300 10082 9105
f 6482 157 1419
f 1419 6648 8300
f 157 6648 1419
f 5834 11094 157
f 3509 5426 11094
f 11458 5426 3509
f 11458 1421 12449
f 1421 5514 12449
f 1421 5579 5514
f 8309 10997 1421
f 8731 8903 11885
f 12498 11513 12058
f 12496 5696 3845
f 12496 3845 8277
f 11600 12496 8277
f 11885 8903 2581
f 9351 10774 4227
f 297 10643 10774
f 8903 5923 2581
f 2581 5923 474
f 10099 9539 5923
f 5923 9539 4419
f 11600 8277 9539
f 3845 477 480
f 9427 4251 6306
f 2862 10909 4251
f 2862 12498 10909
f 12498 12058 10909
f 12058 2900 10909
f 11513 1571 2900
f 1571 12277 4674
f 4225 476 4674
f 3344 11008 4225
f 4225 11008 476
f 11008 471 476
f 4849 1855 9800
f 4849 8543 1855
f 4849 12743 8543
f 12743 9350 8543
f 2727 3072 762
f 2727 762 6430
f 9562 3824 12695
f 732 4844 3344
f 4998 732 3344
f 4998 3344 12277
f 9561 4998 12277
f 9561 12277 2839
f 12277 11513 2839
f 2901 12498 2862
f 2901 2862 8952
f 8952 5696 12496
f 10099 12496 11600
f 5425 10099 8903
f 8731 5425 8903
f 12221 297 9351
f 6759 297 12221
f 6759 10444 297
f 1420 5425 8731
f 1420 10844 5425
f 10847 1594 10099
f 10846 3766 8952
f 3766 10845 8952
f 2901 859 12498
f 859 418 2839
f 418 9561 2839
f 4998 1417 732
f 1417 4844 732
f 4844 6004 12695
f 6004 9562 12695
f 3824 9160 6430
f 8543 10876 882
f 476 471 6144
f 1571 4674 7778
f 2900 1571 7778
f 477 6306 10462
f 9539 480 4419
f 474 5923 3981
f 10774 474 5486
f 10774 5486 11372
f 4227 10774 11372
f 4227 9200 11058
f 4227 11372 9200
f 9200 11372 6100
f 11372 3765 6100
f 5486 3981 3765
f 474 3981 5486
f 9131 295 3981
f 9131 8255 295
f 9131 4419 480
f 480 477 10462
f 10462 6306 1523
f 4251 9510 4715
f 4251 99 9510
f 4251 10909 99
f 10909 2900 99
f 2900 7778 2367
f 2367 7778 2364
f 6144 1760 6591
f 6144 471 4447
f 4447 2369 1760
f 471 9800 4447
f 6093 882 2362
f 1855 882 6093
f 1618 9028 8983
f 2369 11599 8797
f 2369 1618 11599
f 8797 11599 10213
f 294 3587 1890
f 9872 1890 2837
f 3587 1617 3438
f 1617 5311 3438
f 8983 10218 88
f 8090 8983 88
f 3587 7113 12239
f 9872 2837 11958
f 9872 11958 10992
f 8982 10992 1108
f 10214 8984 1108
f 2115 10214 4814
f 6613 10212 2321
f 10013 12152 10215
f 3062 10215 8066
f 8066 12152 4104
f 8066 10215 12152
f 12152 6053 9841
f 10013 6053 12152
f 6053 2321 11285
f 11285 2321 2011
f 10212 2115 2011
f 2115 5068 2011
f 5068 4814 7361
f 1108 2061 12247
f 1108 12244 2061
f 1108 10992 12244
f 11958 12239 2063
f 2837 3587 12239
f 3587 3438 7113
f 3438 8436 7113
f 3438 3278 8436
f 3278 10748 8436
f 8436 10748 643
f 3278 10213 10748
f 10748 8582 643
f 10213 4815 10748
f 4815 8090 4936
f 8090 88 4936
f 88 10218 5069
f 3865 4489 310
f 4934 310 11250
f 4934 11250 10434
f 12134 12191 11055
f 2736 11055 1804
f 9749 225 2094
f 2736 2958 11055
f 12134 3262 12191
f 3779 12133 574
f 3901 9102 10590
f 9102 11844 10590
f 1558 9774 4261
f 9774 10434 4261
f 9774 12312 10434
f 11667 169 9401
f 4716 9472 8875
f 12121 4716 8875
f 8253 8718 10587
f 3430 8253 10587
f 3430 10587 1133
f 1245 3430 1133
f 2061 1245 4859
f 2063 8253 3430
f 4716 9127 9472
f 4936 11667 9401
f 643 4716 12121
f 643 12121 3924
f 2061 4859 9128
f 9128 4859 6201
f 112 9128 6201
f 7361 112 2316
f 4351 1483 11775
f 9841 11285 9349
f 484 7364 1808
f 7364 9349 4326
f 9349 11775 4326
f 2824 7226 7875
f 7226 6201 7875
f 2763 8875 2847
f 8875 9421 2847
f 11978 3372 9421
f 11978 169 3372
f 11978 9401 169
f 8571 12121 2763
f 2847 9421 8141
f 9833 8217 9143
f 7875 9143 10379
f 7875 10379 12030
f 8518 8117 3262
f 1808 4326 5472
f 3758 5472 9749
f 2958 12134 11055
f 2958 3262 12134
f 8117 12030 3262
f 10379 9143 574
f 9143 3779 574
f 1558 2847 9774
f 2847 8141 9774
f 8141 12312 9774
f 8141 4934 12312
f 3372 8216 4934
f 2763 2847 1558
f 2763 1558 11844
f 9439 11844 9102
f 4388 9439 9102
f 8178 9439 4388
f 8217 4388 6106
f 8217 6106 3779
f 9143 8217 3779
f 4326 2958 2736
f 5472 4326 2736
f 11748 2094 421
f 225 2891 421
f 6682 2546 11262
f 2147 11191 6930
f 11191 9937 11282
f 9937 8805 11282
f 8805 5348 10145
f 650 1638 9006
f 1638 11192 9006
f 5088 8580 4618
f 3901 10590 3541
f 3901 3541 1416
f 1416 8850 10902
f 10902 2894 9937
f 10902 9937 12774
f 2419 12774 1042
f 12191 1042 11262
f 1042 2147 11262
f 1042 12774 2147
f 3543 10434 5089
f 10434 5088 5089
f 10434 2468 5088
f 11250 8580 2468
f 11362 11192 1638
f 2892 8850 5348
f 2892 5348 8805
f 2894 2892 8805
f 2468 8580 5088
f 3543 5089 11192
f 11362 3543 11192
f 12158 11362 1638
f 8850 3541 12158
f 10902 2892 2894
f 10902 8850 2892
f 12774 9937 11191
f 2147 12774 11191
f 8850 1416 3541
f 10590 12158 3541
f 10590 11362 12158
f 11362 4261 3543
f 4261 10434 3543
f 11250 4489 8580
f 10573 4618 7789
f 11192 8045 9006
f 5348 3500 10145
f 11282 10145 4457
f 10144 6682 10664
f 3805 8806 10663
f 12305 11748 5933
f 12696 2891 11779
f 2891 3805 11779
f 11106 6682 10144
f 11262 407 6682
f 7443 11106 8806
f 652 9166 8044
f 3950 10903 7015
f 8231 7015 2387
f 10016 11471 10157
f 613 9016 1259
f 3337 532 9647
f 9647 532 651
f 4301 94 10662
f 4301 10662 6656
f 7539 3198 4694
f 5522 7159 1102
f 4648 941 5611
f 1639 4648 5611
f 1639 5611 8040
f 1639 8040 3873
f 4158 8043 5733
f 5733 8043 3005
f 9901 6633 5885
f 12704 7216 9897
f 9210 9814 8834
f 3161 7218 667
f 6975 7218 3161
f 6975 3514 7218
f 10027 11491 10799
f 10519 11491 10027
f 8948 178 10519
f 8948 9211 178
f 5096 9437 12866
f 10057 9437 5096
f 10057 9104 9437
f 9896 9104 10057
f 1188 8951 5237
f 9437 8967 12866
f 8967 11672 7215
f 7215 11672 8995
f 6530 2186 10948
f 6530 10948 5360
f 6530 5360 152
f 10799 2814 12729
f 12729 1745 3514
f 667 9808 1552
f 1552 9808 7685
f 8834 7685 6169
f 8834 6169 9210
f 46 6169 2584
f 7216 46 2584
f 1066 7792 1750
f 1066 1750 2793
f 6633 2793 1742
f 1742 11608 5174
f 2793 11608 1742
f 2793 9091 11608
f 1750 9091 2793
f 7792 2543 1750
f 2584 6169 10880
f 1743 10866 10762
f 1745 11935 1743
f 612 8632 8482
f 11672 5655 8995
f 9437 9912 8967
f 11763 9791 2382
f 2382 403 11763
f 1188 403 2382
f 1752 9290 7835
f 1746 8587 1754
f 430 8587 1746
f 430 836 8587
f 430 1753 836
f 2794 10267 1753
f 2792 10267 2794
f 2792 11311 10267
f 1751 7629 12475
f 8105 12283 11747
f 9368 2305 5393
f 9368 4395 2305
f 4395 8170 3047
f 8170 7940 9474
f 7940 10187 9474
f 10186 4746 10187
f 10186 9555 4746
f 8265 11648 7593
f 3149 1531 4327
f 1361 2204 3149
f 9555 10102 10690
f 4746 9555 2782
f 2305 7618 10689
f 3979 2305 10689
f 2547 8191 8530
f 11311 11612 10267
f 10339 11612 3849
f 10339 3849 836
f 836 3849 2267
f 2267 5225 12900
f 12900 5225 7193
f 11763 9554 9791
f 9791 140 9912
f 9554 140 9791
f 140 10097 4728
f 4728 9097 1191
f 4728 10097 9097
f 1191 10592 12445
f 1191 9097 10592
f 12445 10592 935
f 5786 12445 935
f 5786 935 1231
f 1231 935 11310
f 4580 1231 11310
f 11529 8757 7619
f 11529 7619 11650
f 10346 9556 11811
f 4806 8035 9626
f 2265 9626 1285
f 2265 1285 1926
f 2302 58 11773
f 2302 11773 2795
f 2795 10361 10319
f 10167 9557 11514
f 10167 11514 7781
f 9091 10167 11608
f 2543 12807 9091
f 2543 2584 12807
f 10880 10319 2584
f 2302 2795 10880
f 10762 10866 2265
f 1743 6716 10866
f 2814 9277 11935
f 8632 493 8482
f 4067 11650 8632
f 2020 11650 4067
f 4728 1191 11672
f 1191 5655 11672
f 1191 12445 5655
f 5655 12445 5786
f 2878 5786 1231
f 2878 1231 4580
f 10398 2878 4580
f 10398 4580 601
f 10398 601 3623
f 11649 8757 6730
f 6730 8757 11529
f 11650 493 8632
f 9277 10346 11935
f 9277 9556 10346
f 10346 11811 6716
f 6716 11811 4806
f 10866 6716 4806
f 10866 9626 2265
f 10880 2795 10319
f 2584 10319 7207
f 2584 7207 12807
f 12807 10167 9091
f 3623 11649 2692
f 139 5655 5786
f 139 5786 2878
f 2692 11649 6730
f 6730 11529 2020
f 2020 11529 11650
f 8482 493 9277
f 11935 10346 6716
f 1926 9808 2265
f 5664 9808 1926
f 11608 10167 7781
f 11514 1167 4314
f 9557 11263 1167
f 9557 9490 11263
f 9557 7207 9490
f 58 5897 11773
f 11811 4258 8035
f 11811 2174 4258
f 9556 2174 11811
f 9556 10691 2174
f 9556 4210 10691
f 11391 4210 9556
f 11391 11531 4210
f 3863 1115 8757
f 11310 12684 570
f 11310 4712 12684
f 935 4712 11310
f 935 2809 4712
f 935 4967 2809
f 10592 4967 935
f 9632 4967 10592
f 9097 9632 10592
f 9097 675 9632
f 12816 675 9097
f 140 10688 12816
f 140 12816 10097
f 9553 3837 2738
f 9458 722 3837
f 722 12214 12213
f 12213 4174 8406
f 2738 1893 9753
f 2159 3140 675
f 5529 5336 3854
f 5529 2331 5336
f 3854 5336 2558
f 1458 2558 5110
f 1458 5110 3565
f 6044 4660 12321
f 12321 2049 7017
f 11531 8840 11877
f 717 11531 11877
f 717 11877 10642
f 11533 6310 2007
f 9501 1290 11530
f 1290 4644 5261
f 5261 4644 11537
f 11532 1579 127
f 11532 6280 7118
f 4641 1834 5262
f 5262 1834 8005
f 5262 8005 7558
f 7558 8005 2359
f 1167 3834 5416
f 1167 7558 3834
f 11263 7558 1167
f 9490 5262 11263
f 9490 10557 5262
f 10361 10557 9490
f 10361 7118 10557
f 11773 7118 10361
f 11773 11532 7118
f 5897 11532 11773
f 1285 11537 10692
f 1285 5261 11537
f 8035 4258 11530
f 4210 11531 717
f 7619 1115 8840
f 570 5222 1034
f 12684 5222 570
f 9632 3854 4967
f 675 5529 9632
f 4967 3854 2558
f 4712 4967 2558
f 4712 2558 1458
f 12684 4712 1458
f 12684 1458 6044
f 12684 6044 5222
f 1034 5222 12321
f 1034 12321 7017
f 1034 7017 3863
f 10397 7619 8840
f 10397 8840 11531
f 4210 717 10691
f 10691 11533 2174
f 10691 717 11533
f 2174 11533 4258
f 4258 11533 2007
f 11530 5261 1285
f 5261 11530 1290
f 5897 10692 11537
f 5897 11537 11532
f 11263 5262 7558
f 4314 1167 5416
f 7190 6280 127
f 11960 2269 4644
f 1290 11960 4644
f 2007 6310 7186
f 11533 8305 6310
f 11877 8840 6487
f 420 6487 8840
f 2049 9478 1486
f 3565 6094 4660
f 3565 1428 6094
f 2331 10491 12752
f 5100 9876 12371
f 4794 11707 9876
f 4023 11707 4794
f 9991 11580 4023
f 7182 4621 5063
f 6371 7892 11594
f 3683 9111 4628
f 6541 9111 3683
f 9433 5063 12214
f 4174 1073 8406
f 8406 1073 1893
f 1893 11580 9753
f 9753 11580 9991
f 10161 9991 4023
f 4794 10153 10688
f 994 5100 3140
f 5100 2331 3140
f 10153 5100 994
f 10161 4023 4794
f 1893 12088 11580
f 4174 2306 1073
f 4174 4621 2306
f 830 3683 773
f 6541 3683 830
f 7432 11535 5263
f 7432 8530 11535
f 8191 9974 11806
f 9158 11534 4106
f 3836 5260 3004
f 5260 4697 9117
f 2782 206 7090
f 12276 4604 6050
f 12679 4643 5788
f 4643 2708 10871
f 5482 1738 6618
f 6370 2026 9397
f 6370 9397 7923
f 6621 6370 7923
f 6621 7923 4596
f 12083 634 3607
f 7183 3607 6620
f 7183 12083 3607
f 12083 7561 11025
f 6050 2026 6370
f 5788 10871 5482
f 5788 5482 6618
f 4604 5788 6618
f 2026 6618 6108
f 4604 6618 2026
f 7090 6370 6621
f 11025 7090 6621
f 7450 9117 7185
f 4106 4897 708
f 11523 6403 5836
f 9068 8503 8512
f 9068 9677 8503
f 9677 10884 8503
f 9677 8509 10884
f 3607 8510 8509
f 634 8505 8510
f 10392 4199 9726
f 3046 11630 12505
f 12505 342 2175
f 3046 10386 8418
f 3046 11073 8556
f 10392 3046 8556
f 10113 6824 1204
f 6398 12202 1622
f 6398 10388 12202
f 6097 10387 7802
f 6097 7802 4739
f 6986 3638 3637
f 6986 3637 3643
f 3643 3637 2994
f 3637 6529 2994
f 3637 9157 6529
f 3638 3642 9157
f 3642 12524 9157
f 3642 5760 12524
f 3642 3640 5760
f 3640 2991 5760
f 4739 2990 2991
f 4739 2992 2990
f 4739 7802 2992
f 7802 4454 2992
f 7802 10391 4454
f 10391 1622 4454
f 1622 4872 4454
f 1622 12202 4872
f 10624 809 12202
f 10624 8556 809
f 5535 4975 1373
f 5531 4975 5535
f 7056 4975 5531
f 3627 7056 1765
f 6667 3627 11113
f 4872 6667 3825
f 4872 3825 6451
f 4454 4872 6451
f 6096 8327 10085
f 6096 10085 9019
f 12471 6096 9019
f 5538 12524 5760
f 5538 9157 12524
f 3081 9157 5538
f 12423 6529 3081
f 12423 12514 6529
f 5538 10330 4776
f 12074 10204 10330
f 12074 686 10204
f 9019 11079 1831
f 10985 8327 5780
f 3825 6552 11453
f 3702 5712 7502
f 8791 5202 5410
f 3238 8791 5410
f 10457 3238 5411
f 4953 10457 5411
f 4953 5411 5247
f 10985 4953 5247
f 10985 5247 6811
f 11079 10985 6811
f 11079 6811 562
f 1831 11079 562
f 7438 1707 563
f 10204 686 561
f 10985 5780 4953
f 5780 10457 4953
f 6552 3238 10457
f 6552 11113 3238
f 686 1831 561
f 4482 11040 7199
f 11040 2503 7199
f 3899 2505 2504
f 7638 8993 8744
f 7638 3079 8993
f 3079 8742 8993
f 8742 4481 5391
f 4481 98 5391
f 3071 3236 3094
f 9700 9287 12366
f 12366 9287 7730
f 1629 12865 3457
f 11780 4229 1683
f 4229 3451 594
f 10661 6188 12701
f 10661 12701 9898
f 4134 10661 640
f 3500 4134 640
f 3500 640 9609
f 10145 3500 9609
f 6930 6438 2659
f 407 6930 2659
f 407 2659 10665
f 10664 6682 10665
f 10144 10664 10663
f 3805 10663 12787
f 10903 375 2387
f 2387 1937 8310
f 2346 2658 8046
f 8046 2658 582
f 700 7293 6352
f 6352 7293 11993
f 532 5326 4464
f 532 4464 9648
f 9648 3968 94
f 94 3968 10662
f 3198 29 2152
f 3198 2152 4694
f 3392 2152 5028
f 3392 5028 8042
f 8042 5028 6030
f 7865 3687 11657
f 7294 6633 323
f 5885 6633 7294
f 3070 9814 8768
f 5236 3161 3070
f 11100 12729 8808
f 12173 11208 9900
f 12173 6512 11208
f 8625 1992 375
f 2189 9676 8625
f 2189 8949 9676
f 374 9098 8949
f 12694 374 4175
f 12237 8625 10903
f 10903 8625 375
f 8310 1937 12173
f 8310 12173 9900
f 7550 9900 9899
f 7550 9899 11220
f 7550 11220 5237
f 11990 5237 9896
f 11990 9896 2346
f 2658 10057 5096
f 3588 4602 9280
f 9280 4602 4464
f 3968 10915 10027
f 3968 10027 11100
f 10662 11100 8808
f 29 6975 2152
f 2152 5236 5028
f 5028 5236 3070
f 5028 3070 8768
f 1870 9897 7159
f 6189 9901 5611
f 6757 7294 323
f 6757 323 2803
f 6807 7138 12757
f 7293 700 4684
f 9896 2658 2346
f 5237 11990 7550
f 9900 7550 463
f 9900 463 8310
f 9815 10664 1991
f 10665 8950 1991
f 6438 759 8950
f 6438 10916 759
f 11390 640 12699
f 640 9898 12699
f 12697 10243 12702
f 12699 12701 9738
f 12699 9738 7220
f 2754 11390 1189
f 12839 11378 4864
f 8950 759 5766
f 1991 8950 4146
f 8920 11443 7837
f 1719 7837 11443
f 3604 11443 12698
f 12703 3604 12698
f 6428 8769 12703
f 3324 6428 12703
f 8920 7837 9418
f 12701 1135 9738
f 7219 9956 1135
f 9956 7219 12474
f 7219 3007 12474
f 9652 10074 8265
f 1748 9652 8265
f 2975 1748 8265
f 12232 10345 10186
f 3840 1748 10345
f 1748 2975 10345
f 7220 9738 9652
f 7220 9652 1748
f 1189 7220 1748
f 3840 1189 1748
f 4864 3840 12232
f 5766 10428 12167
f 4146 5766 12167
f 8920 8703 6590
f 8920 9418 8703
f 1065 3680 12283
f 9425 1065 12283
f 9425 12283 7629
f 12703 9425 7629
f 12283 3680 11747
f 4146 12167 9234
f 12167 10428 12476
f 10428 4114 12476
f 4114 10254 12476
f 4114 4864 10254
f 4864 12232 10254
f 10254 12232 10186
f 12476 10254 10187
f 12476 10187 7940
f 12167 8170 9234
f 10760 9234 9368
f 12167 12476 7940
f 12167 7940 8170
f 8703 9368 5393
f 8703 10760 9368
f 6590 5393 6845
f 6590 8703 5393
f 6590 6845 11747
f 3680 6590 11747
f 3680 8920 6590
f 9418 10760 8703
f 10760 4146 9234
f 3840 10345 12232
f 10074 9956 11648
f 9956 1361 11648
f 9956 12474 1361
f 12474 2204 1361
f 12474 6561 2204
f 6561 2266 1531
f 8265 10074 11648
f 9652 1135 10074
f 1135 9956 10074
f 6561 3007 12429
f 6561 12429 2266
f 12429 249 2266
f 12429 7721 249
f 3149 4327 5610
f 11980 5610 3671
f 10690 3671 12276
f 10690 12276 206
f 9474 3273 4697
f 5260 9474 4697
f 7618 5260 3836
f 2808 11534 9158
f 9974 2808 9158
f 10690 7593 3671
f 12276 3671 4604
f 7593 11980 3671
f 4642 5610 12679
f 5610 4643 12679
f 4642 12679 5788
f 3671 5610 4642
f 11980 3149 5610
f 5610 4327 4643
f 4327 4645 4643
f 1481 4778 1747
f 12697 1481 3007
f 12697 3007 7219
f 12700 4778 1481
f 1747 7721 12429
f 3007 1747 12429
f 1481 1747 3007
f 3007 6561 12474
f 9738 1135 9652
f 12701 7219 1135
f 12839 4864 4114
f 10428 12839 4114
f 9418 4146 10760
f 1991 4146 9418
f 11443 8920 3680
f 7057 12703 7629
f 7057 7629 1751
f 3324 12703 7057
f 9676 1746 3842
f 1394 1744 1752
f 1394 1752 3841
f 3841 7835 1370
f 1394 3841 6512
f 9098 430 8949
f 1992 9676 3842
f 1992 3842 1394
f 3842 1744 1394
f 8949 430 9676
f 9098 1753 430
f 9098 2794 1753
f 9098 2792 2794
f 12703 12698 9425
f 12698 1065 9425
f 12698 11443 1065
f 3604 12787 11443
f 11443 3680 1065
f 9815 1991 7837
f 7837 1991 9418
f 8950 5766 4146
f 5766 759 10428
f 759 12839 10428
f 759 12359 12839
f 12359 11378 12839
f 11378 3840 4864
f 11378 2754 3840
f 2754 1189 3840
f 11390 7220 1189
f 11390 12699 7220
f 12701 12697 7219
f 12697 12702 1481
f 12702 12700 1481
f 12700 5273 4778
f 12700 7204 5273
f 12700 7789 7204
f 10243 12700 12702
f 6188 10243 12697
f 12701 6188 12697
f 9898 12701 12699
f 9609 11390 2754
f 9609 640 11390
f 9609 2754 11378
f 12359 9609 11378
f 12359 10145 9609
f 10916 12359 759
f 2659 6438 8950
f 2659 8950 10665
f 10664 10665 1991
f 1719 9815 7837
f 12787 1719 11443
f 8769 3604 12703
f 12696 3604 8769
f 5692 374 8949
f 5692 8949 2189
f 2189 8625 12237
f 8625 9676 1992
f 375 1992 1394
f 375 1394 12173
f 1937 375 12173
f 12173 1394 6512
f 5237 8951 9896
f 2658 9896 10057
f 4052 4684 700
f 7293 1302 7138
f 7293 4684 1302
f 7138 1302 12757
f 6807 4032 3588
f 6807 12757 4032
f 3588 4032 4602
f 4464 4602 8948
f 8808 3514 29
f 29 3514 6975
f 2152 6975 3161
f 2152 3161 5236
f 3161 1552 3070
f 9897 1870 12704
f 6189 9897 11643
f 6189 11643 9901
f 11657 5885 7294
f 2803 323 7996
f 3005 6757 2803
f 8043 6757 3005
f 8043 7294 6757
f 8043 11657 7294
f 7865 11657 8043
f 3687 5885 11657
f 3687 9901 5885
f 7865 8040 3687
f 8040 9901 3687
f 5611 9901 8040
f 941 6189 5611
f 7159 9897 6189
f 941 7159 6189
f 1317 1870 7159
f 1317 4986 1870
f 6030 4986 1317
f 6030 8768 4986
f 1317 8872 6030
f 8042 6030 8872
f 5028 8768 6030
f 4694 2152 3392
f 10662 8808 29
f 10662 29 6656
f 3968 11100 10662
f 9648 10915 3968
f 651 9648 94
f 9648 8948 10915
f 4464 8948 9648
f 9280 4464 5326
f 8041 9280 5326
f 10098 8041 5326
f 9280 6807 3588
f 1259 9280 8041
f 1259 6807 9280
f 11993 7138 6807
f 11993 6807 1259
f 7293 7138 11993
f 700 6352 10157
f 11471 4052 700
f 582 4052 11471
f 582 5096 4052
f 2658 5096 582
f 2850 2346 8046
f 10773 7550 11990
f 8231 2387 8310
f 2387 375 1937
f 3950 12237 10903
f 8044 2189 12237
f 8044 12237 3950
f 5692 2189 8044
f 4175 374 5692
f 9166 5692 8044
f 9166 4175 5692
f 9166 12694 4175
f 5933 8769 6428
f 5933 12696 8769
f 11779 3604 12696
f 11779 12787 3604
f 12787 10663 1719
f 10663 9815 1719
f 10663 10664 9815
f 6438 4457 10916
f 6438 11282 4457
f 4457 12359 10916
f 4457 10145 12359
f 10661 9898 640
f 9006 6188 10661
f 9006 8045 6188
f 8045 10243 6188
f 8045 10573 10243
f 10243 7789 12700
f 3873 7865 4158
f 1639 3873 3124
f 1102 4648 9846
f 276 5522 3941
f 10465 10156 6125
f 3943 7539 4694
f 9660 613 10635
f 1141 613 9660
f 12022 4159 10016
f 12022 10016 146
f 146 1704 7596
f 10878 12776 9660
f 10878 9660 10635
f 10878 10635 9374
f 2769 422 11857
f 11857 422 8552
f 5852 147 4301
f 5852 4301 2889
f 7019 3941 1102
f 9846 4648 969
f 969 4648 971
f 3124 3873 3614
f 3614 5733 972
f 972 5733 9618
f 7738 970 6151
f 972 6151 970
f 5543 3614 972
f 7739 3614 5543
f 971 3124 7739
f 2330 9846 969
f 7019 9846 2330
f 8857 6789 7019
f 3312 1057 2645
f 4391 2207 9889
f 4389 2207 4391
f 4389 5852 2207
f 12685 5852 4389
f 9992 147 12685
f 4942 147 9992
f 4942 11857 147
f 1920 10878 2821
f 6085 10878 1920
f 6085 9823 10878
f 6085 8658 9823
f 8658 1125 9823
f 2446 1125 8658
f 2446 7596 1125
f 146 7596 2446
f 968 146 2446
f 4390 4344 968
f 11228 1000 4390
f 7167 1000 12132
f 11227 2469 7167
f 12666 2469 11227
f 12666 5784 2469
f 6766 5784 12666
f 1837 148 5853
f 11029 9229 8705
f 9386 9229 11029
f 11928 9386 11028
f 3868 652 2890
f 2895 3950 7015
f 11272 7015 8231
f 8231 7794 2526
f 2526 7794 4888
f 4888 7794 12823
f 2893 1583 2850
f 4344 4159 12022
f 7167 8553 3942
f 2469 8553 7167
f 4888 12823 5784
f 5853 2526 4888
f 5853 11272 2526
f 148 11272 5853
f 149 2895 3542
f 149 2890 2895
f 11928 3868 9386
f 9386 3868 9229
f 9229 3868 2890
f 9229 2890 149
f 9229 149 4631
f 2890 3950 2895
f 2895 7015 11272
f 12823 10155 8553
f 4631 149 3542
f 3542 2895 11272
f 3542 11272 148
f 5784 5853 4888
f 5784 12823 2469
f 2469 12823 8553
f 1000 7167 3942
f 1000 3942 4270
f 3942 2893 4270
f 4270 2893 4344
f 4344 2893 4159
f 2893 2850 4159
f 3942 1583 2893
f 8553 1583 3942
f 8553 10155 1583
f 8231 2526 11272
f 8705 10133 6272
f 6272 10133 9296
f 7426 11227 12132
f 4390 968 9434
f 9434 2446 6346
f 6346 2446 749
f 749 8658 6689
f 6689 6085 11742
f 6689 8658 6085
f 11742 6085 1920
f 1920 2821 7783
f 7639 2821 11950
f 7639 7783 2821
f 7639 5754 9772
f 7639 11950 5754
f 9772 5754 8000
f 8000 11857 4942
f 8000 10446 11857
f 4389 9992 12685
f 969 971 3781
f 3781 971 2865
f 5543 2865 7739
f 5254 970 7738
f 3782 9548 5254
f 5863 5543 9548
f 3780 8857 2330
f 9888 8857 3780
f 3800 4357 9888
f 9147 9889 12314
f 12691 4391 9889
f 3523 4389 12691
f 4282 9992 3523
f 4942 9992 4282
f 11108 6689 11742
f 749 6689 11108
f 7951 6346 749
f 8393 12132 11228
f 11843 12132 8393
f 11843 7426 12132
f 9142 7426 9140
f 9142 9773 7426
f 6107 1837 6246
f 10763 11029 5891
f 9139 10763 12786
f 12786 5891 9146
f 9141 6107 9137
f 9137 6246 15
f 9140 11843 10107
f 10107 11843 3373
f 3373 11842 5965
f 5965 11842 12646
f 12646 11842 9434
f 12646 9434 7951
f 11052 11108 10956
f 10956 11108 4556
f 4556 2445 949
f 949 2445 8793
f 5136 12691 8342
f 8342 12691 9147
f 3800 9888 4499
f 4499 9888 506
f 506 9888 6747
f 6747 3780 8142
f 9144 6719 1452
f 9138 9144 1452
f 9138 1452 6105
f 1755 7634 6719
f 1183 892 7974
f 5228 6747 8142
f 11006 3800 4236
f 5227 5902 11006
f 5227 9147 5902
f 8342 9147 5227
f 4016 5136 11120
f 666 5136 4016
f 182 8793 4982
f 11874 8793 182
f 11874 949 8793
f 11769 949 11874
f 11769 4556 949
f 10956 4556 11769
f 3554 7951 11052
f 12646 7951 3554
f 8717 15 1843
f 11119 9137 15
f 10892 2718 10632
f 10632 2718 7134
f 4103 240 8717
f 1843 9697 8254
f 8254 9697 10175
f 10175 6353 4841
f 4841 6353 8330
f 1248 8330 1250
f 1250 8330 7227
f 516 7227 7225
f 516 7225 10029
f 833 11431 8569
f 12627 8569 11431
f 9400 11977 666
f 9400 666 2603
f 7224 1246 2602
f 7224 7228 1251
f 7228 7223 1247
f 1247 7223 7222
f 9473 11976 1448
f 1448 11976 1244
f 1244 11976 1183
f 1244 1183 12144
f 1364 11244 6215
f 6215 11244 4289
f 2143 892 11976
f 7223 506 5228
f 7228 506 7223
f 11431 11769 11874
f 10956 11769 11431
f 10029 12646 3554
f 7225 12646 10029
f 7227 5965 7225
f 8330 3373 7227
f 9697 9142 4173
f 2601 8717 1843
f 240 11119 8717
f 7134 9146 11704
f 4289 1756 8900
f 11244 1756 4289
f 1364 1755 11244
f 1364 12144 1755
f 9473 2143 11976
f 9473 7222 2143
f 7223 5228 7222
f 7224 4236 7228
f 7224 11006 4236
f 7224 2602 11006
f 2602 5227 11006
f 7588 5227 2602
f 7588 11120 5227
f 2603 666 4016
f 4883 11549 1642
f 9103 11549 4883
f 9103 12627 182
f 12627 11874 182
f 12627 11431 11874
f 833 10956 11431
f 12867 10956 833
f 12582 3554 12867
f 12582 10029 3554
f 10175 4173 6353
f 10175 9697 4173
f 11704 11119 240
f 7134 9044 9146
f 7134 2718 9044
f 10892 9348 2718
f 9348 9044 2718
f 9146 9141 11704
f 11704 9141 11119
f 11119 15 8717
f 1843 8143 9697
f 9697 8143 9142
f 6353 4173 9140
f 6353 9140 10107
f 6353 10107 8330
f 8330 10107 3373
f 7227 3373 5965
f 7225 5965 12646
f 3554 11052 12867
f 12867 11052 10956
f 182 4982 9103
f 9103 4982 11549
f 11549 7052 1642
f 1642 4282 11977
f 1642 7052 4282
f 11977 4282 666
f 11120 8342 5227
f 4236 4499 7228
f 7228 4499 506
f 506 6747 5228
f 5228 8142 7222
f 7222 8142 10106
f 7222 10106 2143
f 2143 10106 892
f 11976 892 1183
f 12144 1183 1755
f 1755 6719 11244
f 11244 6719 1756
f 1756 9144 8900
f 8900 9144 9138
f 6719 3782 1452
f 1756 6719 9144
f 7634 3782 6719
f 7634 9548 3782
f 5863 9548 7634
f 1183 7634 1755
f 1183 5863 7634
f 1183 7974 5863
f 892 7406 7974
f 10106 7406 892
f 10106 3781 7406
f 8142 3781 10106
f 9888 3780 6747
f 4236 3800 4499
f 3800 11006 5902
f 11120 5136 8342
f 5136 3523 12691
f 666 3523 5136
f 4282 3523 666
f 11549 10497 7052
f 4982 9772 10497
f 4982 10497 11549
f 8793 9772 4982
f 11842 8393 9434
f 11843 11842 3373
f 4173 9142 9140
f 15 8394 8143
f 1843 15 8143
f 6246 12313 15
f 9137 6107 6246
f 9141 9137 11119
f 9146 6272 9141
f 9146 5891 6272
f 9044 12786 9146
f 12786 10763 5891
f 9044 9139 12786
f 9348 9139 9044
f 6272 9296 9141
f 9141 9296 6107
f 15 12313 8394
f 8143 9773 9142
f 8143 8394 9773
f 11843 9140 7426
f 11843 8393 11842
f 9434 6346 7951
f 7951 749 11052
f 11052 749 11108
f 11108 11742 4556
f 2445 11742 7783
f 2445 4556 11742
f 2445 7639 8793
f 2445 7783 7639
f 8793 7639 9772
f 9772 8000 10497
f 10497 4942 7052
f 10497 8000 4942
f 7052 4942 4282
f 12691 9889 9147
f 5902 9147 12314
f 5902 12314 3800
f 3780 2330 8142
f 8142 2330 3781
f 7974 7406 2865
f 5863 7974 2865
f 5863 2865 5543
f 3782 5254 1452
f 1452 5254 6105
f 5254 7738 6105
f 3781 2865 7406
f 2330 969 3781
f 9888 4357 8857
f 3312 4357 3800
f 12314 3312 3800
f 12691 4389 4391
f 3523 9992 4389
f 7783 11742 1920
f 8393 4390 9434
f 8393 11228 4390
f 9773 11227 7426
f 9773 12666 11227
f 8394 12666 9773
f 8394 12313 12666
f 6246 6766 12313
f 6246 1837 6766
f 9296 1837 6107
f 5891 8705 6272
f 11029 8705 5891
f 10763 11028 11029
f 11028 9386 11029
f 8705 9229 4631
f 8705 4631 10133
f 4631 3542 10133
f 10133 3542 148
f 9296 10133 1837
f 1837 10133 148
f 1837 5853 6766
f 6766 5853 5784
f 12313 6766 12666
f 11227 7167 12132
f 11228 12132 1000
f 1000 4270 4390
f 4390 4270 4344
f 4344 12022 968
f 968 12022 146
f 9434 968 2446
f 749 2446 8658
f 10878 9374 2821
f 11950 2821 9374
f 11950 9374 11585
f 11950 11585 5754
f 5754 2769 10446
f 5754 10446 8000
f 9889 2207 1057
f 9889 1057 12314
f 12314 1057 3312
f 3312 276 4357
f 3312 2645 276
f 4357 276 6789
f 4357 6789 8857
f 8857 7019 2330
f 971 7739 2865
f 3124 3614 7739
f 5543 972 9548
f 9548 970 5254
f 9548 972 970
f 6151 972 9618
f 6789 3941 7019
f 276 3941 6789
f 2207 5852 3943
f 12685 147 5852
f 11857 8552 147
f 10446 2769 11857
f 11585 2769 5754
f 10878 9823 12776
f 1125 12776 9823
f 7596 1704 1125
f 4159 582 10016
f 146 10016 1704
f 10016 10157 1704
f 1704 10157 9016
f 1141 1704 9016
f 1125 1141 12776
f 1125 1704 1141
f 1141 9016 613
f 12776 1141 9660
f 613 10098 10635
f 11116 10635 10098
f 10635 11116 9374
f 11116 10098 3337
f 11116 3337 9647
f 9374 9647 11585
f 9374 11116 9647
f 11585 11628 2769
f 11585 9647 11628
f 11628 9647 651
f 11628 651 422
f 11628 422 2769
f 422 651 94
f 422 94 8552
f 8552 4301 147
f 4301 6656 2889
f 2889 6656 7539
f 5852 2889 7539
f 5852 7539 3943
f 2207 3943 1057
f 3943 3392 10465
f 3943 4694 3392
f 1057 3943 10465
f 1057 10465 2645
f 2645 10465 6125
f 6125 8872 276
f 2645 6125 276
f 276 8872 5522
f 3941 5522 1102
f 7019 1102 9846
f 971 1639 3124
f 971 4648 1639
f 3614 3873 4158
f 3614 4158 5733
f 6151 9618 8156
f 9459 3630 7533
f 9459 5534 11449
f 5533 4955 5534
f 1492 11451 5533
f 1492 2501 11451
f 5537 4921 5539
f 1660 10738 2872
f 9463 1660 2872
f 4995 1660 9463
f 4995 175 1660
f 4995 8498 175
f 5283 2825 8498
f 5283 6538 2825
f 3091 6538 5283
f 40 6538 3091
f 10641 40 3091
f 2635 1550 10641
f 10641 3091 7860
f 12002 10641 7860
f 391 12002 7860
f 391 7860 11866
f 7989 391 11866
f 7989 11866 4995
f 7989 4995 9463
f 3839 2872 10037
f 4629 5539 2501
f 1492 5533 824
f 824 5533 5275
f 10694 9683 12472
f 10694 12472 9459
f 10694 10648 2952
f 2952 10648 7546
f 4189 8899 2655
f 9354 4189 2655
f 6900 2881 7404
f 6900 2006 2881
f 10114 2006 6900
f 2518 1909 10114
f 9892 1909 2518
f 3105 4190 10389
f 3105 1028 4190
f 12886 11952 1028
f 12886 2178 11952
f 2168 2178 2771
f 11356 437 11828
f 5624 7321 10226
f 7572 4889 2093
f 2093 5683 5845
f 11987 7613 2178
f 2178 7613 11952
f 1028 3641 4190
f 10389 4629 5894
f 1909 5894 1901
f 1909 5275 10114
f 10114 5275 2006
f 2881 2006 8488
f 9354 3639 4189
f 4189 3639 11859
f 4189 11859 7212
f 7212 3350 10390
f 7212 3645 3350
f 10390 3350 9060
f 11859 2952 3645
f 3639 2952 11859
f 1909 1901 824
f 11952 10037 3641
f 7613 10037 11952
f 4045 10037 7613
f 5683 10655 1413
f 5683 5977 10655
f 5683 4889 5977
f 4889 4089 5977
f 3053 4089 4889
f 11239 5003 2586
f 10226 7039 5003
f 1844 7039 10226
f 7321 4655 1844
f 11412 10331 8642
f 9293 10959 10837
f 9293 1713 4133
f 4133 1713 11448
f 10200 11448 10331
f 12574 12017 3768
f 9878 4408 10086
f 10086 5204 7039
f 5204 12650 8694
f 8694 12650 8528
f 10520 1550 6960
f 10520 11248 1550
f 6960 2635 12002
f 6960 12002 10787
f 5003 5204 8694
f 4655 9194 10086
f 776 3885 9194
f 1011 3885 776
f 4655 10086 1844
f 10086 7039 1844
f 7039 5204 5003
f 6454 9866 11248
f 846 2806 40
f 846 4551 2806
f 2806 6016 340
f 340 6016 7073
f 1836 340 7073
f 1836 7073 11216
f 1836 11216 4640
f 4640 5034 144
f 144 5034 1164
f 1693 5995 4921
f 4921 5995 11450
f 11450 5995 12414
f 9862 274 9830
f 9862 9830 4955
f 5238 2968 274
f 5995 7460 5238
f 1693 1918 5995
f 1693 12689 1918
f 12689 1693 8917
f 1196 12689 8917
f 6193 1196 8917
f 5034 3289 1164
f 11216 5507 3693
f 3370 5507 11216
f 3370 7815 5507
f 11331 7815 3370
f 354 11331 3370
f 2806 2496 10395
f 4551 2496 2806
f 4551 3111 2496
f 3213 3111 4551
f 3213 9426 3111
f 4833 393 9220
f 7439 4689 3997
f 7439 366 4689
f 573 366 7439
f 6238 11182 573
f 6238 10224 11182
f 3299 1078 6283
f 366 11182 11361
f 6294 12272 844
f 5033 8619 5684
f 5033 5684 393
f 2195 6296 9426
f 3111 2720 2496
f 8278 2720 3111
f 2720 7925 3205
f 2720 1254 1280
f 1280 1254 9233
f 8314 1280 9233
f 8314 9233 9076
f 2375 9076 1459
f 2375 1459 11414
f 7350 11414 9370
f 6193 2450 1196
f 1459 2111 8745
f 1459 9302 2111
f 9076 5644 9302
f 10441 5644 9076
f 10463 3304 10441
f 10463 1767 3304
f 3205 1767 10463
f 3205 3528 1767
f 7925 3528 3205
f 11361 8606 2646
f 2768 4370 2827
f 3176 5060 4370
f 4370 3294 2827
f 2827 3294 8606
f 2646 8606 6005
f 10987 6005 3402
f 2338 4727 8743
f 10257 4087 2616
f 3659 4087 9231
f 3659 9231 11193
f 3528 5938 3624
f 3624 963 4331
f 4331 8258 3304
f 4331 8233 8258
f 5520 3304 8258
f 963 8323 11555
f 8298 8323 963
f 124 8298 963
f 5344 124 5938
f 9231 659 8702
f 12413 1236 8298
f 8298 1236 11794
f 7464 11802 12413
f 1236 11802 11794
f 1236 12413 11802
f 3995 7464 12413
f 5344 8033 3995
f 4708 8033 5344
f 4708 5192 8033
f 10506 5192 4708
f 10506 9736 5192
f 4973 10929 11033
f 9736 3142 5192
f 3995 10564 7464
f 7464 10564 11212
f 9082 1286 7146
f 5998 10839 9754
f 8641 3903 10839
f 8641 4843 3903
f 3903 8299 2293
f 10839 3903 2293
f 3903 12893 8299
f 3903 4843 12893
f 4843 1331 12893
f 1331 2927 764
f 1331 11128 2927
f 1331 11754 11128
f 11754 6548 11128
f 11128 5941 2927
f 2927 5941 4882
f 3694 4882 5941
f 3694 1500 4882
f 2855 4463 3916
f 2240 6991 2855
f 2855 6991 4463
f 9708 9751 11371
f 9027 9751 1159
f 2957 2873 9027
f 5925 2873 2957
f 7904 7643 5925
f 7458 3327 7904
f 3327 7643 7904
f 6801 2560 3327
f 10634 2521 2560
f 2956 7100 10634
f 11181 3649 5869
f 10278 2028 5368
f 4432 4312 8010
f 8010 4312 2544
f 3000 3258 1455
f 12850 3000 4734
f 4306 12850 4734
f 11941 12850 4306
f 817 7766 10433
f 360 7766 817
f 9464 7766 360
f 9464 4976 7766
f 423 4976 9464
f 5188 3251 8214
f 5188 8214 3820
f 118 3524 3986
f 12850 6415 6099
f 9679 4294 4432
f 2335 7857 4312
f 2028 4992 8175
f 9869 5499 12864
f 7100 12864 2297
f 7100 2297 2521
f 3327 6233 9323
f 7643 7545 5925
f 2873 11137 9027
f 5168 11171 4755
f 8240 696 11171
f 9744 12655 682
f 12655 9744 5953
f 9744 10004 5953
f 9744 936 79
f 4226 3146 79
f 7560 12586 4226
f 7560 6315 12586
f 3 5860 4710
f 3 6782 5860
f 1758 6782 3
f 5499 8922 1758
f 12824 4343 8922
f 4177 559 10105
f 5888 4654 4277
f 2797 5888 4277
f 2797 7699 11592
f 4177 10105 1496
f 1496 10105 8627
f 2335 11592 4177
f 4294 11592 2335
f 8770 2797 4294
f 6468 5888 8770
f 1515 6468 8770
f 6374 6468 1515
f 9689 6374 6415
f 6270 9689 9011
f 3524 12080 5354
f 3524 3977 12080
f 12863 3977 3524
f 12863 2790 3977
f 96 2790 12863
f 3970 1734 394
f 12062 3970 745
f 12062 1734 3970
f 6702 3599 745
f 9047 3021 8236
f 9047 7014 3021
f 7014 10322 1148
f 1148 2744 9180
f 1148 9180 4024
f 4024 9180 5593
f 3977 399 12080
f 3977 5020 399
f 12080 399 7485
f 7485 7004 9689
f 7004 11237 6468
f 12642 11237 7004
f 399 12642 7485
f 2790 10945 5020
f 1737 10945 2790
f 1737 6424 10945
f 9326 6424 1737
f 9326 8572 6424
f 5593 8572 9326
f 9180 12425 5593
f 12425 9180 2744
f 3102 12425 2744
f 10322 3102 2744
f 9550 10322 5286
f 9550 3102 10322
f 5144 3713 7786
f 7786 3713 21
f 7786 8360 2641
f 204 2641 8360
f 204 8360 4257
f 2524 1471 11464
f 1471 8062 4257
f 1471 1392 3679
f 1471 2524 1392
f 3679 6517 3083
f 9438 6517 11305
f 9438 7791 6517
f 9438 5744 11498
f 5744 7700 11498
f 5744 10529 7700
f 4377 11498 7700
f 2630 11498 4377
f 2630 10924 11498
f 7791 10924 5767
f 6457 5767 3734
f 6457 7791 5767
f 12688 3734 5767
f 10924 681 5767
f 4377 872 7106
f 436 435 872
f 436 6281 8212
f 199 4473 1353
f 4400 4473 199
f 4400 3574 4473
f 3406 1904 3408
f 3406 2424 1904
f 12049 1673 4820
f 11056 1673 12049
f 5073 12343 5091
f 10373 10010 5073
f 10373 3221 10010
f 7266 2911 5765
f 7266 6738 2913
f 1811 2913 6738
f 1811 4568 9061
f 11517 9619 11624
f 11517 3530 9619
f 9619 6017 4020
f 8349 5650 11290
f 5650 4136 11290
f 4136 6983 6755
f 10010 12652 11063
f 10010 6983 12652
f 11063 2787 12343
f 11056 9375 1673
f 1673 9375 7085
f 7251 4820 7085
f 7251 1904 2424
f 6562 646 4473
f 4473 646 12300
f 12300 11740 1353
f 9809 6993 3247
f 4603 6993 11784
f 7520 12637 4603
f 7520 11089 12637
f 12339 6999 7707
f 12339 681 6999
f 11089 6999 4377
f 11089 4377 12637
f 7106 4603 12637
f 7106 7283 4603
f 435 3247 7283
f 435 8212 3247
f 12231 9809 8212
f 6281 12231 8212
f 6281 1353 12231
f 5767 681 12688
f 7512 3734 10179
f 7512 5828 3734
f 10179 4891 7512
f 4891 6898 4795
f 4795 6532 3887
f 3887 6532 684
f 6532 12339 684
f 12339 6022 684
f 6022 6931 10031
f 1786 6022 10031
f 1326 1786 10031
f 11975 1786 7265
f 2299 1786 11975
f 2157 2299 11975
f 2157 11975 336
f 2157 1568 6718
f 3698 12407 7053
f 12407 3698 138
f 372 336 916
f 2157 336 372
f 11975 7265 336
f 336 10202 916
f 336 7265 10202
f 10202 8579 12542
f 12542 4999 10202
f 12654 916 4999
f 4275 916 12654
f 372 916 4275
f 372 4275 3690
f 4275 4917 3690
f 4917 4275 10814
f 11547 10814 12654
f 4275 12654 10814
f 3195 6935 735
f 11547 4999 6935
f 4917 2192 1037
f 4917 12558 11340
f 11340 12558 6947
f 6947 12558 11013
f 3951 10199 2192
f 3951 1596 11456
f 2192 1596 3951
f 2192 11547 1596
f 11547 7507 1596
f 11547 6935 7507
f 8119 7507 12209
f 8225 11456 8119
f 8441 11456 8225
f 3951 11456 8441
f 10199 3951 3191
f 3191 3951 8441
f 3191 4214 8475
f 3191 8441 4214
f 4214 8225 7457
f 1477 11590 2711
f 2711 11590 12779
f 2711 12673 3749
f 1601 3749 12673
f 4472 3749 5904
f 7457 3749 4472
f 7457 1477 3749
f 4214 7457 10478
f 4472 3391 10478
f 3391 10795 4363
f 3391 4472 10795
f 5904 1601 9183
f 1601 12673 6744
f 12673 1470 4582
f 5896 6462 1470
f 5896 8106 6462
f 847 2863 4244
f 11899 11103 2863
f 11899 5210 11103
f 9811 5210 11899
f 70 11459 9811
f 70 3044 11459
f 9026 9987 6657
f 2197 9987 9026
f 4597 9987 2197
f 3193 6409 12004
f 8894 6409 3193
f 8894 11176 6409
f 8894 161 11176
f 9989 11499 161
f 9989 2595 11499
f 9993 2595 9989
f 9993 3777 2595
f 12397 3777 9993
f 10715 4204 12397
f 10715 6109 4204
f 6945 7796 7653
f 6945 6179 7796
f 6179 5656 2598
f 7796 6179 6543
f 8403 10899 794
f 10899 3261 4204
f 3261 2183 4204
f 2183 11499 2595
f 161 4907 1511
f 11176 161 1511
f 1511 6409 11176
f 1511 1089 6409
f 11334 3611 1089
f 11334 12443 3611
f 2258 7947 9987
f 9987 7947 1611
f 9987 1611 6657
f 6657 1611 11820
f 2256 8130 3853
f 10964 3853 6623
f 10964 6623 7055
f 7055 7948 7518
f 7518 7948 6669
f 6669 5936 7518
f 6669 26 5936
f 2947 4994 1773
f 2947 8565 4994
f 4994 6692 1773
f 4994 3576 6692
f 3576 10723 6692
f 10723 3990 11019
f 3990 10236 11019
f 3990 3010 10236
f 5292 7491 10236
f 5292 4195 7491
f 5292 2476 4195
f 11123 8527 6934
f 8527 11467 6934
f 5229 1871 11467
f 1871 5229 4202
f 1871 4202 8422
f 8422 4202 7110
f 7110 1686 12595
f 7110 4202 1686
f 12595 1686 3002
f 12595 3002 2946
f 2946 3002 332
f 5187 12649 11293
f 11293 12006 3929
f 11293 12649 12006
f 3929 10483 9517
f 3929 12006 10483
f 9517 11384 3059
f 9517 10483 11384
f 3059 11384 2259
f 2259 11384 2759
f 2259 2759 9565
f 9565 6979 3695
f 3695 6979 1479
f 12616 11157 8189
f 12616 1521 11157
f 12616 10604 9807
f 12616 8189 10604
f 7372 10584 7505
f 7505 10584 4385
f 3696 2069 1480
f 4690 2193 2069
f 11047 4185 2233
f 11047 2575 4185
f 4185 5077 4688
f 1349 4688 5077
f 12568 918 4688
f 458 918 7080
f 458 2233 918
f 1480 2233 458
f 1294 1480 458
f 4769 7505 117
f 3106 1521 12616
f 8088 1521 3106
f 8088 9834 1521
f 8691 1521 9834
f 8691 9834 11917
f 11917 4304 8691
f 5856 4304 11917
f 5856 12259 4304
f 2073 12259 5856
f 2073 1479 12259
f 3695 1479 9528
f 987 9565 3695
f 7704 9565 987
f 9517 3059 5850
f 7429 3929 9517
f 1026 3929 7429
f 1026 11293 3929
f 10332 11293 1026
f 9680 11293 10332
f 9680 1243 11293
f 9952 1243 9680
f 9952 1939 1243
f 7920 1939 9952
f 7920 2946 1939
f 3617 2946 7920
f 3617 12595 2946
f 12595 3617 8904
f 7110 12595 8904
f 8422 7110 8904
f 7708 3162 2005
f 7708 2005 3063
f 3026 5128 12322
f 4837 1272 5128
f 4837 8207 1272
f 6549 5530 8207
f 12664 3897 8135
f 11301 5160 72
f 12536 9508 11301
f 10631 5219 8918
f 10631 11710 5219
f 12025 8803 4649
f 2088 6331 12395
f 6331 7995 12395
f 4008 6324 12842
f 5118 6324 4008
f 5118 11501 6324
f 9391 7359 3042
f 4201 4008 498
f 498 6331 3737
f 3737 6331 2088
f 8775 11710 544
f 544 11710 10631
f 544 10631 5494
f 5494 10631 7669
f 5494 7669 1828
f 3315 3737 7083
f 7083 3737 4109
f 4109 2088 7623
f 7083 7623 6392
f 7083 4109 7623
f 6392 7623 8775
f 6392 8775 2717
f 8775 544 2717
f 2088 12025 7623
f 3737 2088 4109
f 7451 498 3737
f 4201 498 7451
f 5561 3042 11500
f 9391 3042 5561
f 8068 412 7937
f 8068 10486 412
f 4363 6090 2651
f 6090 4363 6376
f 246 6376 8876
f 2409 2092 10225
f 2409 10225 1895
f 1895 2488 4392
f 1895 4392 5195
f 1788 4010 7503
f 1091 4010 1788
f 1091 868 4010
f 3551 9662 868
f 4582 10757 3551
f 4582 8551 10757
f 8551 3709 2947
f 6462 3709 8551
f 4244 3709 6462
f 2863 7518 4244
f 2863 11103 7518
f 11103 5210 7055
f 5210 10964 7055
f 9811 10964 5210
f 9811 11459 10964
f 7518 5936 4244
f 5936 3709 4244
f 5936 2257 3709
f 2257 2947 3709
f 2947 10757 8551
f 2947 1773 10757
f 1773 3798 10757
f 878 12818 9662
f 878 11019 12818
f 9662 3798 878
f 3551 10757 3798
f 3551 3798 9662
f 868 9662 4010
f 4010 9662 12818
f 12334 1788 2488
f 2092 2488 10225
f 2092 12334 2488
f 8876 3253 2092
f 12334 1091 1788
f 4010 12818 4041
f 4041 7491 7503
f 7503 7491 3036
f 4041 7503 4010
f 2488 7503 12404
f 2488 1788 7503
f 12404 7503 3036
f 3036 4195 8761
f 10810 8761 6196
f 6196 8761 6934
f 6196 3440 677
f 6196 6934 3440
f 677 3440 7708
f 7708 3440 3162
f 7058 677 7708
f 7569 677 7058
f 3199 677 7569
f 3199 6196 677
f 12855 6196 3199
f 12855 10810 6196
f 5195 10810 12855
f 5195 4392 10810
f 1895 5195 10712
f 10108 1895 9339
f 10108 2409 1895
f 246 2409 10108
f 246 8876 2409
f 11701 246 5798
f 246 11701 6376
f 6957 6090 6318
f 6957 8670 6976
f 6957 6318 8670
f 707 6976 5449
f 425 6976 8670
f 8670 6318 9079
f 8068 7937 707
f 7937 11765 6957
f 7937 6957 6976
f 6957 2651 6090
f 707 7937 6976
f 5449 6976 425
f 6318 6090 11701
f 6090 6376 11701
f 6318 11701 9494
f 9494 11701 5798
f 5798 246 10108
f 9339 1895 10712
f 12482 3096 3199
f 12482 3199 3352
f 3352 3199 7569
f 3352 7569 12322
f 12322 7569 7058
f 12322 5128 4649
f 4649 5128 2343
f 8135 9508 12536
f 9508 6734 5160
f 6734 1058 4686
f 9508 7765 6734
f 8135 8918 5530
f 8207 5530 8918
f 8918 1272 8207
f 5219 2343 1272
f 4649 2343 5219
f 8803 7898 4649
f 12395 7898 8803
f 6324 10712 2176
f 2176 12482 7995
f 12482 12395 7995
f 12482 3352 12395
f 3352 7898 12395
f 12322 7058 3026
f 7898 12322 4649
f 3352 12322 7898
f 3096 12482 2176
f 3096 2176 10712
f 10712 12855 3096
f 9339 10712 6324
f 10712 5195 12855
f 3096 12855 3199
f 10810 3036 8761
f 4392 3036 10810
f 12404 3036 4392
f 2488 12404 4392
f 10225 2488 1895
f 8876 2092 2409
f 4363 8876 6376
f 3391 2651 11765
f 958 7937 412
f 1956 412 10486
f 766 7604 150
f 8598 5828 7512
f 7816 7512 11407
f 11407 4891 3698
f 3698 4795 6718
f 4795 3887 6718
f 6718 3887 2157
f 3887 2299 2157
f 3887 684 2299
f 7053 11407 3698
f 4196 2536 7816
f 11027 7053 12407
f 7649 138 10318
f 10318 4917 11340
f 10318 3690 4917
f 7649 11340 6947
f 7649 10318 11340
f 10396 2888 7649
f 5412 10396 7473
f 7787 4479 6947
f 5399 7787 11013
f 871 5399 11013
f 9360 10199 3191
f 3191 8124 9360
f 8475 10478 958
f 8475 4214 10478
f 412 8124 8475
f 11027 12407 11200
f 5399 871 37
f 12385 7787 5399
f 4479 7787 12385
f 766 8598 3138
f 3138 8598 7816
f 7267 37 871
f 7267 871 1956
f 1956 871 8124
f 1956 8124 412
f 871 9360 8124
f 871 5087 9360
f 10396 6947 4479
f 10396 4479 7473
f 5412 2888 10396
f 2888 11200 12407
f 11200 2888 5412
f 6947 10396 7649
f 10318 4520 3690
f 2888 138 7649
f 12407 138 2888
f 11027 11407 7053
f 7816 11027 4196
f 7816 11407 11027
f 7512 4891 11407
f 8598 7512 7816
f 150 12013 7716
f 831 6457 12065
f 831 12065 7716
f 12013 33 831
f 33 3083 831
f 6933 2401 12013
f 6933 964 11868
f 964 6933 150
f 964 150 7604
f 7786 2641 2401
f 204 8062 33
f 204 4257 8062
f 6222 7786 2401
f 6222 2401 5899
f 5144 7786 6222
f 5517 11468 8236
f 5517 11418 11468
f 11418 10868 11468
f 10868 6023 3520
f 10868 266 6023
f 7966 6584 8039
f 7966 3520 6584
f 7966 8039 9550
f 9550 8039 4478
f 8890 7147 11265
f 10945 811 69
f 69 12658 6224
f 3297 4138 9572
f 9572 12281 12338
f 5940 12338 7830
f 4809 8634 7830
f 8634 5886 10105
f 559 7830 10105
f 5940 7830 559
f 5940 4277 9572
f 5940 559 7699
f 9980 5606 8085
f 11623 12257 6782
f 11567 3146 12586
f 11567 8416 3146
f 8416 79 3146
f 10004 3932 5953
f 12655 602 696
f 602 4543 11171
f 2977 4543 7305
f 602 8164 4543
f 8164 7305 4543
f 3932 12149 8164
f 10004 9593 3932
f 8416 6815 578
f 5541 5830 12835
f 5541 12257 5438
f 4719 4560 12257
f 5606 8826 6092
f 2280 8826 1590
f 5886 5680 2280
f 5438 4560 12450
f 1473 3443 6815
f 578 6815 11338
f 578 11338 9593
f 9593 11338 3762
f 12149 3932 9593
f 12149 2979 8164
f 2008 2282 8159
f 2282 7679 8159
f 2282 1688 2471
f 2637 2471 1688
f 9321 2637 1095
f 3935 9321 1095
f 943 687 3935
f 5680 4948 87
f 432 2599 2416
f 2860 11070 3134
f 2860 1549 11070
f 2102 1549 2860
f 4429 5585 2102
f 1430 7859 2112
f 1430 1156 7859
f 11725 7859 1156
f 12357 6414 5047
f 12357 4877 6414
f 3615 4877 12357
f 3615 12357 4149
f 11365 3615 4149
f 11365 12522 2222
f 11365 4149 12522
f 237 12522 10090
f 10090 12522 2134
f 2134 4149 10237
f 2134 12522 4149
f 10237 12357 5047
f 10237 5047 10656
f 10656 6414 5390
f 10656 5390 6584
f 6584 5390 11725
f 6584 11725 8039
f 8039 11725 1156
f 4492 5585 4429
f 7523 3134 12658
f 7523 2860 3134
f 12658 3134 5671
f 4138 5671 11070
f 4138 3127 11000
f 4138 11070 3127
f 11000 2599 12281
f 4809 2416 8634
f 4809 432 2416
f 8634 2416 5680
f 8634 5680 5886
f 432 4809 7830
f 12338 432 7830
f 12338 12281 432
f 11000 12281 4138
f 3127 2599 11000
f 4138 3297 5671
f 6224 5671 3297
f 12658 5671 6224
f 11070 5671 3134
f 7523 12658 69
f 2102 7523 4429
f 2102 2860 7523
f 811 4429 7523
f 811 6424 4429
f 4429 6424 8572
f 4492 4429 8572
f 4478 1430 7147
f 8039 1430 4478
f 8039 1156 1430
f 6023 6584 3520
f 6023 10656 6584
f 266 10237 6023
f 266 2134 10237
f 7967 2134 266
f 10090 2134 7967
f 7967 11418 5517
f 7967 266 11418
f 5730 2222 1547
f 5730 11365 2222
f 5730 7398 11365
f 11365 7398 3615
f 7398 10365 3615
f 10365 6569 3615
f 6569 6587 8079
f 5390 924 11725
f 7859 11725 8028
f 10001 3073 5408
f 7173 2102 1426
f 7173 1426 1607
f 880 1607 5266
f 880 10468 802
f 802 8110 9580
f 7689 1546 87
f 1546 3087 5832
f 3087 4184 10747
f 10747 9467 1218
f 9782 3087 1218
f 9467 1170 604
f 1170 3652 8337
f 3652 12635 11712
f 12635 4592 11712
f 4592 9118 687
f 9118 3219 687
f 3219 3935 687
f 7013 9321 3219
f 3935 3219 9321
f 7013 11383 9321
f 11383 9275 9321
f 9275 2637 9321
f 2637 6929 2471
f 11383 12630 9275
f 11383 7013 1948
f 3219 2051 7013
f 7013 2051 1948
f 11383 4417 12630
f 6929 9503 7679
f 7679 9503 4080
f 6423 4080 9503
f 10534 4080 6423
f 12096 11832 11837
f 4235 8644 6423
f 6686 8644 12795
f 6686 537 11832
f 6686 11832 12096
f 12050 1447 11832
f 7823 10882 12618
f 7674 12148 8796
f 10771 7453 1584
f 5872 12549 7412
f 12549 9015 7412
f 10747 4184 8659
f 1772 1546 7689
f 8799 1546 1772
f 8799 8659 1546
f 1126 7412 9015
f 1100 7412 9587
f 9587 7718 7990
f 1261 1584 7453
f 1261 7563 1584
f 11909 8796 12148
f 11909 6139 8796
f 6139 5366 2078
f 8796 6139 2078
f 5366 9307 9756
f 4299 10882 7823
f 6258 12618 10882
f 10154 4771 9197
f 200 4771 10154
f 1641 11429 200
f 6711 3955 12742
f 10725 11003 7775
f 7563 1261 2590
f 7718 7245 1261
f 7718 11204 7245
f 11204 8259 1145
f 8345 10927 10287
f 8345 9664 10927
f 4013 9664 8345
f 9880 9664 4013
f 9880 2485 8659
f 9880 4013 2485
f 9587 11204 7718
f 11909 12148 10419
f 10725 3486 6139
f 3486 7775 5366
f 6711 5366 7775
f 6711 1641 4299
f 1641 200 10882
f 200 10154 6258
f 6711 12742 1641
f 6711 9307 5366
f 10725 7775 3486
f 10725 6139 11909
f 11909 1372 10725
f 10419 10366 11909
f 7563 10366 10419
f 8259 7412 8620
f 1126 10287 8620
f 3369 6588 9875
f 9399 3369 6006
f 1262 6006 4935
f 1262 8311 6006
f 4935 9875 1772
f 3426 4935 5220
f 1262 3426 6818
f 1262 6818 6710
f 1219 6710 9334
f 1687 5038 1219
f 6939 12226 5038
f 10165 12226 6939
f 10165 2950 12226
f 7654 2950 10165
f 3144 9271 843
f 3413 9271 3144
f 3413 9273 9271
f 9273 3413 3490
f 9172 9273 3490
f 11062 9175 8816
f 2333 502 10342
f 10342 12592 8229
f 10342 502 12592
f 10342 8229 3631
f 2830 9175 7754
f 2830 8229 9175
f 6897 7754 3490
f 6897 3413 4899
f 6897 3490 3413
f 4899 3413 3144
f 9617 7654 8028
f 8028 7654 10165
f 3166 10165 6939
f 11380 1687 3073
f 11380 5038 1687
f 3073 1687 7296
f 7296 9334 5685
f 5685 6818 10468
f 10409 5220 1035
f 1035 5220 7689
f 10409 1035 8110
f 10468 10409 8110
f 6818 10409 10468
f 5685 10468 5266
f 1426 5685 5266
f 7296 5685 1426
f 5408 7296 1426
f 9334 6818 5685
f 1687 9334 7296
f 3073 7296 5408
f 4526 11380 3073
f 4526 6939 11380
f 4526 3166 6939
f 924 843 9617
f 8079 843 924
f 8079 3144 843
f 8079 6587 3144
f 4899 3144 6587
f 10365 4899 6587
f 5609 4899 10365
f 5609 6897 4899
f 10455 2830 5609
f 694 3631 10455
f 11189 3631 694
f 11189 694 7658
f 4036 12890 7209
f 4036 7209 6440
f 3099 4242 12592
f 4130 4242 3099
f 4130 8602 4242
f 8602 4865 4242
f 4340 8946 11062
f 8946 12103 11062
f 9273 11086 3013
f 9273 12103 11086
f 9273 512 9271
f 9273 3013 512
f 7654 2223 4787
f 7654 4787 2950
f 2950 2541 12226
f 2950 4787 2541
f 1219 11702 5711
f 1219 2541 11702
f 6710 5711 8957
f 8311 6710 8957
f 8957 10960 8541
f 5711 11702 10960
f 4787 11702 2541
f 1178 3602 2223
f 1178 1976 3602
f 2125 1976 1178
f 2125 6345 1976
f 6345 2125 512
f 12103 9844 11086
f 8946 9844 12103
f 8946 12589 9844
f 11638 12589 8946
f 11638 4043 12589
f 11638 4360 4043
f 8760 4043 4360
f 8760 4360 8973
f 4945 8760 8973
f 12066 8973 6610
f 12066 4945 8973
f 5465 12066 6610
f 12345 5465 1224
f 9910 12345 1224
f 9910 7117 6410
f 9910 1224 7117
f 11364 7117 10533
f 12890 11364 10533
f 10533 1224 3838
f 3838 4153 10533
f 4153 3699 7981
f 4153 3838 3699
f 3099 7981 3699
f 3099 3699 4130
f 8973 4130 3699
f 8973 4360 4130
f 4360 8602 4130
f 5318 7981 3099
f 12890 4153 5318
f 12890 10533 4153
f 3957 11400 8698
f 11400 11364 8698
f 11364 11400 7386
f 7386 1879 11364
f 6410 5595 9910
f 4096 9910 5595
f 4096 12345 9910
f 3031 2554 12345
f 3481 5996 2554
f 8063 12066 5996
f 8063 4945 12066
f 4043 7203 12589
f 7203 9844 12589
f 9844 56 11655
f 3013 11655 10983
f 6345 1651 2728
f 6345 2728 1976
f 4082 12344 11813
f 4082 1308 12344
f 12344 4033 8979
f 8979 593 12756
f 8575 3369 12756
f 3944 8575 593
f 3944 4033 9385
f 4461 5524 2728
f 1651 4461 2728
f 10983 2180 6674
f 11655 2180 10983
f 11655 5682 2180
f 56 5682 11655
f 97 4135 7203
f 11511 4135 97
f 7803 11275 4607
f 7447 11275 7803
f 11275 7447 1535
f 2101 1535 7447
f 2101 12903 5498
f 10978 12294 5595
f 10978 10055 12294
f 12903 4096 12294
f 12903 3031 4096
f 3031 7803 2554
f 7447 7803 3031
f 12316 5595 6410
f 11400 8352 7386
f 8293 11666 7386
f 11790 796 11666
f 11666 796 1879
f 7386 11666 1879
f 796 2857 12316
f 2857 2194 10978
f 10382 10055 12180
f 10055 10382 5498
f 10382 4088 5498
f 4088 1535 2101
f 4088 5009 1535
f 11275 2989 5382
f 11275 1535 2989
f 11275 5382 4607
f 1241 5657 1975
f 1975 5657 11511
f 2180 11221 6674
f 4461 9188 2118
f 11543 2118 3387
f 11543 3387 9484
f 9484 4985 9518
f 1152 9518 6263
f 6263 2230 10050
f 6263 3670 2230
f 2230 12024 4215
f 4753 1296 4552
f 2786 4552 7370
f 8535 10050 2230
f 8535 1152 10050
f 8575 1152 8535
f 3944 1152 8575
f 8535 2230 10881
f 10881 2230 5131
f 5131 10927 9664
f 5131 9232 10927
f 10881 9664 6588
f 8535 10881 6588
f 3369 8535 6588
f 12756 3369 9399
f 10927 12157 10287
f 10287 2786 8259
f 8259 2786 1145
f 3037 9402 11204
f 11204 9402 7245
f 2590 5987 10366
f 5987 433 10366
f 3398 1372 433
f 3398 11003 1372
f 1372 11003 10725
f 5918 5809 11429
f 5809 1230 8429
f 11429 5809 4771
f 5809 10891 11570
f 3559 973 10492
f 1225 11558 11979
f 404 1128 11180
f 9402 9398 404
f 12157 2786 10287
f 12157 4552 2786
f 9542 4207 404
f 12895 11968 1230
f 1230 11968 8429
f 5809 11570 1230
f 5918 3559 5809
f 5918 3955 3559
f 3559 3955 973
f 952 973 345
f 345 6018 11003
f 11003 952 345
f 11003 1225 952
f 3398 1225 11003
f 3398 11558 1225
f 3398 5907 11558
f 433 5907 3398
f 433 5987 5907
f 4207 9402 404
f 3037 1145 7477
f 1145 2786 7370
f 7370 10024 4529
f 4529 9398 7477
f 7477 9398 9402
f 9398 7356 404
f 5907 11979 11558
f 952 2848 10492
f 6011 3559 4638
f 2453 4247 2074
f 4393 8388 4247
f 6011 1487 1139
f 4980 12541 2002
f 12541 7201 11392
f 4681 5981 6343
f 10264 2622 5981
f 10264 9724 2622
f 2858 7379 3309
f 12568 3309 7379
f 12568 1349 2563
f 1349 11394 2563
f 2050 6078 7968
f 6078 1800 9724
f 9724 1800 2622
f 2622 6343 5981
f 6343 10043 4681
f 10043 11392 8200
f 4681 10043 8200
f 9884 11708 1139
f 1139 1487 9884
f 1487 4980 9884
f 4980 2002 7590
f 11708 10279 8388
f 10279 2074 8388
f 8388 1139 11708
f 8388 2074 4247
f 10879 2453 2074
f 10879 10971 3385
f 10971 6010 3385
f 6206 6010 10971
f 6206 10701 3183
f 8411 1410 1819
f 8411 2342 1410
f 8813 2342 8411
f 2592 2342 8813
f 2592 10804 10378
f 2592 10279 10804
f 10804 4563 9083
f 10885 6724 2244
f 6724 5717 2244
f 5717 10043 11767
f 9267 11767 10043
f 9267 5036 11767
f 12913 5036 9267
f 224 10076 6061
f 5077 224 2050
f 6078 6061 1800
f 2622 12913 9267
f 11392 10043 5717
f 6724 11717 7590
f 7590 11717 9884
f 2902 3425 9884
f 8813 11886 2592
f 3078 12877 999
f 12877 3994 10701
f 8411 12877 10701
f 8813 8411 10701
f 8813 10701 6206
f 11886 6206 10971
f 8813 6206 11886
f 8411 1819 12877
f 3425 10279 11708
f 9884 3425 11708
f 9267 10043 6343
f 6078 224 6061
f 2050 224 6078
f 4030 224 5077
f 4112 10076 8385
f 4112 6061 10076
f 3822 2244 5717
f 5479 2244 3822
f 10193 10885 5479
f 10800 10885 10193
f 5695 2902 10800
f 5695 9002 2902
f 5695 10602 9002
f 9083 155 10378
f 155 2342 10378
f 2016 11766 2811
f 2016 3773 1207
f 2358 10577 7176
f 8700 11441 8401
f 12750 5866 10751
f 2887 854 3179
f 5761 12713 7374
f 4359 6792 12118
f 4359 12118 2887
f 4359 2887 3179
f 5866 12750 7777
f 5415 1679 10577
f 10527 5415 10577
f 9537 10527 2203
f 9537 2203 7093
f 3773 216 1207
f 1205 3743 2016
f 10674 1205 2811
f 5319 10674 2342
f 155 5319 2342
f 12587 155 9083
f 2698 12587 9083
f 7820 2698 9083
f 7820 10602 5695
f 8011 10261 8385
f 5173 8011 8385
f 363 5173 10076
f 3355 4030 8724
f 3355 363 4030
f 2575 8724 4030
f 4384 2575 11047
f 4384 8724 2575
f 4384 11824 8724
f 9436 4384 4690
f 4690 4384 2193
f 10737 10584 5842
f 4747 5842 10584
f 9264 4747 9238
f 9264 5842 4747
f 12653 9264 9238
f 8189 12653 10604
f 8189 11157 12653
f 1267 9070 4583
f 4477 4583 8283
f 4477 8283 1395
f 470 4477 1395
f 470 1395 5929
f 6737 4528 1390
f 12220 235 10801
f 12220 5654 235
f 7946 5654 12220
f 7946 864 5654
f 7946 8215 864
f 9335 8215 7946
f 9335 9213 8215
f 9335 8272 9213
f 10489 8272 9335
f 9493 8272 10489
f 9493 7734 8272
f 11931 7734 9493
f 11931 10872 7734
f 4459 10872 11931
f 1906 10872 4459
f 1906 551 10872
f 1906 748 551
f 6418 8655 748
f 6418 5457 8655
f 6418 330 5457
f 1449 8776 11024
f 11538 8776 1449
f 11538 8012 8776
f 4811 6823 8012
f 6669 4946 9327
f 7948 4946 6669
f 3853 10933 6623
f 3853 1998 10933
f 3853 10999 1998
f 7945 10999 3853
f 1611 6373 5153
f 1611 9342 6373
f 7947 9342 1611
f 7947 6322 9342
f 7944 6322 7947
f 7944 9134 6322
f 12443 9134 7944
f 11334 7584 12443
f 11334 7122 7584
f 11146 7122 11334
f 11146 6813 7122
f 9967 9621 6813
f 9967 12810 9621
f 12810 6654 338
f 5314 12108 2502
f 12108 2961 11778
f 11376 7374 7021
f 11376 12383 7374
f 1942 2138 5761
f 4167 1334 222
f 854 222 8109
f 854 8109 2289
f 6230 854 2289
f 12750 10961 8401
f 2358 7176 7770
f 12640 1334 4167
f 7874 2138 1942
f 7874 1942 1604
f 12383 1604 1942
f 12383 11720 1604
f 7874 1604 7839
f 11720 7839 1604
f 12687 11720 12576
f 12687 7839 11720
f 7839 2161 961
f 961 11420 7839
f 5689 2161 12687
f 2161 5689 9451
f 1781 12576 12178
f 12178 12576 11376
f 11376 11720 12383
f 11376 12576 11720
f 7023 1902 2961
f 7158 3261 12432
f 2183 7158 11417
f 1761 5314 9029
f 1761 371 12432
f 1761 9029 371
f 8403 1761 12432
f 1761 7023 5314
f 1902 12643 2961
f 6543 7023 1761
f 6543 1902 7023
f 5656 12178 2598
f 2598 12643 1902
f 2598 12178 12643
f 12178 11376 12643
f 5656 1781 12178
f 5656 6179 4558
f 2757 4558 6179
f 4558 2757 1490
f 3410 8500 11946
f 12796 8500 1877
f 1877 89 12796
f 1877 12659 89
f 6531 12659 3447
f 3447 12659 10715
f 10715 5290 3447
f 814 6077 9411
f 814 9993 6077
f 9411 6077 6080
f 12046 3193 6079
f 10829 105 6079
f 2197 9026 838
f 838 9026 2217
f 2217 9026 6657
f 2217 6081 4918
f 2217 6657 6081
f 6081 1578 4918
f 6081 6076 1578
f 6076 70 1578
f 3880 70 55
f 11018 1444 11744
f 11963 4471 1444
f 11963 12070 4471
f 11963 11762 12070
f 4724 11762 5896
f 11762 4724 12779
f 12779 12209 11762
f 3195 4471 12209
f 3195 8555 4471
f 8555 6126 158
f 6126 6252 11744
f 11918 1578 3880
f 7376 1578 11918
f 7376 4918 1578
f 6115 4918 7376
f 6115 2217 4918
f 10021 838 6841
f 10021 4230 838
f 2459 105 9615
f 12747 105 2459
f 12747 12046 105
f 6948 3224 12046
f 4124 3224 6948
f 4124 9762 3224
f 122 9411 9762
f 122 814 9411
f 6978 103 670
f 6978 3447 103
f 10772 3447 6978
f 10772 6531 3447
f 10772 2608 6531
f 2247 2608 10772
f 2247 12766 2608
f 3550 9352 7867
f 4316 7867 9352
f 4316 5205 10704
f 6626 3729 5205
f 2097 1780 3729
f 2499 5363 9007
f 2499 9007 9451
f 3043 2499 9451
f 3043 9451 12323
f 2097 1802 1780
f 8193 1536 8424
f 7824 1536 3394
f 1536 9352 3394
f 9352 1087 3394
f 9236 1087 517
f 517 1087 3852
f 517 1972 1411
f 517 3852 1972
f 1972 2247 1411
f 4125 2247 2914
f 2418 2914 6978
f 2418 6978 670
f 2418 670 122
f 4124 6948 4126
f 4126 6946 11093
f 4126 6948 6946
f 6946 12747 11093
f 4123 12747 7434
f 7434 12747 2459
f 7434 12379 10630
f 7434 2459 12379
f 12379 10464 10630
f 10464 8417 9567
f 8417 9227 331
f 9227 4622 9412
f 2105 4622 735
f 10426 735 4622
f 735 6126 8555
f 3195 735 8555
f 10426 6126 735
f 3516 10426 9227
f 6115 3516 8417
f 3516 6115 7376
f 3516 11918 10426
f 4622 9227 10426
f 2105 9412 4622
f 12542 9412 2105
f 12542 4286 9412
f 8690 4286 12542
f 4286 6014 331
f 7917 9567 6014
f 7917 7434 10630
f 4347 4123 1454
f 4347 11093 4123
f 1242 11093 4347
f 12508 11093 1242
f 12508 4126 11093
f 8521 4124 10982
f 6550 2418 10184
f 10980 2418 6550
f 10981 4125 10980
f 9053 9236 517
f 10984 9236 9053
f 10984 6498 9236
f 11791 7314 6498
f 11791 2954 7314
f 7928 729 2954
f 12706 579 7928
f 12706 7652 11922
f 7652 12207 11922
f 11922 10404 7290
f 8060 12021 10404
f 10404 4318 6937
f 4318 9560 6937
f 5931 4022 11872
f 11872 1342 9717
f 9717 12884 6400
f 6400 12884 1075
f 5867 6771 7964
f 10961 12223 8329
f 9595 10 8109
f 12640 9595 1334
f 12859 11420 6625
f 4892 6625 11420
f 8689 9347 11420
f 12021 1802 2097
f 12021 8060 1802
f 7290 2097 9622
f 7290 12021 2097
f 8060 9728 2781
f 5485 12506 8132
f 7776 54 6347
f 6400 1075 6347
f 11604 11872 9717
f 8132 1475 7849
f 1238 1475 8132
f 8837 1238 12506
f 12506 2981 8837
f 12906 11872 4904
f 11872 11604 4904
f 6400 54 10928
f 6347 3673 7776
f 7964 8862 5867
f 3940 5243 8657
f 3940 8657 3158
f 5745 12126 10
f 4892 12168 6625
f 6377 1574 9347
f 12427 1574 6377
f 7640 9408 8846
f 3174 11410 2483
f 11410 2100 2483
f 7776 2100 11410
f 3088 7776 11410
f 3155 7776 3088
f 54 7776 3155
f 2949 54 3155
f 8846 11604 10928
f 4904 11604 8846
f 12427 8132 7849
f 5485 8132 5363
f 2499 12506 5485
f 8132 12427 5363
f 12427 5618 1574
f 5618 4904 9408
f 5243 3940 3174
f 1925 3174 3940
f 6868 4571 12126
f 6868 12126 5745
f 5745 9595 7640
f 6810 7640 12168
f 9347 5690 6810
f 1574 5690 9347
f 6810 5690 9408
f 6868 2058 2949
f 1925 4571 3088
f 11410 3174 1925
f 3088 11410 1925
f 3155 4571 6868
f 2949 3155 6868
f 2058 6868 5745
f 7640 2949 2058
f 7640 6810 9408
f 12168 7640 9595
f 5745 7640 2058
f 12126 4571 3158
f 3158 4571 1925
f 3158 1925 3940
f 5243 3174 8131
f 5243 8131 1779
f 5243 8862 12223
f 5243 1779 8862
f 3155 3088 4571
f 8846 10928 2949
f 8846 2949 7640
f 8846 9408 4904
f 5618 9408 5690
f 1574 5618 5690
f 4892 9347 6810
f 12168 4892 6810
f 6625 12168 9595
f 6625 9595 12640
f 9595 5745 10
f 12126 3158 10
f 7776 3673 2100
f 6400 6347 54
f 10928 54 2949
f 9717 10928 11604
f 12906 4904 5618
f 12906 5618 7849
f 7849 5618 12427
f 1238 8132 12506
f 12506 2499 2981
f 9728 2981 2499
f 2981 9728 9560
f 6937 9728 8060
f 6937 9560 9728
f 8060 2781 1802
f 2499 2781 9728
f 2781 2499 3043
f 2499 5485 5363
f 5363 12427 6377
f 6377 9347 8689
f 9347 4892 11420
f 961 8689 11420
f 7874 11420 12859
f 12640 12859 6625
f 1334 9595 8109
f 2289 10 3158
f 8657 2289 3158
f 2289 8657 6230
f 8657 5243 12223
f 8657 12223 6977
f 6977 12223 10961
f 8329 12223 7964
f 7964 12223 8862
f 7964 6771 10508
f 6771 5867 1962
f 967 8049 1342
f 7719 4022 5931
f 12634 7719 6063
f 1551 12634 1475
f 6063 1475 12634
f 202 1551 9244
f 1475 9244 1551
f 8837 202 9244
f 202 8837 10827
f 12790 10827 8837
f 4017 10827 12790
f 4017 12790 8977
f 8977 12790 9560
f 7309 9560 4318
f 7309 8977 9560
f 11393 4318 10404
f 11393 7309 4318
f 12207 7652 11439
f 5865 10477 7652
f 5865 5650 10477
f 5865 12402 5650
f 12402 821 7705
f 12652 11791 10158
f 12652 821 11791
f 2787 10984 1789
f 1789 9053 9375
f 7085 9053 10981
f 7085 9375 9053
f 10981 9410 7085
f 9410 10980 1904
f 1904 10980 6550
f 1904 6550 11750
f 11750 10184 6562
f 6562 10184 3975
f 6562 3975 646
f 8234 8521 12285
f 9813 12165 4792
f 4792 1656 9813
f 7096 1656 2148
f 2148 10838 7096
f 10838 6907 12119
f 10031 6931 6907
f 8566 11611 6907
f 1326 11611 4286
f 8566 6014 11611
f 9384 8566 10838
f 4347 9384 2148
f 5884 4347 2148
f 4347 1454 9384
f 9384 7917 8566
f 1468 6907 6931
f 1468 12119 6907
f 12119 1468 11089
f 7096 12119 7520
f 6931 7707 1468
f 10838 8566 6907
f 12119 7096 10838
f 2148 9384 10838
f 1656 7096 11784
f 9813 1656 11784
f 1656 5884 2148
f 1656 4792 5884
f 12508 4792 12165
f 10982 12508 12165
f 12165 9813 9809
f 11740 10982 12165
f 11740 12285 10982
f 11750 6550 10184
f 2787 1789 9375
f 2787 8486 10984
f 10158 11791 8486
f 7705 12652 6983
f 821 12402 2954
f 7705 821 12652
f 12402 7705 4136
f 5650 12402 4136
f 5865 7928 12402
f 10477 11439 7652
f 12207 9619 4020
f 12207 11439 9619
f 11393 1099 7309
f 1099 11393 4113
f 6017 11393 4020
f 6017 4113 11393
f 3530 9637 6017
f 8977 6743 4017
f 202 4182 2816
f 202 4931 1551
f 7719 11165 8633
f 4022 7719 8633
f 4022 8633 967
f 967 2486 8049
f 8049 2486 1824
f 5939 5123 196
f 7868 339 9584
f 9996 10288 9918
f 4145 10950 9996
f 7819 9996 9918
f 5122 2486 8633
f 5122 8633 12389
f 8633 2486 967
f 3723 12389 8633
f 2295 3723 11165
f 5024 2295 11165
f 5024 11165 1551
f 2816 4931 202
f 5576 10273 4182
f 9953 10273 5576
f 9953 5576 4017
f 190 5323 4113
f 4113 5323 1099
f 190 3553 5323
f 3553 190 724
f 10166 6576 724
f 6048 6576 9644
f 962 76 9644
f 9781 2530 12361
f 5574 12361 2530
f 2467 5574 1080
f 2467 12361 5574
f 9443 1080 10134
f 12368 9443 10134
f 10134 7064 12368
f 7064 6103 12368
f 7163 10262 8450
f 7163 6103 10262
f 10262 11661 8450
f 7160 11661 7161
f 1153 7161 6084
f 1153 6084 1304
f 12398 6342 10977
f 12398 10977 7162
f 7162 14 7811
f 7162 10977 14
f 7811 4767 5258
f 7811 14 4767
f 5025 7843 9345
f 5744 9687 7843
f 5744 1392 9687
f 5744 11305 1392
f 5430 10529 7843
f 5430 7843 2276
f 2884 2276 5025
f 2884 4400 199
f 9729 4400 2884
f 5601 4400 9729
f 9748 3407 4767
f 9748 3408 3407
f 9748 3406 3408
f 10977 3406 9748
f 10977 4820 3406
f 6342 4820 10977
f 12049 4820 6342
f 268 5073 5091
f 268 10373 5073
f 11661 10373 268
f 11661 8781 10373
f 10262 8781 11661
f 6103 5765 10262
f 6103 4084 5765
f 7064 4084 6103
f 7064 3753 6738
f 962 12458 3530
f 962 4530 2530
f 2530 4530 5574
f 3753 5574 4530
f 4530 1811 3753
f 3753 7064 10134
f 6738 4084 7064
f 5765 8781 10262
f 10977 9748 14
f 3407 5601 4767
f 199 2589 2884
f 2276 2884 2589
f 5430 2276 2589
f 5430 6281 436
f 2589 6281 5430
f 5744 7843 10529
f 9687 2524 1510
f 9687 1392 2524
f 1510 6480 9345
f 6480 10256 5025
f 10256 4345 5258
f 7811 5258 4345
f 633 7162 7811
f 1154 12398 9125
f 1153 1304 528
f 11983 2467 4246
f 11983 2402 2467
f 12811 2402 11983
f 12811 4911 2402
f 4911 8604 9108
f 6896 9108 8604
f 6896 7295 9108
f 6896 8648 7295
f 7295 401 5124
f 12291 12896 2350
f 12291 11539 12896
f 10939 6936 3175
f 12291 5124 7897
f 5242 401 8648
f 5242 7897 401
f 5676 6395 7897
f 7881 12375 12619
f 12619 7673 3175
f 7673 10939 3175
f 5451 4966 7673
f 7673 4966 7836
f 7836 4966 10041
f 5079 5916 1435
f 6854 8824 9840
f 7032 4297 1933
f 4297 1953 8849
f 3123 8849 1953
f 8824 9694 3123
f 6961 820 5193
f 1229 6961 5193
f 1378 5193 8824
f 8824 3813 1378
f 3813 8824 6854
f 1378 113 1229
f 1435 1229 9535
f 6469 1435 5916
f 10357 12908 11066
f 4966 12253 10041
f 6132 12375 6395
f 6132 7798 12375
f 4965 5451 7798
f 11615 170 5451
f 11542 170 11615
f 4965 1432 11615
f 976 7327 6132
f 10925 6385 8243
f 8276 10142 12253
f 12253 10142 4319
f 12253 4319 10357
f 10357 4319 10733
f 10733 4319 6026
f 6785 1435 3462
f 6785 1229 1435
f 3462 1435 6469
f 8114 6469 4723
f 10733 8114 12908
f 3462 7456 6785
f 7456 3774 6785
f 3774 1977 7018
f 6849 7049 306
f 306 8064 6849
f 1306 306 9843
f 2286 9843 7018
f 4914 11258 1977
f 2678 11258 4914
f 2573 1306 2286
f 2573 7315 1306
f 6966 4717 6612
f 10178 7814 9960
f 9960 10593 10481
f 1615 9960 10481
f 1615 5993 11756
f 8953 10178 11756
f 6864 8953 11756
f 9242 6864 5993
f 9242 2380 6864
f 5993 1615 6489
f 6489 1615 10414
f 10414 1615 10481
f 10481 10593 4523
f 7315 4523 12187
f 10414 4523 2573
f 6489 660 8661
f 8661 660 2678
f 660 10414 11258
f 11258 10414 2573
f 2678 660 11258
f 9254 2678 11313
f 9254 11313 2430
f 2430 4460 12532
f 7456 2430 11313
f 4914 3774 7456
f 4874 8114 1404
f 6026 1404 8114
f 8913 11542 1432
f 10067 1432 4965
f 6401 10067 4965
f 6401 976 7747
f 10711 1457 5032
f 1830 9314 7903
f 1830 5032 9314
f 4940 7903 8884
f 464 8289 44
f 464 4983 8289
f 3364 6384 9614
f 6384 12400 9614
f 560 618 11300
f 618 1634 11300
f 1634 3018 4303
f 10616 8586 2706
f 2706 7710 10616
f 10285 11406 4300
f 10285 5400 11406
f 10285 12008 5400
f 4506 3742 10561
f 10561 3742 10320
f 3311 12008 10320
f 12008 4851 4398
f 12008 10285 4851
f 10320 8454 10561
f 10320 6002 8454
f 10320 9013 6002
f 10320 4398 9013
f 9654 4398 4851
f 9654 9013 4398
f 9654 4851 10152
f 4851 4441 10152
f 4441 11465 8685
f 5013 639 8736
f 7273 9760 639
f 3018 12195 6382
f 3018 12194 12195
f 3018 11528 12194
f 8289 4009 3632
f 7031 10040 5276
f 11584 5276 10040
f 11584 2322 12396
f 12396 2322 1400
f 1400 5676 4832
f 9085 1787 5276
f 1787 10563 8784
f 4009 10563 3632
f 11042 10088 618
f 618 10088 2177
f 12194 9789 12195
f 9760 2513 639
f 639 2513 8736
f 8736 2513 11801
f 11801 2513 7258
f 7258 10620 11801
f 12831 10620 10150
f 9429 4386 10150
f 9429 1297 4386
f 6002 2555 3435
f 6002 9013 2555
f 3660 9013 9654
f 12831 4386 10152
f 8685 12831 10152
f 11801 12831 8685
f 8685 11465 11801
f 8736 11801 11465
f 3660 9654 4386
f 1150 8454 8815
f 7703 1150 2743
f 2743 1150 8815
f 6609 8815 8454
f 6609 8454 3435
f 3435 2555 11464
f 5605 2555 3660
f 2431 2555 5605
f 2431 11464 2555
f 2431 5605 11651
f 11651 1510 2431
f 11651 7051 2082
f 11651 4659 7051
f 2173 4345 7051
f 2173 633 4345
f 4356 9125 633
f 9304 9125 4356
f 2513 4188 7258
f 2513 528 4188
f 8024 1153 528
f 3741 1153 8024
f 3741 1155 1153
f 9789 6473 7160
f 11528 6473 9789
f 11735 6473 11528
f 6112 4246 9177
f 6112 10295 4246
f 11574 8623 12811
f 7854 8623 11574
f 3243 8623 7854
f 3243 10783 8604
f 533 4832 5242
f 5676 5242 4832
f 11479 533 5242
f 533 11479 5837
f 533 5837 1787
f 5837 11479 10783
f 5837 3243 10563
f 8648 10783 11479
f 8648 6896 10783
f 10783 6896 8604
f 10783 3243 5837
f 10563 3243 7854
f 8604 8623 3243
f 7854 11574 5201
f 12811 10295 11574
f 12811 11983 10295
f 4246 5074 9177
f 9177 10088 11042
f 7006 11735 10088
f 8024 2513 9760
f 8024 528 2513
f 9304 4356 10620
f 9429 2173 4659
f 4659 5605 1297
f 4356 633 9429
f 633 2173 9429
f 4659 2173 7051
f 4345 2082 7051
f 3435 11464 4257
f 6609 4257 8360
f 6609 3435 4257
f 2743 3713 9669
f 7872 10566 6688
f 5675 12145 2936
f 5675 2936 3778
f 3778 7872 5675
f 7872 3778 1150
f 7872 1150 7703
f 793 7809 6688
f 6688 5675 7872
f 10561 1150 3778
f 7809 8809 213
f 6008 383 11515
f 383 6008 2139
f 6008 11771 6381
f 11771 1253 6381
f 6381 1253 11251
f 10679 11195 2663
f 2663 11195 5553
f 3341 7890 10505
f 3341 10505 12548
f 3341 2663 5553
f 11251 10679 5392
f 8387 5392 6372
f 8387 11251 5392
f 6372 2139 8387
f 6372 5392 12735
f 5392 1807 12735
f 1866 9090 2663
f 6642 9169 3194
f 6642 197 4028
f 197 1469 4028
f 4818 1469 197
f 2657 1469 4818
f 10377 2319 2657
f 1439 2593 2319
f 6134 3757 8414
f 6134 10092 3757
f 1210 12671 5943
f 6271 3061 327
f 6271 5723 3061
f 5515 5470 12557
f 4701 5154 9242
f 4701 9242 9049
f 9049 9242 8661
f 8661 5993 6489
f 9049 8661 9254
f 9254 12532 2681
f 12532 4460 4029
f 4874 4460 2430
f 1553 1309 4319
f 4557 1553 10142
f 9257 4557 8913
f 1967 10803 10067
f 10803 1967 12166
f 12142 12910 9257
f 4029 1309 1553
f 6074 12532 4029
f 12532 702 2681
f 12557 702 6074
f 9591 6074 9416
f 9416 7488 5588
f 5588 7488 12910
f 5143 12910 12142
f 5143 12142 12166
f 6698 5143 12166
f 6698 12166 1967
f 1967 6401 6301
f 11154 9825 6301
f 11164 1967 6301
f 1967 2117 6698
f 5143 5723 2127
f 5515 12557 9591
f 4701 9049 2681
f 2127 5515 9591
f 5143 5588 12910
f 2127 9591 5588
f 5143 2127 5588
f 3061 5723 5143
f 2117 327 3061
f 357 327 2117
f 6698 2117 3061
f 2117 11164 1210
f 4439 12671 11164
f 8083 12671 4439
f 8756 9435 4540
f 4540 6918 6784
f 4540 8083 6918
f 11164 9825 4439
f 6918 8083 4439
f 874 9825 4635
f 874 8026 6784
f 5686 1098 1284
f 1284 3279 5686
f 125 3279 11341
f 9423 9207 4241
f 10143 4241 4239
f 11076 984 8176
f 11076 8176 3843
f 6913 11867 3432
f 9258 5190 4240
f 9258 4240 6087
f 4240 3714 6087
f 2747 3714 9703
f 9703 1197 2747
f 9703 11565 1197
f 11565 9218 10730
f 7253 3862 9218
f 7994 727 3862
f 727 7994 9212
f 6251 11152 3346
f 4544 6251 11956
f 7994 8589 11821
f 7994 3862 8589
f 3862 7253 8589
f 7253 2339 11381
f 7253 11173 2339
f 8589 7253 11381
f 719 2936 11956
f 2936 719 4506
f 4506 11821 3742
f 4506 719 11821
f 11821 3311 3742
f 11821 8589 3311
f 8589 11381 3311
f 5400 3311 11381
f 5400 11381 11406
f 10616 11406 2339
f 3894 10616 2339
f 3894 8562 8693
f 2886 8693 8562
f 2886 4303 8693
f 1706 4303 2886
f 4240 6829 11300
f 4240 5190 6829
f 8176 9021 10372
f 5698 44 9021
f 6435 44 5698
f 9207 4940 10370
f 6772 4940 9207
f 6772 12872 1830
f 1284 10711 12872
f 1284 2984 10711
f 874 4635 11321
f 6544 874 11321
f 6544 11321 8243
f 812 6544 7873
f 12872 5032 1830
f 12872 10711 5032
f 2984 7873 10711
f 812 7873 2984
f 6544 812 874
f 2984 6834 812
f 12872 6772 3279
f 1830 4940 6772
f 4940 8884 10370
f 10370 464 6435
f 10370 8884 464
f 44 3364 9021
f 9021 3364 9614
f 9021 8176 984
f 9021 9614 10372
f 10372 1118 8176
f 10372 10371 1118
f 10371 6829 1118
f 6829 560 11300
f 11300 6732 4240
f 6732 1706 9703
f 6732 4303 1706
f 1227 8562 11173
f 1227 2886 8562
f 2886 1227 11565
f 11173 8562 3894
f 8693 8586 3894
f 5114 6251 10110
f 727 2509 11065
f 11152 2944 9212
f 2944 5328 9212
f 3371 2944 6251
f 6251 2944 11152
f 5386 2747 11065
f 5386 6087 3714
f 4287 6087 5386
f 11132 2030 4287
f 8250 11867 2030
f 2733 11867 8250
f 7307 9191 2733
f 7307 3843 9191
f 8247 11075 8248
f 8249 11075 8247
f 8249 10143 11075
f 7072 10143 8249
f 7072 9423 10143
f 12151 9423 7072
f 11731 125 12151
f 3606 125 11731
f 3606 3275 5686
f 4549 5749 3275
f 12526 5749 4549
f 3757 12526 8414
f 10092 9435 3757
f 10092 9301 9435
f 6459 4549 11736
f 8414 4549 6459
f 4549 8414 12526
f 8756 5749 12526
f 6834 8756 6784
f 5749 8756 6834
f 3275 5749 1098
f 1098 5686 3275
f 11736 4549 3275
f 6486 3606 4788
f 6486 11736 3606
f 4788 3606 11731
f 3275 3606 11736
f 5686 125 3606
f 125 11341 12151
f 12151 11341 9423
f 2594 7072 9759
f 2594 12151 7072
f 7072 8249 9759
f 2320 8249 8247
f 7307 2733 5420
f 9169 7307 5420
f 5420 5356 9169
f 9356 9169 5356
f 5356 5061 9356
f 5061 228 6375
f 228 1900 3089
f 12735 1900 5328
f 12735 11984 1900
f 11984 1807 3089
f 1807 9090 3089
f 6375 3089 9090
f 11984 12735 1807
f 1434 3797 2552
f 1434 6372 3797
f 6767 1434 2552
f 2552 3797 3371
f 7050 2552 5114
f 3371 5114 2552
f 3797 5328 2944
f 3797 12735 5328
f 4799 228 11132
f 4799 11132 5386
f 11984 3089 1900
f 228 5061 11132
f 3089 6375 228
f 9356 5061 6375
f 5356 2030 5061
f 9356 3194 9169
f 4028 7307 9169
f 11075 10143 4239
f 11075 4239 5698
f 11075 2287 8248
f 11075 5698 2287
f 8248 984 11076
f 8248 2287 984
f 8248 11076 2657
f 5420 2733 5356
f 9191 11867 2733
f 5356 2733 8250
f 8250 2030 5356
f 11867 9258 4287
f 11867 6913 9258
f 11867 4287 2030
f 11132 5061 2030
f 4287 5386 11132
f 3714 2747 5386
f 5386 11065 4799
f 2747 10730 11065
f 2747 1197 10730
f 9212 2509 727
f 727 11065 10730
f 5328 2509 9212
f 2509 4799 11065
f 2509 1900 4799
f 4799 1900 228
f 2944 3371 3797
f 5328 1900 2509
f 6251 5114 3371
f 10110 6251 4544
f 4544 213 8809
f 4544 11956 213
f 3492 4544 8809
f 9110 4544 3492
f 10110 4544 9110
f 5114 10110 9110
f 213 11956 2936
f 11381 2339 11406
f 3894 2339 11173
f 3346 11821 719
f 3346 719 11956
f 3346 7994 11821
f 6251 3346 11956
f 11152 7994 3346
f 11152 9212 7994
f 727 9218 3862
f 7253 1227 11173
f 7253 9218 1227
f 727 10730 9218
f 11565 1227 9218
f 11565 1706 2886
f 1197 11565 10730
f 9703 1706 11565
f 3714 6732 9703
f 4240 6732 3714
f 9258 6087 4287
f 6913 5190 9258
f 6913 6829 5190
f 3432 6829 6913
f 3432 1118 6829
f 9191 3432 11867
f 9191 1118 3432
f 3843 1118 9191
f 3843 8176 1118
f 2287 9021 984
f 2287 5698 9021
f 4239 6435 5698
f 4239 10370 6435
f 4241 10370 4239
f 4241 9207 10370
f 9423 4241 10143
f 11341 9207 9423
f 11341 6772 9207
f 3279 6772 11341
f 3279 1284 12872
f 5686 3279 125
f 1098 2984 1284
f 1098 6834 2984
f 1098 5749 6834
f 8026 812 6834
f 8026 874 812
f 6784 6918 874
f 6834 6784 8026
f 6918 9825 874
f 6918 4439 9825
f 3757 8756 12526
f 3757 9435 8756
f 8756 4540 6784
f 4540 9435 9301
f 2755 12671 8083
f 11164 12671 1210
f 1210 357 2117
f 6698 3061 5143
f 11164 6301 9825
f 11164 2117 1967
f 4635 9825 11154
f 11154 11321 4635
f 11154 7747 11321
f 11154 6401 7747
f 11154 6301 6401
f 9591 9416 5588
f 6074 9591 12557
f 702 12557 456
f 702 456 2681
f 2681 456 4701
f 702 12532 6074
f 6074 4029 9416
f 9416 4029 7488
f 12910 7488 9257
f 6401 1967 10067
f 10067 10803 1432
f 10803 12166 8913
f 8913 12166 12142
f 9257 8913 12142
f 1432 10803 8913
f 7488 4557 9257
f 1553 4557 7488
f 7488 4029 1553
f 1309 4029 4460
f 1309 4460 1404
f 4460 4874 1404
f 12532 9254 2430
f 2681 9049 9254
f 9170 5154 4701
f 852 2904 6271
f 1857 6271 2904
f 9170 12394 8713
f 8713 7997 5154
f 5154 7997 2380
f 2380 7997 2292
f 2292 9822 2380
f 6612 5804 4651
f 1513 2292 12051
f 7997 12051 2292
f 948 12051 11139
f 12037 11139 12394
f 265 12394 3239
f 10304 265 1857
f 8590 8399 2904
f 12446 8590 2904
f 9903 2904 852
f 9903 852 8672
f 8672 852 327
f 9948 8672 357
f 2750 9948 357
f 9948 9903 8672
f 12898 3323 10385
f 8363 7088 4952
f 4848 8363 12773
f 4848 7088 8363
f 5468 12773 10947
f 714 10947 9832
f 714 11493 415
f 415 7025 12802
f 11803 12802 1647
f 11804 1647 6822
f 11804 7498 1647
f 6822 7978 11804
f 11804 6264 414
f 11804 7978 6264
f 9653 10989 6954
f 10989 2870 6954
f 2870 1702 6209
f 6209 260 7890
f 6209 1702 260
f 3255 7890 5553
f 3255 5553 11195
f 3255 11195 6300
f 4374 4903 1253
f 4374 2136 4903
f 3818 1415 5898
f 1635 5898 1415
f 1635 6954 5898
f 1635 3722 6954
f 7499 3722 1635
f 3657 3722 7499
f 12801 416 10335
f 389 416 12801
f 389 414 416
f 389 11804 414
f 9196 11804 389
f 7498 11804 9196
f 2019 664 5646
f 8153 8181 4673
f 8153 3439 8181
f 7194 5782 93
f 10172 10816 10385
f 10385 10816 12234
f 6069 10993 6915
f 10993 10569 12037
f 10569 5191 948
f 5191 3214 5103
f 2040 5103 145
f 145 1311 2040
f 9837 145 10034
f 10429 2508 11724
f 11724 2508 5191
f 4355 271 4232
f 4232 11724 10569
f 4232 10569 10993
f 10993 2620 4232
f 2620 10993 6069
f 2620 6069 1101
f 1101 11503 12033
f 9646 1663 12033
f 8871 4232 2620
f 8746 1591 8871
f 774 1663 9646
f 8859 774 9646
f 8859 9646 318
f 318 9646 9924
f 318 9924 3590
f 12793 318 5135
f 5135 3590 4894
f 5135 4894 12234
f 12234 10816 5135
f 10284 12758 10185
f 6749 12758 10284
f 1198 6749 9737
f 9737 10123 1198
f 9737 4144 10123
f 4144 8153 9941
f 9941 4673 9024
f 9941 8153 4673
f 4673 11296 9024
f 2397 11296 2019
f 2397 2019 5646
f 2397 5646 4273
f 4273 5646 7498
f 7498 1566 4273
f 11544 1624 7982
f 1624 11829 7982
f 10253 1415 8128
f 7841 7104 1415
f 7841 6153 7104
f 934 7180 11890
f 5608 11138 11890
f 10326 11138 12329
f 3517 9523 7760
f 5338 10518 1032
f 1032 896 10776
f 1032 7140 896
f 934 9523 9077
f 934 9077 7180
f 9077 12087 7180
f 6153 12087 10776
f 6153 10776 7104
f 9077 5338 12087
f 5338 10776 12087
f 10776 896 7104
f 8128 7104 896
f 896 7351 8128
f 352 11829 7351
f 352 7982 11829
f 10350 7982 352
f 10350 11544 7982
f 11576 11544 10350
f 11576 4264 11544
f 5315 4264 11576
f 5316 4264 5315
f 6481 2397 8357
f 5381 2397 6481
f 9024 8490 9941
f 3591 9941 8490
f 3591 2565 9941
f 11799 2565 3591
f 11799 10123 2565
f 4909 10123 11799
f 4909 67 11730
f 67 10758 7526
f 10758 1429 12758
f 12793 5135 1274
f 12793 1368 8861
f 318 8861 8859
f 6204 8859 8861
f 4972 8893 8487
f 10758 7580 1533
f 7580 8643 8213
f 8643 12089 10196
f 6259 10129 12289
f 12289 12056 6259
f 4823 12290 6627
f 12290 12136 6627
f 12290 6653 12136
f 6481 6535 6653
f 6481 11201 6535
f 1289 2915 1768
f 11194 1289 1768
f 10480 11194 580
f 10480 1289 11194
f 580 11194 10888
f 3097 580 10888
f 690 580 3097
f 11932 690 3097
f 11932 10874 690
f 10084 5157 10874
f 1046 5157 7377
f 6684 10084 10874
f 6684 10518 10121
f 6684 9544 10518
f 9544 10807 10518
f 9544 8873 10807
f 8873 9457 3263
f 9457 2548 8708
f 10888 2548 9457
f 1768 5316 5315
f 2915 5316 1768
f 2915 8357 5316
f 2915 6481 8357
f 12056 11799 3591
f 12289 11799 12056
f 12289 2241 11799
f 10129 7755 2241
f 9003 7755 10129
f 9003 12089 2290
f 9003 6101 12089
f 6232 3908 8487
f 6232 1274 3908
f 6232 1368 12793
f 1260 4972 8487
f 1260 3908 438
f 1260 8487 3908
f 1533 438 1429
f 1533 1260 438
f 1533 1429 10758
f 8643 7580 10758
f 8643 67 2290
f 8643 2290 12089
f 2290 7755 9003
f 5315 2548 1768
f 2548 10888 11194
f 10807 7140 1032
f 10807 3263 7140
f 3263 352 7140
f 3263 10350 352
f 8708 10350 3263
f 11576 8708 2548
f 9457 8873 3097
f 3263 9457 8708
f 8873 9544 11932
f 3263 10807 8873
f 10084 10121 3517
f 10084 6684 10121
f 6684 10874 9544
f 7377 10084 3517
f 7377 7760 343
f 11890 7180 11179
f 7180 12087 4374
f 12087 2136 4374
f 12087 6153 2136
f 11179 7180 4374
f 11771 11890 11179
f 5608 11890 11771
f 11771 11179 1253
f 9558 11771 11515
f 9558 5608 11771
f 9957 530 10260
f 10104 3423 9405
f 12360 6853 12517
f 12517 10556 7845
f 12517 6853 10556
f 8197 12036 12726
f 12726 1608 609
f 1608 7659 609
f 8260 7659 2385
f 3909 10697 5115
f 3909 5115 9179
f 9179 5115 8980
f 9179 8980 7239
f 2618 3821 3913
f 5364 1288 3821
f 1288 609 3821
f 3821 8260 3913
f 8833 3913 8260
f 3821 609 8260
f 1288 12726 609
f 12724 12027 12360
f 12027 7389 10104
f 848 7389 12027
f 8224 10700 337
f 2214 10700 8224
f 1031 9324 9080
f 8336 2214 598
f 2938 8224 337
f 9485 6024 12027
f 8443 12724 12600
f 7758 7369 11402
f 1181 5364 2618
f 12327 2618 5256
f 11722 9599 9179
f 11722 7239 3400
f 4819 9670 10797
f 6800 4819 24
f 6800 3400 4819
f 11564 11722 11887
f 12327 5256 5200
f 7758 5364 5165
f 8392 7758 5165
f 8392 1616 7758
f 4039 8443 8251
f 4039 9485 8443
f 9485 12328 6024
f 12081 8056 12328
f 12328 8056 5616
f 4328 2938 10227
f 10965 9080 7358
f 10965 1031 9080
f 7358 9080 8336
f 8051 598 2938
f 2938 8056 10227
f 8051 2938 4328
f 8336 598 8051
f 12348 853 11060
f 853 6431 6826
f 6826 12462 4900
f 12731 6826 4900
f 4900 7855 12731
f 4900 278 7855
f 11060 9005 9966
f 2654 1526 1712
f 3446 690 159
f 3446 12749 690
f 9722 2654 7511
f 10932 1046 7377
f 12894 9966 9722
f 9722 9966 2654
f 12894 1046 10932
f 12894 9722 1046
f 1046 7511 5157
f 10874 7511 159
f 10874 5157 7511
f 10874 159 690
f 9722 7511 1046
f 690 10480 580
f 12838 1289 10480
f 4372 5107 12111
f 5488 12136 11399
f 5121 12136 5488
f 6434 6627 5121
f 6434 9908 6627
f 4231 9908 6434
f 6816 9908 4231
f 6816 6259 9908
f 3515 6259 6816
f 3515 6614 6259
f 3456 6614 3515
f 7844 6614 3456
f 8213 18 7580
f 18 3360 6421
f 18 6421 7580
f 1320 8893 5728
f 1320 218 1368
f 218 1144 1791
f 4102 8087 9313
f 11327 7063 4102
f 1812 350 1144
f 1812 218 1757
f 368 1320 5728
f 8893 8639 5728
f 6421 6241 9336
f 3360 1609 6241
f 7952 368 8639
f 7958 1609 3360
f 8583 7666 11797
f 3399 3515 10681
f 3399 5827 3515
f 10681 6816 5184
f 10681 3515 6816
f 5184 4231 6434
f 5184 6434 2059
f 2059 6434 6304
f 6304 5488 11582
f 11582 5488 187
f 187 5488 11399
f 187 10126 625
f 187 11399 10126
f 3110 625 10126
f 7855 12749 1712
f 7855 8767 12749
f 12111 10480 12749
f 1526 7855 1712
f 7855 4510 8767
f 4510 3110 6559
f 625 3110 4510
f 346 9794 861
f 346 3231 9794
f 4971 11582 3231
f 2059 6304 11582
f 9124 5184 2059
f 9124 1018 5184
f 9913 3399 10681
f 4245 3399 9913
f 4245 10439 3399
f 5799 10439 4245
f 5799 9062 9379
f 12288 9379 9062
f 1782 6925 2272
f 11733 2272 6925
f 2272 11733 8583
f 9379 8583 11797
f 2272 8583 9379
f 6925 5253 413
f 5253 7958 413
f 1757 3001 1626
f 8751 431 11906
f 6174 8751 1602
f 4938 6174 8455
f 8404 3001 4675
f 11488 4054 4675
f 5253 4054 11488
f 5253 11516 4054
f 1782 3891 5253
f 3891 1595 5433
f 10421 4122 2791
f 523 11382 2791
f 2791 11382 12349
f 12349 11382 4938
f 11382 12109 4938
f 558 4938 12109
f 5638 8613 558
f 12109 5638 558
f 1581 7500 11382
f 1581 11382 523
f 12399 4122 3218
f 3218 4122 11616
f 5245 11616 8404
f 5245 3218 11616
f 5516 11732 11516
f 6166 5516 11516
f 7510 6166 5433
f 2498 7510 1595
f 234 5419 4117
f 6314 4117 8086
f 8086 4117 2404
f 2404 2433 10638
f 10638 8593 4170
f 10638 2433 8593
f 4170 8593 329
f 4170 329 2716
f 2716 329 8673
f 8673 9961 11521
f 11521 9961 3180
f 3180 595 12045
f 12045 595 12723
f 12411 12723 8591
f 8591 4168 12411
f 3681 4168 3210
f 8786 3210 7336
f 7336 9793 8786
f 9793 3956 3966
f 11440 2277 6431
f 6643 9235 11307
f 9235 8886 11307
f 11307 8886 8786
f 3966 11307 8786
f 6643 3966 2277
f 6643 11307 3966
f 8964 3147 11440
f 8964 5944 3147
f 10821 3681 8886
f 11243 12411 10821
f 11243 3215 12411
f 8712 3215 11243
f 12254 3215 8712
f 7548 11521 12409
f 7548 2715 11521
f 2715 7548 12079
f 2716 2715 12079
f 12079 4170 2716
f 12079 3763 4170
f 3763 10638 4170
f 9922 10638 3763
f 9922 7916 10638
f 333 8086 7916
f 7079 234 6314
f 8160 234 7079
f 8160 5419 234
f 1104 5419 8160
f 1104 2498 5419
f 8879 231 9959
f 231 5245 9959
f 8879 9959 11732
f 12332 522 231
f 12332 3218 522
f 49 12399 3218
f 1988 12711 12399
f 110 5638 12109
f 8440 298 2103
f 251 8440 2103
f 11121 2169 8433
f 2169 2107 10329
f 2107 3077 10329
f 2107 11652 3077
f 7403 3077 11652
f 11871 11442 8568
f 8845 8751 8613
f 5582 4993 3421
f 3041 915 6594
f 915 11871 9919
f 7132 12170 3817
f 2551 3817 1699
f 4166 1699 2897
f 584 2745 11375
f 11375 8481 8232
f 2745 8481 11375
f 10369 11375 5939
f 339 3889 584
f 1699 11944 7868
f 6751 7868 10429
f 6751 10429 271
f 4355 6751 271
f 1591 4355 8871
f 10767 9460 1591
f 12110 10767 8746
f 12110 8746 1841
f 760 2300 6197
f 760 6197 774
f 1791 760 8859
f 1791 8087 760
f 760 774 8859
f 2300 1841 6197
f 2300 4102 1841
f 11906 2158 7063
f 9122 9768 2158
f 11327 1602 7063
f 1602 11906 7063
f 2985 4166 9122
f 3421 4166 5582
f 9919 8610 2745
f 9919 2665 8610
f 6594 9919 12170
f 431 8845 2985
f 431 2985 9122
f 3421 2551 4166
f 2985 5582 4166
f 9460 2897 6717
f 9122 2897 9768
f 2158 9768 7063
f 7063 9768 12110
f 9768 2897 9460
f 9768 9460 10767
f 12110 9768 10767
f 4102 12110 1841
f 1841 8746 11312
f 10767 1591 8746
f 9460 6717 4355
f 1591 9460 4355
f 4355 6717 6751
f 6717 7868 6751
f 1699 7868 6717
f 1699 6717 2897
f 11944 339 7868
f 11944 3817 3889
f 339 11944 3889
f 584 11375 10369
f 3889 12170 584
f 3817 12170 3889
f 1699 3817 11944
f 4166 2897 9122
f 4166 2551 1699
f 2551 7132 3817
f 12170 7132 6594
f 12170 2745 584
f 12170 9919 2745
f 2745 8610 8481
f 5939 8232 5123
f 5939 11375 8232
f 9919 8568 2665
f 11871 8568 9919
f 915 9919 6594
f 3041 6594 7132
f 3421 7005 3041
f 3041 7132 2551
f 3421 3041 2551
f 4993 7005 3421
f 10120 5582 2985
f 10120 4993 5582
f 10120 2985 8845
f 8751 558 8613
f 8845 2103 298
f 298 10120 8845
f 2184 10329 2390
f 3848 10276 11442
f 10276 1485 11442
f 3848 11871 3578
f 2390 3077 7005
f 10329 3077 2390
f 3077 3578 7005
f 3077 3848 3578
f 3848 11442 11871
f 3848 7403 10276
f 3077 7403 3848
f 2184 2390 8268
f 7665 2184 8268
f 298 7665 10120
f 5638 2103 8613
f 2103 8845 8613
f 10120 7665 8268
f 10120 8268 4993
f 8268 7005 4993
f 8268 2390 7005
f 7005 3578 3041
f 3041 3578 915
f 11871 915 3578
f 1921 2107 5658
f 5658 11121 4396
f 4396 11121 10458
f 8282 12891 3260
f 8282 10458 12891
f 5658 2107 2169
f 10458 11121 8433
f 10458 8433 8440
f 251 10458 8440
f 251 2103 5638
f 110 9260 5638
f 11625 7500 1581
f 11625 110 7500
f 9585 1581 2852
f 9585 11625 1581
f 2347 9585 2852
f 2347 2852 1988
f 1988 2852 12711
f 10302 1988 49
f 7070 49 12332
f 7070 10302 49
f 4254 5510 12556
f 8264 8208 11834
f 11834 8208 1826
f 1826 6207 11834
f 2798 9922 12728
f 12430 8712 460
f 12430 7984 8712
f 460 8220 709
f 709 8220 3719
f 4470 6009 5783
f 4470 3719 6009
f 3961 5783 7288
f 8370 9469 6046
f 6046 3669 2908
f 2908 3669 2764
f 2908 396 7407
f 2908 2764 396
f 396 12081 4066
f 6228 396 4066
f 4066 4862 3561
f 8333 3561 4862
f 3784 8333 4256
f 11572 8333 3784
f 3185 5185 1252
f 5185 3648 1252
f 997 12076 3730
f 8870 4497 302
f 2218 12082 4632
f 5590 8139 7768
f 8139 3730 5200
f 6181 1729 5185
f 4256 4039 8251
f 5417 4039 4256
f 4862 12328 5417
f 4862 4066 12328
f 2764 10227 396
f 3669 4328 2764
f 396 10227 12081
f 12081 12328 4066
f 4256 8251 8392
f 1729 8392 5165
f 1729 5165 5185
f 3648 12327 12076
f 12076 12327 4271
f 4271 5200 3730
f 11564 7768 8139
f 7768 11564 11887
f 7768 11887 10672
f 302 6800 2218
f 302 10672 6800
f 12082 24 1185
f 12082 6800 24
f 4497 7768 302
f 302 7768 10672
f 2218 6800 12082
f 1860 11552 4632
f 10685 3730 5590
f 9406 11749 1060
f 9406 1060 3185
f 1060 6181 3185
f 2121 1252 997
f 2121 3185 1252
f 9406 3185 2121
f 1060 12035 6181
f 11572 3784 12035
f 10180 11572 3577
f 4539 3561 10180
f 12660 6170 3561
f 1052 6228 6170
f 6228 4066 6170
f 7407 4276 2908
f 888 6046 4276
f 6046 2908 4276
f 888 8370 6046
f 3575 888 12078
f 5394 6394 10532
f 6394 1052 10532
f 6873 10532 1052
f 1052 12660 6873
f 6396 6873 12660
f 8635 11749 9861
f 8635 3577 11749
f 3809 8322 2121
f 3809 2121 6337
f 5978 6337 8607
f 1519 11552 1860
f 3016 1860 11199
f 1500 1860 3016
f 1500 1519 1860
f 6742 9969 2135
f 6439 12827 10298
f 5978 12827 6439
f 6884 3809 1945
f 2942 10222 6884
f 5085 4336 1848
f 10923 10532 5975
f 10923 5394 10532
f 10532 6873 5975
f 6873 6396 8483
f 8483 6396 4336
f 8635 10180 3577
f 1945 3809 6337
f 6712 9861 10222
f 10222 8322 3809
f 10222 9861 8322
f 1848 10180 8635
f 1848 4539 10180
f 4336 6396 4539
f 5975 8483 1852
f 5975 6873 8483
f 12836 3575 5008
f 3961 10917 10798
f 10917 709 10798
f 10798 3719 4470
f 10798 709 3719
f 3961 10798 4470
f 1862 709 10917
f 1862 12430 460
f 11271 12430 1862
f 12442 12728 2224
f 12442 1924 2798
f 8368 11834 1924
f 10476 2970 3374
f 7070 12332 1567
f 6592 11012 11205
f 11870 10302 7070
f 10302 5547 2347
f 4991 1391 11870
f 1783 11870 1567
f 10476 12873 2970
f 6319 12873 10476
f 12873 549 2970
f 3202 2624 9193
f 7388 335 4784
f 7388 7119 335
f 10622 5223 4375
f 4375 2473 2683
f 2473 4925 2683
f 4527 2832 494
f 494 2832 4875
f 5652 10007 6837
f 2515 5652 5026
f 10206 1714 2288
f 10206 2288 4037
f 3119 8677 1576
f 6186 3119 7631
f 11080 12483 12479
f 12479 12483 7153
f 3119 1576 6927
f 7119 6927 8801
f 9182 7790 4037
f 4037 2288 2662
f 2288 5223 2662
f 2288 2515 5223
f 4375 5026 2473
f 2473 6837 4527
f 4527 5703 3375
f 2473 494 4925
f 2473 4527 494
f 4527 6837 5703
f 5026 6837 2473
f 4375 2515 5026
f 5223 2515 4375
f 2662 5223 10622
f 4037 2662 6192
f 12606 4037 6192
f 9182 4037 12606
f 9182 12606 8097
f 7153 11302 9193
f 7156 7153 9193
f 9193 11302 3202
f 7156 9193 10968
f 7156 10968 8804
f 1300 8804 12174
f 1300 5251 8804
f 12174 8804 4991
f 1783 1300 12174
f 611 1783 10000
f 549 3100 10000
f 12377 3846 7402
f 10075 11663 11021
f 966 10972 11639
f 966 5040 10972
f 11639 10972 3203
f 1774 2571 2209
f 2209 3918 1774
f 12104 39 511
f 11525 11454 8100
f 8100 11454 12104
f 11961 11454 11525
f 11961 5198 11454
f 10002 5198 11961
f 10002 8245 1774
f 8245 2571 1774
f 65 2571 8245
f 2246 9001 8256
f 10721 7214 9057
f 9663 12377 10721
f 9663 2494 12377
f 2494 8485 5710
f 8485 7202 5710
f 11274 4118 1300
f 4118 4826 5251
f 4826 12479 7156
f 8841 12479 4826
f 12484 4826 4118
f 12484 8841 4826
f 4933 12484 11274
f 4071 11242 12883
f 3605 4071 12883
f 6678 11768 6838
f 12163 6838 11768
f 12101 2246 8096
f 5277 10745 8057
f 8057 1993 10917
f 1993 8093 1862
f 1993 4908 8093
f 11170 8093 4908
f 11170 11986 11271
f 4151 11986 11170
f 6509 11986 4151
f 6509 11031 11986
f 9914 12442 8729
f 5648 12442 9914
f 1636 1924 5648
f 1636 12031 1924
f 2188 12031 1636
f 2188 946 12031
f 10233 946 2188
f 10233 9420 5355
f 1952 12873 10598
f 12546 549 12873
f 12546 10640 549
f 5106 2372 2752
f 12452 2752 10233
f 12452 11663 2752
f 5040 3358 10972
f 6887 11031 2571
f 6887 4281 11031
f 2571 11031 6509
f 4151 11170 990
f 5526 990 4908
f 5526 511 990
f 8668 5526 10745
f 4151 990 3918
f 2209 6509 4151
f 2571 6509 2209
f 12452 2188 3358
f 5106 2752 11663
f 2372 9420 2752
f 1952 10598 2372
f 2372 10598 9420
f 10598 4876 9420
f 2752 9420 10233
f 946 10233 5355
f 12452 10233 2188
f 3358 2188 10972
f 10972 1636 5648
f 10972 2188 1636
f 9914 9001 5648
f 4281 9914 8729
f 4281 8729 11031
f 11031 2307 11986
f 11271 8093 11170
f 4908 990 11170
f 5526 4908 1993
f 10917 1993 1862
f 8057 5526 1993
f 10745 5526 8057
f 11161 10745 5277
f 7071 4906 3302
f 3302 4906 10923
f 7264 5906 4336
f 5162 5288 8364
f 11357 6393 7441
f 7441 1054 9786
f 7441 6393 1054
f 12540 7936 2135
f 3122 9969 6742
f 6039 3082 9969
f 3393 5978 6439
f 1054 1945 5978
f 6393 1945 1054
f 8364 7046 6712
f 6884 1945 6393
f 11357 6884 6393
f 7936 6742 2135
f 4835 7936 12771
f 4835 3122 7936
f 10531 2332 1343
f 12287 3393 10531
f 4309 7441 647
f 4309 6025 7441
f 1644 2009 3454
f 11759 9865 2009
f 6723 11046 2325
f 5906 7264 4842
f 7264 5085 5162
f 1341 8364 11130
f 2682 12705 6025
f 12705 11357 6025
f 2682 11130 12705
f 2682 1341 11130
f 1341 10297 8364
f 9934 9783 10297
f 10707 4842 4430
f 10707 3454 4842
f 12628 2325 2009
f 4842 3454 5906
f 3302 6723 12628
f 3281 6177 11183
f 11183 3302 12628
f 2009 2325 3454
f 1644 3454 10707
f 4430 4842 9783
f 4430 9783 9934
f 9934 10297 4970
f 4970 10297 1341
f 10297 5162 8364
f 10297 9783 5162
f 9783 7264 5162
f 9783 4842 7264
f 3454 959 5906
f 3454 2325 959
f 3302 10923 6723
f 2325 12628 6723
f 4944 3302 6177
f 827 7074 1086
f 1823 7074 827
f 6629 10571 1823
f 12101 10571 6629
f 12101 8096 10571
f 7769 5217 12101
f 3987 8269 5217
f 5592 11999 8269
f 7519 6147 6838
f 12754 6678 6838
f 8688 4071 11954
f 8688 11242 4071
f 1376 2474 11772
f 1376 10176 2474
f 1376 7038 10176
f 7038 11849 10176
f 7038 4933 11849
f 4933 5226 12484
f 5226 2583 8841
f 8841 2583 11080
f 2271 12483 11080
f 2271 6186 12483
f 5591 4313 6186
f 8281 10886 5452
f 5555 2539 2432
f 8263 891 3675
f 10103 4881 891
f 5652 891 4881
f 5652 4881 12661
f 10007 5652 12661
f 8173 8263 9012
f 12182 8173 9012
f 3651 2579 6777
f 3651 6777 10886
f 238 3651 8281
f 4313 238 8281
f 238 4313 5591
f 4011 2271 2583
f 4011 2583 3851
f 6350 3851 8077
f 3586 4334 8059
f 5734 835 2140
f 2937 9958 6147
f 3533 6969 5592
f 12534 11743 8605
f 12803 12534 8605
f 4625 3987 7883
f 9214 2239 3533
f 9214 2937 2239
f 7468 9447 2937
f 1537 9447 7468
f 1537 7261 8230
f 4756 835 8230
f 4756 738 835
f 4725 4011 3851
f 10617 4500 4011
f 12668 7583 1614
f 5752 4059 9366
f 4059 10459 4448
f 10459 3181 4448
f 3181 4698 4448
f 3181 2238 4698
f 9968 788 2238
f 788 5099 8533
f 8533 5099 3451
f 788 8533 1795
f 8173 788 1795
f 11435 12182 2539
f 4713 9366 3651
f 3651 9366 2579
f 4059 2539 2579
f 4059 4448 11435
f 4059 11435 2539
f 11435 4698 12182
f 4698 8173 12182
f 4698 2238 8173
f 1795 10103 8263
f 2238 788 8173
f 8533 10103 1795
f 8533 267 10103
f 11085 594 5099
f 6007 9968 3181
f 10045 6007 3181
f 10045 10459 7538
f 7538 10459 5752
f 10198 12668 12222
f 5117 12222 12668
f 6570 6155 2737
f 6570 11198 6155
f 75 6527 1333
f 2760 75 9043
f 2760 6527 75
f 10973 9043 5753
f 10973 2760 9043
f 3808 5753 5871
f 3808 5871 10538
f 10538 5871 9563
f 8588 10671 6335
f 441 4296 8031
f 11127 4296 441
f 7729 4296 11127
f 2317 8588 7729
f 2317 10538 8588
f 1671 10538 2317
f 1671 12777 3808
f 11001 6527 2760
f 8071 2737 6155
f 678 4584 8071
f 2939 11129 4584
f 11679 1685 5117
f 7687 3598 12222
f 9845 7538 7400
f 9845 10045 7538
f 9845 1970 10045
f 4132 11780 1683
f 5177 9317 253
f 8622 4522 5177
f 11589 9086 4431
f 503 3132 7595
f 8934 10955 3422
f 4790 8934 1235
f 4790 1235 9921
f 9186 1494 9187
f 7234 768 9186
f 3571 3972 9915
f 11685 9915 8321
f 10375 3571 11685
f 8338 9921 1494
f 9921 5397 4790
f 4790 9907 8934
f 9907 8981 10955
f 4509 12175 3132
f 12175 1295 3012
f 1295 9939 3012
f 4754 11589 9165
f 4538 9086 11589
f 8017 7230 5340
f 10524 9317 5177
f 2080 769 11593
f 11483 3869 9317
f 6320 7515 9317
f 7727 4538 11589
f 7727 11589 4754
f 11286 4754 1295
f 5851 1295 12175
f 5851 12175 4509
f 5801 5851 4509
f 8939 5801 4509
f 8939 9907 9776
f 8939 8981 9907
f 10440 9776 5397
f 7934 9112 9868
f 7934 12342 9112
f 3347 5 2854
f 5 3347 4148
f 10008 5 4148
f 11682 3972 11001
f 3972 699 11001
f 6703 8599 7850
f 6703 9186 8599
f 9186 9431 8599
f 9186 9187 9431
f 9187 678 9431
f 9981 3422 8764
f 3012 9939 3598
f 9939 10565 3598
f 9939 9165 10565
f 4431 10565 9165
f 4431 2428 10565
f 4431 7400 2428
f 5340 1970 9845
f 5340 8622 1970
f 8622 253 4132
f 8622 4132 1970
f 4431 9086 7400
f 10565 2099 3598
f 7595 3012 3598
f 503 7687 1685
f 503 7595 7687
f 503 1685 8764
f 10955 503 3422
f 8764 1685 11679
f 3422 503 8764
f 9981 8764 2939
f 1235 3422 9981
f 1235 9981 4584
f 9921 1235 4584
f 9921 4584 678
f 9187 9921 678
f 9431 678 8071
f 11001 7850 6527
f 944 2317 12306
f 4296 6199 8188
f 7907 6199 4296
f 9563 16 10671
f 9563 11022 16
f 11022 5871 2493
f 5753 2493 5871
f 5753 4452 2493
f 9043 7615 4452
f 9043 75 7615
f 1777 1769 1525
f 1769 230 1525
f 2153 230 1769
f 1027 5117 2399
f 5117 12668 2399
f 1027 2399 10617
f 2153 1027 10617
f 985 1027 2153
f 2153 10617 4725
f 1769 985 2153
f 2153 4725 230
f 1525 9829 6570
f 75 11068 7615
f 75 11198 11068
f 4452 7615 603
f 11022 241 5636
f 16 5636 7468
f 16 7468 6391
f 8188 6199 9214
f 8188 9214 2336
f 6533 10707 4252
f 3058 8988 3616
f 5988 12287 10531
f 5988 10531 1343
f 4835 12771 9159
f 9159 6548 11754
f 9159 12771 6548
f 3783 4835 9159
f 1293 3783 9159
f 3783 1343 8940
f 6958 12350 12287
f 11140 4309 6958
f 12681 3616 3328
f 10744 3616 12681
f 10744 3058 3616
f 8076 4252 9706
f 4670 1548 11759
f 4670 11759 2144
f 2144 11759 5023
f 5023 1554 2352
f 1554 10707 6533
f 2352 1554 6533
f 2144 5023 2352
f 11759 1644 5023
f 12681 10970 4758
f 4758 10970 7939
f 4758 7939 11140
f 11140 6958 11644
f 11644 6958 8267
f 1293 757 12048
f 11186 12048 757
f 1331 757 11754
f 9159 757 1293
f 9159 11754 757
f 11141 12048 11186
f 4128 10830 11141
f 5001 9185 10753
f 9185 1293 10753
f 1268 9185 5001
f 1268 1279 9185
f 12189 11140 11644
f 7352 4758 8313
f 7352 12681 4758
f 3732 12681 7352
f 12181 7833 3830
f 2686 12032 12181
f 351 3830 12488
f 12229 3732 11938
f 6577 7352 8313
f 6577 8313 2489
f 2489 8313 12189
f 4128 11141 4265
f 7576 8641 5998
f 12164 7576 9082
f 12164 6183 7576
f 12164 4265 6183
f 7543 11938 6577
f 7543 12229 11938
f 547 10834 12210
f 547 9995 5697
f 7286 1324 9995
f 7286 7034 351
f 581 10450 7034
f 1063 7286 9995
f 1063 547 4984
f 12 12210 9770
f 9770 12210 8520
f 2015 9199 7543
f 2015 7543 1381
f 8637 1403 5504
f 10929 4265 12164
f 3142 9082 5192
f 3142 12164 9082
f 4973 1711 10929
f 7481 1711 4973
f 9353 5504 7481
f 8970 1129 5271
f 2015 1381 9705
f 6914 12 9770
f 4984 12 7842
f 19 1063 7479
f 12734 7286 19
f 8880 10192 12734
f 8880 4858 10192
f 4858 8880 1675
f 12887 12734 2237
f 1556 2237 7479
f 7454 7842 2395
f 2639 9665 7829
f 9665 9705 4486
f 7829 9665 4486
f 4486 8970 11510
f 11510 8970 1323
f 8125 1323 9353
f 659 8442 1520
f 10559 8442 659
f 10559 3445 8442
f 3445 8125 8442
f 4428 8125 3445
f 4406 8125 4428
f 11510 1323 4406
f 4727 4486 8497
f 4727 7829 4486
f 11782 6693 12907
f 12887 2237 10327
f 5580 4012 4150
f 975 188 4150
f 4284 975 12686
f 1713 10151 11448
f 12017 6238 3768
f 10086 7553 5204
f 7553 12650 5204
f 8528 9220 9866
f 9220 4887 7564
f 11659 7564 3213
f 4887 3213 7564
f 4367 5033 10051
f 4408 4367 7553
f 3338 6294 10974
f 4373 3997 3338
f 12017 9949 1021
f 10837 12686 3299
f 10151 3864 11448
f 3864 9583 11448
f 3864 9949 9583
f 9949 12017 9583
f 12017 1021 6238
f 711 6238 573
f 3338 11135 6294
f 4408 2822 4367
f 7553 4367 10051
f 10051 5033 4833
f 8528 4833 9220
f 12650 4833 8528
f 12650 10051 4833
f 7553 10051 12650
f 10086 4408 7553
f 10974 4408 9878
f 10974 6294 4408
f 9878 3338 10974
f 711 4373 9997
f 11386 711 9997
f 3338 9878 4373
f 4373 7439 3997
f 711 7439 4373
f 711 573 7439
f 3768 6238 711
f 12574 9583 12017
f 1713 3299 10151
f 10837 3299 1713
f 12559 4133 11618
f 6121 12559 7745
f 12271 12559 4191
f 5841 2150 11356
f 9666 11828 3240
f 9666 11356 11828
f 3240 12201 980
f 980 12201 6254
f 980 6254 10244
f 10244 12886 5396
f 10244 2771 12886
f 5396 12886 3621
f 8171 3621 3105
f 8171 3105 10785
f 10785 3105 10389
f 10785 10389 11996
f 1412 9892 2518
f 8508 2518 10114
f 8508 10114 6900
f 2655 8899 7851
f 7851 8899 1653
f 8425 1653 60
f 8425 60 6523
f 6523 9020 2576
f 12393 8773 11960
f 6310 2324 7186
f 8305 11004 6310
f 6487 2604 2801
f 6094 7299 7332
f 6094 499 7299
f 4752 10300 499
f 4752 12745 10300
f 1175 9396 495
f 10491 9396 1175
f 10491 1623 9396
f 3165 12535 1623
f 9876 6696 12371
f 12088 11700 11580
f 2306 11700 12088
f 2306 2636 11700
f 4621 2636 2306
f 7182 275 8121
f 8747 275 7182
f 6371 3269 7892
f 4628 3269 6371
f 3858 3877 1631
f 3858 7007 3877
f 5263 11523 4647
f 8133 8504 3104
f 8504 134 3104
f 8504 8506 134
f 8506 6104 134
f 10884 8509 10443
f 10443 8462 6398
f 8462 1654 6398
f 1654 10388 6398
f 1654 4364 10388
f 4199 10392 10113
f 10137 4199 10113
f 4364 10113 1204
f 8505 10113 4364
f 8505 10137 10113
f 1654 8505 4364
f 8510 8505 1654
f 8510 1654 8462
f 8509 8462 10443
f 10884 10443 10387
f 3104 134 3642
f 3104 3642 4587
f 9582 3104 4587
f 9582 4587 3638
f 9582 3638 6986
f 7199 7282 1958
f 7199 2503 7282
f 2503 6425 7282
f 2503 9936 6425
f 9936 10629 6425
f 9936 10756 10629
f 10756 8744 10025
f 8744 9761 10025
f 9761 8993 9414
f 8993 8742 2012
f 2012 5391 6580
f 5391 2448 6580
f 98 3094 4427
f 3094 797 4425
f 797 5108 4424
f 5108 9700 6019
f 6019 12366 6
f 6 12366 462
f 12366 2003 462
f 12366 7730 2003
f 7730 6775 2003
f 7730 2262 6775
f 2262 5726 6775
f 2262 3457 5726
f 4426 462 2003
f 6580 2448 10863
f 7810 2012 6580
f 9761 9414 2703
f 10756 10025 9623
f 10629 10756 9623
f 7282 6425 2405
f 5071 2405 12590
f 2405 5313 12590
f 1964 12280 12651
f 3900 12651 12280
f 3900 6327 12651
f 7810 7069 6327
f 7069 8296 6327
f 8034 467 8296
f 1040 1464 1801
f 7636 10308 10309
f 4426 1582 1464
f 64 3911 10310
f 4424 64 10310
f 4425 4424 10310
f 4425 10310 1827
f 4427 1827 8034
f 10863 8034 2034
f 6580 10863 2034
f 6580 2034 7069
f 7810 6580 7069
f 9623 10025 12280
f 4420 2405 5071
f 9623 12280 1964
f 12280 2703 3900
f 3900 7810 6327
f 9414 7810 3900
f 2034 8034 8296
f 8034 1827 467
f 3911 64 6019
f 3911 8347 1040
f 3911 6019 8347
f 6 8347 6019
f 4426 9935 1582
f 9935 7636 10309
f 1582 9935 10309
f 10309 10308 11745
f 11745 7255 7515
f 11745 7515 8666
f 2917 10402 8350
f 10402 1971 575
f 575 1971 11593
f 575 11593 7727
f 11286 575 7727
f 11522 8167 5851
f 11522 5851 5801
f 2617 5801 8939
f 9365 2617 9776
f 6833 9365 9776
f 12751 3390 12342
f 12751 12342 7934
f 8783 5715 6234
f 5715 12751 6234
f 5715 12590 12751
f 5172 6833 5435
f 5172 9930 6833
f 6327 8714 9930
f 8714 8296 12347
f 8296 12808 12347
f 2864 2917 12721
f 1801 1464 8647
f 1801 8647 12373
f 2916 7749 2917
f 2916 3911 7749
f 665 2916 2864
f 12721 2917 8350
f 5434 12808 11522
f 3686 12347 5434
f 10249 3686 9365
f 11522 12808 12319
f 467 2864 12319
f 12319 2864 12721
f 12319 12721 11522
f 8296 12319 12808
f 8296 467 12319
f 12347 12808 5434
f 8714 12347 3686
f 12651 6327 9930
f 9930 3686 10249
f 9930 8714 3686
f 9930 10249 6833
f 5172 12651 9930
f 5721 1964 5172
f 7277 4213 3153
f 7116 5 4800
f 7116 8783 5
f 5 8783 6234
f 351 12488 1324
f 236 8646 7007
f 2964 5811 275
f 275 5811 4305
f 4305 5823 2636
f 2636 5823 6909
f 11700 6909 4044
f 192 1696 6696
f 6696 1696 11827
f 11827 1696 12055
f 11827 12055 12535
f 12535 12055 2261
f 2261 1030 9396
f 9666 1030 2261
f 9195 1030 1072
f 6253 9195 1072
f 6253 1072 78
f 6817 6253 78
f 6817 78 469
f 6817 469 86
f 7299 4211 4480
f 2801 8508 11760
f 11004 8511 3884
f 11004 3884 2324
f 2324 11318 3472
f 2324 3884 11318
f 3472 2655 12393
f 12393 7851 8773
f 8773 7851 826
f 6510 6523 2576
f 9069 6523 6510
f 9069 8425 6523
f 4707 8425 9069
f 11760 8508 8511
f 11996 1412 12805
f 10785 11996 5748
f 4211 8171 4480
f 6526 8171 4211
f 2898 980 3384
f 3240 980 2898
f 9666 3240 2898
f 9666 2898 1030
f 1072 2898 3384
f 3384 5396 78
f 469 6526 86
f 86 6526 4211
f 2604 5748 11996
f 2604 11996 12805
f 11318 2655 3472
f 7762 6510 2576
f 893 9069 6510
f 826 4707 7190
f 826 8425 4707
f 8773 826 2269
f 12393 2655 7851
f 11760 8511 11004
f 2801 1412 8508
f 2801 12805 1412
f 2604 12805 2801
f 10251 5748 1486
f 4480 10785 5748
f 7332 5748 10251
f 7332 4480 5748
f 7299 4480 7332
f 10300 86 4211
f 10300 6817 86
f 78 5396 469
f 1072 3384 78
f 1030 2898 1072
f 4044 5624 10963
f 6909 9255 8507
f 5823 95 9255
f 5811 387 95
f 2964 387 5811
f 2964 2517 387
f 5327 2517 2964
f 5327 2411 2517
f 95 387 8287
f 2517 3689 12143
f 3437 2511 2411
f 5300 2511 3437
f 5300 3593 2511
f 12271 1735 8514
f 8646 7745 12271
f 8646 12271 8513
f 8513 12271 8514
f 1735 5300 3437
f 5643 3437 2411
f 3269 2411 5327
f 5811 95 4305
f 5823 9255 6909
f 6909 8507 4044
f 9255 3023 8507
f 8507 5624 4044
f 4044 10963 7484
f 7484 5843 1214
f 12055 9672 6323
f 9396 1030 9195
f 11707 1633 192
f 192 1214 1696
f 192 7484 1214
f 1633 7484 192
f 1633 4044 7484
f 11709 1633 11707
f 11709 4044 1633
f 11700 4044 11709
f 275 4305 8121
f 8121 2636 4621
f 11700 2636 6909
f 8121 4305 2636
f 4305 95 5823
f 8747 2964 275
f 8747 5327 2964
f 7892 5327 8747
f 7892 3269 5327
f 5643 2411 3269
f 1631 3437 5643
f 1631 3877 3437
f 3877 1735 3437
f 8514 1735 3877
f 3877 8513 8514
f 7007 8513 3877
f 8646 8513 7007
f 7277 8783 7116
f 7277 3153 8783
f 3153 5715 8783
f 4420 5071 12590
f 12590 5313 5436
f 5721 5172 5435
f 5313 5435 5436
f 5313 5721 5435
f 12751 12590 5436
f 6234 12751 7934
f 5436 3390 12751
f 5436 5435 3390
f 12342 3390 9112
f 5435 6833 3390
f 6833 10249 9365
f 9365 3686 2617
f 3686 5434 2617
f 5434 5801 2617
f 5434 11522 5801
f 8167 11522 12721
f 12721 11286 8167
f 12721 8350 11286
f 8350 575 11286
f 8350 10402 575
f 2917 7749 10402
f 10402 7749 1971
f 7749 1801 1971
f 1801 12373 1971
f 12373 8647 12346
f 8647 8666 12346
f 12346 8666 6320
f 8666 7515 6320
f 10309 11745 8666
f 1582 10309 8666
f 1582 8666 8647
f 1464 1582 8647
f 1040 8347 1464
f 1040 1801 7749
f 3911 1040 7749
f 10310 3911 2916
f 2916 2917 2864
f 1827 2916 665
f 1827 10310 2916
f 1827 665 467
f 665 2864 467
f 7069 2034 8296
f 6327 8296 8714
f 1964 12651 5172
f 9623 1964 5313
f 5313 1964 5721
f 10629 9623 5313
f 2405 10629 5313
f 4420 12590 5715
f 4213 5715 3153
f 4213 4420 5715
f 4057 4420 4213
f 828 4057 4213
f 828 4213 7277
f 1958 4420 4057
f 1958 7282 4420
f 7282 2405 4420
f 2405 6425 10629
f 10025 2703 12280
f 9414 3900 2703
f 9414 2012 7810
f 10863 4427 8034
f 4427 4425 1827
f 4427 3094 4425
f 4424 5108 64
f 5108 6019 64
f 6 1464 8347
f 6 462 1464
f 462 4426 1464
f 2003 9935 4426
f 2003 6775 9935
f 6775 7636 9935
f 6775 5726 7636
f 1629 2262 7730
f 9700 12366 6019
f 797 4424 4425
f 98 4427 10863
f 2448 5391 98
f 2448 98 10863
f 8742 5391 2012
f 8993 2012 9414
f 2504 10756 9936
f 10025 9761 2703
f 5838 3666 6986
f 3666 9582 6986
f 10884 10387 6097
f 8512 6097 1944
f 6104 8512 1944
f 6104 1944 134
f 8133 3104 9582
f 3666 8133 9582
f 9111 3858 1631
f 1631 5643 4628
f 4628 5643 3269
f 11594 8747 9433
f 11700 11709 11580
f 9876 192 6696
f 6696 11827 12371
f 12371 11827 12535
f 12371 12535 3165
f 1623 12535 2261
f 1623 2261 9396
f 3165 1623 10491
f 1175 495 4097
f 4097 12745 4752
f 9396 9195 495
f 495 9195 6253
f 12745 495 6253
f 495 12745 4097
f 12745 6253 6817
f 12745 6817 10300
f 499 10300 4211
f 499 4211 7299
f 4660 6094 7332
f 4660 7332 10251
f 1486 5748 2604
f 6487 2801 11877
f 11877 2801 11760
f 11760 11004 8305
f 6310 11004 2324
f 7186 2324 3472
f 12393 7186 3472
f 7186 12393 1290
f 1290 12393 11960
f 11960 8773 2269
f 2269 826 7190
f 2269 7190 1579
f 9069 7190 4707
f 7190 893 6280
f 893 7190 9069
f 6280 893 7189
f 893 6510 7189
f 7189 6510 7762
f 7189 7762 7184
f 7184 7762 9962
f 7184 9962 1834
f 1834 9962 7517
f 1653 10390 60
f 826 1653 8425
f 7851 1653 826
f 11318 9354 2655
f 11318 7404 9354
f 3884 7404 11318
f 8511 7404 3884
f 8511 6900 7404
f 8508 6900 8511
f 1412 2518 8508
f 11996 9892 1412
f 11996 10389 5894
f 4480 8171 10785
f 6526 3621 8171
f 469 3621 6526
f 5396 3621 469
f 5396 3384 10244
f 6254 2771 10244
f 3384 980 10244
f 12201 8965 6254
f 11828 12201 3240
f 2261 11356 9666
f 2261 5841 11356
f 12055 5841 2261
f 12055 6323 5841
f 6323 2150 5841
f 1696 9672 12055
f 1214 9672 1696
f 5843 9672 1214
f 7484 10963 5843
f 8507 12324 5624
f 8287 3184 1362
f 387 3184 8287
f 387 755 3184
f 776 9194 8755
f 9194 12324 8755
f 12324 9194 4655
f 1011 776 8755
f 1362 3184 1011
f 755 3764 3184
f 12143 755 387
f 2511 10096 3689
f 3593 10096 2511
f 4191 11618 10393
f 10096 12143 3689
f 8642 2129 10096
f 10393 11618 11412
f 10393 11412 3593
f 3593 11412 8642
f 3593 8642 10096
f 1362 1011 8755
f 8287 8755 3023
f 3023 8755 12324
f 12324 4655 7321
f 12324 7321 5624
f 3023 12324 8507
f 9255 8287 3023
f 95 8287 9255
f 8287 1362 8755
f 2517 12143 387
f 2411 3689 2517
f 2411 2511 3689
f 5300 10393 3593
f 1735 10393 5300
f 1735 4191 10393
f 1735 12271 4191
f 12559 11618 4191
f 7745 12559 12271
f 12559 9293 4133
f 12686 975 3299
f 3299 975 1078
f 188 5580 4150
f 1078 4804 6283
f 1078 4150 7408
f 975 4150 1078
f 3294 4140 11782
f 3294 11782 8606
f 8606 11782 6005
f 6005 11782 12907
f 6005 7829 3402
f 3402 7829 4727
f 10257 4428 4087
f 10257 4406 4428
f 4087 4428 3445
f 5060 1363 4370
f 10327 10825 7408
f 5580 1675 4012
f 4150 10327 7408
f 4150 4012 10327
f 4012 1675 12887
f 12887 1675 12734
f 4012 12887 10327
f 2237 10825 10327
f 10825 4566 7408
f 10825 1556 7454
f 4566 10825 7454
f 4566 7454 5060
f 5060 2395 1363
f 5060 7454 2395
f 1363 2395 5909
f 1363 5909 3294
f 3294 5909 4140
f 6005 12907 7829
f 8497 11510 4406
f 10559 4087 3445
f 10559 659 9231
f 8125 4973 8442
f 8125 7481 4973
f 8125 9353 7481
f 8970 5271 10594
f 4486 1129 8970
f 9665 2015 9705
f 2639 2015 9665
f 6693 9199 2639
f 7454 4984 7842
f 1556 4984 7454
f 7479 2237 19
f 12734 19 2237
f 5909 6914 10490
f 9770 6693 10490
f 9770 9199 6693
f 9199 2015 2639
f 1323 10594 9353
f 4406 1323 8125
f 1323 8970 10594
f 4486 11510 8497
f 9705 1129 4486
f 7829 12907 2639
f 6693 2639 12907
f 11782 10490 6693
f 4140 10490 11782
f 5909 10490 4140
f 5909 7842 6914
f 2395 7842 5909
f 10825 2237 1556
f 1675 8880 12734
f 12734 10192 7286
f 1556 7479 4984
f 7479 1063 4984
f 7842 12 6914
f 6914 9770 10490
f 10594 5271 5504
f 10594 5504 9353
f 7481 9392 11069
f 5504 9392 7481
f 5271 8637 5504
f 1403 9392 5504
f 5271 2489 8637
f 5527 2489 5271
f 1129 5527 5271
f 9705 5527 1129
f 9705 1381 5527
f 8520 12229 7543
f 8520 7543 9199
f 9770 8520 9199
f 12 547 12210
f 547 12 4984
f 1063 9995 547
f 19 7286 1063
f 7306 10192 4858
f 7306 7034 10192
f 7306 581 7034
f 10192 7034 7286
f 7034 3830 351
f 7286 351 1324
f 1324 6615 5697
f 12488 6615 1324
f 1324 5697 9995
f 547 5697 10834
f 10834 6339 12229
f 12210 10834 12229
f 12210 12229 8520
f 1381 7543 6577
f 1381 6577 5527
f 5527 6577 2489
f 1403 5864 12813
f 10323 5864 1403
f 2489 10323 8637
f 10323 1403 8637
f 1403 2072 9392
f 11069 2072 1268
f 9392 2072 11069
f 1268 5001 1711
f 11069 1268 1711
f 7481 11069 1711
f 1711 5001 4128
f 1711 4128 5027
f 1711 5027 10929
f 5027 4265 10929
f 6183 8641 7576
f 4265 11141 6183
f 4265 5027 4128
f 5001 10753 4128
f 1279 1268 2072
f 12813 8267 1279
f 5864 8267 12813
f 12813 1279 2072
f 1403 12813 2072
f 8313 4758 12189
f 10323 12189 5864
f 2489 12189 10323
f 3732 7352 11938
f 11938 7352 6577
f 6339 2673 3732
f 6339 3732 12229
f 10834 5697 6339
f 6615 2673 6339
f 5697 6615 6339
f 3830 7833 12488
f 12488 4666 6615
f 3830 12722 12181
f 12722 2686 12181
f 7034 12722 3830
f 10450 12722 7034
f 12722 11723 2686
f 12181 12032 7833
f 7833 12032 3760
f 7833 8076 4666
f 7833 3760 8076
f 7833 4666 12488
f 6615 4666 5140
f 6615 5140 2673
f 2673 5140 11971
f 2673 11971 3732
f 12189 4758 11140
f 12189 11644 5864
f 5864 11644 8267
f 1279 2634 9185
f 10753 10830 4128
f 10830 12048 11141
f 11186 6183 11141
f 10830 1293 12048
f 10753 1293 10830
f 1279 8267 2634
f 6958 12287 8267
f 11971 10744 12681
f 3732 11971 12681
f 9706 10744 11971
f 5140 9706 11971
f 5140 8076 9706
f 5140 4666 8076
f 3760 2352 6533
f 7170 1548 4670
f 11723 7170 2686
f 2686 7170 4670
f 2686 4670 2144
f 2686 2144 12032
f 2144 2352 12032
f 12032 2352 3760
f 3760 6533 8076
f 6533 4252 8076
f 9706 4252 3058
f 3058 10744 9706
f 12681 3328 10970
f 11140 7939 4309
f 4309 12350 6958
f 8267 12287 5988
f 8267 5988 2634
f 2634 5988 1343
f 2634 1343 9185
f 9185 1343 3783
f 9185 3783 1293
f 3783 8940 4835
f 1343 2332 8940
f 4309 647 12350
f 12350 647 12287
f 3328 2682 6025
f 3328 6025 7939
f 10970 3328 7939
f 3616 8988 2682
f 3058 4970 8988
f 4252 9934 4970
f 4252 4970 3058
f 4252 10707 4430
f 1644 1554 5023
f 1548 9865 11759
f 1548 12053 9865
f 4625 2336 3533
f 9214 3533 2336
f 8031 8188 2336
f 6199 2937 9214
f 6391 2937 6199
f 6391 7468 2937
f 7907 6391 6199
f 7468 5636 7261
f 5636 8230 7261
f 241 8230 5636
f 8230 241 4756
f 241 12708 4756
f 4756 12708 738
f 2493 12708 241
f 12708 603 738
f 603 895 738
f 4452 603 12708
f 7615 895 603
f 7615 4334 895
f 7615 3178 4334
f 7615 11068 3178
f 9829 2004 6570
f 11068 6570 3178
f 6570 2004 3178
f 9829 1525 6350
f 1525 230 6350
f 2737 1777 6570
f 6570 1777 1525
f 11198 6570 11068
f 1333 11198 75
f 4452 12708 2493
f 2493 241 11022
f 16 11022 5636
f 10671 6391 7907
f 10671 16 6391
f 7907 6335 10671
f 12543 1671 944
f 1671 5231 4943
f 11682 10973 4943
f 83 11682 4943
f 699 7850 11001
f 699 6703 7850
f 9915 3972 11682
f 83 9915 11682
f 9915 83 5231
f 9915 5231 8321
f 5231 83 4943
f 8321 5231 12543
f 5231 1671 12543
f 12543 944 12306
f 10008 4148 10375
f 4800 5 10008
f 6234 2854 5
f 6234 7934 2854
f 2854 7934 9868
f 9868 9112 768
f 9112 1494 768
f 9112 8338 1494
f 9112 3390 8338
f 8338 6833 10440
f 8338 3390 6833
f 6833 9776 10440
f 9776 9907 5397
f 2617 8939 9776
f 1295 5851 8167
f 1295 8167 11286
f 11286 7727 4754
f 7727 11593 4538
f 769 4538 11593
f 769 4522 7230
f 10524 5177 4522
f 2080 10524 769
f 2080 12346 10524
f 769 7230 4538
f 11593 1971 2080
f 12373 2080 1971
f 12373 12346 2080
f 12346 6320 10524
f 7515 11483 9317
f 7515 7255 11483
f 7255 6774 11483
f 10524 6320 9317
f 769 10524 4522
f 4538 8017 9086
f 4538 7230 8017
f 9939 4754 9165
f 4754 9939 1295
f 3132 12175 7595
f 4509 3132 8939
f 8981 3132 503
f 8981 8939 3132
f 8934 9907 10955
f 5397 9907 4790
f 10440 5397 9921
f 10440 9921 8338
f 2854 6921 3347
f 2854 9868 6921
f 3571 3347 3972
f 4148 3347 3571
f 10375 4148 3571
f 3571 9915 11685
f 6921 699 3972
f 3347 6921 3972
f 6921 6703 699
f 6921 7234 6703
f 6921 9868 7234
f 9868 768 7234
f 7234 9186 6703
f 768 1494 9186
f 9187 1494 9921
f 8934 3422 1235
f 8981 503 10955
f 12175 3012 7595
f 4431 9165 11589
f 9086 8017 7400
f 8017 9845 7400
f 8017 5340 9845
f 7230 8622 5340
f 7230 4522 8622
f 5177 253 8622
f 253 3869 2109
f 9317 3869 253
f 253 2109 11780
f 253 11780 4132
f 4132 1683 4623
f 4623 1683 11085
f 1683 594 11085
f 1970 4132 4623
f 1970 4623 6007
f 1970 6007 10045
f 2428 7400 7538
f 2428 7538 5752
f 2099 10735 10198
f 10565 2428 10735
f 2099 10565 10735
f 12222 2099 10198
f 7687 12222 5117
f 7595 3598 7687
f 12222 3598 2099
f 1685 7687 5117
f 2939 8764 11679
f 4584 9981 2939
f 8071 4584 11129
f 9431 8071 6155
f 8599 9431 6155
f 7850 8599 1333
f 6527 7850 1333
f 11682 2760 10973
f 11682 11001 2760
f 10973 5753 12777
f 4943 10973 12777
f 4943 12777 1671
f 10538 1671 3808
f 2317 944 1671
f 7729 8588 6335
f 8031 4296 8188
f 6335 7907 4296
f 7729 6335 4296
f 8588 9563 10671
f 10538 9563 8588
f 5871 11022 9563
f 3808 12777 5753
f 5753 9043 4452
f 1333 8599 11198
f 8599 6155 11198
f 2737 8071 1777
f 8071 11129 1777
f 11129 1769 1777
f 2939 985 11129
f 2939 11679 985
f 1769 11129 985
f 11679 5117 985
f 985 5117 1027
f 10198 7583 12668
f 10198 4713 7583
f 10198 10735 4713
f 10735 2428 5752
f 10459 10045 3181
f 6007 4623 9968
f 4623 11085 9968
f 9968 11085 5099
f 9968 5099 788
f 3181 9968 2238
f 4698 11435 4448
f 4059 2579 9366
f 5752 10459 4059
f 10735 5752 9366
f 10735 9366 4713
f 4713 3651 238
f 7583 4713 238
f 1614 238 10657
f 10657 238 5591
f 2399 12668 1614
f 1614 7583 238
f 2399 1614 10657
f 10617 2399 4500
f 2399 10657 4500
f 4011 4500 2271
f 4725 10617 4011
f 230 4725 9639
f 9639 4725 3851
f 230 9639 6350
f 895 4334 3586
f 895 3586 738
f 738 3586 1061
f 738 1061 835
f 8230 5734 1537
f 7261 1537 7468
f 9447 9958 2937
f 2937 6147 2239
f 2239 6147 6969
f 4625 5592 3987
f 3987 11743 7883
f 3483 11994 6629
f 11994 1122 6629
f 12803 1122 11994
f 12803 12101 1122
f 8605 12101 12803
f 12534 12263 11743
f 7883 11743 12263
f 3533 5592 4625
f 2239 6969 3533
f 6147 7519 6969
f 9447 6838 9958
f 9447 12754 6838
f 2140 12754 5734
f 5734 12754 9447
f 9447 1537 5734
f 8230 835 5734
f 835 11954 2140
f 1061 11954 835
f 1061 8688 11954
f 1061 3586 8688
f 3586 8059 11772
f 8059 1376 11772
f 8059 7155 1376
f 8077 5226 4933
f 3851 2583 5226
f 1174 8077 7038
f 4334 3178 8059
f 3178 7155 8059
f 7155 3178 2004
f 7155 1174 1376
f 1174 7038 1376
f 2004 1174 7155
f 2004 9829 1174
f 9829 8077 1174
f 9829 6350 8077
f 8077 4933 7038
f 6350 9639 3851
f 8077 3851 5226
f 2583 2271 11080
f 4500 10657 2271
f 6186 2271 5591
f 10657 5591 2271
f 8281 3651 10886
f 2579 2539 6777
f 5555 6777 2539
f 2539 12182 2432
f 12182 9012 2432
f 8173 1795 8263
f 4881 267 12661
f 4881 10103 267
f 891 8263 10103
f 3675 2515 1714
f 891 5652 2515
f 891 2515 3675
f 8263 3675 9012
f 10206 2432 1714
f 1714 2432 9012
f 9012 3675 1714
f 5555 2432 10206
f 6220 5555 7790
f 5555 10206 7790
f 6777 5555 6220
f 12424 10886 2632
f 12424 5452 10886
f 10886 6777 6220
f 4313 5452 8677
f 4313 8281 5452
f 4313 8677 6186
f 5226 8841 12484
f 3586 11772 11242
f 8688 3586 11242
f 11242 11772 449
f 11954 3605 12754
f 12754 2140 11954
f 9958 6838 6147
f 6838 12163 7519
f 6969 7519 11999
f 5592 6969 11999
f 8269 3987 5592
f 3987 5217 11743
f 11743 5217 7769
f 11743 7769 8605
f 12101 8605 7769
f 12101 6629 1122
f 10571 1593 1823
f 10571 8096 1593
f 3483 6629 1823
f 1823 827 3483
f 6177 3302 11183
f 3281 11183 12053
f 12053 11183 9865
f 9865 11183 12628
f 9865 12628 2009
f 11759 2009 1644
f 1554 1644 10707
f 4252 4430 9934
f 4970 1341 8988
f 8988 1341 2682
f 3616 2682 3328
f 7939 6025 4309
f 6025 11357 7441
f 9786 1054 3393
f 647 7441 9786
f 647 9786 12287
f 3393 12043 10531
f 12287 9786 3393
f 10531 12043 2332
f 2332 6039 3122
f 8940 2332 3122
f 8940 3122 4835
f 12771 12540 6548
f 6548 12540 3694
f 12771 7936 12540
f 3122 6742 7936
f 3122 6039 9969
f 12043 3082 6039
f 2332 12043 6039
f 3393 6439 12043
f 1054 5978 3393
f 12705 6884 11357
f 12705 2942 6884
f 11130 2942 12705
f 8364 2942 11130
f 8364 6712 2942
f 5288 7046 8364
f 5162 5085 5288
f 7264 4336 5085
f 959 1852 5906
f 959 2325 11046
f 6723 10923 11046
f 4906 12078 10923
f 10923 12078 5394
f 4944 7071 3302
f 4524 1086 3804
f 3804 11961 4524
f 7074 3804 1086
f 7074 10002 3804
f 6680 10002 7074
f 6680 8245 10002
f 65 8245 1593
f 1593 8245 6680
f 6680 7074 1823
f 1823 1593 6680
f 8096 65 1593
f 5217 2246 12101
f 5217 3203 2246
f 8269 3203 5217
f 11999 11639 8269
f 11168 966 11999
f 11168 12163 9057
f 7519 11168 11999
f 7519 12163 11168
f 12163 11768 9057
f 6678 8740 11768
f 3605 8740 6678
f 8740 3605 9663
f 12754 3605 6678
f 3605 12883 9663
f 9663 12883 2494
f 11954 4071 3605
f 12883 11242 2494
f 11242 8485 2494
f 449 2474 5586
f 11849 11274 611
f 449 8485 11242
f 449 5586 8485
f 11772 2474 449
f 2474 3100 5586
f 2474 10176 3100
f 10176 611 3100
f 10176 11849 611
f 11274 12484 4118
f 11849 4933 11274
f 611 11274 1300
f 7202 8485 5586
f 7202 5586 12546
f 2494 5710 3846
f 2494 3846 12377
f 8740 9663 10721
f 7214 12377 7402
f 7214 10721 12377
f 8740 10721 11768
f 11768 10721 9057
f 7214 10075 9057
f 11168 9057 4626
f 9057 11021 4626
f 4626 966 11168
f 4626 11021 966
f 11999 966 11639
f 11639 3203 8269
f 3203 9001 2246
f 9001 4281 8256
f 2246 8256 8096
f 8096 8256 65
f 6887 65 8256
f 5198 1774 3918
f 5198 10002 1774
f 3804 10002 11961
f 5198 39 11454
f 4524 11961 11525
f 12104 5526 8668
f 12104 511 5526
f 12104 11454 39
f 511 39 990
f 3918 990 39
f 3918 39 5198
f 3918 2209 4151
f 65 6887 2571
f 8256 4281 6887
f 9001 9914 4281
f 3203 5648 9001
f 10972 5648 3203
f 11021 5040 966
f 11021 3358 5040
f 11021 12452 3358
f 11663 12452 11021
f 9057 10075 11021
f 11663 10075 5106
f 7402 5106 10075
f 10075 7214 7402
f 7402 2372 5106
f 3846 2372 7402
f 3846 1952 2372
f 5710 1952 3846
f 5710 12873 1952
f 5710 12546 12873
f 5710 7202 12546
f 5586 10640 12546
f 5586 3100 10640
f 10640 3100 549
f 549 10000 10790
f 10000 1783 10790
f 3100 611 10000
f 1783 611 1300
f 1300 4118 5251
f 5251 4826 8804
f 4826 7156 8804
f 3119 7388 11302
f 4838 11302 7388
f 4838 7388 4784
f 3119 6927 7388
f 7388 6927 7119
f 9182 2632 7790
f 8801 9182 8097
f 8801 8097 7119
f 1576 12424 8801
f 1576 8801 6927
f 7631 3119 11302
f 7153 7631 11302
f 12479 7153 7156
f 8841 11080 12479
f 12483 7631 7153
f 6186 7631 12483
f 6186 8677 3119
f 8677 12424 1576
f 5452 12424 8677
f 12424 9182 8801
f 12424 2632 9182
f 10886 6220 2632
f 6220 7790 2632
f 7790 10206 4037
f 2288 1714 2515
f 5026 5652 6837
f 10007 5703 6837
f 4527 3375 2832
f 1979 2683 4925
f 2683 1979 1921
f 2683 1921 4375
f 10622 4375 1921
f 5265 10622 5658
f 2662 10622 5265
f 2662 5265 6192
f 6192 5265 4396
f 6192 4396 12606
f 8282 12606 4396
f 8097 12606 8282
f 8097 8282 2454
f 2454 8282 335
f 335 3260 9260
f 8473 335 9260
f 8473 9260 11625
f 8473 11625 2624
f 9585 2624 11625
f 5547 9585 2347
f 6297 9193 5547
f 2624 9585 5547
f 4784 335 8473
f 7119 8097 2454
f 7119 2454 335
f 4838 4784 8473
f 4838 8473 2624
f 11302 4838 3202
f 3202 4838 2624
f 9193 2624 5547
f 10968 9193 6297
f 8804 10968 6297
f 8804 6297 4991
f 6297 1391 4991
f 10598 12873 6319
f 2970 10790 11012
f 2970 549 10790
f 10790 1567 11012
f 10790 1783 1567
f 1783 12174 11870
f 12174 4991 11870
f 6297 5547 1391
f 1391 5547 10302
f 1391 10302 11870
f 1567 11870 7070
f 6319 3374 5510
f 2970 11012 3374
f 10598 6319 4254
f 6319 10476 3374
f 6319 5510 4254
f 10598 4254 4876
f 4876 4254 8138
f 9420 4876 5355
f 4876 8138 5355
f 5355 8138 8264
f 5355 8264 3118
f 3118 8264 8368
f 3118 946 5355
f 946 3118 12031
f 12031 3118 8368
f 1924 12031 8368
f 1924 11834 2798
f 5648 1924 12442
f 8729 12442 2224
f 2224 12728 6447
f 11031 8729 2224
f 2224 6447 6739
f 2224 6739 2307
f 2224 2307 11031
f 8093 11271 1862
f 709 1862 460
f 3961 8057 10917
f 5277 8057 3961
f 10530 5277 3961
f 5008 3575 1119
f 7071 1119 4906
f 7071 5008 1119
f 4906 1119 12078
f 10923 5975 11046
f 11046 5975 959
f 959 5975 1852
f 5906 1852 4336
f 1852 8483 4336
f 4336 4539 1848
f 5085 1848 5288
f 5288 1848 7046
f 7046 1848 8635
f 7046 8635 6712
f 6712 8635 9861
f 6712 10222 2942
f 6884 10222 3809
f 5978 1945 6337
f 6439 10298 3082
f 3082 12043 6439
f 3082 10298 10435
f 3082 10435 9969
f 9969 3819 2135
f 10348 11552 3819
f 2135 3819 1519
f 2135 1519 12540
f 12540 1519 1500
f 3016 11199 4882
f 11199 1860 3738
f 1519 3819 11552
f 3819 3720 10348
f 3819 9969 10435
f 10435 3720 3819
f 10435 1649 3720
f 10298 10685 1649
f 10298 1649 10435
f 12827 8607 10298
f 10298 8607 10685
f 5978 8607 12827
f 6396 12660 4539
f 1052 6394 6228
f 6394 4276 7407
f 6394 7407 6228
f 12078 4276 6394
f 5394 12078 6394
f 12078 888 4276
f 1119 3575 12078
f 3575 8370 888
f 11734 2021 9469
f 12836 11734 3575
f 3575 11734 8370
f 12660 1052 6170
f 12660 3561 4539
f 10180 3561 11572
f 3577 1060 11749
f 3577 11572 1060
f 1060 11572 12035
f 8322 11749 9406
f 8322 9861 11749
f 8322 9406 2121
f 6337 2121 997
f 6337 997 8607
f 8607 3730 10685
f 8607 997 3730
f 10685 5590 1649
f 10348 3720 4497
f 10348 4497 8870
f 10348 8870 2218
f 10348 2218 11552
f 11552 2218 4632
f 1860 9440 3738
f 1860 4632 9440
f 8870 302 2218
f 3720 1649 4497
f 1649 7768 4497
f 1649 5590 7768
f 5590 3730 8139
f 3730 12076 4271
f 997 1252 12076
f 1252 3648 12076
f 3185 6181 5185
f 6181 12035 1729
f 12035 8392 1729
f 12035 4256 8392
f 3784 4256 12035
f 8333 5417 4256
f 11572 3561 8333
f 4862 5417 8333
f 4066 3561 6170
f 7407 396 6228
f 6046 5329 3669
f 11734 9469 8370
f 6046 9469 5329
f 9469 7358 5329
f 2021 7358 9469
f 2021 10965 7358
f 3147 7288 12193
f 3147 10530 7288
f 5783 9235 6643
f 9235 47 1491
f 8220 11243 47
f 8712 11243 8220
f 7984 12254 8712
f 7984 10951 12254
f 6739 7548 10951
f 6739 12079 7548
f 6447 12079 6739
f 12728 12079 6447
f 12728 3763 12079
f 12728 9922 3763
f 11445 6207 3033
f 1826 3033 6207
f 1826 8897 3033
f 6513 8897 1826
f 11989 1104 540
f 12556 1104 11989
f 12556 4183 1104
f 4183 2597 11632
f 11205 12332 231
f 6592 8879 5516
f 6592 11205 8879
f 2597 5516 6166
f 2597 6592 5516
f 11632 2597 6166
f 4183 5510 2597
f 540 8160 6513
f 6513 8208 540
f 10951 7548 12409
f 9235 6009 47
f 5783 6643 7288
f 10530 3961 7288
f 5783 6009 9235
f 4470 5783 3961
f 6009 3719 47
f 8220 47 3719
f 8220 460 8712
f 11271 7984 12430
f 11986 7984 11271
f 11986 2307 7984
f 2307 10951 7984
f 2307 6739 10951
f 2798 11445 9922
f 12442 2798 12728
f 6207 11445 2798
f 11834 6207 2798
f 8208 6513 1826
f 8368 8264 11834
f 8208 11989 540
f 8208 8264 11989
f 8138 11989 8264
f 8138 12556 11989
f 12556 5510 4183
f 4254 12556 8138
f 5510 3374 2597
f 2597 11012 6592
f 2597 3374 11012
f 11205 11012 1567
f 1567 12332 11205
f 10302 2347 1988
f 11625 9260 110
f 3260 251 9260
f 5638 9260 251
f 3260 12891 251
f 12891 10458 251
f 3260 335 8282
f 8282 4396 10458
f 4396 5265 5658
f 5658 2169 11121
f 10622 1921 5658
f 1979 11652 2107
f 2107 1921 1979
f 11652 3382 7403
f 1979 4925 11652
f 4925 3382 11652
f 4925 494 3382
f 494 4875 3382
f 3382 4875 10276
f 7403 3382 10276
f 2169 10329 2184
f 8433 2184 7665
f 8433 2169 2184
f 8433 7665 298
f 8440 8433 298
f 7500 110 12109
f 1988 12399 49
f 12332 49 3218
f 11205 231 8879
f 5516 8879 11732
f 2498 11632 7510
f 2498 4183 11632
f 1104 4183 2498
f 540 1104 8160
f 8897 8160 7079
f 8897 6513 8160
f 8897 7079 3033
f 6314 333 7079
f 3033 333 11445
f 3033 7079 333
f 11445 7916 9922
f 11445 333 7916
f 8086 2404 7916
f 10951 12409 12254
f 12409 12045 12254
f 12045 3215 12254
f 3681 10821 12411
f 1491 11243 10821
f 1491 47 11243
f 10821 8886 1491
f 3681 3210 8886
f 8886 3210 8786
f 1491 8886 9235
f 7288 6643 12193
f 12193 2277 11440
f 12193 6643 2277
f 3147 12193 11440
f 12348 8964 11440
f 6431 3956 6826
f 3956 12462 6826
f 12462 9529 278
f 861 278 9529
f 12819 346 7336
f 11484 4971 12819
f 11484 6205 4971
f 9961 9124 3180
f 9961 1534 9124
f 8673 1534 9961
f 8673 9913 1534
f 4053 9913 8673
f 2433 11907 6942
f 2433 9062 11907
f 10703 9062 2433
f 10703 4117 12288
f 12288 5419 2272
f 1595 2272 5419
f 12288 9062 10703
f 11907 4053 6942
f 9913 10681 1534
f 1534 10681 1018
f 1534 1018 9124
f 7336 861 9529
f 7336 346 861
f 861 4510 278
f 7336 9529 12462
f 2277 3956 6431
f 2277 3966 3956
f 9793 12462 3956
f 9793 7336 12462
f 3966 8786 9793
f 7336 3210 12819
f 4168 12819 3210
f 4168 11484 12819
f 12411 4168 3681
f 8591 11484 4168
f 8591 6205 11484
f 12723 6205 8591
f 12723 11675 6205
f 12723 12411 3215
f 595 11675 12723
f 595 9124 11675
f 3215 12045 12723
f 3180 9124 595
f 12409 3180 12045
f 11521 3180 12409
f 2715 8673 11521
f 2715 2716 8673
f 329 4053 8673
f 329 6942 4053
f 8593 6942 329
f 2433 6942 8593
f 7916 2404 10638
f 2433 2404 10703
f 4117 10703 2404
f 333 6314 8086
f 4117 5419 12288
f 234 4117 6314
f 2498 1595 5419
f 7510 11632 6166
f 5433 6166 11516
f 11516 11732 4054
f 9959 5245 8404
f 522 3218 5245
f 231 522 5245
f 12399 4234 4122
f 12399 12711 4234
f 4234 523 2791
f 523 12711 2852
f 523 4234 12711
f 2852 1581 523
f 4938 558 6174
f 11382 7500 12109
f 810 12349 4938
f 810 2791 12349
f 2791 4122 4234
f 11732 9959 4054
f 1595 7510 5433
f 3891 5433 11516
f 1595 3891 2272
f 2272 3891 1782
f 3891 11516 5253
f 9959 4675 4054
f 4675 3001 7952
f 9959 8404 4675
f 8404 11616 3001
f 4122 10421 11616
f 3001 11616 10421
f 10421 2791 810
f 4938 8455 810
f 6174 558 8751
f 8845 431 8751
f 431 9122 2158
f 11906 431 2158
f 8751 11906 1602
f 6174 1602 8455
f 8455 1602 11327
f 8455 11327 9313
f 810 8455 9313
f 810 9313 350
f 1626 350 1812
f 1757 1626 1812
f 11401 1757 368
f 810 350 1626
f 10421 810 1626
f 10421 1626 3001
f 11401 3001 1757
f 3001 11401 7952
f 3232 4675 7952
f 11488 4675 3232
f 7958 5253 11488
f 6925 1782 5253
f 2272 9379 12288
f 10439 9379 11797
f 11797 7666 10439
f 11907 9062 5799
f 10439 5799 9379
f 11907 4245 4053
f 11907 5799 4245
f 10439 1785 3399
f 4245 9913 4053
f 11675 9124 2059
f 11675 2059 6205
f 6205 2059 11582
f 11582 4971 6205
f 12819 3231 346
f 12819 4971 3231
f 861 9794 625
f 625 4510 861
f 12749 8767 12111
f 6559 12111 8767
f 6559 8767 4510
f 10126 6535 12570
f 11399 6535 10126
f 187 625 9794
f 9794 3231 187
f 3231 11582 187
f 5184 6816 4231
f 10681 5184 1018
f 1785 5827 3399
f 7666 7844 1785
f 1785 10439 7666
f 8583 10741 7666
f 8583 11733 8213
f 6925 8213 11733
f 413 18 6925
f 413 3360 18
f 413 7958 3360
f 1609 7958 11488
f 1609 11488 3232
f 1609 3232 10228
f 10228 3232 7952
f 7952 11401 368
f 10228 7952 8639
f 6241 1609 10228
f 6241 10228 9336
f 9336 10228 8639
f 9336 8639 8893
f 8639 368 5728
f 368 218 1320
f 368 1757 218
f 218 1812 1144
f 9313 11327 4102
f 4102 7063 12110
f 8087 2300 760
f 8087 4102 2300
f 350 9313 8087
f 350 8087 1144
f 1144 8087 1791
f 218 1791 6204
f 218 6204 1368
f 1320 1368 6232
f 4972 9336 8893
f 6421 9336 4972
f 1533 6421 4972
f 10196 6101 10741
f 10741 6101 6614
f 6101 6259 6614
f 7580 6421 1533
f 6421 3360 6241
f 6925 18 8213
f 8213 10741 8583
f 10196 10741 8213
f 7666 10741 7844
f 1785 7844 5827
f 10741 6614 7844
f 5827 7844 3456
f 3456 3515 5827
f 9908 6259 12056
f 9908 4823 6627
f 9908 12056 4823
f 6304 6434 5121
f 5121 6627 12136
f 6304 5121 5488
f 11399 12136 6653
f 11399 6653 6535
f 12570 11201 4372
f 12570 6535 11201
f 10126 12570 3110
f 6559 12570 4372
f 6559 3110 12570
f 4372 12111 6559
f 12111 5107 12838
f 12838 10480 12111
f 690 12749 10480
f 7511 2654 3446
f 3446 159 7511
f 12749 3446 1712
f 2654 1712 3446
f 853 12731 9005
f 9966 9005 2654
f 9005 12731 2654
f 12731 1526 2654
f 12731 7855 1526
f 7855 278 4510
f 12731 853 6826
f 278 4900 12462
f 853 11440 6431
f 853 12348 11440
f 11060 853 9005
f 7358 8336 5329
f 5329 8336 8051
f 5329 4328 3669
f 5329 8051 4328
f 2764 4328 10227
f 12081 10227 8056
f 12328 5616 6024
f 12328 9485 5417
f 9485 4039 5417
f 9485 12724 8443
f 8443 12600 8251
f 8251 12600 17
f 8251 17 1616
f 8392 8251 1616
f 5165 3648 5185
f 5165 5364 1181
f 3648 5165 1181
f 12327 3648 1181
f 12327 5200 4271
f 8139 5200 11564
f 5200 9599 11564
f 11887 3400 6800
f 11887 11722 3400
f 6800 10672 11887
f 11722 9179 7239
f 9599 8833 9179
f 11564 9599 11722
f 5256 8833 9599
f 9599 5200 5256
f 1181 2618 12327
f 5364 7758 11402
f 7369 1288 11402
f 7758 1616 7369
f 17 7369 1616
f 12600 12517 17
f 9485 12027 12724
f 6024 848 12027
f 8056 8592 5616
f 2938 8592 8056
f 2938 337 8592
f 2938 598 8224
f 598 2214 8224
f 9080 2214 8336
f 9080 11389 2214
f 9324 991 11389
f 9324 11389 9080
f 10700 1321 337
f 848 12605 7389
f 848 10260 12605
f 3831 10260 5309
f 337 3831 5309
f 337 9957 3831
f 337 5309 8592
f 5309 10260 8592
f 8592 10260 848
f 5616 8592 848
f 5616 848 6024
f 12027 10104 12360
f 12724 12517 12600
f 12360 12517 12724
f 17 12517 7845
f 17 7845 7369
f 7369 7845 8197
f 7369 8197 1288
f 8197 12726 1288
f 1288 5364 11402
f 5364 3821 2618
f 5256 2618 3913
f 5256 3913 8833
f 8833 3909 9179
f 7239 856 3400
f 3400 856 4819
f 4819 10797 24
f 24 10797 1185
f 8199 2240 2855
f 8199 2855 1255
f 11082 8297 5166
f 9571 4442 3916
f 6203 9708 6405
f 9708 11371 6405
f 7012 7099 1159
f 4902 2221 2957
f 6666 7458 2221
f 11367 7458 6666
f 11181 5869 9163
f 12683 11181 9163
f 12897 7102 12683
f 281 7102 12897
f 2753 10278 8358
f 693 9877 2753
f 4880 9877 693
f 4880 2544 9877
f 8010 2544 520
f 8009 8010 520
f 9685 8009 520
f 4110 281 12897
f 4110 12897 3420
f 11225 4110 3420
f 899 4110 11225
f 92 4110 899
f 11919 8235 6303
f 8235 4880 6303
f 9685 8235 22
f 1903 11919 6303
f 899 11225 10238
f 10238 11225 9377
f 12572 899 10238
f 1928 92 899
f 1928 12439 92
f 568 7863 12439
f 1903 568 3143
f 1598 1903 12692
f 1598 5508 1903
f 8102 12572 1015
f 1015 10238 4969
f 10238 3465 4969
f 8679 5294 8103
f 12336 3465 5294
f 3365 6762 3465
f 8102 1015 6427
f 12545 8102 6427
f 10786 2327 6083
f 3192 358 12374
f 7401 1453 3192
f 3290 8209 5489
f 5489 8923 5466
f 12748 5466 8923
f 12748 22 5508
f 12748 8923 22
f 12748 5508 1598
f 12748 1044 5466
f 1044 12748 358
f 358 12748 1598
f 5489 5466 1044
f 8923 8209 7800
f 3290 3424 8209
f 10718 3424 11015
f 4262 9720 10718
f 10718 9720 4040
f 229 10908 7800
f 9685 7800 10908
f 10908 229 510
f 510 11823 1504
f 2687 1504 9720
f 1932 8716 2687
f 1504 2687 8716
f 1504 8716 1455
f 1504 1455 3833
f 6556 8009 10908
f 6556 1277 8009
f 3833 1277 6556
f 1277 3833 3258
f 1455 3258 3833
f 3833 6556 510
f 8716 3000 1455
f 3336 4734 8716
f 3336 8716 1932
f 839 11941 4306
f 839 10307 11941
f 817 10307 839
f 817 10433 10307
f 2053 3970 394
f 2053 6702 3970
f 2053 394 3251
f 394 4885 3251
f 4885 8214 3251
f 8214 96 3820
f 8214 4885 96
f 3820 96 3427
f 8560 845 10910
f 12605 11605 5308
f 9405 3423 10078
f 9405 10078 2943
f 10182 4857 5984
f 2385 3019 10697
f 5732 5115 3477
f 5732 3477 11223
f 2997 11223 8069
f 8980 11223 8787
f 11223 2997 8787
f 8980 5732 11223
f 12129 2435 9923
f 8467 5166 12129
f 3939 8570 8467
f 6905 11082 8570
f 6905 1200 11082
f 2376 3682 8405
f 2376 7383 3682
f 1200 3682 12503
f 3298 8152 6991
f 9100 4442 9571
f 6203 6405 4554
f 5492 7099 7012
f 11457 7099 5492
f 1684 11367 9041
f 1684 8842 11367
f 12690 8842 1684
f 12690 6801 8842
f 6198 3139 5183
f 9163 3139 6198
f 488 9050 9377
f 9050 9520 7709
f 7709 9520 7959
f 9520 6190 7959
f 2761 7959 6190
f 7959 2761 8103
f 8103 2761 3827
f 8165 8679 8103
f 12391 3365 12336
f 3418 8361 7316
f 8361 6762 7316
f 9796 4617 11036
f 5642 4617 6647
f 4781 5642 2220
f 5041 12857 3556
f 5041 12311 12857
f 851 2220 10793
f 3367 459 7360
f 11605 3418 7316
f 5308 7316 730
f 7688 730 10078
f 10078 730 12391
f 2943 10078 11662
f 2943 11662 10182
f 10182 11662 11114
f 4857 10752 1586
f 4857 1586 11910
f 12341 3939 10290
f 8863 10290 9923
f 8863 12341 10290
f 3019 8863 9923
f 8069 5388 7427
f 9923 3476 8848
f 8848 3476 8069
f 8069 3477 8848
f 3477 8069 11223
f 3019 9923 3477
f 9923 8848 3477
f 10290 8467 12129
f 9923 10290 12129
f 10290 3939 8467
f 11910 8570 3939
f 8954 4224 11114
f 11114 12391 11606
f 11606 5284 8954
f 4224 8954 2376
f 1586 4224 8405
f 4224 2376 8405
f 8954 5284 2376
f 8954 11114 11606
f 11606 8165 5284
f 11606 8679 8165
f 12336 8679 11606
f 12336 11606 12391
f 730 7316 3365
f 3365 12391 730
f 12391 11662 10078
f 1586 8570 11910
f 11910 3939 12341
f 5984 4857 11910
f 10752 4224 1586
f 10182 10752 4857
f 10752 11114 4224
f 10182 11114 10752
f 11662 12391 11114
f 5308 730 7688
f 11605 7316 5308
f 7360 8361 3418
f 7360 3418 11605
f 12140 6953 3367
f 12140 569 6953
f 10485 10793 5370
f 10717 1453 7401
f 10485 11358 10793
f 569 6647 6953
f 459 8361 7360
f 3367 6953 459
f 6953 3796 459
f 6647 9796 6953
f 6647 569 2220
f 10793 2220 569
f 3556 10793 11358
f 3556 851 10793
f 6265 3556 11358
f 6265 5041 3556
f 10717 7401 12311
f 12311 3192 12857
f 12311 7401 3192
f 3192 12374 12857
f 5642 8868 4617
f 5642 6083 8868
f 11036 4617 12545
f 6427 3796 11036
f 4617 8868 12545
f 12857 12374 4781
f 12857 4781 3556
f 4781 851 3556
f 4781 2220 851
f 4781 10786 5642
f 4781 12374 10786
f 5642 10786 6083
f 2220 5642 6647
f 6647 4617 9796
f 6953 9796 11036
f 6953 11036 3796
f 459 3796 8361
f 8165 8103 5284
f 12794 8726 12503
f 6187 9100 8152
f 9100 5492 4442
f 5492 4554 4442
f 4442 4554 12310
f 2190 41 6187
f 3032 11299 9283
f 11299 1684 9041
f 4025 12690 1684
f 9520 5183 3126
f 9050 6198 9520
f 9520 3126 6190
f 6190 3126 12690
f 6190 12690 4025
f 4025 1684 11299
f 4025 11299 7383
f 11299 9041 9283
f 3032 9283 12794
f 9283 2190 12794
f 8726 12794 2190
f 8726 2190 8152
f 2190 6187 8152
f 9283 41 2190
f 9283 4902 41
f 41 11457 6187
f 6187 5492 9100
f 8726 8152 3298
f 12503 3032 12794
f 3032 12503 3682
f 3682 11299 3032
f 7383 11299 3682
f 3827 4025 7383
f 2761 4025 3827
f 2761 6190 4025
f 10238 9377 3465
f 3465 9377 5294
f 9050 7709 9377
f 488 6198 9050
f 3420 9163 488
f 488 9163 6198
f 6198 5183 9520
f 5183 12567 3126
f 3126 12567 6801
f 3126 6801 12690
f 9041 11367 6666
f 9041 6666 7174
f 6666 4902 7174
f 9283 9041 7174
f 7174 4902 9283
f 41 4902 11457
f 11457 2957 7099
f 11457 5492 6187
f 7012 9708 6203
f 5492 7012 4554
f 7012 6203 4554
f 6405 12310 4554
f 8152 9100 9571
f 6991 8152 9571
f 11082 12503 8726
f 11082 8726 8297
f 1200 12503 11082
f 3827 7383 2376
f 5284 3827 2376
f 5284 8103 3827
f 8405 3682 1200
f 8405 1200 6905
f 8405 6905 1586
f 8570 1586 6905
f 8570 11082 8467
f 8467 11082 5166
f 12129 5166 2435
f 9923 2435 3476
f 3476 2447 2212
f 3476 2212 8069
f 2212 8199 5388
f 8069 2212 5388
f 7427 2997 8069
f 10697 3019 5115
f 5115 3019 3477
f 2385 8863 3019
f 2385 7659 8863
f 7659 12341 8863
f 5984 12341 7659
f 5984 11910 12341
f 1608 5984 7659
f 1608 10182 5984
f 12036 10182 1608
f 12036 10556 10182
f 10556 2943 10182
f 6853 2943 10556
f 9405 2943 6853
f 3423 7688 10078
f 3423 12605 5308
f 3423 5308 7688
f 530 11605 12605
f 530 7360 11605
f 3367 7360 530
f 4383 5370 9337
f 142 10485 4383
f 10910 12140 9957
f 845 569 12140
f 10910 845 12140
f 9337 845 8560
f 845 10793 569
f 5370 10793 845
f 9337 5370 845
f 10485 5370 4383
f 142 11358 10485
f 142 6265 11358
f 3728 6265 142
f 3828 3336 1932
f 3828 1932 5868
f 5868 1932 2687
f 1504 3833 510
f 9720 1504 11823
f 11823 510 229
f 10908 510 6556
f 229 7800 8209
f 11823 229 8209
f 4040 11823 3424
f 9720 11823 4040
f 2687 9720 4262
f 5868 2687 4262
f 10718 4040 3424
f 3424 11823 8209
f 3290 11015 3424
f 7800 22 8923
f 5489 7970 3290
f 8923 5489 8209
f 10782 3290 7970
f 3290 10782 11015
f 7970 5489 1453
f 1453 5489 1044
f 1044 358 3192
f 1453 1044 3192
f 358 1598 2327
f 12374 2327 10786
f 12374 358 2327
f 2327 12584 6083
f 2327 12692 12584
f 6083 12584 8868
f 8868 12584 12439
f 8868 12439 12545
f 12545 12439 8102
f 6427 11036 12545
f 3796 6427 1015
f 3796 1015 8361
f 8361 1015 4969
f 8361 4969 6762
f 6762 3365 7316
f 3365 3465 12336
f 5294 8679 12336
f 8103 7709 7959
f 5294 7709 8103
f 5294 9377 7709
f 6762 4969 3465
f 8102 1928 12572
f 12439 1928 8102
f 12584 568 12439
f 12584 3143 568
f 12692 3143 12584
f 2327 1598 12692
f 1903 3143 12692
f 5508 22 1903
f 12439 7863 92
f 1928 899 12572
f 12572 10238 1015
f 9377 3420 488
f 11225 3420 9377
f 6303 7863 568
f 1903 6303 568
f 22 11919 1903
f 9685 22 7800
f 22 8235 11919
f 4880 693 7863
f 4880 7863 6303
f 7863 693 11038
f 92 11038 8358
f 92 7863 11038
f 92 8358 4110
f 4110 8358 281
f 2753 8358 11038
f 693 2753 11038
f 520 4880 8235
f 520 8235 9685
f 10908 8009 9685
f 2544 11815 9877
f 520 2544 4880
f 9877 9123 2753
f 9877 11815 9123
f 2753 9123 10278
f 10278 281 8358
f 10278 5368 281
f 281 5368 7102
f 7102 3649 12683
f 12897 12683 3420
f 3420 12683 9163
f 9163 5869 3139
f 3139 7100 2956
f 5183 3139 2956
f 2956 10634 5183
f 10634 2560 12567
f 12567 5183 10634
f 12567 2560 6801
f 8842 3327 11367
f 3327 7458 11367
f 2221 7458 7904
f 2221 7904 5925
f 2221 5925 2957
f 4902 6666 2221
f 4902 2957 11457
f 7099 9027 1159
f 7012 1159 9708
f 4463 9571 3916
f 6991 9571 4463
f 2240 2447 6991
f 8297 6991 2447
f 8297 3298 6991
f 8297 8726 3298
f 5166 8297 2435
f 2435 8297 2447
f 2435 2447 3476
f 2447 2240 2212
f 8199 2212 2240
f 856 8980 8787
f 7239 8980 856
f 5115 5732 8980
f 10697 3909 8833
f 8833 2385 10697
f 8260 2385 8833
f 609 7659 8260
f 8197 10556 12036
f 12726 12036 1608
f 8197 7845 10556
f 12360 10104 6853
f 10104 9405 6853
f 3423 10104 7389
f 7389 12605 3423
f 10260 530 12605
f 3831 9957 10260
f 9957 3367 530
f 9957 12140 3367
f 1321 9957 337
f 10910 9957 1321
f 1321 8560 10910
f 8560 1321 10700
f 2214 8560 10700
f 2214 9337 8560
f 11389 9337 2214
f 11389 4383 9337
f 991 4383 11389
f 12329 5608 9558
f 10932 7377 343
f 7377 5157 10084
f 10874 11932 9544
f 11932 3097 8873
f 3097 10888 9457
f 11194 1768 2548
f 1289 12838 2915
f 2915 12838 5107
f 5107 11201 2915
f 5107 4372 11201
f 2915 11201 6481
f 6653 6903 6481
f 12290 6903 6653
f 12290 7655 6903
f 12290 8490 7655
f 4823 8490 12290
f 4823 3591 8490
f 12056 3591 4823
f 10129 2241 12289
f 6101 10129 6259
f 6101 9003 10129
f 10196 12089 6101
f 10196 8213 8643
f 1533 4972 1260
f 1320 6232 8893
f 8487 8893 6232
f 1368 6204 8861
f 6204 1791 8859
f 8861 318 12793
f 6232 12793 1274
f 438 3908 1946
f 12758 1429 438
f 12758 6749 7526
f 11730 7526 6749
f 6749 1198 11730
f 2565 10123 4144
f 10758 67 8643
f 7526 10758 12758
f 2290 67 7755
f 11730 67 7526
f 4909 7755 67
f 11730 1198 4909
f 7755 4909 2241
f 1198 10123 4909
f 4909 11799 2241
f 9024 11296 5381
f 5381 11296 2397
f 8490 9024 7655
f 7655 9024 5381
f 7655 5381 6903
f 6903 5381 6481
f 2397 4273 8357
f 8357 4273 1566
f 8357 4264 5316
f 2548 5315 11576
f 8708 11576 10350
f 7140 352 7351
f 7351 896 7140
f 5338 1032 10776
f 10807 1032 10518
f 5338 10121 10518
f 5338 9077 10121
f 3517 9077 9523
f 3517 10121 9077
f 7760 7377 3517
f 7760 9523 11138
f 11138 9523 934
f 10326 7760 11138
f 12329 11138 5608
f 11138 934 11890
f 8128 1415 7104
f 10253 1635 1415
f 8128 2334 10253
f 8128 7351 2334
f 11829 2334 7351
f 1624 389 12801
f 11544 389 1624
f 9196 389 11544
f 9196 11544 4264
f 4264 1566 9196
f 8357 1566 4264
f 4144 9941 2565
f 9737 10284 5782
f 9737 6749 10284
f 10284 10185 9190
f 12758 438 1946
f 1946 10185 12758
f 1946 3908 10172
f 3908 10816 10172
f 3908 1274 10816
f 10816 1274 5135
f 5135 318 3590
f 6197 1663 774
f 6197 11312 1663
f 6197 1841 11312
f 11312 8746 8871
f 1663 11312 12033
f 3590 9924 4078
f 9924 12446 4078
f 9924 9646 12446
f 1101 6069 11503
f 12033 11312 1101
f 1101 11312 8871
f 8871 2620 1101
f 4355 4232 8871
f 4232 271 11724
f 271 10429 11724
f 2508 3214 5191
f 3214 10034 5103
f 10034 145 5103
f 2508 10034 3214
f 12394 6915 12037
f 6915 12394 265
f 265 10304 6915
f 6069 10304 8399
f 11503 8399 8590
f 8399 11503 6069
f 12037 948 11139
f 948 5103 12051
f 12051 2040 1513
f 2040 1311 4651
f 1311 6966 4651
f 1311 145 9837
f 5103 2040 12051
f 5191 5103 948
f 10569 948 12037
f 11724 5191 10569
f 10993 12037 6915
f 6069 6915 10304
f 12033 11503 8590
f 12446 12033 8590
f 9948 8945 9903
f 12234 8945 12898
f 8945 4078 9903
f 12033 12446 9646
f 4078 12446 9903
f 3590 4078 8945
f 8945 4894 3590
f 12234 4894 8945
f 9190 10172 4952
f 7088 9190 4952
f 7088 4848 9190
f 4848 5468 93
f 93 5468 3439
f 3439 5468 10947
f 10947 8181 3439
f 9190 1946 10172
f 10185 1946 9190
f 9190 5782 10284
f 4848 5782 9190
f 93 5782 4848
f 7194 9737 5782
f 9737 7194 4144
f 93 3439 7194
f 8153 7194 3439
f 8153 4144 7194
f 8181 714 4673
f 4673 714 664
f 4673 664 11296
f 11296 664 2019
f 664 12802 5646
f 5646 12802 11803
f 11803 7498 5646
f 1566 7498 9196
f 1624 12801 11829
f 10335 3657 12801
f 11829 3657 2334
f 11829 12801 3657
f 2334 3657 10253
f 10253 7499 1635
f 10253 3657 7499
f 5898 2870 6209
f 5898 6954 2870
f 5898 6209 3818
f 6209 3255 6300
f 3818 7841 1415
f 6300 7841 3818
f 6300 6153 7841
f 6300 2136 6153
f 6209 6300 3818
f 11179 4374 1253
f 10679 4903 11195
f 2136 11195 4903
f 2136 6300 11195
f 6209 7890 3255
f 8502 260 1702
f 10505 260 8502
f 10505 4818 8080
f 10505 8502 4818
f 4818 197 8080
f 3361 4818 8502
f 7025 6760 8573
f 7025 11493 10755
f 9832 10755 11493
f 9832 4759 6134
f 4759 8363 9030
f 6110 3323 2755
f 12470 6110 2755
f 12470 7086 6110
f 12470 9301 7086
f 9030 7086 9301
f 6110 4952 3323
f 7086 4952 6110
f 7086 8363 4952
f 8363 4759 12773
f 9030 8363 7086
f 6134 4759 9030
f 6134 10755 9832
f 10755 6760 7025
f 6760 6486 8573
f 8573 1647 12802
f 8573 6822 1647
f 6822 2594 7978
f 10377 3361 8766
f 10377 2657 3361
f 2657 4818 3361
f 1702 3361 8502
f 1702 2870 3361
f 10989 3361 2870
f 10989 8766 3361
f 9653 8766 10989
f 9653 10377 8766
f 9653 6954 3722
f 10101 10377 9653
f 10101 1439 10377
f 3657 9653 3722
f 3657 10101 9653
f 10335 10101 3657
f 416 1439 10101
f 10335 416 10101
f 416 9132 1439
f 414 9132 416
f 6264 9132 414
f 11803 1647 7498
f 12802 7025 8573
f 415 11493 7025
f 415 12802 664
f 664 714 415
f 11493 714 9832
f 714 8181 10947
f 10947 4759 9832
f 12773 4759 10947
f 4848 12773 5468
f 10385 4952 10172
f 10385 12234 12898
f 10385 3323 4952
f 3323 12898 5943
f 12898 8945 9948
f 9948 2750 12898
f 5943 12898 2750
f 2755 3323 5943
f 2750 357 1210
f 357 8672 327
f 9903 12446 2904
f 1857 2904 8399
f 10304 1857 8399
f 11139 12051 7997
f 1513 2040 4651
f 1513 4651 9822
f 2292 1513 9822
f 11139 7997 8713
f 12394 11139 8713
f 8713 5154 9170
f 3239 12394 9170
f 3239 9170 5470
f 1857 265 3239
f 1857 3239 9373
f 6271 1857 9373
f 9373 3239 5470
f 5470 12309 12557
f 5470 9170 12309
f 12309 9170 4701
f 12309 4701 456
f 12309 456 12557
f 9373 5470 5515
f 5723 5515 2127
f 9373 5515 5723
f 6271 9373 5723
f 852 6271 327
f 2750 1210 5943
f 2755 5943 12671
f 12470 8083 4540
f 12470 2755 8083
f 9301 12470 4540
f 10092 9030 9301
f 6134 9030 10092
f 10755 6134 8414
f 8414 3726 10755
f 10755 3726 6760
f 8414 6459 3726
f 6760 3726 6459
f 6459 6486 6760
f 6459 11736 6486
f 8573 6486 4788
f 8573 4788 6822
f 4788 11731 2594
f 6822 4788 2594
f 2594 11731 12151
f 7978 2594 9759
f 7978 9759 6264
f 6264 2320 9132
f 6264 9759 2320
f 9759 8249 2320
f 9132 2593 1439
f 9132 2320 2593
f 2593 2320 8247
f 2593 8247 8248
f 2593 8248 2319
f 1439 2319 10377
f 2319 8248 2657
f 2657 11076 1469
f 1469 11076 3843
f 1469 3843 4028
f 4028 3843 7307
f 12548 197 6642
f 12548 8080 197
f 4028 9169 6642
f 6642 3194 12548
f 1866 9356 6375
f 1866 3194 9356
f 1866 6375 9090
f 12735 3797 6372
f 2139 6372 1434
f 5392 2663 1807
f 2663 9090 1807
f 10679 2663 5392
f 3341 1866 2663
f 3341 3194 1866
f 12548 3194 3341
f 12548 10505 8080
f 260 10505 7890
f 3341 5553 7890
f 10679 1253 4903
f 10679 11251 1253
f 6381 11251 8387
f 6008 8387 2139
f 6008 6381 8387
f 11515 11771 6008
f 2936 12145 213
f 7809 213 12145
f 12145 6688 7809
f 12145 5675 6688
f 7872 7703 10566
f 3713 2743 8815
f 21 3713 8815
f 21 8815 6609
f 21 6609 8360
f 11651 5605 4659
f 8454 6002 3435
f 10566 7703 2743
f 3660 1297 5605
f 9013 3660 2555
f 1297 9429 4659
f 3660 4386 1297
f 9429 10150 4356
f 10620 4356 10150
f 12831 10150 4386
f 10620 7258 9304
f 11801 10620 12831
f 12196 8024 9760
f 12196 3741 8024
f 12195 3741 12196
f 12195 1155 3741
f 9789 1155 12195
f 9789 12194 11528
f 2177 11735 11528
f 2177 10088 11735
f 4665 11042 5464
f 4665 6112 11042
f 11836 6112 4665
f 11836 5201 6112
f 6112 9177 11042
f 5201 10295 6112
f 5201 11574 10295
f 3632 7854 5201
f 10563 7854 3632
f 1787 5837 10563
f 5276 1787 8784
f 9085 533 1787
f 9085 4832 533
f 12396 9085 5276
f 12396 4832 9085
f 12396 1400 4832
f 2322 11584 543
f 543 1985 2322
f 1985 1457 6385
f 1985 543 1457
f 1985 6385 10925
f 543 11584 9314
f 9314 11584 10040
f 10040 5612 7903
f 12396 5276 11584
f 5612 10040 7031
f 5612 4009 4983
f 5276 8784 7031
f 7031 8784 5612
f 8784 4009 5612
f 8784 10563 4009
f 4983 4009 8289
f 2999 8289 3632
f 2999 11836 6384
f 3632 11836 2999
f 11836 3632 5201
f 6384 11836 4665
f 6384 4665 5464
f 618 5464 11042
f 618 2177 1634
f 1634 2177 11528
f 1634 11528 3018
f 12195 12196 6382
f 6382 12196 7273
f 6382 2706 8586
f 6382 7273 2706
f 7273 12196 9760
f 10887 7273 639
f 10887 5013 6383
f 10887 6383 4300
f 7856 4300 6383
f 7856 10285 4300
f 10285 7856 4441
f 639 5013 10887
f 7856 6383 5013
f 8736 11465 5013
f 5013 11465 7856
f 11465 4441 7856
f 8685 10152 4441
f 9654 10152 4386
f 1150 10561 8454
f 4441 4851 10285
f 4398 10320 12008
f 3742 3311 10320
f 3778 4506 10561
f 2936 4506 3778
f 3311 5400 12008
f 11406 7710 4300
f 7710 10887 4300
f 7710 7273 10887
f 10616 7710 11406
f 2706 7273 7710
f 8586 10616 3894
f 8693 6382 8586
f 4303 6382 8693
f 4303 3018 6382
f 6732 1634 4303
f 11300 1634 6732
f 560 5464 618
f 12400 5464 560
f 10371 560 6829
f 10371 12400 560
f 10372 12400 10371
f 12400 6384 5464
f 9614 12400 10372
f 3364 2999 6384
f 44 2999 3364
f 44 8289 2999
f 6435 464 44
f 464 8884 4983
f 8884 5612 4983
f 7903 5612 8884
f 7903 9314 10040
f 1830 7903 4940
f 5032 543 9314
f 1457 543 5032
f 7873 1457 10711
f 7873 6385 1457
f 7873 6544 6385
f 8243 11321 7747
f 8243 7747 976
f 8913 4557 11542
f 11542 4557 10142
f 8276 11542 10142
f 10142 1553 4319
f 4319 1309 6026
f 1404 6026 1309
f 4914 1977 3774
f 2430 7456 4874
f 11313 4914 7456
f 2678 4914 11313
f 9254 8661 2678
f 4523 7315 2573
f 10481 4523 10414
f 6489 10414 660
f 9242 5993 8661
f 9242 5154 2380
f 2380 9822 6864
f 9822 4651 5804
f 6864 9822 5804
f 5804 8953 6864
f 5804 6612 8953
f 5993 6864 11756
f 11756 9960 1615
f 9960 7814 10593
f 9960 11756 10178
f 6612 4717 10178
f 6612 10178 8953
f 6966 6612 4651
f 10593 12187 4523
f 1306 7315 8064
f 1306 8064 306
f 2286 11258 2573
f 11258 2286 1977
f 1977 2286 7018
f 9843 2286 1306
f 2529 1386 10950
f 12389 6442 5122
f 3723 10522 12389
f 6709 10522 3723
f 6709 3723 2295
f 6479 6709 2295
f 6479 2295 5024
f 9752 6514 10273
f 521 3772 3553
f 12896 724 409
f 6048 9644 2350
f 2350 76 5124
f 4323 7295 76
f 4323 9781 7295
f 2402 12361 2467
f 2467 1080 4246
f 4246 1080 9443
f 7295 9781 9108
f 9108 9781 12361
f 7295 5124 76
f 2350 12896 6048
f 12896 409 6048
f 76 2350 9644
f 12896 6936 724
f 724 6936 12736
f 7579 521 12736
f 2819 10401 11279
f 3080 11279 1
f 6709 841 8149
f 2529 9758 9805
f 6442 9758 2529
f 6479 841 6709
f 6130 2656 285
f 3080 1 9752
f 2819 11279 6152
f 3772 2819 1878
f 1878 6152 9752
f 9752 6152 3080
f 6514 9752 9156
f 6130 285 4931
f 6130 4931 2816
f 6130 2816 6514
f 1878 9752 9953
f 6152 1878 2819
f 9156 6130 6514
f 10522 9758 6442
f 2529 9805 1386
f 9559 7878 841
f 5751 2656 12581
f 9533 12581 2656
f 1978 1 1414
f 11279 1414 1
f 7579 2841 11884
f 10401 5916 1414
f 10401 3160 5916
f 9559 8526 9840
f 7627 7032 1933
f 12563 9843 306
f 9843 12563 820
f 12563 2458 9694
f 12563 7049 2458
f 2458 3674 8849
f 8849 3674 10536
f 8526 6854 9840
f 3813 6854 8526
f 4021 113 3813
f 1978 9535 4021
f 1978 5079 9535
f 3160 4723 5916
f 8149 8676 7627
f 1933 2406 7627
f 7032 7627 8676
f 7878 8676 8149
f 8676 7878 9840
f 9559 9840 7878
f 9559 5751 8526
f 3813 8526 12581
f 3813 12581 4021
f 4021 9533 1978
f 5079 1978 1414
f 5916 5079 1414
f 3160 12908 4723
f 7836 11066 2841
f 10939 7836 7579
f 2841 7579 7836
f 12908 3160 2841
f 2841 3160 11884
f 11884 3160 10401
f 1 1978 9533
f 9533 4021 12581
f 5751 12581 8526
f 841 5751 9559
f 8149 841 7878
f 8149 7627 9758
f 7627 9805 9758
f 9758 10522 8149
f 8149 10522 6709
f 5751 841 6479
f 5751 6479 285
f 5751 285 2656
f 2656 6130 9156
f 9533 2656 9156
f 9533 9156 9752
f 9533 9752 1
f 11279 3080 6152
f 1414 11279 10401
f 11884 10401 2819
f 11884 2819 521
f 7579 11884 521
f 724 12736 3553
f 3553 12736 521
f 521 2819 3772
f 3772 1878 9953
f 3772 9953 6743
f 4931 285 6479
f 10522 6442 12389
f 6442 2529 5122
f 5122 10950 4145
f 5122 2529 10950
f 10950 1386 10288
f 306 7049 12563
f 4874 7456 3462
f 8114 4874 6469
f 4874 3462 6469
f 6026 8114 10733
f 8276 12253 170
f 7327 6401 4965
f 976 6401 7327
f 6385 6544 8243
f 10925 8243 976
f 2322 1985 10925
f 2322 10925 1400
f 10925 976 1400
f 976 6132 1400
f 7327 4965 6132
f 1432 11542 11615
f 11542 8276 170
f 5451 4965 11615
f 6132 4965 7798
f 1400 6395 5676
f 1400 6132 6395
f 12375 5451 12619
f 5451 12375 7798
f 170 4966 5451
f 4966 170 12253
f 10041 12253 10357
f 10041 10357 11066
f 10357 10733 12908
f 12908 8114 4723
f 5916 4723 6469
f 9535 1229 113
f 3774 6961 1229
f 6785 3774 1229
f 3774 7018 6961
f 820 7018 9843
f 6961 7018 820
f 5193 1378 1229
f 5193 820 8824
f 820 9694 8824
f 820 12563 9694
f 8849 9694 2458
f 9694 8849 3123
f 8849 10536 4297
f 4297 7032 1953
f 1953 7032 8676
f 9840 1953 8676
f 8824 3123 9840
f 3123 1953 9840
f 1378 3813 113
f 9535 113 4021
f 1435 9535 5079
f 11066 12908 2841
f 10041 11066 7836
f 5451 7673 12619
f 7673 7836 10939
f 3175 11539 12619
f 12619 11539 12291
f 7881 12619 12291
f 6395 7881 7897
f 6395 12375 7881
f 5242 5676 7897
f 11479 5242 8648
f 7897 7881 12291
f 7897 5124 401
f 11539 3175 6936
f 6936 10939 7579
f 6936 7579 12736
f 11539 6936 12896
f 5124 12291 2350
f 7295 8648 401
f 8623 8604 4911
f 9108 12361 4911
f 4911 12811 8623
f 12361 2402 4911
f 10295 11983 4246
f 4246 9443 5074
f 5074 9443 12368
f 5074 7163 7006
f 5074 12368 7163
f 9177 5074 10088
f 10088 5074 7006
f 7006 6473 11735
f 7006 8450 6473
f 6473 8450 7160
f 9789 7160 1155
f 1155 7161 1153
f 4188 528 6342
f 1154 4188 12398
f 7258 1154 9304
f 7258 4188 1154
f 9304 1154 9125
f 9125 7162 633
f 9125 12398 7162
f 633 7811 4345
f 2082 4345 10256
f 5258 5025 10256
f 6480 2082 10256
f 11651 6480 1510
f 11651 2082 6480
f 5025 9345 6480
f 1510 2524 2431
f 9687 1510 9345
f 9687 9345 7843
f 5025 2276 7843
f 9729 2884 5025
f 5258 9729 5025
f 5258 5601 9729
f 5258 4767 5601
f 14 9748 4767
f 4188 6342 12398
f 528 12049 6342
f 1304 12049 528
f 1304 11056 12049
f 1304 6084 11056
f 7161 5091 6084
f 7161 268 5091
f 11661 268 7161
f 1155 7160 7161
f 8450 11661 7160
f 7163 8450 7006
f 12368 6103 7163
f 10134 5574 3753
f 10134 1080 5574
f 9781 4323 2530
f 962 4323 76
f 962 2530 4323
f 962 9644 12458
f 9644 10166 12458
f 9644 6576 10166
f 6048 409 6576
f 6576 409 724
f 5323 3553 3772
f 10166 724 190
f 12458 10166 3530
f 10166 4113 9637
f 10166 190 4113
f 6743 5323 3772
f 10273 9953 9752
f 10273 6514 2816
f 5024 4931 6479
f 11165 3723 8633
f 2486 5122 4145
f 1824 2486 4145
f 4145 9996 1824
f 10950 10288 9996
f 9837 1516 6180
f 9837 6180 1311
f 10034 196 9837
f 10034 9584 10369
f 9584 10034 2508
f 10429 9584 2508
f 7868 9584 10429
f 339 584 9584
f 9584 584 10369
f 10369 196 10034
f 196 10369 5939
f 196 1516 9837
f 5123 1516 196
f 7819 8615 12884
f 8049 1824 12884
f 1824 7819 12884
f 1824 9996 7819
f 1551 11165 12634
f 4931 5024 1551
f 10273 2816 4182
f 4182 10827 5576
f 9953 4017 6743
f 6743 8977 1099
f 1099 5323 6743
f 9637 4113 6017
f 12207 4020 11393
f 11393 10404 12207
f 7309 1099 8977
f 4017 5576 10827
f 202 10827 4182
f 12634 11165 7719
f 6063 7719 5931
f 1342 4022 967
f 12884 8615 1075
f 9717 6400 10928
f 8049 12884 9717
f 1342 8049 9717
f 4022 1342 11872
f 5931 11872 12906
f 6063 5931 12906
f 1475 6063 12906
f 1475 12906 7849
f 1238 9244 1475
f 8837 9244 1238
f 8837 2981 12790
f 9560 12790 2981
f 10404 6937 8060
f 7314 9784 8424
f 8424 7824 7314
f 6498 3394 9236
f 6498 7824 3394
f 729 8193 9784
f 729 8021 8193
f 579 8021 729
f 8021 9622 8193
f 7290 9622 8021
f 579 7290 8021
f 10404 12021 7290
f 579 11922 7290
f 12207 10404 11922
f 12706 5865 7652
f 12706 7928 5865
f 12706 11922 579
f 579 729 7928
f 7928 2954 12402
f 821 2954 11791
f 729 9784 2954
f 9784 7314 2954
f 8486 11791 6498
f 7314 7824 6498
f 8486 6498 10984
f 10984 9053 1789
f 517 10981 9053
f 517 1411 10981
f 1411 4125 10981
f 9410 10981 10980
f 10184 2418 122
f 10184 122 3975
f 3975 122 8521
f 646 8521 8234
f 646 3975 8521
f 4127 4124 8521
f 12285 8521 10982
f 10982 4126 12508
f 5884 12508 1242
f 5884 4792 12508
f 1242 4347 5884
f 9384 1454 7434
f 7434 7917 9384
f 7917 6014 8566
f 10630 9567 7917
f 6014 4286 11611
f 9567 331 6014
f 4286 8690 1326
f 1326 8690 8579
f 8579 8690 12542
f 331 9412 4286
f 9412 331 9227
f 8417 3516 9227
f 8417 6841 6115
f 9567 8417 331
f 10464 6841 8417
f 10630 10464 9567
f 2459 9615 12379
f 4123 7434 1454
f 11093 12747 4123
f 4124 4126 10982
f 8521 122 4127
f 2914 10772 6978
f 2914 2418 10980
f 4125 2914 10980
f 1411 2247 4125
f 3394 1087 9236
f 8424 1536 7824
f 8193 4316 1536
f 8193 5205 4316
f 8193 6626 5205
f 8424 9784 8193
f 8193 9622 6626
f 9622 2097 6626
f 1802 2781 3043
f 1802 3043 1780
f 5363 6377 9007
f 12323 9451 3811
f 3729 3811 3115
f 3115 1490 10704
f 1490 11946 7867
f 11946 1561 1109
f 12766 12796 2608
f 12766 1561 12796
f 2608 12796 89
f 89 6531 2608
f 1109 1561 12766
f 1490 3410 11946
f 7867 11946 1109
f 10704 1490 7867
f 5205 3729 10704
f 3729 1780 3811
f 10704 3729 3115
f 12323 3811 1780
f 1780 3043 12323
f 6626 2097 3729
f 4316 9352 1536
f 10704 7867 4316
f 1087 9352 3550
f 3550 3852 1087
f 7867 1109 3550
f 3550 1109 3852
f 1109 1972 3852
f 1109 12766 1972
f 2247 1972 12766
f 2247 10772 2914
f 103 3447 5290
f 103 5290 814
f 103 814 670
f 670 814 122
f 4127 122 9762
f 9762 9411 6080
f 9762 4124 4127
f 9762 6080 3224
f 6948 12046 6946
f 6946 12046 12747
f 105 10829 9615
f 9615 2197 4230
f 9615 10829 2197
f 12379 4230 10464
f 12379 9615 4230
f 10464 4230 10021
f 10021 6841 10464
f 6841 838 2217
f 6841 2217 6115
f 7376 11918 3516
f 11918 6126 10426
f 3880 6252 11918
f 3880 55 6252
f 11918 6252 6126
f 11744 158 6126
f 8555 158 4471
f 12209 12070 11762
f 11963 847 11762
f 4471 12070 12209
f 11963 1444 11899
f 1444 11018 11899
f 158 1444 4471
f 158 11744 1444
f 11744 55 11018
f 6252 55 11744
f 55 70 9811
f 1578 70 3880
f 6081 11913 6076
f 6081 6657 11913
f 4230 2197 838
f 6079 105 12046
f 6079 3193 12004
f 3224 3193 12046
f 6077 161 6080
f 6077 9989 161
f 9993 9989 6077
f 5290 9993 814
f 89 12659 6531
f 1877 744 12659
f 8500 7653 1877
f 8500 6945 7653
f 1561 8500 12796
f 1561 11946 8500
f 3410 6945 8500
f 3410 2757 6945
f 1490 2757 3410
f 4558 1490 3115
f 2422 1781 5656
f 2422 5689 1781
f 4558 2422 5656
f 3115 2422 4558
f 3115 3811 2422
f 3811 5689 2422
f 3811 9451 5689
f 9451 9007 2161
f 9007 8689 2161
f 9007 6377 8689
f 2161 8689 961
f 12687 1781 5689
f 12687 2161 7839
f 1781 12687 12576
f 7874 7839 11420
f 2138 7874 12859
f 2138 12859 12640
f 8109 10 2289
f 6977 6230 8657
f 8329 7964 10508
f 6771 7770 7176
f 6771 1962 7770
f 10508 6771 7176
f 10508 7176 8700
f 8329 10508 8700
f 8329 8700 8401
f 10961 8329 8401
f 6977 10961 12750
f 6977 12750 10751
f 4748 6977 10751
f 854 6230 4748
f 12118 222 2887
f 6977 4748 6230
f 854 2887 222
f 1334 8109 222
f 4167 222 12118
f 4167 12118 5761
f 2138 4167 5761
f 2138 12640 4167
f 7374 1942 5761
f 12383 1942 7374
f 12713 7021 7374
f 7021 12713 3527
f 3527 12713 9693
f 803 4359 4031
f 4031 4359 12784
f 12784 4359 12737
f 353 5866 8154
f 176 8154 7777
f 12499 9537 5306
f 1374 1205 10674
f 1374 10674 5319
f 7061 7820 5695
f 7061 5695 5724
f 6685 5724 10193
f 10193 5479 3622
f 3622 3822 2345
f 2345 3822 3131
f 363 5955 5173
f 363 3355 10499
f 8595 3355 11824
f 8595 10499 3355
f 11388 11824 4384
f 11388 8595 11824
f 3095 10499 8595
f 3095 10551 10499
f 363 1389 5955
f 1389 3117 5955
f 3117 4573 8011
f 4573 7076 8011
f 6358 9827 2698
f 9827 9890 2698
f 1374 5659 1205
f 11466 3743 5659
f 10954 10516 8112
f 3662 12177 7444
f 9059 7963 4001
f 8154 4613 1499
f 12737 4075 897
f 12737 897 12784
f 4031 9461 7312
f 11691 897 4075
f 11691 4075 7246
f 7123 4613 4001
f 1621 7963 534
f 534 6429 11693
f 11693 6429 3662
f 8968 3662 7444
f 1669 1501 3501
f 10920 10935 8098
f 8098 10516 6793
f 6793 10954 5463
f 4119 3204 5463
f 4119 5463 11466
f 4512 5659 1374
f 4512 1374 10812
f 9248 11586 9890
f 12901 9248 9890
f 12901 9890 9827
f 2345 6685 3622
f 2466 2345 4928
f 10551 4237 1389
f 10400 725 10163
f 10163 725 11388
f 10163 11388 5413
f 5413 11388 9436
f 1398 10163 5413
f 9917 1398 11519
f 9917 12653 11157
f 7614 9917 11157
f 1267 9917 7614
f 1267 10079 9917
f 7365 10079 1267
f 7365 1267 4477
f 4437 4528 6737
f 4437 6737 6979
f 3121 6979 4315
f 3121 4437 6979
f 4315 4212 3121
f 2759 4212 4315
f 2759 865 4212
f 7943 865 2759
f 10877 865 7943
f 10877 7838 865
f 10877 6288 7838
f 8778 6288 10877
f 8778 235 6288
f 1081 235 5654
f 1081 12161 235
f 5654 864 1081
f 8215 1347 864
f 9213 1347 8215
f 9213 12905 1347
f 9213 6349 12905
f 8272 6349 9213
f 8272 5874 6349
f 8272 12199 5874
f 7734 12199 8272
f 7734 8346 12199
f 10872 8346 7734
f 10872 5722 8346
f 10872 10525 5722
f 551 10525 10872
f 1168 1083 8655
f 8655 5457 1168
f 5457 5661 1168
f 11024 5661 5457
f 1082 5661 11024
f 1348 1082 8776
f 8776 1346 1348
f 8012 1346 8776
f 6823 1346 8012
f 6623 10933 2721
f 6373 7480 4249
f 9342 7480 6373
f 9342 5627 7480
f 10299 5627 9342
f 5777 538 930
f 9731 321 2861
f 9731 5409 321
f 5409 9806 321
f 5409 7691 9806
f 7474 9806 3964
f 7474 321 9806
f 3964 9806 1695
f 6852 4695 1499
f 6852 1499 12716
f 565 11693 1674
f 4958 1674 11693
f 1007 11860 8547
f 10920 8098 4487
f 8098 6793 9417
f 11466 5659 4119
f 3579 4119 5659
f 3579 5659 4512
f 11598 2615 10812
f 10812 9248 11598
f 4884 9827 2
f 6358 1446 2
f 1446 6358 8312
f 8312 11566 1301
f 8911 11566 5724
f 7139 8911 6685
f 2345 2466 7139
f 10873 5048 4573
f 10873 4573 3117
f 9148 3117 4237
f 9148 10873 3117
f 12040 4237 10551
f 12040 9148 4237
f 8415 12040 12837
f 3667 2807 10687
f 7326 2807 3667
f 1269 7326 11118
f 4802 8262 11840
f 4802 11840 5571
f 11688 4802 5571
f 11688 5571 10603
f 9858 11688 10603
f 10603 4437 9858
f 4437 3121 9858
f 4212 7490 3121
f 3112 7490 4212
f 7838 9442 3112
f 6288 9853 9442
f 12161 9853 6288
f 864 8759 10077
f 6890 8759 864
f 12905 11125 6890
f 12199 705 5874
f 938 705 12199
f 6601 2128 7044
f 2128 9610 9432
f 1168 9610 2128
f 4250 9610 1168
f 6823 7313 11283
f 6823 8864 7313
f 2721 9856 2784
f 2721 2457 9856
f 5699 2457 2721
f 7045 3242 9851
f 7045 6676 3242
f 48 6676 7045
f 168 10487 3359
f 7737 12304 4731
f 6045 12304 7737
f 6045 10591 5234
f 7818 10591 6045
f 7818 10574 10591
f 10574 785 5785
f 785 1380 5785
f 10591 4100 787
f 10591 787 8985
f 3114 8985 787
f 8985 8092 12469
f 10487 9798 1076
f 1076 3359 10487
f 1076 6681 3359
f 6676 6681 10220
f 10220 3242 6676
f 9851 7338 5699
f 2457 5699 7338
f 9849 9856 3065
f 9849 3065 8864
f 8864 3065 6453
f 8864 6453 8390
f 8390 6453 8161
f 11810 6448 3581
f 12352 8340 9432
f 9432 8340 7423
f 5822 2953 8355
f 2953 705 8355
f 9855 3064 11125
f 11125 3064 7950
f 11125 7788 3156
f 11125 7950 7788
f 3156 12219 8759
f 9362 8557 12161
f 6173 328 1275
f 6173 6806 328
f 328 6806 2482
f 2482 5895 1269
f 2482 6806 5895
f 6066 6888 12678
f 10942 6071 1643
f 11951 10873 9148
f 11951 1643 10873
f 8415 11951 9148
f 2285 12678 12837
f 7326 2285 2807
f 7326 6066 2285
f 1269 6066 7326
f 1643 6071 5048
f 6071 1211 2466
f 1211 4803 2466
f 7139 2466 4803
f 1301 11566 8911
f 5097 2 1446
f 5232 2 5097
f 2133 12901 4884
f 2133 2615 11598
f 7591 3579 5764
f 7247 3579 7591
f 5080 4119 7247
f 5080 6534 3204
f 4487 11209 2522
f 4616 2557 11297
f 2557 1694 11297
f 1969 2923 597
f 3747 6140 1969
f 11050 4860 4467
f 1674 4958 3048
f 9638 12785 5702
f 12716 9638 5702
f 8650 5771 7128
f 986 8650 7128
f 986 7128 7589
f 7532 986 7589
f 7532 487 6167
f 487 8448 5109
f 8448 7589 1664
f 1896 4636 3048
f 3048 11328 11882
f 3479 4413 767
f 3479 767 2490
f 6293 90 1815
f 90 11050 7773
f 7773 11050 7698
f 7698 11050 4467
f 7698 3747 10292
f 7698 4467 3747
f 10292 3747 11207
f 11207 3747 1969
f 11207 1969 1845
f 1845 597 1694
f 11444 1694 2557
f 10135 9417 11153
f 6185 12441 11153
f 6185 11153 6534
f 6185 6534 5080
f 439 5080 7247
f 11366 439 7247
f 11366 7247 7591
f 5232 2133 4884
f 5097 1446 1770
f 2697 1036 1301
f 2697 8911 4484
f 1211 4484 4803
f 10942 3035 1778
f 3035 1375 1778
f 3467 1375 3035
f 3467 4381 1375
f 4381 2356 1375
f 2356 4376 4484
f 4376 2056 2697
f 2056 8711 1036
f 9895 1036 8711
f 9895 1770 1036
f 8737 1770 9895
f 10511 5232 8136
f 10511 12725 2133
f 1661 5764 12725
f 718 5764 1661
f 12441 4913 10135
f 4913 5259 11209
f 1528 11444 1310
f 11190 1815 1256
f 9574 1815 11190
f 3479 491 3945
f 9950 11294 203
f 4458 203 10484
f 5817 4458 10484
f 5817 10484 6031
f 1896 6031 11895
f 12785 8489 5156
f 9655 2497 5156
f 8496 1728 11895
f 11895 6031 10822
f 3249 6605 10484
f 3249 203 4831
f 4831 203 11294
f 6284 9574 11190
f 11945 9886 10117
f 1310 12591 6844
f 1954 5259 10637
f 10637 5259 4913
f 317 12441 10818
f 9740 11366 11613
f 1661 12725 10511
f 8711 10898 9895
f 8537 9512 4376
f 219 8537 4381
f 219 4381 10280
f 10280 4381 3467
f 3467 3035 361
f 361 10942 6566
f 361 3035 10942
f 2243 6566 6745
f 2243 361 6566
f 2243 9205 361
f 8427 9205 2243
f 8427 11896 8166
f 5045 8166 6173
f 1025 5045 6173
f 556 12456 6893
f 12456 556 10411
f 4669 12456 10411
f 4669 10411 5613
f 4669 5613 5345
f 5854 4669 5345
f 5854 5345 10867
f 12219 6118 11953
f 7788 6118 12219
f 7950 6118 7788
f 7950 11761 6118
f 7950 3064 11761
f 8878 7297 3064
f 8340 6117 10994
f 8340 11330 6117
f 6453 6116 8161
f 6453 10358 6116
f 3065 10358 6453
f 3065 5269 10358
f 2817 5269 3065
f 12820 5269 2817
f 12093 3549 12820
f 3325 3549 12093
f 3325 7677 3549
f 153 7677 3325
f 2124 9311 153
f 2124 10089 9311
f 10089 524 11502
f 5203 524 10089
f 9216 9873 524
f 7848 9873 9216
f 5645 5176 7848
f 5645 10549 5176
f 10549 11796 12179
f 11796 12525 12179
f 12179 12525 8601
f 7109 9655 8624
f 8624 5156 9530
f 9530 8489 869
f 4352 8496 12778
f 8449 10822 6605
f 2666 1677 11294
f 5521 9630 11945
f 10637 317 6475
f 2567 317 10818
f 8019 3522 1661
f 10511 7906 8019
f 8136 7524 7906
f 5379 7524 8737
f 8711 11781 3334
f 9512 9470 11781
f 9512 8537 9470
f 8537 10934 9470
f 8537 219 10934
f 9114 10934 219
f 5559 10934 9114
f 5559 6013 10934
f 2371 6013 5559
f 6013 9470 10934
f 6013 1450 9470
f 388 3383 1450
f 3383 6518 8974
f 6518 3448 8974
f 11781 8974 3334
f 3334 8974 3928
f 3334 3928 5379
f 8344 11169 5379
f 881 8019 2417
f 162 3522 881
f 10356 9740 1517
f 2201 1530 6764
f 11551 5521 6404
f 11551 10046 5521
f 6160 1557 10432
f 4831 9741 5818
f 3249 4831 5818
f 4352 5934 164
f 164 5934 3296
f 1668 3601 6122
f 6122 8854 280
f 588 280 8252
f 1668 3296 9590
f 11965 6356 5934
f 6356 11965 9330
f 6356 9330 3613
f 3654 8539 1322
f 6679 1530 4129
f 993 2425 2201
f 993 2201 10242
f 9481 10242 1936
f 9481 6033 6475
f 9481 6475 12384
f 10356 12384 2567
f 10356 9376 12384
f 10356 1517 5773
f 5773 1517 162
f 162 881 12444
f 2417 12444 881
f 1438 11809 2417
f 8546 1438 8344
f 8344 1438 11169
f 7476 8344 5379
f 1982 7476 3448
f 3928 3448 7476
f 6567 6518 3383
f 6567 1982 6518
f 7926 388 9074
f 7926 6567 388
f 9074 6013 9489
f 7463 9489 2371
f 9489 7463 272
f 2374 272 7463
f 7720 9382 7886
f 7886 9382 10570
f 4205 7886 10570
f 8930 5883 9848
f 8932 5883 8930
f 8932 11927 5883
f 11761 11927 8932
f 11761 2268 11927
f 7297 2268 11761
f 926 11609 11863
f 8928 11609 926
f 8928 8990 11609
f 8929 8990 8928
f 8929 2427 8990
f 4720 739 1176
f 4720 10315 739
f 10358 5362 10315
f 10358 5556 5362
f 8184 12123 11703
f 5937 12123 8184
f 8955 3266 5937
f 8927 3266 8955
f 1821 1764 8927
f 10194 3725 1821
f 10194 7075 3725
f 10194 8722 7075
f 8722 12179 588
f 10549 12179 8722
f 12179 8601 280
f 10194 10549 8722
f 9873 10194 1821
f 9311 11502 8927
f 10194 5176 10549
f 12179 280 588
f 8722 10890 7075
f 8722 588 10890
f 8956 7075 10890
f 4762 7075 8956
f 4762 3725 7075
f 610 3725 4762
f 610 4762 10568
f 10568 11808 610
f 11808 8738 5010
f 4169 7861 11703
f 5362 1194 10315
f 5362 10806 1194
f 1194 12841 10315
f 12841 739 10315
f 12841 753 739
f 753 751 739
f 751 410 739
f 8990 7620 6367
f 6367 11609 8990
f 6367 12308 11609
f 12308 2106 11609
f 2106 1846 11609
f 1846 11863 11609
f 2268 3959 953
f 2268 953 11927
f 11927 953 3450
f 3450 5883 11927
f 3450 6450 5883
f 6450 9848 5883
f 6450 905 9848
f 905 863 12547
f 905 12547 7611
f 7611 12547 8944
f 7059 8567 5304
f 5304 5111 1961
f 1961 8307 7926
f 8307 12200 7926
f 2842 8307 7181
f 2842 12200 8307
f 7181 5111 5104
f 5104 8567 7759
f 6262 7759 8567
f 3927 7759 6262
f 3927 11413 7759
f 11413 3927 4291
f 1143 4291 2569
f 1143 2569 9422
f 10168 1143 9422
f 10168 9422 9690
f 5795 10168 9690
f 5795 9690 8030
f 509 5795 8030
f 10517 509 8030
f 10517 4192 509
f 7624 4192 10517
f 7624 6941 4192
f 12308 6941 7624
f 12308 2652 6941
f 12308 922 2652
f 751 3525 2000
f 753 3525 751
f 753 3733 3525
f 9298 1916 2064
f 9926 1916 9298
f 5779 1916 9926
f 10693 5255 5779
f 10693 9511 11622
f 8978 4871 9341
f 8978 981 4871
f 12137 9341 4871
f 12137 4871 1908
f 4774 4209 10301
f 6138 4774 10301
f 6138 10301 6035
f 12367 6035 5149
f 12367 5149 5029
f 8603 1960 3812
f 3812 7497 4095
f 7497 9376 4095
f 11908 12331 4
f 11809 1442 9381
f 11809 6086 1442
f 6086 9126 5458
f 2377 1338 2842
f 11413 11002 9468
f 11413 4253 11002
f 6600 4253 11413
f 6600 10623 9367
f 5299 7980 2379
f 1024 11339 2379
f 8885 1024 674
f 8885 11339 1024
f 5357 674 8860
f 5357 8885 674
f 2000 5357 8860
f 2000 7131 5357
f 3525 7131 2000
f 3525 6285 7131
f 3733 6285 3525
f 6277 7151 6465
f 2064 7151 6277
f 5255 4886 7151
f 7587 4886 5255
f 5558 607 7587
f 607 4496 12318
f 607 11819 4496
f 9046 10646 4886
f 10646 11550 6465
f 6465 5016 8986
f 6465 11550 5016
f 8986 9601 7675
f 8986 5016 9601
f 7675 9601 12176
f 9601 9979 12176
f 9979 3544 12176
f 1006 12403 2251
f 1006 2043 12403
f 2043 8866 12403
f 8866 1273 12403
f 1273 8866 5581
f 1273 9816 62
f 1273 5581 9816
f 62 9816 5049
f 62 5049 4253
f 12520 2054 10324
f 384 11856 12520
f 11856 12845 6211
f 8437 10207 4793
f 10813 8905 8437
f 8317 8790 1264
f 12282 8317 8660
f 7879 4854 11014
f 2712 12732 3086
f 3086 4496 5905
f 1908 6138 5905
f 1908 4774 6138
f 6138 6035 2712
f 2712 6035 12367
f 12367 5029 11014
f 11014 5029 7879
f 10769 7879 3555
f 2835 2413 4369
f 6225 4369 1947
f 6225 1947 1717
f 6225 1717 2187
f 2187 1717 8479
f 8479 1960 8603
f 4 8947 6295
f 4 10778 8947
f 914 9881 10778
f 5458 9881 914
f 5005 7399 1338
f 5005 8118 7399
f 5049 8118 5005
f 8037 5742 8947
f 8905 8479 7378
f 2187 8905 8790
f 2187 8479 8905
f 8317 2187 8790
f 8317 6225 2187
f 12282 4369 6225
f 7378 4438 10207
f 4793 10207 6211
f 6211 10207 5742
f 6211 5742 2054
f 11856 6211 2054
f 4438 6295 10207
f 6295 5742 10207
f 5742 6295 8947
f 8037 2054 5742
f 8037 9881 2054
f 8037 8947 10778
f 5458 914 1442
f 8118 5458 7399
f 8118 9881 5458
f 914 10778 9381
f 10778 12331 9381
f 8037 10778 9881
f 10778 4 12331
f 6295 11908 4
f 6295 6456 9376
f 4438 6456 6295
f 3934 4095 6456
f 4438 3934 6456
f 4438 8603 3934
f 7378 8603 4438
f 386 1960 8479
f 8479 8603 7378
f 1717 386 8479
f 4369 2660 1947
f 4369 2413 2660
f 2835 4369 12282
f 2835 4098 2413
f 10769 4098 2835
f 5029 3555 7879
f 5905 2712 3086
f 5905 6138 2712
f 4496 3086 189
f 9046 4496 189
f 6239 3664 10170
f 10248 3664 6239
f 10248 6239 9983
f 10248 9983 5460
f 10708 6790 504
f 504 6790 11673
f 504 11673 2245
f 2245 11673 3030
f 2245 3030 8115
f 2245 8115 1463
f 1463 8115 9681
f 9681 263 384
f 8115 12845 263
f 8115 4121 12845
f 8115 9150 4121
f 3030 9150 8115
f 3030 9594 9150
f 11673 9594 3030
f 6790 9594 11673
f 6790 2506 9594
f 6790 5335 2506
f 10900 5335 6790
f 10900 485 5335
f 417 485 10900
f 417 9448 485
f 9983 9448 417
f 11684 9983 6239
f 11684 9448 9983
f 11684 7229 9448
f 9448 7229 6848
f 11088 4854 12162
f 11088 12162 485
f 485 7889 10232
f 485 12162 7889
f 10232 7889 8660
f 10232 8660 2506
f 2506 8660 6663
f 6663 8660 1264
f 6663 1264 10813
f 6663 10813 1934
f 1934 8437 10503
f 1934 10813 8437
f 1264 8790 10813
f 8660 8317 1264
f 7889 12282 8660
f 7889 6536 12282
f 754 6536 7889
f 754 7889 12162
f 6848 4854 11088
f 7229 4854 6848
f 7229 3826 4854
f 11247 7229 11684
f 11247 12732 7229
f 3086 12732 11247
f 12732 3826 7229
f 9448 6848 11088
f 9448 11088 485
f 485 10232 5335
f 5335 10232 2506
f 2506 6663 9594
f 9594 6663 9150
f 9150 6663 1934
f 9150 10503 4121
f 9150 1934 10503
f 4121 10503 12845
f 12845 10503 4793
f 8866 9681 384
f 8115 263 9681
f 2043 9681 8866
f 2043 1463 9681
f 1006 1463 2043
f 1006 2245 1463
f 7962 2245 1006
f 813 2245 7962
f 813 504 2245
f 9979 504 813
f 9979 10708 504
f 10708 10900 6790
f 5460 10900 10708
f 9979 5460 10708
f 9601 5460 9979
f 5460 417 10900
f 9983 417 5460
f 9601 10248 5460
f 6239 10170 11684
f 10170 11247 11684
f 9046 10170 3664
f 11550 9046 3664
f 10646 9046 11550
f 189 11247 10170
f 189 3086 11247
f 9046 189 10170
f 12732 2712 3826
f 2712 12367 3826
f 3826 12367 11014
f 3826 11014 4854
f 10769 754 7879
f 4854 7879 754
f 4854 754 12162
f 754 10769 2835
f 754 2835 6536
f 6536 2835 12282
f 12282 6225 8317
f 10813 8790 8905
f 8905 7378 8437
f 8437 7378 10207
f 8437 4793 10503
f 12845 4793 6211
f 11856 263 12845
f 11856 384 263
f 12520 11856 2054
f 10324 2054 9881
f 8118 10324 9881
f 5049 10324 8118
f 9816 10324 5049
f 9816 12520 10324
f 5581 12520 9816
f 9367 1273 62
f 384 12520 5581
f 4574 1273 9367
f 8866 384 5581
f 4574 12403 1273
f 12490 12403 4574
f 12490 2251 12403
f 5299 2251 12490
f 2251 7962 1006
f 5299 301 2251
f 301 7962 2251
f 11339 301 5299
f 301 813 7962
f 11339 3544 301
f 3544 813 301
f 8885 3544 11339
f 9979 813 3544
f 8885 12176 3544
f 5357 12176 8885
f 5357 7675 12176
f 7131 7675 5357
f 10248 9601 5016
f 7131 8986 7675
f 10248 5016 3664
f 11550 3664 5016
f 4886 12318 9046
f 12318 4496 9046
f 11819 5905 4496
f 11819 1908 5905
f 12137 1908 11819
f 4501 9341 5558
f 4501 8978 9341
f 11622 4501 5558
f 5558 12137 607
f 5558 7587 11622
f 607 12137 11819
f 7587 607 4886
f 4886 607 12318
f 7151 4886 10646
f 7151 10646 6465
f 6277 6465 6285
f 6465 7131 6285
f 6465 8986 7131
f 2652 1024 6941
f 2652 674 1024
f 6941 2379 4192
f 6941 1024 2379
f 11339 5299 2379
f 4192 2379 509
f 509 2379 7980
f 509 7980 5795
f 7980 5299 12490
f 5795 7980 7701
f 7980 12490 7701
f 5795 7701 10168
f 7701 12490 4574
f 10168 7701 784
f 7701 4574 784
f 784 4574 9367
f 10168 9367 1143
f 10168 784 9367
f 1143 9367 10623
f 6600 9367 62
f 10623 11413 4291
f 10623 6600 11413
f 6600 62 4253
f 4253 5005 11002
f 4253 5049 5005
f 2377 9468 11002
f 2377 5005 1338
f 2377 11002 5005
f 9468 2377 5104
f 7759 9468 5104
f 1338 8099 2842
f 1338 7399 8099
f 5104 2377 2842
f 2842 8099 12200
f 12200 8099 1982
f 12200 1982 6567
f 8099 7476 1982
f 8099 9126 7476
f 1438 6086 11809
f 1438 8546 6086
f 11809 5928 12444
f 9381 5928 11809
f 162 5928 12331
f 11908 5773 12331
f 7497 12384 9376
f 3812 9481 7497
f 1960 9481 3812
f 1960 993 10242
f 11159 6910 101
f 11716 6404 5505
f 7148 2674 11716
f 5149 3654 1322
f 5915 3654 5149
f 5915 3403 3654
f 832 7177 5915
f 461 832 10301
f 461 3613 832
f 8162 2512 10363
f 10611 2512 8576
f 8576 2512 8978
f 2512 8162 8978
f 8162 5731 981
f 11758 4871 981
f 11758 4209 4871
f 4209 461 10301
f 832 5915 10301
f 981 7078 11758
f 5731 7078 981
f 10568 8576 9511
f 9511 8576 4501
f 11808 9511 3024
f 11808 10568 9511
f 10611 8576 10568
f 10363 8854 713
f 8956 8252 10363
f 713 9590 5731
f 9590 5934 7078
f 8956 10363 10611
f 10611 10363 2512
f 8162 10363 713
f 8162 713 5731
f 5731 9590 7078
f 7078 6356 11758
f 11758 6356 461
f 11758 461 4209
f 1322 7148 5149
f 5505 6910 4098
f 6910 11159 4098
f 269 4129 10474
f 6910 5505 6404
f 11159 101 12127
f 11159 12127 269
f 269 12127 6679
f 269 6679 4129
f 2425 4129 1530
f 4129 386 10474
f 4129 2425 386
f 2425 993 386
f 1960 10242 9481
f 9481 12384 7497
f 9126 8546 7476
f 7399 5458 8099
f 9126 6086 8546
f 5458 9126 8099
f 5458 1442 6086
f 914 9381 1442
f 12331 5928 9381
f 11908 10356 5773
f 9376 10356 11908
f 6295 9376 11908
f 6456 4095 9376
f 3934 3812 4095
f 8603 3812 3934
f 386 993 1960
f 10474 386 1717
f 10474 1717 1947
f 1947 269 10474
f 2660 269 1947
f 2660 11159 269
f 2413 11159 2660
f 4098 11159 2413
f 5505 4098 10769
f 3555 5505 10769
f 3555 11716 5505
f 5029 11716 3555
f 7148 11716 5029
f 5149 7148 5029
f 5915 5149 6035
f 10301 5915 6035
f 4774 1908 4209
f 4871 4209 1908
f 12137 5558 9341
f 8978 8162 981
f 8978 4501 8576
f 9511 4501 11622
f 10693 3024 9511
f 10693 2988 3024
f 10693 5175 2988
f 10693 11622 5255
f 10693 5779 5175
f 5255 11622 7587
f 5779 9926 4169
f 5779 5255 1916
f 5255 7151 1916
f 7151 2064 1916
f 9298 1194 10806
f 9298 2064 3539
f 9298 3539 1194
f 3539 2064 6277
f 6277 3733 3539
f 3539 12841 1194
f 3539 3733 12841
f 6277 6285 3733
f 3733 753 12841
f 2000 1876 751
f 2000 8860 1876
f 8860 922 1876
f 1876 922 7620
f 8860 674 922
f 922 6367 7620
f 922 12308 6367
f 674 2652 922
f 9690 953 3959
f 9690 9422 953
f 9422 3450 953
f 9422 2569 3450
f 2569 6450 3450
f 2569 863 6450
f 1143 10623 4291
f 2569 4291 863
f 863 4291 12547
f 12547 4291 3927
f 11413 9468 7759
f 7181 5104 2842
f 5111 7181 8307
f 1961 7926 272
f 9746 272 2374
f 9746 1961 272
f 5111 8307 1961
f 5304 9746 7059
f 5304 1961 9746
f 8567 5111 5304
f 8567 5104 5111
f 7059 7886 8944
f 8944 8567 7059
f 8944 6262 8567
f 3927 8944 12547
f 3927 6262 8944
f 863 905 6450
f 2268 669 3959
f 669 9690 3959
f 669 8030 9690
f 11862 669 2268
f 669 10517 8030
f 11862 1846 669
f 1846 10517 669
f 11863 1846 11862
f 1846 7624 10517
f 2106 7624 1846
f 2106 12308 7624
f 410 1876 7620
f 410 751 1876
f 10806 9926 9298
f 5556 10806 5362
f 5556 7861 10806
f 7861 9926 10806
f 4169 9926 7861
f 11703 7861 5556
f 4169 5175 5779
f 12123 4169 11703
f 12123 11726 4169
f 11726 5175 4169
f 11726 2988 5175
f 3039 11726 12123
f 3039 2988 11726
f 3039 8738 2988
f 8738 3024 2988
f 11808 3024 8738
f 3266 8738 3039
f 3266 5010 8738
f 1764 5010 3266
f 5010 610 11808
f 10611 10568 4762
f 1764 610 5010
f 4762 8956 10611
f 1821 3725 1764
f 1821 8927 11502
f 610 1764 3725
f 8927 8955 9311
f 7677 5937 3549
f 7677 8955 5937
f 8927 1764 3266
f 5937 3266 3039
f 3039 12123 5937
f 5937 8184 3549
f 12820 8184 5269
f 11703 5556 8184
f 5269 8184 5556
f 5269 5556 10358
f 10315 4720 6116
f 6116 4720 1176
f 739 4156 1176
f 739 410 4156
f 6043 1176 4156
f 6043 4156 11810
f 410 2427 4156
f 11810 4156 2427
f 410 7620 2427
f 11810 2427 525
f 525 2427 8929
f 7620 8990 2427
f 8929 11330 525
f 8929 8928 11330
f 11863 3752 926
f 10994 926 3752
f 11863 11862 3752
f 3752 11862 8878
f 11862 2268 7297
f 8878 11862 7297
f 7297 11761 3064
f 8932 6118 11761
f 8932 8930 6118
f 8930 11953 6118
f 8930 8931 5693
f 8931 10867 5693
f 8931 5854 10867
f 8931 4205 5854
f 4205 10570 5854
f 10570 4669 5854
f 10570 9382 4669
f 9382 12456 4669
f 9382 10030 12456
f 12456 10030 8123
f 12456 8123 6893
f 6893 8123 6417
f 286 2131 1564
f 286 1564 7397
f 10560 9114 6317
f 6317 9114 10280
f 9205 6317 10280
f 3467 9205 10280
f 7397 6317 8427
f 1564 10560 6317
f 1564 6317 7397
f 5045 7397 8166
f 5045 286 7397
f 2131 10560 1564
f 2131 2371 10560
f 6417 2131 286
f 6417 5045 6893
f 6417 286 5045
f 8123 2374 2131
f 8123 2131 6417
f 8930 9848 8989
f 9848 905 8989
f 8930 8989 8931
f 8931 8989 4205
f 8989 7611 4205
f 8989 905 7611
f 4205 7611 8944
f 4205 8944 7886
f 7720 7886 7059
f 7720 7059 9746
f 9382 5857 10030
f 9382 7720 5857
f 7720 9746 5857
f 5857 9746 2374
f 10030 2374 8123
f 10030 5857 2374
f 2374 7463 2131
f 2371 2131 7463
f 2371 9489 6013
f 272 9074 9489
f 7926 9074 272
f 7926 12200 6567
f 6567 3383 388
f 1982 3448 6518
f 8546 8344 7476
f 12444 2417 11809
f 162 12444 5928
f 162 12331 5773
f 101 7912 12127
f 101 12714 7912
f 12714 6404 5521
f 10432 11551 2674
f 10432 2674 1322
f 6160 10432 1322
f 6160 1322 8539
f 3403 9741 8539
f 7177 9741 3403
f 9330 8007 12812
f 12812 5818 7177
f 6910 12714 101
f 6404 12714 6910
f 6404 11716 11551
f 2674 11551 11716
f 1322 2674 7148
f 3654 3403 8539
f 3403 5915 7177
f 7177 832 12812
f 3613 12812 832
f 3613 9330 12812
f 6356 3613 461
f 5934 6356 7078
f 1668 713 3601
f 1668 9590 713
f 3601 713 8854
f 8854 10363 8252
f 8956 10890 8252
f 280 8854 8252
f 10890 588 8252
f 6122 280 7109
f 6122 8624 8881
f 8854 6122 3601
f 1668 6122 8881
f 3296 1668 8881
f 3296 9530 164
f 3296 8881 9530
f 3296 5934 9590
f 164 869 4352
f 4352 12778 11965
f 5934 4352 11965
f 11965 12778 8007
f 12778 8449 8007
f 11965 8007 9330
f 8449 3249 5818
f 8007 8449 5818
f 8007 5818 12812
f 4831 1677 9741
f 9741 1677 6542
f 6542 2666 6160
f 7177 5818 9741
f 9741 6542 8539
f 8539 6542 6160
f 6160 2666 1557
f 2666 12911 1557
f 1557 6284 10046
f 10432 10046 11551
f 10432 1557 10046
f 7912 2213 6679
f 2213 369 6679
f 369 5039 6679
f 6844 10242 2201
f 1936 10637 6033
f 6844 1954 1936
f 5521 11945 12714
f 12714 11945 6725
f 12714 6725 7912
f 7912 6679 12127
f 6679 5039 1530
f 1530 5039 555
f 1530 555 6764
f 2201 2425 1530
f 10242 6844 1936
f 1936 6033 9481
f 6475 317 12384
f 317 2567 12384
f 10356 2567 9740
f 9740 11613 1517
f 162 1517 11613
f 11613 3522 162
f 2417 8019 11169
f 2417 11169 1438
f 7906 11169 8019
f 5379 11169 7524
f 3928 7476 5379
f 3448 3928 8974
f 3383 8974 1450
f 9074 388 6013
f 1450 8974 11781
f 6013 388 1450
f 2371 5559 10560
f 10560 5559 9114
f 9114 219 10280
f 1450 11781 9470
f 3334 5379 10898
f 7524 11169 7906
f 8019 881 3522
f 6033 10637 6475
f 1936 1954 10637
f 2201 6764 6844
f 1310 6764 555
f 2587 1310 555
f 2587 555 5039
f 5039 369 2587
f 2213 9203 369
f 6725 2213 7912
f 6725 10117 2213
f 6725 11945 10117
f 5521 6284 9630
f 10046 6284 5521
f 12911 9574 6284
f 12911 3945 9574
f 6284 1557 12911
f 2666 3945 12911
f 2666 6542 1677
f 4831 11294 1677
f 3249 8449 6605
f 12778 10822 8449
f 869 8496 4352
f 869 164 9530
f 8624 9530 8881
f 9655 5156 8624
f 8624 6122 7109
f 2623 9655 7109
f 7109 280 12657
f 12657 2623 7109
f 8601 12657 280
f 3114 11796 10549
f 3114 11348 11796
f 12302 11348 3114
f 11348 8448 12525
f 3310 8448 11348
f 5109 8448 3310
f 4100 5109 3310
f 4100 3310 12302
f 8448 1664 12525
f 1664 7589 7128
f 1664 7128 11905
f 5771 12390 2497
f 5771 2497 2623
f 12302 3310 11348
f 5645 3114 10549
f 8985 5645 7848
f 7848 5176 9873
f 7848 9216 8092
f 1076 8092 9216
f 10194 9873 5176
f 9216 524 1076
f 524 5203 1076
f 9873 1821 524
f 1821 11502 524
f 10089 2124 10220
f 11502 9311 10089
f 9311 8955 153
f 8955 7677 153
f 3325 12093 7338
f 3549 8184 12820
f 2817 3065 9856
f 10358 10315 6116
f 6116 1176 8161
f 1176 6043 8161
f 525 12352 6448
f 525 11330 12352
f 11330 8928 6117
f 6117 8928 926
f 6117 926 10994
f 3752 2953 10994
f 3752 8878 2953
f 8878 3064 9855
f 11953 8930 5693
f 556 6893 3381
f 3381 5045 1025
f 3381 6893 5045
f 8166 7397 8427
f 6173 8166 6806
f 6806 8166 11896
f 9205 8427 6317
f 11896 8427 2243
f 2243 6888 11896
f 2243 6745 6888
f 9205 3467 361
f 9512 11781 8711
f 8711 3334 10898
f 8737 10898 5379
f 8136 8737 7524
f 10511 8136 7906
f 1661 10511 8019
f 718 1661 3522
f 11613 718 3522
f 10818 9740 2567
f 1954 12633 5259
f 6844 12633 1954
f 6844 6764 1310
f 2587 1528 1310
f 369 1528 2587
f 369 9203 1528
f 2213 10117 9203
f 9630 9886 11945
f 9630 1256 9886
f 11190 1256 9630
f 6284 11190 9630
f 3945 2666 11294
f 10822 10484 6605
f 11895 10822 12778
f 11895 12778 8496
f 869 1728 8496
f 8489 9530 5156
f 11905 2623 12657
f 11905 8601 12525
f 11905 12657 8601
f 11348 12525 11796
f 12525 1664 11905
f 2623 11905 7128
f 2623 7128 5771
f 2623 2497 9655
f 5156 5702 12785
f 5156 2497 5702
f 12785 4636 8489
f 8489 4636 1728
f 8489 1728 869
f 1728 4636 1896
f 1896 3048 6031
f 5817 11882 4458
f 4458 3684 203
f 203 3684 9950
f 174 4413 3479
f 3479 2490 491
f 9886 7773 7698
f 9203 10292 11207
f 9203 11207 283
f 1528 283 1845
f 1528 1845 11444
f 12633 1708 5259
f 1708 11209 5259
f 491 2490 6293
f 1728 1896 11895
f 6031 3048 5817
f 10822 6031 10484
f 10484 203 3249
f 11294 9950 174
f 11294 174 3945
f 3945 174 3479
f 3945 491 9574
f 6293 9574 491
f 9574 6293 1815
f 1256 7773 9886
f 7698 10117 9886
f 7698 10292 10117
f 10117 10292 9203
f 9203 283 1528
f 1310 11444 12591
f 12633 12591 1708
f 12633 6844 12591
f 11209 10135 4913
f 12441 10637 4913
f 12441 317 10637
f 12441 6185 10818
f 439 10818 6185
f 439 9740 10818
f 439 6185 5080
f 439 11366 9740
f 11366 7591 718
f 11366 718 11613
f 8136 5097 8737
f 8737 9895 10898
f 2056 9512 8711
f 2697 2056 1036
f 4376 9512 2056
f 2356 8537 4376
f 2356 4381 8537
f 1211 1375 2356
f 1211 1778 1375
f 1211 2356 4484
f 2697 4484 4376
f 5097 1770 8737
f 5232 5097 8136
f 2133 5232 10511
f 5764 718 7591
f 10135 11153 12441
f 12591 4616 1708
f 11444 2557 12591
f 11444 1845 1694
f 11207 1845 283
f 1815 7773 1256
f 1815 90 7773
f 10277 6293 2490
f 767 10277 2490
f 9300 4413 174
f 9300 174 9950
f 4737 9300 9950
f 3684 4737 9950
f 6660 3684 4458
f 11882 6660 4458
f 11328 6660 11882
f 3048 11882 5817
f 3048 4958 11328
f 4636 1674 3048
f 12785 3536 4636
f 7695 5702 2497
f 12390 7695 2497
f 487 7589 8448
f 3964 487 5109
f 1380 3964 5109
f 7474 3964 1380
f 11671 10850 785
f 11671 7818 6368
f 1221 6368 7818
f 1221 6045 538
f 538 6045 930
f 10850 11671 2861
f 2861 321 10850
f 1695 6167 487
f 6167 12266 7532
f 12266 986 7532
f 8650 6852 12390
f 6852 12716 12390
f 10850 7474 1380
f 10850 1380 785
f 487 3964 1695
f 487 7532 7589
f 5771 8650 12390
f 12390 12716 7695
f 7695 12716 5702
f 12785 9638 3536
f 3536 565 1674
f 4958 8968 11328
f 11328 6165 1007
f 4737 12436 9300
f 12436 7983 4413
f 4413 7983 767
f 2596 4487 2522
f 6534 11153 9417
f 3204 4119 5080
f 3579 7247 4119
f 9417 4487 8098
f 2596 2522 4616
f 11297 2596 4616
f 8547 9870 4737
f 3536 1674 4636
f 6660 11328 1007
f 6660 1007 8547
f 6660 8547 3684
f 3684 8547 4737
f 9300 12436 4413
f 10277 8802 6293
f 6293 8802 90
f 4467 4860 728
f 4467 728 3747
f 3747 728 6140
f 1969 597 1845
f 597 2923 1694
f 1694 8976 11297
f 4616 12591 2557
f 2522 1708 4616
f 2522 11209 1708
f 4487 10135 11209
f 4487 9417 10135
f 3579 2615 5764
f 2615 12725 5764
f 2615 2133 12725
f 11598 12901 2133
f 8312 1770 1446
f 8312 1036 1770
f 8312 1301 1036
f 1301 8911 2697
f 8911 4803 4484
f 6071 1778 1211
f 6071 2466 5048
f 10942 1778 6071
f 6566 1643 2514
f 6566 10942 1643
f 6745 2514 12678
f 6745 6566 2514
f 2514 1643 11951
f 12678 11951 8415
f 12678 8415 12837
f 12678 2514 11951
f 12678 2285 6066
f 6888 6745 12678
f 5895 6888 6066
f 5895 11896 6888
f 5895 6066 1269
f 11896 5895 6806
f 2482 8262 4802
f 328 2482 4802
f 328 4802 11688
f 1275 11688 9858
f 1275 328 11688
f 11569 1275 9858
f 11569 9858 3121
f 9854 11569 3121
f 9850 3121 7490
f 9850 9854 3121
f 9852 7490 3112
f 9852 9850 7490
f 9852 3112 9442
f 9857 9852 9442
f 9853 9857 9442
f 12161 8557 9853
f 10077 9362 12161
f 1275 1025 6173
f 11569 1025 1275
f 4415 1025 11569
f 4415 3381 1025
f 9854 4415 11569
f 9854 12550 4415
f 12550 3381 4415
f 9850 12550 9854
f 12550 556 3381
f 12550 10411 556
f 9850 10411 12550
f 9852 10411 9850
f 9852 5613 10411
f 9852 5345 5613
f 9857 5345 9852
f 9853 5345 9857
f 9853 10867 5345
f 9853 5693 10867
f 8557 5693 9853
f 8557 11953 5693
f 9362 11953 8557
f 8759 11953 9362
f 8759 12219 11953
f 3156 7788 12219
f 705 9855 5874
f 6664 5822 8355
f 6664 795 5822
f 7044 795 6664
f 7044 7423 795
f 9855 705 8878
f 2953 8878 705
f 5822 10994 2953
f 795 10994 5822
f 7423 10994 795
f 8340 10994 7423
f 12352 11330 8340
f 12352 9432 9610
f 12352 9610 4250
f 6448 12352 4250
f 2182 6448 4250
f 2182 3581 6448
f 6448 11810 525
f 3581 6043 11810
f 8390 6043 3581
f 8390 8161 6043
f 9856 12820 2817
f 2457 12820 9856
f 2457 12093 12820
f 7338 12093 2457
f 6420 3325 7338
f 6420 153 3325
f 3242 153 6420
f 3242 2124 153
f 10220 2124 3242
f 10220 6681 10089
f 6681 5203 10089
f 3359 6681 6676
f 1076 5203 6681
f 1076 9798 8092
f 12304 9798 10487
f 12304 8092 9798
f 12304 12469 8092
f 8985 7848 8092
f 5234 12469 12304
f 8985 3114 5645
f 3114 787 12302
f 5234 8985 12469
f 10591 8985 5234
f 4100 12302 787
f 4100 5785 5109
f 1380 5109 5785
f 10574 11671 785
f 10574 7818 11671
f 10574 4100 10591
f 10574 5785 4100
f 7818 6045 1221
f 6045 5234 12304
f 6045 7737 930
f 7737 4731 5627
f 12304 10487 4731
f 5627 4731 10487
f 10487 7480 5627
f 10487 168 7480
f 4249 168 9282
f 3359 48 168
f 3359 6676 48
f 9282 168 48
f 9282 7045 10999
f 9282 48 7045
f 7045 9851 10999
f 3242 6420 9851
f 9851 6420 7338
f 10933 5699 2721
f 9856 9849 2784
f 8864 6823 3125
f 7313 8864 8390
f 7313 8390 11283
f 11283 8390 82
f 82 8390 3581
f 82 3581 2182
f 5661 4250 1168
f 5661 2182 4250
f 1083 6601 10525
f 1083 2128 6601
f 2128 9432 7423
f 2128 7423 7044
f 7044 6664 6601
f 10525 6664 5722
f 10525 6601 6664
f 5722 6664 8346
f 8355 938 6664
f 8346 6664 938
f 8355 705 938
f 8346 938 12199
f 5874 9855 6349
f 6349 11125 12905
f 6349 9855 11125
f 11125 3156 6890
f 6890 3156 8759
f 10077 8759 9362
f 9442 7838 6288
f 7326 7365 2600
f 7326 3667 7365
f 3667 10079 7365
f 10079 5930 9917
f 10079 3667 5930
f 8262 2482 1269
f 11840 11118 2600
f 11840 8262 11118
f 8262 1269 11118
f 2600 11118 7326
f 12837 2807 2285
f 10687 5930 3667
f 2807 12837 10687
f 12040 8415 9148
f 10873 1643 5048
f 7139 4803 8911
f 4884 2 5232
f 11598 9248 12901
f 3579 4512 2615
f 6534 6793 3204
f 6534 9417 6793
f 4487 2596 10920
f 12436 233 7983
f 9870 233 12436
f 9870 12436 4737
f 9870 1669 3501
f 8547 1669 9870
f 11860 1669 8547
f 6165 11860 1007
f 8968 7444 6165
f 8968 6165 11328
f 4958 11693 8968
f 534 11693 565
f 1621 534 565
f 3536 1621 565
f 7123 4001 1621
f 7123 1621 3536
f 7123 3536 9638
f 7123 9638 12716
f 12716 4613 7123
f 6852 8650 4695
f 11691 4695 8650
f 11691 7246 4695
f 11691 8650 986
f 12266 11691 986
f 12266 897 11691
f 1695 12266 6167
f 1695 9461 12266
f 11067 9806 7691
f 7691 6731 11067
f 2502 3527 6731
f 9693 803 2481
f 2481 6731 3527
f 2502 6731 7691
f 2502 7691 5409
f 9029 5409 9731
f 9029 5314 5409
f 9029 9731 6654
f 338 858 9621
f 11067 9461 1695
f 9806 11067 1695
f 7474 10850 321
f 9731 2861 338
f 5490 338 2861
f 5490 858 338
f 5490 2861 11671
f 9621 11229 6813
f 6813 11229 7122
f 858 11671 6368
f 858 5490 11671
f 858 11229 9621
f 858 6368 11229
f 1221 11229 6368
f 1221 538 11229
f 11229 7584 7122
f 11229 538 7584
f 538 5777 7584
f 7584 5777 9134
f 930 10299 5777
f 930 7737 10299
f 9134 10299 6322
f 9134 5777 10299
f 7737 5627 10299
f 10299 9342 6322
f 7480 168 4249
f 4249 9282 6373
f 9282 10999 7945
f 10999 9851 1998
f 1998 5699 10933
f 1998 9851 5699
f 6623 2721 7948
f 7948 2721 4946
f 4946 2721 2784
f 3125 2784 9849
f 9849 8864 3125
f 6823 11283 1346
f 1346 11283 1348
f 1348 11283 82
f 1348 82 1082
f 1082 82 2182
f 1082 2182 5661
f 1083 1168 2128
f 1083 551 8655
f 1083 10525 551
f 1347 12905 6890
f 1347 6890 864
f 864 10077 1081
f 1081 10077 12161
f 235 12161 6288
f 865 7838 3112
f 865 3112 4212
f 4437 10603 4528
f 4528 5571 8223
f 4528 10603 5571
f 8223 11840 10706
f 8223 5571 11840
f 10706 11840 470
f 470 11840 2600
f 470 2600 4477
f 4477 2600 7365
f 10687 1398 5930
f 10687 10163 1398
f 9917 5930 1398
f 11519 5413 9264
f 11519 1398 5413
f 9264 5413 5842
f 10687 10400 10163
f 10400 10687 12837
f 10400 12040 3095
f 10400 12837 12040
f 3095 12040 10551
f 4928 5048 2466
f 4928 4573 5048
f 2345 7139 6685
f 6685 8911 5724
f 8312 7061 11566
f 12901 9827 4884
f 10812 11586 9248
f 10812 2615 4512
f 6793 5463 3204
f 3501 233 9870
f 11860 1501 1669
f 8735 1501 11860
f 7444 8735 11860
f 7444 11860 6165
f 8968 11693 3662
f 4001 7963 1621
f 4613 12716 1499
f 6870 1499 4695
f 6870 4695 7246
f 9461 897 12266
f 9461 11067 7312
f 6731 7312 11067
f 6731 2481 7312
f 2481 803 7312
f 7312 803 4031
f 4031 12784 9461
f 4075 353 7246
f 7246 353 6870
f 9461 12784 897
f 8154 176 4613
f 6870 8154 1499
f 4613 176 9059
f 9059 5415 9709
f 6429 12499 3662
f 8112 216 10954
f 216 5463 10954
f 5463 3773 11466
f 3773 3743 11466
f 4613 9059 4001
f 7963 9059 9709
f 534 7963 9709
f 534 9709 6429
f 3662 12499 12177
f 7444 12177 8735
f 10935 10516 8098
f 10516 10954 6793
f 5659 3743 1205
f 11586 10812 1374
f 5319 11586 1374
f 5319 9890 11586
f 12587 9890 5319
f 9890 12587 2698
f 6358 2 9827
f 2698 7820 6358
f 7820 8312 6358
f 7061 8312 7820
f 5724 11566 7061
f 7076 4573 4928
f 3131 7076 4928
f 3117 1389 4237
f 3117 8011 5955
f 10400 3095 725
f 10551 1389 10499
f 725 3095 8595
f 10499 1389 363
f 11388 725 8595
f 11388 4384 9436
f 3131 4928 2345
f 10193 3622 6685
f 12587 5319 155
f 5463 216 3773
f 12499 6429 9537
f 9537 6429 9709
f 5415 10527 9537
f 5415 9537 9709
f 176 5415 9059
f 176 1679 5415
f 7777 11441 176
f 353 8154 6870
f 353 4075 12737
f 3179 353 12737
f 4359 3179 12737
f 803 6792 4359
f 9693 6792 803
f 3527 9693 2481
f 12643 11376 2961
f 2961 11376 7021
f 7023 12108 5314
f 7023 2961 12108
f 11778 7021 3527
f 11778 2961 7021
f 11778 3527 2502
f 5314 2502 5409
f 12108 11778 2502
f 371 9029 6654
f 6654 12432 371
f 6654 7158 12432
f 6654 11417 7158
f 6654 12810 11417
f 9731 338 6654
f 11417 12810 9967
f 5126 9967 6813
f 5126 1511 4907
f 338 9621 12810
f 5705 5126 6813
f 5705 11146 11334
f 6813 11146 5705
f 7584 9134 12443
f 7944 7947 2258
f 5153 6373 9282
f 5153 9282 7945
f 4946 2784 9327
f 9327 2784 3125
f 3125 4811 9327
f 3125 6823 4811
f 4811 8012 4994
f 8012 3576 4994
f 8012 11538 3576
f 8776 1082 11024
f 11024 330 1449
f 1449 3010 3990
f 1449 330 3010
f 11024 5457 330
f 330 6418 3010
f 5292 6418 3844
f 6418 748 3844
f 8655 551 748
f 748 1906 3844
f 11123 1906 8527
f 11123 3844 1906
f 8527 1906 11467
f 11467 1906 4459
f 11467 11931 5229
f 11467 4459 11931
f 5229 9493 4202
f 5229 11931 9493
f 4202 9493 10489
f 4202 10489 9335
f 4202 9335 1686
f 1686 9335 5125
f 12362 12220 12649
f 12649 12220 10801
f 12649 10801 12006
f 9335 7946 5125
f 7946 12362 5125
f 7946 12220 12362
f 235 8778 10801
f 12006 10801 8778
f 12006 10877 10483
f 12006 8778 10877
f 10483 7943 11384
f 10483 10877 7943
f 11384 7943 2759
f 2759 4315 9565
f 4315 6979 9565
f 4528 8223 1390
f 1390 10706 5929
f 1390 8223 10706
f 5929 10706 470
f 4583 4477 1267
f 9070 7614 11157
f 9070 1267 7614
f 12653 9917 11519
f 10604 12653 9238
f 12653 11519 9264
f 5413 9436 5842
f 10737 9436 4690
f 10737 5842 9436
f 4384 11047 2193
f 11824 3355 8724
f 5173 5955 8011
f 10261 8011 7076
f 10261 7076 3131
f 5479 3822 3622
f 10800 10193 5724
f 5695 10800 5724
f 3773 2016 3743
f 7093 5306 9537
f 1679 7176 10577
f 1679 176 11441
f 7777 8154 5866
f 10751 5866 353
f 10751 353 3179
f 12713 6792 9693
f 12713 5761 12118
f 12713 12118 6792
f 3179 854 10751
f 854 4748 10751
f 12750 8401 7777
f 7777 8401 11441
f 11441 8700 1679
f 1679 8700 7176
f 10577 2358 10527
f 10527 2358 2203
f 2811 11766 999
f 2811 999 1819
f 2811 1819 1410
f 9002 10602 4563
f 10804 9083 10378
f 1399 11766 2016
f 2016 1207 1399
f 2016 2811 1205
f 2811 1410 10674
f 1410 2342 10674
f 9083 10602 7820
f 4563 10602 9083
f 10800 11717 10885
f 5717 11767 3822
f 11767 3131 3822
f 11767 10261 3131
f 4112 10261 11767
f 5036 4112 11767
f 4112 8385 10261
f 10076 5173 8385
f 10076 4030 363
f 2575 4030 5077
f 4185 2575 5077
f 4030 10076 224
f 6061 12913 1800
f 4112 12913 6061
f 4112 5036 12913
f 5717 6724 11392
f 5479 10885 2244
f 11717 6724 10885
f 11717 2902 9884
f 10800 2902 11717
f 9002 3425 2902
f 9002 4563 3425
f 4563 10279 3425
f 10804 10279 4563
f 2592 11886 10279
f 10378 2342 2592
f 999 12877 1819
f 11766 3078 999
f 10701 3994 3183
f 3183 6010 6206
f 10879 11886 10971
f 10879 10279 11886
f 2074 10279 10879
f 4980 7590 9884
f 7590 2002 6724
f 11392 6724 2002
f 11392 7201 8200
f 6343 2622 9267
f 2622 1800 12913
f 9724 7968 6078
f 11394 2050 7968
f 11394 1349 2050
f 2563 3309 12568
f 12568 7379 918
f 7080 7379 1805
f 7080 918 7379
f 4750 10412 10063
f 1163 10412 4750
f 1163 2826 7896
f 1163 4750 2826
f 7896 4198 479
f 479 9801 2525
f 479 4198 9801
f 11048 1938 5000
f 11048 5000 5207
f 1931 11048 5207
f 1931 5207 9516
f 8810 1931 9516
f 7672 8810 9516
f 7672 2500 8810
f 9906 2500 7672
f 9906 3106 2500
f 5181 3106 9906
f 4770 8088 5181
f 9834 4770 626
f 9834 8088 4770
f 9834 626 7300
f 11917 9834 7300
f 11917 7300 1825
f 1825 5856 11917
f 6311 5856 1825
f 6311 2073 5856
f 7248 2073 6311
f 10612 2073 7248
f 10612 9528 2073
f 311 9528 10612
f 311 987 9528
f 6932 987 311
f 6932 7704 987
f 6932 8451 7704
f 2227 7704 8451
f 2227 8451 3190
f 5850 2227 3190
f 5850 3190 6242
f 12333 539 11852
f 5967 12333 11852
f 10897 11861 3971
f 10897 5967 11861
f 4228 11861 10649
f 4228 5471 11861
f 10649 11861 3006
f 10649 3006 11351
f 11351 3006 11901
f 11901 11852 5406
f 5406 6752 5681
f 5681 6752 7680
f 7680 6752 6120
f 7680 6120 10038
f 10038 6120 9507
f 596 311 10986
f 596 6932 311
f 10986 311 10612
f 10986 10612 348
f 348 7248 2679
f 348 10612 7248
f 2679 7248 6311
f 4770 5181 9906
f 10456 9906 7672
f 7672 9516 6444
f 6444 9516 11461
f 11461 9516 5207
f 11461 5000 9261
f 11461 5207 5000
f 9261 5000 8192
f 8192 5000 7164
f 8192 7164 11634
f 11634 7164 1239
f 1239 9801 8656
f 8656 9801 11939
f 11939 2826 2429
f 4750 10063 10918
f 10063 7866 10918
f 10063 1805 7866
f 10918 10282 3670
f 1296 2858 3309
f 1296 3309 10024
f 10024 2563 4529
f 9398 4529 11394
f 9398 7968 7356
f 4681 5907 5981
f 4681 8200 11979
f 7201 1225 11979
f 4638 10492 2848
f 2453 1794 4247
f 7115 6010 4178
f 7115 3385 6010
f 3385 7115 1794
f 1794 2453 3385
f 4638 1487 6011
f 2848 7201 12541
f 10264 1128 7356
f 10264 7356 9724
f 7370 1296 10024
f 10282 4753 4215
f 10282 2858 4753
f 12573 9518 4985
f 2118 9188 7575
f 12297 7575 9188
f 8456 7601 11221
f 8456 8617 7601
f 7287 8617 8456
f 7287 56 9261
f 4924 9261 56
f 11511 6444 4135
f 11511 104 6444
f 5657 8608 104
f 3697 8608 5657
f 326 8461 3697
f 326 1917 8461
f 8898 1917 326
f 8898 10022 1917
f 10022 8898 9742
f 5475 10022 9742
f 566 4371 7027
f 566 1472 4371
f 9329 4371 5267
f 9329 7027 4371
f 5267 5787 12851
f 5267 2538 5787
f 10658 5787 1842
f 10658 1842 10633
f 452 10633 7129
f 7129 9363 5960
f 5006 866 2538
f 866 5009 4088
f 866 5006 5009
f 4371 5009 5006
f 4371 1472 5009
f 5009 1472 9742
f 9742 8898 2989
f 5382 2989 8898
f 5382 8898 326
f 9779 326 3697
f 4572 866 10382
f 4572 2538 866
f 9363 4572 12180
f 5960 9363 12180
f 4348 5960 2194
f 2857 2228 4348
f 11790 4775 2228
f 8887 4775 1529
f 8887 4691 2228
f 4691 716 4348
f 1715 12869 716
f 452 6943 10633
f 6943 3531 10633
f 6943 5687 3531
f 2746 5687 6943
f 3284 4578 2068
f 3284 2068 5989
f 4989 348 7592
f 4989 10986 348
f 7592 348 2679
f 2679 7027 9329
f 2679 5495 7027
f 7592 2679 9329
f 12851 4989 7592
f 5989 10986 4989
f 5989 4989 12851
f 3531 12851 10658
f 3531 3284 12851
f 5989 596 10986
f 3284 5989 12851
f 3284 3531 4578
f 4578 9507 2068
f 5687 4578 3531
f 4578 10038 9507
f 7472 10038 4578
f 12712 2378 12326
f 11881 12712 12326
f 11881 12326 7736
f 7736 12326 2746
f 7736 2746 6943
f 5966 6943 4308
f 5966 7736 6943
f 5797 4308 12869
f 5797 5966 4308
f 2866 5966 5797
f 4863 5966 2866
f 6964 7801 4490
f 4490 12712 11881
f 4490 7871 12712
f 7871 2378 12712
f 7871 6827 2378
f 6827 5681 2378
f 7871 11901 6827
f 11351 11901 7871
f 7801 10649 11351
f 8853 10649 7801
f 8853 4964 5002
f 3459 3377 4964
f 3860 11988 3459
f 11988 572 8304
f 8304 11323 11988
f 1058 3377 11323
f 7765 10498 5002
f 3897 10498 7765
f 5530 10094 12664
f 6549 11314 10094
f 8207 5374 6549
f 4837 262 5374
f 5128 8070 262
f 3026 741 8070
f 3026 3063 741
f 3063 4589 741
f 3063 2005 4589
f 741 8371 12184
f 741 4589 8371
f 7920 12184 8371
f 12184 7920 6305
f 6305 7920 10802
f 6305 2971 10897
f 6305 10802 2971
f 2971 9680 10332
f 2971 10332 5967
f 5967 1026 12333
f 5967 10332 1026
f 12333 1026 539
f 5471 4920 3971
f 7125 4920 5471
f 7125 9149 4920
f 9149 7125 11314
f 9149 11314 5374
f 4693 890 4228
f 4228 8853 4693
f 10498 8853 5002
f 10498 4693 8853
f 10094 890 4693
f 11314 890 10094
f 11314 7125 890
f 890 7125 5471
f 890 5471 4228
f 10802 9680 2971
f 4920 10897 3971
f 4920 6305 10897
f 10802 9952 9680
f 7920 9952 10802
f 9149 6305 4920
f 9149 12184 6305
f 8070 12184 9149
f 8070 741 12184
f 262 9149 5374
f 262 8070 9149
f 6549 5374 11314
f 10094 10498 12664
f 10094 4693 10498
f 3377 7765 5002
f 3377 3459 11323
f 694 1547 7658
f 694 5730 1547
f 3187 10996 7658
f 3187 7658 1547
f 446 8887 1529
f 7108 4691 8887
f 6607 1715 7108
f 4006 1715 6607
f 6671 2866 6611
f 6964 3860 10906
f 3459 10906 3860
f 6671 3860 6964
f 11988 3860 2344
f 2344 3860 6671
f 6671 6611 2344
f 6611 536 2344
f 6611 8421 536
f 4006 6607 790
f 6607 446 790
f 790 8421 4006
f 2866 5797 6611
f 8421 6611 4006
f 4006 6611 5797
f 6607 7108 446
f 7108 8887 446
f 572 2344 536
f 572 11988 2344
f 11323 3459 11988
f 3459 4964 10906
f 3377 5002 4964
f 4964 8853 7801
f 4964 7801 10906
f 7801 7871 4490
f 7801 11351 7871
f 6964 10906 7801
f 6964 4490 2057
f 6671 6964 2057
f 2057 4490 11881
f 11881 4863 2057
f 6671 2057 2866
f 4863 2866 2057
f 4006 5797 12869
f 4863 7736 5966
f 4863 11881 7736
f 12326 2378 7472
f 12326 7472 2746
f 2746 7472 4578
f 2746 4578 5687
f 4308 6943 452
f 12869 1715 4006
f 12869 4308 452
f 1715 716 7108
f 12869 452 716
f 7108 716 4691
f 7129 716 452
f 2228 4775 8887
f 4691 4348 2228
f 2228 2857 796
f 11790 2228 796
f 5960 12180 2194
f 1842 2538 4572
f 9363 1842 4572
f 4348 7129 5960
f 716 7129 4348
f 10633 3531 10658
f 7129 1842 9363
f 7129 10633 1842
f 10658 12851 5787
f 1842 5787 2538
f 5267 12851 7592
f 5267 7592 9329
f 5006 2538 5267
f 5006 5267 4371
f 566 7027 5495
f 1472 566 5475
f 566 5497 5475
f 566 5495 5497
f 1472 5475 9742
f 5475 5497 996
f 5475 996 10022
f 11461 9261 4924
f 8617 11634 7601
f 11634 7993 7601
f 8617 8192 11634
f 9261 8192 8617
f 104 7672 6444
f 8608 7672 104
f 10022 996 1943
f 10022 1943 1917
f 8461 10456 3697
f 3697 10456 8608
f 104 11511 5657
f 6444 11461 4135
f 4135 11461 4924
f 7287 9261 8617
f 8656 7575 12297
f 8656 8963 7575
f 12372 11841 12573
f 12372 3670 11841
f 12464 12372 12573
f 12464 11939 4757
f 12464 8963 11939
f 8656 11939 8963
f 7993 8656 12297
f 11221 7601 9188
f 7601 12297 9188
f 7601 7993 12297
f 3387 2118 7575
f 4985 7575 8963
f 4985 8963 12464
f 3387 7575 4985
f 4985 12464 12573
f 9518 11841 6263
f 12573 11841 9518
f 11841 3670 6263
f 3670 10282 12024
f 12024 10282 4215
f 7866 2858 10282
f 12372 10918 3670
f 4757 10918 12372
f 4757 12372 12464
f 4757 4750 10918
f 2826 4750 4757
f 2429 4757 11939
f 2826 4757 2429
f 4198 11939 9801
f 4198 2826 11939
f 7993 1239 8656
f 1239 7993 11634
f 7164 9801 1239
f 10456 7672 8608
f 8461 9906 10456
f 8461 4770 9906
f 1917 4770 8461
f 1943 4770 1917
f 1943 626 4770
f 996 626 1943
f 996 7300 626
f 1825 996 5497
f 1825 7300 996
f 1825 5497 5495
f 6311 1825 5495
f 2679 6311 5495
f 596 5989 2068
f 6932 8695 8451
f 6932 596 8695
f 8695 596 2068
f 8695 2068 9507
f 8451 8695 9507
f 8451 9507 6120
f 3190 8451 6120
f 7472 7680 10038
f 6752 3190 6120
f 2378 7680 7472
f 2378 5681 7680
f 5406 5681 6827
f 11901 5406 6827
f 3006 10247 11901
f 11861 10247 3006
f 8853 4228 10649
f 5471 3971 11861
f 10897 2971 5967
f 11861 5967 10247
f 10247 5967 11852
f 10247 11852 11901
f 539 1026 7429
f 11852 539 5406
f 5406 539 6242
f 539 7429 6242
f 5406 6242 6752
f 6242 7429 5850
f 6752 6242 3190
f 5000 2525 7164
f 5000 1938 2525
f 1938 4769 2525
f 1938 7505 4769
f 2525 4769 479
f 7164 2525 9801
f 7896 479 1163
f 1163 1294 10412
f 4198 7896 2826
f 10412 1805 10063
f 10412 7080 1805
f 7866 1805 7379
f 7866 10282 10918
f 7866 7379 2858
f 3309 2563 10024
f 2563 11394 4529
f 7968 9398 11394
f 7968 9724 7356
f 8200 7201 11979
f 11392 2002 12541
f 12541 4638 2848
f 4980 4638 12541
f 4980 1487 4638
f 1139 4393 6011
f 1139 8388 4393
f 10879 3385 2453
f 3183 834 6010
f 834 4178 6010
f 3183 3994 834
f 1794 1803 4247
f 1794 12895 1803
f 12895 11570 1803
f 10891 4247 1803
f 10891 4393 4247
f 10891 1803 11570
f 10891 6011 4393
f 6011 10891 3559
f 10492 4638 3559
f 2848 1225 7201
f 952 1225 2848
f 11979 5907 4681
f 1128 5981 5907
f 1128 10264 5981
f 5907 11180 1128
f 404 7356 1128
f 7370 4529 7477
f 7477 1145 7370
f 9402 3037 7477
f 404 11180 9542
f 5987 9542 11180
f 5907 5987 11180
f 10492 973 952
f 10891 5809 3559
f 12895 1230 11570
f 8429 9197 4771
f 5809 8429 4771
f 3955 5918 11429
f 3955 11429 12742
f 3955 345 973
f 345 3955 6018
f 2590 9542 5987
f 2590 4207 9542
f 7245 4207 2590
f 7245 9402 4207
f 1145 3037 11204
f 8259 8620 10287
f 10927 9232 12157
f 10881 5131 9664
f 12157 9232 4552
f 1296 4753 2858
f 7370 4552 1296
f 9232 4753 4552
f 4215 9232 5131
f 2230 4215 5131
f 4215 4753 9232
f 2230 3670 12024
f 6263 10050 1152
f 9518 1152 3944
f 9518 3944 9484
f 9484 9385 11543
f 4985 9484 3387
f 2118 5524 4461
f 9188 4461 6674
f 11221 9188 6674
f 2180 8456 11221
f 5682 8456 2180
f 5682 7287 8456
f 56 7287 5682
f 7203 4924 56
f 7203 4135 4924
f 3697 5657 1241
f 9779 3697 1241
f 326 9779 4607
f 5382 326 4607
f 1535 9742 2989
f 5009 9742 1535
f 866 4088 10382
f 12180 4572 10382
f 2857 4348 2194
f 2194 12180 10055
f 10978 2194 10055
f 11666 8293 11790
f 8293 7386 8352
f 1879 796 12316
f 1879 12316 6410
f 12903 7447 3031
f 5595 12294 4096
f 12316 10978 5595
f 2857 10978 12316
f 10055 5498 12294
f 5498 4088 2101
f 12294 5498 12903
f 12903 2101 7447
f 4607 9779 11333
f 4607 3481 7803
f 4607 11333 3481
f 9779 1241 11333
f 11333 5996 3481
f 1241 8063 11333
f 11333 8063 5996
f 1241 1975 8063
f 1975 4945 8063
f 1975 11511 4945
f 11511 8760 4945
f 11511 97 8760
f 10983 6674 1651
f 6674 4461 1651
f 5524 2118 11543
f 2728 5524 1308
f 5524 11543 1308
f 1308 11543 9385
f 1308 9385 4033
f 3944 9385 9484
f 4033 3944 593
f 8575 8535 3369
f 12756 8541 8979
f 12756 9399 8541
f 593 8575 12756
f 8979 10960 12344
f 593 8979 4033
f 12344 11702 11813
f 1308 4033 12344
f 1308 4082 2728
f 2728 3602 1976
f 10983 1651 6345
f 7203 56 9844
f 4043 97 7203
f 8760 97 4043
f 2554 7803 3481
f 4096 3031 12345
f 1879 6410 11364
f 12890 4036 8698
f 4153 7981 5318
f 12890 8698 11364
f 11364 6410 7117
f 7117 1224 10533
f 12345 5996 5465
f 12345 2554 5996
f 1224 5465 3838
f 3838 5465 6610
f 5465 5996 12066
f 3838 6610 3699
f 3699 6610 8973
f 11086 9844 11655
f 11086 11655 3013
f 3013 10983 512
f 512 10983 6345
f 3602 2728 4082
f 3602 11813 4787
f 3602 4082 11813
f 4787 11813 11702
f 11702 12344 10960
f 10960 8979 8541
f 8957 5711 10960
f 8311 8957 8541
f 2223 3602 4787
f 512 2125 843
f 9271 512 843
f 4340 11638 8946
f 8602 11638 4340
f 8602 4360 11638
f 5318 7209 12890
f 5318 3099 7209
f 4036 3957 8698
f 4036 6312 3957
f 6312 4036 6440
f 4923 7658 10996
f 4923 2333 7658
f 2333 11189 7658
f 694 10455 5730
f 5730 10455 7398
f 10455 5609 7398
f 6897 2830 7754
f 6897 5609 2830
f 9172 3490 7754
f 9175 9172 7754
f 2830 3631 8229
f 2830 10455 3631
f 11189 10342 3631
f 2333 10342 11189
f 6440 502 2333
f 6312 2333 4923
f 6312 6440 2333
f 6440 7209 502
f 502 3099 12592
f 502 7209 3099
f 12592 4242 4865
f 4865 8602 4340
f 12592 8816 8229
f 12592 4865 8816
f 4865 4340 8816
f 8816 4340 11062
f 8229 8816 9175
f 9175 11062 9172
f 11062 12103 9172
f 9172 12103 9273
f 843 1178 9617
f 843 2125 1178
f 1178 2223 9617
f 9617 2223 7654
f 6939 5038 11380
f 12226 1219 5038
f 12226 2541 1219
f 1219 5711 6710
f 1687 1219 9334
f 9334 6710 6818
f 1262 6710 8311
f 6818 3426 10409
f 5220 10409 3426
f 4935 1772 5220
f 1262 4935 3426
f 8311 9399 6006
f 8311 8541 9399
f 6006 3369 9875
f 6006 9875 4935
f 9875 8799 1772
f 8799 9880 8659
f 9875 6588 8799
f 6588 9880 8799
f 9880 6588 9664
f 8345 10287 1126
f 8259 11204 9587
f 7245 2590 1261
f 2590 10366 7563
f 1372 11909 10366
f 433 1372 10366
f 11003 6018 7775
f 6018 6711 7775
f 6018 3955 6711
f 11429 1641 12742
f 11429 4771 200
f 10882 200 6258
f 10882 4299 1641
f 9307 6711 4299
f 6139 3486 5366
f 7674 10419 12148
f 7674 7563 10419
f 7674 1584 7563
f 7453 7718 1261
f 7453 7990 7718
f 9587 7412 8259
f 1100 9587 7990
f 7412 1126 8620
f 2610 8345 1126
f 2485 8345 2610
f 2485 4013 8345
f 9799 2485 2610
f 5220 1772 7689
f 1546 8659 4184
f 9015 12635 3652
f 12549 12635 9015
f 2051 3219 2969
f 1948 2051 10771
f 2969 7990 2051
f 9118 5872 1100
f 12635 12549 5872
f 1170 9015 3652
f 1170 9467 9799
f 10747 9799 9467
f 8659 2485 10747
f 2485 9799 10747
f 9799 2610 1170
f 2610 9015 1170
f 2610 1126 9015
f 1100 5872 7412
f 1100 7990 9118
f 7990 2969 9118
f 10771 2051 7990
f 7453 10771 7990
f 10771 1584 1948
f 7674 4417 1584
f 4417 7674 4235
f 4235 7674 8796
f 4235 8796 1357
f 2078 1357 8796
f 1041 12795 2078
f 12795 1041 537
f 12050 7823 9084
f 7823 12618 9084
f 537 6686 12795
f 5366 1041 2078
f 1041 9756 537
f 5366 9756 1041
f 9307 4299 9756
f 9756 7823 12050
f 4299 7823 9756
f 11832 9756 12050
f 11832 537 9756
f 6686 10534 8644
f 1357 12795 8644
f 1357 2078 12795
f 12630 4417 4235
f 12630 4235 9503
f 4235 1357 8644
f 4235 6423 9503
f 12096 12416 4080
f 10534 12096 4080
f 8644 10534 6423
f 6686 12096 10534
f 1447 11837 11832
f 6929 12630 9503
f 1948 4417 11383
f 1948 1584 4417
f 9275 12630 6929
f 7679 4080 8159
f 4080 12416 8612
f 8159 4080 8612
f 2471 6929 7679
f 2637 9275 6929
f 9118 2969 3219
f 4592 5872 9118
f 4592 12635 5872
f 8337 3652 11712
f 604 1170 8337
f 9467 604 9499
f 3087 10747 1218
f 3087 1546 4184
f 5832 3087 9782
f 1546 5832 87
f 87 1035 7689
f 87 4948 1035
f 802 9580 2599
f 8110 4948 9580
f 8110 1035 4948
f 10468 8110 802
f 5266 10468 880
f 880 1549 1607
f 1426 5266 1607
f 7173 1607 1549
f 5408 1426 2102
f 5408 2102 10001
f 4526 3073 10001
f 3166 4526 2112
f 7859 3166 2112
f 7859 10165 3166
f 8028 10165 7859
f 9617 8028 11725
f 924 9617 11725
f 8079 6414 4877
f 8079 924 6414
f 6569 8079 4877
f 10365 6587 6569
f 7398 5609 10365
f 3187 2222 237
f 3187 1547 2222
f 10237 10656 6023
f 4149 12357 10237
f 237 2222 12522
f 3615 6569 4877
f 5047 6414 10656
f 6414 924 5390
f 1430 2112 7147
f 2112 4492 7147
f 2112 4526 10001
f 4492 2112 5585
f 2112 10001 5585
f 5585 10001 2102
f 2102 7173 1549
f 1549 880 11070
f 3127 11070 880
f 3127 880 802
f 3127 802 2599
f 2599 432 12281
f 2599 9580 2416
f 2416 9580 4948
f 2416 4948 5680
f 87 8826 2280
f 87 5832 8826
f 12832 9782 1218
f 1218 12450 12832
f 1218 9467 12450
f 12450 9467 9499
f 9499 163 5830
f 163 10384 5830
f 6269 5171 1473
f 5171 943 1473
f 3443 3935 160
f 11338 160 1095
f 11338 2838 3762
f 2979 3762 2838
f 3762 2979 12149
f 11937 1314 1701
f 5480 2282 1701
f 1095 2838 11338
f 943 3935 3443
f 6269 4592 5171
f 5171 4592 943
f 1095 160 3935
f 11937 2282 2008
f 11937 1701 2282
f 5480 2979 1688
f 2979 2838 1688
f 1473 943 3443
f 11235 6269 1473
f 163 8337 6269
f 10384 163 6269
f 9499 604 163
f 8337 163 604
f 8337 11712 6269
f 11712 4592 6269
f 4592 687 943
f 1095 2637 2838
f 1688 2838 2637
f 2471 7679 2282
f 2282 5480 1688
f 2977 1701 1314
f 7305 1701 2977
f 1701 7305 5480
f 8164 5480 7305
f 5480 8164 2979
f 9593 3762 12149
f 11338 6815 160
f 6815 3443 160
f 6815 9659 1473
f 11235 1473 9659
f 10384 6269 11235
f 5438 9499 5830
f 5438 12450 9499
f 12832 12450 4560
f 4560 4719 12832
f 6092 12832 4719
f 6092 9782 12832
f 8826 9782 6092
f 8826 5832 9782
f 5680 87 2280
f 1590 5606 9980
f 8826 5606 1590
f 6092 4719 5606
f 4719 12257 11623
f 5438 12257 4560
f 5438 5830 5541
f 5541 5860 12257
f 5830 10384 12835
f 12835 10384 11235
f 8416 578 10004
f 11235 11567 12835
f 11567 11235 9659
f 9659 6815 11567
f 6815 8416 11567
f 578 9593 10004
f 3932 8164 602
f 4543 2977 4755
f 11171 4543 4755
f 696 602 11171
f 5953 602 12655
f 5953 3932 602
f 79 8416 10004
f 12586 12835 11567
f 6315 12835 12586
f 12835 6315 5541
f 5860 5541 6315
f 6782 12257 5860
f 8922 11623 6782
f 4343 4719 11623
f 8085 5606 4719
f 8085 4719 4343
f 3560 9980 8085
f 1590 5886 2280
f 7830 8634 10105
f 9572 12338 5940
f 4654 3297 9572
f 4138 12281 9572
f 6224 3297 11237
f 69 6224 12642
f 811 7523 69
f 811 10945 6424
f 11265 4492 8572
f 7147 4492 11265
f 4478 7147 8890
f 9550 4478 3102
f 11418 266 10868
f 5899 6933 11868
f 5899 2401 6933
f 2641 204 33
f 2401 2641 12013
f 33 8062 3083
f 12013 2641 33
f 831 3083 6457
f 12013 150 6933
f 12013 831 7716
f 5828 150 7716
f 5828 7716 12065
f 766 5828 8598
f 150 5828 766
f 7267 1956 10486
f 958 412 8475
f 11765 958 3391
f 3391 958 10478
f 11765 2651 6957
f 7937 958 11765
f 11500 4008 11017
f 11017 4201 9945
f 11017 4008 4201
f 7451 3737 3315
f 9945 4201 7451
f 8775 12025 11710
f 7623 12025 8775
f 498 7995 6331
f 498 5991 7995
f 498 12842 5991
f 4008 12842 498
f 5118 4008 11500
f 5118 11500 3042
f 3042 10539 5118
f 7359 10539 3042
f 7359 9494 10539
f 5706 6695 9079
f 5706 7359 9391
f 5706 9079 7359
f 6695 425 8670
f 9079 6695 8670
f 9079 6318 9494
f 9079 9494 7359
f 9494 5798 10539
f 10539 5798 10108
f 10539 10108 11501
f 9339 11501 10108
f 10539 11501 5118
f 11501 9339 6324
f 12842 6324 2176
f 12842 2176 5991
f 5991 2176 7995
f 2088 12395 8803
f 8803 12025 2088
f 12025 4649 11710
f 11710 4649 5219
f 5219 1272 8918
f 8918 7669 10631
f 7669 8918 12536
f 12536 8918 8135
f 12536 1828 7669
f 12536 11301 1828
f 11301 9508 5160
f 72 6734 6640
f 72 5160 6734
f 6734 4686 6640
f 1058 11323 8304
f 4686 1058 8304
f 6734 7765 1058
f 7765 3377 1058
f 9508 3897 7765
f 12664 10498 3897
f 8135 3897 9508
f 8135 5530 12664
f 5530 6549 10094
f 4837 5374 8207
f 4837 5128 262
f 2343 5128 1272
f 5128 3026 8070
f 7058 7708 3026
f 3026 7708 3063
f 2005 8422 4589
f 4589 8422 8904
f 4589 8904 8371
f 8371 8904 3617
f 8371 3617 7920
f 9517 5850 7429
f 3059 3020 5850
f 3020 2227 5850
f 3020 7704 2227
f 3695 9528 987
f 1479 2073 9528
f 8088 3106 5181
f 3106 12616 2500
f 12616 9807 2500
f 9807 8810 2500
f 7960 1931 8810
f 1931 873 11048
f 873 1938 11048
f 873 7505 1938
f 4769 117 479
f 117 1163 479
f 117 1294 1163
f 1294 7080 10412
f 1294 458 7080
f 2233 4688 918
f 4688 1349 12568
f 1349 5077 2050
f 4688 2233 4185
f 4690 3696 10737
f 4690 2069 3696
f 2193 2233 2069
f 2193 11047 2233
f 1480 2069 2233
f 3696 1480 1294
f 3696 1294 117
f 4385 3696 117
f 4385 117 7505
f 10584 3696 4385
f 10584 10737 3696
f 7372 7505 873
f 4387 10584 7372
f 4387 873 1931
f 4387 7372 873
f 4747 4387 10554
f 4747 10584 4387
f 10554 1931 7960
f 10554 4387 1931
f 9238 4747 10554
f 9238 7960 8810
f 9238 10554 7960
f 10604 9238 8810
f 9807 10604 8810
f 1521 9070 11157
f 8691 9070 1521
f 8691 4583 9070
f 8283 4583 8691
f 8691 4304 8283
f 4304 1395 8283
f 4304 5929 1395
f 12259 5929 4304
f 12259 1390 5929
f 12259 6737 1390
f 1479 6737 12259
f 6979 6737 1479
f 9565 7704 3020
f 2259 9565 3020
f 2259 3020 3059
f 5187 11293 1243
f 12362 12649 5187
f 12362 5187 332
f 5187 1243 1939
f 332 5187 1939
f 2946 332 1939
f 5125 332 3002
f 5125 12362 332
f 1686 5125 3002
f 2005 1871 8422
f 2005 3162 1871
f 3440 1871 3162
f 3440 11467 1871
f 6934 11467 3440
f 8761 11123 6934
f 2476 3844 11123
f 8761 2476 11123
f 8761 4195 2476
f 5292 3844 2476
f 3036 7491 4195
f 5292 10236 6418
f 10236 3010 6418
f 4041 10236 7491
f 4041 11019 10236
f 12818 11019 4041
f 10723 1449 3990
f 878 10723 11019
f 10723 11538 1449
f 878 6692 10723
f 3798 6692 878
f 3576 11538 10723
f 1773 6692 3798
f 4994 8565 4811
f 8565 9327 4811
f 2257 8565 2947
f 2257 26 8565
f 26 9327 8565
f 26 6669 9327
f 5936 26 2257
f 7055 7518 11103
f 7055 6623 7948
f 3853 10964 11459
f 2256 3853 11459
f 3044 2256 11459
f 3044 8130 2256
f 11913 8130 3044
f 3853 8130 7945
f 8130 5153 7945
f 11820 5153 8130
f 1611 5153 11820
f 2258 9987 4597
f 12004 2258 4597
f 12004 3611 2258
f 12443 7944 2258
f 3611 12443 2258
f 1089 5705 11334
f 1511 5705 1089
f 1511 5126 5705
f 4907 9967 5126
f 4907 11417 9967
f 11499 11417 4907
f 11499 2183 11417
f 2183 3261 7158
f 3777 2183 2595
f 3777 4204 2183
f 10899 12432 3261
f 794 10899 4204
f 8403 12432 10899
f 8403 6543 1761
f 794 7653 8403
f 7796 8403 7653
f 7796 6543 8403
f 6543 2598 1902
f 6179 2598 6543
f 6945 2757 6179
f 7653 744 1877
f 794 744 7653
f 794 6109 744
f 12659 744 6109
f 6109 10715 12659
f 794 4204 6109
f 10715 12397 5290
f 4204 3777 12397
f 5290 12397 9993
f 11499 4907 161
f 6080 161 8894
f 6080 8894 3224
f 8894 3193 3224
f 6409 1089 12004
f 12004 1089 3611
f 6079 4597 10829
f 6079 12004 4597
f 10829 4597 2197
f 6657 11820 11913
f 11913 11820 8130
f 6076 3044 70
f 6076 11913 3044
f 55 9811 11018
f 9811 11899 11018
f 11899 2863 11963
f 2863 847 11963
f 4244 8106 847
f 847 8106 11762
f 8106 5896 11762
f 4244 6462 8106
f 5896 1470 4724
f 1470 8551 4582
f 1470 6462 8551
f 12673 4582 6744
f 6744 4582 3551
f 4472 5904 10795
f 10795 5904 9119
f 10795 12500 3253
f 10795 9119 12500
f 1601 6744 9183
f 5904 9183 9119
f 9183 6744 3551
f 9119 9183 12500
f 3551 868 9183
f 12500 9183 868
f 12500 1091 12334
f 12500 868 1091
f 12334 2092 3253
f 3253 12500 12334
f 3253 8876 4363
f 4363 10795 3253
f 2651 3391 4363
f 10478 7457 4472
f 3749 1601 5904
f 12673 2711 1470
f 1477 2711 3749
f 2711 4724 1470
f 12779 4724 2711
f 8441 8225 4214
f 8225 11590 7457
f 7457 11590 1477
f 8124 3191 8475
f 8225 8119 11590
f 8119 12779 11590
f 12779 8119 12209
f 7507 3195 12209
f 1037 2192 10199
f 1596 7507 8119
f 11456 1596 8119
f 5087 10199 9360
f 5087 1037 10199
f 871 11013 5087
f 12558 1037 5087
f 11013 12558 5087
f 7787 6947 11013
f 12558 4917 1037
f 6935 3195 7507
f 4999 735 6935
f 4999 2105 735
f 11547 12654 4999
f 10814 11547 2192
f 4917 10814 2192
f 4999 12542 2105
f 916 10202 4999
f 8579 10202 7265
f 7265 1326 8579
f 1568 2157 372
f 372 3690 4520
f 1568 372 4520
f 4520 10318 138
f 1568 4520 3698
f 3698 4520 138
f 3698 6718 1568
f 1326 10031 11611
f 1786 1326 7265
f 10031 6907 11611
f 1786 2299 6022
f 684 6022 2299
f 6931 12339 7707
f 6931 6022 12339
f 4891 4795 3698
f 10179 12688 6898
f 4891 10179 6898
f 6898 6532 4795
f 6898 12688 6532
f 12688 12339 6532
f 12688 681 12339
f 7707 11089 1468
f 6999 11089 7707
f 11089 7520 12119
f 7520 11784 7096
f 7520 4603 11784
f 11784 6993 9813
f 7283 6993 4603
f 7283 3247 6993
f 9809 9813 6993
f 9809 3247 8212
f 9809 11740 12165
f 12231 11740 9809
f 1353 11740 12231
f 12300 12285 11740
f 12300 8234 12285
f 12300 646 8234
f 6562 4473 3574
f 3574 11750 6562
f 3408 1904 11750
f 7251 9410 1904
f 7085 9410 7251
f 9272 9375 11056
f 9272 2787 9375
f 12343 2787 9272
f 11063 8486 2787
f 11063 10158 8486
f 11063 12652 10158
f 6983 10010 3221
f 3221 6755 6983
f 2911 6755 3221
f 2913 11290 2911
f 9061 8349 2913
f 8349 11290 2913
f 6983 4136 7705
f 2911 4136 6755
f 2911 11290 4136
f 8349 10477 5650
f 11624 10477 8349
f 11624 11439 10477
f 9619 11439 11624
f 11624 8349 9061
f 6017 9619 3530
f 9061 11517 11624
f 3530 10166 9637
f 11517 962 3530
f 11517 4530 962
f 4568 4530 11517
f 4568 1811 4530
f 11517 9061 4568
f 3753 1811 6738
f 9061 2913 1811
f 6738 7266 4084
f 2913 2911 7266
f 7266 5765 4084
f 2911 3221 5765
f 8781 5765 3221
f 8781 3221 10373
f 5073 10010 11063
f 5073 11063 12343
f 12343 9272 5091
f 5091 9272 6084
f 6084 9272 11056
f 1673 7085 4820
f 4820 7251 2424
f 2424 3406 4820
f 3408 11750 3574
f 3407 3408 3574
f 3407 3574 5601
f 5601 3574 4400
f 4473 12300 1353
f 1353 6281 199
f 2589 199 6281
f 5430 436 872
f 5430 872 7700
f 8212 435 436
f 435 7283 872
f 7283 7106 872
f 7106 12637 4377
f 2630 4377 6999
f 681 2630 6999
f 10924 2630 681
f 3734 12688 10179
f 12065 3734 5828
f 12065 6457 3734
f 4377 7700 872
f 5430 7700 10529
f 9438 11305 5744
f 10924 9438 11498
f 7791 9438 10924
f 3083 7791 6457
f 3083 6517 7791
f 8062 3679 3083
f 3679 11305 6517
f 3679 1392 11305
f 1471 3679 8062
f 2524 11464 2431
f 4257 11464 1471
f 21 8360 7786
f 5144 6222 9669
f 3713 5144 9669
f 11468 10868 5286
f 5286 3520 7966
f 5286 10868 3520
f 11468 5286 9047
f 5286 7966 9550
f 9047 5286 10322
f 3102 4478 12425
f 12425 4478 8890
f 12425 8890 11265
f 12425 11265 5593
f 5593 11265 8572
f 10945 69 5020
f 5020 69 399
f 399 69 12642
f 12642 6224 11237
f 4654 11237 3297
f 4654 9572 4277
f 11237 4654 6468
f 7004 6468 6374
f 7485 12642 7004
f 2790 5020 3977
f 4024 1734 12062
f 1148 4024 12062
f 1148 745 7014
f 2744 1148 10322
f 3021 7014 3599
f 9047 10322 7014
f 8236 11468 9047
f 3599 7014 745
f 745 1148 12062
f 6702 745 3970
f 1734 4024 5593
f 394 5324 4885
f 394 1734 5324
f 1734 9326 5324
f 1734 5593 9326
f 4885 5324 96
f 5324 1737 96
f 5324 9326 1737
f 96 1737 2790
f 3524 5354 3986
f 3986 6270 10307
f 3986 5354 6270
f 10307 6270 6137
f 12080 7485 5354
f 5354 7485 6270
f 6270 7485 9689
f 9011 9689 6415
f 9689 7004 6374
f 6415 1515 6099
f 6415 6374 1515
f 10286 8770 9679
f 10286 1515 8770
f 9679 8770 4294
f 1496 8627 1010
f 8627 10245 1010
f 9318 12824 8922
f 5637 4226 9323
f 5665 7179 7545
f 7545 7179 10408
f 9607 8240 3353
f 682 8240 9607
f 682 12655 8240
f 9751 9607 3353
f 9751 3353 11371
f 10408 9751 11137
f 10408 9607 9751
f 10408 682 9607
f 10408 9744 682
f 10408 7179 9744
f 936 9744 7179
f 2873 10408 11137
f 7545 10408 2873
f 5665 936 7179
f 12565 936 5665
f 4226 12565 9323
f 5665 7545 7643
f 12565 5665 7643
f 7560 4226 5637
f 6233 7560 5637
f 5367 7560 6233
f 5367 4710 7560
f 3 4710 5367
f 2297 5367 2521
f 5367 2297 3
f 2297 1758 3
f 5499 1758 2297
f 5499 2297 12864
f 9318 5499 9869
f 9318 8922 5499
f 4992 12824 8175
f 4992 3560 12824
f 10245 3560 4992
f 10245 8434 3560
f 8627 8434 10245
f 11592 4294 2797
f 7699 559 11592
f 5888 2797 8770
f 5888 6468 4654
f 4277 5940 7699
f 2797 4277 7699
f 559 4177 11592
f 10105 5886 8627
f 8627 5886 1590
f 1590 8434 8627
f 8434 9980 3560
f 8434 1590 9980
f 3560 8085 12824
f 12824 8085 4343
f 4343 11623 8922
f 8922 6782 1758
f 5860 6315 4710
f 4710 6315 7560
f 3146 4226 12586
f 4226 79 12565
f 936 12565 79
f 10004 9744 79
f 12655 696 8240
f 8240 11171 5168
f 9027 11137 9751
f 2873 5925 7545
f 7643 9323 12565
f 3327 9323 7643
f 9323 6233 5637
f 2475 6233 3327
f 2475 5367 6233
f 2521 5367 2475
f 10634 7100 2521
f 9869 12864 7100
f 5869 9869 7100
f 8175 9318 3649
f 8175 12824 9318
f 2028 8175 3649
f 5368 2028 3649
f 2028 10245 4992
f 1010 10245 2028
f 11815 1496 9123
f 11815 7857 1496
f 7857 4177 1496
f 7857 2335 4177
f 4294 4312 4432
f 4294 2335 4312
f 6099 10286 3258
f 10286 6099 1515
f 12850 6099 3000
f 9011 6415 12850
f 9011 12850 6137
f 6137 6270 9011
f 118 3986 7766
f 118 12863 3524
f 3427 12863 118
f 3427 96 12863
f 5188 3820 12717
f 2053 3251 5188
f 12717 3820 3427
f 12717 3427 423
f 423 118 4976
f 423 3427 118
f 4976 118 7766
f 10433 7766 3986
f 10433 3986 10307
f 10307 6137 11941
f 11941 6137 12850
f 4306 4734 3336
f 4734 3000 8716
f 3000 6099 3258
f 3258 10286 9679
f 1277 3258 9679
f 1277 9679 4432
f 8009 1277 4432
f 4432 8010 8009
f 4312 7857 11815
f 2544 4312 11815
f 9123 1010 10278
f 9123 1496 1010
f 10278 1010 2028
f 5368 3649 7102
f 11181 12683 3649
f 3649 9318 5869
f 5869 9318 9869
f 5869 7100 3139
f 2560 2521 2475
f 2560 2475 3327
f 6801 3327 8842
f 9027 7099 2957
f 9751 9708 1159
f 2855 3916 1255
f 1500 3016 4882
f 12540 1500 3694
f 11128 3694 5941
f 6548 3694 11128
f 1331 764 10406
f 12893 1331 10406
f 757 1331 4843
f 11186 757 4843
f 8299 12893 10406
f 11186 4843 8641
f 6183 11186 8641
f 8641 10839 5998
f 10839 2293 9754
f 5998 9754 7559
f 1286 5998 7559
f 7576 5998 1286
f 9082 7576 1286
f 9082 7146 10564
f 7146 8409 11212
f 7146 7559 8409
f 7146 1286 7559
f 10564 7146 11212
f 8033 10564 3995
f 8033 9082 10564
f 5192 9082 8033
f 9736 11033 3142
f 1520 11033 9736
f 10929 12164 3142
f 11033 10929 3142
f 8442 4973 1520
f 4973 11033 1520
f 7464 11212 11802
f 5344 3995 12413
f 9743 4708 5344
f 1520 9736 10506
f 659 1520 10506
f 659 10506 8702
f 8702 10506 4708
f 8702 4708 9743
f 9743 5344 5938
f 124 5344 12413
f 124 12413 8298
f 3624 124 963
f 8298 11794 8323
f 963 11555 8233
f 963 8233 4331
f 3624 4331 1767
f 5938 124 3624
f 12412 3528 7925
f 12412 9743 5938
f 2403 9743 12412
f 2403 8702 9743
f 12412 5938 3528
f 9231 8702 2403
f 11193 9231 2403
f 7692 11193 2403
f 4087 10559 9231
f 2616 4087 3659
f 10257 2616 11041
f 4406 10257 8743
f 8743 8497 4406
f 8743 4727 8497
f 3402 4727 2338
f 4370 1363 3294
f 4804 4566 3176
f 1078 7408 4804
f 7408 4566 4804
f 3864 3176 7409
f 3864 4804 3176
f 3176 4370 2768
f 7409 3176 2768
f 3176 4566 5060
f 11361 2827 8606
f 11361 2646 366
f 2646 4689 366
f 2646 10987 4689
f 2646 6005 10987
f 11135 10987 12272
f 10987 3402 12272
f 12272 3402 2338
f 2338 844 12272
f 844 2338 8743
f 2822 844 8743
f 8619 11041 5684
f 8743 10257 11041
f 5684 11041 2616
f 5684 2616 393
f 393 2616 3659
f 393 3659 2559
f 7692 8278 6296
f 3659 11193 2559
f 11193 2195 2559
f 11193 7692 2195
f 7692 6296 2195
f 7692 2403 8278
f 8278 12412 7925
f 8278 2403 12412
f 3528 3624 1767
f 3205 10463 1254
f 1767 4331 3304
f 9233 10463 10441
f 3304 5520 10441
f 10441 5520 5644
f 1459 8745 11414
f 7460 2968 5238
f 3289 9370 6193
f 3289 5034 9370
f 7350 9370 5034
f 7815 2375 7350
f 7815 7949 2375
f 12014 1280 11331
f 12014 11331 354
f 7949 11331 8314
f 7815 7350 5507
f 3693 7350 5034
f 2375 11414 7350
f 9076 9302 1459
f 7949 9076 2375
f 7949 8314 9076
f 9233 10441 9076
f 1280 8314 11331
f 1254 10463 9233
f 12014 2720 1280
f 3205 1254 2720
f 8278 7925 2720
f 2496 2720 12014
f 9426 6296 3111
f 6296 8278 3111
f 4887 2195 9426
f 393 2559 2195
f 8619 8743 11041
f 8619 2822 8743
f 6294 844 2822
f 4689 10987 11135
f 11182 2827 11361
f 11182 366 573
f 10224 2827 11182
f 10224 2768 2827
f 7409 2768 10224
f 3864 7409 9949
f 3864 6283 4804
f 3299 6283 10151
f 10151 6283 3864
f 9949 7409 1021
f 1021 7409 10224
f 1021 10224 6238
f 4689 11135 3997
f 3997 11135 3338
f 11135 12272 6294
f 6294 2822 4408
f 2822 8619 4367
f 4367 8619 5033
f 4833 5033 393
f 393 2195 4887
f 9220 393 4887
f 4887 9426 3213
f 3213 4551 11659
f 10395 12014 354
f 10395 2496 12014
f 10395 354 6016
f 7073 354 3370
f 11331 7949 7815
f 11216 3693 4640
f 5507 7350 3693
f 1164 3289 6193
f 1164 6193 10738
f 5995 1918 7460
f 5995 5238 12414
f 12414 5238 274
f 11449 3630 9459
f 4955 546 11449
f 4955 11449 5534
f 4955 9830 546
f 12414 274 9862
f 11451 12414 9862
f 11450 12414 11451
f 12073 1693 4921
f 12073 8917 1693
f 10738 6193 8917
f 1660 1164 10738
f 175 1164 1660
f 175 144 1164
f 4640 3693 5034
f 2825 4640 144
f 1836 4640 2825
f 7073 3370 11216
f 340 1836 6538
f 6016 354 7073
f 2806 10395 6016
f 846 11659 4551
f 40 2806 340
f 9866 9220 7564
f 9866 7564 11248
f 6454 8528 9866
f 6454 8694 8528
f 9194 9878 10086
f 3885 9878 9194
f 3885 4373 9878
f 9997 4373 3885
f 755 11386 3764
f 11386 9997 3764
f 2129 3768 11386
f 3768 711 11386
f 2129 12574 3768
f 10331 9583 12574
f 11448 9583 10331
f 9293 10837 1713
f 10959 9293 6121
f 6121 9293 12559
f 4133 10200 11618
f 10200 4133 11448
f 11618 10200 11412
f 11412 10200 10331
f 8642 12574 2129
f 8642 10331 12574
f 10096 2129 12143
f 12143 2129 755
f 2129 11386 755
f 3184 3764 9997
f 3184 9997 1011
f 1011 9997 3885
f 5003 8694 2586
f 2586 8694 6454
f 6454 11248 10520
f 10787 10520 6960
f 5021 10787 9491
f 10787 12002 3053
f 10787 3053 9491
f 3053 12002 4089
f 12002 391 4089
f 7572 3053 4889
f 4089 391 5977
f 10655 5977 7989
f 5845 5683 1413
f 1413 10655 3839
f 1413 3839 4045
f 4045 3839 10037
f 10037 9750 3641
f 3641 9750 7748
f 5894 4629 1901
f 1901 1492 824
f 2006 5275 8488
f 9683 10694 3639
f 9354 9683 3639
f 11859 3645 7212
f 3645 7546 3350
f 3350 4667 9060
f 9354 2881 9683
f 1909 824 5275
f 10389 7748 4629
f 4190 7748 10389
f 3641 7748 4190
f 11952 3641 1028
f 11987 4045 7613
f 5845 4045 11987
f 5845 1413 4045
f 4889 5683 2093
f 9491 3053 7572
f 9491 7572 11828
f 5021 10520 10787
f 3245 10520 5021
f 3245 6454 10520
f 2586 6454 3245
f 2150 2586 3245
f 9672 11239 6323
f 4259 5003 11239
f 10226 5003 4259
f 7321 1844 10226
f 5624 10226 10963
f 10963 10226 5843
f 5843 10226 4259
f 4259 11239 9672
f 5843 4259 9672
f 6323 11239 2586
f 6323 2586 2150
f 2150 437 11356
f 2150 5021 437
f 2150 3245 5021
f 437 9491 11828
f 437 5021 9491
f 11828 7572 12201
f 12201 7572 2093
f 8965 12201 2093
f 8965 2093 5845
f 8965 11987 2168
f 8965 5845 11987
f 8965 2168 6254
f 6254 2168 2771
f 2168 11987 2178
f 12886 2771 2178
f 3621 12886 1028
f 3621 1028 3105
f 11996 5894 9892
f 5894 1909 9892
f 7404 2881 9354
f 8899 4189 7212
f 8899 7212 1653
f 10390 1653 7212
f 10390 9060 60
f 60 9060 6523
f 9020 6523 9060
f 2952 7546 3645
f 10694 7533 10648
f 3639 10694 2952
f 10694 9459 7533
f 5534 9459 12472
f 2881 12472 9683
f 2881 5534 12472
f 2881 8488 5534
f 5275 5534 8488
f 1901 2501 1492
f 1901 4629 2501
f 7748 5539 4629
f 7748 5537 5539
f 7748 9750 5537
f 10037 2872 9750
f 9463 2872 3839
f 10655 9463 3839
f 10655 7989 9463
f 11866 8498 4995
f 391 7989 5977
f 11866 7860 5283
f 2635 10641 12002
f 6960 1550 2635
f 11248 11659 1550
f 11248 7564 11659
f 11659 846 1550
f 1550 846 10641
f 10641 846 40
f 40 340 6538
f 7860 3091 5283
f 6538 1836 2825
f 11866 5283 8498
f 2825 144 8498
f 8498 144 175
f 10738 8917 2872
f 2872 8917 12073
f 2872 12073 9750
f 12073 4921 5537
f 9750 12073 5537
f 4921 11450 5539
f 5539 11450 2501
f 2501 11450 11451
f 11451 9862 5533
f 9862 4955 5533
f 5275 5533 5534
f 594 3451 5099
f 1683 4229 594
f 2089 5712 12865
f 2089 12865 1629
f 2772 2089 1629
f 9288 2976 8777
f 6811 3071 98
f 3832 4810 11040
f 4810 6812 11040
f 6812 6901 11040
f 6812 563 6901
f 563 3899 6901
f 563 10926 7638
f 563 2505 3899
f 563 7638 2505
f 10926 561 7638
f 561 3079 7638
f 3079 5375 8742
f 561 5375 3079
f 5375 4481 8742
f 5375 562 4481
f 562 6811 4481
f 6811 98 4481
f 5247 3071 6811
f 3071 3094 98
f 5247 3236 3071
f 5247 5411 3236
f 3236 1630 7585
f 5411 1630 3236
f 5411 10553 1630
f 5411 3238 10553
f 1630 10553 5483
f 3238 5410 10553
f 10553 9288 5483
f 5410 9288 10553
f 5410 2976 9288
f 8777 9287 9288
f 1935 2089 2772
f 7502 5712 2089
f 9964 9287 8777
f 9964 1935 9287
f 5202 9964 2976
f 2976 9964 8777
f 1935 2772 9287
f 1629 3457 2262
f 2772 1629 9289
f 9289 1629 7730
f 9287 2772 9289
f 9287 9289 7730
f 9288 9287 9700
f 5483 9700 5108
f 5483 9288 9700
f 5483 5108 797
f 7585 5483 797
f 1630 5483 7585
f 3094 7585 797
f 3236 7585 3094
f 8744 8993 9761
f 2505 8744 10756
f 2505 7638 8744
f 2504 2505 10756
f 6901 3899 2504
f 2503 2504 9936
f 6901 2504 2503
f 11040 6901 2503
f 11452 4810 3832
f 11452 7438 4810
f 7438 6812 4810
f 7438 563 6812
f 4776 1707 7438
f 4776 10330 1707
f 1707 10926 563
f 10330 10926 1707
f 10330 10204 10926
f 10204 561 10926
f 1831 5375 561
f 1831 562 5375
f 5410 5202 2976
f 5202 1228 9964
f 1228 1935 9964
f 7502 2089 1935
f 5535 5532 3702
f 5535 3702 7502
f 5535 7502 1935
f 5531 5535 1935
f 1228 5531 1935
f 1765 5531 1228
f 1765 1228 5202
f 11113 5202 8791
f 11113 1765 5202
f 11113 8791 3238
f 6552 3825 11113
f 11453 6552 10457
f 11453 6451 3825
f 5780 11453 10457
f 5780 6451 11453
f 8327 6451 5780
f 686 12471 9019
f 686 12473 12471
f 10085 8327 10985
f 10085 10985 11079
f 9019 10085 11079
f 686 9019 1831
f 5760 12473 12074
f 5538 12074 10330
f 12423 4776 7438
f 12423 5538 4776
f 3081 5538 12423
f 11452 12423 7438
f 12514 12423 11452
f 5538 5760 12074
f 12473 686 12074
f 8327 4454 6451
f 12202 6667 4872
f 6667 11113 3825
f 6667 809 3627
f 3627 1765 11113
f 1765 7056 5531
f 1373 1703 5535
f 5535 1703 5532
f 1703 5878 5532
f 1703 4519 5878
f 4519 1703 1373
f 8418 4519 1373
f 2993 1373 4975
f 8418 1373 2993
f 11073 8418 2993
f 11073 2993 4975
f 11073 4975 7056
f 8556 11073 7056
f 8556 7056 3627
f 809 8556 3627
f 10624 6824 8556
f 12202 809 6667
f 2992 4454 8327
f 2992 8327 6096
f 2990 2992 6096
f 2990 6096 12471
f 2991 2990 12471
f 2991 12471 12473
f 3644 4739 2991
f 3640 3644 2991
f 5760 2991 12473
f 6529 9157 3081
f 3638 9157 3637
f 2994 6529 12514
f 4587 3642 3638
f 3642 134 3640
f 134 3644 3640
f 134 1944 3644
f 3644 1944 4739
f 1944 6097 4739
f 10387 10391 7802
f 10387 10443 10391
f 10443 1622 10391
f 10443 6398 1622
f 12202 10388 10624
f 10388 1204 10624
f 4364 1204 10388
f 1204 6824 10624
f 6824 10113 10392
f 6824 10392 8556
f 9192 3046 10392
f 3046 8418 11073
f 10386 4519 8418
f 10386 11746 4519
f 12505 11746 10386
f 12505 2175 11746
f 10608 1738 11630
f 7923 9397 4199
f 2026 6108 9726
f 6108 9192 9726
f 6108 11630 9192
f 6108 10608 11630
f 1738 342 11630
f 1738 3474 342
f 11630 342 12505
f 3046 12505 10386
f 3046 9192 11630
f 10392 9726 9192
f 9397 9726 4199
f 10137 7923 4199
f 634 10137 8505
f 8510 3607 634
f 8509 8510 8462
f 9677 3607 8509
f 12278 886 7991
f 12113 5836 6619
f 5836 6403 7991
f 12278 7188 6779
f 7188 6168 6779
f 7188 708 6168
f 7187 6620 5493
f 6168 5493 9068
f 6779 6168 6862
f 6779 6862 886
f 4897 7187 5493
f 4897 5493 6168
f 708 4897 6168
f 6403 12278 7991
f 6619 5836 10246
f 5836 7991 5968
f 7991 8504 8133
f 12278 6779 886
f 8503 10884 6097
f 5493 9677 9068
f 8512 8503 6097
f 6168 8512 6104
f 6168 9068 8512
f 6862 6168 6104
f 886 6862 6104
f 886 6104 8506
f 886 8506 8504
f 7991 886 8504
f 5968 7991 8133
f 5968 8133 3666
f 5836 5968 3666
f 10246 5836 3666
f 10246 3666 5838
f 4647 5836 12113
f 4647 11523 5836
f 11523 9361 6403
f 9361 11806 6403
f 6403 11806 12278
f 11806 7188 12278
f 11806 4106 7188
f 4106 708 7188
f 4106 11534 4897
f 4897 11534 3836
f 3836 3004 4897
f 3004 7187 4897
f 3004 7185 7187
f 7450 7185 3004
f 7185 9117 7183
f 9117 12083 7183
f 9117 4697 7561
f 9117 7561 12083
f 206 12276 7090
f 12680 11025 7561
f 12680 7090 11025
f 7090 12276 6370
f 12276 6050 6370
f 6050 4604 2026
f 7185 7183 6620
f 6620 9677 5493
f 7187 7185 6620
f 9677 6620 3607
f 12083 11025 634
f 11025 4596 634
f 634 4596 10137
f 11025 6621 4596
f 4596 7923 10137
f 9397 2026 9726
f 6108 6618 10608
f 6618 1738 10608
f 5482 3474 1738
f 5482 10871 3474
f 4643 4645 2708
f 5788 4643 10871
f 4604 4642 5788
f 4604 3671 4642
f 2782 7090 12680
f 11536 2782 12680
f 11536 12680 7561
f 4697 11536 7561
f 3273 11536 4697
f 5260 9117 7450
f 3004 5260 7450
f 10689 3836 11534
f 9158 4106 11806
f 11806 9974 9158
f 8191 11806 9361
f 11535 9361 11523
f 11535 8191 9361
f 8530 8191 11535
f 5263 11535 11523
f 830 4868 4745
f 5225 11134 722
f 5225 722 7193
f 28 9553 9552
f 6208 9458 9290
f 10475 5914 11612
f 11612 5914 3849
f 3849 4745 2267
f 5225 4868 11134
f 2267 4868 5225
f 2267 4745 4868
f 3849 830 4745
f 5914 6541 830
f 3849 5914 830
f 2426 6541 5914
f 10475 2426 5914
f 830 773 4868
f 4868 773 8291
f 11134 8291 9433
f 12214 722 11134
f 11134 9433 12214
f 8291 11594 9433
f 4868 8291 11134
f 773 11594 8291
f 773 6371 11594
f 3683 6371 773
f 2426 6928 6541
f 6928 3858 6541
f 6541 3858 9111
f 9111 1631 4628
f 3683 4628 6371
f 11594 7892 8747
f 9433 8747 7182
f 9433 7182 5063
f 7182 8121 4621
f 5063 4621 4174
f 1073 12088 1893
f 2306 12088 1073
f 11580 11709 4023
f 4023 11709 11707
f 11707 192 9876
f 4794 9876 10153
f 10153 9876 5100
f 5100 12371 2331
f 2331 12371 3165
f 2331 3165 10491
f 12752 1175 5762
f 12752 10491 1175
f 12752 5762 5336
f 5762 1175 4097
f 6041 5762 4097
f 2558 5762 6041
f 6041 4097 4752
f 1428 6041 4752
f 5110 6041 1428
f 1428 4752 499
f 1428 499 6094
f 9478 4660 10251
f 9478 10251 1486
f 1486 2604 420
f 2049 1486 420
f 420 2604 6487
f 11877 11760 10642
f 10642 11760 8305
f 7186 1290 9501
f 4644 2269 11537
f 11537 2269 1579
f 127 1579 7190
f 6280 7189 7118
f 7118 7189 4641
f 7189 7184 4641
f 4641 7184 1834
f 3834 2359 5416
f 7558 2359 3834
f 1834 7517 8005
f 10557 4641 5262
f 7118 4641 10557
f 127 6280 11532
f 11537 1579 11532
f 4258 9501 11530
f 2007 7186 9501
f 4258 2007 9501
f 10642 8305 11533
f 717 10642 11533
f 8840 1115 420
f 7017 420 1115
f 2049 420 7017
f 12321 9478 2049
f 4660 9478 12321
f 5222 6044 12321
f 3565 4660 6044
f 1458 3565 6044
f 5110 1428 3565
f 5110 2558 6041
f 5336 5762 2558
f 5336 2331 12752
f 3140 2331 5529
f 9632 5529 3854
f 2159 994 3140
f 675 3140 5529
f 994 2159 10688
f 10688 10153 994
f 4081 4794 10688
f 2844 4794 4081
f 2844 10161 4794
f 7331 9753 10161
f 9753 9991 10161
f 2738 9753 7331
f 8406 1893 2738
f 12213 5063 4174
f 12214 5063 12213
f 7193 722 9458
f 722 12213 3837
f 3837 12213 8406
f 9458 3837 9553
f 3837 8406 2738
f 9553 2738 9552
f 28 9552 9093
f 9093 9552 7331
f 9093 6912 11763
f 9552 2738 7331
f 7331 6912 9093
f 7331 10161 6912
f 6912 10161 2844
f 6912 2844 9554
f 11763 6912 9554
f 9554 2844 4081
f 9554 10688 140
f 9554 4081 10688
f 12816 10688 2159
f 12816 2159 675
f 2809 4967 4712
f 570 1034 601
f 601 1034 3863
f 3863 7017 1115
f 8035 11530 9626
f 9626 11530 1285
f 10692 5897 58
f 11514 4314 7781
f 9557 1167 11514
f 12807 9557 10167
f 7207 9557 12807
f 10319 9490 7207
f 10361 9490 10319
f 2795 11773 10361
f 5664 58 2302
f 58 1926 10692
f 5664 1926 58
f 1926 1285 10692
f 10866 4806 9626
f 4806 11811 8035
f 11391 9556 9277
f 493 11391 9277
f 493 11531 11391
f 11650 11531 493
f 11650 10397 11531
f 7619 10397 11650
f 8757 1115 7619
f 3863 8757 11649
f 3623 3863 11649
f 3623 601 3863
f 601 4580 570
f 11310 570 4580
f 10097 12816 9097
f 9912 140 4728
f 403 9093 11763
f 7733 28 9093
f 1744 7193 6208
f 1754 7193 1744
f 1754 12900 7193
f 8587 12900 1754
f 8587 2267 12900
f 836 2267 8587
f 1753 10339 836
f 12475 548 2123
f 12475 12283 9369
f 8105 1360 4267
f 2123 548 4409
f 548 8530 7432
f 9369 4267 2547
f 9369 8105 4267
f 12475 9369 2547
f 548 12475 2547
f 1751 12475 2123
f 6208 1752 1744
f 515 9290 28
f 9290 9553 28
f 9290 9458 9553
f 6208 7193 9458
f 10267 11612 10339
f 4409 548 7432
f 548 2547 8530
f 2547 4267 8191
f 4267 9974 8191
f 4267 2810 9974
f 4267 1360 2810
f 2810 2808 9974
f 1360 2808 2810
f 1360 3979 2808
f 2808 3979 11534
f 3979 10689 11534
f 10689 7618 3836
f 2305 4395 7618
f 4395 3047 7618
f 7618 3047 5260
f 3047 9474 5260
f 10187 3273 9474
f 10187 4746 3273
f 3273 4746 11536
f 4746 2782 11536
f 2782 9555 206
f 9555 10690 206
f 2204 1531 3149
f 1531 7622 4327
f 1531 249 7622
f 2266 249 1531
f 6561 1531 2204
f 1361 3149 11980
f 11648 1361 11980
f 11648 11980 7593
f 8265 7593 10690
f 10102 8265 10690
f 2975 8265 10102
f 9555 2975 10102
f 10345 2975 9555
f 10186 10345 9555
f 10254 10186 10187
f 8170 9474 3047
f 9234 8170 4395
f 9368 9234 4395
f 5393 2305 3979
f 3979 6845 5393
f 11747 3979 1360
f 11747 6845 3979
f 8105 11747 1360
f 12283 8105 9369
f 12475 7629 12283
f 10267 10339 1753
f 430 1746 9676
f 3842 1746 1754
f 3842 1754 1744
f 1752 6208 9290
f 3841 1752 7835
f 7835 515 1370
f 7835 9290 515
f 515 28 7733
f 7733 9093 403
f 2382 9791 9104
f 9104 9791 9437
f 9791 9912 9437
f 8967 9912 4728
f 8967 4728 11672
f 8995 5655 139
f 10948 139 2878
f 10948 2878 10398
f 5360 10948 10398
f 5360 10398 3623
f 5360 3623 2692
f 152 5360 2692
f 2692 6730 541
f 541 6730 2020
f 11520 541 2020
f 4067 8632 612
f 8482 9277 2814
f 2814 11935 1745
f 11935 6716 1743
f 3514 1745 1743
f 10762 2265 9808
f 667 10762 9808
f 9808 5664 7685
f 7685 2302 6169
f 7685 5664 2302
f 6169 2302 10880
f 1750 2543 9091
f 1257 1742 5174
f 6633 1742 1257
f 1066 2793 6633
f 400 2543 7792
f 400 7216 2543
f 7216 2584 2543
f 9210 6169 46
f 1552 8834 9814
f 1552 7685 8834
f 7218 10762 667
f 1743 10762 7218
f 3514 1743 7218
f 12729 2814 1745
f 10799 8482 2814
f 11491 8482 10799
f 10519 8482 11491
f 10519 612 8482
f 178 612 10519
f 178 4067 612
f 11520 4067 178
f 11520 2020 4067
f 178 9211 11520
f 3356 541 11520
f 152 541 3356
f 152 2692 541
f 3356 12106 152
f 6530 152 12106
f 2186 139 10948
f 2186 8995 139
f 7215 8995 4684
f 12866 8967 7215
f 2382 9104 9896
f 8951 1188 2382
f 7217 403 1188
f 7217 7733 403
f 7217 515 7733
f 1370 515 7217
f 6512 3841 1370
f 6512 1370 11208
f 11208 1370 10223
f 9900 11208 10223
f 9900 10223 9899
f 10223 1370 7217
f 10223 7217 11220
f 9899 10223 11220
f 11220 7217 5237
f 5237 7217 1188
f 8951 2382 9896
f 5096 12866 4052
f 12866 7215 4684
f 4052 12866 4684
f 4684 8995 1302
f 1302 8995 2186
f 5211 1302 2186
f 1302 5211 12757
f 5211 6530 688
f 5211 2186 6530
f 12757 5211 688
f 4032 12757 688
f 688 6530 12106
f 4032 688 12106
f 887 12106 3356
f 4032 887 4602
f 4032 12106 887
f 887 11520 9211
f 887 3356 11520
f 4602 887 9211
f 4602 9211 8948
f 8948 10519 10915
f 10915 10519 10027
f 10027 10799 11100
f 11100 10799 12729
f 8808 12729 3514
f 1552 3161 667
f 1552 9814 3070
f 8768 9814 4986
f 4986 9814 9210
f 4986 9210 1870
f 9210 46 12704
f 1870 9210 12704
f 12704 46 7216
f 400 9897 7216
f 9897 400 11643
f 11643 1066 9901
f 11643 400 1066
f 400 7792 1066
f 6633 9901 1066
f 6633 1257 323
f 7996 323 1257
f 9618 3005 8156
f 9618 5733 3005
f 7865 8043 4158
f 3873 8040 7865
f 1102 941 4648
f 1102 7159 941
f 5522 1317 7159
f 8872 1317 5522
f 6125 8042 8872
f 10156 3392 8042
f 10156 8042 6125
f 10465 3392 10156
f 3198 7539 29
f 6656 29 7539
f 4301 8552 94
f 532 9648 651
f 3337 5326 532
f 10098 5326 3337
f 10098 613 8041
f 1259 8041 613
f 9016 11993 1259
f 6352 11993 9016
f 10157 6352 9016
f 11471 700 10157
f 582 11471 10016
f 4159 8046 582
f 2850 8046 4159
f 2850 11990 2346
f 10773 11990 2850
f 10773 2850 1583
f 10155 10773 1583
f 10155 7550 10773
f 463 7550 10155
f 12823 463 10155
f 12823 7794 463
f 7794 8310 463
f 8231 8310 7794
f 7015 10903 2387
f 2890 8044 3950
f 652 8044 2890
f 11106 10144 8806
f 7443 8806 3805
f 2891 7443 3805
f 421 2891 12696
f 11748 421 12696
f 5933 11748 12696
f 11779 3805 12787
f 8806 10144 10663
f 6682 407 10665
f 11282 6438 6930
f 10573 7789 10243
f 5088 4618 10573
f 7789 4618 7204
f 5089 5088 10573
f 8045 5089 10573
f 11192 5089 8045
f 650 9006 10661
f 650 10661 4134
f 12158 1638 650
f 650 4134 3500
f 5348 650 3500
f 8850 650 5348
f 8850 12158 650
f 8805 10145 11282
f 2894 8805 9937
f 6930 11191 11282
f 2147 6930 407
f 11262 2147 407
f 1804 6682 11106
f 1804 2546 6682
f 2546 12191 11262
f 11055 2546 1804
f 7443 1804 11106
f 11317 1804 7443
f 11317 7443 2891
f 225 11317 2891
f 2094 225 421
f 1808 5472 3758
f 7364 4326 1808
f 4326 8518 2958
f 8518 3262 2958
f 2824 12030 8117
f 2824 7875 12030
f 7875 6201 9143
f 6201 9833 9143
f 8217 8178 4388
f 9439 2763 11844
f 9421 4934 8141
f 3372 4934 9421
f 9472 11978 9421
f 8875 9472 9421
f 12121 8875 2763
f 12878 2763 9439
f 12878 8571 2763
f 8178 12878 9439
f 10587 12878 8178
f 1133 8178 8217
f 10587 8178 1133
f 9833 1133 8217
f 9833 1245 1133
f 4859 1245 9833
f 6201 4859 9833
f 2824 112 7226
f 484 12275 7364
f 1483 2824 8117
f 8518 1483 8117
f 1483 8518 11775
f 11775 8518 4326
f 4104 484 4601
f 12275 9349 7364
f 12275 9841 9349
f 11285 11775 9349
f 11285 4351 11775
f 4351 2316 1483
f 4351 11795 2316
f 2316 2824 1483
f 2316 112 2824
f 112 6201 7226
f 7361 9128 112
f 2061 3217 1245
f 3217 3430 1245
f 10587 8718 12878
f 8253 3331 8718
f 8718 8571 12878
f 8718 12121 8571
f 8718 3924 12121
f 9127 11978 9472
f 9127 9401 11978
f 8216 3865 310
f 4934 8216 310
f 4388 9102 3901
f 4388 1416 12133
f 6106 4388 12133
f 3779 6106 12133
f 10379 574 2419
f 12030 10379 2419
f 12030 2419 3262
f 9749 5472 225
f 5472 11317 225
f 5472 2736 11317
f 2736 1804 11317
f 11055 12191 2546
f 3262 1042 12191
f 3262 2419 1042
f 2419 574 12774
f 12774 574 10902
f 574 12133 10902
f 12133 1416 10902
f 4388 3901 1416
f 11844 1558 10590
f 10590 4261 11362
f 1558 4261 10590
f 12312 4934 10434
f 10434 11250 2468
f 310 4489 11250
f 4936 5069 11667
f 9127 4936 9401
f 4815 4936 9127
f 8582 9127 4716
f 8582 4815 9127
f 8582 4716 643
f 8436 643 3924
f 7113 8436 3924
f 3331 3924 8718
f 12239 7113 3331
f 12239 3331 8253
f 2063 12239 8253
f 3217 2063 3430
f 12244 2063 3217
f 4814 12247 7361
f 11795 7361 2316
f 5068 7361 11795
f 2011 5068 11795
f 4104 12275 484
f 4104 9841 12275
f 12152 9841 4104
f 3332 7134 6704
f 6704 240 6706
f 6706 240 4103
f 4103 8717 2601
f 2601 1843 9219
f 9219 1843 8254
f 8254 10175 12380
f 12380 10175 4841
f 12380 4841 1248
f 4841 8330 1248
f 10952 1248 7817
f 1250 7227 516
f 12507 10029 12582
f 12507 12867 4074
f 4074 12867 1201
f 1201 8569 6021
f 7094 8569 12627
f 3775 8569 7094
f 3775 6021 8569
f 12417 12627 9103
f 12417 7094 12627
f 3775 7094 12417
f 3775 12417 8821
f 12417 4883 11838
f 12417 9103 4883
f 8821 12417 11838
f 11838 4883 1642
f 6049 11838 6445
f 1642 11977 6445
f 6445 11977 9400
f 9400 2603 9130
f 9130 2603 4016
f 7706 7588 1249
f 1249 7588 2602
f 1249 2602 1246
f 1246 7224 1251
f 2062 1246 1251
f 2062 1251 3585
f 1251 7228 1247
f 12888 1247 7222
f 12888 7222 9473
f 4830 9473 12245
f 12245 9473 1448
f 11284 1448 1244
f 11284 1244 6952
f 1244 12144 1364
f 6952 1244 1364
f 6952 1364 6215
f 6215 4289 12250
f 12250 4289 6866
f 3226 6236 4350
f 27 5057 3226
f 7143 5057 27
f 11755 11686 9025
f 455 983 11686
f 208 983 455
f 4869 3282 761
f 5012 11049 4869
f 5012 9634 11049
f 282 587 7208
f 960 587 282
f 960 9792 587
f 6059 11126 6670
f 5755 11126 6059
f 130 2083 5755
f 2065 8874 2083
f 4034 185 3015
f 505 185 4034
f 505 6677 12494
f 2987 6677 505
f 6746 2987 505
f 5090 6677 2987
f 5090 355 6677
f 9620 355 5090
f 9620 5405 355
f 2234 9620 6875
f 2234 5405 9620
f 2234 11560 5405
f 7325 11560 2234
f 7325 4516 11560
f 11009 4516 7325
f 4611 11619 11009
f 4611 4615 11619
f 10444 4741 8731
f 5603 4741 10444
f 4741 1420 8731
f 5603 11241 4741
f 11241 1134 4741
f 5602 1594 1134
f 5602 6783 1594
f 10846 5604 3766
f 5604 10845 3766
f 9387 418 859
f 418 7065 9561
f 9561 3510 4998
f 3510 3511 4998
f 3511 1417 4998
f 6004 1417 3511
f 12817 1418 9160
f 783 3502 2162
f 12612 4652 455
f 4677 712 6341
f 1012 8084 6341
f 10791 8438 9450
f 10791 3208 8438
f 3272 1292 3208
f 3272 6302 1292
f 6067 130 6302
f 12434 130 6067
f 10403 2065 1796
f 11234 3015 10403
f 4034 3015 11234
f 7280 6746 4034
f 9239 6746 7280
f 10817 6875 11561
f 10817 8065 6875
f 6814 8065 10817
f 5629 10341 5935
f 6949 5615 3875
f 6950 7555 11601
f 10607 11601 8397
f 2677 695 7346
f 1055 695 2677
f 5719 11023 7772
f 5570 1278 10946
f 989 5570 2045
f 989 2045 12797
f 12797 2045 5268
f 12797 5268 8295
f 8295 3976 9371
f 9371 4834 927
f 927 4834 10805
f 927 10805 4630
f 4630 4847 6176
f 5563 5957 12365
f 12365 11345 9538
f 9538 704 2048
f 2048 704 5132
f 1627 2048 5132
f 1627 5132 73
f 3230 1627 1690
f 3230 2048 1627
f 6154 9538 3230
f 4852 9538 6154
f 10376 12365 4852
f 10376 5563 12365
f 11949 5563 10376
f 6176 6880 4630
f 10005 9371 927
f 4176 9371 10005
f 550 11023 5719
f 7501 11023 550
f 7501 2677 11023
f 2734 419 1055
f 4279 6950 11601
f 11447 5935 6949
f 5935 11447 7210
f 12603 8895 5629
f 5377 605 11447
f 5377 11447 7534
f 8 8516 8966
f 8966 12626 45
f 6967 1055 8158
f 1814 7501 8446
f 8446 7501 550
f 10746 11238 5151
f 8522 12571 4176
f 624 10005 1980
f 1423 12061 11949
f 1423 11949 12870
f 12870 11949 10376
f 9176 10376 4852
f 9176 9073 12870
f 8476 624 12860
f 1234 624 8476
f 1234 8522 624
f 6182 10746 11436
f 7362 11238 10746
f 6182 11436 6001
f 10469 4401 6917
f 12860 6880 10912
f 6154 3230 11287
f 11428 4443 11232
f 10865 4443 11428
f 10865 2162 4443
f 10865 12612 2162
f 12588 9514 12612
f 9835 712 6095
f 3380 10562 1012
f 7130 10562 3380
f 11850 6302 3272
f 11850 6067 6302
f 12434 6067 10852
f 7346 12434 9543
f 7346 1796 12434
f 12434 1796 6464
f 9089 10403 1796
f 3872 4034 11234
f 3872 7280 4034
f 5307 9239 7280
f 9984 9239 5307
f 10817 11561 9984
f 3875 10817 9984
f 10341 2024 6814
f 10966 3569 8895
f 5629 2024 10341
f 5629 9204 2024
f 6814 10817 5615
f 5615 10817 3875
f 5307 7280 8397
f 8397 7280 3872
f 10607 3872 419
f 695 419 9089
f 695 9089 7346
f 10852 6067 7772
f 7772 6067 11850
f 10946 77 3776
f 10946 3776 2045
f 2045 3776 1488
f 819 10976 3976
f 819 3207 10976
f 3976 10976 4834
f 4834 10976 50
f 4834 50 10805
f 10805 7130 4847
f 4847 7130 3380
f 12481 9835 5957
f 5957 9835 6095
f 5957 6095 12077
f 12077 9514 11345
f 12588 11345 9514
f 12588 10865 9651
f 11428 9651 10865
f 73 11428 2254
f 5132 11428 73
f 5132 9651 11428
f 5132 704 9651
f 12365 12077 11345
f 5957 12077 12365
f 5268 819 3976
f 2045 1488 5268
f 7772 9543 10852
f 1278 11850 10946
f 11345 12588 704
f 704 12588 9651
f 819 5268 1488
f 77 10946 11850
f 7772 11850 1278
f 11023 7346 9543
f 8397 3872 10607
f 3872 11234 419
f 7555 5307 8397
f 7555 9984 5307
f 11561 9239 9984
f 11234 10403 419
f 419 10403 9089
f 7346 9089 1796
f 9543 12434 10852
f 11850 3272 77
f 77 3272 3208
f 3776 77 3208
f 3776 3208 10791
f 9450 3776 10791
f 1488 3776 9450
f 1488 977 819
f 1488 9450 977
f 3207 819 977
f 7130 10805 50
f 3380 1012 12481
f 9835 1012 6341
f 12481 1012 9835
f 12077 6095 9514
f 10865 12588 12612
f 2162 8014 4443
f 2162 3502 8014
f 4443 8014 11232
f 11428 11232 2254
f 2254 11232 7528
f 9176 4852 6154
f 12870 10376 9176
f 1423 10912 12061
f 10912 6880 12061
f 12860 1980 6880
f 12860 624 1980
f 8522 10005 624
f 8522 4176 10005
f 6917 12571 8522
f 6917 4401 12571
f 10469 989 4401
f 10469 6001 989
f 989 6001 11436
f 2859 11238 7362
f 2859 550 11238
f 8446 550 2859
f 8158 1055 1814
f 6967 2734 1055
f 6967 2762 2734
f 5567 2734 2762
f 12626 5567 2762
f 8516 4279 8966
f 7506 4919 8516
f 11447 7506 7534
f 8516 4919 4279
f 8 8966 45
f 7534 7506 8516
f 605 3084 11447
f 5565 7210 3084
f 3672 5565 3084
f 3672 5216 5565
f 9243 10966 12603
f 5216 9243 5565
f 5565 9243 12603
f 5565 12603 7210
f 7210 12603 5629
f 7210 5629 5935
f 3084 7210 11447
f 5935 5615 6949
f 11447 6949 7506
f 7506 6949 4919
f 4919 6950 4279
f 4279 11601 8966
f 8966 11601 12626
f 12626 11601 5567
f 5567 11601 10607
f 1055 419 695
f 1814 1055 2677
f 1814 2677 7501
f 11238 550 5719
f 11238 1278 5151
f 10746 5151 11436
f 11436 5570 989
f 4401 989 12797
f 4401 12797 12571
f 10005 927 1980
f 1980 927 4630
f 1980 4630 6880
f 6880 6176 12061
f 12061 5970 11949
f 3230 9538 2048
f 11345 704 9538
f 4852 12365 9538
f 5957 5563 12481
f 5970 12481 5563
f 5563 11949 5970
f 12020 12481 5970
f 12020 3380 12481
f 12061 12020 5970
f 6176 12020 12061
f 12020 4847 3380
f 12020 6176 4847
f 4847 4630 10805
f 9371 3976 4834
f 4176 8295 9371
f 3976 8295 5268
f 12571 8295 4176
f 12571 12797 8295
f 5570 10946 2045
f 5151 5570 11436
f 5570 5151 1278
f 11238 5719 1278
f 5719 7772 1278
f 11023 9543 7772
f 2677 7346 11023
f 5567 419 2734
f 5567 10607 419
f 7555 8397 11601
f 3875 9984 7555
f 4919 7555 6950
f 4919 3875 7555
f 6949 3875 4919
f 5615 10341 6814
f 5935 10341 5615
f 10966 8895 12603
f 3569 4611 9204
f 8895 3569 9204
f 8895 9204 5629
f 9204 12415 2024
f 2024 8065 6814
f 11561 6875 5090
f 10403 6645 2065
f 2065 6464 1796
f 977 9450 12856
f 977 9931 3207
f 977 12856 9931
f 10976 9931 7436
f 10976 3207 9931
f 10976 7436 50
f 50 7436 9168
f 50 9168 7130
f 10562 7130 9168
f 9835 6341 712
f 712 4677 6095
f 4677 10362 4652
f 6095 4652 9514
f 6095 4677 4652
f 12612 9514 4652
f 783 12612 455
f 12612 783 2162
f 3502 7143 8014
f 11232 8014 8701
f 11232 8701 11224
f 11232 11224 7528
f 11224 8701 9860
f 9860 4350 11948
f 11224 9860 11948
f 9860 27 3226
f 9860 8701 27
f 7143 27 8701
f 3502 7938 7143
f 3502 11755 7938
f 783 11755 3502
f 455 11755 783
f 4652 10362 455
f 4677 3718 10362
f 6341 3718 4677
f 6341 1209 3718
f 8084 1209 6341
f 8084 11966 1209
f 8084 761 11966
f 3136 761 8084
f 8084 1012 3136
f 10562 3136 1012
f 3136 4869 761
f 12856 9925 5589
f 12856 7208 9925
f 282 7208 12856
f 9450 282 12856
f 8438 960 282
f 8438 282 9450
f 6058 960 8438
f 3208 6058 8438
f 6058 6670 5376
f 1292 6670 6058
f 1292 6058 3208
f 1292 6059 6670
f 6302 6059 1292
f 130 5755 6302
f 6464 2083 130
f 3015 6645 10403
f 6746 505 4034
f 9239 2987 6746
f 9239 5090 2987
f 11561 5090 9239
f 6875 9620 5090
f 2024 12415 7325
f 12415 4611 11009
f 7797 10444 6759
f 7797 5603 10444
f 6056 7644 11241
f 11241 5602 1134
f 6329 1385 6338
f 6338 1385 3504
f 12561 6463 7065
f 6463 7603 3510
f 3510 7603 3511
f 10181 3511 7603
f 10181 6004 3511
f 10181 3508 6004
f 4278 11010 5775
f 11010 5093 5775
f 5093 12624 5775
f 5775 12624 9160
f 12624 12817 9160
f 5092 12817 12624
f 6363 6154 11287
f 9176 6154 6363
f 8328 12870 9073
f 9073 8206 8328
f 8328 1423 12870
f 10252 8522 1234
f 1234 11526 10252
f 10252 6917 8522
f 11526 641 10252
f 12330 10469 641
f 205 6182 12330
f 205 10746 6182
f 7362 10746 205
f 5750 2859 7362
f 1377 6362 2859
f 6362 8446 2859
f 10586 8446 6855
f 10586 8158 1814
f 6967 9135 2762
f 1859 45 2762
f 45 12626 2762
f 1859 3633 45
f 7 8 3633
f 7 8516 8
f 1847 8516 7
f 1847 7534 8516
f 5377 7534 1847
f 12780 5377 1847
f 605 5377 12780
f 583 605 9383
f 605 3672 3084
f 10059 7899 8002
f 9817 5095 10333
f 5095 4162 10904
f 4162 9332 10904
f 4162 4163 9332
f 8896 2415 4434
f 5094 5619 4433
f 5094 4161 5619
f 4161 9656 5619
f 4161 4160 9656
f 4164 2391 8194
f 4160 4164 8194
f 9656 4160 5280
f 5619 9656 2642
f 11776 5619 2642
f 4433 6770 11233
f 10334 11233 6770
f 10334 6770 347
f 11475 9965 10334
f 11475 347 2719
f 4435 2719 3724
f 4434 4435 3724
f 4434 3724 4333
f 9332 4434 4333
f 9325 9332 4333
f 10904 9325 12068
f 9332 9325 10904
f 10904 12068 6057
f 10333 10904 6057
f 5095 10904 10333
f 10333 6057 6060
f 10281 10333 6060
f 9817 10333 10281
f 10281 6060 6056
f 8002 6056 9504
f 8002 10281 6056
f 10766 8002 9504
f 10059 8002 10766
f 10059 10766 8047
f 7797 10766 2986
f 2986 9504 5603
f 9504 567 5603
f 9504 6056 567
f 6056 11241 567
f 6056 6060 7644
f 6060 6057 7644
f 12068 5081 11158
f 5081 6338 11158
f 12068 9325 5081
f 9325 4333 5081
f 4333 3724 6329
f 644 9387 6329
f 3724 2719 644
f 644 2719 12561
f 2719 6463 12561
f 2719 347 6463
f 347 6770 7603
f 6770 10181 7603
f 6770 10953 10181
f 6770 11776 10953
f 10953 4278 10181
f 11776 2642 10953
f 2642 11010 4278
f 2642 9656 11010
f 9656 5093 11010
f 9656 5280 5093
f 5280 5092 5093
f 5280 8194 5092
f 8194 2391 5092
f 2391 7870 5092
f 8838 12631 3389
f 7713 3389 10537
f 11713 7713 10537
f 5844 11713 10862
f 5844 10862 10628
f 3488 10628 1367
f 3488 1367 6282
f 829 6282 5148
f 829 8728 6282
f 1612 829 5148
f 1160 1612 5148
f 3815 12489 4855
f 10826 5596 6761
f 5596 3558 9338
f 6029 8453 1160
f 8453 5491 1612
f 5491 829 1612
f 3488 5844 10628
f 10991 11713 5844
f 7329 11711 10991
f 11711 11030 7713
f 11030 8838 3389
f 5876 9181 1986
f 5876 1986 8838
f 1165 5876 8838
f 11030 1165 8838
f 11711 9162 11030
f 7329 6036 11711
f 2823 7329 5844
f 11715 6227 2823
f 2823 5844 3488
f 6819 2823 3488
f 6819 3488 8728
f 4154 8728 829
f 4154 6819 8728
f 5491 4154 829
f 6029 5421 1863
f 1863 5421 3558
f 1863 3558 10883
f 10883 5596 10826
f 9294 10883 12537
f 6313 12537 1832
f 792 1832 3646
f 6313 1832 792
f 11404 10883 9294
f 11404 1863 10883
f 5212 6029 10231
f 4330 6029 5212
f 4330 9394 6029
f 9394 5015 8453
f 5491 4763 4154
f 1110 2823 6819
f 1110 11715 2823
f 6227 3107 6036
f 6227 6036 7329
f 8888 9162 6036
f 5427 9181 5876
f 10698 8558 9181
f 5427 8545 9181
f 3107 8888 6036
f 1053 3107 6227
f 11097 1053 11715
f 11097 10009 1053
f 1110 11097 11715
f 8027 11097 1110
f 4763 8027 1110
f 6184 4714 5015
f 5887 4330 5212
f 10470 5212 10231
f 6971 5212 10470
f 12844 2779 6313
f 12844 6313 4446
f 4562 4142 12233
f 4142 685 792
f 8867 12844 4446
f 6212 9294 2779
f 6212 11404 9294
f 6212 8244 11404
f 8244 6971 11404
f 7008 5212 6971
f 7275 5212 7008
f 7435 9394 4330
f 1573 12889 7435
f 12889 6184 7435
f 8419 6275 4714
f 12727 1588 12523
f 7805 4099 3620
f 7805 9767 4099
f 6195 5293 12206
f 5293 6195 5677
f 6195 12206 10764
f 9251 10764 12206
f 9251 2967 10764
f 7884 9251 4740
f 7884 2967 9251
f 10087 7884 4740
f 4099 9767 10087
f 10087 9767 7884
f 1588 3620 4099
f 12727 3620 1588
f 2876 12580 12523
f 2876 12523 2818
f 11254 2876 2818
f 10141 10317 10009
f 8419 10695 6275
f 6740 5557 11254
f 10141 10009 11097
f 10141 11097 8027
f 12889 4714 6184
f 12889 8419 4714
f 6184 9394 7435
f 6275 4763 4714
f 6275 10695 4763
f 6740 3107 1053
f 6740 11254 3107
f 11254 2818 3107
f 2818 12523 9524
f 12523 1588 5427
f 1588 8545 5427
f 1588 4099 8545
f 10087 10698 4099
f 10087 4740 8558
f 9767 4711 7884
f 7805 2154 9767
f 12580 7440 12727
f 12580 12727 12523
f 8961 5342 2876
f 10678 5342 8961
f 1716 10678 8961
f 1716 8961 5557
f 12645 5557 10317
f 11805 4749 8419
f 11805 8419 9393
f 11045 11805 9393
f 11665 6805 11295
f 9018 11665 1705
f 2149 9018 1705
f 2149 1705 3316
f 7975 8867 9051
f 11206 5700 8877
f 2701 11257 11848
f 5098 11848 4298
f 5098 4298 5054
f 5098 11478 11848
f 11848 11478 2701
f 2701 8877 11257
f 2701 8274 8877
f 7975 12844 8867
f 7975 9863 12844
f 7975 11096 9863
f 11096 2629 9863
f 2629 3316 8244
f 1705 11665 7275
f 11665 11295 7275
f 11295 11045 1573
f 11045 12889 1573
f 11206 8877 8274
f 11206 5632 5700
f 11482 5632 11206
f 5632 11482 9051
f 7975 9051 7894
f 2629 11096 3316
f 2149 3316 12440
f 6805 11045 11295
f 11045 9393 12889
f 4394 1894 10141
f 1894 743 10141
f 743 10317 10141
f 743 12645 10317
f 12645 1716 5557
f 8961 2876 11254
f 11254 5557 8961
f 9358 8027 10695
f 9358 4394 8027
f 6446 9358 10695
f 6446 10695 8419
f 4749 6446 8419
f 9393 8419 12889
f 1573 5887 7275
f 3316 1705 7008
f 7008 6971 8244
f 6212 2629 8244
f 9863 2779 12844
f 9051 8867 5632
f 5632 685 5700
f 5700 685 4142
f 5700 4142 8877
f 8877 4562 11257
f 11656 11096 7975
f 11492 12440 11096
f 12440 3316 11096
f 12112 11665 9018
f 11764 6805 11665
f 6805 8800 11045
f 11805 11045 8800
f 7930 4749 8800
f 12765 12846 4749
f 12846 2531 9358
f 2531 4394 9358
f 2531 1894 4394
f 12645 7101 1716
f 10678 10848 5342
f 5250 7440 12580
f 917 3620 7440
f 917 11267 3620
f 11267 2154 7805
f 2154 9710 4711
f 9707 10764 2967
f 1127 5018 365
f 653 12553 932
f 10053 653 10073
f 52 10053 1127
f 8053 52 1127
f 367 52 8053
f 10073 653 932
f 5018 10053 10073
f 1127 10053 5018
f 9707 8053 1127
f 4711 367 9707
f 917 6226 11267
f 5250 917 7440
f 6164 5250 12580
f 6164 12580 5342
f 7101 10678 1716
f 7392 7101 12645
f 743 7392 12645
f 4797 7392 743
f 7919 4797 743
f 7919 743 1894
f 7919 1894 2531
f 8407 7919 2531
f 8407 2531 305
f 305 2531 12846
f 12765 305 12846
f 2591 305 12765
f 7930 12765 4749
f 11506 1355 7536
f 7536 1355 2149
f 7536 2149 12440
f 11656 7975 5378
f 5378 7975 7894
f 11061 5378 7894
f 8334 945 11061
f 11061 9051 11482
f 1883 8274 11474
f 4901 9769 11478
f 9087 5098 6963
f 9087 6963 9413
f 3169 5098 9087
f 8334 11061 11482
f 11903 11656 5378
f 11492 11656 11903
f 10235 12440 11492
f 11506 8741 1355
f 8741 12112 1355
f 6316 10438 11764
f 5861 8800 10438
f 5861 6721 8800
f 8800 6721 7930
f 2591 8407 305
f 7900 5250 5746
f 7900 917 5250
f 6733 6226 917
f 6226 3707 8302
f 3707 9710 8302
f 3707 7328 9710
f 9710 10293 367
f 6162 9564 10293
f 7328 10293 9710
f 7328 6162 10293
f 3707 6162 7328
f 10596 3707 6226
f 2031 5746 6164
f 8636 2031 6164
f 8146 8636 10848
f 8146 992 8636
f 2815 8146 10848
f 2815 10848 7101
f 11846 7101 7392
f 4797 11846 7392
f 6012 11092 4797
f 6012 4797 7919
f 7009 7919 8407
f 7009 6012 7919
f 7009 8407 2591
f 4893 7009 2591
f 6803 4893 2591
f 6803 2591 4702
f 5846 6803 4702
f 5846 4702 6721
f 1022 5861 6316
f 4780 1022 6316
f 10558 10750 11506
f 5141 5587 10235
f 1559 10235 11303
f 10368 6143 270
f 10750 4780 8741
f 4780 6316 11764
f 8741 4780 11764
f 10750 8741 11506
f 10558 11506 5587
f 5141 10558 5587
f 11903 11303 11492
f 6143 11303 270
f 8334 270 945
f 6042 10368 8334
f 6697 6042 6585
f 4593 6585 1883
f 8129 11474 8104
f 12159 8129 8104
f 10777 4901 3169
f 8640 1043 9087
f 8640 9087 9413
f 8640 9413 12579
f 9413 7482 12579
f 12579 7482 11602
f 1043 12579 3647
f 10777 1043 10507
f 10777 10507 9867
f 10777 9867 8554
f 12159 8104 8554
f 8196 6585 4593
f 6585 8196 6697
f 9790 8830 7922
f 9790 10368 6042
f 1597 4780 10750
f 4780 1597 1022
f 10188 2470 5861
f 10188 5169 2470
f 5169 3953 2470
f 2470 3953 5846
f 5846 3953 6803
f 7009 1340 6012
f 1340 11092 6012
f 11846 4797 11092
f 11846 2815 7101
f 7626 2815 11846
f 7626 8146 2815
f 6546 992 8146
f 2167 9107 2031
f 9107 7900 5746
f 9107 2145 7900
f 8611 3707 10596
f 8611 3636 3707
f 34 6162 3636
f 10293 52 367
f 52 11728 10053
f 653 10053 3188
f 653 1328 12553
f 3188 9604 1328
f 3188 11728 12638
f 6162 34 12486
f 5545 242 2145
f 5614 5545 9597
f 763 9597 11847
f 7343 12560 7211
f 7869 7343 7211
f 10962 7150 10567
f 6365 7150 10962
f 9546 10962 7047
f 7367 9546 1216
f 9546 8750 1216
f 2695 1216 8750
f 5199 1216 2695
f 1161 10558 7393
f 11162 7393 11363
f 11363 7393 1559
f 11363 1559 207
f 5046 4046 1358
f 5046 207 4046
f 11967 9790 6697
f 8373 11967 6697
f 8373 6697 8196
f 2799 8373 8196
f 6911 2799 3011
f 5380 8554 9867
f 4093 5976 9867
f 10507 4093 9867
f 4093 10507 8266
f 8266 10507 3647
f 9667 8266 5740
f 9667 3306 7751
f 7751 4093 8266
f 4093 7751 1371
f 5976 3189 5380
f 6911 8373 2799
f 9734 8830 11967
f 5046 11363 207
f 4219 1079 1161
f 5199 1079 4219
f 5199 10606 1216
f 10606 7367 1216
f 4828 9546 7367
f 4828 11214 9942
f 7869 771 7343
f 5502 6365 9942
f 5502 4216 6365
f 9942 6365 10962
f 4216 668 6365
f 668 7150 6365
f 668 5892 7150
f 668 11419 5892
f 11419 7236 5892
f 5892 7236 5043
f 7236 7869 5043
f 771 11660 7343
f 11660 12560 7343
f 1989 12609 2284
f 5614 4796 5545
f 4796 4208 10719
f 10719 9455 10018
f 9455 1835 10018
f 1835 9308 8201
f 1835 8201 34
f 8201 10709 12486
f 1187 9564 12486
f 1187 1291 3952
f 2667 3922 12638
f 9963 1328 9604
f 9963 10189 1328
f 12553 4260 11319
f 7544 4260 2090
f 6602 5066 2090
f 11211 1851 804
f 1047 11211 804
f 4789 8226 804
f 3401 939 8226
f 9977 8078 1077
f 1077 8078 7657
f 10722 9977 1077
f 3625 1151 8308
f 8308 8493 3625
f 8789 1151 3625
f 7384 7905 1151
f 4018 10716 7384
f 9455 10998 2141
f 4018 7384 12039
f 4018 10709 8201
f 4018 12039 10709
f 12039 1151 10709
f 10709 1151 8789
f 6602 4789 5066
f 7602 4789 6602
f 7602 8226 4789
f 7602 6602 10189
f 3678 7602 10189
f 3206 1077 3678
f 9198 3206 9874
f 9198 10722 3206
f 8246 5999 9198
f 3625 5999 8246
f 5999 10722 9198
f 10941 3206 3678
f 9874 3206 10941
f 8246 9198 2667
f 9198 9874 2667
f 8789 8246 1291
f 8246 8789 3625
f 10709 8789 1187
f 10998 10716 2141
f 4399 7384 10716
f 4399 12115 7384
f 7384 1151 12039
f 1151 7905 9445
f 9445 8308 1151
f 8493 5999 3625
f 9295 10722 5999
f 9295 9977 10722
f 9295 4664 9977
f 10722 1077 3206
f 3401 1077 7657
f 3401 7657 939
f 1077 3401 3678
f 3401 7602 3678
f 3401 8226 7602
f 8226 1047 804
f 4789 804 5066
f 5066 804 3661
f 4260 6602 2090
f 10189 10941 3678
f 9963 10941 10189
f 9604 9874 9963
f 2667 9604 3922
f 1291 8246 2667
f 1291 1187 8789
f 4208 9455 10719
f 5980 4796 5614
f 763 5980 5614
f 9674 5980 763
f 12609 9674 2284
f 6452 12609 1989
f 7774 6452 4736
f 7774 4736 11660
f 9054 771 7869
f 9054 7869 7236
f 3326 10352 11419
f 3326 11419 668
f 3326 668 4216
f 11214 5502 9942
f 10788 3519 9650
f 10788 9650 10606
f 10788 10606 4070
f 4070 5199 7323
f 6399 8763 4700
f 5343 6399 11162
f 7323 5199 4219
f 4070 10606 5199
f 3519 9803 4828
f 3519 4828 9650
f 9650 4828 7367
f 9650 7367 10606
f 8763 7323 4219
f 4700 4219 1161
f 6399 4700 11162
f 8413 5343 11363
f 9106 6298 7308
f 5626 9106 9734
f 5019 5626 10069
f 9106 7308 9734
f 10069 8373 6911
f 8855 5019 6911
f 7965 6911 3189
f 5019 8855 12602
f 5626 5019 12602
f 5626 12602 6407
f 6407 9106 5626
f 9106 6407 907
f 1008 6298 9106
f 5343 7642 6399
f 6399 7642 8763
f 9174 4070 7323
f 10788 3603 3896
f 2619 12408 9803
f 9803 8832 11214
f 5502 11214 8832
f 5502 8832 4216
f 8678 4216 8832
f 279 3326 4216
f 9054 5142 771
f 5142 2199 771
f 2199 11660 771
f 3330 6452 7774
f 3330 11617 6452
f 8817 12609 11617
f 8817 6565 12609
f 12609 6565 9674
f 6565 3453 5980
f 3453 5639 5980
f 5980 5639 4796
f 5639 4208 4796
f 4208 8664 9455
f 10716 10998 4399
f 10998 7259 4399
f 9455 8664 10998
f 11926 7935 7042
f 3949 7042 7632
f 10436 7448 9066
f 9319 10436 9066
f 5964 9319 3473
f 7641 3473 279
f 4362 11217 10666
f 2725 7112 11172
f 12038 11172 7112
f 4599 12038 7112
f 7112 4404 4599
f 4599 4404 4397
f 4397 4404 3896
f 3896 3603 6068
f 1603 6068 3603
f 1603 3603 38
f 2928 38 3431
f 8144 2928 3431
f 12378 8144 3431
f 12378 3431 7642
f 12378 7642 6136
f 12378 6136 12435
f 12435 6136 4974
f 12422 4974 11020
f 11020 1008 3038
f 3038 1008 907
f 6054 3038 907
f 5725 10042 12602
f 9640 7268 3787
f 9640 3787 6589
f 6589 7832 9640
f 5725 497 10042
f 10042 5903 6054
f 8353 12422 3038
f 8353 3688 12422
f 12378 12435 9719
f 12378 9719 1157
f 12378 1157 8851
f 8144 8851 12843
f 8144 12843 2928
f 1287 7972 11926
f 259 6926 6221
f 7764 1124 3958
f 7764 1074 1124
f 3807 12822 11408
f 12738 5625 12822
f 5625 12738 6920
f 12822 5625 3362
f 2146 11408 12822
f 1074 11408 2146
f 9344 1074 2146
f 1124 1074 9344
f 5422 3958 1124
f 7969 6926 3958
f 6221 6926 7969
f 1074 11122 11408
f 6926 1657 3958
f 12720 1657 6926
f 259 12720 6926
f 7972 10515 11926
f 5285 7641 10666
f 7641 5964 3473
f 10436 7621 7448
f 7621 1287 7448
f 1287 11926 3949
f 11926 10515 7935
f 10515 6221 7935
f 6221 7969 11148
f 7969 5422 4742
f 1124 5578 5422
f 1124 9344 5578
f 5625 8664 3362
f 7259 8664 5625
f 5625 6920 7259
f 6920 4399 7259
f 3475 4399 6920
f 4399 3475 12115
f 12115 7905 7384
f 12115 10148 7905
f 9445 7905 10148
f 10148 1540 9445
f 12738 1941 6920
f 3807 12738 12822
f 7764 11122 1074
f 1657 7764 3958
f 12720 3751 1657
f 909 11405 3471
f 7233 12843 9048
f 8851 12879 9048
f 12843 909 1603
f 7233 909 12843
f 909 5347 11405
f 11405 5829 3471
f 11405 6661 11807
f 11405 10325 5829
f 11405 11807 10325
f 11807 4187 10325
f 7462 4599 10325
f 10325 4397 5829
f 5829 4397 9778
f 3471 5829 9778
f 9048 12843 8851
f 3688 8353 8190
f 8190 2165 8715
f 8715 5903 7732
f 7732 497 11936
f 11936 497 6589
f 5462 3688 8458
f 8851 7822 12879
f 5347 909 7233
f 3751 7764 1657
f 11122 7764 9532
f 9532 11266 11122
f 11266 8727 11122
f 5674 11408 8727
f 5674 3538 9033
f 5150 7744 1941
f 7744 1587 10148
f 1587 937 1540
f 4555 2410 9445
f 2410 11411 8493
f 8308 2410 8493
f 8493 11411 5999
f 11411 9295 5999
f 9713 4664 9295
f 11411 8430 9713
f 151 8430 9985
f 151 7954 8430
f 151 9985 2410
f 4525 9262 11222
f 9262 4525 849
f 6799 4525 3008
f 8294 3567 1628
f 6773 9641 3538
f 7381 3538 9641
f 3538 7381 9033
f 9033 7381 5398
f 7742 9274 5398
f 12768 1587 7742
f 12768 3008 6828
f 3008 12768 1628
f 8294 1628 7742
f 9274 7742 1587
f 7742 1628 12768
f 5398 8294 7742
f 9641 2951 7381
f 5398 7381 8294
f 7381 12437 8294
f 1628 3567 3008
f 6799 3008 3567
f 3008 4525 11222
f 3008 11222 6828
f 1587 12768 937
f 6828 937 12768
f 6828 151 937
f 937 151 4555
f 7744 9274 1587
f 5150 9274 7744
f 8147 9033 5398
f 4585 6773 3538
f 4585 3538 8727
f 11266 4585 8727
f 7862 9048 3145
f 3145 12879 7822
f 2370 6780 5462
f 6493 8458 8190
f 11473 6493 8190
f 7068 11680 11473
f 7068 2661 9927
f 5528 11473 11680
f 9407 5462 8458
f 3145 7822 6956
f 8029 7862 3145
f 8029 9673 7862
f 3883 6773 4585
f 10416 3172 11142
f 10416 5901 5678
f 6959 11753 30
f 6959 2452 11495
f 9757 10416 5678
f 10416 11142 5901
f 3172 8029 11142
f 11142 8029 3145
f 5678 5901 3572
f 5678 3572 11495
f 6959 11495 9407
f 5528 9407 6493
f 11753 6959 5528
f 11753 2879 30
f 9322 11698 5949
f 2452 6959 30
f 9757 3172 10416
f 9757 5678 9802
f 9802 11495 2452
f 30 2879 7513
f 2879 9322 7513
f 9747 645 9322
f 9120 645 5694
f 10597 2452 9120
f 10597 9802 2452
f 3092 3595 10130
f 7630 12530 2951
f 12530 12437 2951
f 12437 7381 2951
f 12437 5794 8294
f 5794 3567 8294
f 12530 12225 5794
f 12225 10130 5794
f 12225 3092 10130
f 6799 849 4525
f 7625 7040 2776
f 9262 7625 2776
f 11222 9262 2776
f 6828 2776 7954
f 7319 4664 9713
f 4704 5942 7319
f 939 4579 8226
f 4579 1407 9266
f 7662 1407 4579
f 7662 2038 1407
f 7657 7662 939
f 939 7662 4579
f 8078 7662 7657
f 2393 9568 2038
f 9568 2853 2038
f 8078 2393 7662
f 5942 2393 8078
f 6940 12782 9568
f 6123 6940 4704
f 6123 12782 6940
f 6940 2393 5942
f 4704 6940 5942
f 8999 6123 4704
f 11653 8999 2449
f 2449 4268 11653
f 12516 11653 4268
f 2776 7040 6902
f 6123 8999 11653
f 11653 4996 6123
f 6123 4729 12782
f 9551 4729 4996
f 6902 9551 4996
f 6902 4450 9551
f 7625 4450 7040
f 9262 8684 7625
f 8163 3595 11614
f 1897 8684 849
f 11814 7955 7262
f 10645 11814 6988
f 7771 6988 6157
f 7771 10645 6988
f 6988 11814 4567
f 4567 11814 7262
f 1897 4567 8684
f 6157 10127 7771
f 8326 10127 6157
f 12011 6389 6955
f 10645 2740 11814
f 11814 2740 12011
f 8036 11646 5129
f 8036 6389 12011
f 6389 7955 6955
f 7262 5805 9268
f 8684 4567 7262
f 8684 9268 7625
f 8684 7262 9268
f 9268 5805 1001
f 9268 10095 5395
f 9268 1001 10095
f 4450 5395 9551
f 7466 10044 4729
f 4729 10044 12782
f 12782 3159 9568
f 3159 12562 4165
f 3159 4165 9568
f 1407 6860 9266
f 9266 998 11211
f 9266 7465 998
f 7465 191 998
f 6798 191 898
f 11211 998 11587
f 11587 6798 9885
f 3661 1851 11911
f 1851 11211 3923
f 804 1851 3661
f 191 5889 898
f 10424 898 5889
f 7465 1467 7382
f 7382 191 7465
f 7382 11689 5889
f 1467 7029 7382
f 9820 1467 7465
f 7029 10183 9763
f 7992 2216 10183
f 7992 4165 11681
f 7033 2216 11681
f 4165 12042 11681
f 10044 8631 12562
f 8631 6519 816
f 10044 6519 8631
f 7466 6519 10044
f 6994 816 6519
f 10095 6994 6519
f 10095 1001 10784
f 6994 10095 10784
f 10784 1354 1113
f 1354 706 1113
f 2705 7693 1354
f 9343 706 7693
f 10792 9343 3396
f 10768 10792 3396
f 4722 12789 1033
f 4722 11646 5385
f 11646 8036 8629
f 3595 3092 6575
f 3092 12225 5992
f 3172 9757 12034
f 6661 9673 12307
f 7764 3751 4451
f 3751 12720 11817
f 8047 7797 1898
f 10059 8047 988
f 5216 3672 12876
f 3672 12529 10061
f 583 3962 10669
f 7715 7637 6359
f 7002 356 8459
f 106 1850 9716
f 3074 7157 5713
f 1850 3074 11507
f 6506 106 12625
f 12815 4004 4783
f 5540 7303 7516
f 3962 10374 6572
f 10374 7002 4064
f 554 623 5145
f 12639 4910 1987
f 1433 1237 6436
f 8542 12730 1541
f 5179 8460 5513
f 11508 4358 586
f 12094 10177 429
f 3154 8126 12629
f 7492 3277 1620
f 2436 1838 3133
f 1838 7492 10901
f 10177 3154 12005
f 974 894 5825
f 894 2649 12775
f 2649 1383 2909
f 1383 5112 3861
f 5112 12789 12620
f 6210 6651 4502
f 6651 10702 5297
f 1652 6321 6776
f 10702 1652 11788
f 6321 4870 889
f 406 10736 1330
f 10736 9072 5544
f 8517 2398 1875
f 942 11969 5772
f 2398 3163 4293
f 2978 8275 9328
f 12387 2978 8018
f 8275 1094 7371
f 11969 9506 6984
f 9506 10835 7882
f 10835 12387 7852
f 3163 12363 2732
f 12363 942 3628
f 9072 8517 2263
f 2880 406 8439
f 8908 5404 1726
f 5404 2880 5932
f 4870 8908 7285
f 8460 11078 2612
f 11078 6210 7808
f 1094 894 4633
f 894 974 7599
f 3277 11508 4608
f 9975 2436 779
f 8126 9975 7885
f 289 6863 11577
f 4056 7891 7270
f 7891 9699 6553
f 9699 5320 9164
f 6863 4056 1923
f 10275 6558 1913
f 10639 10275 11924
f 8704 6491 10445
f 6491 4475 3498
f 3529 10229 2408
f 5155 6416 85
f 6416 12094 3348
f 2751 5155 10676
f 5086 2751 4620
f 9864 3668 7909
f 3668 6850 9972
f 9909 9864 7062
f 9702 6142 3349
f 6579 5910 11133
f 5910 4912 4172
f 1505 257 10660
f 257 6579 6500
f 4912 9702 11548
f 6142 4954 8865
f 4358 1505 10328
f 4954 3795 7756
f 3795 9909 11719
f 6850 3529 10343
f 10229 8316 8972
f 8316 8704 11892
f 4475 392 2456
f 392 10639 1700
f 10454 289 7256
f 4476 1266 8733
f 1266 9303 6691
f 9303 10454 8145
f 6558 8134 2219
f 8134 4476 3717
f 10597 9486 5030
f 8466 8581 2671
f 9486 8466 12192
f 8581 2668 9476
f 2668 5086 5083
f 5913 7612 11524
f 12730 5913 10683
f 7612 5179 4325
f 1237 8542 10831
f 5320 6885 4105
f 7566 12639 10336
f 4180 7566 9605
f 6885 4180 3056
f 8630 1433 12854
f 4910 554 2741
f 623 837 8937
f 6861 9973 2232
f 12128 8398 2941
f 9973 12128 8943
f 837 6861 5994
f 661 8630 3466
f 1460 661 3933
f 7303 1460 11292
f 7893 8384 4915
f 8398 7893 3626
f 8384 6506 364
f 4004 5540 5890
f 8959 12815 2920
f 7157 10578 1720
f 10578 6871 1562
f 6472 8959 4639
f 2919 6472 4115
f 356 2919 4407
f 6871 5443 3740
f 672 12057 8524
f 5443 672 1539
f 10913 7715 9320
f 9612 10913 4062
f 12057 9612 11433
f 7637 6015 1725
f 6015 8396 2163
f 8396 10059 908
f 12529 583 10911
f 7797 6759 1142
f 4615 4611 3731
f 10632 6705 4507
f 10892 10632 3288
f 8066 4104 5549
f 8309 815 9882
f 3062 8066 2696
f 6119 7942 6571
f 7942 9285 2644
f 2871 10997 1495
f 9285 2871 8960
f 11058 3062 553
f 6705 12243 9078
f 12243 8067 7133
f 8067 1907 4547
f 1907 6119 778
f 10997 8309 12825
f 9351 4227 7333
f 12221 9351 2874
f 4227 11058 3436
f 484 1808 8198
f 11311 2792 8111
f 11612 11311 5371
f 6928 2426 10779
f 7432 5263 2756
f 6986 3643 10270
f 11452 3832 10523
f 4482 7199 11246
f 5933 6428 12770
f 7057 1751 11226
f 3324 7057 1775
f 2792 9098 2729
f 6428 3324 10124
f 9098 374 6237
f 374 12694 2542
f 652 3868 11737
f 3868 11928 9466
f 10763 9139 10460
f 9348 10892 1352
f 9139 9348 7586
f 11028 10763 1090
f 11928 11028 7252
f 2053 5188 9932
f 1828 11301 8564
f 11301 72 4682
f 544 5494 7242
f 5494 1828 4335
f 7083 6392 10770
f 3315 7083 7664
f 6392 2717 6172
f 2717 544 7694
f 5561 11500 3449
f 11500 11017 3049
f 5449 425 1116
f 8068 707 4092
f 707 5449 6765
f 964 7604 5351
f 37 7267 2037
f 4196 11027 12881
f 11027 11200 9310
f 5412 7473 10636
f 7473 4479 10493
f 12385 5399 102
f 5399 37 7908
f 4479 12385 9970
f 7816 2536 4332
f 7604 766 7205
f 766 3138 1839
f 3138 7816 911
f 2536 4196 3925
f 11200 5412 6496
f 6222 5899 1973
f 9669 6222 8992
f 5517 8236 1718
f 7967 5517 2046
f 3187 237 11144
f 3957 6312 954
f 11400 3957 2070
f 8352 11400 3893
f 2743 9669 6796
f 793 6688 6564
f 5114 9110 9065
f 7050 5114 2828
f 1434 6767 1425
f 2139 1434 9598
f 383 2139 3313
f 6767 2552 11101
f 2552 7050 12868
f 9110 3492 6133
f 3492 8809 1172
f 10326 12329 8765
f 10932 343 11557
f 343 7760 6075
f 12329 9558 6163
f 9558 11515 3212
f 1031 10965 6149
f 12348 11060 7284
f 11060 9966 4968
f 12894 10932 3548
f 9966 12894 5802
f 8964 12348 1983
f 5944 8964 1575
f 10965 2021 12552
f 11525 8100 6662
f 8100 12104 7082
f 1086 4524 9031
f 11161 5277 5341
f 5008 7071 6369
f 3281 12053 11115
f 827 1086 1887
f 12534 12803 2973
f 12263 12534 6522
f 441 8031 1950
f 11127 441 7213
f 10375 11685 4588
f 10008 10375 6598
f 12306 2317 9887
f 2336 4625 5331
f 12722 10450 884
f 7306 4858 2383
f 5580 188 2414
f 12686 10837 8410
f 10837 10959 10937
f 10959 6121 2700
f 6121 7745 10131
f 7007 3858 10479
f 5263 4647 4646
f 4057 828 4508
f 7116 4800 6476
f 7277 7116 11955
f 4800 10008 12060
f 10450 581 8054
f 7745 8646 6474
f 8646 236 11091
f 828 7277 1085
f 7199 1958 7941
f 1958 4057 9495
f 5838 6986 2713
f 236 7007 2014
f 4284 12686 9000
f 975 4284 5113
f 188 975 5800
f 1675 5580 3314
f 4858 1675 7728
f 581 7306 8169
f 11723 12722 1927
f 12053 1548 715
f 1548 7170 1319
f 7170 11723 4836
f 4625 7883 3137
f 8031 2336 11897
f 8321 12543 6582
f 12543 12306 8210
f 11685 8321 12493
f 2317 7729 7003
f 7729 11127 2778
f 7883 12263 8242
f 3483 827 9206
f 11994 3483 9566
f 12803 11994 12448
f 4944 6177 805
f 6177 3281 10338
f 7071 4944 6631
f 10745 11161 6644
f 4524 11525 1997
f 8668 10745 10765
f 12104 8668 10190
f 12836 5008 7847
f 11734 12836 12804
f 2021 11734 7812
f 10530 3147 10859
f 5277 10530 9635
f 3147 5944 11477
f 9324 1031 5440
f 11015 10782 314
f 10718 11015 2066
f 360 817 11202
f 817 839 6821
f 3336 3828 6808
f 4306 3336 8752
f 839 4306 1140
f 423 9464 11921
f 9464 360 5776
f 6702 2053 2643
f 12311 5041 9058
f 5041 6265 6364
f 7970 1453 4687
f 1453 10717 10940
f 6265 3728 7428
f 10717 12311 5969
f 4383 991 3920
f 142 4383 8892
f 3728 142 12016
f 5868 4262 7606
f 3828 5868 10659
f 4262 10718 4808
f 10782 7970 4600
f 991 9324 12882
f 7760 10326 3264
f 11515 383 1056
f 7809 793 6981
f 8809 7809 3898
f 6688 10566 11352
f 10566 2743 4896
f 572 536 1833
f 10996 3187 5577
f 8421 790 10081
f 446 1529 12853
f 790 446 12740
f 536 8421 638
f 1529 4775 6379
f 11790 8293 3948
f 4775 11790 3227
f 8293 8352 11851
f 6312 4923 11793
f 4923 10996 2570
f 10090 7967 6876
f 237 10090 901
f 5899 11868 3794
f 11868 964 4839
f 7267 10486 807
f 10486 8068 7020
f 9391 5561 9441
f 7451 3315 2110
f 9945 7451 4341
f 11017 9945 7617
f 6695 5706 6299
f 5706 9391 10724
f 425 6695 5233
f 72 6640 1723
f 6640 4686 4206
f 8304 572 5550
f 4686 8304 2027
f 8236 3021 4349
f 3021 3599 12001
f 3599 6702 10241
f 5188 12717 284
f 12717 423 12317
f 3832 11040 8108
f 11040 4482 12354
f 12514 11452 6894
f 2994 12514 3054
f 3643 2994 9378
f 6619 10246 10759
f 12113 6619 5213
f 10246 5838 4290
f 4647 12113 3650
f 2426 10475 4083
f 3858 6928 4827
f 2123 4409 10509
f 1751 2123 7582
f 10475 11612 243
f 4409 7432 8469
f 9166 652 2042
f 12694 9166 3469
f 12305 5933 12155
f 11748 12305 8222
f 2094 11748 10654
f 1808 3758 919
f 4601 484 4422
f 3758 9749 12426
f 9749 2094 2273
f 4104 4601 9462
f 815 4615 1514
f 6759 12221 10504
f 9243 5216 5951
f 10966 9243 2130
f 3569 10966 6578
f 4611 3569 7311
f 8707 11172 2566
f 5285 11217 1329
f 7641 5285 3917
f 5964 7641 1849
f 259 6221 7977
f 6221 10515 4116
f 10515 7972 5691
f 1287 7621 11087
f 7621 10436 344
f 11217 6735 12623
f 6735 8707 7415
f 9319 5964 6797
f 10436 9319 10668
f 4187 11807 2783
f 7462 4187 10115
f 12038 7462 12902
f 7972 1287 4829
f 11172 12038 2693
f 11807 6661 9331
f 12720 259 921
f 9532 7764 1097
f 4585 11266 8091
f 3883 4585 9577
f 10732 9532 2707
f 11266 10732 9333
f 8029 3172 1853
f 9673 8029 9692
f 9641 3883 6786
f 7630 9641 6987
f 9757 8271 9419
f 8271 9802 7753
f 9802 10597 1120
f 12225 12530 6672
f 12530 7630 4515
f 8326 3595 3985
f 7771 10127 9678
f 10645 7771 7607
f 10127 8326 9545
f 11326 2740 10039
f 2740 1406 4453
f 1406 10645 6973
f 8036 11326 10995
f 12789 4722 11432
f 5385 614 4722
f 8629 2813 11646
f 6575 3985 3595
f 5992 2137 3092
f 12034 11527 3172
f 12307 341 6661
f 4451 1097 7764
f 11817 6802 3751
f 1898 12019 8047
f 988 908 10059
f 12876 10294 5216
f 10061 12876 3672
f 10669 10911 583
f 6359 9320 7715
f 8459 4064 7002
f 9716 3564 106
f 5713 11507 3074
f 11507 10364 1850
f 12625 5808 6506
f 4783 7081 12815
f 7516 5890 5540
f 6572 11117 3962
f 4064 9454 10374
f 5145 2741 554
f 1987 7154 12639
f 6436 12854 1433
f 1541 5720 8542
f 5513 9217 5179
f 586 3480 11508
f 429 6938 12094
f 12629 7452 3154
f 1620 1892 7492
f 3133 3173 2436
f 10901 4821 1838
f 12005 5880 10177
f 5825 7647 974
f 12775 5825 894
f 2909 12775 2649
f 3861 6787 1383
f 12620 3029 5112
f 4502 7471 6210
f 5297 8285 6651
f 6776 5839 1652
f 11788 5297 10702
f 889 11054 6321
f 1330 7846 406
f 5544 1330 10736
f 1875 2263 8517
f 5772 12892 942
f 4293 2965 2398
f 9328 4692 2978
f 8018 7278 12387
f 7371 1265 8275
f 6984 11385 11969
f 7882 6984 9506
f 7852 1600 10835
f 2732 4293 3163
f 3628 2732 12363
f 2263 4846 9072
f 8439 6722 2880
f 1726 4353 8908
f 5932 1726 5404
f 7285 10540 4870
f 2612 6836 8460
f 7808 4768 11078
f 4633 7371 1094
f 7599 4633 894
f 4608 1620 3277
f 779 7885 9975
f 7885 3209 8126
f 11577 7256 289
f 7270 6763 4056
f 6553 7270 7891
f 9164 11291 9699
f 1923 11072 6863
f 1913 3229 10275
f 11924 1700 10639
f 10445 3291 8704
f 3498 8391 6491
f 2408 8578 3529
f 85 434 5155
f 3348 513 6416
f 10676 6996 2751
f 4620 2836 5086
f 7909 2304 9864
f 9972 7909 3668
f 7062 1508 9909
f 3349 10065 9702
f 11133 6129 6579
f 4172 11133 5910
f 10660 10328 1505
f 6500 11875 257
f 11548 5084 4912
f 8865 9839 6142
f 10328 12551 4358
f 7756 8354 4954
f 11719 7756 3795
f 10343 1910 6850
f 8972 8013 10229
f 11892 2935 8316
f 2456 3498 4475
f 1700 6581 392
f 7256 8774 10454
f 8733 3717 4476
f 6691 10543 1266
f 8145 6691 9303
f 2219 9883 6558
f 3717 3562 8134
f 5030 1120 10597
f 2671 12192 8466
f 12192 11188 9486
f 9476 2671 8581
f 5083 11595 2668
f 11524 10683 5913
f 10683 5701 12730
f 4325 11524 7612
f 10831 1563 1237
f 4105 9164 5320
f 10336 9605 7566
f 9605 9785 4180
f 3056 2676 6885
f 12854 9725 8630
f 2741 5147 4910
f 8937 3759 623
f 2232 4266 6861
f 2941 8943 12128
f 8943 7877 9973
f 5994 2962 837
f 3466 1474 661
f 3933 11292 1460
f 11292 7363 7303
f 4915 3626 7893
f 3626 2856 8398
f 364 2562 8384
f 5890 1512 4004
f 2920 1325 8959
f 1720 6883 7157
f 1562 2281 10578
f 4639 4115 6472
f 4115 8492 2919
f 4407 9780 356
f 3740 1562 6871
f 8524 11057 672
f 1539 5445 5443
f 9320 12544 10913
f 4062 11433 9612
f 11433 8286 12057
f 1725 12809 7637
f 2163 1725 6015
f 908 965 8396
f 10911 9971 12529
f 1142 8706 7797
f 3731 1514 4615
f 4507 3288 10632
f 3288 3363 10892
f 5549 9836 8066
f 9882 12825 8309
f 2696 10431 3062
f 6571 10626 6119
f 2644 6571 7942
f 1495 8001 2871
f 8960 11105 9285
f 553 1050 11058
f 9078 9727 6705
f 7133 4959 12243
f 4547 710 8067
f 778 4547 1907
f 12825 726 10997
f 7333 3157 9351
f 2874 11925 12221
f 3436 12063 4227
f 8198 4422 484
f 8111 12208 11311
f 5371 243 11612
f 10779 11869 6928
f 2756 8469 7432
f 10270 679 6986
f 10523 6240 11452
f 11246 5359 4482
f 12770 12155 5933
f 11226 1775 7057
f 1775 11894 3324
f 2729 4026 2792
f 10124 11970 6428
f 6237 4365 9098
f 2542 6237 374
f 11737 2042 652
f 9466 11737 3868
f 10460 1090 10763
f 1352 3069 9348
f 7586 10979 9139
f 1090 7252 11028
f 7252 11914 11928
f 9932 2643 2053
f 8564 12502 1828
f 4682 1350 11301
f 7242 74 544
f 4335 7242 5494
f 10770 3442 7083
f 7664 1316 3315
f 6172 81 6392
f 7694 4069 2717
f 3449 9441 5561
f 3049 3449 11500
f 1116 6765 5449
f 4092 4108 8068
f 6765 11554 707
f 5351 850 964
f 2037 7908 37
f 12881 3711 4196
f 9310 12881 11027
f 10636 6496 5412
f 10493 3584 7473
f 102 5450 12385
f 7908 102 5399
f 9970 4445 4479
f 4332 911 7816
f 7205 7628 7604
f 1839 7205 766
f 911 3634 3138
f 3925 8444 2536
f 6496 1793 11200
f 1973 308 6222
f 8992 12792 9669
f 1718 9395 5517
f 2046 4947 7967
f 11144 5781 3187
f 954 6750 3957
f 2070 3960 11400
f 3893 7799 8352
f 6796 4896 2743
f 6564 5403 793
f 9065 2828 5114
f 2828 10743 7050
f 1425 8669 1434
f 9598 3313 2139
f 3313 11677 383
f 11101 6146 6767
f 12868 11101 2552
f 6133 4535 9110
f 1172 8785 3492
f 8765 11998 10326
f 11557 8671 10932
f 6075 7597 343
f 6163 4015 12329
f 3212 2922 9558
f 6149 2264 1031
f 7284 4000 12348
f 4968 300 11060
f 3548 5948 12894
f 5802 4968 9966
f 1983 3589 8964
f 1575 4960 5944
f 12552 4988 10965
f 6662 1997 11525
f 7082 9276 8100
f 9031 2308 1086
f 5341 4949 11161
f 6369 171 5008
f 11115 6366 3281
f 1887 10599 827
f 2973 8958 12534
f 6522 3485 12263
f 1950 7834 441
f 7213 4606 11127
f 4588 2226 10375
f 6598 12060 10008
f 9887 7254 12306
f 5331 11897 2336
f 884 1927 12722
f 2383 8023 7306
f 2414 3750 5580
f 8410 9000 12686
f 10937 8410 10837
f 2700 9256 10959
f 10131 9600 6121
f 10479 2014 7007
f 4646 4423 5263
f 4508 2032 4057
f 6476 2318 7116
f 11955 5076 7277
f 12060 6244 4800
f 8054 12880 10450
f 6474 12871 7745
f 11091 6474 8646
f 1085 7449 828
f 7941 11246 7199
f 9495 9252 1958
f 2713 4661 5838
f 2014 3926 236
f 9000 2278 4284
f 5113 5800 975
f 5800 11005 188
f 3314 7728 1675
f 7728 1880 4858
f 8169 1922 581
f 1927 80 11723
f 715 5467 12053
f 1319 715 1548
f 4836 1016 7170
f 3137 9982 4625
f 11897 951 8031
f 6582 6268 8321
f 8210 11315 12543
f 12493 11155 11685
f 7003 9887 2317
f 2778 2767 7729
f 8242 12453 7883
f 9206 9566 3483
f 9566 7178 11994
f 12448 7541 12803
f 805 5496 4944
f 10338 390 6177
f 6631 6369 7071
f 6644 3513 10745
f 1997 4619 4524
f 10765 3658 8668
f 10190 7082 12104
f 7847 141 12836
f 12804 7191 11734
f 7812 8645 2021
f 10859 4760 10530
f 9635 7598 5277
f 11477 10859 3147
f 5440 12882 9324
f 314 11344 11015
f 2066 9487 10718
f 11202 11425 360
f 6821 12258 817
f 6808 8752 3336
f 8752 1140 4306
f 1140 7929 839
f 11921 3045 423
f 5776 9056 9464
f 2643 9631 6702
f 9058 5969 12311
f 6364 7525 5041
f 4687 1984 7970
f 10940 4687 1453
f 7428 6364 6265
f 5969 7385 10717
f 3920 9297 4383
f 8892 6992 142
f 12016 4696 3728
f 7606 6326 5868
f 10659 10677 3828
f 4808 7606 4262
f 4600 4131 10782
f 12882 9465 991
f 3264 6075 7760
f 1056 3608 11515
f 6981 3898 7809
f 3898 9452 8809
f 11352 6564 6688
f 4896 1981 10566
f 1833 4550 572
f 5577 2570 10996
f 10081 638 8421
f 12853 11559 446
f 12740 6492 790
f 638 5078 536
f 6379 9721 1529
f 3948 3227 11790
f 3227 7887 4775
f 11851 5704 8293
f 11793 9471 6312
f 2570 11793 4923
f 6876 901 10090
f 901 11664 237
f 3794 8140 5899
f 4839 6524 11868
f 807 12227 7267
f 7020 12598 10486
f 9441 9828 9391
f 2110 4341 7451
f 4341 11739 9945
f 7617 3965 11017
f 6299 5233 6695
f 10724 12682 5706
f 5233 3874 425
f 1723 11437 72
f 4206 1723 6640
f 5550 9316 8304
f 2027 3395 4686
f 4349 9988 8236
f 12001 1888 3021
f 10241 7504 3599
f 284 7529 5188
f 12317 7682 12717
f 8108 600 3832
f 12354 8108 11040
f 6894 3054 12514
f 3054 8651 2994
f 9378 10270 3643
f 10759 11695 6619
f 5213 862 12113
f 4290 4280 10246
f 3650 4646 4647
f 4083 7272 2426
f 4827 10479 3858
f 10509 7582 2123
f 7582 4542 1751
f 243 9686 10475
f 8469 3055 4409
f 2042 5264 9166
f 3469 5919 12694
f 12155 1484 12305
f 8222 10654 11748
f 10654 3685 2094
f 919 8198 1808
f 4422 5402 4601
f 12426 5962 3758
f 2273 12426 9749
f 9462 5549 4104
f 1514 3984 815
f 10504 6380 6759
f 5951 8997 9243
f 2130 2423 10966
f 6578 2341 3569
f 7311 3731 4611
f 2566 7415 8707
f 1329 6726 5285
f 3917 1849 7641
f 1849 12477 5964
f 7977 1344 259
f 4116 7977 6221
f 5691 4116 10515
f 11087 6413 1287
f 344 4147 7621
f 12623 1329 11217
f 7415 10575 6735
f 6797 10668 9319
f 10668 3225 10436
f 2783 11553 4187
f 10115 12902 7462
f 12902 6753 12038
f 4829 1959 7972
f 2693 2566 11172
f 9331 10496 11807
f 921 2420 12720
f 1097 3034 9532
f 8091 9577 4585
f 9577 6568 3883
f 2707 7126 10732
f 9333 8091 11266
f 1853 3295 8029
f 9692 12307 9673
f 6786 6987 9641
f 6987 4402 7630
f 9419 264 9757
f 7753 7918 8271
f 1120 7753 9802
f 6672 8279 12225
f 4515 6672 12530
f 3985 9545 8326
f 9678 7607 7771
f 7607 6973 10645
f 9545 12265 10127
f 10039 649 11326
f 4453 10039 2740
f 6973 11346 1406
f 10995 4658 8036
f 11432 12620 12789
f 4722 614 11432
f 11646 2813 5385
f 8036 4658 8629
f 11326 5246 10995
f 11326 649 5246
f 1406 11346 10303
f 3092 2137 6575
f 12225 12739 5992
f 12225 8279 12739
f 9486 12852 5418
f 9486 5418 5030
f 8271 2298 9419
f 7630 11481 8389
f 7630 8389 4515
f 8029 8823 9692
f 6661 341 2773
f 6661 2773 9331
f 9532 3034 2707
f 4187 11553 5206
f 6735 11236 12623
f 7972 1959 6127
f 12057 8286 12662
f 672 11057 1539
f 5443 5445 3740
f 356 9780 4221
f 10578 8237 1720
f 1850 10364 9716
f 7157 6883 3250
f 7157 3250 5713
f 7303 5594 7516
f 8398 683 8116
f 7303 7363 5594
f 10374 9454 6572
f 623 3759 5145
f 12639 7154 10336
f 4910 5147 9502
f 6885 2676 4105
f 12094 6938 10060
f 3154 7452 12005
f 11508 3480 4608
f 8126 3209 12629
f 7492 3068 10901
f 1838 4821 3133
f 10177 5880 429
f 974 3870 7599
f 1383 6787 3300
f 5112 1424 3861
f 1383 3300 2909
f 974 2460 3870
f 974 7647 2460
f 6210 7471 5840
f 8908 4353 7285
f 4870 10540 889
f 1652 5839 10068
f 1652 10068 11788
f 6321 11054 6776
f 6651 8285 4502
f 2880 6722 5932
f 9072 4846 5544
f 2398 4536 1875
f 942 8699 3628
f 942 6551 8699
f 2398 2965 7554
f 2978 4692 5252
f 2978 5252 8018
f 12387 7278 7852
f 8275 1265 9328
f 11969 11385 5772
f 10835 119 7882
f 10835 1600 119
f 942 12892 6551
f 2398 7554 4536
f 406 2407 8439
f 406 7846 2407
f 11078 4768 2612
f 6210 5840 7808
f 7492 1892 3068
f 2436 3173 779
f 9486 11188 12852
f 8271 7918 2298
f 6863 11072 11577
f 9699 11291 10931
f 4056 3468 1923
f 9699 10931 6553
f 4056 6763 3468
f 392 6581 7741
f 392 7741 2456
f 6491 5961 10445
f 8704 3291 11892
f 8316 2935 8972
f 6491 8391 5961
f 10229 8013 2408
f 3529 8578 10343
f 9864 3938 7062
f 4358 12551 3803
f 4358 3803 586
f 6416 513 85
f 12094 10060 3348
f 5155 434 10676
f 2751 6996 4620
f 6850 1910 9972
f 4954 8354 3414
f 4954 3414 8865
f 6142 9839 3349
f 4912 5084 4172
f 257 11875 10660
f 6579 6129 6500
f 9702 10065 11548
f 9909 1508 11719
f 9864 2304 3938
f 10275 3229 11924
f 10454 8168 10653
f 1266 1146 8733
f 1266 5848 1146
f 10454 10653 8145
f 1266 10543 5848
f 6558 5879 1913
f 6558 9883 5879
f 8134 3562 2219
f 10454 8774 8168
f 2668 11595 9476
f 5086 10109 5083
f 5086 2836 10109
f 8460 6836 5660
f 5179 9217 9404
f 5179 9404 4325
f 8460 5660 5513
f 12730 10132 1541
f 12730 5701 10132
f 8542 5720 10831
f 4180 2296 3056
f 4180 9785 2296
f 1237 1563 6436
f 8630 9725 3466
f 4910 9502 3954
f 4910 3954 1987
f 837 2962 8937
f 9973 7430 2232
f 9973 7877 7430
f 8398 8116 2941
f 6861 4266 5994
f 661 1474 3933
f 8398 2856 683
f 8384 2562 9732
f 8384 9732 4915
f 6506 6503 364
f 12815 7081 2920
f 4004 1512 4783
f 6506 5808 6503
f 106 3564 12625
f 10578 2281 8237
f 2919 8492 4407
f 8959 1325 4639
f 356 4221 8459
f 10913 12544 947
f 10913 947 4062
f 12057 12662 8524
f 7637 12809 6359
f 3962 11397 10669
f 3962 11117 11397
f 8396 965 2163
f 12529 9971 8596
f 12221 11925 10504
f 9351 3157 2874
f 815 6245 12018
f 815 12018 9882
f 2871 8001 8960
f 6119 10626 4853
f 9285 855 2644
f 9285 11105 855
f 8067 710 3706
f 6119 6458 778
f 6119 4853 6458
f 10997 5289 1495
f 11058 1050 4288
f 3062 10431 553
f 6705 9727 4507
f 12243 4959 9078
f 8067 3706 7133
f 10997 726 5289
f 4227 12063 7333
f 11058 4288 3436
f 8066 9836 2696
f 3758 5962 919
f 12305 2934 3339
f 12305 3339 3888
f 9166 5264 3469
f 6928 11869 4827
f 5263 10739 2756
f 2994 8651 9378
f 11452 6240 6894
f 12694 7089 2542
f 3324 6895 10124
f 2792 4026 1186
f 3324 11894 6895
f 9098 4365 2729
f 12694 5919 7089
f 6428 11970 12770
f 11928 8499 6843
f 11928 6843 9466
f 10892 3363 7274
f 10892 7274 1352
f 9348 3069 9581
f 9348 9581 7586
f 9139 10979 10460
f 11928 11914 8499
f 12717 7682 4595
f 12717 4595 284
f 3599 7504 12001
f 8304 9316 2027
f 72 11437 4682
f 1828 3237 4335
f 6392 81 10770
f 7083 3442 7664
f 3315 1316 2110
f 9945 9372 7617
f 9945 11739 9372
f 544 74 7694
f 9391 9828 10724
f 8068 4108 7020
f 707 11554 4092
f 7267 12227 11873
f 4196 11485 3925
f 7473 1190 10636
f 12385 5450 9970
f 4479 4445 10493
f 7473 3584 1190
f 11200 1793 9310
f 4196 3711 11485
f 2536 8444 4332
f 3138 3634 1839
f 7267 11873 2037
f 11868 6524 3794
f 5899 8140 1973
f 7967 4947 6876
f 5517 9395 2046
f 237 10164 11144
f 793 5403 8654
f 793 8654 6981
f 8809 9452 1172
f 7050 10743 12868
f 6767 6146 1425
f 383 11677 1056
f 1434 8669 9598
f 9110 4535 9022
f 9110 9022 9065
f 3492 11430 6133
f 12329 6216 8765
f 10326 11998 3264
f 343 7597 11557
f 9558 2922 6163
f 10965 6200 6149
f 12894 5948 3460
f 12894 3460 5802
f 8964 3589 1575
f 5944 4960 11477
f 2021 8645 12552
f 12836 141 12804
f 8668 3658 10190
f 10745 3513 10765
f 11161 4949 6644
f 4944 5496 6631
f 1086 2308 1887
f 11994 1382 12448
f 11994 7178 1382
f 12803 7541 2973
f 11685 11155 4588
f 10375 2226 6598
f 12306 7254 5337
f 7729 11985 7003
f 7729 2767 11985
f 8031 951 2831
f 4625 9982 8856
f 11723 80 2098
f 10450 12880 884
f 581 1922 11571
f 10959 7087 10937
f 828 7449 8195
f 7277 5076 1085
f 4800 6244 6476
f 7116 2318 11955
f 581 11571 8054
f 4858 1880 5633
f 188 2628 2414
f 7745 10673 10131
f 7745 12871 10673
f 236 9269 11091
f 828 8195 4508
f 4057 2032 9495
f 1958 9252 7941
f 5838 4661 4290
f 236 3926 9269
f 6121 9600 2700
f 10959 9256 7087
f 4284 2278 770
f 4284 770 5113
f 188 11005 2628
f 5580 3750 3314
f 7306 8023 8169
f 4858 5633 2383
f 11723 2098 4836
f 7170 1016 1319
f 12053 5467 11115
f 7883 12453 3137
f 4625 8856 5331
f 8031 2831 1950
f 12543 11315 6582
f 12306 5337 8210
f 8321 6268 12493
f 11127 4606 2778
f 441 7834 7213
f 12263 3485 8242
f 12534 8958 6522
f 827 10599 9206
f 6177 390 805
f 3281 6366 10338
f 5008 171 7847
f 4524 4619 9031
f 8100 9276 6662
f 5277 7598 5341
f 11734 7191 7812
f 10530 4760 9635
f 12348 4000 1983
f 11060 300 7060
f 11060 7060 7284
f 10965 4988 6200
f 1031 2264 5440
f 7970 11610 4600
f 10718 9487 4808
f 3828 6904 6808
f 3828 10677 6904
f 360 11425 5776
f 817 12258 11202
f 839 9522 6821
f 423 3045 12317
f 9464 9056 11921
f 6702 9631 10241
f 10717 7385 11916
f 3728 4696 7428
f 7970 1984 11610
f 10717 11916 10940
f 5041 7525 9058
f 4383 9297 8892
f 142 6992 12016
f 839 7929 9522
f 5868 6326 10659
f 10782 4131 314
f 11015 11344 2066
f 991 9465 3920
f 10932 8671 3548
f 12329 4015 6216
f 11515 3608 3212
f 3492 8785 11430
f 10566 1981 11352
f 8293 5704 3948
f 572 4550 5550
f 3187 5781 5577
f 6312 9471 5248
f 790 6492 7114
f 446 11559 12740
f 1529 8008 12853
f 1529 9721 8008
f 790 7114 10081
f 536 5078 1833
f 4775 7887 6379
f 8352 7799 11851
f 11400 7144 3893
f 11400 3960 7144
f 3957 6750 2070
f 6312 5248 954
f 237 11664 10164
f 6222 308 8992
f 7604 7628 5351
f 964 850 4839
f 10486 12598 2882
f 10486 2882 807
f 11017 3965 3049
f 2717 1019 6172
f 2717 4069 1019
f 11301 1350 8564
f 1828 12502 3237
f 5706 7459 6299
f 5706 12682 7459
f 425 3874 1116
f 4686 3395 4206
f 9669 12792 6796
f 3021 1888 4349
f 8236 9988 1718
f 5188 7529 9932
f 4482 5359 12354
f 3832 600 10523
f 6986 679 2713
f 6619 11695 5213
f 12113 862 3650
f 10246 4280 10759
f 5263 4423 10739
f 10475 9686 4083
f 2426 7272 10779
f 4409 7795 10509
f 1751 4542 12125
f 11311 12208 5371
f 4409 3055 7795
f 1751 12125 11226
f 2792 1186 8111
f 12305 1484 2934
f 12305 3888 8222
f 4601 5402 10957
f 2094 3685 2273
f 4601 10957 9462
f 815 3984 6245
f 6759 6380 1142
f 3569 2341 7311
f 9243 4366 2130
f 9243 8997 4366
f 10966 2423 6578
f 7797 8706 1898
f 12529 8596 10061
f 5216 10294 5951
f 8047 1059 988
f 8047 12019 1059
f 5285 6726 3917
f 5964 500 6797
f 7972 6127 5691
f 10436 3225 344
f 5964 12477 500
f 12038 6753 2582
f 12038 2582 2693
f 4187 5206 10115
f 6735 5075 11236
f 1287 6413 4829
f 7621 4147 11087
f 6735 10575 5075
f 11807 10496 2783
f 259 1344 3967
f 259 3967 921
f 12720 2420 11817
f 3751 6802 4451
f 10732 12009 9333
f 10732 7880 12009
f 10732 7126 7880
f 3883 6568 8548
f 8029 3295 8823
f 3172 11527 1853
f 3883 8548 6786
f 7630 4402 11481
f 9757 264 12034
f 10127 6073 9678
f 10127 12265 6073
f 1406 10303 4453
f 5112 3029 1424
f 7694 74 7242
f 7694 7242 4335
f 7694 4335 3237
f 7694 3237 12502
f 7694 12502 8564
f 7694 8564 1350
f 7694 1350 4682
f 7694 4682 11437
f 7694 11437 1723
f 7694 1723 4206
f 7694 4206 3395
f 7694 3395 2027
f 7694 2027 9316
f 7694 9316 5550
f 7694 5550 4550
f 7694 4550 1833
f 7694 1833 5078
f 7694 5078 638
f 7694 638 10081
f 7694 10081 7114
f 7694 7114 6492
f 7694 6492 12740
f 7694 12740 11559
f 7694 11559 12853
f 7694 12853 8008
f 7694 8008 9721
f 7694 9721 6379
f 7694 6379 7887
f 7694 7887 3227
f 7694 3227 3948
f 7694 3948 5704
f 7694 5704 11851
f 7694 11851 7799
f 7694 7799 3893
f 7694 3893 7144
f 7694 7144 3960
f 7694 3960 2070
f 7694 2070 6750
f 7694 6750 954
f 7694 954 5248
f 7694 5248 9471
f 7694 9471 11793
f 7694 11793 2570
f 7694 2570 5577
f 7694 5577 5781
f 7694 5781 11144
f 7694 11144 10164
f 7694 10164 11664
f 7694 11664 901
f 7694 901 6876
f 7694 6876 4947
f 7694 4947 2046
f 7694 2046 9395
f 7694 9395 1718
f 7694 1718 9988
f 7694 9988 4349
f 7694 4349 1888
f 7694 1888 12001
f 7694 12001 7504
f 7694 7504 10241
f 7694 10241 9631
f 7694 9631 2643
f 7694 2643 9932
f 7694 9932 7529
f 7694 7529 284
f 7694 284 4595
f 7694 4595 7682
f 7694 7682 12317
f 7694 12317 3045
f 3045 11921 9056
f 11425 11202 12258
f 12258 6821 9522
f 12258 9522 7929
f 12258 7929 1140
f 12258 1140 8752
f 12258 8752 6808
f 12258 6808 6904
f 12258 6904 10677
f 12258 10677 10659
f 12258 10659 6326
f 12258 6326 7606
f 12258 7606 4808
f 12258 4808 9487
f 12258 9487 2066
f 12258 2066 11344
f 12258 11344 314
f 12258 314 4131
f 12258 4131 4600
f 12258 4600 11610
f 12258 11610 1984
f 12258 1984 4687
f 12258 4687 10940
f 12258 10940 11916
f 12258 11916 7385
f 12258 7385 5969
f 12258 5969 9058
f 12258 9058 7525
f 12258 7525 6364
f 12258 6364 7428
f 12258 7428 4696
f 12258 4696 12016
f 12258 12016 6992
f 12258 6992 8892
f 12258 8892 9297
f 12258 9297 3920
f 12258 3920 9465
f 12258 9465 12882
f 12258 12882 5440
f 12258 5440 2264
f 12258 2264 6149
f 12258 6149 6200
f 12258 6200 4988
f 12258 4988 12552
f 12258 12552 8645
f 12258 8645 7812
f 12258 7812 7191
f 12258 7191 12804
f 12258 12804 141
f 12258 141 7847
f 12258 7847 171
f 12258 171 6369
f 12258 6369 6631
f 12258 6631 5496
f 12258 5496 805
f 12258 805 390
f 12258 390 10338
f 12258 10338 6366
f 12258 6366 11115
f 12258 11115 5467
f 12258 5467 715
f 12258 715 1319
f 12258 1319 1016
f 12258 1016 4836
f 12258 4836 2098
f 12258 2098 80
f 12258 80 1927
f 12258 1927 884
f 12258 884 12880
f 12258 12880 8054
f 12258 8054 11571
f 12258 11571 1922
f 12258 1922 8169
f 12258 8169 8023
f 12258 8023 2383
f 12258 2383 5633
f 12258 5633 1880
f 12258 1880 7728
f 12258 7728 3314
f 12258 3314 3750
f 12258 3750 2414
f 12258 2414 2628
f 12258 2628 11005
f 12258 11005 5800
f 12258 5800 5113
f 12258 5113 770
f 12258 770 2278
f 12258 2278 9000
f 12258 9000 8410
f 12258 8410 10937
f 12258 10937 7087
f 12258 7087 9256
f 12258 9256 2700
f 12258 2700 9600
f 12258 9600 10131
f 12258 10131 10673
f 12258 10673 12871
f 12258 12871 6474
f 12258 6474 11091
f 12258 11091 9269
f 12258 9269 3926
f 12258 3926 2014
f 12258 2014 10479
f 12258 10479 4827
f 12258 4827 11869
f 12258 11869 10779
f 12258 10779 7272
f 12258 7272 4083
f 12258 4083 9686
f 12258 9686 243
f 12258 243 5371
f 12258 5371 12208
f 12258 12208 8111
f 12258 8111 1186
f 12258 1186 4026
f 12258 4026 2729
f 12258 2729 4365
f 12258 4365 6237
f 12258 6237 2542
f 12258 2542 7089
f 12258 7089 5919
f 12258 5919 3469
f 12258 3469 5264
f 12258 5264 2042
f 12258 2042 11737
f 12258 11737 9466
f 12258 9466 6843
f 12258 6843 8499
f 12258 8499 11914
f 12258 11914 7252
f 12258 7252 1090
f 12258 1090 10460
f 12258 10460 10979
f 12258 10979 7586
f 12258 7586 9581
f 12258 9581 3069
f 12258 3069 1352
f 12258 1352 7274
f 12258 7274 3363
f 12258 3363 3288
f 12258 3288 4507
f 12258 4507 9727
f 12258 9727 9078
f 12258 9078 4959
f 12258 4959 7133
f 12258 7133 3706
f 12258 3706 710
f 12258 710 4547
f 12258 4547 778
f 12258 778 6458
f 12258 6458 4853
f 12258 4853 10626
f 12258 10626 6571
f 12258 6571 2644
f 12258 2644 855
f 12258 855 11105
f 12258 11105 8960
f 12258 8960 8001
f 12258 8001 1495
f 12258 1495 5289
f 12258 5289 726
f 12258 726 12825
f 12258 12825 9882
f 12258 9882 12018
f 12258 12018 6245
f 12258 6245 3984
f 12258 3984 1514
f 12258 1514 3731
f 12258 3731 7311
f 12258 7311 2341
f 12258 2341 6578
f 12258 6578 2423
f 12258 2423 2130
f 12258 2130 4366
f 12258 4366 8997
f 12258 8997 5951
f 12258 5951 10294
f 12258 10294 12876
f 12258 12876 10061
f 12258 10061 8596
f 12258 8596 9971
f 12258 9971 10911
f 12258 10911 10669
f 12258 10669 11397
f 12258 11397 11117
f 12258 11117 6572
f 12258 6572 9454
f 12258 9454 4064
f 12258 4064 8459
f 12258 8459 4221
f 12258 4221 9780
f 12258 9780 4407
f 12258 4407 8492
f 12258 8492 4115
f 12258 4115 4639
f 12258 4639 1325
f 12258 1325 2920
f 12258 2920 7081
f 12258 7081 4783
f 12258 4783 1512
f 12258 1512 5890
f 12258 5890 7516
f 12258 7516 5594
f 12258 5594 7363
f 12258 7363 11292
f 12258 11292 3933
f 12258 3933 1474
f 12258 1474 3466
f 12258 3466 9725
f 12258 9725 12854
f 12258 12854 6436
f 12258 6436 1563
f 12258 1563 10831
f 12258 10831 5720
f 12258 5720 1541
f 12258 1541 10132
f 12258 10132 5701
f 12258 5701 10683
f 12258 10683 11524
f 12258 11524 4325
f 12258 4325 9404
f 12258 9404 9217
f 12258 9217 5513
f 12258 5513 5660
f 12258 5660 6836
f 12258 6836 2612
f 12258 2612 4768
f 12258 4768 7808
f 12258 7808 5840
f 12258 5840 7471
f 12258 7471 4502
f 12258 4502 8285
f 12258 8285 5297
f 12258 5297 11788
f 12258 11788 10068
f 12258 10068 5839
f 12258 5839 6776
f 12258 6776 11054
f 12258 11054 889
f 12258 889 10540
f 12258 10540 7285
f 12258 7285 4353
f 12258 4353 1726
f 12258 1726 5932
f 12258 5932 6722
f 12258 6722 8439
f 12258 8439 2407
f 12258 2407 7846
f 12258 7846 1330
f 12258 1330 5544
f 12258 5544 4846
f 12258 4846 2263
f 12258 2263 1875
f 12258 1875 4536
f 12258 4536 7554
f 12258 7554 2965
f 12258 2965 4293
f 12258 4293 2732
f 12258 2732 3628
f 12258 3628 8699
f 12258 8699 6551
f 12258 6551 12892
f 12258 12892 5772
f 12258 5772 11385
f 12258 11385 6984
f 12258 6984 7882
f 12258 7882 119
f 12258 119 1600
f 12258 1600 7852
f 12258 7852 7278
f 12258 7278 8018
f 12258 8018 5252
f 12258 5252 4692
f 12258 4692 9328
f 12258 9328 1265
f 12258 1265 7371
f 12258 7371 4633
f 12258 4633 7599
f 12258 7599 3870
f 12258 3870 2460
f 12258 2460 7647
f 12258 7647 5825
f 12258 5825 12775
f 12258 12775 2909
f 12258 2909 3300
f 12258 3300 6787
f 12258 6787 3861
f 12258 3861 1424
f 12258 1424 3029
f 12258 3029 12620
f 12258 12620 11432
f 12258 11432 614
f 12258 614 5385
f 12258 5385 2813
f 12258 2813 8629
f 12258 8629 4658
f 12258 4658 10995
f 12258 10995 5246
f 12258 5246 649
f 12258 649 10039
f 12258 10039 4453
f 12258 4453 10303
f 12258 10303 11346
f 12258 11346 6973
f 12258 6973 7607
f 12258 7607 9678
f 12258 9678 6073
f 12258 6073 12265
f 12258 12265 9545
f 12258 9545 3985
f 12258 3985 6575
f 12258 6575 2137
f 12258 2137 5992
f 12258 5992 12739
f 12258 12739 8279
f 12258 8279 6672
f 12258 6672 4515
f 12258 4515 8389
f 12258 8389 11481
f 12258 11481 4402
f 12258 4402 6987
f 12258 6987 6786
f 12258 6786 8548
f 12258 8548 6568
f 12258 6568 9577
f 12258 9577 8091
f 12258 8091 9333
f 12258 9333 12009
f 12258 12009 7880
f 12258 7880 7126
f 12258 7126 2707
f 12258 2707 3034
f 12258 3034 1097
f 12258 1097 4451
f 12258 4451 6802
f 12258 6802 11817
f 12258 11817 2420
f 12258 2420 921
f 12258 921 3967
f 12258 3967 1344
f 12258 1344 7977
f 12258 7977 4116
f 12258 4116 5691
f 12258 5691 6127
f 12258 6127 1959
f 12258 1959 4829
f 12258 4829 6413
f 12258 6413 11087
f 12258 11087 4147
f 12258 4147 344
f 12258 344 3225
f 12258 3225 10668
f 12258 10668 6797
f 12258 6797 500
f 12258 500 12477
f 12258 12477 1849
f 12258 1849 3917
f 12258 3917 6726
f 12258 6726 1329
f 12258 1329 12623
f 12258 12623 11236
f 12258 11236 5075
f 12258 5075 10575
f 12258 10575 7415
f 12258 7415 2566
f 12258 2566 2693
f 12258 2693 2582
f 12258 2582 6753
f 12258 6753 12902
f 12258 12902 10115
f 12258 10115 5206
f 12258 5206 11553
f 12258 11553 2783
f 12258 2783 10496
f 12258 10496 9331
f 12258 9331 2773
f 12258 2773 341
f 12258 341 12307
f 12258 12307 9692
f 12258 9692 8823
f 12258 8823 3295
f 12258 3295 1853
f 12258 1853 11527
f 12258 11527 12034
f 12258 12034 264
f 12258 264 9419
f 12258 9419 2298
f 12258 2298 7918
f 12258 7918 7753
f 12258 7753 1120
f 12258 1120 5030
f 12258 5030 5418
f 12258 5418 12852
f 12258 12852 11188
f 12258 11188 12192
f 12258 12192 2671
f 12258 2671 9476
f 12258 9476 11595
f 12258 11595 5083
f 12258 5083 10109
f 12258 10109 2836
f 12258 2836 4620
f 12258 4620 6996
f 12258 6996 10676
f 12258 10676 434
f 12258 434 85
f 12258 85 513
f 12258 513 3348
f 12258 3348 10060
f 12258 10060 6938
f 12258 6938 429
f 12258 429 5880
f 12258 5880 12005
f 12258 12005 7452
f 12258 7452 12629
f 12258 12629 3209
f 12258 3209 7885
f 12258 7885 779
f 12258 779 3173
f 12258 3173 3133
f 12258 3133 4821
f 12258 4821 10901
f 12258 10901 3068
f 12258 3068 1892
f 12258 1892 1620
f 12258 1620 4608
f 12258 4608 3480
f 12258 3480 586
f 12258 586 3803
f 12258 3803 12551
f 12258 12551 10328
f 12258 10328 10660
f 12258 10660 11875
f 12258 11875 6500
f 12258 6500 6129
f 12258 6129 11133
f 12258 11133 4172
f 12258 4172 5084
f 12258 5084 11548
f 12258 11548 10065
f 12258 10065 3349
f 12258 3349 9839
f 12258 9839 8865
f 12258 8865 3414
f 12258 3414 8354
f 12258 8354 7756
f 12258 7756 11719
f 12258 11719 1508
f 12258 1508 7062
f 12258 7062 3938
f 12258 3938 2304
f 12258 2304 7909
f 12258 7909 9972
f 12258 9972 1910
f 12258 1910 10343
f 12258 10343 8578
f 12258 8578 2408
f 12258 2408 8013
f 12258 8013 8972
f 12258 8972 2935
f 12258 2935 11892
f 12258 11892 3291
f 12258 3291 10445
f 12258 10445 5961
f 12258 5961 8391
f 12258 8391 3498
f 12258 3498 2456
f 12258 2456 7741
f 12258 7741 6581
f 12258 6581 1700
f 12258 1700 11924
f 12258 11924 3229
f 12258 3229 1913
f 12258 1913 5879
f 12258 5879 9883
f 12258 9883 2219
f 12258 2219 3562
f 12258 3562 3717
f 12258 3717 8733
f 12258 8733 1146
f 12258 1146 5848
f 12258 5848 10543
f 12258 10543 6691
f 12258 6691 8145
f 12258 8145 10653
f 12258 10653 8168
f 12258 8168 8774
f 12258 8774 7256
f 12258 7256 11577
f 12258 11577 11072
f 12258 11072 1923
f 12258 1923 3468
f 12258 3468 6763
f 12258 6763 7270
f 12258 7270 6553
f 12258 6553 10931
f 12258 10931 11291
f 12258 11291 9164
f 12258 9164 4105
f 12258 4105 2676
f 12258 2676 3056
f 12258 3056 2296
f 12258 2296 9785
f 12258 9785 9605
f 12258 9605 10336
f 12258 10336 7154
f 12258 7154 1987
f 12258 1987 3954
f 12258 3954 9502
f 12258 9502 5147
f 12258 5147 2741
f 12258 2741 5145
f 12258 5145 3759
f 12258 3759 8937
f 12258 8937 2962
f 12258 2962 5994
f 12258 5994 4266
f 12258 4266 2232
f 12258 2232 7430
f 12258 7430 7877
f 12258 7877 8943
f 12258 8943 2941
f 12258 2941 8116
f 12258 8116 683
f 12258 683 2856
f 12258 2856 3626
f 12258 3626 4915
f 12258 4915 9732
f 12258 9732 2562
f 12258 2562 364
f 12258 364 6503
f 12258 6503 5808
f 12258 5808 12625
f 12258 12625 3564
f 12258 3564 9716
f 12258 9716 10364
f 12258 10364 11507
f 12258 11507 5713
f 12258 5713 3250
f 12258 3250 6883
f 12258 6883 1720
f 12258 1720 8237
f 12258 8237 2281
f 12258 2281 1562
f 12258 1562 3740
f 12258 3740 5445
f 12258 5445 1539
f 12258 1539 11057
f 12258 11057 8524
f 12258 8524 12662
f 12258 12662 8286
f 12258 8286 11433
f 12258 11433 4062
f 12258 4062 947
f 12258 947 12544
f 12258 12544 9320
f 12258 9320 6359
f 12258 6359 12809
f 12258 12809 1725
f 12258 1725 2163
f 12258 2163 965
f 12258 965 908
f 12258 908 988
f 12258 988 1059
f 12258 1059 12019
f 12258 12019 1898
f 12258 1898 8706
f 12258 8706 1142
f 12258 1142 6380
f 12258 6380 10504
f 12258 10504 11925
f 12258 11925 2874
f 12258 2874 3157
f 12258 3157 7333
f 12258 7333 12063
f 12258 12063 3436
f 12258 3436 4288
f 12258 4288 1050
f 12258 1050 553
f 12258 553 10431
f 12258 10431 2696
f 12258 2696 9836
f 12258 9836 5549
f 12258 5549 9462
f 12258 9462 10957
f 12258 10957 5402
f 12258 5402 4422
f 12258 4422 8198
f 12258 8198 919
f 12258 919 5962
f 12258 5962 12426
f 12258 12426 2273
f 12258 2273 3685
f 12258 3685 10654
f 12258 10654 8222
f 12258 8222 3888
f 12258 3888 3339
f 12258 3339 2934
f 12258 2934 1484
f 12258 1484 12155
f 12258 12155 12770
f 12258 12770 11970
f 12258 11970 10124
f 12258 10124 6895
f 12258 6895 11894
f 12258 11894 1775
f 12258 1775 11226
f 12258 11226 12125
f 12258 12125 4542
f 12258 4542 7582
f 12258 7582 10509
f 12258 10509 7795
f 12258 7795 3055
f 12258 3055 8469
f 12258 8469 2756
f 12258 2756 10739
f 12258 10739 4423
f 12258 4423 4646
f 12258 4646 3650
f 12258 3650 862
f 12258 862 5213
f 12258 5213 11695
f 12258 11695 10759
f 12258 10759 4280
f 12258 4280 4290
f 12258 4290 4661
f 12258 4661 2713
f 12258 2713 679
f 12258 679 10270
f 12258 10270 9378
f 12258 9378 8651
f 12258 8651 3054
f 12258 3054 6894
f 12258 6894 6240
f 12258 6240 10523
f 12258 10523 600
f 12258 600 8108
f 12258 8108 12354
f 12258 12354 5359
f 12258 5359 11246
f 12258 11246 7941
f 12258 7941 9252
f 12258 9252 9495
f 12258 9495 2032
f 12258 2032 4508
f 12258 4508 8195
f 12258 8195 7449
f 12258 7449 1085
f 12258 1085 5076
f 12258 5076 11955
f 12258 11955 2318
f 12258 2318 6476
f 12258 6476 6244
f 12258 6244 12060
f 12258 12060 6598
f 12258 6598 2226
f 12258 2226 4588
f 12258 4588 11155
f 12258 11155 12493
f 12258 12493 6268
f 12258 6268 6582
f 12258 6582 11315
f 12258 11315 8210
f 12258 8210 5337
f 12258 5337 7254
f 12258 7254 9887
f 12258 9887 7003
f 12258 7003 11985
f 12258 11985 2767
f 12258 2767 2778
f 12258 2778 4606
f 12258 4606 7213
f 12258 7213 7834
f 12258 7834 1950
f 12258 1950 2831
f 12258 2831 951
f 12258 951 11897
f 12258 11897 5331
f 12258 5331 8856
f 12258 8856 9982
f 12258 9982 3137
f 12258 3137 12453
f 12258 12453 8242
f 12258 8242 3485
f 12258 3485 6522
f 12258 6522 8958
f 12258 8958 2973
f 12258 2973 7541
f 12258 7541 12448
f 12258 12448 1382
f 12258 1382 7178
f 12258 7178 9566
f 12258 9566 9206
f 12258 9206 10599
f 12258 10599 1887
f 12258 1887 2308
f 12258 2308 9031
f 12258 9031 4619
f 12258 4619 1997
f 12258 1997 6662
f 12258 6662 9276
f 12258 9276 7082
f 12258 7082 10190
f 12258 10190 3658
f 12258 3658 10765
f 12258 10765 3513
f 12258 3513 6644
f 12258 6644 4949
f 12258 4949 5341
f 12258 5341 7598
f 12258 7598 9635
f 12258 9635 4760
f 12258 4760 10859
f 12258 10859 11477
f 12258 11477 4960
f 12258 4960 1575
f 12258 1575 3589
f 12258 3589 1983
f 12258 1983 4000
f 12258 4000 7284
f 12258 7284 7060
f 12258 7060 300
f 12258 300 4968
f 12258 4968 5802
f 12258 5802 3460
f 12258 3460 5948
f 12258 5948 3548
f 12258 3548 8671
f 12258 8671 11557
f 12258 11557 7597
f 12258 7597 6075
f 12258 6075 3264
f 12258 3264 11998
f 12258 11998 8765
f 12258 8765 6216
f 12258 6216 4015
f 12258 4015 6163
f 12258 6163 2922
f 12258 2922 3212
f 12258 3212 3608
f 12258 3608 1056
f 12258 1056 11677
f 12258 11677 3313
f 12258 3313 9598
f 12258 9598 8669
f 12258 8669 1425
f 12258 1425 6146
f 12258 6146 11101
f 12258 11101 12868
f 12258 12868 10743
f 12258 10743 2828
f 12258 2828 9065
f 12258 9065 9022
f 12258 9022 4535
f 12258 4535 6133
f 12258 6133 11430
f 12258 11430 8785
f 12258 8785 1172
f 12258 1172 9452
f 12258 9452 3898
f 12258 3898 6981
f 12258 6981 8654
f 12258 8654 5403
f 12258 5403 6564
f 12258 6564 11352
f 12258 11352 1981
f 12258 1981 4896
f 12258 4896 6796
f 12258 6796 12792
f 12258 12792 8992
f 12258 8992 308
f 12258 308 1973
f 12258 1973 8140
f 12258 8140 3794
f 12258 3794 6524
f 12258 6524 4839
f 12258 4839 850
f 12258 850 5351
f 12258 5351 7628
f 12258 7628 7205
f 12258 7205 1839
f 12258 1839 3634
f 12258 3634 911
f 12258 911 4332
f 12258 4332 8444
f 12258 8444 3925
f 12258 3925 11485
f 12258 11485 3711
f 12258 3711 12881
f 12258 12881 9310
f 12258 9310 1793
f 12258 1793 6496
f 12258 6496 10636
f 12258 10636 1190
f 12258 1190 3584
f 12258 3584 10493
f 12258 10493 4445
f 12258 4445 9970
f 12258 9970 5450
f 12258 5450 102
f 12258 102 7908
f 12258 7908 2037
f 12258 2037 11873
f 12258 11873 12227
f 12258 12227 807
f 12258 807 2882
f 12258 2882 12598
f 12258 12598 7020
f 4108 4092 11554
f 11554 6765 1116
f 11554 1116 3874
f 3874 5233 6299
f 3874 6299 7459
f 3874 7459 12682
f 3874 12682 10724
f 3874 10724 9828
f 3874 9828 9441
f 3874 9441 3449
f 3874 3449 3049
f 3874 3049 3965
f 3874 3965 7617
f 3874 7617 9372
f 3874 9372 11739
f 3874 11739 4341
f 3874 4341 2110
f 3874 2110 1316
f 3874 1316 7664
f 3874 7664 3442
f 3874 3442 10770
f 3874 10770 81
f 3874 81 6172
f 3874 6172 1019
f 3874 1019 4069
f 3874 4069 7694
f 3874 7694 3045
f 3874 3045 9056
f 3874 9056 5776
f 3874 5776 11425
f 11425 12258 7020
f 11425 7020 4108
f 11425 4108 11554
f 11425 11554 3874
f 11911 3923 10312
f 3661 11911 6830
f 10073 932 111
f 11848 11257 10359
f 5677 10073 4197
f 9251 12206 5946
f 11257 4562 5551
f 4562 12233 10266
f 380 9251 7344
f 8558 380 4905
f 12631 1986 1478
f 6363 11287 3890
f 9955 10451 6124
f 2723 3366 6972
f 8971 3814 11215
f 3814 11816 1405
f 4548 3700 10417
f 2491 1136 1613
f 3700 2491 2047
f 9549 12485 1816
f 12632 7486 1335
f 7486 9549 7931
f 6501 7522 4705
f 2283 4107 3017
f 5178 1114 11427
f 4107 5739 10271
f 8987 12099 3482
f 137 9955 10138
f 1560 137 3857
f 408 5679 13
f 12421 2723 12401
f 1645 12421 7678
f 10789 2191 212
f 11692 6741 9496
f 12099 11692 10020
f 5679 5469 10354
f 5469 3317 7355
f 3317 1560 3748
f 3366 408 3931
f 12054 9775 2091
f 9775 5630 5718
f 8172 7574 6470
f 7574 11774 12753
f 11281 1740 11690
f 2085 11281 11818
f 5022 12274 11167
f 1930 2800 4895
f 8174 6892 9240
f 2929 8261 2206
f 5641 4961 6832
f 8261 167 9291
f 10424 3286 1872
f 731 5641 1339
f 5824 731 2766
f 2670 5824 7915
f 5584 2929 10160
f 898 10424 1762
f 3286 2670 4916
f 4961 5584 10710
f 167 8174 879
f 6892 1930 10650
f 1740 11497 10815
f 11497 8748 1724
f 12274 6276 6547
f 10546 5022 12102
f 7489 10140 4329
f 25 6727 9014
f 6727 10546 9629
f 325 7489 6114
f 12292 7318 9247
f 7149 6715 777
f 1466 1408 2313
f 6715 1466 1632
f 2800 7149 2549
f 1408 12858 4979
f 11353 6882 7380
f 12858 11353 5900
f 11210 5912 12468
f 5912 3233 8055
f 842 2748 750
f 3233 842 902
f 6882 11210 12086
f 2748 12292 703
f 7318 325 11360
f 10140 25 906
f 6276 2085 8464
f 9338 4412 9500
f 3389 12631 2731
f 4416 2113 11423
f 4855 9755 5383
f 4412 4855 1009
f 10537 3389 10466
f 7422 1367 3878
f 1367 4416 8798
f 2113 8828 2354
f 8828 7107 7782
f 7107 10537 9446
f 5971 12156 7562
f 5352 5971 4320
f 12599 7237 7279
f 9579 2396 481
f 2963 2348 8891
f 2348 9579 2527
f 2396 12599 4418
f 12485 5352 9312
f 12719 11273 4223
f 3487 822 5790
f 12762 4504 2275
f 10699 8303 1968
f 4094 10699 6406
f 8303 11556 8991
f 2181 7120 7041
f 7120 11496 3921
f 11496 2017 9096
f 5519 9428 3761
f 4414 11833 3583
f 2724 576 3739
f 11833 2724 5164
f 10958 166 12466
f 11556 5607 11579
f 5607 2181 6851
f 4782 483 3983
f 11090 2095 6583
f 2095 4179 3267
f 4179 4324 1963
f 12197 4866 5432
f 4866 2353 8933
f 2353 11090 11059
f 576 4782 5305
f 483 1912 2780
f 1912 12197 6355
f 4324 2627 1318
f 166 1332 6249
f 1332 2210 5736
f 2210 4414 221
f 9428 10958 7240
f 215 5519 11016
f 2627 4094 9045
f 10427 215 8432
f 2017 12762 6865
f 822 10427 933
f 11273 3487 5873
f 7237 791 11064
f 791 11785 4186
f 12156 2310 8284
f 2310 12719 7530
f 4504 7482 4061
f 11774 2963 1149
f 8748 606 6962
f 5630 8172 4137
f 10321 10938 3256
f 10938 12054 11184
f 7467 10321 11470
f 606 8987 8211
f 1114 2283 3704
f 5739 7467 8762
f 2076 5178 3434
f 1162 2076 2877
f 6741 10789 10819
f 7522 1162 904
f 11785 5102 11876
f 5102 12632 12467
f 1136 6501 12862
f 11816 4548 288
f 2191 8270 9788
f 8270 1645 3895
f 12095 4726 2323
f 4726 8971 4193
f 2185 929 9531
f 8204 12095 3259
f 929 8182 4624
f 8182 8204 3429
f 10451 542 11831
f 542 454 5623
f 454 3919 8585
f 4164 9628 9657
f 9628 2185 4576
f 3919 6363 8561
f 1418 12817 10794
f 5069 4817 4055
f 4817 10218 10211
f 2362 882 2777
f 882 10876 11131
f 2727 1418 7671
f 762 3072 11166
f 10876 9350 7250
f 9350 762 3982
f 201 10843 3287
f 5116 201 9547
f 6330 5116 11995
f 10975 5599 7957
f 10775 823 5758
f 7137 10975 6250
f 823 7137 8081
f 8412 4663 11631
f 4663 10775 427
f 10843 10907 126
f 10907 5322 10423
f 5322 8412 12814
f 9028 2362 5291
f 5983 6866 9225
f 5599 5983 143
f 3072 2727 7231
f 10218 9028 4050
f 3372 169 9040
f 3865 8216 5334
f 8580 4489 6617
f 7204 4618 2075
f 8156 3005 2588
f 7996 1257 8771
f 5174 11608 10870
f 11608 7781 9279
f 4314 5416 3283
f 2175 342 2906
f 5712 3702 692
f 3457 12865 2577
f 12661 267 6064
f 3005 2803 2096
f 5273 7204 3496
f 7721 1747 1749
f 249 7721 12351
f 4645 4327 818
f 4327 7622 9253
f 4778 5273 1678
f 1747 4778 10894
f 2803 7996 316
f 6105 7738 10268
f 8900 9138 772
f 4289 8900 3416
f 9138 6105 2516
f 7738 6151 9819
f 6151 8156 3969
f 3630 11449 4930
f 2450 6193 173
f 1196 2450 2669
f 12689 1196 3177
f 1918 12689 5759
f 7460 1918 9390
f 5520 8258 7723
f 8233 11555 12874
f 11555 8323 3963
f 2293 8299 2198
f 9754 2293 1532
f 8159 8612 9479
f 8612 12416 3563
f 11837 1447 4890
f 1447 12050 5423
f 12618 6258 12023
f 9197 8429 9735
f 10154 9197 9570
f 12895 1794 1462
f 11968 12895 1727
f 1794 7115 637
f 834 3994 5546
f 3994 12877 7911
f 12877 3078 2625
f 7093 2203 7010
f 2203 2358 10609
f 7770 1962 12301
f 3673 6347 8288
f 2100 3673 10006
f 5867 8862 1427
f 2483 2100 5669
f 1779 8131 12337
f 8862 1779 663
f 8131 3174 7686
f 3174 2483 6872
f 1962 5867 4058
f 7819 9918 1882
f 6966 1311 5741
f 1311 6180 11359
f 4819 856 11591
f 2665 8568 10353
f 1516 5123 7494
f 8481 8610 7198
f 8232 8481 1650
f 5123 8232 9228
f 8610 2665 631
f 11442 1485 3996
f 8568 11442 3886
f 10276 4875 867
f 4632 12082 451
f 12082 1185 2441
f 9440 4632 9730
f 11199 3738 3715
f 4875 2832 3433
f 2832 3375 5583
f 5703 10007 1813
f 3375 5703 9224
f 10007 12661 8614
f 267 8533 3756
f 8533 3451 5670
f 3869 11483 12761
f 11780 2109 3974
f 5726 3457 5473
f 11745 10308 1891
f 10308 7636 11151
f 7636 5726 8127
f 7255 11745 66
f 9962 7762 6700
f 7762 2576 860
f 7517 9962 9215
f 6774 7255 35
f 8005 7517 3376
f 2359 8005 3594
f 11483 6774 7353
f 2109 3869 6857
f 4882 11199 1096
f 3738 9440 9525
f 1485 10276 12353
f 9670 4819 12218
f 10797 9670 9259
f 1185 10797 2574
f 8199 1255 7956
f 3916 4442 7696
f 6405 11371 2349
f 2997 7427 1038
f 4442 12310 7000
f 12310 6405 3785
f 7427 5388 8532
f 5388 8199 12718
f 8787 2997 2208
f 856 8787 5622
f 10178 4717 3653
f 4717 6966 172
f 7814 10178 7740
f 10593 7814 4047
f 12187 10593 7105
f 7315 12187 4534
f 6849 8064 1336
f 8064 7315 11124
f 1386 9805 12069
f 9805 7627 2412
f 4297 10536 1281
f 3674 2458 5640
f 10536 3674 903
f 7049 6849 6879
f 2458 7049 6402
f 2406 1933 3610
f 7627 2406 799
f 10288 1386 9475
f 1933 4297 1105
f 9918 10288 5926
f 6180 1516 7670
f 8615 7819 11007
f 1075 8615 1298
f 6347 1075 4730
f 12177 12499 12325
f 216 8112 2122
f 3501 1501 4634
f 233 3501 7933
f 10935 10920 11396
f 10920 2596 6274
f 8802 10277 12597
f 1694 2923 2394
f 8976 1694 7366
f 2596 11297 3148
f 11297 8976 1869
f 2923 1969 617
f 4860 11050 5945
f 11050 90 673
f 10277 767 1592
f 1969 6140 11309
f 6140 728 1182
f 728 4860 6484
f 90 8802 2443
f 767 7983 478
f 7983 233 6858
f 8735 12177 12028
f 8112 10516 12000
f 10516 10935 6497
f 1501 8735 8325
f 12499 5306 3770
f 1399 1207 2640
f 5306 7093 4653
f 1207 216 3241
f 3078 11766 7804
f 11766 1399 11588
f 2358 7770 4791
f 4178 834 3085
f 7115 4178 7396
f 8429 11968 2477
f 6258 10154 9944
f 9084 12618 9241
f 12050 9084 6515
f 12096 11837 9596
f 12416 12096 3201
f 11937 2008 8914
f 2008 8159 6156
f 1314 11937 8820
f 2977 1314 10811
f 4755 2977 7043
f 8240 5168 1202
f 3353 8240 9010
f 5168 4755 12438
f 11371 3353 4086
f 1255 3916 11426
f 2927 4882 10452
f 764 2927 5756
f 10406 764 9636
f 8299 10406 9933
f 7559 9754 5059
f 8409 7559 12511
f 11212 8409 6847
f 11802 11212 5064
f 11794 11802 468
f 8323 11794 5716
f 8258 8233 7197
f 5644 5520 2995
f 9302 5644 4411
f 2111 9302 7985
f 8745 2111 2451
f 9370 11414 9161
f 11414 8745 10118
f 2968 7460 9994
f 6193 9370 8318
f 274 2968 254
f 9830 274 4879
f 546 9830 11489
f 11449 546 8594
f 10648 7533 7127
f 7533 3630 5858
f 3350 7546 9613
f 4667 3350 10726
f 9060 4667 324
f 9020 9060 1951
f 2576 9020 5631
f 7546 10648 8753
f 3451 4229 5819
f 4229 11780 2611
f 12865 5712 1829
f 5532 5878 223
f 3702 5532 8474
f 5878 4519 2868
f 4519 11746 3276
f 11746 2175 10528
f 342 3474 1307
f 3474 10871 2735
f 10871 2708 6032
f 2708 4645 2921
f 5416 2359 12455
f 7781 4314 7702
f 7622 249 1313
f 1257 5174 2315
f 4618 8580 12755
f 8216 3372 8844
f 169 11667 373
f 4489 3865 5431
f 11667 5069 11930
f 6866 4289 3463
f 2254 7528 5042
f 7528 11224 7345
f 3230 1690 12044
f 11287 3230 5017
f 1690 1627 1064
f 73 2254 3200
f 1627 73 5763
f 11224 11948 10552
f 4350 6330 12788
f 11948 4350 736
f 12817 5092 1023
f 7870 4164 11752
f 5092 7870 789
f 9755 11629 629
f 11629 7422 12457
f 5596 9338 642
f 6761 5596 3710
f 1832 6761 3736
f 1986 7442 1733
f 3646 1832 3051
f 12233 3646 723
f 7442 8558 4856
f 12206 5293 6217
f 5293 5677 1503
f 5054 4298 8480
f 4298 11848 3835
f 6963 5054 12833
f 12553 11319 3108
f 932 12553 1282
f 9413 6963 10314
f 7482 9413 8365
f 11319 7544 5511
f 7544 2090 3491
f 2090 3661 10943
f 3923 11587 7577
f 11587 9885 3025
f 9885 898 6891
f 10312 11562 11911
f 6830 7635 3661
f 111 4197 10073
f 10359 3835 11848
f 4197 9456 5677
f 5946 1739 9251
f 5551 10359 11257
f 10266 10521 4562
f 7344 12262 380
f 4905 4856 8558
f 1478 11324 12631
f 3890 2033 6363
f 6124 3050 9955
f 6972 10796 2723
f 11215 4403 8971
f 1405 11215 3814
f 10417 910 4548
f 1613 10080 2491
f 2047 11270 3700
f 1816 5249 9549
f 1335 12467 12632
f 7931 1335 7486
f 4705 4798 6501
f 3017 5688 2283
f 11427 3434 5178
f 10271 3017 4107
f 3482 8211 8987
f 10138 3857 137
f 3857 3748 1560
f 13 3931 408
f 12401 7678 12421
f 7678 3895 1645
f 212 1797 10789
f 9496 7135 11692
f 10020 12072 12099
f 10354 7241 5679
f 7355 8004 5469
f 3748 10618 3317
f 3931 1881 3366
f 2091 12255 12054
f 5718 2091 9775
f 6470 6968 8172
f 12753 2464 7574
f 11690 11818 11281
f 11818 2749 2085
f 11167 12102 5022
f 4895 12171 1930
f 9240 879 8174
f 2206 10840 2929
f 6832 5793 5641
f 9291 2206 8261
f 1872 12641 10424
f 1339 2766 731
f 2766 7567 5824
f 7915 4916 2670
f 10160 4005 5584
f 1762 6906 898
f 4916 1872 3286
f 10710 6832 4961
f 879 4706 167
f 10650 6791 6892
f 10815 4777 1740
f 1724 10815 11497
f 6547 7690 12274
f 12102 9633 10546
f 4329 8843 7489
f 9014 1680 25
f 9629 507 6727
f 6114 4990 325
f 9247 703 12292
f 777 6256 7149
f 2313 1632 1466
f 1632 12675 6715
f 2549 526 2800
f 4979 2313 1408
f 7380 5900 11353
f 5900 2540 12858
f 12468 1792 11210
f 8055 6980 5912
f 750 8501 842
f 902 7340 3233
f 12086 7380 6882
f 703 4495 2748
f 11360 9247 7318
f 906 4329 10140
f 8464 4546 6276
f 9500 3629 9338
f 2731 10466 3389
f 11423 9787 4416
f 5383 1009 4855
f 1009 5974 4412
f 10466 9446 10537
f 3878 6634 7422
f 8798 3878 1367
f 2354 156 2113
f 7782 2354 8828
f 9446 3859 7107
f 7562 4320 5971
f 4320 11039 5352
f 7279 4418 12599
f 481 2527 9579
f 8891 11269 2963
f 2527 379 2348
f 4418 5506 2396
f 9312 12527 12485
f 4223 10731 12719
f 5790 12154 3487
f 2275 1784 12762
f 1968 4565 10699
f 6406 8148 4094
f 8991 1968 8303
f 7041 12798 2181
f 3921 9415 7120
f 9096 3921 11496
f 3761 2833 5519
f 3583 221 4414
f 3739 5164 2724
f 5164 6308 11833
f 12466 7240 10958
f 11579 7470 11556
f 6851 11579 5607
f 3983 9480 4782
f 6583 4517 11090
f 3267 490 2095
f 1963 3267 4179
f 5432 6355 12197
f 8933 4421 4866
f 11059 7714 2353
f 5305 6985 576
f 2780 4035 483
f 6355 2126 1912
f 1318 2785 4324
f 6249 12466 166
f 5736 5768 1332
f 221 5736 2210
f 7240 1709 9428
f 11016 5973 215
f 9045 5453 2627
f 8432 10255 10427
f 6865 1885 2017
f 933 5790 822
f 5873 10647 11273
f 11064 5634 7237
f 4186 10125 791
f 8284 7562 12156
f 7530 552 2310
f 4061 2275 4504
f 1149 12753 11774
f 6962 1208 8748
f 4137 7711 5630
f 3256 11640 10321
f 11184 3850 10938
f 11470 7987 7467
f 8211 5812 606
f 3704 12826 1114
f 8762 11727 5739
f 3434 3876 2076
f 2877 8910 1162
f 10819 11992 6741
f 904 4705 7522
f 11876 4186 11785
f 12467 630 5102
f 12862 1613 1136
f 288 8218 11816
f 9788 212 2191
f 3895 6630 8270
f 2323 7437 12095
f 4193 2323 4726
f 9531 1710 2185
f 3259 3429 8204
f 4624 10258 929
f 3429 4624 8182
f 11831 5663 10451
f 5623 1232 542
f 8585 8202 454
f 9657 11752 4164
f 4576 11891 9628
f 8561 781 3919
f 10794 5272 1418
f 4055 632 5069
f 10211 2709 4817
f 2777 5291 2362
f 11131 8902 882
f 7671 11349 2727
f 11166 4598 762
f 7250 5401 10876
f 3982 7250 9350
f 3287 9547 201
f 9547 913 5116
f 11995 12608 6330
f 7957 6000 10975
f 5758 8367 10775
f 6250 8081 7137
f 8081 3703 823
f 11631 7757 8412
f 427 12800 4663
f 126 11379 10843
f 10423 126 10907
f 12814 9712 5322
f 5291 10754 9028
f 9225 1020 5983
f 143 2351 5599
f 7231 11166 3072
f 4050 11253 10218
f 9040 8844 3372
f 5334 1692 3865
f 6617 12465 8580
f 2075 12575 7204
f 2588 10147 8156
f 8771 3150 7996
f 10870 9642 5174
f 9279 10870 11608
f 3283 7702 4314
f 2906 10528 2175
f 692 12405 5712
f 2577 3521 3457
f 6064 12783 12661
f 2096 6998 3005
f 3496 12834 5273
f 1749 6881 7721
f 12351 8319 249
f 818 2119 4645
f 9253 818 4327
f 1678 10894 4778
f 10894 1749 1747
f 316 2096 2803
f 10268 4141 6105
f 772 3518 8900
f 3416 3463 4289
f 2516 9145 9138
f 9819 4801 7738
f 3969 9819 6151
f 4930 2722 3630
f 173 5849 2450
f 2669 3177 1196
f 3177 8221 12689
f 5759 9390 1918
f 9390 4233 7460
f 7723 657 5520
f 12874 8559 8233
f 3963 359 11555
f 2198 12116 2293
f 1532 6159 9754
f 9479 6156 8159
f 3563 9453 8612
f 4890 11626 11837
f 5423 3419 1447
f 12023 3499 12618
f 9735 4157 9197
f 9570 9944 10154
f 1462 4553 12895
f 1727 2528 11968
f 637 1462 1794
f 5546 1138 834
f 7911 4263 3994
f 2625 7911 12877
f 7010 840 7093
f 10609 1497 2203
f 12301 5727 7770
f 8288 6243 3673
f 10006 11770 2100
f 1427 11277 5867
f 5669 5353 2483
f 12337 663 1779
f 663 5133 8862
f 7686 7341 8131
f 6872 7686 3174
f 4058 6635 1962
f 1882 11007 7819
f 5741 1171 6966
f 11359 5741 1311
f 11591 4610 4819
f 10353 183 2665
f 7494 3234 1516
f 7198 10832 8481
f 1650 9603 8232
f 9228 11368 5123
f 631 7198 8610
f 3996 2739 11442
f 3886 10353 8568
f 867 12122 10276
f 451 9730 4632
f 2441 451 12082
f 9730 1396 9440
f 3715 11683 11199
f 3433 867 4875
f 5583 3433 2832
f 1813 9230 5703
f 9224 7243 3375
f 8614 1813 10007
f 3756 3292 267
f 5670 3756 8533
f 12761 7487 3869
f 3974 8151 11780
f 5473 9691 5726
f 1891 66 11745
f 11151 11112 10308
f 8127 9355 7636
f 66 35 7255
f 6700 9215 9962
f 860 7537 7762
f 9215 3388 7517
f 35 2534 6774
f 3376 3594 8005
f 3594 11342 2359
f 7353 12761 11483
f 6857 3974 2109
f 1096 1258 4882
f 9525 7037 3738
f 12353 9911 1485
f 12218 2164 9670
f 9259 12146 10797
f 2574 6229 1185
f 7956 12718 8199
f 7696 11426 3916
f 2349 486 6405
f 1038 6202 2997
f 7000 6145 4442
f 3785 9023 12310
f 8532 2684 7427
f 12718 8280 5388
f 2208 5622 8787
f 5622 11591 856
f 3653 7740 10178
f 172 10111 4717
f 7740 1271 7814
f 4047 7105 10593
f 7105 11213 12187
f 4534 11124 7315
f 1336 4927 6849
f 11124 6412 8064
f 12069 12665 1386
f 2412 12069 9805
f 1281 1105 4297
f 5640 11518 3674
f 903 1312 10536
f 6879 6402 7049
f 6402 6361 2458
f 3610 5908 2406
f 799 3257 7627
f 9475 10889 10288
f 1105 426 1933
f 5926 3060 9918
f 7670 2035 6180
f 11007 12267 8615
f 1298 5714 1075
f 4730 8288 6347
f 12325 2930 12177
f 2122 8754 216
f 4634 11647 3501
f 7933 3904 233
f 11396 6477 10935
f 6274 11396 10920
f 12597 2955 8802
f 2394 7366 1694
f 7366 5194 8976
f 3148 11336 2596
f 1869 2691 11297
f 617 11387 2923
f 5945 5197 4860
f 673 5945 11050
f 1592 12597 10277
f 11309 617 1969
f 1182 1068 6140
f 6484 1182 728
f 2443 8525 90
f 478 4735 767
f 6858 2613 7983
f 12028 8325 8735
f 12000 2122 8112
f 6497 3906 10516
f 8325 5244 1501
f 3770 12325 12499
f 2640 7431 1399
f 4653 11332 5306
f 3241 6047 1207
f 7804 5214 3078
f 11588 7804 11766
f 4791 2242 2358
f 3085 2400 4178
f 7396 3141 7115
f 2477 9735 8429
f 9944 2829 6258
f 9241 10808 9084
f 6515 5423 12050
f 9596 3201 12096
f 3201 10240 12416
f 8914 2845 11937
f 6156 10071 2008
f 8820 6794 1314
f 10811 7043 2977
f 7043 4738 4755
f 1202 9010 8240
f 9010 4086 3353
f 12438 3308 5168
f 4086 4541 11371
f 11426 9032 1255
f 10452 10407 2927
f 5756 10014 764
f 9636 9933 10406
f 9933 6820 8299
f 5059 9067 7559
f 12511 7813 8409
f 6847 1213 11212
f 5064 5560 11802
f 468 7022 11794
f 5716 5769 8323
f 7197 7723 8258
f 2995 4411 5644
f 4411 7985 9302
f 7985 7141 2111
f 2451 8827 8745
f 9161 8318 9370
f 10118 9161 11414
f 9994 8996 2968
f 8318 173 6193
f 254 4879 274
f 4879 11489 9830
f 11489 214 546
f 8594 2896 11449
f 7127 2463 10648
f 5858 7127 7533
f 9613 10726 3350
f 10726 1689 4667
f 324 1951 9060
f 1951 5631 9020
f 5631 4285 2576
f 8753 7111 7546
f 5819 11864 3451
f 2611 1580 4229
f 1829 84 12865
f 223 5321 5532
f 8474 692 3702
f 2868 5373 5878
f 3276 2868 4519
f 10528 10340 11746
f 1307 6637 342
f 2735 1307 3474
f 6032 9847 10871
f 2921 6032 2708
f 12455 6599 5416
f 7702 3847 7781
f 1313 1599 7622
f 2315 8771 1257
f 12755 2075 4618
f 8844 5334 8216
f 373 9040 169
f 5431 7864 4489
f 11930 9109 11667
f 3463 10191 6866
f 5042 7414 2254
f 7345 3947 7528
f 12044 5017 3230
f 5017 5101 11287
f 1064 3379 1690
f 3200 71 73
f 5763 10112 1627
f 10552 2171 11224
f 12788 736 4350
f 736 12538 11948
f 1023 100 12817
f 11752 10625 7870
f 789 2883 5092
f 629 765 9755
f 12457 629 11629
f 642 3710 5596
f 3710 7570 6761
f 3736 3051 1832
f 1733 11278 1986
f 3051 5138 3646
f 723 6778 12233
f 4856 1184 7442
f 6217 5946 12206
f 1503 5146 5293
f 8480 8812 5054
f 3835 9943 4298
f 12833 10314 6963
f 3108 1282 12553
f 1282 3663 932
f 10314 8936 9413
f 8365 5635 7482
f 5511 8075 11319
f 3491 8600 7544
f 10943 3491 2090
f 7577 3098 3923
f 3025 7577 11587
f 6891 6150 9885
f 898 782 6891
f 9885 6150 3025
f 3923 3098 10312
f 932 3663 111
f 4298 9943 8480
f 9251 1739 7344
f 12233 6778 7373
f 3646 5138 11280
f 7107 398 7782
f 7422 6634 11603
f 7422 11603 12457
f 9755 3128 5383
f 4412 5974 2537
f 4412 2537 9500
f 11287 9498 3890
f 11287 5575 9498
f 2185 10197 4576
f 10451 5663 8431
f 10451 8431 6124
f 3366 1881 61
f 8270 6630 5349
f 8270 5349 7535
f 11816 8218 1405
f 4548 910 288
f 9549 5249 5990
f 5102 630 564
f 5102 564 11876
f 2076 3876 2877
f 5739 11727 5875
f 2283 5688 11546
f 1114 12826 11427
f 12099 12072 3482
f 9955 615 10138
f 5679 6257 13
f 5679 7241 6257
f 2723 12909 12401
f 2723 10796 12909
f 10789 1797 10819
f 8270 4346 9788
f 11692 7135 10020
f 5469 8004 9099
f 5469 9099 10354
f 3317 10618 7355
f 9955 3050 615
f 10938 3850 3256
f 12054 12255 11184
f 5630 8477 5718
f 5630 7711 8477
f 7574 6944 6470
f 1740 6038 11690
f 6892 6791 154
f 167 10667 9291
f 5584 12463 10710
f 5584 4005 12463
f 167 10289 11373
f 10424 12641 1762
f 5824 7304 7915
f 5824 7567 7304
f 5641 194 1339
f 2929 10675 10160
f 898 6906 782
f 167 4706 10289
f 5641 5793 194
f 2929 10840 10675
f 167 11373 10667
f 1930 12171 10650
f 6892 154 9240
f 1740 4777 6038
f 6276 4546 6547
f 10546 9633 1303
f 6727 11596 9014
f 25 1680 906
f 6727 507 11596
f 2748 4495 750
f 5912 6980 1518
f 5912 1518 12468
f 7149 6256 11252
f 6715 12675 777
f 12858 4217 4979
f 7149 11252 2549
f 12858 2540 3271
f 12858 3271 4217
f 3233 7340 8055
f 842 8501 902
f 11210 1792 12086
f 7489 8843 6114
f 325 4990 11360
f 10546 1303 132
f 10546 132 9629
f 606 6214 6962
f 2800 526 4895
f 7482 1659 4061
f 12631 6397 131
f 12631 11324 6397
f 7107 3859 398
f 4416 9787 6111
f 12631 131 2731
f 9338 3629 642
f 6761 7570 10864
f 12485 12527 1816
f 2396 5506 481
f 2348 1524 8891
f 2348 379 1524
f 2017 1885 9096
f 10427 10255 933
f 215 5973 8432
f 2627 5453 6516
f 4094 8148 9045
f 10699 4565 6406
f 9428 5332 3761
f 1332 5768 7483
f 2627 6516 1318
f 11556 7470 7557
f 11556 7557 8991
f 2181 12798 6851
f 1912 2126 377
f 1912 377 2780
f 483 4035 3983
f 4782 9480 5305
f 576 6985 5459
f 4324 2785 1963
f 2353 7714 8933
f 11090 4517 11059
f 2095 490 6583
f 4866 4421 5432
f 7120 10028 7041
f 576 5459 3739
f 11833 6308 8529
f 11833 8529 3583
f 1332 7483 7684
f 1332 7684 6249
f 5519 2833 11016
f 9428 1709 5332
f 7120 9415 10028
f 12762 1784 6865
f 11273 10647 4223
f 3487 12154 5873
f 12719 10731 4650
f 791 4317 11064
f 7237 5634 3222
f 791 10125 4317
f 7237 3222 7279
f 5352 11039 9312
f 2310 552 8284
f 12719 4650 7530
f 7482 5635 1659
f 12274 7690 11167
f 2085 2749 8464
f 2963 11269 1149
f 7574 2464 6944
f 8748 1208 1724
f 8172 6968 4137
f 606 5812 6214
f 2283 11546 3704
f 5739 5875 10271
f 10321 11640 11470
f 7467 7987 8762
f 1162 8910 11812
f 6741 9071 9496
f 6741 11992 9071
f 6501 4798 12862
f 1162 11812 904
f 9549 5990 7931
f 2491 10080 2047
f 3700 1456 10417
f 3700 11270 1456
f 8270 7535 4346
f 3366 61 6972
f 8971 4403 4193
f 12095 11480 3259
f 929 10258 10221
f 929 10221 9531
f 12095 7437 11480
f 542 1232 11831
f 454 8202 5623
f 3919 781 8585
f 2185 1710 10197
f 9628 11891 9657
f 6363 2033 8561
f 12817 100 10794
f 5092 2883 1023
f 10218 11253 10211
f 882 8902 2777
f 762 4598 3982
f 10843 11379 8032
f 10843 1915 3287
f 5116 913 11995
f 10843 8032 1915
f 10775 8367 427
f 10975 11347 6250
f 10975 6000 11347
f 823 3703 5758
f 5322 9712 10423
f 8412 7757 12814
f 4663 12800 11631
f 9028 10754 4050
f 5983 1020 6922
f 5983 6922 143
f 5599 2351 7957
f 10876 5401 6555
f 2727 11349 7231
f 10876 6555 11131
f 5069 632 11930
f 4817 2709 4055
f 3865 1692 12238
f 8580 12465 12755
f 4489 7864 6617
f 8156 10147 2179
f 7996 3150 1730
f 7622 1599 11187
f 5174 9642 10119
f 2359 2519 12455
f 10871 9004 2735
f 10871 9847 9004
f 342 12799 2906
f 11746 10340 3276
f 5878 5373 223
f 267 746 6064
f 3005 6998 11403
f 7721 6881 7722
f 7721 7722 12351
f 5273 6877 1678
f 5273 12834 6877
f 3005 11403 2588
f 7204 3802 3496
f 6105 4141 11149
f 9138 9145 11540
f 9138 11540 772
f 8900 3518 3416
f 6105 11149 2516
f 7738 4801 10268
f 5520 657 2995
f 11555 359 12874
f 11794 7022 5716
f 11802 5560 468
f 8409 9627 6847
f 8299 9237 2198
f 764 10014 5333
f 2927 9797 5756
f 2927 10407 9797
f 4882 1258 10452
f 1255 9032 7165
f 8612 775 9479
f 9084 10808 11422
f 9084 11422 6515
f 6258 5161 12023
f 6258 2829 5161
f 9197 4444 9570
f 11968 2528 2477
f 3994 1790 5546
f 3994 4263 1790
f 7770 5727 4791
f 3078 5214 2625
f 1207 6047 9928
f 7093 840 4653
f 216 8754 3241
f 2358 2242 10609
f 8862 9055 1427
f 1962 6635 12301
f 3673 6243 10006
f 5867 11277 4058
f 2483 9940 6872
f 2100 11770 5669
f 2483 5353 9940
f 8131 7341 5707
f 8862 5133 9055
f 8131 5707 12337
f 1075 5714 4730
f 6180 3635 11359
f 9918 3060 1882
f 6849 4927 5120
f 8064 10621 1336
f 4717 10111 11145
f 10797 12146 2574
f 2665 6714 631
f 2665 183 6714
f 1516 3234 7670
f 8481 10832 1650
f 8232 9603 9228
f 5123 11368 7494
f 1485 2945 3996
f 11442 2739 3886
f 1185 6229 2441
f 3738 7037 3715
f 11199 11683 1096
f 5703 9230 9224
f 3375 7243 3164
f 12661 12783 8614
f 3451 7807 5670
f 267 3292 746
f 3869 7650 6857
f 6774 1637 7353
f 7559 9067 12511
f 10308 11112 1891
f 7636 9355 11151
f 7762 7537 12340
f 7762 12340 6700
f 7517 3388 3376
f 6774 2534 10122
f 6774 10122 1637
f 3457 5972 5473
f 2359 12150 2519
f 2359 11342 12150
f 2576 4285 860
f 3869 7487 7650
f 11780 8151 2611
f 3375 11462 5583
f 3375 3164 11462
f 9440 1396 9525
f 10276 12122 12353
f 1485 9911 2945
f 9670 2164 496
f 9670 496 9259
f 2997 6202 2208
f 12310 9023 10128
f 7427 2684 8597
f 7427 8597 8692
f 6405 486 3785
f 12310 10128 620
f 12310 620 7000
f 5388 8280 220
f 5388 220 8532
f 7427 8692 1038
f 4442 6145 7696
f 4819 4610 12218
f 4717 7876 3653
f 6966 7858 172
f 6966 1171 7858
f 4717 11145 7876
f 7814 11469 4047
f 7814 1271 11469
f 12187 11213 10585
f 12187 10585 4534
f 8064 6412 10621
f 6849 5120 3022
f 1386 5653 9475
f 1386 12665 5653
f 10536 1312 1281
f 2458 6361 5640
f 3674 11518 903
f 2406 10349 799
f 7627 3257 2412
f 6849 3022 6879
f 2406 5908 10349
f 1933 426 3610
f 10288 10889 5926
f 6180 2035 3635
f 8615 12267 1298
f 767 4735 3167
f 8802 2955 5387
f 8802 5387 2443
f 4860 5197 4051
f 4860 4051 6484
f 2596 12504 6274
f 11297 2691 3148
f 767 3167 1592
f 2596 11336 12504
f 8976 5194 1869
f 2923 10047 2394
f 2923 11387 10047
f 6140 11687 11309
f 6140 1068 11687
f 90 8525 673
f 7983 2613 478
f 233 3904 6858
f 1501 5244 4634
f 3501 11647 10422
f 10516 3906 12000
f 10935 10083 6497
f 3501 10422 7933
f 10935 6477 10083
f 12177 4709 20
f 12177 2930 4709
f 12177 20 12028
f 5306 11332 3770
f 2203 4657 7010
f 1207 9928 2640
f 1399 7431 11588
f 2203 1497 4657
f 834 1138 3085
f 4178 2400 7396
f 12895 4553 1727
f 7115 3141 637
f 9197 4157 4444
f 12618 3499 9241
f 11837 11626 4203
f 11837 4203 9596
f 1447 3419 4890
f 8612 9453 775
f 12416 10240 3563
f 2008 10071 8914
f 11937 2845 8820
f 1314 6794 10811
f 4755 4738 12848
f 4755 12848 12438
f 5168 7542 1202
f 5168 3308 7542
f 11371 4541 11110
f 11371 11110 2349
f 1255 7165 7956
f 764 5333 9636
f 8299 6820 9237
f 2293 12116 1532
f 9754 6159 5059
f 8409 7813 9627
f 11212 3910 5064
f 11212 1213 3910
f 8323 5769 3963
f 8233 8559 7197
f 2111 7141 1107
f 2111 1107 2451
f 8745 8827 10118
f 2450 5849 8628
f 2450 8628 2669
f 7460 4233 9994
f 2968 8996 7573
f 546 10849 9063
f 2968 7573 254
f 546 5170 10849
f 546 214 5170
f 12689 8221 5759
f 546 9063 8594
f 11449 2896 4930
f 3630 2722 10169
f 10648 9208 8753
f 10648 2463 9208
f 3630 10169 5858
f 4667 1689 7446
f 4667 7446 3321
f 4667 3321 324
f 7546 7111 9388
f 7546 9388 9613
f 4229 8536 5819
f 3451 11864 7807
f 4229 1580 8536
f 5726 9691 8127
f 12865 84 2577
f 5712 12405 1829
f 3457 3521 5972
f 5532 9364 8474
f 5532 5536 9364
f 5532 5321 5536
f 342 6637 12799
f 4645 2119 2921
f 5416 6599 3283
f 7781 3847 7192
f 7781 7192 9279
f 7622 11187 9253
f 249 8319 1313
f 5174 10119 2315
f 7996 1730 316
f 8156 2179 3969
f 7204 12575 3802
f 11667 9109 373
f 3865 12238 5431
f 6866 10191 9225
f 1418 5272 7671
f 7528 3947 5042
f 11224 2171 7345
f 1690 3379 12044
f 1627 10112 1064
f 73 71 5763
f 2254 7414 3200
f 6330 12608 12788
f 11948 12538 10552
f 11287 5101 5575
f 7870 10625 789
f 9755 765 3128
f 4416 6111 8798
f 2113 156 11423
f 6761 10864 3736
f 1986 11278 1478
f 7442 1184 1733
f 3646 11280 723
f 5293 5146 6217
f 380 12262 4905
f 12233 7373 10266
f 4562 10521 5551
f 5677 9456 11854
f 5677 11854 1503
f 5054 8812 12833
f 11319 8075 1193
f 7544 5058 5511
f 11319 1193 3108
f 9413 8936 10809
f 9413 10809 8365
f 3661 7635 10943
f 7544 8600 5058
f 11911 11562 6830
f 6257 7241 10354
f 10354 9099 8004
f 10354 8004 7355
f 7355 10618 3748
f 615 3050 6124
f 6124 8431 5663
f 6124 5663 11831
f 11831 1232 5623
f 5623 8202 8585
f 8585 781 8561
f 8561 2033 3890
f 3890 9498 5575
f 5575 5101 5017
f 1064 10112 5763
f 5763 71 3200
f 3200 7414 5042
f 5042 3947 7345
f 5042 7345 2171
f 5042 2171 10552
f 5042 10552 12538
f 5042 12538 736
f 5042 736 12788
f 5042 12788 12608
f 5042 12608 11995
f 5042 11995 913
f 5042 913 9547
f 5042 9547 3287
f 5042 3287 1915
f 5042 1915 8032
f 8032 11379 126
f 10423 9712 12814
f 10423 12814 7757
f 10423 7757 11631
f 10423 11631 12800
f 10423 12800 427
f 10423 427 8367
f 10423 8367 5758
f 10423 5758 3703
f 10423 3703 8081
f 10423 8081 6250
f 10423 6250 11347
f 10423 11347 6000
f 10423 6000 7957
f 10423 7957 2351
f 10423 2351 143
f 10423 143 6922
f 10423 6922 1020
f 10423 1020 9225
f 10423 9225 10191
f 10423 10191 3463
f 10423 3463 3416
f 10423 3416 3518
f 10423 3518 772
f 10423 772 11540
f 10423 11540 9145
f 10423 9145 2516
f 10423 2516 11149
f 10423 11149 4141
f 10423 4141 10268
f 10423 10268 4801
f 10423 4801 9819
f 10423 9819 3969
f 10423 3969 2179
f 10423 2179 10147
f 10423 10147 2588
f 10423 2588 11403
f 10423 11403 6998
f 10423 6998 2096
f 10423 2096 316
f 10423 316 1730
f 10423 1730 3150
f 10423 3150 8771
f 10423 8771 2315
f 10423 2315 10119
f 10423 10119 9642
f 10423 9642 10870
f 10423 10870 9279
f 10423 9279 7192
f 10423 7192 3847
f 10423 3847 7702
f 10423 7702 3283
f 10423 3283 6599
f 10423 6599 12455
f 10423 12455 2519
f 10423 2519 12150
f 10423 12150 11342
f 10423 11342 3594
f 10423 3594 3376
f 10423 3376 3388
f 10423 3388 9215
f 10423 9215 6700
f 10423 6700 12340
f 10423 12340 7537
f 10423 7537 860
f 10423 860 4285
f 10423 4285 5631
f 10423 5631 1951
f 10423 1951 324
f 10423 324 3321
f 10423 3321 7446
f 10423 7446 1689
f 10423 1689 10726
f 10423 10726 9613
f 10423 9613 9388
f 10423 9388 7111
f 10423 7111 8753
f 10423 8753 9208
f 10423 9208 2463
f 10423 2463 7127
f 10423 7127 5858
f 10423 5858 10169
f 10423 10169 2722
f 10423 2722 4930
f 10423 4930 2896
f 10423 2896 8594
f 10423 8594 9063
f 10423 9063 10849
f 10423 10849 5170
f 10423 5170 214
f 10423 214 11489
f 10423 11489 4879
f 10423 4879 254
f 10423 254 7573
f 10423 7573 8996
f 10423 8996 9994
f 10423 9994 4233
f 10423 4233 9390
f 10423 9390 5759
f 10423 5759 8221
f 10423 8221 3177
f 10423 3177 2669
f 10423 2669 8628
f 10423 8628 5849
f 10423 5849 173
f 10423 173 8318
f 10423 8318 9161
f 10423 9161 10118
f 10423 10118 8827
f 10423 8827 2451
f 10423 2451 1107
f 10423 1107 7141
f 10423 7141 7985
f 10423 7985 4411
f 10423 4411 2995
f 10423 2995 657
f 10423 657 7723
f 10423 7723 7197
f 10423 7197 8559
f 10423 8559 12874
f 10423 12874 359
f 10423 359 3963
f 10423 3963 5769
f 10423 5769 5716
f 10423 5716 7022
f 10423 7022 468
f 10423 468 5560
f 10423 5560 5064
f 10423 5064 3910
f 10423 3910 1213
f 10423 1213 6847
f 10423 6847 9627
f 10423 9627 7813
f 10423 7813 12511
f 10423 12511 9067
f 10423 9067 5059
f 10423 5059 6159
f 12116 2198 9237
f 12116 9237 6820
f 12116 6820 9933
f 9933 9636 5333
f 9933 5333 10014
f 10014 5756 9797
f 10014 9797 10407
f 10407 10452 1258
f 10407 1258 1096
f 10407 1096 11683
f 10407 11683 3715
f 10407 3715 7037
f 10407 7037 9525
f 10407 9525 1396
f 10407 1396 9730
f 10407 9730 451
f 10407 451 2441
f 10407 2441 6229
f 10407 6229 2574
f 10407 2574 12146
f 10407 12146 9259
f 10407 9259 496
f 10407 496 2164
f 10407 2164 12218
f 10407 12218 4610
f 10407 4610 11591
f 10407 11591 5622
f 10407 5622 2208
f 10407 2208 6202
f 10407 6202 1038
f 10407 1038 8692
f 10407 8692 8597
f 10407 8597 2684
f 10407 2684 8532
f 10407 8532 220
f 10407 220 8280
f 10407 8280 12718
f 10407 12718 7956
f 10407 7956 7165
f 10407 7165 9032
f 10407 9032 11426
f 10407 11426 7696
f 10407 7696 6145
f 10407 6145 7000
f 10407 7000 620
f 10407 620 10128
f 10407 10128 9023
f 10407 9023 3785
f 10407 3785 486
f 10407 486 2349
f 10407 2349 11110
f 10407 11110 4541
f 10407 4541 4086
f 10407 4086 9010
f 10407 9010 1202
f 10407 1202 7542
f 10407 7542 3308
f 10407 3308 12438
f 10407 12438 12848
f 10407 12848 4738
f 10407 4738 7043
f 10407 7043 10811
f 10407 10811 6794
f 10407 6794 8820
f 10407 8820 2845
f 10407 2845 8914
f 10407 8914 10071
f 10407 10071 6156
f 10407 6156 9479
f 10407 9479 775
f 10407 775 9453
f 10407 9453 3563
f 10407 3563 10240
f 10407 10240 3201
f 10407 3201 9596
f 10407 9596 4203
f 10407 4203 11626
f 10407 11626 4890
f 10407 4890 3419
f 10407 3419 5423
f 10407 5423 6515
f 10407 6515 11422
f 10407 11422 10808
f 10407 10808 9241
f 10407 9241 3499
f 10407 3499 12023
f 10407 12023 5161
f 10407 5161 2829
f 10407 2829 9944
f 10407 9944 9570
f 10407 9570 4444
f 10407 4444 4157
f 10407 4157 9735
f 10407 9735 2477
f 10407 2477 2528
f 10407 2528 1727
f 10407 1727 4553
f 10407 4553 1462
f 10407 1462 637
f 10407 637 3141
f 10407 3141 7396
f 10407 7396 2400
f 10407 2400 3085
f 10407 3085 1138
f 10407 1138 5546
f 10407 5546 1790
f 10407 1790 4263
f 10407 4263 7911
f 10407 7911 2625
f 10407 2625 5214
f 10407 5214 7804
f 10407 7804 11588
f 10407 11588 7431
f 10407 7431 2640
f 10407 2640 9928
f 10407 9928 6047
f 10407 6047 3241
f 10407 3241 8754
f 10407 8754 2122
f 10407 2122 12000
f 10407 12000 3906
f 10407 3906 6497
f 10407 6497 10083
f 10407 10083 6477
f 10407 6477 11396
f 10407 11396 6274
f 10407 6274 12504
f 10407 12504 11336
f 10407 11336 3148
f 10407 3148 2691
f 10407 2691 1869
f 10407 1869 5194
f 10407 5194 7366
f 10407 7366 2394
f 10407 2394 10047
f 10407 10047 11387
f 10407 11387 617
f 10407 617 11309
f 10407 11309 11687
f 10407 11687 1068
f 10407 1068 1182
f 10407 1182 6484
f 10407 6484 4051
f 10407 4051 5197
f 10407 5197 5945
f 10407 5945 673
f 10407 673 8525
f 10407 8525 2443
f 10407 2443 5387
f 10407 5387 2955
f 10407 2955 12597
f 10407 12597 1592
f 10407 1592 3167
f 10407 3167 4735
f 10407 4735 478
f 10407 478 2613
f 10407 2613 6858
f 10407 6858 3904
f 10407 3904 7933
f 10407 7933 10422
f 10407 10422 11647
f 10407 11647 4634
f 10407 4634 5244
f 10407 5244 8325
f 10407 8325 12028
f 10407 12028 20
f 10407 20 4709
f 10407 4709 2930
f 10407 2930 12325
f 10407 12325 3770
f 10407 3770 11332
f 10407 11332 4653
f 10407 4653 840
f 10407 840 7010
f 10407 7010 4657
f 10407 4657 1497
f 10407 1497 10609
f 10407 10609 2242
f 10407 2242 4791
f 10407 4791 5727
f 10407 5727 12301
f 10407 12301 6635
f 10407 6635 4058
f 10407 4058 11277
f 10407 11277 1427
f 10407 1427 9055
f 10407 9055 5133
f 10407 5133 663
f 10407 663 12337
f 10407 12337 5707
f 10407 5707 7341
f 10407 7341 7686
f 10407 7686 6872
f 10407 6872 9940
f 10407 9940 5353
f 10407 5353 5669
f 10407 5669 11770
f 10407 11770 10006
f 10407 10006 6243
f 10407 6243 8288
f 10407 8288 4730
f 10407 4730 5714
f 10407 5714 1298
f 10407 1298 12267
f 10407 12267 11007
f 10407 11007 1882
f 10407 1882 3060
f 10407 3060 5926
f 10407 5926 10889
f 10407 10889 9475
f 10407 9475 5653
f 10407 5653 12665
f 10407 12665 12069
f 10407 12069 2412
f 10407 2412 3257
f 10407 3257 799
f 10407 799 10349
f 10407 10349 5908
f 10407 5908 3610
f 10407 3610 426
f 10407 426 1105
f 10407 1105 1281
f 10407 1281 1312
f 10407 1312 903
f 10407 903 11518
f 10407 11518 5640
f 10407 5640 6361
f 10407 6361 6402
f 10407 6402 6879
f 10407 6879 3022
f 10407 3022 5120
f 10407 5120 4927
f 10407 4927 1336
f 10407 1336 10621
f 10407 10621 6412
f 10407 6412 11124
f 10407 11124 4534
f 10407 4534 10585
f 10407 10585 11213
f 10407 11213 7105
f 10407 7105 4047
f 10407 4047 11469
f 10407 11469 1271
f 10407 1271 7740
f 10407 7740 3653
f 10407 3653 7876
f 10407 7876 11145
f 10407 11145 10111
f 10407 10111 172
f 10407 172 7858
f 10407 7858 1171
f 10407 1171 5741
f 10407 5741 11359
f 10407 11359 3635
f 10407 3635 2035
f 10407 2035 7670
f 10407 7670 3234
f 10407 3234 7494
f 10407 7494 11368
f 10407 11368 9228
f 10407 9228 9603
f 10407 9603 1650
f 10407 1650 10832
f 10407 10832 7198
f 10407 7198 631
f 10407 631 6714
f 10407 6714 183
f 10407 183 10353
f 10407 10353 3886
f 10407 3886 2739
f 10407 2739 3996
f 10407 3996 2945
f 10407 2945 9911
f 10407 9911 12353
f 10407 12353 12122
f 10407 12122 867
f 10407 867 3433
f 10407 3433 5583
f 10407 5583 11462
f 10407 11462 3164
f 10407 3164 7243
f 10407 7243 9224
f 10407 9224 9230
f 10407 9230 1813
f 10407 1813 8614
f 10407 8614 12783
f 10407 12783 6064
f 10407 6064 746
f 10407 746 3292
f 10407 3292 3756
f 10407 3756 5670
f 10407 5670 7807
f 10407 7807 11864
f 10407 11864 5819
f 10407 5819 8536
f 10407 8536 1580
f 10407 1580 2611
f 10407 2611 8151
f 10407 8151 3974
f 10407 3974 6857
f 10407 6857 7650
f 10407 7650 7487
f 10407 7487 12761
f 10407 12761 7353
f 10407 7353 1637
f 10407 1637 10122
f 10407 10122 2534
f 10407 2534 35
f 10407 35 66
f 10407 66 1891
f 10407 1891 11112
f 10407 11112 11151
f 10407 11151 9355
f 10407 9355 8127
f 10407 8127 9691
f 10407 9691 5473
f 10407 5473 5972
f 10407 5972 3521
f 10407 3521 2577
f 10407 2577 84
f 10407 84 1829
f 10407 1829 12405
f 10407 12405 692
f 10407 692 8474
f 10407 8474 9364
f 10407 9364 5536
f 10407 5536 5321
f 10407 5321 223
f 10407 223 5373
f 10407 5373 2868
f 10407 2868 3276
f 10407 3276 10340
f 10407 10340 10528
f 10407 10528 2906
f 10407 2906 12799
f 10407 12799 6637
f 10407 6637 1307
f 10407 1307 2735
f 10407 2735 9004
f 10407 9004 9847
f 10407 9847 6032
f 10407 6032 2921
f 10407 2921 2119
f 10407 2119 818
f 10407 818 9253
f 10407 9253 11187
f 10407 11187 1599
f 10407 1599 1313
f 10407 1313 8319
f 10407 8319 12351
f 10407 12351 7722
f 10407 7722 6881
f 10407 6881 1749
f 10407 1749 10894
f 10407 10894 1678
f 10407 1678 6877
f 10407 6877 12834
f 10407 12834 3496
f 10407 3496 3802
f 10407 3802 12575
f 10407 12575 2075
f 10407 2075 12755
f 10407 12755 12465
f 10407 12465 6617
f 10407 6617 7864
f 10407 7864 5431
f 10407 5431 12238
f 10407 12238 1692
f 10407 1692 5334
f 10407 5334 8844
f 10407 8844 9040
f 10407 9040 373
f 10407 373 9109
f 10407 9109 11930
f 10407 11930 632
f 10407 632 4055
f 10407 4055 2709
f 10407 2709 10211
f 10407 10211 11253
f 10407 11253 4050
f 10407 4050 10754
f 10407 10754 5291
f 10407 5291 2777
f 10407 2777 8902
f 10407 8902 11131
f 10407 11131 6555
f 10407 6555 5401
f 10407 5401 7250
f 10407 7250 3982
f 10407 3982 4598
f 10407 4598 11166
f 10407 11166 7231
f 10407 7231 11349
f 10407 11349 7671
f 10407 7671 5272
f 10407 5272 10794
f 10407 10794 100
f 10407 100 1023
f 10407 1023 2883
f 10407 2883 789
f 10407 789 10625
f 10407 10625 11752
f 10407 11752 9657
f 10407 9657 11891
f 10407 11891 4576
f 10407 4576 10197
f 10407 10197 1710
f 10407 1710 9531
f 10407 9531 10221
f 10407 10221 10258
f 10407 10258 4624
f 10407 4624 3429
f 10407 3429 3259
f 10407 3259 11480
f 10407 11480 7437
f 10407 7437 2323
f 10407 2323 4193
f 10407 4193 4403
f 10407 4403 11215
f 10407 11215 1405
f 10407 1405 8218
f 10407 8218 288
f 10407 288 910
f 10407 910 10417
f 10407 10417 1456
f 10407 1456 11270
f 10407 11270 2047
f 10407 2047 10080
f 10407 10080 1613
f 10407 1613 12862
f 10407 12862 4798
f 10407 4798 4705
f 10407 4705 904
f 10407 904 11812
f 10407 11812 8910
f 10407 8910 2877
f 10407 2877 3876
f 10407 3876 3434
f 10407 3434 11427
f 10407 11427 12826
f 10407 12826 3704
f 10407 3704 11546
f 10407 11546 5688
f 10407 5688 3017
f 10407 3017 10271
f 10407 10271 5875
f 10407 5875 11727
f 10407 11727 8762
f 10407 8762 7987
f 10407 7987 11470
f 10407 11470 11640
f 10407 11640 3256
f 10407 3256 3850
f 10407 3850 11184
f 10407 11184 12255
f 10407 12255 2091
f 10407 2091 5718
f 10407 5718 8477
f 10407 8477 7711
f 10407 7711 4137
f 10407 4137 6968
f 10407 6968 6470
f 10407 6470 6944
f 10407 6944 2464
f 10407 2464 12753
f 10407 12753 1149
f 10407 1149 11269
f 10407 11269 8891
f 10407 8891 1524
f 10407 1524 379
f 10407 379 2527
f 10407 2527 481
f 10407 481 5506
f 10407 5506 4418
f 10407 4418 7279
f 10407 7279 3222
f 10407 3222 5634
f 10407 5634 11064
f 10407 11064 4317
f 10407 4317 10125
f 10407 10125 4186
f 10407 4186 11876
f 10407 11876 564
f 10407 564 630
f 10407 630 12467
f 10407 12467 1335
f 10407 1335 7931
f 10407 7931 5990
f 10407 5990 5249
f 10407 5249 1816
f 10407 1816 12527
f 10407 12527 9312
f 10407 9312 11039
f 10407 11039 4320
f 10407 4320 7562
f 10407 7562 8284
f 10407 8284 552
f 10407 552 7530
f 10407 7530 4650
f 10407 4650 10731
f 10407 10731 4223
f 10407 4223 10647
f 10407 10647 5873
f 10407 5873 12154
f 10407 12154 5790
f 10407 5790 933
f 10407 933 10255
f 10407 10255 8432
f 10407 8432 5973
f 10407 5973 11016
f 10407 11016 2833
f 10407 2833 3761
f 10407 3761 5332
f 10407 5332 1709
f 10407 1709 7240
f 10407 7240 12466
f 10407 12466 6249
f 10407 6249 7684
f 10407 7684 7483
f 10407 7483 5768
f 10407 5768 5736
f 10407 5736 221
f 10407 221 3583
f 10407 3583 8529
f 10407 8529 6308
f 10407 6308 5164
f 10407 5164 3739
f 10407 3739 5459
f 10407 5459 6985
f 10407 6985 5305
f 10407 5305 9480
f 10407 9480 3983
f 10407 3983 4035
f 10407 4035 2780
f 10407 2780 377
f 10407 377 2126
f 10407 2126 6355
f 10407 6355 5432
f 10407 5432 4421
f 10407 4421 8933
f 10407 8933 7714
f 10407 7714 11059
f 10407 11059 4517
f 10407 4517 6583
f 10407 6583 490
f 10407 490 3267
f 10407 3267 1963
f 10407 1963 2785
f 10407 2785 1318
f 10407 1318 6516
f 10407 6516 5453
f 10407 5453 9045
f 10407 9045 8148
f 10407 8148 6406
f 10407 6406 4565
f 10407 4565 1968
f 10407 1968 8991
f 10407 8991 7557
f 10407 7557 7470
f 10407 7470 11579
f 10407 11579 6851
f 10407 6851 12798
f 10407 12798 7041
f 10407 7041 10028
f 10407 10028 9415
f 10407 9415 3921
f 10407 3921 9096
f 10407 9096 1885
f 10407 1885 6865
f 10407 6865 1784
f 10407 1784 2275
f 10407 2275 4061
f 10407 4061 1659
f 10407 1659 5635
f 10407 5635 8365
f 10407 8365 10809
f 10407 10809 8936
f 10407 8936 10314
f 10407 10314 12833
f 10407 12833 8812
f 10407 8812 8480
f 10407 8480 9943
f 10407 9943 3835
f 10407 3835 10359
f 10407 10359 5551
f 10407 5551 10521
f 10407 10521 10266
f 10407 10266 7373
f 10407 7373 6778
f 10407 6778 723
f 10407 723 11280
f 10407 11280 5138
f 10407 5138 3051
f 10407 3051 3736
f 10407 3736 10864
f 10407 10864 7570
f 10407 7570 3710
f 10407 3710 642
f 10407 642 3629
f 10407 3629 9500
f 10407 9500 2537
f 10407 2537 5974
f 10407 5974 1009
f 10407 1009 5383
f 10407 5383 3128
f 10407 3128 765
f 10407 765 629
f 10407 629 12457
f 10407 12457 11603
f 10407 11603 6634
f 10407 6634 3878
f 10407 3878 8798
f 10407 8798 6111
f 10407 6111 9787
f 10407 9787 11423
f 10407 11423 156
f 10407 156 2354
f 10407 2354 7782
f 10407 7782 398
f 10407 398 3859
f 10407 3859 9446
f 10407 9446 10466
f 10407 10466 2731
f 10407 2731 131
f 10407 131 6397
f 10407 6397 11324
f 10407 11324 1478
f 10407 1478 11278
f 10407 11278 1733
f 10407 1733 1184
f 10407 1184 4856
f 10407 4856 4905
f 10407 4905 12262
f 10407 12262 7344
f 10407 7344 1739
f 10407 1739 5946
f 10407 5946 6217
f 10407 6217 5146
f 10407 5146 1503
f 10407 1503 11854
f 10407 11854 9456
f 10407 9456 4197
f 10407 4197 111
f 10407 111 3663
f 10407 3663 1282
f 10407 1282 3108
f 10407 3108 1193
f 10407 1193 8075
f 10407 8075 5511
f 10407 5511 5058
f 10407 5058 8600
f 10407 8600 3491
f 10407 3491 10943
f 10407 10943 7635
f 10407 7635 6830
f 10407 6830 11562
f 10407 11562 10312
f 10407 10312 3098
f 10407 3098 7577
f 10407 7577 3025
f 10407 3025 6150
f 10407 6150 6891
f 10407 6891 782
f 10407 782 6906
f 10407 6906 1762
f 10407 1762 12641
f 10407 12641 1872
f 10407 1872 4916
f 10407 4916 7915
f 10407 7915 7304
f 10407 7304 7567
f 10407 7567 2766
f 10407 2766 1339
f 10407 1339 194
f 10407 194 5793
f 10407 5793 6832
f 10407 6832 10710
f 10407 10710 12463
f 10407 12463 4005
f 10407 4005 10160
f 10407 10160 10675
f 10407 10675 10840
f 10407 10840 2206
f 10407 2206 9291
f 10407 9291 10667
f 10407 10667 11373
f 10407 11373 10289
f 10407 10289 4706
f 10407 4706 879
f 10407 879 9240
f 10407 9240 154
f 10407 154 6791
f 10407 6791 10650
f 10407 10650 12171
f 10407 12171 4895
f 10407 4895 526
f 10407 526 2549
f 10407 2549 11252
f 10407 11252 6256
f 10407 6256 777
f 10407 777 12675
f 10407 12675 1632
f 10407 1632 2313
f 10407 2313 4979
f 10407 4979 4217
f 10407 4217 3271
f 10407 3271 2540
f 10407 2540 5900
f 10407 5900 7380
f 10407 7380 12086
f 10407 12086 1792
f 10407 1792 12468
f 10407 12468 1518
f 10407 1518 6980
f 10407 6980 8055
f 10407 8055 7340
f 10407 7340 902
f 10407 902 8501
f 10407 8501 750
f 10407 750 4495
f 10407 4495 703
f 10407 703 9247
f 10407 9247 11360
f 10407 11360 4990
f 10407 4990 6114
f 10407 6114 8843
f 10407 8843 4329
f 10407 4329 906
f 10407 906 1680
f 10407 1680 9014
f 10407 9014 11596
f 10407 11596 507
f 10407 507 9629
f 10407 9629 132
f 10407 132 1303
f 10407 1303 9633
f 10407 9633 12102
f 10407 12102 11167
f 10407 11167 7690
f 10407 7690 6547
f 10407 6547 4546
f 10407 4546 8464
f 10407 8464 2749
f 10407 2749 11818
f 10407 11818 11690
f 10407 11690 6038
f 10407 6038 4777
f 10407 4777 10815
f 10407 10815 1724
f 10407 1724 1208
f 10407 1208 6962
f 10407 6962 6214
f 10407 6214 5812
f 10407 5812 8211
f 10407 8211 3482
f 10407 3482 12072
f 10407 12072 10020
f 10407 10020 7135
f 10407 7135 9496
f 10407 9496 9071
f 10407 9071 11992
f 10407 11992 10819
f 10407 10819 1797
f 10407 1797 212
f 10407 212 9788
f 10407 9788 4346
f 10407 4346 7535
f 10407 7535 5349
f 10407 5349 6630
f 10407 6630 3895
f 10407 3895 7678
f 10407 7678 12401
f 10407 12401 12909
f 10407 12909 10796
f 10407 10796 6972
f 10407 6972 61
f 10407 61 1881
f 10407 1881 3931
f 10407 3931 13
f 10407 13 6257
f 10407 6257 10354
f 10407 10354 7355
f 10407 7355 3748
f 10407 3748 3857
f 10407 3857 10138
f 10407 10138 615
f 10407 615 6124
f 10407 6124 11831
f 10407 11831 5623
f 10407 5623 8585
f 10407 8585 8561
f 10407 8561 3890
f 10407 3890 5575
f 10407 5575 5017
f 10407 5017 12044
f 10407 12044 3379
f 10407 3379 1064
f 10407 1064 5763
f 10407 5763 3200
f 10407 3200 5042
f 126 10423 6159
f 1532 12116 9933
f 10014 10407 5042
f 8032 126 6159
f 8032 6159 1532
f 8032 1532 9933
f 9933 10014 5042
f 9933 5042 8032

