ISO-10303-21;
HEADER;
FILE_DESCRIPTION(('FreeCAD Model'),'2;1');
FILE_NAME('Open CASCADE Shape Model','2026-10-06T14:31:26',('FreeCAD'),(
    'FreeCAD'),'Open CASCADE STEP processor 7.8','FreeCAD','Unknown');
FILE_SCHEMA(('AUTOMOTIVE_DESIGN { 1 0 10303 214 1 1 1 1 }'));
ENDSEC;
DATA;
#1 = APPLICATION_PROTOCOL_DEFINITION('international standard',
  'automotive_design',2000,#2);
#2 = APPLICATION_CONTEXT(
  'core data for automotive mechanical design processes');
#3 = SHAPE_DEFINITION_REPRESENTATION(#4,#10);
#4 = PRODUCT_DEFINITION_SHAPE('','',#5);
#5 = PRODUCT_DEFINITION('design','',#6,#9);
#6 = PRODUCT_DEFINITION_FORMATION('','',#7);
#7 = PRODUCT('Open CASCADE STEP translator 7.8 4',
  'Open CASCADE STEP translator 7.8 4','',(#8));
#8 = PRODUCT_CONTEXT('',#2,'mechanical');
#9 = PRODUCT_DEFINITION_CONTEXT('part definition',#2,'design');
#10 = SHAPE_REPRESENTATION('',(#11,#15,#2285),#7564);
#11 = AXIS2_PLACEMENT_3D('',#12,#13,#14);
#12 = CARTESIAN_POINT('',(0.,0.,0.));
#13 = DIRECTION('',(0.,0.,1.));
#14 = DIRECTION('',(1.,0.,-0.));
#15 = MANIFOLD_SOLID_BREP('',#16);
#16 = CLOSED_SHELL('',(#17,#50,#75,#84,#104,#129,#149,#237,#301,#326,
    #344,#383,#407,#432,#464,#481,#650,#683,#709,#794,#819,#893,#927,
    #945,#956,#967,#1000,#1092,#1117,#1157,#1175,#1193,#1208,#1240,#1257
    ,#1274,#1286,#1297,#1320,#1353,#1376,#1409,#1432,#1465,#1488,#1504,
    #1535,#1568,#1599,#1615,#1631,#1655,#1671,#1687,#1718,#1734,#1750,
    #1766,#1790,#1801,#1824,#1835,#1858,#1925,#1941,#1957,#1981,#2005,
    #2016,#2040,#2064,#2075,#2099,#2115,#2131,#2154,#2177,#2188,#2199,
    #2220,#2231,#2252,#2263,#2274));
#17 = ADVANCED_FACE('',(#18),#45,.T.);
#18 = FACE_BOUND('',#19,.T.);
#19 = EDGE_LOOP('',(#20,#29,#37,#44));
#20 = ORIENTED_EDGE('',*,*,#21,.F.);
#21 = EDGE_CURVE('',#22,#22,#24,.T.);
#22 = VERTEX_POINT('',#23);
#23 = CARTESIAN_POINT('',(18.,-4.40872847693E-15,2.5));
#24 = CIRCLE('',#25,18.);
#25 = AXIS2_PLACEMENT_3D('',#26,#27,#28);
#26 = CARTESIAN_POINT('',(0.,0.,2.5));
#27 = DIRECTION('',(0.,0.,1.));
#28 = DIRECTION('',(1.,0.,-0.));
#29 = ORIENTED_EDGE('',*,*,#30,.F.);
#30 = EDGE_CURVE('',#31,#22,#33,.T.);
#31 = VERTEX_POINT('',#32);
#32 = CARTESIAN_POINT('',(18.,-4.40872847693E-15,0.));
#33 = LINE('',#34,#35);
#34 = CARTESIAN_POINT('',(18.,-4.40872847693E-15,0.));
#35 = VECTOR('',#36,1.);
#36 = DIRECTION('',(0.,0.,1.));
#37 = ORIENTED_EDGE('',*,*,#38,.T.);
#38 = EDGE_CURVE('',#31,#31,#39,.T.);
#39 = CIRCLE('',#40,18.);
#40 = AXIS2_PLACEMENT_3D('',#41,#42,#43);
#41 = CARTESIAN_POINT('',(0.,0.,0.));
#42 = DIRECTION('',(0.,0.,1.));
#43 = DIRECTION('',(1.,0.,-0.));
#44 = ORIENTED_EDGE('',*,*,#30,.T.);
#45 = CYLINDRICAL_SURFACE('',#46,18.);
#46 = AXIS2_PLACEMENT_3D('',#47,#48,#49);
#47 = CARTESIAN_POINT('',(0.,0.,0.));
#48 = DIRECTION('',(0.,0.,1.));
#49 = DIRECTION('',(1.,0.,-0.));
#50 = ADVANCED_FACE('',(#51),#70,.T.);
#51 = FACE_BOUND('',#52,.T.);
#52 = EDGE_LOOP('',(#53,#62,#68,#69));
#53 = ORIENTED_EDGE('',*,*,#54,.F.);
#54 = EDGE_CURVE('',#55,#55,#57,.T.);
#55 = VERTEX_POINT('',#56);
#56 = CARTESIAN_POINT('',(10.,-2.449293598295E-15,4.));
#57 = CIRCLE('',#58,10.);
#58 = AXIS2_PLACEMENT_3D('',#59,#60,#61);
#59 = CARTESIAN_POINT('',(0.,0.,4.));
#60 = DIRECTION('',(0.,0.,1.));
#61 = DIRECTION('',(1.,0.,-0.));
#62 = ORIENTED_EDGE('',*,*,#63,.F.);
#63 = EDGE_CURVE('',#22,#55,#64,.T.);
#64 = LINE('',#65,#66);
#65 = CARTESIAN_POINT('',(18.,-4.40872847693E-15,2.5));
#66 = VECTOR('',#67,1.);
#67 = DIRECTION('',(-0.982872186934,2.4073425554E-16,0.18428853505));
#68 = ORIENTED_EDGE('',*,*,#21,.T.);
#69 = ORIENTED_EDGE('',*,*,#63,.T.);
#70 = CONICAL_SURFACE('',#71,18.,1.385448376799);
#71 = AXIS2_PLACEMENT_3D('',#72,#73,#74);
#72 = CARTESIAN_POINT('',(0.,0.,2.5));
#73 = DIRECTION('',(-0.,-0.,-1.));
#74 = DIRECTION('',(1.,0.,-0.));
#75 = ADVANCED_FACE('',(#76),#79,.F.);
#76 = FACE_BOUND('',#77,.T.);
#77 = EDGE_LOOP('',(#78));
#78 = ORIENTED_EDGE('',*,*,#38,.F.);
#79 = PLANE('',#80);
#80 = AXIS2_PLACEMENT_3D('',#81,#82,#83);
#81 = CARTESIAN_POINT('',(0.,0.,0.));
#82 = DIRECTION('',(0.,0.,1.));
#83 = DIRECTION('',(1.,0.,-0.));
#84 = ADVANCED_FACE('',(#85,#88),#99,.T.);
#85 = FACE_BOUND('',#86,.T.);
#86 = EDGE_LOOP('',(#87));
#87 = ORIENTED_EDGE('',*,*,#54,.T.);
#88 = FACE_BOUND('',#89,.T.);
#89 = EDGE_LOOP('',(#90));
#90 = ORIENTED_EDGE('',*,*,#91,.F.);
#91 = EDGE_CURVE('',#92,#92,#94,.T.);
#92 = VERTEX_POINT('',#93);
#93 = CARTESIAN_POINT('',(2.8,-6.858022075225E-16,4.));
#94 = CIRCLE('',#95,2.8);
#95 = AXIS2_PLACEMENT_3D('',#96,#97,#98);
#96 = CARTESIAN_POINT('',(0.,0.,4.));
#97 = DIRECTION('',(0.,0.,1.));
#98 = DIRECTION('',(1.,0.,-0.));
#99 = PLANE('',#100);
#100 = AXIS2_PLACEMENT_3D('',#101,#102,#103);
#101 = CARTESIAN_POINT('',(0.,0.,4.));
#102 = DIRECTION('',(0.,0.,1.));
#103 = DIRECTION('',(1.,0.,-0.));
#104 = ADVANCED_FACE('',(#105),#124,.T.);
#105 = FACE_BOUND('',#106,.T.);
#106 = EDGE_LOOP('',(#107,#116,#122,#123));
#107 = ORIENTED_EDGE('',*,*,#108,.F.);
#108 = EDGE_CURVE('',#109,#109,#111,.T.);
#109 = VERTEX_POINT('',#110);
#110 = CARTESIAN_POINT('',(2.8,-6.858022075225E-16,41.5));
#111 = CIRCLE('',#112,2.8);
#112 = AXIS2_PLACEMENT_3D('',#113,#114,#115);
#113 = CARTESIAN_POINT('',(0.,0.,41.5));
#114 = DIRECTION('',(0.,0.,1.));
#115 = DIRECTION('',(1.,0.,-0.));
#116 = ORIENTED_EDGE('',*,*,#117,.F.);
#117 = EDGE_CURVE('',#92,#109,#118,.T.);
#118 = LINE('',#119,#120);
#119 = CARTESIAN_POINT('',(2.8,-6.858022075225E-16,3.5));
#120 = VECTOR('',#121,1.);
#121 = DIRECTION('',(0.,0.,1.));
#122 = ORIENTED_EDGE('',*,*,#91,.T.);
#123 = ORIENTED_EDGE('',*,*,#117,.T.);
#124 = CYLINDRICAL_SURFACE('',#125,2.8);
#125 = AXIS2_PLACEMENT_3D('',#126,#127,#128);
#126 = CARTESIAN_POINT('',(0.,0.,3.5));
#127 = DIRECTION('',(0.,0.,1.));
#128 = DIRECTION('',(1.,0.,-0.));
#129 = ADVANCED_FACE('',(#130,#141),#144,.F.);
#130 = FACE_BOUND('',#131,.F.);
#131 = EDGE_LOOP('',(#132));
#132 = ORIENTED_EDGE('',*,*,#133,.T.);
#133 = EDGE_CURVE('',#134,#134,#136,.T.);
#134 = VERTEX_POINT('',#135);
#135 = CARTESIAN_POINT('',(4.2,-1.028703311284E-15,41.5));
#136 = CIRCLE('',#137,4.2);
#137 = AXIS2_PLACEMENT_3D('',#138,#139,#140);
#138 = CARTESIAN_POINT('',(0.,0.,41.5));
#139 = DIRECTION('',(0.,0.,1.));
#140 = DIRECTION('',(1.,0.,-0.));
#141 = FACE_BOUND('',#142,.F.);
#142 = EDGE_LOOP('',(#143));
#143 = ORIENTED_EDGE('',*,*,#108,.F.);
#144 = PLANE('',#145);
#145 = AXIS2_PLACEMENT_3D('',#146,#147,#148);
#146 = CARTESIAN_POINT('',(0.,0.,41.5));
#147 = DIRECTION('',(0.,0.,1.));
#148 = DIRECTION('',(1.,0.,-0.));
#149 = ADVANCED_FACE('',(#150),#232,.T.);
#150 = FACE_BOUND('',#151,.T.);
#151 = EDGE_LOOP('',(#152,#163,#169,#170,#171,#180,#207));
#152 = ORIENTED_EDGE('',*,*,#153,.F.);
#153 = EDGE_CURVE('',#154,#156,#158,.T.);
#154 = VERTEX_POINT('',#155);
#155 = CARTESIAN_POINT('',(4.2,-1.028703311284E-15,44.5));
#156 = VERTEX_POINT('',#157);
#157 = CARTESIAN_POINT('',(-0.99498743667,-4.080441152838,
    44.500000000086));
#158 = CIRCLE('',#159,4.2);
#159 = AXIS2_PLACEMENT_3D('',#160,#161,#162);
#160 = CARTESIAN_POINT('',(0.,0.,44.5));
#161 = DIRECTION('',(0.,0.,1.));
#162 = DIRECTION('',(1.,0.,-0.));
#163 = ORIENTED_EDGE('',*,*,#164,.F.);
#164 = EDGE_CURVE('',#134,#154,#165,.T.);
#165 = LINE('',#166,#167);
#166 = CARTESIAN_POINT('',(4.2,-1.028703311284E-15,41.5));
#167 = VECTOR('',#168,1.);
#168 = DIRECTION('',(0.,0.,1.));
#169 = ORIENTED_EDGE('',*,*,#133,.T.);
#170 = ORIENTED_EDGE('',*,*,#164,.T.);
#171 = ORIENTED_EDGE('',*,*,#172,.F.);
#172 = EDGE_CURVE('',#173,#154,#175,.T.);
#173 = VERTEX_POINT('',#174);
#174 = CARTESIAN_POINT('',(0.994987436798,-4.080441152776,
    44.500000000061));
#175 = CIRCLE('',#176,4.2);
#176 = AXIS2_PLACEMENT_3D('',#177,#178,#179);
#177 = CARTESIAN_POINT('',(0.,0.,44.5));
#178 = DIRECTION('',(0.,0.,1.));
#179 = DIRECTION('',(1.,0.,-0.));
#180 = ORIENTED_EDGE('',*,*,#181,.F.);
#181 = EDGE_CURVE('',#182,#173,#184,.T.);
#182 = VERTEX_POINT('',#183);
#183 = CARTESIAN_POINT('',(-4.40872847693E-16,-4.2,44.2));
#184 = B_SPLINE_CURVE_WITH_KNOTS('',6,(#185,#186,#187,#188,#189,#190,
    #191,#192,#193,#194,#195,#196,#197,#198,#199,#200,#201,#202,#203,
    #204,#205,#206),.UNSPECIFIED.,.F.,.F.,(7,5,5,5,7),(0.,0.331209585667
    ,0.477596513218,0.941726804584,1.),.UNSPECIFIED.);
#185 = CARTESIAN_POINT('',(-6.062001655779E-16,-4.2,44.2));
#186 = CARTESIAN_POINT('',(0.147484087796,-4.2,44.2));
#187 = CARTESIAN_POINT('',(0.293817166462,-4.193785226368,
    44.214501077446));
#188 = CARTESIAN_POINT('',(0.436593460555,-4.181537857407,
    44.243078592523));
#189 = CARTESIAN_POINT('',(0.573492401234,-4.164043224115,
    44.284613714168));
#190 = CARTESIAN_POINT('',(0.70243762715,-4.142630749011,44.337299632398
    ));
#191 = CARTESIAN_POINT('',(0.874518333697,-4.108297744484,
    44.425601024692));
#192 = CARTESIAN_POINT('',(0.925560676212,-4.097271165603,
    44.454426277227));
#193 = CARTESIAN_POINT('',(0.974874826895,-4.085838908399,
    44.484879867636));
#194 = CARTESIAN_POINT('',(1.022441257896,-4.074096090384,44.51683656062
    ));
#195 = CARTESIAN_POINT('',(1.068246937422,-4.06213417953,44.550177327846
    ));
#196 = CARTESIAN_POINT('',(1.251910228588,-4.011693713145,
    44.694527452745));
#197 = CARTESIAN_POINT('',(1.373895370545,-3.971979972992,
    44.817142844492));
#198 = CARTESIAN_POINT('',(1.478489419163,-3.933510558475,
    44.949497230419));
#199 = CARTESIAN_POINT('',(1.566157634628,-3.89837869726,45.089375783446
    ));
#200 = CARTESIAN_POINT('',(1.637277044042,-3.868189203459,
    45.235177548803));
#201 = CARTESIAN_POINT('',(1.698776998017,-3.841121306358,
    45.404549979871));
#202 = CARTESIAN_POINT('',(1.705376059708,-3.838199331902,
    45.423513123158));
#203 = CARTESIAN_POINT('',(1.711714045807,-3.835377170103,
    45.442542991049));
#204 = CARTESIAN_POINT('',(1.717790999294,-3.832657104654,
    45.461636353992));
#205 = CARTESIAN_POINT('',(1.723606931094,-3.830041292416,
    45.480789973071));
#206 = CARTESIAN_POINT('',(1.729161820073,-3.827531763421,45.5000006));
#207 = ORIENTED_EDGE('',*,*,#208,.F.);
#208 = EDGE_CURVE('',#156,#182,#209,.T.);
#209 = B_SPLINE_CURVE_WITH_KNOTS('',6,(#210,#211,#212,#213,#214,#215,
    #216,#217,#218,#219,#220,#221,#222,#223,#224,#225,#226,#227,#228,
    #229,#230,#231),.UNSPECIFIED.,.F.,.F.,(7,5,5,5,7),(0.,
    5.73844739778E-02,0.519273022623,0.668848795563,1.),.UNSPECIFIED.);
#210 = CARTESIAN_POINT('',(-1.729161820073,-3.827531763421,45.5000006));
#211 = CARTESIAN_POINT('',(-1.723691564509,-3.830003057627,
    45.481082663164));
#212 = CARTESIAN_POINT('',(-1.717968160144,-3.832577420997,
    45.462220010672));
#213 = CARTESIAN_POINT('',(-1.711991626917,-3.835252915052,
    45.443415744304));
#214 = CARTESIAN_POINT('',(-1.705761954786,-3.838027481907,
    45.424672957149));
#215 = CARTESIAN_POINT('',(-1.699279103733,-3.840898944281,
    45.405994733605));
#216 = CARTESIAN_POINT('',(-1.638324027342,-3.867738879591,
    45.237587259355));
#217 = CARTESIAN_POINT('',(-1.567783508009,-3.897704124514,
    45.092409965243));
#218 = CARTESIAN_POINT('',(-1.480854521266,-3.932581978449,
    44.953080887589));
#219 = CARTESIAN_POINT('',(-1.377168853452,-3.97079433384,
    44.821175054557));
#220 = CARTESIAN_POINT('',(-1.256270383932,-4.010285298938,
    44.698866211796));
#221 = CARTESIAN_POINT('',(-1.073103124412,-4.060863252216,
    44.553722753889));
#222 = CARTESIAN_POINT('',(-1.02645139979,-4.073104746527,
    44.519535386619));
#223 = CARTESIAN_POINT('',(-0.977960958168,-4.085123428865,
    44.486785531372));
#224 = CARTESIAN_POINT('',(-0.927645103688,-4.096821986337,
    44.455599600339));
#225 = CARTESIAN_POINT('',(-0.875524159829,-4.10809908022,
    44.426110857688));
#226 = CARTESIAN_POINT('',(-0.702298936253,-4.142653950135,
    44.337242431523));
#227 = CARTESIAN_POINT('',(-0.57337874154,-4.164057392137,
    44.284580349583));
#228 = CARTESIAN_POINT('',(-0.436513949648,-4.181543835089,
    44.243064652963));
#229 = CARTESIAN_POINT('',(-0.293773212504,-4.193786492168,
    44.214498120385));
#230 = CARTESIAN_POINT('',(-0.147469051892,-4.2,44.2));
#231 = CARTESIAN_POINT('',(-6.661338147751E-16,-4.2,44.2));
#232 = CYLINDRICAL_SURFACE('',#233,4.2);
#233 = AXIS2_PLACEMENT_3D('',#234,#235,#236);
#234 = CARTESIAN_POINT('',(0.,0.,41.5));
#235 = DIRECTION('',(0.,0.,1.));
#236 = DIRECTION('',(1.,0.,-0.));
#237 = ADVANCED_FACE('',(#238),#296,.F.);
#238 = FACE_BOUND('',#239,.F.);
#239 = EDGE_LOOP('',(#240,#250,#258,#266,#272,#273,#274,#282,#290));
#240 = ORIENTED_EDGE('',*,*,#241,.F.);
#241 = EDGE_CURVE('',#242,#244,#246,.T.);
#242 = VERTEX_POINT('',#243);
#243 = CARTESIAN_POINT('',(-6.,8.,44.5));
#244 = VERTEX_POINT('',#245);
#245 = CARTESIAN_POINT('',(6.,8.,44.5));
#246 = LINE('',#247,#248);
#247 = CARTESIAN_POINT('',(-6.,8.,44.5));
#248 = VECTOR('',#249,1.);
#249 = DIRECTION('',(1.,0.,-0.));
#250 = ORIENTED_EDGE('',*,*,#251,.F.);
#251 = EDGE_CURVE('',#252,#242,#254,.T.);
#252 = VERTEX_POINT('',#253);
#253 = CARTESIAN_POINT('',(-6.,-8.,44.5));
#254 = LINE('',#255,#256);
#255 = CARTESIAN_POINT('',(-6.,-8.,44.5));
#256 = VECTOR('',#257,1.);
#257 = DIRECTION('',(-0.,1.,0.));
#258 = ORIENTED_EDGE('',*,*,#259,.T.);
#259 = EDGE_CURVE('',#252,#260,#262,.T.);
#260 = VERTEX_POINT('',#261);
#261 = CARTESIAN_POINT('',(-0.994987437107,-8.,44.5));
#262 = LINE('',#263,#264);
#263 = CARTESIAN_POINT('',(-6.,-8.,44.5));
#264 = VECTOR('',#265,1.);
#265 = DIRECTION('',(1.,0.,-0.));
#266 = ORIENTED_EDGE('',*,*,#267,.F.);
#267 = EDGE_CURVE('',#156,#260,#268,.T.);
#268 = LINE('',#269,#270);
#269 = CARTESIAN_POINT('',(-0.994987437107,0.,44.5));
#270 = VECTOR('',#271,1.);
#271 = DIRECTION('',(0.,-1.,0.));
#272 = ORIENTED_EDGE('',*,*,#153,.F.);
#273 = ORIENTED_EDGE('',*,*,#172,.F.);
#274 = ORIENTED_EDGE('',*,*,#275,.T.);
#275 = EDGE_CURVE('',#173,#276,#278,.T.);
#276 = VERTEX_POINT('',#277);
#277 = CARTESIAN_POINT('',(0.994987437107,-8.,44.5));
#278 = LINE('',#279,#280);
#279 = CARTESIAN_POINT('',(0.994987437107,0.,44.5));
#280 = VECTOR('',#281,1.);
#281 = DIRECTION('',(0.,-1.,0.));
#282 = ORIENTED_EDGE('',*,*,#283,.T.);
#283 = EDGE_CURVE('',#276,#284,#286,.T.);
#284 = VERTEX_POINT('',#285);
#285 = CARTESIAN_POINT('',(6.,-8.,44.5));
#286 = LINE('',#287,#288);
#287 = CARTESIAN_POINT('',(-6.,-8.,44.5));
#288 = VECTOR('',#289,1.);
#289 = DIRECTION('',(1.,0.,-0.));
#290 = ORIENTED_EDGE('',*,*,#291,.T.);
#291 = EDGE_CURVE('',#284,#244,#292,.T.);
#292 = LINE('',#293,#294);
#293 = CARTESIAN_POINT('',(6.,-8.,44.5));
#294 = VECTOR('',#295,1.);
#295 = DIRECTION('',(-0.,1.,0.));
#296 = PLANE('',#297);
#297 = AXIS2_PLACEMENT_3D('',#298,#299,#300);
#298 = CARTESIAN_POINT('',(-6.,-8.,44.5));
#299 = DIRECTION('',(0.,0.,1.));
#300 = DIRECTION('',(1.,0.,-0.));
#301 = ADVANCED_FACE('',(#302),#321,.T.);
#302 = FACE_BOUND('',#303,.T.);
#303 = EDGE_LOOP('',(#304,#312,#319,#320));
#304 = ORIENTED_EDGE('',*,*,#305,.T.);
#305 = EDGE_CURVE('',#182,#306,#308,.T.);
#306 = VERTEX_POINT('',#307);
#307 = CARTESIAN_POINT('',(-4.40872847693E-16,-8.,44.2));
#308 = LINE('',#309,#310);
#309 = CARTESIAN_POINT('',(-4.40872847693E-16,0.,44.2));
#310 = VECTOR('',#311,1.);
#311 = DIRECTION('',(0.,-1.,0.));
#312 = ORIENTED_EDGE('',*,*,#313,.F.);
#313 = EDGE_CURVE('',#260,#306,#314,.T.);
#314 = CIRCLE('',#315,1.8);
#315 = AXIS2_PLACEMENT_3D('',#316,#317,#318);
#316 = CARTESIAN_POINT('',(0.,-8.,46.));
#317 = DIRECTION('',(0.,-1.,0.));
#318 = DIRECTION('',(0.,-0.,-1.));
#319 = ORIENTED_EDGE('',*,*,#267,.F.);
#320 = ORIENTED_EDGE('',*,*,#208,.T.);
#321 = CYLINDRICAL_SURFACE('',#322,1.8);
#322 = AXIS2_PLACEMENT_3D('',#323,#324,#325);
#323 = CARTESIAN_POINT('',(0.,0.,46.));
#324 = DIRECTION('',(0.,-1.,0.));
#325 = DIRECTION('',(0.,-0.,-1.));
#326 = ADVANCED_FACE('',(#327),#339,.T.);
#327 = FACE_BOUND('',#328,.T.);
#328 = EDGE_LOOP('',(#329,#336,#337,#338));
#329 = ORIENTED_EDGE('',*,*,#330,.F.);
#330 = EDGE_CURVE('',#306,#276,#331,.T.);
#331 = CIRCLE('',#332,1.8);
#332 = AXIS2_PLACEMENT_3D('',#333,#334,#335);
#333 = CARTESIAN_POINT('',(0.,-8.,46.));
#334 = DIRECTION('',(0.,-1.,0.));
#335 = DIRECTION('',(0.,-0.,-1.));
#336 = ORIENTED_EDGE('',*,*,#305,.F.);
#337 = ORIENTED_EDGE('',*,*,#181,.T.);
#338 = ORIENTED_EDGE('',*,*,#275,.T.);
#339 = CYLINDRICAL_SURFACE('',#340,1.8);
#340 = AXIS2_PLACEMENT_3D('',#341,#342,#343);
#341 = CARTESIAN_POINT('',(0.,0.,46.));
#342 = DIRECTION('',(0.,-1.,0.));
#343 = DIRECTION('',(0.,-0.,-1.));
#344 = ADVANCED_FACE('',(#345),#378,.T.);
#345 = FACE_BOUND('',#346,.T.);
#346 = EDGE_LOOP('',(#347,#348,#356,#364,#372));
#347 = ORIENTED_EDGE('',*,*,#241,.F.);
#348 = ORIENTED_EDGE('',*,*,#349,.T.);
#349 = EDGE_CURVE('',#242,#350,#352,.T.);
#350 = VERTEX_POINT('',#351);
#351 = CARTESIAN_POINT('',(-6.,8.,47.5));
#352 = LINE('',#353,#354);
#353 = CARTESIAN_POINT('',(-6.,8.,44.5));
#354 = VECTOR('',#355,1.);
#355 = DIRECTION('',(0.,0.,1.));
#356 = ORIENTED_EDGE('',*,*,#357,.T.);
#357 = EDGE_CURVE('',#350,#358,#360,.T.);
#358 = VERTEX_POINT('',#359);
#359 = CARTESIAN_POINT('',(0.,8.,47.5));
#360 = LINE('',#361,#362);
#361 = CARTESIAN_POINT('',(-6.,8.,47.5));
#362 = VECTOR('',#363,1.);
#363 = DIRECTION('',(1.,0.,-0.));
#364 = ORIENTED_EDGE('',*,*,#365,.T.);
#365 = EDGE_CURVE('',#358,#366,#368,.T.);
#366 = VERTEX_POINT('',#367);
#367 = CARTESIAN_POINT('',(6.,8.,47.5));
#368 = LINE('',#369,#370);
#369 = CARTESIAN_POINT('',(-6.,8.,47.5));
#370 = VECTOR('',#371,1.);
#371 = DIRECTION('',(1.,0.,-0.));
#372 = ORIENTED_EDGE('',*,*,#373,.F.);
#373 = EDGE_CURVE('',#244,#366,#374,.T.);
#374 = LINE('',#375,#376);
#375 = CARTESIAN_POINT('',(6.,8.,44.5));
#376 = VECTOR('',#377,1.);
#377 = DIRECTION('',(0.,0.,1.));
#378 = PLANE('',#379);
#379 = AXIS2_PLACEMENT_3D('',#380,#381,#382);
#380 = CARTESIAN_POINT('',(-6.,8.,44.5));
#381 = DIRECTION('',(-0.,1.,0.));
#382 = DIRECTION('',(0.,0.,1.));
#383 = ADVANCED_FACE('',(#384),#402,.T.);
#384 = FACE_BOUND('',#385,.T.);
#385 = EDGE_LOOP('',(#386,#394,#395,#396));
#386 = ORIENTED_EDGE('',*,*,#387,.F.);
#387 = EDGE_CURVE('',#284,#388,#390,.T.);
#388 = VERTEX_POINT('',#389);
#389 = CARTESIAN_POINT('',(6.,-8.,47.5));
#390 = LINE('',#391,#392);
#391 = CARTESIAN_POINT('',(6.,-8.,44.5));
#392 = VECTOR('',#393,1.);
#393 = DIRECTION('',(0.,0.,1.));
#394 = ORIENTED_EDGE('',*,*,#291,.T.);
#395 = ORIENTED_EDGE('',*,*,#373,.T.);
#396 = ORIENTED_EDGE('',*,*,#397,.F.);
#397 = EDGE_CURVE('',#388,#366,#398,.T.);
#398 = LINE('',#399,#400);
#399 = CARTESIAN_POINT('',(6.,-8.,47.5));
#400 = VECTOR('',#401,1.);
#401 = DIRECTION('',(-0.,1.,0.));
#402 = PLANE('',#403);
#403 = AXIS2_PLACEMENT_3D('',#404,#405,#406);
#404 = CARTESIAN_POINT('',(6.,-8.,44.5));
#405 = DIRECTION('',(1.,0.,-0.));
#406 = DIRECTION('',(0.,0.,1.));
#407 = ADVANCED_FACE('',(#408),#427,.F.);
#408 = FACE_BOUND('',#409,.F.);
#409 = EDGE_LOOP('',(#410,#411,#420,#426));
#410 = ORIENTED_EDGE('',*,*,#283,.F.);
#411 = ORIENTED_EDGE('',*,*,#412,.T.);
#412 = EDGE_CURVE('',#276,#413,#415,.T.);
#413 = VERTEX_POINT('',#414);
#414 = CARTESIAN_POINT('',(0.994987437107,-8.,47.5));
#415 = CIRCLE('',#416,1.8);
#416 = AXIS2_PLACEMENT_3D('',#417,#418,#419);
#417 = CARTESIAN_POINT('',(0.,-8.,46.));
#418 = DIRECTION('',(0.,-1.,0.));
#419 = DIRECTION('',(0.,-0.,-1.));
#420 = ORIENTED_EDGE('',*,*,#421,.T.);
#421 = EDGE_CURVE('',#413,#388,#422,.T.);
#422 = LINE('',#423,#424);
#423 = CARTESIAN_POINT('',(-6.,-8.,47.5));
#424 = VECTOR('',#425,1.);
#425 = DIRECTION('',(1.,0.,-0.));
#426 = ORIENTED_EDGE('',*,*,#387,.F.);
#427 = PLANE('',#428);
#428 = AXIS2_PLACEMENT_3D('',#429,#430,#431);
#429 = CARTESIAN_POINT('',(-6.,-8.,44.5));
#430 = DIRECTION('',(-0.,1.,0.));
#431 = DIRECTION('',(0.,0.,1.));
#432 = ADVANCED_FACE('',(#433),#459,.F.);
#433 = FACE_BOUND('',#434,.F.);
#434 = EDGE_LOOP('',(#435,#436,#444,#452));
#435 = ORIENTED_EDGE('',*,*,#259,.F.);
#436 = ORIENTED_EDGE('',*,*,#437,.T.);
#437 = EDGE_CURVE('',#252,#438,#440,.T.);
#438 = VERTEX_POINT('',#439);
#439 = CARTESIAN_POINT('',(-6.,-8.,47.5));
#440 = LINE('',#441,#442);
#441 = CARTESIAN_POINT('',(-6.,-8.,44.5));
#442 = VECTOR('',#443,1.);
#443 = DIRECTION('',(0.,0.,1.));
#444 = ORIENTED_EDGE('',*,*,#445,.T.);
#445 = EDGE_CURVE('',#438,#446,#448,.T.);
#446 = VERTEX_POINT('',#447);
#447 = CARTESIAN_POINT('',(-0.994987437107,-8.,47.5));
#448 = LINE('',#449,#450);
#449 = CARTESIAN_POINT('',(-6.,-8.,47.5));
#450 = VECTOR('',#451,1.);
#451 = DIRECTION('',(1.,0.,-0.));
#452 = ORIENTED_EDGE('',*,*,#453,.T.);
#453 = EDGE_CURVE('',#446,#260,#454,.T.);
#454 = CIRCLE('',#455,1.8);
#455 = AXIS2_PLACEMENT_3D('',#456,#457,#458);
#456 = CARTESIAN_POINT('',(0.,-8.,46.));
#457 = DIRECTION('',(0.,-1.,0.));
#458 = DIRECTION('',(0.,-0.,-1.));
#459 = PLANE('',#460);
#460 = AXIS2_PLACEMENT_3D('',#461,#462,#463);
#461 = CARTESIAN_POINT('',(-6.,-8.,44.5));
#462 = DIRECTION('',(-0.,1.,0.));
#463 = DIRECTION('',(0.,0.,1.));
#464 = ADVANCED_FACE('',(#465),#476,.F.);
#465 = FACE_BOUND('',#466,.F.);
#466 = EDGE_LOOP('',(#467,#468,#469,#470));
#467 = ORIENTED_EDGE('',*,*,#437,.F.);
#468 = ORIENTED_EDGE('',*,*,#251,.T.);
#469 = ORIENTED_EDGE('',*,*,#349,.T.);
#470 = ORIENTED_EDGE('',*,*,#471,.F.);
#471 = EDGE_CURVE('',#438,#350,#472,.T.);
#472 = LINE('',#473,#474);
#473 = CARTESIAN_POINT('',(-6.,-8.,47.5));
#474 = VECTOR('',#475,1.);
#475 = DIRECTION('',(-0.,1.,0.));
#476 = PLANE('',#477);
#477 = AXIS2_PLACEMENT_3D('',#478,#479,#480);
#478 = CARTESIAN_POINT('',(-6.,-8.,44.5));
#479 = DIRECTION('',(1.,0.,-0.));
#480 = DIRECTION('',(0.,0.,1.));
#481 = ADVANCED_FACE('',(#482),#645,.T.);
#482 = FACE_BOUND('',#483,.T.);
#483 = EDGE_LOOP('',(#484,#514,#521,#522,#523,#532,#541,#548,#549,#550,
    #551,#560,#585));
#484 = ORIENTED_EDGE('',*,*,#485,.F.);
#485 = EDGE_CURVE('',#486,#488,#490,.T.);
#486 = VERTEX_POINT('',#487);
#487 = CARTESIAN_POINT('',(-0.978749813114,-8.,47.51064516129));
#488 = VERTEX_POINT('',#489);
#489 = CARTESIAN_POINT('',(-1.427658370008,-10.,47.522652461728));
#490 = B_SPLINE_CURVE_WITH_KNOTS('',8,(#491,#492,#493,#494,#495,#496,
    #497,#498,#499,#500,#501,#502,#503,#504,#505,#506,#507,#508,#509,
    #510,#511,#512,#513),.UNSPECIFIED.,.F.,.F.,(9,7,7,9),(0.,
    0.621203462361,0.911285816126,1.),.UNSPECIFIED.);
#491 = CARTESIAN_POINT('',(-0.978749813114,-8.,47.51064516129));
#492 = CARTESIAN_POINT('',(-0.978749813114,-8.158732265366,
    47.51064516129));
#493 = CARTESIAN_POINT('',(-0.988328047782,-8.31741269531,
    47.510853534881));
#494 = CARTESIAN_POINT('',(-1.007473113722,-8.475510725478,
    47.511270064238));
#495 = CARTESIAN_POINT('',(-1.03519063255,-8.632742232354,
    47.511884339007));
#496 = CARTESIAN_POINT('',(-1.069592368635,-8.78903231859,
    47.512679023414));
#497 = CARTESIAN_POINT('',(-1.109006943053,-8.944390004802,
    47.513633145016));
#498 = CARTESIAN_POINT('',(-1.151933787523,-9.098922579225,
    47.514723595084));
#499 = CARTESIAN_POINT('',(-1.218243847596,-9.324701914086,
    47.516488267488));
#500 = CARTESIAN_POINT('',(-1.239850923799,-9.396446609344,
    47.517074609745));
#501 = CARTESIAN_POINT('',(-1.261830889237,-9.468086363295,
    47.517683146331));
#502 = CARTESIAN_POINT('',(-1.284067895636,-9.539640761579,
    47.518311376831));
#503 = CARTESIAN_POINT('',(-1.306455609005,-9.611128272777,
    47.518956721179));
#504 = CARTESIAN_POINT('',(-1.328896338357,-9.682566446067,
    47.51961652659));
#505 = CARTESIAN_POINT('',(-1.351300164436,-9.753972108877,
    47.520288074499));
#506 = CARTESIAN_POINT('',(-1.380399024037,-9.847194182809,
    47.521176704794));
#507 = CARTESIAN_POINT('',(-1.387202726832,-9.869025193948,
    47.521385659719));
#508 = CARTESIAN_POINT('',(-1.39399279191,-9.890855028004,47.52159537244
    ));
#509 = CARTESIAN_POINT('',(-1.400766883985,-9.912684100829,
    47.521805762535));
#510 = CARTESIAN_POINT('',(-1.407522717408,-9.93451281408,
    47.522016748991));
#511 = CARTESIAN_POINT('',(-1.414258056167,-9.956341555216,
    47.522228250208));
#512 = CARTESIAN_POINT('',(-1.420970713885,-9.9781706975,47.522440183992
    ));
#513 = CARTESIAN_POINT('',(-1.427658553825,-10.0000006,47.522652467562)
  );
#514 = ORIENTED_EDGE('',*,*,#515,.T.);
#515 = EDGE_CURVE('',#486,#446,#516,.T.);
#516 = CIRCLE('',#517,1.8);
#517 = AXIS2_PLACEMENT_3D('',#518,#519,#520);
#518 = CARTESIAN_POINT('',(0.,-8.,46.));
#519 = DIRECTION('',(0.,-1.,0.));
#520 = DIRECTION('',(0.,-0.,-1.));
#521 = ORIENTED_EDGE('',*,*,#453,.T.);
#522 = ORIENTED_EDGE('',*,*,#313,.T.);
#523 = ORIENTED_EDGE('',*,*,#524,.F.);
#524 = EDGE_CURVE('',#525,#306,#527,.T.);
#525 = VERTEX_POINT('',#526);
#526 = CARTESIAN_POINT('',(-4.40872847693E-16,-15.8,52.));
#527 = CIRCLE('',#528,7.8);
#528 = AXIS2_PLACEMENT_3D('',#529,#530,#531);
#529 = CARTESIAN_POINT('',(-4.40872847693E-16,-8.,52.));
#530 = DIRECTION('',(1.,0.,0.));
#531 = DIRECTION('',(-0.,0.,1.));
#532 = ORIENTED_EDGE('',*,*,#533,.F.);
#533 = EDGE_CURVE('',#534,#525,#536,.T.);
#534 = VERTEX_POINT('',#535);
#535 = CARTESIAN_POINT('',(1.8,-14.,52.));
#536 = CIRCLE('',#537,1.8);
#537 = AXIS2_PLACEMENT_3D('',#538,#539,#540);
#538 = CARTESIAN_POINT('',(0.,-14.,52.));
#539 = DIRECTION('',(0.,0.,1.));
#540 = DIRECTION('',(0.,-1.,0.));
#541 = ORIENTED_EDGE('',*,*,#542,.F.);
#542 = EDGE_CURVE('',#525,#534,#543,.T.);
#543 = CIRCLE('',#544,1.8);
#544 = AXIS2_PLACEMENT_3D('',#545,#546,#547);
#545 = CARTESIAN_POINT('',(0.,-14.,52.));
#546 = DIRECTION('',(0.,0.,1.));
#547 = DIRECTION('',(0.,-1.,0.));
#548 = ORIENTED_EDGE('',*,*,#524,.T.);
#549 = ORIENTED_EDGE('',*,*,#330,.T.);
#550 = ORIENTED_EDGE('',*,*,#412,.T.);
#551 = ORIENTED_EDGE('',*,*,#552,.T.);
#552 = EDGE_CURVE('',#413,#553,#555,.T.);
#553 = VERTEX_POINT('',#554);
#554 = CARTESIAN_POINT('',(0.978749813114,-8.,47.51064516129));
#555 = CIRCLE('',#556,1.8);
#556 = AXIS2_PLACEMENT_3D('',#557,#558,#559);
#557 = CARTESIAN_POINT('',(0.,-8.,46.));
#558 = DIRECTION('',(0.,-1.,0.));
#559 = DIRECTION('',(0.,-0.,-1.));
#560 = ORIENTED_EDGE('',*,*,#561,.F.);
#561 = EDGE_CURVE('',#562,#553,#564,.T.);
#562 = VERTEX_POINT('',#563);
#563 = CARTESIAN_POINT('',(1.427658370008,-10.,47.522652461728));
#564 = B_SPLINE_CURVE_WITH_KNOTS('',7,(#565,#566,#567,#568,#569,#570,
    #571,#572,#573,#574,#575,#576,#577,#578,#579,#580,#581,#582,#583,
    #584),.UNSPECIFIED.,.F.,.F.,(8,6,6,8),(0.,8.673825267709E-02,
    0.54990011976,1.),.UNSPECIFIED.);
#565 = CARTESIAN_POINT('',(1.427658553825,-10.0000006,47.522652467562));
#566 = CARTESIAN_POINT('',(1.420184471877,-9.975604310365,
    47.522415227315));
#567 = CARTESIAN_POINT('',(1.412678747827,-9.951208989885,
    47.522178433034));
#568 = CARTESIAN_POINT('',(1.405144578837,-9.926814101432,
    47.521942208566));
#569 = CARTESIAN_POINT('',(1.397585252603,-9.902419081883,
    47.521706676684));
#570 = CARTESIAN_POINT('',(1.390004147356,-9.878023342123,47.52147195908
    ));
#571 = CARTESIAN_POINT('',(1.382404731862,-9.853626267042,
    47.521238176368));
#572 = CARTESIAN_POINT('',(1.334132707598,-9.698942019544,
    47.519762733793));
#573 = CARTESIAN_POINT('',(1.293060095657,-9.56861858483,47.518550257303
    ));
#574 = CARTESIAN_POINT('',(1.252106521304,-9.438130854142,
    47.517385923035));
#575 = CARTESIAN_POINT('',(1.211898301093,-9.307359837929,47.51628702165
    ));
#576 = CARTESIAN_POINT('',(1.17317523583,-9.176189183555,47.515270058765
    ));
#577 = CARTESIAN_POINT('',(1.136846573582,-9.044493279987,
    47.514350449504));
#578 = CARTESIAN_POINT('',(1.071898084481,-8.783544858317,
    47.512756699933));
#579 = CARTESIAN_POINT('',(1.043085133957,-8.654312151914,
    47.512076268798));
#580 = CARTESIAN_POINT('',(1.018404761487,-8.52441432644,47.51151419259)
  );
#581 = CARTESIAN_POINT('',(0.998853264352,-8.393878324775,
    47.511082486782));
#582 = CARTESIAN_POINT('',(0.985449359727,-8.262802233738,
    47.510790918295));
#583 = CARTESIAN_POINT('',(0.978749813114,-8.131395469262,47.51064516129
    ));
#584 = CARTESIAN_POINT('',(0.978749813114,-8.,47.51064516129));
#585 = ORIENTED_EDGE('',*,*,#586,.T.);
#586 = EDGE_CURVE('',#562,#488,#587,.T.);
#587 = B_SPLINE_CURVE_WITH_KNOTS('',6,(#588,#589,#590,#591,#592,#593,
    #594,#595,#596,#597,#598,#599,#600,#601,#602,#603,#604,#605,#606,
    #607,#608,#609,#610,#611,#612,#613,#614,#615,#616,#617,#618,#619,
    #620,#621,#622,#623,#624,#625,#626,#627,#628,#629,#630,#631,#632,
    #633,#634,#635,#636,#637,#638,#639,#640,#641,#642,#643,#644),
  .UNSPECIFIED.,.F.,.F.,(7,5,5,5,5,5,5,5,5,5,5,7),(0.,5.344273404975E-02
    ,0.241750073985,0.315808553701,0.382033553004,0.420498079428,
    0.499175421225,0.617949271428,0.684169923014,0.758224624046,
    0.946534612658,1.),.UNSPECIFIED.);
#588 = CARTESIAN_POINT('',(1.759009710812,-10.,46.75));
#589 = CARTESIAN_POINT('',(1.749963829663,-10.,46.794580037673));
#590 = CARTESIAN_POINT('',(1.739737780749,-10.,46.838923671997));
#591 = CARTESIAN_POINT('',(1.728341795005,-10.,46.882991311228));
#592 = CARTESIAN_POINT('',(1.715787147298,-10.,46.926743750512));
#593 = CARTESIAN_POINT('',(1.702086156426,-10.,46.970142171891));
#594 = CARTESIAN_POINT('',(1.634984169135,-10.,47.164681190059));
#595 = CARTESIAN_POINT('',(1.568657527821,-10.,47.311319174487));
#596 = CARTESIAN_POINT('',(1.488844877617,-10.,47.451428090595));
#597 = CARTESIAN_POINT('',(1.396263682109,-10.,47.583342325392));
#598 = CARTESIAN_POINT('',(1.291789472571,-10.,47.705357167624));
#599 = CARTESIAN_POINT('',(1.131114915906,-10.,47.859147623883));
#600 = CARTESIAN_POINT('',(1.084086855082,-10.,47.900755364119));
#601 = CARTESIAN_POINT('',(1.035451527093,-10.,47.940452673918));
#602 = CARTESIAN_POINT('',(0.985283051391,-10.,47.97812954156));
#603 = CARTESIAN_POINT('',(0.933664316131,-10.,48.013675667069));
#604 = CARTESIAN_POINT('',(0.833316199418,-10.,48.076766760063));
#605 = CARTESIAN_POINT('',(0.7848587606,-10.,48.104760323323));
#606 = CARTESIAN_POINT('',(0.735383491237,-10.,48.130885761412));
#607 = CARTESIAN_POINT('',(0.684964516885,-10.,48.155066730233));
#608 = CARTESIAN_POINT('',(0.633683796741,-10.,48.177230762425));
#609 = CARTESIAN_POINT('',(0.551399682252,-10.,48.208975233854));
#610 = CARTESIAN_POINT('',(0.52090712065,-10.,48.219936020238));
#611 = CARTESIAN_POINT('',(0.49017222694,-10.,48.230181144174));
#612 = CARTESIAN_POINT('',(0.459213674647,-10.,48.239698578903));
#613 = CARTESIAN_POINT('',(0.428051018369,-10.,48.248477317395));
#614 = CARTESIAN_POINT('',(0.332587292028,-10.,48.272932464173));
#615 = CARTESIAN_POINT('',(0.267699286751,-10.,48.286225865141));
#616 = CARTESIAN_POINT('',(0.202219390682,-10.,48.296301875707));
#617 = CARTESIAN_POINT('',(0.136334889391,-10.,48.303099131031));
#618 = CARTESIAN_POINT('',(7.024112071165E-02,-10.,48.306584589409));
#619 = CARTESIAN_POINT('',(-9.564598704868E-02,-10.,48.307018583347));
#620 = CARTESIAN_POINT('',(-0.195463461152,-10.,48.299730204878));
#621 = CARTESIAN_POINT('',(-0.2945985098,-10.,48.284887170973));
#622 = CARTESIAN_POINT('',(-0.392391961591,-10.,48.262656810744));
#623 = CARTESIAN_POINT('',(-0.48823943191,-10.,48.233339169928));
#624 = CARTESIAN_POINT('',(-0.633639884159,-10.,48.177249219398));
#625 = CARTESIAN_POINT('',(-0.684916670927,-10.,48.155088626768));
#626 = CARTESIAN_POINT('',(-0.735331915452,-10.,48.130911412487));
#627 = CARTESIAN_POINT('',(-0.78480367639,-10.,48.104790022355));
#628 = CARTESIAN_POINT('',(-0.833257843499,-10.,48.076800778484));
#629 = CARTESIAN_POINT('',(-0.933600334199,-10.,48.013718877527));
#630 = CARTESIAN_POINT('',(-0.985216738205,-10.,47.978177621722));
#631 = CARTESIAN_POINT('',(-1.035383169769,-10.,47.940505845653));
#632 = CARTESIAN_POINT('',(-1.084016752839,-10.,47.900813824751));
#633 = CARTESIAN_POINT('',(-1.131043378465,-10.,47.85921154711));
#634 = CARTESIAN_POINT('',(-1.291721487124,-10.,47.705433795248));
#635 = CARTESIAN_POINT('',(-1.396201015585,-10.,47.583425504756));
#636 = CARTESIAN_POINT('',(-1.488788126414,-10.,47.451517259007));
#637 = CARTESIAN_POINT('',(-1.568607261237,-10.,47.31141375028));
#638 = CARTESIAN_POINT('',(-1.634940932322,-10.,47.164780553429));
#639 = CARTESIAN_POINT('',(-1.702058684292,-10.,46.970229184696));
#640 = CARTESIAN_POINT('',(-1.71576700865,-10.,46.926813928714));
#641 = CARTESIAN_POINT('',(-1.728328085127,-10.,46.883044324127));
#642 = CARTESIAN_POINT('',(-1.739729579289,-10.,46.838959235341));
#643 = CARTESIAN_POINT('',(-1.749960202278,-10.,46.794597914203));
#644 = CARTESIAN_POINT('',(-1.759009710812,-10.,46.75));
#645 = TOROIDAL_SURFACE('',#646,6.,1.8);
#646 = AXIS2_PLACEMENT_3D('',#647,#648,#649);
#647 = CARTESIAN_POINT('',(0.,-8.,52.));
#648 = DIRECTION('',(1.,0.,0.));
#649 = DIRECTION('',(-0.,0.,1.));
#650 = ADVANCED_FACE('',(#651),#678,.T.);
#651 = FACE_BOUND('',#652,.T.);
#652 = EDGE_LOOP('',(#653,#654,#655,#656,#664,#672));
#653 = ORIENTED_EDGE('',*,*,#357,.F.);
#654 = ORIENTED_EDGE('',*,*,#471,.F.);
#655 = ORIENTED_EDGE('',*,*,#445,.T.);
#656 = ORIENTED_EDGE('',*,*,#657,.F.);
#657 = EDGE_CURVE('',#658,#446,#660,.T.);
#658 = VERTEX_POINT('',#659);
#659 = CARTESIAN_POINT('',(-0.994987437107,0.,47.5));
#660 = LINE('',#661,#662);
#661 = CARTESIAN_POINT('',(-0.994987437107,0.,47.5));
#662 = VECTOR('',#663,1.);
#663 = DIRECTION('',(0.,-1.,0.));
#664 = ORIENTED_EDGE('',*,*,#665,.T.);
#665 = EDGE_CURVE('',#658,#666,#668,.T.);
#666 = VERTEX_POINT('',#667);
#667 = CARTESIAN_POINT('',(-6.467553207873E-13,0.,47.5));
#668 = LINE('',#669,#670);
#669 = CARTESIAN_POINT('',(-3.,0.,47.5));
#670 = VECTOR('',#671,1.);
#671 = DIRECTION('',(1.,0.,-0.));
#672 = ORIENTED_EDGE('',*,*,#673,.T.);
#673 = EDGE_CURVE('',#666,#358,#674,.T.);
#674 = LINE('',#675,#676);
#675 = CARTESIAN_POINT('',(0.,-10.,47.5));
#676 = VECTOR('',#677,1.);
#677 = DIRECTION('',(0.,1.,0.));
#678 = PLANE('',#679);
#679 = AXIS2_PLACEMENT_3D('',#680,#681,#682);
#680 = CARTESIAN_POINT('',(-6.,-8.,47.5));
#681 = DIRECTION('',(0.,0.,1.));
#682 = DIRECTION('',(1.,0.,-0.));
#683 = ADVANCED_FACE('',(#684),#704,.T.);
#684 = FACE_BOUND('',#685,.T.);
#685 = EDGE_LOOP('',(#686,#687,#688,#696,#702,#703));
#686 = ORIENTED_EDGE('',*,*,#365,.F.);
#687 = ORIENTED_EDGE('',*,*,#673,.F.);
#688 = ORIENTED_EDGE('',*,*,#689,.T.);
#689 = EDGE_CURVE('',#666,#690,#692,.T.);
#690 = VERTEX_POINT('',#691);
#691 = CARTESIAN_POINT('',(0.994987437107,0.,47.5));
#692 = LINE('',#693,#694);
#693 = CARTESIAN_POINT('',(-3.,0.,47.5));
#694 = VECTOR('',#695,1.);
#695 = DIRECTION('',(1.,0.,-0.));
#696 = ORIENTED_EDGE('',*,*,#697,.T.);
#697 = EDGE_CURVE('',#690,#413,#698,.T.);
#698 = LINE('',#699,#700);
#699 = CARTESIAN_POINT('',(0.994987437107,0.,47.5));
#700 = VECTOR('',#701,1.);
#701 = DIRECTION('',(0.,-1.,0.));
#702 = ORIENTED_EDGE('',*,*,#421,.T.);
#703 = ORIENTED_EDGE('',*,*,#397,.T.);
#704 = PLANE('',#705);
#705 = AXIS2_PLACEMENT_3D('',#706,#707,#708);
#706 = CARTESIAN_POINT('',(-6.,-8.,47.5));
#707 = DIRECTION('',(0.,0.,1.));
#708 = DIRECTION('',(1.,0.,-0.));
#709 = ADVANCED_FACE('',(#710),#789,.T.);
#710 = FACE_BOUND('',#711,.T.);
#711 = EDGE_LOOP('',(#712,#713,#721,#730,#739,#747,#755,#764,#772,#780,
    #787,#788));
#712 = ORIENTED_EDGE('',*,*,#542,.T.);
#713 = ORIENTED_EDGE('',*,*,#714,.T.);
#714 = EDGE_CURVE('',#534,#715,#717,.T.);
#715 = VERTEX_POINT('',#716);
#716 = CARTESIAN_POINT('',(1.8,-14.,90.));
#717 = LINE('',#718,#719);
#718 = CARTESIAN_POINT('',(1.8,-14.,52.));
#719 = VECTOR('',#720,1.);
#720 = DIRECTION('',(0.,0.,1.));
#721 = ORIENTED_EDGE('',*,*,#722,.F.);
#722 = EDGE_CURVE('',#723,#715,#725,.T.);
#723 = VERTEX_POINT('',#724);
#724 = CARTESIAN_POINT('',(-1.8,-14.,90.));
#725 = CIRCLE('',#726,1.8);
#726 = AXIS2_PLACEMENT_3D('',#727,#728,#729);
#727 = CARTESIAN_POINT('',(0.,-14.,90.));
#728 = DIRECTION('',(0.,0.,1.));
#729 = DIRECTION('',(1.,0.,-0.));
#730 = ORIENTED_EDGE('',*,*,#731,.F.);
#731 = EDGE_CURVE('',#732,#723,#734,.T.);
#732 = VERTEX_POINT('',#733);
#733 = CARTESIAN_POINT('',(-1.782554346998,-13.75,89.75));
#734 = ELLIPSE('',#735,2.545584412272,1.8);
#735 = AXIS2_PLACEMENT_3D('',#736,#737,#738);
#736 = CARTESIAN_POINT('',(0.,-14.,90.));
#737 = DIRECTION('',(0.,0.707106781187,0.707106781187));
#738 = DIRECTION('',(0.,-0.707106781187,0.707106781187));
#739 = ORIENTED_EDGE('',*,*,#740,.F.);
#740 = EDGE_CURVE('',#741,#732,#743,.T.);
#741 = VERTEX_POINT('',#742);
#742 = CARTESIAN_POINT('',(-1.782554346998,-13.75,82.5));
#743 = LINE('',#744,#745);
#744 = CARTESIAN_POINT('',(-1.782554346998,-13.75,52.));
#745 = VECTOR('',#746,1.);
#746 = DIRECTION('',(0.,0.,1.));
#747 = ORIENTED_EDGE('',*,*,#748,.F.);
#748 = EDGE_CURVE('',#749,#741,#751,.T.);
#749 = VERTEX_POINT('',#750);
#750 = CARTESIAN_POINT('',(-1.782554346998,-13.75,80.));
#751 = LINE('',#752,#753);
#752 = CARTESIAN_POINT('',(-1.782554346998,-13.75,52.));
#753 = VECTOR('',#754,1.);
#754 = DIRECTION('',(0.,0.,1.));
#755 = ORIENTED_EDGE('',*,*,#756,.F.);
#756 = EDGE_CURVE('',#757,#749,#759,.T.);
#757 = VERTEX_POINT('',#758);
#758 = CARTESIAN_POINT('',(1.782554346998,-13.75,80.));
#759 = CIRCLE('',#760,1.8);
#760 = AXIS2_PLACEMENT_3D('',#761,#762,#763);
#761 = CARTESIAN_POINT('',(0.,-14.,80.));
#762 = DIRECTION('',(0.,0.,1.));
#763 = DIRECTION('',(1.,0.,-0.));
#764 = ORIENTED_EDGE('',*,*,#765,.T.);
#765 = EDGE_CURVE('',#757,#766,#768,.T.);
#766 = VERTEX_POINT('',#767);
#767 = CARTESIAN_POINT('',(1.782554346998,-13.75,82.5));
#768 = LINE('',#769,#770);
#769 = CARTESIAN_POINT('',(1.782554346998,-13.75,52.));
#770 = VECTOR('',#771,1.);
#771 = DIRECTION('',(0.,0.,1.));
#772 = ORIENTED_EDGE('',*,*,#773,.T.);
#773 = EDGE_CURVE('',#766,#774,#776,.T.);
#774 = VERTEX_POINT('',#775);
#775 = CARTESIAN_POINT('',(1.782554346998,-13.75,89.75));
#776 = LINE('',#777,#778);
#777 = CARTESIAN_POINT('',(1.782554346998,-13.75,52.));
#778 = VECTOR('',#779,1.);
#779 = DIRECTION('',(0.,0.,1.));
#780 = ORIENTED_EDGE('',*,*,#781,.F.);
#781 = EDGE_CURVE('',#715,#774,#782,.T.);
#782 = ELLIPSE('',#783,2.545584412272,1.8);
#783 = AXIS2_PLACEMENT_3D('',#784,#785,#786);
#784 = CARTESIAN_POINT('',(0.,-14.,90.));
#785 = DIRECTION('',(0.,0.707106781187,0.707106781187));
#786 = DIRECTION('',(0.,-0.707106781187,0.707106781187));
#787 = ORIENTED_EDGE('',*,*,#714,.F.);
#788 = ORIENTED_EDGE('',*,*,#533,.T.);
#789 = CYLINDRICAL_SURFACE('',#790,1.8);
#790 = AXIS2_PLACEMENT_3D('',#791,#792,#793);
#791 = CARTESIAN_POINT('',(0.,-14.,52.));
#792 = DIRECTION('',(0.,0.,1.));
#793 = DIRECTION('',(1.,0.,-0.));
#794 = ADVANCED_FACE('',(#795),#814,.T.);
#795 = FACE_BOUND('',#796,.T.);
#796 = EDGE_LOOP('',(#797,#798,#799,#807));
#797 = ORIENTED_EDGE('',*,*,#657,.T.);
#798 = ORIENTED_EDGE('',*,*,#515,.F.);
#799 = ORIENTED_EDGE('',*,*,#800,.T.);
#800 = EDGE_CURVE('',#486,#801,#803,.T.);
#801 = VERTEX_POINT('',#802);
#802 = CARTESIAN_POINT('',(-0.978749813114,0.,47.51064516129));
#803 = LINE('',#804,#805);
#804 = CARTESIAN_POINT('',(-0.978749813114,-10.,47.51064516129));
#805 = VECTOR('',#806,1.);
#806 = DIRECTION('',(0.,1.,0.));
#807 = ORIENTED_EDGE('',*,*,#808,.T.);
#808 = EDGE_CURVE('',#801,#658,#809,.T.);
#809 = CIRCLE('',#810,1.8);
#810 = AXIS2_PLACEMENT_3D('',#811,#812,#813);
#811 = CARTESIAN_POINT('',(0.,0.,46.));
#812 = DIRECTION('',(0.,-1.,0.));
#813 = DIRECTION('',(0.,-0.,-1.));
#814 = CYLINDRICAL_SURFACE('',#815,1.8);
#815 = AXIS2_PLACEMENT_3D('',#816,#817,#818);
#816 = CARTESIAN_POINT('',(0.,0.,46.));
#817 = DIRECTION('',(0.,-1.,0.));
#818 = DIRECTION('',(0.,-0.,-1.));
#819 = ADVANCED_FACE('',(#820),#888,.T.);
#820 = FACE_BOUND('',#821,.T.);
#821 = EDGE_LOOP('',(#822,#833,#841,#848,#849,#857,#864,#871,#872,#873,
    #882));
#822 = ORIENTED_EDGE('',*,*,#823,.F.);
#823 = EDGE_CURVE('',#824,#826,#828,.T.);
#824 = VERTEX_POINT('',#825);
#825 = CARTESIAN_POINT('',(19.999999999999,10.,52.188711258506));
#826 = VERTEX_POINT('',#827);
#827 = CARTESIAN_POINT('',(-19.99999999999,10.,52.188711258506));
#828 = CIRCLE('',#829,45.);
#829 = AXIS2_PLACEMENT_3D('',#830,#831,#832);
#830 = CARTESIAN_POINT('',(0.,10.,92.5));
#831 = DIRECTION('',(0.,1.,0.));
#832 = DIRECTION('',(0.,-0.,1.));
#833 = ORIENTED_EDGE('',*,*,#834,.F.);
#834 = EDGE_CURVE('',#835,#824,#837,.T.);
#835 = VERTEX_POINT('',#836);
#836 = CARTESIAN_POINT('',(19.999999999999,-10.,52.188711258506));
#837 = LINE('',#838,#839);
#838 = CARTESIAN_POINT('',(20.,-10.,52.188711258507));
#839 = VECTOR('',#840,1.);
#840 = DIRECTION('',(0.,1.,0.));
#841 = ORIENTED_EDGE('',*,*,#842,.T.);
#842 = EDGE_CURVE('',#835,#562,#843,.T.);
#843 = CIRCLE('',#844,45.);
#844 = AXIS2_PLACEMENT_3D('',#845,#846,#847);
#845 = CARTESIAN_POINT('',(0.,-10.,92.5));
#846 = DIRECTION('',(0.,1.,0.));
#847 = DIRECTION('',(0.,-0.,1.));
#848 = ORIENTED_EDGE('',*,*,#561,.T.);
#849 = ORIENTED_EDGE('',*,*,#850,.T.);
#850 = EDGE_CURVE('',#553,#851,#853,.T.);
#851 = VERTEX_POINT('',#852);
#852 = CARTESIAN_POINT('',(0.978749813114,0.,47.51064516129));
#853 = LINE('',#854,#855);
#854 = CARTESIAN_POINT('',(0.978749813114,-10.,47.51064516129));
#855 = VECTOR('',#856,1.);
#856 = DIRECTION('',(0.,1.,0.));
#857 = ORIENTED_EDGE('',*,*,#858,.T.);
#858 = EDGE_CURVE('',#851,#666,#859,.T.);
#859 = CIRCLE('',#860,45.);
#860 = AXIS2_PLACEMENT_3D('',#861,#862,#863);
#861 = CARTESIAN_POINT('',(0.,0.,92.5));
#862 = DIRECTION('',(0.,1.,0.));
#863 = DIRECTION('',(0.,-0.,1.));
#864 = ORIENTED_EDGE('',*,*,#865,.T.);
#865 = EDGE_CURVE('',#666,#801,#866,.T.);
#866 = CIRCLE('',#867,45.);
#867 = AXIS2_PLACEMENT_3D('',#868,#869,#870);
#868 = CARTESIAN_POINT('',(0.,0.,92.5));
#869 = DIRECTION('',(0.,1.,0.));
#870 = DIRECTION('',(0.,-0.,1.));
#871 = ORIENTED_EDGE('',*,*,#800,.F.);
#872 = ORIENTED_EDGE('',*,*,#485,.T.);
#873 = ORIENTED_EDGE('',*,*,#874,.T.);
#874 = EDGE_CURVE('',#488,#875,#877,.T.);
#875 = VERTEX_POINT('',#876);
#876 = CARTESIAN_POINT('',(-19.99999999999,-10.,52.188711258506));
#877 = CIRCLE('',#878,45.);
#878 = AXIS2_PLACEMENT_3D('',#879,#880,#881);
#879 = CARTESIAN_POINT('',(0.,-10.,92.5));
#880 = DIRECTION('',(0.,1.,0.));
#881 = DIRECTION('',(0.,-0.,1.));
#882 = ORIENTED_EDGE('',*,*,#883,.T.);
#883 = EDGE_CURVE('',#875,#826,#884,.T.);
#884 = LINE('',#885,#886);
#885 = CARTESIAN_POINT('',(-20.,-10.,52.188711258507));
#886 = VECTOR('',#887,1.);
#887 = DIRECTION('',(0.,1.,0.));
#888 = CYLINDRICAL_SURFACE('',#889,45.);
#889 = AXIS2_PLACEMENT_3D('',#890,#891,#892);
#890 = CARTESIAN_POINT('',(0.,-10.,92.5));
#891 = DIRECTION('',(0.,1.,0.));
#892 = DIRECTION('',(0.,-0.,1.));
#893 = ADVANCED_FACE('',(#894),#922,.F.);
#894 = FACE_BOUND('',#895,.F.);
#895 = EDGE_LOOP('',(#896,#904,#905,#906,#907,#915));
#896 = ORIENTED_EDGE('',*,*,#897,.F.);
#897 = EDGE_CURVE('',#835,#898,#900,.T.);
#898 = VERTEX_POINT('',#899);
#899 = CARTESIAN_POINT('',(19.999999999999,-10.,54.999999999999));
#900 = LINE('',#901,#902);
#901 = CARTESIAN_POINT('',(20.,-10.,40.));
#902 = VECTOR('',#903,1.);
#903 = DIRECTION('',(0.,0.,1.));
#904 = ORIENTED_EDGE('',*,*,#842,.T.);
#905 = ORIENTED_EDGE('',*,*,#586,.T.);
#906 = ORIENTED_EDGE('',*,*,#874,.T.);
#907 = ORIENTED_EDGE('',*,*,#908,.T.);
#908 = EDGE_CURVE('',#875,#909,#911,.T.);
#909 = VERTEX_POINT('',#910);
#910 = CARTESIAN_POINT('',(-19.99999999999,-10.,54.999999999999));
#911 = LINE('',#912,#913);
#912 = CARTESIAN_POINT('',(-20.,-10.,40.));
#913 = VECTOR('',#914,1.);
#914 = DIRECTION('',(0.,0.,1.));
#915 = ORIENTED_EDGE('',*,*,#916,.F.);
#916 = EDGE_CURVE('',#898,#909,#917,.T.);
#917 = CIRCLE('',#918,42.5);
#918 = AXIS2_PLACEMENT_3D('',#919,#920,#921);
#919 = CARTESIAN_POINT('',(0.,-10.,92.5));
#920 = DIRECTION('',(0.,1.,0.));
#921 = DIRECTION('',(0.,-0.,1.));
#922 = PLANE('',#923);
#923 = AXIS2_PLACEMENT_3D('',#924,#925,#926);
#924 = CARTESIAN_POINT('',(0.,-10.,92.5));
#925 = DIRECTION('',(0.,1.,0.));
#926 = DIRECTION('',(0.,-0.,1.));
#927 = ADVANCED_FACE('',(#928),#940,.T.);
#928 = FACE_BOUND('',#929,.T.);
#929 = EDGE_LOOP('',(#930,#931,#932,#939));
#930 = ORIENTED_EDGE('',*,*,#552,.F.);
#931 = ORIENTED_EDGE('',*,*,#697,.F.);
#932 = ORIENTED_EDGE('',*,*,#933,.T.);
#933 = EDGE_CURVE('',#690,#851,#934,.T.);
#934 = CIRCLE('',#935,1.8);
#935 = AXIS2_PLACEMENT_3D('',#936,#937,#938);
#936 = CARTESIAN_POINT('',(0.,0.,46.));
#937 = DIRECTION('',(0.,-1.,0.));
#938 = DIRECTION('',(0.,-0.,-1.));
#939 = ORIENTED_EDGE('',*,*,#850,.F.);
#940 = CYLINDRICAL_SURFACE('',#941,1.8);
#941 = AXIS2_PLACEMENT_3D('',#942,#943,#944);
#942 = CARTESIAN_POINT('',(0.,0.,46.));
#943 = DIRECTION('',(0.,-1.,0.));
#944 = DIRECTION('',(0.,-0.,-1.));
#945 = ADVANCED_FACE('',(#946),#951,.F.);
#946 = FACE_BOUND('',#947,.F.);
#947 = EDGE_LOOP('',(#948,#949,#950));
#948 = ORIENTED_EDGE('',*,*,#808,.T.);
#949 = ORIENTED_EDGE('',*,*,#665,.T.);
#950 = ORIENTED_EDGE('',*,*,#865,.T.);
#951 = PLANE('',#952);
#952 = AXIS2_PLACEMENT_3D('',#953,#954,#955);
#953 = CARTESIAN_POINT('',(0.,0.,46.));
#954 = DIRECTION('',(0.,-1.,0.));
#955 = DIRECTION('',(0.,-0.,-1.));
#956 = ADVANCED_FACE('',(#957),#962,.F.);
#957 = FACE_BOUND('',#958,.F.);
#958 = EDGE_LOOP('',(#959,#960,#961));
#959 = ORIENTED_EDGE('',*,*,#689,.T.);
#960 = ORIENTED_EDGE('',*,*,#933,.T.);
#961 = ORIENTED_EDGE('',*,*,#858,.T.);
#962 = PLANE('',#963);
#963 = AXIS2_PLACEMENT_3D('',#964,#965,#966);
#964 = CARTESIAN_POINT('',(0.,0.,46.));
#965 = DIRECTION('',(0.,-1.,0.));
#966 = DIRECTION('',(0.,-0.,-1.));
#967 = ADVANCED_FACE('',(#968),#995,.T.);
#968 = FACE_BOUND('',#969,.T.);
#969 = EDGE_LOOP('',(#970,#980,#987,#988));
#970 = ORIENTED_EDGE('',*,*,#971,.F.);
#971 = EDGE_CURVE('',#972,#974,#976,.T.);
#972 = VERTEX_POINT('',#973);
#973 = CARTESIAN_POINT('',(-4.40872847693E-16,-14.,91.8));
#974 = VERTEX_POINT('',#975);
#975 = CARTESIAN_POINT('',(-4.40872847693E-16,-13.75,91.8));
#976 = LINE('',#977,#978);
#977 = CARTESIAN_POINT('',(-4.40872847693E-16,-14.,91.8));
#978 = VECTOR('',#979,1.);
#979 = DIRECTION('',(0.,1.,0.));
#980 = ORIENTED_EDGE('',*,*,#981,.T.);
#981 = EDGE_CURVE('',#972,#715,#982,.T.);
#982 = CIRCLE('',#983,1.8);
#983 = AXIS2_PLACEMENT_3D('',#984,#985,#986);
#984 = CARTESIAN_POINT('',(0.,-14.,90.));
#985 = DIRECTION('',(0.,1.,0.));
#986 = DIRECTION('',(0.,-0.,1.));
#987 = ORIENTED_EDGE('',*,*,#781,.T.);
#988 = ORIENTED_EDGE('',*,*,#989,.F.);
#989 = EDGE_CURVE('',#974,#774,#990,.T.);
#990 = CIRCLE('',#991,1.8);
#991 = AXIS2_PLACEMENT_3D('',#992,#993,#994);
#992 = CARTESIAN_POINT('',(0.,-13.75,90.));
#993 = DIRECTION('',(0.,1.,0.));
#994 = DIRECTION('',(0.,-0.,1.));
#995 = CYLINDRICAL_SURFACE('',#996,1.8);
#996 = AXIS2_PLACEMENT_3D('',#997,#998,#999);
#997 = CARTESIAN_POINT('',(0.,-14.,90.));
#998 = DIRECTION('',(0.,1.,0.));
#999 = DIRECTION('',(0.,-0.,1.));
#1000 = ADVANCED_FACE('',(#1001),#1087,.F.);
#1001 = FACE_BOUND('',#1002,.F.);
#1002 = EDGE_LOOP('',(#1003,#1011,#1020,#1028,#1037,#1045,#1054,#1062,
    #1071,#1077,#1078,#1079,#1086));
#1003 = ORIENTED_EDGE('',*,*,#1004,.F.);
#1004 = EDGE_CURVE('',#1005,#741,#1007,.T.);
#1005 = VERTEX_POINT('',#1006);
#1006 = CARTESIAN_POINT('',(-15.,-13.75,82.5));
#1007 = LINE('',#1008,#1009);
#1008 = CARTESIAN_POINT('',(-17.5,-13.75,82.5));
#1009 = VECTOR('',#1010,1.);
#1010 = DIRECTION('',(1.,0.,-0.));
#1011 = ORIENTED_EDGE('',*,*,#1012,.F.);
#1012 = EDGE_CURVE('',#1013,#1005,#1015,.T.);
#1013 = VERTEX_POINT('',#1014);
#1014 = CARTESIAN_POINT('',(-17.5,-13.75,85.));
#1015 = CIRCLE('',#1016,2.5);
#1016 = AXIS2_PLACEMENT_3D('',#1017,#1018,#1019);
#1017 = CARTESIAN_POINT('',(-17.5,-13.75,82.5));
#1018 = DIRECTION('',(0.,1.,0.));
#1019 = DIRECTION('',(0.,-0.,1.));
#1020 = ORIENTED_EDGE('',*,*,#1021,.T.);
#1021 = EDGE_CURVE('',#1013,#1022,#1024,.T.);
#1022 = VERTEX_POINT('',#1023);
#1023 = CARTESIAN_POINT('',(-17.5,-13.75,95.));
#1024 = LINE('',#1025,#1026);
#1025 = CARTESIAN_POINT('',(-17.5,-13.75,82.5));
#1026 = VECTOR('',#1027,1.);
#1027 = DIRECTION('',(0.,0.,1.));
#1028 = ORIENTED_EDGE('',*,*,#1029,.F.);
#1029 = EDGE_CURVE('',#1030,#1022,#1032,.T.);
#1030 = VERTEX_POINT('',#1031);
#1031 = CARTESIAN_POINT('',(-15.,-13.75,97.5));
#1032 = CIRCLE('',#1033,2.5);
#1033 = AXIS2_PLACEMENT_3D('',#1034,#1035,#1036);
#1034 = CARTESIAN_POINT('',(-17.5,-13.75,97.5));
#1035 = DIRECTION('',(0.,1.,0.));
#1036 = DIRECTION('',(0.,-0.,1.));
#1037 = ORIENTED_EDGE('',*,*,#1038,.T.);
#1038 = EDGE_CURVE('',#1030,#1039,#1041,.T.);
#1039 = VERTEX_POINT('',#1040);
#1040 = CARTESIAN_POINT('',(15.,-13.75,97.5));
#1041 = LINE('',#1042,#1043);
#1042 = CARTESIAN_POINT('',(-17.5,-13.75,97.5));
#1043 = VECTOR('',#1044,1.);
#1044 = DIRECTION('',(1.,0.,-0.));
#1045 = ORIENTED_EDGE('',*,*,#1046,.F.);
#1046 = EDGE_CURVE('',#1047,#1039,#1049,.T.);
#1047 = VERTEX_POINT('',#1048);
#1048 = CARTESIAN_POINT('',(17.5,-13.75,95.));
#1049 = CIRCLE('',#1050,2.5);
#1050 = AXIS2_PLACEMENT_3D('',#1051,#1052,#1053);
#1051 = CARTESIAN_POINT('',(17.5,-13.75,97.5));
#1052 = DIRECTION('',(0.,1.,0.));
#1053 = DIRECTION('',(0.,-0.,1.));
#1054 = ORIENTED_EDGE('',*,*,#1055,.F.);
#1055 = EDGE_CURVE('',#1056,#1047,#1058,.T.);
#1056 = VERTEX_POINT('',#1057);
#1057 = CARTESIAN_POINT('',(17.5,-13.75,85.));
#1058 = LINE('',#1059,#1060);
#1059 = CARTESIAN_POINT('',(17.5,-13.75,82.5));
#1060 = VECTOR('',#1061,1.);
#1061 = DIRECTION('',(0.,0.,1.));
#1062 = ORIENTED_EDGE('',*,*,#1063,.F.);
#1063 = EDGE_CURVE('',#1064,#1056,#1066,.T.);
#1064 = VERTEX_POINT('',#1065);
#1065 = CARTESIAN_POINT('',(15.,-13.75,82.5));
#1066 = CIRCLE('',#1067,2.5);
#1067 = AXIS2_PLACEMENT_3D('',#1068,#1069,#1070);
#1068 = CARTESIAN_POINT('',(17.5,-13.75,82.5));
#1069 = DIRECTION('',(0.,1.,0.));
#1070 = DIRECTION('',(0.,-0.,1.));
#1071 = ORIENTED_EDGE('',*,*,#1072,.F.);
#1072 = EDGE_CURVE('',#766,#1064,#1073,.T.);
#1073 = LINE('',#1074,#1075);
#1074 = CARTESIAN_POINT('',(-17.5,-13.75,82.5));
#1075 = VECTOR('',#1076,1.);
#1076 = DIRECTION('',(1.,0.,-0.));
#1077 = ORIENTED_EDGE('',*,*,#773,.T.);
#1078 = ORIENTED_EDGE('',*,*,#989,.F.);
#1079 = ORIENTED_EDGE('',*,*,#1080,.F.);
#1080 = EDGE_CURVE('',#732,#974,#1081,.T.);
#1081 = CIRCLE('',#1082,1.8);
#1082 = AXIS2_PLACEMENT_3D('',#1083,#1084,#1085);
#1083 = CARTESIAN_POINT('',(0.,-13.75,90.));
#1084 = DIRECTION('',(0.,1.,0.));
#1085 = DIRECTION('',(0.,-0.,1.));
#1086 = ORIENTED_EDGE('',*,*,#740,.F.);
#1087 = PLANE('',#1088);
#1088 = AXIS2_PLACEMENT_3D('',#1089,#1090,#1091);
#1089 = CARTESIAN_POINT('',(-17.5,-13.75,82.5));
#1090 = DIRECTION('',(-0.,1.,0.));
#1091 = DIRECTION('',(0.,0.,1.));
#1092 = ADVANCED_FACE('',(#1093),#1112,.F.);
#1093 = FACE_BOUND('',#1094,.F.);
#1094 = EDGE_LOOP('',(#1095,#1103,#1104,#1105));
#1095 = ORIENTED_EDGE('',*,*,#1096,.F.);
#1096 = EDGE_CURVE('',#757,#1097,#1099,.T.);
#1097 = VERTEX_POINT('',#1098);
#1098 = CARTESIAN_POINT('',(17.5,-13.75,80.));
#1099 = LINE('',#1100,#1101);
#1100 = CARTESIAN_POINT('',(-17.5,-13.75,80.));
#1101 = VECTOR('',#1102,1.);
#1102 = DIRECTION('',(1.,0.,-0.));
#1103 = ORIENTED_EDGE('',*,*,#765,.T.);
#1104 = ORIENTED_EDGE('',*,*,#1072,.T.);
#1105 = ORIENTED_EDGE('',*,*,#1106,.F.);
#1106 = EDGE_CURVE('',#1097,#1064,#1107,.T.);
#1107 = CIRCLE('',#1108,2.5);
#1108 = AXIS2_PLACEMENT_3D('',#1109,#1110,#1111);
#1109 = CARTESIAN_POINT('',(17.5,-13.75,82.5));
#1110 = DIRECTION('',(0.,1.,0.));
#1111 = DIRECTION('',(0.,-0.,1.));
#1112 = PLANE('',#1113);
#1113 = AXIS2_PLACEMENT_3D('',#1114,#1115,#1116);
#1114 = CARTESIAN_POINT('',(-17.5,-13.75,80.));
#1115 = DIRECTION('',(-0.,1.,0.));
#1116 = DIRECTION('',(0.,0.,1.));
#1117 = ADVANCED_FACE('',(#1118),#1152,.F.);
#1118 = FACE_BOUND('',#1119,.F.);
#1119 = EDGE_LOOP('',(#1120,#1130,#1136,#1137,#1138,#1146));
#1120 = ORIENTED_EDGE('',*,*,#1121,.F.);
#1121 = EDGE_CURVE('',#1122,#1124,#1126,.T.);
#1122 = VERTEX_POINT('',#1123);
#1123 = CARTESIAN_POINT('',(-17.5,-13.75,80.));
#1124 = VERTEX_POINT('',#1125);
#1125 = CARTESIAN_POINT('',(-17.5,-11.25,80.));
#1126 = LINE('',#1127,#1128);
#1127 = CARTESIAN_POINT('',(-17.5,-13.75,80.));
#1128 = VECTOR('',#1129,1.);
#1129 = DIRECTION('',(-0.,1.,0.));
#1130 = ORIENTED_EDGE('',*,*,#1131,.T.);
#1131 = EDGE_CURVE('',#1122,#749,#1132,.T.);
#1132 = LINE('',#1133,#1134);
#1133 = CARTESIAN_POINT('',(-17.5,-13.75,80.));
#1134 = VECTOR('',#1135,1.);
#1135 = DIRECTION('',(1.,0.,-0.));
#1136 = ORIENTED_EDGE('',*,*,#756,.F.);
#1137 = ORIENTED_EDGE('',*,*,#1096,.T.);
#1138 = ORIENTED_EDGE('',*,*,#1139,.T.);
#1139 = EDGE_CURVE('',#1097,#1140,#1142,.T.);
#1140 = VERTEX_POINT('',#1141);
#1141 = CARTESIAN_POINT('',(17.5,-11.25,80.));
#1142 = LINE('',#1143,#1144);
#1143 = CARTESIAN_POINT('',(17.5,-13.75,80.));
#1144 = VECTOR('',#1145,1.);
#1145 = DIRECTION('',(-0.,1.,0.));
#1146 = ORIENTED_EDGE('',*,*,#1147,.F.);
#1147 = EDGE_CURVE('',#1124,#1140,#1148,.T.);
#1148 = LINE('',#1149,#1150);
#1149 = CARTESIAN_POINT('',(-17.5,-11.25,80.));
#1150 = VECTOR('',#1151,1.);
#1151 = DIRECTION('',(1.,0.,-0.));
#1152 = PLANE('',#1153);
#1153 = AXIS2_PLACEMENT_3D('',#1154,#1155,#1156);
#1154 = CARTESIAN_POINT('',(-17.5,-13.75,80.));
#1155 = DIRECTION('',(0.,0.,1.));
#1156 = DIRECTION('',(1.,0.,-0.));
#1157 = ADVANCED_FACE('',(#1158),#1170,.F.);
#1158 = FACE_BOUND('',#1159,.F.);
#1159 = EDGE_LOOP('',(#1160,#1161,#1168,#1169));
#1160 = ORIENTED_EDGE('',*,*,#1131,.F.);
#1161 = ORIENTED_EDGE('',*,*,#1162,.F.);
#1162 = EDGE_CURVE('',#1005,#1122,#1163,.T.);
#1163 = CIRCLE('',#1164,2.5);
#1164 = AXIS2_PLACEMENT_3D('',#1165,#1166,#1167);
#1165 = CARTESIAN_POINT('',(-17.5,-13.75,82.5));
#1166 = DIRECTION('',(0.,1.,0.));
#1167 = DIRECTION('',(0.,-0.,1.));
#1168 = ORIENTED_EDGE('',*,*,#1004,.T.);
#1169 = ORIENTED_EDGE('',*,*,#748,.F.);
#1170 = PLANE('',#1171);
#1171 = AXIS2_PLACEMENT_3D('',#1172,#1173,#1174);
#1172 = CARTESIAN_POINT('',(-17.5,-13.75,80.));
#1173 = DIRECTION('',(-0.,1.,0.));
#1174 = DIRECTION('',(0.,0.,1.));
#1175 = ADVANCED_FACE('',(#1176),#1188,.T.);
#1176 = FACE_BOUND('',#1177,.T.);
#1177 = EDGE_LOOP('',(#1178,#1185,#1186,#1187));
#1178 = ORIENTED_EDGE('',*,*,#1179,.T.);
#1179 = EDGE_CURVE('',#723,#972,#1180,.T.);
#1180 = CIRCLE('',#1181,1.8);
#1181 = AXIS2_PLACEMENT_3D('',#1182,#1183,#1184);
#1182 = CARTESIAN_POINT('',(0.,-14.,90.));
#1183 = DIRECTION('',(0.,1.,0.));
#1184 = DIRECTION('',(0.,-0.,1.));
#1185 = ORIENTED_EDGE('',*,*,#971,.T.);
#1186 = ORIENTED_EDGE('',*,*,#1080,.F.);
#1187 = ORIENTED_EDGE('',*,*,#731,.T.);
#1188 = CYLINDRICAL_SURFACE('',#1189,1.8);
#1189 = AXIS2_PLACEMENT_3D('',#1190,#1191,#1192);
#1190 = CARTESIAN_POINT('',(0.,-14.,90.));
#1191 = DIRECTION('',(0.,1.,0.));
#1192 = DIRECTION('',(0.,-0.,1.));
#1193 = ADVANCED_FACE('',(#1194),#1203,.T.);
#1194 = FACE_BOUND('',#1195,.T.);
#1195 = EDGE_LOOP('',(#1196,#1197));
#1196 = ORIENTED_EDGE('',*,*,#722,.T.);
#1197 = ORIENTED_EDGE('',*,*,#1198,.T.);
#1198 = EDGE_CURVE('',#715,#723,#1199,.T.);
#1199 = LINE('',#1200,#1201);
#1200 = CARTESIAN_POINT('',(0.,-14.,90.));
#1201 = VECTOR('',#1202,1.);
#1202 = DIRECTION('',(-1.,0.,0.));
#1203 = PLANE('',#1204);
#1204 = AXIS2_PLACEMENT_3D('',#1205,#1206,#1207);
#1205 = CARTESIAN_POINT('',(0.,-14.,90.));
#1206 = DIRECTION('',(0.,0.,1.));
#1207 = DIRECTION('',(1.,0.,-0.));
#1208 = ADVANCED_FACE('',(#1209),#1235,.T.);
#1209 = FACE_BOUND('',#1210,.T.);
#1210 = EDGE_LOOP('',(#1211,#1219,#1220,#1228));
#1211 = ORIENTED_EDGE('',*,*,#1212,.F.);
#1212 = EDGE_CURVE('',#824,#1213,#1215,.T.);
#1213 = VERTEX_POINT('',#1214);
#1214 = CARTESIAN_POINT('',(19.999999999999,10.,54.999999999999));
#1215 = LINE('',#1216,#1217);
#1216 = CARTESIAN_POINT('',(20.,10.,40.));
#1217 = VECTOR('',#1218,1.);
#1218 = DIRECTION('',(0.,0.,1.));
#1219 = ORIENTED_EDGE('',*,*,#823,.T.);
#1220 = ORIENTED_EDGE('',*,*,#1221,.T.);
#1221 = EDGE_CURVE('',#826,#1222,#1224,.T.);
#1222 = VERTEX_POINT('',#1223);
#1223 = CARTESIAN_POINT('',(-19.99999999999,10.,54.999999999999));
#1224 = LINE('',#1225,#1226);
#1225 = CARTESIAN_POINT('',(-20.,10.,40.));
#1226 = VECTOR('',#1227,1.);
#1227 = DIRECTION('',(0.,0.,1.));
#1228 = ORIENTED_EDGE('',*,*,#1229,.F.);
#1229 = EDGE_CURVE('',#1213,#1222,#1230,.T.);
#1230 = CIRCLE('',#1231,42.5);
#1231 = AXIS2_PLACEMENT_3D('',#1232,#1233,#1234);
#1232 = CARTESIAN_POINT('',(0.,10.,92.5));
#1233 = DIRECTION('',(0.,1.,0.));
#1234 = DIRECTION('',(0.,-0.,1.));
#1235 = PLANE('',#1236);
#1236 = AXIS2_PLACEMENT_3D('',#1237,#1238,#1239);
#1237 = CARTESIAN_POINT('',(0.,10.,92.5));
#1238 = DIRECTION('',(0.,1.,0.));
#1239 = DIRECTION('',(0.,-0.,1.));
#1240 = ADVANCED_FACE('',(#1241),#1252,.F.);
#1241 = FACE_BOUND('',#1242,.F.);
#1242 = EDGE_LOOP('',(#1243,#1244,#1245,#1246));
#1243 = ORIENTED_EDGE('',*,*,#908,.F.);
#1244 = ORIENTED_EDGE('',*,*,#883,.T.);
#1245 = ORIENTED_EDGE('',*,*,#1221,.T.);
#1246 = ORIENTED_EDGE('',*,*,#1247,.F.);
#1247 = EDGE_CURVE('',#909,#1222,#1248,.T.);
#1248 = LINE('',#1249,#1250);
#1249 = CARTESIAN_POINT('',(-20.,-11.,55.));
#1250 = VECTOR('',#1251,1.);
#1251 = DIRECTION('',(0.,1.,0.));
#1252 = PLANE('',#1253);
#1253 = AXIS2_PLACEMENT_3D('',#1254,#1255,#1256);
#1254 = CARTESIAN_POINT('',(-20.,-10.,40.));
#1255 = DIRECTION('',(1.,0.,-0.));
#1256 = DIRECTION('',(0.,0.,1.));
#1257 = ADVANCED_FACE('',(#1258),#1269,.T.);
#1258 = FACE_BOUND('',#1259,.T.);
#1259 = EDGE_LOOP('',(#1260,#1261,#1262,#1263));
#1260 = ORIENTED_EDGE('',*,*,#897,.F.);
#1261 = ORIENTED_EDGE('',*,*,#834,.T.);
#1262 = ORIENTED_EDGE('',*,*,#1212,.T.);
#1263 = ORIENTED_EDGE('',*,*,#1264,.F.);
#1264 = EDGE_CURVE('',#898,#1213,#1265,.T.);
#1265 = LINE('',#1266,#1267);
#1266 = CARTESIAN_POINT('',(20.,-11.,55.));
#1267 = VECTOR('',#1268,1.);
#1268 = DIRECTION('',(0.,1.,0.));
#1269 = PLANE('',#1270);
#1270 = AXIS2_PLACEMENT_3D('',#1271,#1272,#1273);
#1271 = CARTESIAN_POINT('',(20.,-10.,40.));
#1272 = DIRECTION('',(1.,0.,-0.));
#1273 = DIRECTION('',(0.,0.,1.));
#1274 = ADVANCED_FACE('',(#1275),#1281,.F.);
#1275 = FACE_BOUND('',#1276,.F.);
#1276 = EDGE_LOOP('',(#1277,#1278,#1279,#1280));
#1277 = ORIENTED_EDGE('',*,*,#1229,.F.);
#1278 = ORIENTED_EDGE('',*,*,#1264,.F.);
#1279 = ORIENTED_EDGE('',*,*,#916,.T.);
#1280 = ORIENTED_EDGE('',*,*,#1247,.T.);
#1281 = CYLINDRICAL_SURFACE('',#1282,42.5);
#1282 = AXIS2_PLACEMENT_3D('',#1283,#1284,#1285);
#1283 = CARTESIAN_POINT('',(0.,-11.,92.5));
#1284 = DIRECTION('',(0.,1.,0.));
#1285 = DIRECTION('',(0.,-0.,1.));
#1286 = ADVANCED_FACE('',(#1287),#1292,.F.);
#1287 = FACE_BOUND('',#1288,.F.);
#1288 = EDGE_LOOP('',(#1289,#1290,#1291));
#1289 = ORIENTED_EDGE('',*,*,#1179,.T.);
#1290 = ORIENTED_EDGE('',*,*,#981,.T.);
#1291 = ORIENTED_EDGE('',*,*,#1198,.T.);
#1292 = PLANE('',#1293);
#1293 = AXIS2_PLACEMENT_3D('',#1294,#1295,#1296);
#1294 = CARTESIAN_POINT('',(0.,-14.,90.));
#1295 = DIRECTION('',(0.,1.,0.));
#1296 = DIRECTION('',(0.,-0.,1.));
#1297 = ADVANCED_FACE('',(#1298),#1315,.F.);
#1298 = FACE_BOUND('',#1299,.F.);
#1299 = EDGE_LOOP('',(#1300,#1308,#1309));
#1300 = ORIENTED_EDGE('',*,*,#1301,.F.);
#1301 = EDGE_CURVE('',#1064,#1302,#1304,.T.);
#1302 = VERTEX_POINT('',#1303);
#1303 = CARTESIAN_POINT('',(17.5,-13.75,82.5));
#1304 = LINE('',#1305,#1306);
#1305 = CARTESIAN_POINT('',(-17.5,-13.75,82.5));
#1306 = VECTOR('',#1307,1.);
#1307 = DIRECTION('',(1.,0.,-0.));
#1308 = ORIENTED_EDGE('',*,*,#1063,.T.);
#1309 = ORIENTED_EDGE('',*,*,#1310,.F.);
#1310 = EDGE_CURVE('',#1302,#1056,#1311,.T.);
#1311 = LINE('',#1312,#1313);
#1312 = CARTESIAN_POINT('',(17.5,-13.75,82.5));
#1313 = VECTOR('',#1314,1.);
#1314 = DIRECTION('',(0.,0.,1.));
#1315 = PLANE('',#1316);
#1316 = AXIS2_PLACEMENT_3D('',#1317,#1318,#1319);
#1317 = CARTESIAN_POINT('',(-17.5,-13.75,82.5));
#1318 = DIRECTION('',(-0.,1.,0.));
#1319 = DIRECTION('',(0.,0.,1.));
#1320 = ADVANCED_FACE('',(#1321),#1348,.F.);
#1321 = FACE_BOUND('',#1322,.F.);
#1322 = EDGE_LOOP('',(#1323,#1332,#1333,#1342));
#1323 = ORIENTED_EDGE('',*,*,#1324,.F.);
#1324 = EDGE_CURVE('',#1056,#1325,#1327,.T.);
#1325 = VERTEX_POINT('',#1326);
#1326 = CARTESIAN_POINT('',(20.,-13.75,82.5));
#1327 = CIRCLE('',#1328,2.5);
#1328 = AXIS2_PLACEMENT_3D('',#1329,#1330,#1331);
#1329 = CARTESIAN_POINT('',(17.5,-13.75,82.5));
#1330 = DIRECTION('',(0.,1.,0.));
#1331 = DIRECTION('',(0.,-0.,1.));
#1332 = ORIENTED_EDGE('',*,*,#1055,.T.);
#1333 = ORIENTED_EDGE('',*,*,#1334,.F.);
#1334 = EDGE_CURVE('',#1335,#1047,#1337,.T.);
#1335 = VERTEX_POINT('',#1336);
#1336 = CARTESIAN_POINT('',(20.,-13.75,97.5));
#1337 = CIRCLE('',#1338,2.5);
#1338 = AXIS2_PLACEMENT_3D('',#1339,#1340,#1341);
#1339 = CARTESIAN_POINT('',(17.5,-13.75,97.5));
#1340 = DIRECTION('',(0.,1.,0.));
#1341 = DIRECTION('',(0.,-0.,1.));
#1342 = ORIENTED_EDGE('',*,*,#1343,.F.);
#1343 = EDGE_CURVE('',#1325,#1335,#1344,.T.);
#1344 = LINE('',#1345,#1346);
#1345 = CARTESIAN_POINT('',(20.,-13.75,82.5));
#1346 = VECTOR('',#1347,1.);
#1347 = DIRECTION('',(0.,0.,1.));
#1348 = PLANE('',#1349);
#1349 = AXIS2_PLACEMENT_3D('',#1350,#1351,#1352);
#1350 = CARTESIAN_POINT('',(-20.,-13.75,82.5));
#1351 = DIRECTION('',(-0.,1.,0.));
#1352 = DIRECTION('',(0.,0.,1.));
#1353 = ADVANCED_FACE('',(#1354),#1371,.F.);
#1354 = FACE_BOUND('',#1355,.F.);
#1355 = EDGE_LOOP('',(#1356,#1364,#1365));
#1356 = ORIENTED_EDGE('',*,*,#1357,.F.);
#1357 = EDGE_CURVE('',#1047,#1358,#1360,.T.);
#1358 = VERTEX_POINT('',#1359);
#1359 = CARTESIAN_POINT('',(17.5,-13.75,97.5));
#1360 = LINE('',#1361,#1362);
#1361 = CARTESIAN_POINT('',(17.5,-13.75,82.5));
#1362 = VECTOR('',#1363,1.);
#1363 = DIRECTION('',(0.,0.,1.));
#1364 = ORIENTED_EDGE('',*,*,#1046,.T.);
#1365 = ORIENTED_EDGE('',*,*,#1366,.T.);
#1366 = EDGE_CURVE('',#1039,#1358,#1367,.T.);
#1367 = LINE('',#1368,#1369);
#1368 = CARTESIAN_POINT('',(-17.5,-13.75,97.5));
#1369 = VECTOR('',#1370,1.);
#1370 = DIRECTION('',(1.,0.,-0.));
#1371 = PLANE('',#1372);
#1372 = AXIS2_PLACEMENT_3D('',#1373,#1374,#1375);
#1373 = CARTESIAN_POINT('',(-17.5,-13.75,82.5));
#1374 = DIRECTION('',(-0.,1.,0.));
#1375 = DIRECTION('',(0.,0.,1.));
#1376 = ADVANCED_FACE('',(#1377),#1404,.F.);
#1377 = FACE_BOUND('',#1378,.F.);
#1378 = EDGE_LOOP('',(#1379,#1380,#1389,#1397));
#1379 = ORIENTED_EDGE('',*,*,#1038,.F.);
#1380 = ORIENTED_EDGE('',*,*,#1381,.F.);
#1381 = EDGE_CURVE('',#1382,#1030,#1384,.T.);
#1382 = VERTEX_POINT('',#1383);
#1383 = CARTESIAN_POINT('',(-17.5,-13.75,100.));
#1384 = CIRCLE('',#1385,2.5);
#1385 = AXIS2_PLACEMENT_3D('',#1386,#1387,#1388);
#1386 = CARTESIAN_POINT('',(-17.5,-13.75,97.5));
#1387 = DIRECTION('',(0.,1.,0.));
#1388 = DIRECTION('',(0.,-0.,1.));
#1389 = ORIENTED_EDGE('',*,*,#1390,.T.);
#1390 = EDGE_CURVE('',#1382,#1391,#1393,.T.);
#1391 = VERTEX_POINT('',#1392);
#1392 = CARTESIAN_POINT('',(17.5,-13.75,100.));
#1393 = LINE('',#1394,#1395);
#1394 = CARTESIAN_POINT('',(-17.5,-13.75,100.));
#1395 = VECTOR('',#1396,1.);
#1396 = DIRECTION('',(1.,0.,-0.));
#1397 = ORIENTED_EDGE('',*,*,#1398,.F.);
#1398 = EDGE_CURVE('',#1039,#1391,#1399,.T.);
#1399 = CIRCLE('',#1400,2.5);
#1400 = AXIS2_PLACEMENT_3D('',#1401,#1402,#1403);
#1401 = CARTESIAN_POINT('',(17.5,-13.75,97.5));
#1402 = DIRECTION('',(0.,1.,0.));
#1403 = DIRECTION('',(0.,-0.,1.));
#1404 = PLANE('',#1405);
#1405 = AXIS2_PLACEMENT_3D('',#1406,#1407,#1408);
#1406 = CARTESIAN_POINT('',(-17.5,-13.75,80.));
#1407 = DIRECTION('',(-0.,1.,0.));
#1408 = DIRECTION('',(0.,0.,1.));
#1409 = ADVANCED_FACE('',(#1410),#1427,.F.);
#1410 = FACE_BOUND('',#1411,.F.);
#1411 = EDGE_LOOP('',(#1412,#1413,#1421));
#1412 = ORIENTED_EDGE('',*,*,#1029,.T.);
#1413 = ORIENTED_EDGE('',*,*,#1414,.T.);
#1414 = EDGE_CURVE('',#1022,#1415,#1417,.T.);
#1415 = VERTEX_POINT('',#1416);
#1416 = CARTESIAN_POINT('',(-17.5,-13.75,97.5));
#1417 = LINE('',#1418,#1419);
#1418 = CARTESIAN_POINT('',(-17.5,-13.75,82.5));
#1419 = VECTOR('',#1420,1.);
#1420 = DIRECTION('',(0.,0.,1.));
#1421 = ORIENTED_EDGE('',*,*,#1422,.T.);
#1422 = EDGE_CURVE('',#1415,#1030,#1423,.T.);
#1423 = LINE('',#1424,#1425);
#1424 = CARTESIAN_POINT('',(-17.5,-13.75,97.5));
#1425 = VECTOR('',#1426,1.);
#1426 = DIRECTION('',(1.,0.,-0.));
#1427 = PLANE('',#1428);
#1428 = AXIS2_PLACEMENT_3D('',#1429,#1430,#1431);
#1429 = CARTESIAN_POINT('',(-17.5,-13.75,82.5));
#1430 = DIRECTION('',(-0.,1.,0.));
#1431 = DIRECTION('',(0.,0.,1.));
#1432 = ADVANCED_FACE('',(#1433),#1460,.F.);
#1433 = FACE_BOUND('',#1434,.F.);
#1434 = EDGE_LOOP('',(#1435,#1444,#1452,#1459));
#1435 = ORIENTED_EDGE('',*,*,#1436,.F.);
#1436 = EDGE_CURVE('',#1437,#1013,#1439,.T.);
#1437 = VERTEX_POINT('',#1438);
#1438 = CARTESIAN_POINT('',(-20.,-13.75,82.5));
#1439 = CIRCLE('',#1440,2.5);
#1440 = AXIS2_PLACEMENT_3D('',#1441,#1442,#1443);
#1441 = CARTESIAN_POINT('',(-17.5,-13.75,82.5));
#1442 = DIRECTION('',(0.,1.,0.));
#1443 = DIRECTION('',(0.,-0.,1.));
#1444 = ORIENTED_EDGE('',*,*,#1445,.T.);
#1445 = EDGE_CURVE('',#1437,#1446,#1448,.T.);
#1446 = VERTEX_POINT('',#1447);
#1447 = CARTESIAN_POINT('',(-20.,-13.75,97.5));
#1448 = LINE('',#1449,#1450);
#1449 = CARTESIAN_POINT('',(-20.,-13.75,82.5));
#1450 = VECTOR('',#1451,1.);
#1451 = DIRECTION('',(0.,0.,1.));
#1452 = ORIENTED_EDGE('',*,*,#1453,.F.);
#1453 = EDGE_CURVE('',#1022,#1446,#1454,.T.);
#1454 = CIRCLE('',#1455,2.5);
#1455 = AXIS2_PLACEMENT_3D('',#1456,#1457,#1458);
#1456 = CARTESIAN_POINT('',(-17.5,-13.75,97.5));
#1457 = DIRECTION('',(0.,1.,0.));
#1458 = DIRECTION('',(0.,-0.,1.));
#1459 = ORIENTED_EDGE('',*,*,#1021,.F.);
#1460 = PLANE('',#1461);
#1461 = AXIS2_PLACEMENT_3D('',#1462,#1463,#1464);
#1462 = CARTESIAN_POINT('',(-20.,-13.75,82.5));
#1463 = DIRECTION('',(-0.,1.,0.));
#1464 = DIRECTION('',(0.,0.,1.));
#1465 = ADVANCED_FACE('',(#1466),#1483,.F.);
#1466 = FACE_BOUND('',#1467,.F.);
#1467 = EDGE_LOOP('',(#1468,#1476,#1482));
#1468 = ORIENTED_EDGE('',*,*,#1469,.F.);
#1469 = EDGE_CURVE('',#1470,#1005,#1472,.T.);
#1470 = VERTEX_POINT('',#1471);
#1471 = CARTESIAN_POINT('',(-17.5,-13.75,82.5));
#1472 = LINE('',#1473,#1474);
#1473 = CARTESIAN_POINT('',(-17.5,-13.75,82.5));
#1474 = VECTOR('',#1475,1.);
#1475 = DIRECTION('',(1.,0.,-0.));
#1476 = ORIENTED_EDGE('',*,*,#1477,.T.);
#1477 = EDGE_CURVE('',#1470,#1013,#1478,.T.);
#1478 = LINE('',#1479,#1480);
#1479 = CARTESIAN_POINT('',(-17.5,-13.75,82.5));
#1480 = VECTOR('',#1481,1.);
#1481 = DIRECTION('',(0.,0.,1.));
#1482 = ORIENTED_EDGE('',*,*,#1012,.T.);
#1483 = PLANE('',#1484);
#1484 = AXIS2_PLACEMENT_3D('',#1485,#1486,#1487);
#1485 = CARTESIAN_POINT('',(-17.5,-13.75,82.5));
#1486 = DIRECTION('',(-0.,1.,0.));
#1487 = DIRECTION('',(0.,0.,1.));
#1488 = ADVANCED_FACE('',(#1489),#1499,.F.);
#1489 = FACE_BOUND('',#1490,.F.);
#1490 = EDGE_LOOP('',(#1491,#1497,#1498));
#1491 = ORIENTED_EDGE('',*,*,#1492,.F.);
#1492 = EDGE_CURVE('',#1097,#1302,#1493,.T.);
#1493 = LINE('',#1494,#1495);
#1494 = CARTESIAN_POINT('',(17.5,-13.75,80.));
#1495 = VECTOR('',#1496,1.);
#1496 = DIRECTION('',(0.,0.,1.));
#1497 = ORIENTED_EDGE('',*,*,#1106,.T.);
#1498 = ORIENTED_EDGE('',*,*,#1301,.T.);
#1499 = PLANE('',#1500);
#1500 = AXIS2_PLACEMENT_3D('',#1501,#1502,#1503);
#1501 = CARTESIAN_POINT('',(-17.5,-13.75,80.));
#1502 = DIRECTION('',(-0.,1.,0.));
#1503 = DIRECTION('',(0.,0.,1.));
#1504 = ADVANCED_FACE('',(#1505),#1530,.T.);
#1505 = FACE_BOUND('',#1506,.T.);
#1506 = EDGE_LOOP('',(#1507,#1516,#1517,#1524));
#1507 = ORIENTED_EDGE('',*,*,#1508,.F.);
#1508 = EDGE_CURVE('',#1124,#1509,#1511,.T.);
#1509 = VERTEX_POINT('',#1510);
#1510 = CARTESIAN_POINT('',(-20.,-11.25,82.5));
#1511 = CIRCLE('',#1512,2.5);
#1512 = AXIS2_PLACEMENT_3D('',#1513,#1514,#1515);
#1513 = CARTESIAN_POINT('',(-17.5,-11.25,82.5));
#1514 = DIRECTION('',(0.,1.,0.));
#1515 = DIRECTION('',(0.,-0.,1.));
#1516 = ORIENTED_EDGE('',*,*,#1121,.F.);
#1517 = ORIENTED_EDGE('',*,*,#1518,.T.);
#1518 = EDGE_CURVE('',#1122,#1437,#1519,.T.);
#1519 = CIRCLE('',#1520,2.5);
#1520 = AXIS2_PLACEMENT_3D('',#1521,#1522,#1523);
#1521 = CARTESIAN_POINT('',(-17.5,-13.75,82.5));
#1522 = DIRECTION('',(0.,1.,0.));
#1523 = DIRECTION('',(0.,-0.,1.));
#1524 = ORIENTED_EDGE('',*,*,#1525,.T.);
#1525 = EDGE_CURVE('',#1437,#1509,#1526,.T.);
#1526 = LINE('',#1527,#1528);
#1527 = CARTESIAN_POINT('',(-20.,-13.75,82.5));
#1528 = VECTOR('',#1529,1.);
#1529 = DIRECTION('',(-0.,1.,0.));
#1530 = CYLINDRICAL_SURFACE('',#1531,2.5);
#1531 = AXIS2_PLACEMENT_3D('',#1532,#1533,#1534);
#1532 = CARTESIAN_POINT('',(-17.5,-13.75,82.5));
#1533 = DIRECTION('',(0.,1.,0.));
#1534 = DIRECTION('',(0.,-0.,1.));
#1535 = ADVANCED_FACE('',(#1536),#1563,.T.);
#1536 = FACE_BOUND('',#1537,.T.);
#1537 = EDGE_LOOP('',(#1538,#1539,#1548,#1556));
#1538 = ORIENTED_EDGE('',*,*,#1147,.F.);
#1539 = ORIENTED_EDGE('',*,*,#1540,.F.);
#1540 = EDGE_CURVE('',#1541,#1124,#1543,.T.);
#1541 = VERTEX_POINT('',#1542);
#1542 = CARTESIAN_POINT('',(-15.,-11.25,82.5));
#1543 = CIRCLE('',#1544,2.5);
#1544 = AXIS2_PLACEMENT_3D('',#1545,#1546,#1547);
#1545 = CARTESIAN_POINT('',(-17.5,-11.25,82.5));
#1546 = DIRECTION('',(0.,1.,0.));
#1547 = DIRECTION('',(0.,-0.,1.));
#1548 = ORIENTED_EDGE('',*,*,#1549,.T.);
#1549 = EDGE_CURVE('',#1541,#1550,#1552,.T.);
#1550 = VERTEX_POINT('',#1551);
#1551 = CARTESIAN_POINT('',(15.,-11.25,82.5));
#1552 = LINE('',#1553,#1554);
#1553 = CARTESIAN_POINT('',(-17.5,-11.25,82.5));
#1554 = VECTOR('',#1555,1.);
#1555 = DIRECTION('',(1.,0.,-0.));
#1556 = ORIENTED_EDGE('',*,*,#1557,.F.);
#1557 = EDGE_CURVE('',#1140,#1550,#1558,.T.);
#1558 = CIRCLE('',#1559,2.5);
#1559 = AXIS2_PLACEMENT_3D('',#1560,#1561,#1562);
#1560 = CARTESIAN_POINT('',(17.5,-11.25,82.5));
#1561 = DIRECTION('',(0.,1.,0.));
#1562 = DIRECTION('',(0.,-0.,1.));
#1563 = PLANE('',#1564);
#1564 = AXIS2_PLACEMENT_3D('',#1565,#1566,#1567);
#1565 = CARTESIAN_POINT('',(-17.5,-11.25,80.));
#1566 = DIRECTION('',(-0.,1.,0.));
#1567 = DIRECTION('',(0.,0.,1.));
#1568 = ADVANCED_FACE('',(#1569),#1594,.T.);
#1569 = FACE_BOUND('',#1570,.T.);
#1570 = EDGE_LOOP('',(#1571,#1580,#1586,#1593));
#1571 = ORIENTED_EDGE('',*,*,#1572,.F.);
#1572 = EDGE_CURVE('',#1573,#1140,#1575,.T.);
#1573 = VERTEX_POINT('',#1574);
#1574 = CARTESIAN_POINT('',(20.,-11.25,82.5));
#1575 = CIRCLE('',#1576,2.5);
#1576 = AXIS2_PLACEMENT_3D('',#1577,#1578,#1579);
#1577 = CARTESIAN_POINT('',(17.5,-11.25,82.5));
#1578 = DIRECTION('',(0.,1.,0.));
#1579 = DIRECTION('',(0.,-0.,1.));
#1580 = ORIENTED_EDGE('',*,*,#1581,.F.);
#1581 = EDGE_CURVE('',#1325,#1573,#1582,.T.);
#1582 = LINE('',#1583,#1584);
#1583 = CARTESIAN_POINT('',(20.,-13.75,82.5));
#1584 = VECTOR('',#1585,1.);
#1585 = DIRECTION('',(-0.,1.,0.));
#1586 = ORIENTED_EDGE('',*,*,#1587,.T.);
#1587 = EDGE_CURVE('',#1325,#1097,#1588,.T.);
#1588 = CIRCLE('',#1589,2.5);
#1589 = AXIS2_PLACEMENT_3D('',#1590,#1591,#1592);
#1590 = CARTESIAN_POINT('',(17.5,-13.75,82.5));
#1591 = DIRECTION('',(0.,1.,0.));
#1592 = DIRECTION('',(0.,-0.,1.));
#1593 = ORIENTED_EDGE('',*,*,#1139,.T.);
#1594 = CYLINDRICAL_SURFACE('',#1595,2.5);
#1595 = AXIS2_PLACEMENT_3D('',#1596,#1597,#1598);
#1596 = CARTESIAN_POINT('',(17.5,-13.75,82.5));
#1597 = DIRECTION('',(0.,1.,0.));
#1598 = DIRECTION('',(0.,-0.,1.));
#1599 = ADVANCED_FACE('',(#1600),#1610,.F.);
#1600 = FACE_BOUND('',#1601,.F.);
#1601 = EDGE_LOOP('',(#1602,#1603,#1609));
#1602 = ORIENTED_EDGE('',*,*,#1162,.T.);
#1603 = ORIENTED_EDGE('',*,*,#1604,.T.);
#1604 = EDGE_CURVE('',#1122,#1470,#1605,.T.);
#1605 = LINE('',#1606,#1607);
#1606 = CARTESIAN_POINT('',(-17.5,-13.75,80.));
#1607 = VECTOR('',#1608,1.);
#1608 = DIRECTION('',(0.,0.,1.));
#1609 = ORIENTED_EDGE('',*,*,#1469,.T.);
#1610 = PLANE('',#1611);
#1611 = AXIS2_PLACEMENT_3D('',#1612,#1613,#1614);
#1612 = CARTESIAN_POINT('',(-17.5,-13.75,80.));
#1613 = DIRECTION('',(-0.,1.,0.));
#1614 = DIRECTION('',(0.,0.,1.));
#1615 = ADVANCED_FACE('',(#1616),#1626,.F.);
#1616 = FACE_BOUND('',#1617,.F.);
#1617 = EDGE_LOOP('',(#1618,#1624,#1625));
#1618 = ORIENTED_EDGE('',*,*,#1619,.F.);
#1619 = EDGE_CURVE('',#1302,#1325,#1620,.T.);
#1620 = LINE('',#1621,#1622);
#1621 = CARTESIAN_POINT('',(-20.,-13.75,82.5));
#1622 = VECTOR('',#1623,1.);
#1623 = DIRECTION('',(1.,0.,-0.));
#1624 = ORIENTED_EDGE('',*,*,#1310,.T.);
#1625 = ORIENTED_EDGE('',*,*,#1324,.T.);
#1626 = PLANE('',#1627);
#1627 = AXIS2_PLACEMENT_3D('',#1628,#1629,#1630);
#1628 = CARTESIAN_POINT('',(-20.,-13.75,82.5));
#1629 = DIRECTION('',(-0.,1.,0.));
#1630 = DIRECTION('',(0.,0.,1.));
#1631 = ADVANCED_FACE('',(#1632),#1650,.T.);
#1632 = FACE_BOUND('',#1633,.T.);
#1633 = EDGE_LOOP('',(#1634,#1635,#1636,#1644));
#1634 = ORIENTED_EDGE('',*,*,#1343,.F.);
#1635 = ORIENTED_EDGE('',*,*,#1581,.T.);
#1636 = ORIENTED_EDGE('',*,*,#1637,.T.);
#1637 = EDGE_CURVE('',#1573,#1638,#1640,.T.);
#1638 = VERTEX_POINT('',#1639);
#1639 = CARTESIAN_POINT('',(20.,-11.25,97.5));
#1640 = LINE('',#1641,#1642);
#1641 = CARTESIAN_POINT('',(20.,-11.25,82.5));
#1642 = VECTOR('',#1643,1.);
#1643 = DIRECTION('',(0.,0.,1.));
#1644 = ORIENTED_EDGE('',*,*,#1645,.F.);
#1645 = EDGE_CURVE('',#1335,#1638,#1646,.T.);
#1646 = LINE('',#1647,#1648);
#1647 = CARTESIAN_POINT('',(20.,-13.75,97.5));
#1648 = VECTOR('',#1649,1.);
#1649 = DIRECTION('',(-0.,1.,0.));
#1650 = PLANE('',#1651);
#1651 = AXIS2_PLACEMENT_3D('',#1652,#1653,#1654);
#1652 = CARTESIAN_POINT('',(20.,-13.75,82.5));
#1653 = DIRECTION('',(1.,0.,-0.));
#1654 = DIRECTION('',(0.,0.,1.));
#1655 = ADVANCED_FACE('',(#1656),#1666,.F.);
#1656 = FACE_BOUND('',#1657,.F.);
#1657 = EDGE_LOOP('',(#1658,#1659,#1660));
#1658 = ORIENTED_EDGE('',*,*,#1334,.T.);
#1659 = ORIENTED_EDGE('',*,*,#1357,.T.);
#1660 = ORIENTED_EDGE('',*,*,#1661,.T.);
#1661 = EDGE_CURVE('',#1358,#1335,#1662,.T.);
#1662 = LINE('',#1663,#1664);
#1663 = CARTESIAN_POINT('',(-20.,-13.75,97.5));
#1664 = VECTOR('',#1665,1.);
#1665 = DIRECTION('',(1.,0.,-0.));
#1666 = PLANE('',#1667);
#1667 = AXIS2_PLACEMENT_3D('',#1668,#1669,#1670);
#1668 = CARTESIAN_POINT('',(-20.,-13.75,82.5));
#1669 = DIRECTION('',(-0.,1.,0.));
#1670 = DIRECTION('',(0.,0.,1.));
#1671 = ADVANCED_FACE('',(#1672),#1682,.F.);
#1672 = FACE_BOUND('',#1673,.F.);
#1673 = EDGE_LOOP('',(#1674,#1680,#1681));
#1674 = ORIENTED_EDGE('',*,*,#1675,.F.);
#1675 = EDGE_CURVE('',#1358,#1391,#1676,.T.);
#1676 = LINE('',#1677,#1678);
#1677 = CARTESIAN_POINT('',(17.5,-13.75,80.));
#1678 = VECTOR('',#1679,1.);
#1679 = DIRECTION('',(0.,0.,1.));
#1680 = ORIENTED_EDGE('',*,*,#1366,.F.);
#1681 = ORIENTED_EDGE('',*,*,#1398,.T.);
#1682 = PLANE('',#1683);
#1683 = AXIS2_PLACEMENT_3D('',#1684,#1685,#1686);
#1684 = CARTESIAN_POINT('',(-17.5,-13.75,80.));
#1685 = DIRECTION('',(-0.,1.,0.));
#1686 = DIRECTION('',(0.,0.,1.));
#1687 = ADVANCED_FACE('',(#1688),#1713,.T.);
#1688 = FACE_BOUND('',#1689,.T.);
#1689 = EDGE_LOOP('',(#1690,#1698,#1699,#1707));
#1690 = ORIENTED_EDGE('',*,*,#1691,.F.);
#1691 = EDGE_CURVE('',#1382,#1692,#1694,.T.);
#1692 = VERTEX_POINT('',#1693);
#1693 = CARTESIAN_POINT('',(-17.5,-11.25,100.));
#1694 = LINE('',#1695,#1696);
#1695 = CARTESIAN_POINT('',(-17.5,-13.75,100.));
#1696 = VECTOR('',#1697,1.);
#1697 = DIRECTION('',(-0.,1.,0.));
#1698 = ORIENTED_EDGE('',*,*,#1390,.T.);
#1699 = ORIENTED_EDGE('',*,*,#1700,.T.);
#1700 = EDGE_CURVE('',#1391,#1701,#1703,.T.);
#1701 = VERTEX_POINT('',#1702);
#1702 = CARTESIAN_POINT('',(17.5,-11.25,100.));
#1703 = LINE('',#1704,#1705);
#1704 = CARTESIAN_POINT('',(17.5,-13.75,100.));
#1705 = VECTOR('',#1706,1.);
#1706 = DIRECTION('',(-0.,1.,0.));
#1707 = ORIENTED_EDGE('',*,*,#1708,.F.);
#1708 = EDGE_CURVE('',#1692,#1701,#1709,.T.);
#1709 = LINE('',#1710,#1711);
#1710 = CARTESIAN_POINT('',(-17.5,-11.25,100.));
#1711 = VECTOR('',#1712,1.);
#1712 = DIRECTION('',(1.,0.,-0.));
#1713 = PLANE('',#1714);
#1714 = AXIS2_PLACEMENT_3D('',#1715,#1716,#1717);
#1715 = CARTESIAN_POINT('',(-17.5,-13.75,100.));
#1716 = DIRECTION('',(0.,0.,1.));
#1717 = DIRECTION('',(1.,0.,-0.));
#1718 = ADVANCED_FACE('',(#1719),#1729,.F.);
#1719 = FACE_BOUND('',#1720,.F.);
#1720 = EDGE_LOOP('',(#1721,#1722,#1728));
#1721 = ORIENTED_EDGE('',*,*,#1422,.F.);
#1722 = ORIENTED_EDGE('',*,*,#1723,.T.);
#1723 = EDGE_CURVE('',#1415,#1382,#1724,.T.);
#1724 = LINE('',#1725,#1726);
#1725 = CARTESIAN_POINT('',(-17.5,-13.75,80.));
#1726 = VECTOR('',#1727,1.);
#1727 = DIRECTION('',(0.,0.,1.));
#1728 = ORIENTED_EDGE('',*,*,#1381,.T.);
#1729 = PLANE('',#1730);
#1730 = AXIS2_PLACEMENT_3D('',#1731,#1732,#1733);
#1731 = CARTESIAN_POINT('',(-17.5,-13.75,80.));
#1732 = DIRECTION('',(-0.,1.,0.));
#1733 = DIRECTION('',(0.,0.,1.));
#1734 = ADVANCED_FACE('',(#1735),#1745,.F.);
#1735 = FACE_BOUND('',#1736,.F.);
#1736 = EDGE_LOOP('',(#1737,#1738,#1744));
#1737 = ORIENTED_EDGE('',*,*,#1453,.T.);
#1738 = ORIENTED_EDGE('',*,*,#1739,.T.);
#1739 = EDGE_CURVE('',#1446,#1415,#1740,.T.);
#1740 = LINE('',#1741,#1742);
#1741 = CARTESIAN_POINT('',(-20.,-13.75,97.5));
#1742 = VECTOR('',#1743,1.);
#1743 = DIRECTION('',(1.,0.,-0.));
#1744 = ORIENTED_EDGE('',*,*,#1414,.F.);
#1745 = PLANE('',#1746);
#1746 = AXIS2_PLACEMENT_3D('',#1747,#1748,#1749);
#1747 = CARTESIAN_POINT('',(-20.,-13.75,82.5));
#1748 = DIRECTION('',(-0.,1.,0.));
#1749 = DIRECTION('',(0.,0.,1.));
#1750 = ADVANCED_FACE('',(#1751),#1761,.F.);
#1751 = FACE_BOUND('',#1752,.F.);
#1752 = EDGE_LOOP('',(#1753,#1759,#1760));
#1753 = ORIENTED_EDGE('',*,*,#1754,.F.);
#1754 = EDGE_CURVE('',#1437,#1470,#1755,.T.);
#1755 = LINE('',#1756,#1757);
#1756 = CARTESIAN_POINT('',(-20.,-13.75,82.5));
#1757 = VECTOR('',#1758,1.);
#1758 = DIRECTION('',(1.,0.,-0.));
#1759 = ORIENTED_EDGE('',*,*,#1436,.T.);
#1760 = ORIENTED_EDGE('',*,*,#1477,.F.);
#1761 = PLANE('',#1762);
#1762 = AXIS2_PLACEMENT_3D('',#1763,#1764,#1765);
#1763 = CARTESIAN_POINT('',(-20.,-13.75,82.5));
#1764 = DIRECTION('',(-0.,1.,0.));
#1765 = DIRECTION('',(0.,0.,1.));
#1766 = ADVANCED_FACE('',(#1767),#1785,.F.);
#1767 = FACE_BOUND('',#1768,.F.);
#1768 = EDGE_LOOP('',(#1769,#1770,#1771,#1779));
#1769 = ORIENTED_EDGE('',*,*,#1445,.F.);
#1770 = ORIENTED_EDGE('',*,*,#1525,.T.);
#1771 = ORIENTED_EDGE('',*,*,#1772,.T.);
#1772 = EDGE_CURVE('',#1509,#1773,#1775,.T.);
#1773 = VERTEX_POINT('',#1774);
#1774 = CARTESIAN_POINT('',(-20.,-11.25,97.5));
#1775 = LINE('',#1776,#1777);
#1776 = CARTESIAN_POINT('',(-20.,-11.25,82.5));
#1777 = VECTOR('',#1778,1.);
#1778 = DIRECTION('',(0.,0.,1.));
#1779 = ORIENTED_EDGE('',*,*,#1780,.F.);
#1780 = EDGE_CURVE('',#1446,#1773,#1781,.T.);
#1781 = LINE('',#1782,#1783);
#1782 = CARTESIAN_POINT('',(-20.,-13.75,97.5));
#1783 = VECTOR('',#1784,1.);
#1784 = DIRECTION('',(-0.,1.,0.));
#1785 = PLANE('',#1786);
#1786 = AXIS2_PLACEMENT_3D('',#1787,#1788,#1789);
#1787 = CARTESIAN_POINT('',(-20.,-13.75,82.5));
#1788 = DIRECTION('',(1.,0.,-0.));
#1789 = DIRECTION('',(0.,0.,1.));
#1790 = ADVANCED_FACE('',(#1791),#1796,.F.);
#1791 = FACE_BOUND('',#1792,.F.);
#1792 = EDGE_LOOP('',(#1793,#1794,#1795));
#1793 = ORIENTED_EDGE('',*,*,#1619,.T.);
#1794 = ORIENTED_EDGE('',*,*,#1587,.T.);
#1795 = ORIENTED_EDGE('',*,*,#1492,.T.);
#1796 = PLANE('',#1797);
#1797 = AXIS2_PLACEMENT_3D('',#1798,#1799,#1800);
#1798 = CARTESIAN_POINT('',(17.5,-13.75,82.5));
#1799 = DIRECTION('',(0.,1.,0.));
#1800 = DIRECTION('',(0.,-0.,1.));
#1801 = ADVANCED_FACE('',(#1802),#1819,.T.);
#1802 = FACE_BOUND('',#1803,.T.);
#1803 = EDGE_LOOP('',(#1804,#1812,#1813));
#1804 = ORIENTED_EDGE('',*,*,#1805,.F.);
#1805 = EDGE_CURVE('',#1124,#1806,#1808,.T.);
#1806 = VERTEX_POINT('',#1807);
#1807 = CARTESIAN_POINT('',(-17.5,-11.25,82.5));
#1808 = LINE('',#1809,#1810);
#1809 = CARTESIAN_POINT('',(-17.5,-11.25,80.));
#1810 = VECTOR('',#1811,1.);
#1811 = DIRECTION('',(0.,0.,1.));
#1812 = ORIENTED_EDGE('',*,*,#1508,.T.);
#1813 = ORIENTED_EDGE('',*,*,#1814,.T.);
#1814 = EDGE_CURVE('',#1509,#1806,#1815,.T.);
#1815 = LINE('',#1816,#1817);
#1816 = CARTESIAN_POINT('',(-20.,-11.25,82.5));
#1817 = VECTOR('',#1818,1.);
#1818 = DIRECTION('',(1.,0.,-0.));
#1819 = PLANE('',#1820);
#1820 = AXIS2_PLACEMENT_3D('',#1821,#1822,#1823);
#1821 = CARTESIAN_POINT('',(-17.5,-11.25,82.5));
#1822 = DIRECTION('',(0.,1.,0.));
#1823 = DIRECTION('',(0.,-0.,1.));
#1824 = ADVANCED_FACE('',(#1825),#1830,.F.);
#1825 = FACE_BOUND('',#1826,.F.);
#1826 = EDGE_LOOP('',(#1827,#1828,#1829));
#1827 = ORIENTED_EDGE('',*,*,#1604,.F.);
#1828 = ORIENTED_EDGE('',*,*,#1518,.T.);
#1829 = ORIENTED_EDGE('',*,*,#1754,.T.);
#1830 = PLANE('',#1831);
#1831 = AXIS2_PLACEMENT_3D('',#1832,#1833,#1834);
#1832 = CARTESIAN_POINT('',(-17.5,-13.75,82.5));
#1833 = DIRECTION('',(0.,1.,0.));
#1834 = DIRECTION('',(0.,-0.,1.));
#1835 = ADVANCED_FACE('',(#1836),#1853,.T.);
#1836 = FACE_BOUND('',#1837,.T.);
#1837 = EDGE_LOOP('',(#1838,#1846,#1847));
#1838 = ORIENTED_EDGE('',*,*,#1839,.F.);
#1839 = EDGE_CURVE('',#1140,#1840,#1842,.T.);
#1840 = VERTEX_POINT('',#1841);
#1841 = CARTESIAN_POINT('',(17.5,-11.25,82.5));
#1842 = LINE('',#1843,#1844);
#1843 = CARTESIAN_POINT('',(17.5,-11.25,80.));
#1844 = VECTOR('',#1845,1.);
#1845 = DIRECTION('',(0.,0.,1.));
#1846 = ORIENTED_EDGE('',*,*,#1557,.T.);
#1847 = ORIENTED_EDGE('',*,*,#1848,.T.);
#1848 = EDGE_CURVE('',#1550,#1840,#1849,.T.);
#1849 = LINE('',#1850,#1851);
#1850 = CARTESIAN_POINT('',(-17.5,-11.25,82.5));
#1851 = VECTOR('',#1852,1.);
#1852 = DIRECTION('',(1.,0.,-0.));
#1853 = PLANE('',#1854);
#1854 = AXIS2_PLACEMENT_3D('',#1855,#1856,#1857);
#1855 = CARTESIAN_POINT('',(-17.5,-11.25,80.));
#1856 = DIRECTION('',(-0.,1.,0.));
#1857 = DIRECTION('',(0.,0.,1.));
#1858 = ADVANCED_FACE('',(#1859),#1920,.T.);
#1859 = FACE_BOUND('',#1860,.T.);
#1860 = EDGE_LOOP('',(#1861,#1862,#1871,#1879,#1888,#1896,#1905,#1913));
#1861 = ORIENTED_EDGE('',*,*,#1549,.F.);
#1862 = ORIENTED_EDGE('',*,*,#1863,.F.);
#1863 = EDGE_CURVE('',#1864,#1541,#1866,.T.);
#1864 = VERTEX_POINT('',#1865);
#1865 = CARTESIAN_POINT('',(-17.5,-11.25,85.));
#1866 = CIRCLE('',#1867,2.5);
#1867 = AXIS2_PLACEMENT_3D('',#1868,#1869,#1870);
#1868 = CARTESIAN_POINT('',(-17.5,-11.25,82.5));
#1869 = DIRECTION('',(0.,1.,0.));
#1870 = DIRECTION('',(0.,-0.,1.));
#1871 = ORIENTED_EDGE('',*,*,#1872,.T.);
#1872 = EDGE_CURVE('',#1864,#1873,#1875,.T.);
#1873 = VERTEX_POINT('',#1874);
#1874 = CARTESIAN_POINT('',(-17.5,-11.25,95.));
#1875 = LINE('',#1876,#1877);
#1876 = CARTESIAN_POINT('',(-17.5,-11.25,82.5));
#1877 = VECTOR('',#1878,1.);
#1878 = DIRECTION('',(0.,0.,1.));
#1879 = ORIENTED_EDGE('',*,*,#1880,.F.);
#1880 = EDGE_CURVE('',#1881,#1873,#1883,.T.);
#1881 = VERTEX_POINT('',#1882);
#1882 = CARTESIAN_POINT('',(-15.,-11.25,97.5));
#1883 = CIRCLE('',#1884,2.5);
#1884 = AXIS2_PLACEMENT_3D('',#1885,#1886,#1887);
#1885 = CARTESIAN_POINT('',(-17.5,-11.25,97.5));
#1886 = DIRECTION('',(0.,1.,0.));
#1887 = DIRECTION('',(0.,-0.,1.));
#1888 = ORIENTED_EDGE('',*,*,#1889,.T.);
#1889 = EDGE_CURVE('',#1881,#1890,#1892,.T.);
#1890 = VERTEX_POINT('',#1891);
#1891 = CARTESIAN_POINT('',(15.,-11.25,97.5));
#1892 = LINE('',#1893,#1894);
#1893 = CARTESIAN_POINT('',(-17.5,-11.25,97.5));
#1894 = VECTOR('',#1895,1.);
#1895 = DIRECTION('',(1.,0.,-0.));
#1896 = ORIENTED_EDGE('',*,*,#1897,.F.);
#1897 = EDGE_CURVE('',#1898,#1890,#1900,.T.);
#1898 = VERTEX_POINT('',#1899);
#1899 = CARTESIAN_POINT('',(17.5,-11.25,95.));
#1900 = CIRCLE('',#1901,2.5);
#1901 = AXIS2_PLACEMENT_3D('',#1902,#1903,#1904);
#1902 = CARTESIAN_POINT('',(17.5,-11.25,97.5));
#1903 = DIRECTION('',(0.,1.,0.));
#1904 = DIRECTION('',(0.,-0.,1.));
#1905 = ORIENTED_EDGE('',*,*,#1906,.F.);
#1906 = EDGE_CURVE('',#1907,#1898,#1909,.T.);
#1907 = VERTEX_POINT('',#1908);
#1908 = CARTESIAN_POINT('',(17.5,-11.25,85.));
#1909 = LINE('',#1910,#1911);
#1910 = CARTESIAN_POINT('',(17.5,-11.25,82.5));
#1911 = VECTOR('',#1912,1.);
#1912 = DIRECTION('',(0.,0.,1.));
#1913 = ORIENTED_EDGE('',*,*,#1914,.F.);
#1914 = EDGE_CURVE('',#1550,#1907,#1915,.T.);
#1915 = CIRCLE('',#1916,2.5);
#1916 = AXIS2_PLACEMENT_3D('',#1917,#1918,#1919);
#1917 = CARTESIAN_POINT('',(17.5,-11.25,82.5));
#1918 = DIRECTION('',(0.,1.,0.));
#1919 = DIRECTION('',(0.,-0.,1.));
#1920 = PLANE('',#1921);
#1921 = AXIS2_PLACEMENT_3D('',#1922,#1923,#1924);
#1922 = CARTESIAN_POINT('',(-17.5,-11.25,82.5));
#1923 = DIRECTION('',(-0.,1.,0.));
#1924 = DIRECTION('',(0.,0.,1.));
#1925 = ADVANCED_FACE('',(#1926),#1936,.T.);
#1926 = FACE_BOUND('',#1927,.T.);
#1927 = EDGE_LOOP('',(#1928,#1929,#1930));
#1928 = ORIENTED_EDGE('',*,*,#1540,.T.);
#1929 = ORIENTED_EDGE('',*,*,#1805,.T.);
#1930 = ORIENTED_EDGE('',*,*,#1931,.T.);
#1931 = EDGE_CURVE('',#1806,#1541,#1932,.T.);
#1932 = LINE('',#1933,#1934);
#1933 = CARTESIAN_POINT('',(-17.5,-11.25,82.5));
#1934 = VECTOR('',#1935,1.);
#1935 = DIRECTION('',(1.,0.,-0.));
#1936 = PLANE('',#1937);
#1937 = AXIS2_PLACEMENT_3D('',#1938,#1939,#1940);
#1938 = CARTESIAN_POINT('',(-17.5,-11.25,80.));
#1939 = DIRECTION('',(-0.,1.,0.));
#1940 = DIRECTION('',(0.,0.,1.));
#1941 = ADVANCED_FACE('',(#1942),#1952,.T.);
#1942 = FACE_BOUND('',#1943,.T.);
#1943 = EDGE_LOOP('',(#1944,#1950,#1951));
#1944 = ORIENTED_EDGE('',*,*,#1945,.T.);
#1945 = EDGE_CURVE('',#1840,#1573,#1946,.T.);
#1946 = LINE('',#1947,#1948);
#1947 = CARTESIAN_POINT('',(-20.,-11.25,82.5));
#1948 = VECTOR('',#1949,1.);
#1949 = DIRECTION('',(1.,0.,-0.));
#1950 = ORIENTED_EDGE('',*,*,#1572,.T.);
#1951 = ORIENTED_EDGE('',*,*,#1839,.T.);
#1952 = PLANE('',#1953);
#1953 = AXIS2_PLACEMENT_3D('',#1954,#1955,#1956);
#1954 = CARTESIAN_POINT('',(17.5,-11.25,82.5));
#1955 = DIRECTION('',(0.,1.,0.));
#1956 = DIRECTION('',(0.,-0.,1.));
#1957 = ADVANCED_FACE('',(#1958),#1976,.T.);
#1958 = FACE_BOUND('',#1959,.T.);
#1959 = EDGE_LOOP('',(#1960,#1967,#1968,#1975));
#1960 = ORIENTED_EDGE('',*,*,#1961,.F.);
#1961 = EDGE_CURVE('',#1701,#1638,#1962,.T.);
#1962 = CIRCLE('',#1963,2.5);
#1963 = AXIS2_PLACEMENT_3D('',#1964,#1965,#1966);
#1964 = CARTESIAN_POINT('',(17.5,-11.25,97.5));
#1965 = DIRECTION('',(0.,1.,0.));
#1966 = DIRECTION('',(0.,-0.,1.));
#1967 = ORIENTED_EDGE('',*,*,#1700,.F.);
#1968 = ORIENTED_EDGE('',*,*,#1969,.T.);
#1969 = EDGE_CURVE('',#1391,#1335,#1970,.T.);
#1970 = CIRCLE('',#1971,2.5);
#1971 = AXIS2_PLACEMENT_3D('',#1972,#1973,#1974);
#1972 = CARTESIAN_POINT('',(17.5,-13.75,97.5));
#1973 = DIRECTION('',(0.,1.,0.));
#1974 = DIRECTION('',(0.,-0.,1.));
#1975 = ORIENTED_EDGE('',*,*,#1645,.T.);
#1976 = CYLINDRICAL_SURFACE('',#1977,2.5);
#1977 = AXIS2_PLACEMENT_3D('',#1978,#1979,#1980);
#1978 = CARTESIAN_POINT('',(17.5,-13.75,97.5));
#1979 = DIRECTION('',(0.,1.,0.));
#1980 = DIRECTION('',(0.,-0.,1.));
#1981 = ADVANCED_FACE('',(#1982),#2000,.T.);
#1982 = FACE_BOUND('',#1983,.T.);
#1983 = EDGE_LOOP('',(#1984,#1991,#1992,#1999));
#1984 = ORIENTED_EDGE('',*,*,#1985,.F.);
#1985 = EDGE_CURVE('',#1907,#1573,#1986,.T.);
#1986 = CIRCLE('',#1987,2.5);
#1987 = AXIS2_PLACEMENT_3D('',#1988,#1989,#1990);
#1988 = CARTESIAN_POINT('',(17.5,-11.25,82.5));
#1989 = DIRECTION('',(0.,1.,0.));
#1990 = DIRECTION('',(0.,-0.,1.));
#1991 = ORIENTED_EDGE('',*,*,#1906,.T.);
#1992 = ORIENTED_EDGE('',*,*,#1993,.F.);
#1993 = EDGE_CURVE('',#1638,#1898,#1994,.T.);
#1994 = CIRCLE('',#1995,2.5);
#1995 = AXIS2_PLACEMENT_3D('',#1996,#1997,#1998);
#1996 = CARTESIAN_POINT('',(17.5,-11.25,97.5));
#1997 = DIRECTION('',(0.,1.,0.));
#1998 = DIRECTION('',(0.,-0.,1.));
#1999 = ORIENTED_EDGE('',*,*,#1637,.F.);
#2000 = PLANE('',#2001);
#2001 = AXIS2_PLACEMENT_3D('',#2002,#2003,#2004);
#2002 = CARTESIAN_POINT('',(-20.,-11.25,82.5));
#2003 = DIRECTION('',(-0.,1.,0.));
#2004 = DIRECTION('',(0.,0.,1.));
#2005 = ADVANCED_FACE('',(#2006),#2011,.F.);
#2006 = FACE_BOUND('',#2007,.F.);
#2007 = EDGE_LOOP('',(#2008,#2009,#2010));
#2008 = ORIENTED_EDGE('',*,*,#1675,.T.);
#2009 = ORIENTED_EDGE('',*,*,#1969,.T.);
#2010 = ORIENTED_EDGE('',*,*,#1661,.F.);
#2011 = PLANE('',#2012);
#2012 = AXIS2_PLACEMENT_3D('',#2013,#2014,#2015);
#2013 = CARTESIAN_POINT('',(17.5,-13.75,97.5));
#2014 = DIRECTION('',(0.,1.,0.));
#2015 = DIRECTION('',(0.,-0.,1.));
#2016 = ADVANCED_FACE('',(#2017),#2035,.T.);
#2017 = FACE_BOUND('',#2018,.T.);
#2018 = EDGE_LOOP('',(#2019,#2026,#2027,#2034));
#2019 = ORIENTED_EDGE('',*,*,#2020,.F.);
#2020 = EDGE_CURVE('',#1773,#1692,#2021,.T.);
#2021 = CIRCLE('',#2022,2.5);
#2022 = AXIS2_PLACEMENT_3D('',#2023,#2024,#2025);
#2023 = CARTESIAN_POINT('',(-17.5,-11.25,97.5));
#2024 = DIRECTION('',(0.,1.,0.));
#2025 = DIRECTION('',(0.,-0.,1.));
#2026 = ORIENTED_EDGE('',*,*,#1780,.F.);
#2027 = ORIENTED_EDGE('',*,*,#2028,.T.);
#2028 = EDGE_CURVE('',#1446,#1382,#2029,.T.);
#2029 = CIRCLE('',#2030,2.5);
#2030 = AXIS2_PLACEMENT_3D('',#2031,#2032,#2033);
#2031 = CARTESIAN_POINT('',(-17.5,-13.75,97.5));
#2032 = DIRECTION('',(0.,1.,0.));
#2033 = DIRECTION('',(0.,-0.,1.));
#2034 = ORIENTED_EDGE('',*,*,#1691,.T.);
#2035 = CYLINDRICAL_SURFACE('',#2036,2.5);
#2036 = AXIS2_PLACEMENT_3D('',#2037,#2038,#2039);
#2037 = CARTESIAN_POINT('',(-17.5,-13.75,97.5));
#2038 = DIRECTION('',(0.,1.,0.));
#2039 = DIRECTION('',(0.,-0.,1.));
#2040 = ADVANCED_FACE('',(#2041),#2059,.T.);
#2041 = FACE_BOUND('',#2042,.T.);
#2042 = EDGE_LOOP('',(#2043,#2044,#2051,#2052));
#2043 = ORIENTED_EDGE('',*,*,#1889,.F.);
#2044 = ORIENTED_EDGE('',*,*,#2045,.F.);
#2045 = EDGE_CURVE('',#1692,#1881,#2046,.T.);
#2046 = CIRCLE('',#2047,2.5);
#2047 = AXIS2_PLACEMENT_3D('',#2048,#2049,#2050);
#2048 = CARTESIAN_POINT('',(-17.5,-11.25,97.5));
#2049 = DIRECTION('',(0.,1.,0.));
#2050 = DIRECTION('',(0.,-0.,1.));
#2051 = ORIENTED_EDGE('',*,*,#1708,.T.);
#2052 = ORIENTED_EDGE('',*,*,#2053,.F.);
#2053 = EDGE_CURVE('',#1890,#1701,#2054,.T.);
#2054 = CIRCLE('',#2055,2.5);
#2055 = AXIS2_PLACEMENT_3D('',#2056,#2057,#2058);
#2056 = CARTESIAN_POINT('',(17.5,-11.25,97.5));
#2057 = DIRECTION('',(0.,1.,0.));
#2058 = DIRECTION('',(0.,-0.,1.));
#2059 = PLANE('',#2060);
#2060 = AXIS2_PLACEMENT_3D('',#2061,#2062,#2063);
#2061 = CARTESIAN_POINT('',(-17.5,-11.25,80.));
#2062 = DIRECTION('',(-0.,1.,0.));
#2063 = DIRECTION('',(0.,0.,1.));
#2064 = ADVANCED_FACE('',(#2065),#2070,.F.);
#2065 = FACE_BOUND('',#2066,.F.);
#2066 = EDGE_LOOP('',(#2067,#2068,#2069));
#2067 = ORIENTED_EDGE('',*,*,#1739,.F.);
#2068 = ORIENTED_EDGE('',*,*,#2028,.T.);
#2069 = ORIENTED_EDGE('',*,*,#1723,.F.);
#2070 = PLANE('',#2071);
#2071 = AXIS2_PLACEMENT_3D('',#2072,#2073,#2074);
#2072 = CARTESIAN_POINT('',(-17.5,-13.75,97.5));
#2073 = DIRECTION('',(0.,1.,0.));
#2074 = DIRECTION('',(0.,-0.,1.));
#2075 = ADVANCED_FACE('',(#2076),#2094,.T.);
#2076 = FACE_BOUND('',#2077,.T.);
#2077 = EDGE_LOOP('',(#2078,#2085,#2086,#2093));
#2078 = ORIENTED_EDGE('',*,*,#2079,.F.);
#2079 = EDGE_CURVE('',#1509,#1864,#2080,.T.);
#2080 = CIRCLE('',#2081,2.5);
#2081 = AXIS2_PLACEMENT_3D('',#2082,#2083,#2084);
#2082 = CARTESIAN_POINT('',(-17.5,-11.25,82.5));
#2083 = DIRECTION('',(0.,1.,0.));
#2084 = DIRECTION('',(0.,-0.,1.));
#2085 = ORIENTED_EDGE('',*,*,#1772,.T.);
#2086 = ORIENTED_EDGE('',*,*,#2087,.F.);
#2087 = EDGE_CURVE('',#1873,#1773,#2088,.T.);
#2088 = CIRCLE('',#2089,2.5);
#2089 = AXIS2_PLACEMENT_3D('',#2090,#2091,#2092);
#2090 = CARTESIAN_POINT('',(-17.5,-11.25,97.5));
#2091 = DIRECTION('',(0.,1.,0.));
#2092 = DIRECTION('',(0.,-0.,1.));
#2093 = ORIENTED_EDGE('',*,*,#1872,.F.);
#2094 = PLANE('',#2095);
#2095 = AXIS2_PLACEMENT_3D('',#2096,#2097,#2098);
#2096 = CARTESIAN_POINT('',(-20.,-11.25,82.5));
#2097 = DIRECTION('',(-0.,1.,0.));
#2098 = DIRECTION('',(0.,0.,1.));
#2099 = ADVANCED_FACE('',(#2100),#2110,.T.);
#2100 = FACE_BOUND('',#2101,.T.);
#2101 = EDGE_LOOP('',(#2102,#2103,#2104));
#2102 = ORIENTED_EDGE('',*,*,#1814,.F.);
#2103 = ORIENTED_EDGE('',*,*,#2079,.T.);
#2104 = ORIENTED_EDGE('',*,*,#2105,.F.);
#2105 = EDGE_CURVE('',#1806,#1864,#2106,.T.);
#2106 = LINE('',#2107,#2108);
#2107 = CARTESIAN_POINT('',(-17.5,-11.25,82.5));
#2108 = VECTOR('',#2109,1.);
#2109 = DIRECTION('',(0.,0.,1.));
#2110 = PLANE('',#2111);
#2111 = AXIS2_PLACEMENT_3D('',#2112,#2113,#2114);
#2112 = CARTESIAN_POINT('',(-20.,-11.25,82.5));
#2113 = DIRECTION('',(-0.,1.,0.));
#2114 = DIRECTION('',(0.,0.,1.));
#2115 = ADVANCED_FACE('',(#2116),#2126,.T.);
#2116 = FACE_BOUND('',#2117,.T.);
#2117 = EDGE_LOOP('',(#2118,#2119,#2120));
#2118 = ORIENTED_EDGE('',*,*,#1848,.F.);
#2119 = ORIENTED_EDGE('',*,*,#1914,.T.);
#2120 = ORIENTED_EDGE('',*,*,#2121,.F.);
#2121 = EDGE_CURVE('',#1840,#1907,#2122,.T.);
#2122 = LINE('',#2123,#2124);
#2123 = CARTESIAN_POINT('',(17.5,-11.25,82.5));
#2124 = VECTOR('',#2125,1.);
#2125 = DIRECTION('',(0.,0.,1.));
#2126 = PLANE('',#2127);
#2127 = AXIS2_PLACEMENT_3D('',#2128,#2129,#2130);
#2128 = CARTESIAN_POINT('',(-17.5,-11.25,82.5));
#2129 = DIRECTION('',(-0.,1.,0.));
#2130 = DIRECTION('',(0.,0.,1.));
#2131 = ADVANCED_FACE('',(#2132),#2149,.T.);
#2132 = FACE_BOUND('',#2133,.T.);
#2133 = EDGE_LOOP('',(#2134,#2142,#2143));
#2134 = ORIENTED_EDGE('',*,*,#2135,.F.);
#2135 = EDGE_CURVE('',#1898,#2136,#2138,.T.);
#2136 = VERTEX_POINT('',#2137);
#2137 = CARTESIAN_POINT('',(17.5,-11.25,97.5));
#2138 = LINE('',#2139,#2140);
#2139 = CARTESIAN_POINT('',(17.5,-11.25,82.5));
#2140 = VECTOR('',#2141,1.);
#2141 = DIRECTION('',(0.,0.,1.));
#2142 = ORIENTED_EDGE('',*,*,#1897,.T.);
#2143 = ORIENTED_EDGE('',*,*,#2144,.T.);
#2144 = EDGE_CURVE('',#1890,#2136,#2145,.T.);
#2145 = LINE('',#2146,#2147);
#2146 = CARTESIAN_POINT('',(-17.5,-11.25,97.5));
#2147 = VECTOR('',#2148,1.);
#2148 = DIRECTION('',(1.,0.,-0.));
#2149 = PLANE('',#2150);
#2150 = AXIS2_PLACEMENT_3D('',#2151,#2152,#2153);
#2151 = CARTESIAN_POINT('',(-17.5,-11.25,82.5));
#2152 = DIRECTION('',(-0.,1.,0.));
#2153 = DIRECTION('',(0.,0.,1.));
#2154 = ADVANCED_FACE('',(#2155),#2172,.T.);
#2155 = FACE_BOUND('',#2156,.T.);
#2156 = EDGE_LOOP('',(#2157,#2158,#2166));
#2157 = ORIENTED_EDGE('',*,*,#1880,.T.);
#2158 = ORIENTED_EDGE('',*,*,#2159,.T.);
#2159 = EDGE_CURVE('',#1873,#2160,#2162,.T.);
#2160 = VERTEX_POINT('',#2161);
#2161 = CARTESIAN_POINT('',(-17.5,-11.25,97.5));
#2162 = LINE('',#2163,#2164);
#2163 = CARTESIAN_POINT('',(-17.5,-11.25,82.5));
#2164 = VECTOR('',#2165,1.);
#2165 = DIRECTION('',(0.,0.,1.));
#2166 = ORIENTED_EDGE('',*,*,#2167,.T.);
#2167 = EDGE_CURVE('',#2160,#1881,#2168,.T.);
#2168 = LINE('',#2169,#2170);
#2169 = CARTESIAN_POINT('',(-17.5,-11.25,97.5));
#2170 = VECTOR('',#2171,1.);
#2171 = DIRECTION('',(1.,0.,-0.));
#2172 = PLANE('',#2173);
#2173 = AXIS2_PLACEMENT_3D('',#2174,#2175,#2176);
#2174 = CARTESIAN_POINT('',(-17.5,-11.25,82.5));
#2175 = DIRECTION('',(-0.,1.,0.));
#2176 = DIRECTION('',(0.,0.,1.));
#2177 = ADVANCED_FACE('',(#2178),#2183,.T.);
#2178 = FACE_BOUND('',#2179,.T.);
#2179 = EDGE_LOOP('',(#2180,#2181,#2182));
#2180 = ORIENTED_EDGE('',*,*,#1931,.F.);
#2181 = ORIENTED_EDGE('',*,*,#2105,.T.);
#2182 = ORIENTED_EDGE('',*,*,#1863,.T.);
#2183 = PLANE('',#2184);
#2184 = AXIS2_PLACEMENT_3D('',#2185,#2186,#2187);
#2185 = CARTESIAN_POINT('',(-17.5,-11.25,82.5));
#2186 = DIRECTION('',(-0.,1.,0.));
#2187 = DIRECTION('',(0.,0.,1.));
#2188 = ADVANCED_FACE('',(#2189),#2194,.T.);
#2189 = FACE_BOUND('',#2190,.T.);
#2190 = EDGE_LOOP('',(#2191,#2192,#2193));
#2191 = ORIENTED_EDGE('',*,*,#1945,.F.);
#2192 = ORIENTED_EDGE('',*,*,#2121,.T.);
#2193 = ORIENTED_EDGE('',*,*,#1985,.T.);
#2194 = PLANE('',#2195);
#2195 = AXIS2_PLACEMENT_3D('',#2196,#2197,#2198);
#2196 = CARTESIAN_POINT('',(-20.,-11.25,82.5));
#2197 = DIRECTION('',(-0.,1.,0.));
#2198 = DIRECTION('',(0.,0.,1.));
#2199 = ADVANCED_FACE('',(#2200),#2215,.T.);
#2200 = FACE_BOUND('',#2201,.T.);
#2201 = EDGE_LOOP('',(#2202,#2208,#2209));
#2202 = ORIENTED_EDGE('',*,*,#2203,.T.);
#2203 = EDGE_CURVE('',#2136,#1701,#2204,.T.);
#2204 = LINE('',#2205,#2206);
#2205 = CARTESIAN_POINT('',(17.5,-11.25,80.));
#2206 = VECTOR('',#2207,1.);
#2207 = DIRECTION('',(0.,0.,1.));
#2208 = ORIENTED_EDGE('',*,*,#1961,.T.);
#2209 = ORIENTED_EDGE('',*,*,#2210,.F.);
#2210 = EDGE_CURVE('',#2136,#1638,#2211,.T.);
#2211 = LINE('',#2212,#2213);
#2212 = CARTESIAN_POINT('',(-20.,-11.25,97.5));
#2213 = VECTOR('',#2214,1.);
#2214 = DIRECTION('',(1.,0.,-0.));
#2215 = PLANE('',#2216);
#2216 = AXIS2_PLACEMENT_3D('',#2217,#2218,#2219);
#2217 = CARTESIAN_POINT('',(17.5,-11.25,97.5));
#2218 = DIRECTION('',(0.,1.,0.));
#2219 = DIRECTION('',(0.,-0.,1.));
#2220 = ADVANCED_FACE('',(#2221),#2226,.T.);
#2221 = FACE_BOUND('',#2222,.T.);
#2222 = EDGE_LOOP('',(#2223,#2224,#2225));
#2223 = ORIENTED_EDGE('',*,*,#1993,.T.);
#2224 = ORIENTED_EDGE('',*,*,#2135,.T.);
#2225 = ORIENTED_EDGE('',*,*,#2210,.T.);
#2226 = PLANE('',#2227);
#2227 = AXIS2_PLACEMENT_3D('',#2228,#2229,#2230);
#2228 = CARTESIAN_POINT('',(-20.,-11.25,82.5));
#2229 = DIRECTION('',(-0.,1.,0.));
#2230 = DIRECTION('',(0.,0.,1.));
#2231 = ADVANCED_FACE('',(#2232),#2247,.T.);
#2232 = FACE_BOUND('',#2233,.T.);
#2233 = EDGE_LOOP('',(#2234,#2240,#2241));
#2234 = ORIENTED_EDGE('',*,*,#2235,.F.);
#2235 = EDGE_CURVE('',#1773,#2160,#2236,.T.);
#2236 = LINE('',#2237,#2238);
#2237 = CARTESIAN_POINT('',(-20.,-11.25,97.5));
#2238 = VECTOR('',#2239,1.);
#2239 = DIRECTION('',(1.,0.,-0.));
#2240 = ORIENTED_EDGE('',*,*,#2020,.T.);
#2241 = ORIENTED_EDGE('',*,*,#2242,.F.);
#2242 = EDGE_CURVE('',#2160,#1692,#2243,.T.);
#2243 = LINE('',#2244,#2245);
#2244 = CARTESIAN_POINT('',(-17.5,-11.25,80.));
#2245 = VECTOR('',#2246,1.);
#2246 = DIRECTION('',(0.,0.,1.));
#2247 = PLANE('',#2248);
#2248 = AXIS2_PLACEMENT_3D('',#2249,#2250,#2251);
#2249 = CARTESIAN_POINT('',(-17.5,-11.25,97.5));
#2250 = DIRECTION('',(0.,1.,0.));
#2251 = DIRECTION('',(0.,-0.,1.));
#2252 = ADVANCED_FACE('',(#2253),#2258,.T.);
#2253 = FACE_BOUND('',#2254,.T.);
#2254 = EDGE_LOOP('',(#2255,#2256,#2257));
#2255 = ORIENTED_EDGE('',*,*,#2203,.F.);
#2256 = ORIENTED_EDGE('',*,*,#2144,.F.);
#2257 = ORIENTED_EDGE('',*,*,#2053,.T.);
#2258 = PLANE('',#2259);
#2259 = AXIS2_PLACEMENT_3D('',#2260,#2261,#2262);
#2260 = CARTESIAN_POINT('',(-17.5,-11.25,80.));
#2261 = DIRECTION('',(-0.,1.,0.));
#2262 = DIRECTION('',(0.,0.,1.));
#2263 = ADVANCED_FACE('',(#2264),#2269,.T.);
#2264 = FACE_BOUND('',#2265,.T.);
#2265 = EDGE_LOOP('',(#2266,#2267,#2268));
#2266 = ORIENTED_EDGE('',*,*,#2167,.F.);
#2267 = ORIENTED_EDGE('',*,*,#2242,.T.);
#2268 = ORIENTED_EDGE('',*,*,#2045,.T.);
#2269 = PLANE('',#2270);
#2270 = AXIS2_PLACEMENT_3D('',#2271,#2272,#2273);
#2271 = CARTESIAN_POINT('',(-17.5,-11.25,80.));
#2272 = DIRECTION('',(-0.,1.,0.));
#2273 = DIRECTION('',(0.,0.,1.));
#2274 = ADVANCED_FACE('',(#2275),#2280,.T.);
#2275 = FACE_BOUND('',#2276,.T.);
#2276 = EDGE_LOOP('',(#2277,#2278,#2279));
#2277 = ORIENTED_EDGE('',*,*,#2087,.T.);
#2278 = ORIENTED_EDGE('',*,*,#2235,.T.);
#2279 = ORIENTED_EDGE('',*,*,#2159,.F.);
#2280 = PLANE('',#2281);
#2281 = AXIS2_PLACEMENT_3D('',#2282,#2283,#2284);
#2282 = CARTESIAN_POINT('',(-20.,-11.25,82.5));
#2283 = DIRECTION('',(-0.,1.,0.));
#2284 = DIRECTION('',(0.,0.,1.));
#2285 = MANIFOLD_SOLID_BREP('',#2286);
#2286 = CLOSED_SHELL('',(#2287,#2332,#2392,#2437,#2500,#2619,#2636,#2791
    ,#2872,#3101,#3227,#3340,#3385,#3422,#3458,#3494,#3530,#3566,#3804,
    #3840,#3875,#4158,#4322,#4478,#4513,#4817,#4864,#5440,#5470,#5866,
    #6064,#6082,#6108,#6126,#6171,#6313,#6350,#6367,#6385,#6398,#6443,
    #6585,#6608,#6741,#6836,#6923,#6981,#7114,#7209,#7296,#7354,#7381,
    #7395,#7421,#7448,#7462,#7488,#7513,#7538,#7551));
#2287 = ADVANCED_FACE('',(#2288),#2327,.T.);
#2288 = FACE_BOUND('',#2289,.T.);
#2289 = EDGE_LOOP('',(#2290,#2301,#2310,#2311,#2320));
#2290 = ORIENTED_EDGE('',*,*,#2291,.T.);
#2291 = EDGE_CURVE('',#2292,#2294,#2296,.T.);
#2292 = VERTEX_POINT('',#2293);
#2293 = CARTESIAN_POINT('',(2.139982021164,-1.537373170027,
    108.43421082312));
#2294 = VERTEX_POINT('',#2295);
#2295 = CARTESIAN_POINT('',(3.730303203642,0.5,108.84168545713));
#2296 = CIRCLE('',#2297,3.920944989008);
#2297 = AXIS2_PLACEMENT_3D('',#2298,#2299,#2300);
#2298 = CARTESIAN_POINT('',(0.,1.684291258244,109.07854370878));
#2299 = DIRECTION('',(0.,-0.196116135138,0.980580675691));
#2300 = DIRECTION('',(0.,-0.980580675691,-0.196116135138));
#2301 = ORIENTED_EDGE('',*,*,#2302,.T.);
#2302 = EDGE_CURVE('',#2294,#2303,#2305,.T.);
#2303 = VERTEX_POINT('',#2304);
#2304 = CARTESIAN_POINT('',(4.40872847693E-16,0.5,122.2));
#2305 = CIRCLE('',#2306,7.2);
#2306 = AXIS2_PLACEMENT_3D('',#2307,#2308,#2309);
#2307 = CARTESIAN_POINT('',(0.,0.5,115.));
#2308 = DIRECTION('',(-2.449293598295E-16,-1.,0.));
#2309 = DIRECTION('',(1.,-2.449293598295E-16,0.));
#2310 = ORIENTED_EDGE('',*,*,#2302,.F.);
#2311 = ORIENTED_EDGE('',*,*,#2312,.T.);
#2312 = EDGE_CURVE('',#2294,#2313,#2315,.T.);
#2313 = VERTEX_POINT('',#2314);
#2314 = CARTESIAN_POINT('',(-2.139982021164,-1.537373170027,
    108.43421082312));
#2315 = CIRCLE('',#2316,3.920944989008);
#2316 = AXIS2_PLACEMENT_3D('',#2317,#2318,#2319);
#2317 = CARTESIAN_POINT('',(0.,1.684291258244,109.07854370878));
#2318 = DIRECTION('',(0.,-0.196116135138,0.980580675691));
#2319 = DIRECTION('',(0.,-0.980580675691,-0.196116135138));
#2320 = ORIENTED_EDGE('',*,*,#2321,.F.);
#2321 = EDGE_CURVE('',#2292,#2313,#2322,.T.);
#2322 = CIRCLE('',#2323,2.686333694081);
#2323 = AXIS2_PLACEMENT_3D('',#2324,#2325,#2326);
#2324 = CARTESIAN_POINT('',(0.,8.330739299611E-02,108.33291828793));
#2325 = DIRECTION('',(0.,-6.237828615518E-02,-0.998052578483));
#2326 = DIRECTION('',(0.,0.998052578483,-6.237828615518E-02));
#2327 = SPHERICAL_SURFACE('',#2328,7.2);
#2328 = AXIS2_PLACEMENT_3D('',#2329,#2330,#2331);
#2329 = CARTESIAN_POINT('',(0.,0.5,115.));
#2330 = DIRECTION('',(0.,0.,1.));
#2331 = DIRECTION('',(1.,0.,-0.));
#2332 = ADVANCED_FACE('',(#2333),#2387,.T.);
#2333 = FACE_BOUND('',#2334,.T.);
#2334 = EDGE_LOOP('',(#2335,#2346,#2355,#2375,#2376,#2377));
#2335 = ORIENTED_EDGE('',*,*,#2336,.T.);
#2336 = EDGE_CURVE('',#2337,#2339,#2341,.T.);
#2337 = VERTEX_POINT('',#2338);
#2338 = CARTESIAN_POINT('',(2.839324053762,-0.504255489503,
    107.82702195801));
#2339 = VERTEX_POINT('',#2340);
#2340 = CARTESIAN_POINT('',(3.708722988212,2.,108.32787305591));
#2341 = CIRCLE('',#2342,3.712275142542);
#2342 = AXIS2_PLACEMENT_3D('',#2343,#2344,#2345);
#2343 = CARTESIAN_POINT('',(0.,1.840793643094,108.29603178453));
#2344 = DIRECTION('',(0.,-0.196116135138,0.980580675691));
#2345 = DIRECTION('',(0.,-0.980580675691,-0.196116135138));
#2346 = ORIENTED_EDGE('',*,*,#2347,.T.);
#2347 = EDGE_CURVE('',#2339,#2348,#2350,.T.);
#2348 = VERTEX_POINT('',#2349);
#2349 = CARTESIAN_POINT('',(-2.839324053762,-0.504255489503,
    107.82702195801));
#2350 = CIRCLE('',#2351,3.712275142542);
#2351 = AXIS2_PLACEMENT_3D('',#2352,#2353,#2354);
#2352 = CARTESIAN_POINT('',(0.,1.840793643094,108.29603178453));
#2353 = DIRECTION('',(0.,-0.196116135138,0.980580675691));
#2354 = DIRECTION('',(0.,-0.980580675691,-0.196116135138));
#2355 = ORIENTED_EDGE('',*,*,#2356,.F.);
#2356 = EDGE_CURVE('',#2313,#2348,#2357,.T.);
#2357 = B_SPLINE_CURVE_WITH_KNOTS('',4,(#2358,#2359,#2360,#2361,#2362,
    #2363,#2364,#2365,#2366,#2367,#2368,#2369,#2370,#2371,#2372,#2373,
    #2374),.UNSPECIFIED.,.F.,.F.,(5,3,3,3,3,5),(0.,0.250440727242,
    0.481338110954,0.728512287054,0.970896585968,1.),.UNSPECIFIED.);
#2358 = CARTESIAN_POINT('',(-2.139982021165,-1.537373170027,
    108.43421082312));
#2359 = CARTESIAN_POINT('',(-2.202621364144,-1.477185749555,
    108.40526351516));
#2360 = CARTESIAN_POINT('',(-2.262193004098,-1.415406792704,
    108.37480476496));
#2361 = CARTESIAN_POINT('',(-2.318619352016,-1.352350619719,
    108.34283544728));
#2362 = CARTESIAN_POINT('',(-2.420971739999,-1.229315648936,
    108.27848570989));
#2363 = CARTESIAN_POINT('',(-2.467373376627,-1.16948054202,
    108.24633207115));
#2364 = CARTESIAN_POINT('',(-2.511057223861,-1.109079059735,
    108.21289212869));
#2365 = CARTESIAN_POINT('',(-2.595898031655,-0.983358197586,
    108.14098701034));
#2366 = CARTESIAN_POINT('',(-2.636659523546,-0.917992246624,
    108.10233384727));
#2367 = CARTESIAN_POINT('',(-2.674330357983,-0.852564514731,
    108.06220121137));
#2368 = CARTESIAN_POINT('',(-2.742911484728,-0.723446884214,
    107.97977860842));
#2369 = CARTESIAN_POINT('',(-2.773938375697,-0.659747881907,
    107.93754566675));
#2370 = CARTESIAN_POINT('',(-2.802080366995,-0.596558932852,
    107.89388544008));
#2371 = CARTESIAN_POINT('',(-2.830445231991,-0.526663770681,
    107.84338588728));
#2372 = CARTESIAN_POINT('',(-2.833445311475,-0.519182366586,
    107.8379517936));
#2373 = CARTESIAN_POINT('',(-2.836404879039,-0.511712780471,
    107.83249714891));
#2374 = CARTESIAN_POINT('',(-2.839324053762,-0.504255489503,
    107.82702195801));
#2375 = ORIENTED_EDGE('',*,*,#2312,.F.);
#2376 = ORIENTED_EDGE('',*,*,#2291,.F.);
#2377 = ORIENTED_EDGE('',*,*,#2378,.F.);
#2378 = EDGE_CURVE('',#2337,#2292,#2379,.T.);
#2379 = B_SPLINE_CURVE_WITH_KNOTS('',6,(#2380,#2381,#2382,#2383,#2384,
    #2385,#2386),.UNSPECIFIED.,.F.,.F.,(7,7),(0.,1.),
  .PIECEWISE_BEZIER_KNOTS.);
#2380 = CARTESIAN_POINT('',(2.839324053762,-0.504255489504,
    107.82702195801));
#2381 = CARTESIAN_POINT('',(2.772454198785,-0.675080470174,
    107.95244275543));
#2382 = CARTESIAN_POINT('',(2.686515665899,-0.851694612716,
    108.06814768955));
#2383 = CARTESIAN_POINT('',(2.580523952272,-1.030280900996,
    108.17414231722));
#2384 = CARTESIAN_POINT('',(2.453894766061,-1.206796552365,
    108.27046036798));
#2385 = CARTESIAN_POINT('',(2.306738017959,-1.377144584957,
    108.35714843765));
#2386 = CARTESIAN_POINT('',(2.139982021165,-1.537373170027,
    108.43421082312));
#2387 = CONICAL_SURFACE('',#2388,5.5,0.255761501847);
#2388 = AXIS2_PLACEMENT_3D('',#2389,#2390,#2391);
#2389 = CARTESIAN_POINT('',(0.,0.5,115.));
#2390 = DIRECTION('',(-0.,-0.196116135138,0.980580675691));
#2391 = DIRECTION('',(0.,-0.980580675691,-0.196116135138));
#2392 = ADVANCED_FACE('',(#2393),#2432,.T.);
#2393 = FACE_BOUND('',#2394,.T.);
#2394 = EDGE_LOOP('',(#2395,#2406,#2413,#2414,#2415,#2416,#2425));
#2395 = ORIENTED_EDGE('',*,*,#2396,.T.);
#2396 = EDGE_CURVE('',#2397,#2399,#2401,.T.);
#2397 = VERTEX_POINT('',#2398);
#2398 = CARTESIAN_POINT('',(2.622946421864,-6.42436587974E-16,
    105.5439258027));
#2399 = VERTEX_POINT('',#2400);
#2400 = CARTESIAN_POINT('',(2.753888160402,-6.745080641691E-16,105.81));
#2401 = CIRCLE('',#2402,3.);
#2402 = AXIS2_PLACEMENT_3D('',#2403,#2404,#2405);
#2403 = CARTESIAN_POINT('',(0.,0.,107.));
#2404 = DIRECTION('',(-2.449293598295E-16,-1.,0.));
#2405 = DIRECTION('',(1.,-2.449293598295E-16,0.));
#2406 = ORIENTED_EDGE('',*,*,#2407,.T.);
#2407 = EDGE_CURVE('',#2399,#2337,#2408,.T.);
#2408 = CIRCLE('',#2409,2.986084392645);
#2409 = AXIS2_PLACEMENT_3D('',#2410,#2411,#2412);
#2410 = CARTESIAN_POINT('',(0.,-0.28,106.93));
#2411 = DIRECTION('',(0.,-0.970142500145,-0.242535625036));
#2412 = DIRECTION('',(0.,0.242535625036,-0.970142500145));
#2413 = ORIENTED_EDGE('',*,*,#2378,.T.);
#2414 = ORIENTED_EDGE('',*,*,#2321,.T.);
#2415 = ORIENTED_EDGE('',*,*,#2356,.T.);
#2416 = ORIENTED_EDGE('',*,*,#2417,.T.);
#2417 = EDGE_CURVE('',#2348,#2418,#2420,.T.);
#2418 = VERTEX_POINT('',#2419);
#2419 = CARTESIAN_POINT('',(-2.618617388382,6.8065494064E-02,
    105.53773803247));
#2420 = CIRCLE('',#2421,2.986084392645);
#2421 = AXIS2_PLACEMENT_3D('',#2422,#2423,#2424);
#2422 = CARTESIAN_POINT('',(0.,-0.28,106.93));
#2423 = DIRECTION('',(0.,-0.970142500145,-0.242535625036));
#2424 = DIRECTION('',(0.,0.242535625036,-0.970142500145));
#2425 = ORIENTED_EDGE('',*,*,#2426,.F.);
#2426 = EDGE_CURVE('',#2397,#2418,#2427,.T.);
#2427 = CIRCLE('',#2428,2.626257075689);
#2428 = AXIS2_PLACEMENT_3D('',#2429,#2430,#2431);
#2429 = CARTESIAN_POINT('',(0.,-0.131285378445,105.5558608371));
#2430 = DIRECTION('',(0.,-9.053574604252E-02,-0.995893206468));
#2431 = DIRECTION('',(0.,0.995893206468,-9.053574604252E-02));
#2432 = SPHERICAL_SURFACE('',#2433,3.);
#2433 = AXIS2_PLACEMENT_3D('',#2434,#2435,#2436);
#2434 = CARTESIAN_POINT('',(0.,0.,107.));
#2435 = DIRECTION('',(0.,0.,1.));
#2436 = DIRECTION('',(1.,0.,-0.));
#2437 = ADVANCED_FACE('',(#2438),#2495,.T.);
#2438 = FACE_BOUND('',#2439,.T.);
#2439 = EDGE_LOOP('',(#2440,#2449,#2450,#2451,#2460));
#2440 = ORIENTED_EDGE('',*,*,#2441,.T.);
#2441 = EDGE_CURVE('',#2442,#2339,#2444,.T.);
#2442 = VERTEX_POINT('',#2443);
#2443 = CARTESIAN_POINT('',(1.374960783607,2.,103.95747507509));
#2444 = CIRCLE('',#2445,3.8);
#2445 = AXIS2_PLACEMENT_3D('',#2446,#2447,#2448);
#2446 = CARTESIAN_POINT('',(0.,2.,107.5));
#2447 = DIRECTION('',(-2.449293598295E-16,-1.,0.));
#2448 = DIRECTION('',(1.,-2.449293598295E-16,0.));
#2449 = ORIENTED_EDGE('',*,*,#2336,.F.);
#2450 = ORIENTED_EDGE('',*,*,#2407,.F.);
#2451 = ORIENTED_EDGE('',*,*,#2452,.F.);
#2452 = EDGE_CURVE('',#2453,#2399,#2455,.T.);
#2453 = VERTEX_POINT('',#2454);
#2454 = CARTESIAN_POINT('',(2.618617393237,6.806550385891E-02,
    105.53773804226));
#2455 = CIRCLE('',#2456,2.986084392645);
#2456 = AXIS2_PLACEMENT_3D('',#2457,#2458,#2459);
#2457 = CARTESIAN_POINT('',(0.,-0.28,106.93));
#2458 = DIRECTION('',(0.,-0.970142500145,-0.242535625036));
#2459 = DIRECTION('',(0.,0.242535625036,-0.970142500145));
#2460 = ORIENTED_EDGE('',*,*,#2461,.T.);
#2461 = EDGE_CURVE('',#2453,#2442,#2462,.T.);
#2462 = B_SPLINE_CURVE_WITH_KNOTS('',7,(#2463,#2464,#2465,#2466,#2467,
    #2468,#2469,#2470,#2471,#2472,#2473,#2474,#2475,#2476,#2477,#2478,
    #2479,#2480,#2481,#2482,#2483,#2484,#2485,#2486,#2487,#2488,#2489,
    #2490,#2491,#2492,#2493,#2494),.UNSPECIFIED.,.F.,.F.,(8,6,6,6,6,8),(
    0.,8.420490636202E-02,0.287232499311,0.608032224889,0.776430292191,
    1.),.UNSPECIFIED.);
#2463 = CARTESIAN_POINT('',(2.446166988724,-0.877441860465,
    107.07976744186));
#2464 = CARTESIAN_POINT('',(2.453438099122,-0.864142113024,
    107.03102562165));
#2465 = CARTESIAN_POINT('',(2.460974260254,-0.849587231083,
    106.9824658856));
#2466 = CARTESIAN_POINT('',(2.468721785552,-0.833810952493,106.934104441
    ));
#2467 = CARTESIAN_POINT('',(2.476625734036,-0.816848072957,
    106.88595481438));
#2468 = CARTESIAN_POINT('',(2.484630769341,-0.798733825561,
    106.83802804182));
#2469 = CARTESIAN_POINT('',(2.492682018761,-0.779503260305,
    106.79033285919));
#2470 = CARTESIAN_POINT('',(2.520120721343,-0.710214549558,
    106.6284517558));
#2471 = CARTESIAN_POINT('',(2.539469751564,-0.654955731695,
    106.5154307458));
#2472 = CARTESIAN_POINT('',(2.558024540177,-0.593887467375,
    106.40387874511));
#2473 = CARTESIAN_POINT('',(2.575068478821,-0.527470907256,
    106.29384307433));
#2474 = CARTESIAN_POINT('',(2.589945922895,-0.456147763477,
    106.18535774828));
#2475 = CARTESIAN_POINT('',(2.60206564338,-0.380335135249,
    106.07844567485));
#2476 = CARTESIAN_POINT('',(2.624803877685,-0.174154063849,
    105.80669138071));
#2477 = CARTESIAN_POINT('',(2.630466930599,-3.771005489855E-02,
    105.64429957695));
#2478 = CARTESIAN_POINT('',(2.625720026442,0.107363336205,
    105.48597454803));
#2479 = CARTESIAN_POINT('',(2.60867535727,0.259484677306,105.33194856332
    ));
#2480 = CARTESIAN_POINT('',(2.577675438486,0.416936235962,
    105.18259777098));
#2481 = CARTESIAN_POINT('',(2.531284081525,0.577807717688,
    105.03841700075));
#2482 = CARTESIAN_POINT('',(2.435234556751,0.825116828404,104.8273795098
    ));
#2483 = CARTESIAN_POINT('',(2.397604075295,0.910593776363,104.7563412056
    ));
#2484 = CARTESIAN_POINT('',(2.355238766606,0.996099824733,
    104.68700731159));
#2485 = CARTESIAN_POINT('',(2.30799607103,1.081292807686,104.61949144321
    ));
#2486 = CARTESIAN_POINT('',(2.255763897583,1.165803597697,
    104.55392216799));
#2487 = CARTESIAN_POINT('',(2.198469315736,1.249236965727,
    104.49044150456));
#2488 = CARTESIAN_POINT('',(2.053275163277,1.439955684677,
    104.34790337624));
#2489 = CARTESIAN_POINT('',(1.961506641134,1.546088845047,
    104.27056474942));
#2490 = CARTESIAN_POINT('',(1.860732081508,1.64860549535,104.1975397042)
  );
#2491 = CARTESIAN_POINT('',(1.751073407438,1.746422524413,
    104.12925055462));
#2492 = CARTESIAN_POINT('',(1.63294029777,1.838382747035,104.06615654433
    ));
#2493 = CARTESIAN_POINT('',(1.507064665379,1.923278890962,
    104.00874857653));
#2494 = CARTESIAN_POINT('',(1.374960783607,2.,103.95747507509));
#2495 = SPHERICAL_SURFACE('',#2496,3.8);
#2496 = AXIS2_PLACEMENT_3D('',#2497,#2498,#2499);
#2497 = CARTESIAN_POINT('',(0.,2.,107.5));
#2498 = DIRECTION('',(0.,0.,1.));
#2499 = DIRECTION('',(1.,0.,-0.));
#2500 = ADVANCED_FACE('',(#2501),#2614,.T.);
#2501 = FACE_BOUND('',#2502,.T.);
#2502 = EDGE_LOOP('',(#2503,#2504,#2505,#2542,#2613));
#2503 = ORIENTED_EDGE('',*,*,#2347,.F.);
#2504 = ORIENTED_EDGE('',*,*,#2441,.F.);
#2505 = ORIENTED_EDGE('',*,*,#2506,.T.);
#2506 = EDGE_CURVE('',#2442,#2507,#2509,.T.);
#2507 = VERTEX_POINT('',#2508);
#2508 = CARTESIAN_POINT('',(6.503620472263E-16,2.3678769529,
    103.71784895231));
#2509 = B_SPLINE_CURVE_WITH_KNOTS('',7,(#2510,#2511,#2512,#2513,#2514,
    #2515,#2516,#2517,#2518,#2519,#2520,#2521,#2522,#2523,#2524,#2525,
    #2526,#2527,#2528,#2529,#2530,#2531,#2532,#2533,#2534,#2535,#2536,
    #2537,#2538,#2539,#2540,#2541),.UNSPECIFIED.,.F.,.F.,(8,6,6,6,6,8),(
    0.,0.284732806518,0.486132698853,0.686045727295,0.832937205661,1.),
  .UNSPECIFIED.);
#2510 = CARTESIAN_POINT('',(1.374960783607,2.,103.95747507509));
#2511 = CARTESIAN_POINT('',(1.30780467604,2.039001814171,103.93140976399
    ));
#2512 = CARTESIAN_POINT('',(1.239072867525,2.075871455674,
    103.90694281515));
#2513 = CARTESIAN_POINT('',(1.168948014856,2.110477874674,
    103.88412287146));
#2514 = CARTESIAN_POINT('',(1.097712114299,2.14266681713,103.86301604629
    ));
#2515 = CARTESIAN_POINT('',(1.025763246779,2.172281249036,
    103.84369155773));
#2516 = CARTESIAN_POINT('',(0.953670646649,2.199190989708,
    103.82620384317));
#2517 = CARTESIAN_POINT('',(0.831560437093,2.240418499496,
    103.79950279916));
#2518 = CARTESIAN_POINT('',(0.781257637788,2.256116437108,
    103.78936582053));
#2519 = CARTESIAN_POINT('',(0.731534128795,2.270398225493,
    103.78016682719));
#2520 = CARTESIAN_POINT('',(0.682737401815,2.283247376628,
    103.77190835559));
#2521 = CARTESIAN_POINT('',(0.635240265776,2.294684797326,
    103.76457021586));
#2522 = CARTESIAN_POINT('',(0.589394727944,2.304773713457,
    103.75810658078));
#2523 = CARTESIAN_POINT('',(0.501867308631,2.322380213184,
    103.74684003508));
#2524 = CARTESIAN_POINT('',(0.460139787271,2.329919661558,103.7420230245
    ));
#2525 = CARTESIAN_POINT('',(0.420567962534,2.336316475905,
    103.73794084622));
#2526 = CARTESIAN_POINT('',(0.383242801806,2.341714042717,
    103.73449931609));
#2527 = CARTESIAN_POINT('',(0.348099017918,2.346262515817,
    103.73160104522));
#2528 = CARTESIAN_POINT('',(0.31496770415,2.35009358501,103.72916117902)
  );
#2529 = CARTESIAN_POINT('',(0.260633570358,2.355687366404,
    103.72560015979));
#2530 = CARTESIAN_POINT('',(0.238591015583,2.357729797616,
    103.72430047985));
#2531 = CARTESIAN_POINT('',(0.21742801671,2.359490207321,103.7231806123)
  );
#2532 = CARTESIAN_POINT('',(0.197047029645,2.361005845682,
    103.72221668246));
#2533 = CARTESIAN_POINT('',(0.177348015773,2.362307096153,
    103.72138925679));
#2534 = CARTESIAN_POINT('',(0.158231999196,2.363418191165,103.7206828564
    ));
#2535 = CARTESIAN_POINT('',(0.118419315001,2.365426710272,
    103.71940605109));
#2536 = CARTESIAN_POINT('',(9.786827405738E-02,2.366273840934,
    103.71886764283));
#2537 = CARTESIAN_POINT('',(7.781097100772E-02,2.366926827379,
    103.71845268172));
#2538 = CARTESIAN_POINT('',(5.811757520353E-02,2.367404827161,
    103.71814894461));
#2539 = CARTESIAN_POINT('',(3.866500229002E-02,2.367719682159,
    103.71794888225));
#2540 = CARTESIAN_POINT('',(1.933296100869E-02,2.367876952901,
    103.71784895231));
#2541 = CARTESIAN_POINT('',(1.126298332124E-17,2.3678769529,
    103.71784895231));
#2542 = ORIENTED_EDGE('',*,*,#2543,.T.);
#2543 = EDGE_CURVE('',#2507,#2418,#2544,.T.);
#2544 = B_SPLINE_CURVE_WITH_KNOTS('',7,(#2545,#2546,#2547,#2548,#2549,
    #2550,#2551,#2552,#2553,#2554,#2555,#2556,#2557,#2558,#2559,#2560,
    #2561,#2562,#2563,#2564,#2565,#2566,#2567,#2568,#2569,#2570,#2571,
    #2572,#2573,#2574,#2575,#2576,#2577,#2578,#2579,#2580,#2581,#2582,
    #2583,#2584,#2585,#2586,#2587,#2588,#2589,#2590,#2591,#2592,#2593,
    #2594,#2595,#2596,#2597,#2598,#2599,#2600,#2601,#2602,#2603,#2604,
    #2605,#2606,#2607,#2608,#2609,#2610,#2611,#2612),.UNSPECIFIED.,.F.,
  .F.,(8,6,6,6,6,6,6,6,6,6,6,8),(0.,5.628611844307E-02,
    9.300685167133E-02,0.146511154161,0.193160230465,0.231757464771,
    0.348403144294,0.501662740714,0.601618035999,0.794718952734,
    0.93982011573,1.),.UNSPECIFIED.);
#2545 = CARTESIAN_POINT('',(0.,2.3678769529,103.71784895231));
#2546 = CARTESIAN_POINT('',(-2.282930982005E-02,2.3678769529,
    103.71784895231));
#2547 = CARTESIAN_POINT('',(-4.565613692356E-02,2.367657529661,
    103.71798837549));
#2548 = CARTESIAN_POINT('',(-6.868240228677E-02,2.367218765565,
    103.71826716805));
#2549 = CARTESIAN_POINT('',(-9.21051818163E-02,2.366548999114,
    103.71869276774));
#2550 = CARTESIAN_POINT('',(-0.116129225316,2.365625202152,
    103.71927985368));
#2551 = CARTESIAN_POINT('',(-0.140975193848,2.364410211658,
    103.72005213382));
#2552 = CARTESIAN_POINT('',(-0.183786117674,2.361826866079,
    103.72169467388));
#2553 = CARTESIAN_POINT('',(-0.201139130068,2.360658712019,
    103.72243750721));
#2554 = CARTESIAN_POINT('',(-0.21900803337,2.359326658409,
    103.72328470513));
#2555 = CARTESIAN_POINT('',(-0.237460333667,2.357811386193,
    103.72424862044));
#2556 = CARTESIAN_POINT('',(-0.256562948404,2.356089734736,
    103.7253440822));
#2557 = CARTESIAN_POINT('',(-0.276379492361,2.35413448375,
    103.72658855398));
#2558 = CARTESIAN_POINT('',(-0.326965613624,2.34867895475,
    103.73006219327));
#2559 = CARTESIAN_POINT('',(-0.358611870809,2.344879929061,
    103.7324821095));
#2560 = CARTESIAN_POINT('',(-0.39206289486,2.340421555688,
    103.73532350303));
#2561 = CARTESIAN_POINT('',(-0.427442277533,2.335192660979,
    103.73865809963));
#2562 = CARTESIAN_POINT('',(-0.464787678168,2.329070376705,
    103.7425657093));
#2563 = CARTESIAN_POINT('',(-0.50401378109,2.321939283563,103.7471222703
    ));
#2564 = CARTESIAN_POINT('',(-0.580531162247,2.306564520323,
    103.75696055927));
#2565 = CARTESIAN_POINT('',(-0.617438095319,2.29857812381,
    103.76207606855));
#2566 = CARTESIAN_POINT('',(-0.655470139034,2.289715139559,
    103.76775963499));
#2567 = CARTESIAN_POINT('',(-0.694448372058,2.279937935689,
    103.7740380545));
#2568 = CARTESIAN_POINT('',(-0.734177040593,2.269227118113,
    103.7809270885));
#2569 = CARTESIAN_POINT('',(-0.774461464445,2.257580959096,
    103.78843175531));
#2570 = CARTESIAN_POINT('',(-0.848767258218,2.234608438239,
    103.80326654716));
#2571 = CARTESIAN_POINT('',(-0.882673936937,2.223572503355,
    103.81040408237));
#2572 = CARTESIAN_POINT('',(-0.916749793693,2.211905191863,
    103.81796276356));
#2573 = CARTESIAN_POINT('',(-0.950910071602,2.199614530545,
    103.82594012199));
#2574 = CARTESIAN_POINT('',(-0.98507993431,2.186711762288,
    103.83433181273));
#2575 = CARTESIAN_POINT('',(-1.019195305571,2.173209754741,
    103.84313261228));
#2576 = CARTESIAN_POINT('',(-1.155981365743,2.116544662372,
    103.88015548746));
#2577 = CARTESIAN_POINT('',(-1.257698085527,2.068647186443,
    103.91164094418));
#2578 = CARTESIAN_POINT('',(-1.357003573443,2.015756544373,
    103.9466711915));
#2579 = CARTESIAN_POINT('',(-1.45303696375,1.958342662854,103.9850444126
    ));
#2580 = CARTESIAN_POINT('',(-1.545250186829,1.89688937059,
    104.02655517699));
#2581 = CARTESIAN_POINT('',(-1.633296720468,1.831860536009,
    104.07101204338));
#2582 = CARTESIAN_POINT('',(-1.826934553102,1.674053091167,
    104.18035502252));
#2583 = CARTESIAN_POINT('',(-1.929291454817,1.579025253568,
    104.24723601807));
#2584 = CARTESIAN_POINT('',(-2.023538566338,1.479577796198,
    104.31851432862));
#2585 = CARTESIAN_POINT('',(-2.109477867642,1.376689335953,
    104.39380993916));
#2586 = CARTESIAN_POINT('',(-2.187084373578,1.271277538197,
    104.47277438306));
#2587 = CARTESIAN_POINT('',(-2.25647682809,1.164186395905,
    104.55509601603));
#2588 = CARTESIAN_POINT('',(-2.357913879246,0.985733149271,
    104.69622148359));
#2589 = CARTESIAN_POINT('',(-2.394553367076,0.914899911696,
    104.75324581703));
#2590 = CARTESIAN_POINT('',(-2.427851069879,0.84388853419,
    104.81151293641));
#2591 = CARTESIAN_POINT('',(-2.457883273343,0.772898982623,
    104.87095580078));
#2592 = CARTESIAN_POINT('',(-2.484739929418,0.70211982195,104.9315137847
    ));
#2593 = CARTESIAN_POINT('',(-2.508522525928,0.631728432299,
    104.99313315026));
#2594 = CARTESIAN_POINT('',(-2.569562447329,0.426974623576,
    105.17676915328));
#2595 = CARTESIAN_POINT('',(-2.598717373493,0.294149528923,
    105.30153840376));
#2596 = CARTESIAN_POINT('',(-2.617622279349,0.164586955843,
    105.42976361501));
#2597 = CARTESIAN_POINT('',(-2.627197868573,3.936950606137E-02,
    105.56119173501));
#2598 = CARTESIAN_POINT('',(-2.628475489579,-8.050035059904E-02,
    105.69562833383));
#2599 = CARTESIAN_POINT('',(-2.622606931178,-0.194075580519,
    105.83294857591));
#2600 = CARTESIAN_POINT('',(-2.602065494345,-0.38033611225,
    106.07844703934));
#2601 = CARTESIAN_POINT('',(-2.589945742975,-0.456148689852,
    106.18535912704));
#2602 = CARTESIAN_POINT('',(-2.575068273517,-0.527471779502,
    106.29384446707));
#2603 = CARTESIAN_POINT('',(-2.558024315322,-0.593888281901,
    106.40388015156));
#2604 = CARTESIAN_POINT('',(-2.539469513384,-0.654956484752,
    106.51543216561));
#2605 = CARTESIAN_POINT('',(-2.520120476439,-0.710215237229,
    106.62845318841));
#2606 = CARTESIAN_POINT('',(-2.492681808705,-0.779503762025,
    106.79033410354));
#2607 = CARTESIAN_POINT('',(-2.484630595301,-0.79873421939,
    106.83802908381));
#2608 = CARTESIAN_POINT('',(-2.476625596562,-0.816848367993,
    106.88595565185));
#2609 = CARTESIAN_POINT('',(-2.468721684487,-0.833811158291,
    106.93410507187));
#2610 = CARTESIAN_POINT('',(-2.460974194715,-0.849587357661,
    106.9824663079));
#2611 = CARTESIAN_POINT('',(-2.453438067505,-0.864142170855,
    107.03102583359));
#2612 = CARTESIAN_POINT('',(-2.446166988724,-0.877441860465,
    107.07976744186));
#2613 = ORIENTED_EDGE('',*,*,#2417,.F.);
#2614 = SPHERICAL_SURFACE('',#2615,3.8);
#2615 = AXIS2_PLACEMENT_3D('',#2616,#2617,#2618);
#2616 = CARTESIAN_POINT('',(0.,2.,107.5));
#2617 = DIRECTION('',(0.,0.,1.));
#2618 = DIRECTION('',(1.,0.,-0.));
#2619 = ADVANCED_FACE('',(#2620),#2631,.T.);
#2620 = FACE_BOUND('',#2621,.T.);
#2621 = EDGE_LOOP('',(#2622,#2623,#2624));
#2622 = ORIENTED_EDGE('',*,*,#2452,.T.);
#2623 = ORIENTED_EDGE('',*,*,#2396,.F.);
#2624 = ORIENTED_EDGE('',*,*,#2625,.F.);
#2625 = EDGE_CURVE('',#2453,#2397,#2626,.T.);
#2626 = CIRCLE('',#2627,2.626257075689);
#2627 = AXIS2_PLACEMENT_3D('',#2628,#2629,#2630);
#2628 = CARTESIAN_POINT('',(0.,-0.131285378445,105.5558608371));
#2629 = DIRECTION('',(0.,-9.053574604252E-02,-0.995893206468));
#2630 = DIRECTION('',(0.,0.995893206468,-9.053574604252E-02));
#2631 = SPHERICAL_SURFACE('',#2632,3.);
#2632 = AXIS2_PLACEMENT_3D('',#2633,#2634,#2635);
#2633 = CARTESIAN_POINT('',(0.,0.,107.));
#2634 = DIRECTION('',(0.,0.,1.));
#2635 = DIRECTION('',(1.,0.,-0.));
#2636 = ADVANCED_FACE('',(#2637),#2786,.T.);
#2637 = FACE_BOUND('',#2638,.T.);
#2638 = EDGE_LOOP('',(#2639,#2640,#2641,#2649,#2747,#2782,#2783,#2784,
    #2785));
#2639 = ORIENTED_EDGE('',*,*,#2426,.T.);
#2640 = ORIENTED_EDGE('',*,*,#2543,.F.);
#2641 = ORIENTED_EDGE('',*,*,#2642,.F.);
#2642 = EDGE_CURVE('',#2643,#2507,#2645,.T.);
#2643 = VERTEX_POINT('',#2644);
#2644 = CARTESIAN_POINT('',(6.656960246204E-16,2.117196989099,
    100.26886664022));
#2645 = LINE('',#2646,#2647);
#2646 = CARTESIAN_POINT('',(6.858022075225E-16,1.78850097811,
    95.746499911081));
#2647 = VECTOR('',#2648,1.);
#2648 = DIRECTION('',(-4.434245598042E-18,7.249107634819E-02,
    0.997369061005));
#2649 = ORIENTED_EDGE('',*,*,#2650,.F.);
#2650 = EDGE_CURVE('',#2651,#2643,#2653,.T.);
#2651 = VERTEX_POINT('',#2652);
#2652 = CARTESIAN_POINT('',(2.280662696241,-2.,101.14482873594));
#2653 = B_SPLINE_CURVE_WITH_KNOTS('',8,(#2654,#2655,#2656,#2657,#2658,
    #2659,#2660,#2661,#2662,#2663,#2664,#2665,#2666,#2667,#2668,#2669,
    #2670,#2671,#2672,#2673,#2674,#2675,#2676,#2677,#2678,#2679,#2680,
    #2681,#2682,#2683,#2684,#2685,#2686,#2687,#2688,#2689,#2690,#2691,
    #2692,#2693,#2694,#2695,#2696,#2697,#2698,#2699,#2700,#2701,#2702,
    #2703,#2704,#2705,#2706,#2707,#2708,#2709,#2710,#2711,#2712,#2713,
    #2714,#2715,#2716,#2717,#2718,#2719,#2720,#2721,#2722,#2723,#2724,
    #2725,#2726,#2727,#2728,#2729,#2730,#2731,#2732,#2733,#2734,#2735,
    #2736,#2737,#2738,#2739,#2740,#2741,#2742,#2743,#2744,#2745,#2746),
  .UNSPECIFIED.,.F.,.F.,(9,7,7,7,7,7,7,7,7,7,7,7,7,9),(0.,
    8.938710364883E-02,0.160361673381,0.18803745712,0.253823179907,
    0.331789369247,0.383577333739,0.402518582081,0.567755576724,
    0.677978567324,0.742319204785,0.840881728466,0.893067059982,1.),
  .UNSPECIFIED.);
#2654 = CARTESIAN_POINT('',(2.280662696241,-2.,101.14482873594));
#2655 = CARTESIAN_POINT('',(2.211099641335,-2.106547963674,
    101.1670335879));
#2656 = CARTESIAN_POINT('',(2.135884161393,-2.209069823606,
    101.1883738727));
#2657 = CARTESIAN_POINT('',(2.055358249878,-2.307173611986,
    101.20877145956));
#2658 = CARTESIAN_POINT('',(1.969907326111,-2.400501433533,
    101.22815560661));
#2659 = CARTESIAN_POINT('',(1.879963547871,-2.488731796801,
    101.24646328388));
#2660 = CARTESIAN_POINT('',(1.786005798251,-2.571585361619,
    101.2636402124));
#2661 = CARTESIAN_POINT('',(1.688556346779,-2.648834102669,
    101.27964261919));
#2662 = CARTESIAN_POINT('',(1.508469389966,-2.777069806831,
    101.30618879748));
#2663 = CARTESIAN_POINT('',(1.426906648672,-2.830194945112,
    101.31717928966));
#2664 = CARTESIAN_POINT('',(1.343769628688,-2.879602095035,
    101.32739472165));
#2665 = CARTESIAN_POINT('',(1.259345443713,-2.925238292617,
    101.33682562602));
#2666 = CARTESIAN_POINT('',(1.173916248408,-2.967085637146,
    101.34546964788));
#2667 = CARTESIAN_POINT('',(1.087750120465,-3.005159547536,
    101.35333115147));
#2668 = CARTESIAN_POINT('',(1.001091229733,-3.039504456812,
    101.36042031652));
#2669 = CARTESIAN_POINT('',(0.880247205063,-3.082151256731,
    101.36922059021));
#2670 = CARTESIAN_POINT('',(0.846300845139,-3.09355911988,
    101.37157432605));
#2671 = CARTESIAN_POINT('',(0.812322063216,-3.104414615485,
    101.3738138242));
#2672 = CARTESIAN_POINT('',(0.778321558104,-3.114722400339,
    101.37594009159));
#2673 = CARTESIAN_POINT('',(0.744308845609,-3.124487578913,
    101.37795422362));
#2674 = CARTESIAN_POINT('',(0.710292225338,-3.133715575588,
    101.37985737796));
#2675 = CARTESIAN_POINT('',(0.676278747504,-3.14241200689,
    101.38165074825));
#2676 = CARTESIAN_POINT('',(0.561444849306,-3.170004057137,
    101.3873403063));
#2677 = CARTESIAN_POINT('',(0.480671855244,-3.186452792393,
    101.39073128025));
#2678 = CARTESIAN_POINT('',(0.400025489352,-3.200007486607,
    101.39352512471));
#2679 = CARTESIAN_POINT('',(0.319536557808,-3.210747354641,
    101.39573849091));
#2680 = CARTESIAN_POINT('',(0.239199616478,-3.218741430773,
    101.39738583544));
#2681 = CARTESIAN_POINT('',(0.158979164272,-3.22404036158,101.398477742)
  );
#2682 = CARTESIAN_POINT('',(7.881879453566E-02,-3.22667066002,
    101.39901974567));
#2683 = CARTESIAN_POINT('',(-9.635511850527E-02,-3.2265849161,
    101.39900207713));
#2684 = CARTESIAN_POINT('',(-0.191358044464,-3.222788740811,
    101.39821983135));
#2685 = CARTESIAN_POINT('',(-0.286465344759,-3.215243845128,
    101.39666511406));
#2686 = CARTESIAN_POINT('',(-0.381768441168,-3.203896075743,
    101.3943266242));
#2687 = CARTESIAN_POINT('',(-0.477310751068,-3.188645453736,
    101.39118346532));
#2688 = CARTESIAN_POINT('',(-0.573067672464,-3.169361403717,
    101.38720826116));
#2689 = CARTESIAN_POINT('',(-0.668936108863,-3.145903934115,
    101.38237148958));
#2690 = CARTESIAN_POINT('',(-0.8283656506,-3.099716111741,
    101.37284464528));
#2691 = CARTESIAN_POINT('',(-0.8919629184,-3.07938719504,101.36865081593
    ));
#2692 = CARTESIAN_POINT('',(-0.955466690477,-3.057129721661,
    101.36405821418));
#2693 = CARTESIAN_POINT('',(-1.018804556948,-3.032913399307,
    101.35906028381));
#2694 = CARTESIAN_POINT('',(-1.081892208741,-3.006713787008,
    101.35365162767));
#2695 = CARTESIAN_POINT('',(-1.144635301357,-2.978514141881,
    101.34782839001));
#2696 = CARTESIAN_POINT('',(-1.206931318646,-2.948307265889,
    101.34158863891));
#2697 = CARTESIAN_POINT('',(-1.291252646661,-2.904316701003,
    101.33249838238));
#2698 = CARTESIAN_POINT('',(-1.313759745819,-2.892267971232,
    101.33000832212));
#2699 = CARTESIAN_POINT('',(-1.336187505291,-2.87995128395,
    101.32746256869));
#2700 = CARTESIAN_POINT('',(-1.35853066736,-2.867366920678,
    101.3248611555));
#2701 = CARTESIAN_POINT('',(-1.38078394535,-2.854515323801,
    101.32220414852));
#2702 = CARTESIAN_POINT('',(-1.402942023621,-2.841397096569,
    101.31949164621));
#2703 = CARTESIAN_POINT('',(-1.424999557571,-2.82801300309,
    101.31672377959));
#2704 = CARTESIAN_POINT('',(-1.638449590248,-2.695294441273,
    101.28927323459));
#2705 = CARTESIAN_POINT('',(-1.82193557194,-2.556033239192,
    101.2604388491));
#2706 = CARTESIAN_POINT('',(-1.993701956845,-2.397267739519,
    101.22752132996));
#2707 = CARTESIAN_POINT('',(-2.150369149708,-2.220512293499,
    101.19081180261));
#2708 = CARTESIAN_POINT('',(-2.289240310574,-2.027820875279,
    101.15071177739));
#2709 = CARTESIAN_POINT('',(-2.408093320508,-1.821561559473,
    101.10768979954));
#2710 = CARTESIAN_POINT('',(-2.505185947861,-1.604431429527,
    101.06228756003));
#2711 = CARTESIAN_POINT('',(-2.628797811945,-1.22938345593,
    100.98366166387));
#2712 = CARTESIAN_POINT('',(-2.668082567832,-1.075724794636,
    100.95139607505));
#2713 = CARTESIAN_POINT('',(-2.696834244894,-0.919317417497,
    100.91849709234));
#2714 = CARTESIAN_POINT('',(-2.714803170426,-0.761010708294,
    100.88513924119));
#2715 = CARTESIAN_POINT('',(-2.721830478209,-0.601662887429,
    100.85150052631));
#2716 = CARTESIAN_POINT('',(-2.717840843168,-0.442139027154,
    100.81776220076));
#2717 = CARTESIAN_POINT('',(-2.702843061001,-0.283309968186,
    100.78410864489));
#2718 = CARTESIAN_POINT('',(-2.661817147294,-3.4255780189E-02,
    100.73124164292));
#2719 = CARTESIAN_POINT('',(-2.642978563791,5.700993672849E-02,
    100.71184769723));
#2720 = CARTESIAN_POINT('',(-2.6204419927,0.147573003633,100.692582313)
  );
#2721 = CARTESIAN_POINT('',(-2.594236160545,0.237263243625,
    100.67348212212));
#2722 = CARTESIAN_POINT('',(-2.564399278257,0.325912417542,
    100.65458356099));
#2723 = CARTESIAN_POINT('',(-2.530979069473,0.413354329219,
    100.63592283801));
#2724 = CARTESIAN_POINT('',(-2.494032798839,0.49942493075,100.6175359011
    ));
#2725 = CARTESIAN_POINT('',(-2.391730681569,0.713464238416,
    100.57176574199));
#2726 = CARTESIAN_POINT('',(-2.32171261425,0.839376558484,
    100.54479747911));
#2727 = CARTESIAN_POINT('',(-2.243815186813,0.96111094739,
    100.51868322722));
#2728 = CARTESIAN_POINT('',(-2.158330932073,1.07810579981,
    100.49354788274));
#2729 = CARTESIAN_POINT('',(-2.065599604454,1.189824931117,
    100.46951174976));
#2730 = CARTESIAN_POINT('',(-1.966007689051,1.295758345514,
    100.44669015391));
#2731 = CARTESIAN_POINT('',(-1.859990642523,1.395425186849,
    100.42519254844));
#2732 = CARTESIAN_POINT('',(-1.688762874154,1.537594524254,
    100.39449400479));
#2733 = CARTESIAN_POINT('',(-1.627822263219,1.58492972122,
    100.38426637104));
#2734 = CARTESIAN_POINT('',(-1.565287836922,1.630318434532,
    100.37445334634));
#2735 = CARTESIAN_POINT('',(-1.501234505471,1.673698178517,
    100.36506928569));
#2736 = CARTESIAN_POINT('',(-1.435740285355,1.715010010298,
    100.35612776393));
#2737 = CARTESIAN_POINT('',(-1.368886299341,1.754198529796,
    100.34764157571));
#2738 = CARTESIAN_POINT('',(-1.300756776476,1.791211879724,
    100.33962273551));
#2739 = CARTESIAN_POINT('',(-1.08940013331,1.897289644555,
    100.31663173853));
#2740 = CARTESIAN_POINT('',(-0.942355724724,1.959250359893,
    100.30318851733));
#2741 = CARTESIAN_POINT('',(-0.791073806433,2.011457620259,
    100.29185154735));
#2742 = CARTESIAN_POINT('',(-0.636353896457,2.05357341087,
    100.28269981957));
#2743 = CARTESIAN_POINT('',(-0.479022925577,2.085340075933,
    100.27579381949));
#2744 = CARTESIAN_POINT('',(-0.319932629381,2.106579160121,
    100.27117545001));
#2745 = CARTESIAN_POINT('',(-0.159958457492,2.117196989099,
    100.26886664022));
#2746 = CARTESIAN_POINT('',(4.440892098501E-16,2.117196989099,
    100.26886664022));
#2747 = ORIENTED_EDGE('',*,*,#2748,.F.);
#2748 = EDGE_CURVE('',#2643,#2651,#2749,.T.);
#2749 = B_SPLINE_CURVE_WITH_KNOTS('',7,(#2750,#2751,#2752,#2753,#2754,
    #2755,#2756,#2757,#2758,#2759,#2760,#2761,#2762,#2763,#2764,#2765,
    #2766,#2767,#2768,#2769,#2770,#2771,#2772,#2773,#2774,#2775,#2776,
    #2777,#2778,#2779,#2780,#2781),.UNSPECIFIED.,.F.,.F.,(8,6,6,6,6,8),(
    0.,0.278524323831,0.432608309261,0.609876079616,0.74085103341,1.),
  .UNSPECIFIED.);
#2750 = CARTESIAN_POINT('',(1.26052802854E-16,2.117196989099,
    100.26886664022));
#2751 = CARTESIAN_POINT('',(0.234579437043,2.117196989099,
    100.26886664022));
#2752 = CARTESIAN_POINT('',(0.469227451636,2.093885971385,
    100.27393553245));
#2753 = CARTESIAN_POINT('',(0.700853159928,2.047241826957,
    100.28407817765));
#2754 = CARTESIAN_POINT('',(0.926536427159,1.977792488742,
    100.29917123309));
#2755 = CARTESIAN_POINT('',(1.143511497836,1.886477473536,
    100.31899374527));
#2756 = CARTESIAN_POINT('',(1.34918369319,1.774623556804,100.34323529208
    ));
#2757 = CARTESIAN_POINT('',(1.647394061389,1.571790728637,100.3871080119
    ));
#2758 = CARTESIAN_POINT('',(1.749444917102,1.493798063293,
    100.40396326169));
#2759 = CARTESIAN_POINT('',(1.846942372447,1.410348361027,
    100.42198022275));
#2760 = CARTESIAN_POINT('',(1.939529976946,1.321760694392,
    100.44108571147));
#2761 = CARTESIAN_POINT('',(2.026883695241,1.228379725749,
    100.46120113278));
#2762 = CARTESIAN_POINT('',(2.108711402079,1.130574001248,
    100.48224305136));
#2763 = CARTESIAN_POINT('',(2.27223462991,0.911571474724,100.52929669027
    ));
#2764 = CARTESIAN_POINT('',(2.352062727136,0.789063251206,
    100.55558113425));
#2765 = CARTESIAN_POINT('',(2.423838887311,0.661804758879,
    100.58284348211));
#2766 = CARTESIAN_POINT('',(2.487233821362,0.530417280156,
    100.61094535907));
#2767 = CARTESIAN_POINT('',(2.541979823485,0.395543572792,
    100.63974494189));
#2768 = CARTESIAN_POINT('',(2.587869759409,0.257846120383,
    100.66909755556));
#2769 = CARTESIAN_POINT('',(2.652019886657,1.468852758623E-02,
    100.72084236078));
#2770 = CARTESIAN_POINT('',(2.674366709035,-8.980301796982E-02,
    100.74305118486));
#2771 = CARTESIAN_POINT('',(2.691745433973,-0.195192400671,
    100.76542281388));
#2772 = CARTESIAN_POINT('',(2.704118608386,-0.301203979408,
    100.78789812779));
#2773 = CARTESIAN_POINT('',(2.711468534344,-0.407560657881,
    100.81041814086));
#2774 = CARTESIAN_POINT('',(2.713797491877,-0.513984090319,
    100.83292404448));
#2775 = CARTESIAN_POINT('',(2.705845990388,-0.8303451293,100.89974391986
    ));
#2776 = CARTESIAN_POINT('',(2.680994498274,-1.039708858512,
    100.94385568121));
#2777 = CARTESIAN_POINT('',(2.636736403999,-1.246067289011,
    100.98722704325));
#2778 = CARTESIAN_POINT('',(2.573582101307,-1.44728136205,
    101.02941614162));
#2779 = CARTESIAN_POINT('',(2.492345081832,-1.641296851062,
    101.07000477863));
#2780 = CARTESIAN_POINT('',(2.394171820588,-1.82614095831,
    101.10859609339));
#2781 = CARTESIAN_POINT('',(2.280662696241,-2.,101.14482873594));
#2782 = ORIENTED_EDGE('',*,*,#2642,.T.);
#2783 = ORIENTED_EDGE('',*,*,#2506,.F.);
#2784 = ORIENTED_EDGE('',*,*,#2461,.F.);
#2785 = ORIENTED_EDGE('',*,*,#2625,.T.);
#2786 = CONICAL_SURFACE('',#2787,2.8,1.81051706743E-02);
#2787 = AXIS2_PLACEMENT_3D('',#2788,#2789,#2790);
#2788 = CARTESIAN_POINT('',(0.,-1.,96.));
#2789 = DIRECTION('',(-0.,-9.053574604252E-02,-0.995893206468));
#2790 = DIRECTION('',(0.,0.995893206468,-9.053574604252E-02));
#2791 = ADVANCED_FACE('',(#2792),#2867,.T.);
#2792 = FACE_BOUND('',#2793,.T.);
#2793 = EDGE_LOOP('',(#2794,#2795,#2804,#2813,#2822,#2831,#2840,#2849,
    #2858,#2865,#2866));
#2794 = ORIENTED_EDGE('',*,*,#2748,.T.);
#2795 = ORIENTED_EDGE('',*,*,#2796,.F.);
#2796 = EDGE_CURVE('',#2797,#2651,#2799,.T.);
#2797 = VERTEX_POINT('',#2798);
#2798 = CARTESIAN_POINT('',(6.633249580711,-2.,97.5));
#2799 = CIRCLE('',#2800,7.5);
#2800 = AXIS2_PLACEMENT_3D('',#2801,#2802,#2803);
#2801 = CARTESIAN_POINT('',(0.,-2.,94.));
#2802 = DIRECTION('',(-2.449293598295E-16,-1.,0.));
#2803 = DIRECTION('',(1.,-2.449293598295E-16,0.));
#2804 = ORIENTED_EDGE('',*,*,#2805,.F.);
#2805 = EDGE_CURVE('',#2806,#2797,#2808,.T.);
#2806 = VERTEX_POINT('',#2807);
#2807 = CARTESIAN_POINT('',(6.633249579122,-0.958079943042,
    90.658682487821));
#2808 = CIRCLE('',#2809,3.5);
#2809 = AXIS2_PLACEMENT_3D('',#2810,#2811,#2812);
#2810 = CARTESIAN_POINT('',(6.633249580711,-2.,94.));
#2811 = DIRECTION('',(1.,0.,0.));
#2812 = DIRECTION('',(-0.,0.,1.));
#2813 = ORIENTED_EDGE('',*,*,#2814,.T.);
#2814 = EDGE_CURVE('',#2806,#2815,#2817,.T.);
#2815 = VERTEX_POINT('',#2816);
#2816 = CARTESIAN_POINT('',(-6.633249579121,-0.958079943043,
    90.65868248782));
#2817 = CIRCLE('',#2818,6.692573585298);
#2818 = AXIS2_PLACEMENT_3D('',#2819,#2820,#2821);
#2819 = CARTESIAN_POINT('',(0.,-1.846286792649,90.618309438275));
#2820 = DIRECTION('',(0.,-4.540766091865E-02,0.99896854021));
#2821 = DIRECTION('',(0.,-0.99896854021,-4.540766091865E-02));
#2822 = ORIENTED_EDGE('',*,*,#2823,.T.);
#2823 = EDGE_CURVE('',#2815,#2824,#2826,.T.);
#2824 = VERTEX_POINT('',#2825);
#2825 = CARTESIAN_POINT('',(-6.633249580711,-2.,97.5));
#2826 = CIRCLE('',#2827,3.5);
#2827 = AXIS2_PLACEMENT_3D('',#2828,#2829,#2830);
#2828 = CARTESIAN_POINT('',(-6.633249580711,-2.,94.));
#2829 = DIRECTION('',(1.,0.,0.));
#2830 = DIRECTION('',(-0.,0.,1.));
#2831 = ORIENTED_EDGE('',*,*,#2832,.T.);
#2832 = EDGE_CURVE('',#2824,#2833,#2835,.T.);
#2833 = VERTEX_POINT('',#2834);
#2834 = CARTESIAN_POINT('',(-6.633249579175,-2.734493639821,
    90.577936410351));
#2835 = CIRCLE('',#2836,3.5);
#2836 = AXIS2_PLACEMENT_3D('',#2837,#2838,#2839);
#2837 = CARTESIAN_POINT('',(-6.633249580711,-2.,94.));
#2838 = DIRECTION('',(1.,0.,0.));
#2839 = DIRECTION('',(-0.,0.,1.));
#2840 = ORIENTED_EDGE('',*,*,#2841,.T.);
#2841 = EDGE_CURVE('',#2833,#2842,#2844,.T.);
#2842 = VERTEX_POINT('',#2843);
#2843 = CARTESIAN_POINT('',(1.639207763859E-15,-8.531957257404,
    90.314415326241));
#2844 = CIRCLE('',#2845,6.692573585298);
#2845 = AXIS2_PLACEMENT_3D('',#2846,#2847,#2848);
#2846 = CARTESIAN_POINT('',(0.,-1.846286792649,90.618309438275));
#2847 = DIRECTION('',(0.,-4.540766091865E-02,0.99896854021));
#2848 = DIRECTION('',(0.,-0.99896854021,-4.540766091865E-02));
#2849 = ORIENTED_EDGE('',*,*,#2850,.T.);
#2850 = EDGE_CURVE('',#2842,#2851,#2853,.T.);
#2851 = VERTEX_POINT('',#2852);
#2852 = CARTESIAN_POINT('',(6.633249579178,-2.734493639778,
    90.577936410342));
#2853 = CIRCLE('',#2854,6.692573585298);
#2854 = AXIS2_PLACEMENT_3D('',#2855,#2856,#2857);
#2855 = CARTESIAN_POINT('',(0.,-1.846286792649,90.618309438275));
#2856 = DIRECTION('',(0.,-4.540766091865E-02,0.99896854021));
#2857 = DIRECTION('',(0.,-0.99896854021,-4.540766091865E-02));
#2858 = ORIENTED_EDGE('',*,*,#2859,.F.);
#2859 = EDGE_CURVE('',#2797,#2851,#2860,.T.);
#2860 = CIRCLE('',#2861,3.5);
#2861 = AXIS2_PLACEMENT_3D('',#2862,#2863,#2864);
#2862 = CARTESIAN_POINT('',(6.633249580711,-2.,94.));
#2863 = DIRECTION('',(1.,0.,0.));
#2864 = DIRECTION('',(-0.,0.,1.));
#2865 = ORIENTED_EDGE('',*,*,#2796,.T.);
#2866 = ORIENTED_EDGE('',*,*,#2650,.T.);
#2867 = SPHERICAL_SURFACE('',#2868,7.5);
#2868 = AXIS2_PLACEMENT_3D('',#2869,#2870,#2871);
#2869 = CARTESIAN_POINT('',(0.,-2.,94.));
#2870 = DIRECTION('',(0.,0.,1.));
#2871 = DIRECTION('',(1.,0.,-0.));
#2872 = ADVANCED_FACE('',(#2873),#3096,.T.);
#2873 = FACE_BOUND('',#2874,.T.);
#2874 = EDGE_LOOP('',(#2875,#2886,#2892,#2893,#2982,#2983,#2984,#2993));
#2875 = ORIENTED_EDGE('',*,*,#2876,.F.);
#2876 = EDGE_CURVE('',#2877,#2879,#2881,.T.);
#2877 = VERTEX_POINT('',#2878);
#2878 = CARTESIAN_POINT('',(14.063508326896,-2.,97.5));
#2879 = VERTEX_POINT('',#2880);
#2880 = CARTESIAN_POINT('',(14.063508330402,-2.949515548896,
    90.631258365359));
#2881 = CIRCLE('',#2882,3.5);
#2882 = AXIS2_PLACEMENT_3D('',#2883,#2884,#2885);
#2883 = CARTESIAN_POINT('',(14.063508326896,-2.,94.));
#2884 = DIRECTION('',(1.,0.,0.));
#2885 = DIRECTION('',(-0.,0.,1.));
#2886 = ORIENTED_EDGE('',*,*,#2887,.F.);
#2887 = EDGE_CURVE('',#2797,#2877,#2888,.T.);
#2888 = LINE('',#2889,#2890);
#2889 = CARTESIAN_POINT('',(-16.,-2.,97.5));
#2890 = VECTOR('',#2891,1.);
#2891 = DIRECTION('',(1.,0.,0.));
#2892 = ORIENTED_EDGE('',*,*,#2859,.T.);
#2893 = ORIENTED_EDGE('',*,*,#2894,.T.);
#2894 = EDGE_CURVE('',#2851,#2806,#2895,.T.);
#2895 = B_SPLINE_CURVE_WITH_KNOTS('',7,(#2896,#2897,#2898,#2899,#2900,
    #2901,#2902,#2903,#2904,#2905,#2906,#2907,#2908,#2909,#2910,#2911,
    #2912,#2913,#2914,#2915,#2916,#2917,#2918,#2919,#2920,#2921,#2922,
    #2923,#2924,#2925,#2926,#2927,#2928,#2929,#2930,#2931,#2932,#2933,
    #2934,#2935,#2936,#2937,#2938,#2939,#2940,#2941,#2942,#2943,#2944,
    #2945,#2946,#2947,#2948,#2949,#2950,#2951,#2952,#2953,#2954,#2955,
    #2956,#2957,#2958,#2959,#2960,#2961,#2962,#2963,#2964,#2965,#2966,
    #2967,#2968,#2969,#2970,#2971,#2972,#2973,#2974,#2975,#2976,#2977,
    #2978,#2979,#2980,#2981),.UNSPECIFIED.,.F.,.F.,(8,6,6,6,6,6,6,6,6,6,
    6,6,6,6,8),(0.,8.624362484494E-02,0.157473315666,0.328949334752,
    0.382082334211,0.426287764912,0.450462580813,0.500130340814,
    0.549803573675,0.573984390499,0.617526716133,0.671355469235,
    0.842052869598,0.914108731647,1.),.UNSPECIFIED.);
#2896 = CARTESIAN_POINT('',(6.062177826491,-5.496389890736,
    93.841073186785));
#2897 = CARTESIAN_POINT('',(6.049740322547,-5.491004293548,
    93.722590048658));
#2898 = CARTESIAN_POINT('',(6.039973681068,-5.480921994311,
    93.604045683527));
#2899 = CARTESIAN_POINT('',(6.032943912073,-5.466112445688,
    93.48562896766));
#2900 = CARTESIAN_POINT('',(6.028683918615,-5.446550099754,
    93.367533292903));
#2901 = CARTESIAN_POINT('',(6.027192354074,-5.422214853488,
    93.249956670236));
#2902 = CARTESIAN_POINT('',(6.028432479456,-5.393092494273,
    93.133101833324));
#2903 = CARTESIAN_POINT('',(6.035550874757,-5.331162381799,
    92.921432025728));
#2904 = CARTESIAN_POINT('',(6.04058429167,-5.299878105985,
    92.826319172803));
#2905 = CARTESIAN_POINT('',(6.04739069078,-5.265316741613,
    92.731952378186));
#2906 = CARTESIAN_POINT('',(6.055913355682,-5.227474052839,
    92.638444158336));
#2907 = CARTESIAN_POINT('',(6.06608101248,-5.186345514752,92.54590552916
    ));
#2908 = CARTESIAN_POINT('',(6.077809408051,-5.141924683805,
    92.454446583902));
#2909 = CARTESIAN_POINT('',(6.122764439529,-4.979314506726,
    92.146865209405));
#2910 = CARTESIAN_POINT('',(6.162980289857,-4.845422697571,
    91.936697459307));
#2911 = CARTESIAN_POINT('',(6.210336884691,-4.692255070227,
    91.734794113604));
#2912 = CARTESIAN_POINT('',(6.263199396548,-4.519416902424,
    91.542662658876));
#2913 = CARTESIAN_POINT('',(6.319554494532,-4.326408028537,
    91.362218018365));
#2914 = CARTESIAN_POINT('',(6.377098171697,-4.112762625441,
    91.195721929706));
#2915 = CARTESIAN_POINT('',(6.450554070339,-3.804536679002,
    90.999814769113));
#2916 = CARTESIAN_POINT('',(6.467782456251,-3.729574518064,
    90.955117214767));
#2917 = CARTESIAN_POINT('',(6.484780409799,-3.652551441106,
    90.912161635615));
#2918 = CARTESIAN_POINT('',(6.501459312913,-3.573465421775,
    90.871057145508));
#2919 = CARTESIAN_POINT('',(6.517725190807,-3.492326822387,90.8319237723
    ));
#2920 = CARTESIAN_POINT('',(6.533479715648,-3.409160823802,
    90.794890434434));
#2921 = CARTESIAN_POINT('',(6.561218584679,-3.25316621244,
    90.731142185624));
#2922 = CARTESIAN_POINT('',(6.573391252065,-3.180950705316,
    90.703739945574));
#2923 = CARTESIAN_POINT('',(6.585080592341,-3.107390298325,
    90.677964853922));
#2924 = CARTESIAN_POINT('',(6.596225706632,-3.032524159452,
    90.653900332949));
#2925 = CARTESIAN_POINT('',(6.606764953906,-2.956405645598,
    90.631631968004));
#2926 = CARTESIAN_POINT('',(6.616637487643,-2.879104287913,
    90.611244904829));
#2927 = CARTESIAN_POINT('',(6.630787218851,-2.757834736744,
    90.582745821046));
#2928 = CARTESIAN_POINT('',(6.635572802347,-2.71463436572,
    90.573257518545));
#2929 = CARTESIAN_POINT('',(6.640131830156,-2.67112123479,
    90.564370015365));
#2930 = CARTESIAN_POINT('',(6.644455018599,-2.62731159343,
    90.556096349993));
#2931 = CARTESIAN_POINT('',(6.64853351315,-2.583223369854,
    90.548448923424));
#2932 = CARTESIAN_POINT('',(6.652358888445,-2.538876171019,
    90.541439499163));
#2933 = CARTESIAN_POINT('',(6.663246008657,-2.402690521478,
    90.522011817166));
#2934 = CARTESIAN_POINT('',(6.669467672874,-2.310077516637,
    90.511682837612));
#2935 = CARTESIAN_POINT('',(6.674518545032,-2.216650564628,
    90.504189201563));
#2936 = CARTESIAN_POINT('',(6.678342272558,-2.122624246824,
    90.499607202753));
#2937 = CARTESIAN_POINT('',(6.68089862608,-2.028229814601,90.49798795206
    ));
#2938 = CARTESIAN_POINT('',(6.682166379313,-1.9337155745,90.49935283792)
  );
#2939 = CARTESIAN_POINT('',(6.682125996341,-1.744968573909,
    90.50802561336));
#2940 = CARTESIAN_POINT('',(6.680817572436,-1.650720718791,
    90.515334853396));
#2941 = CARTESIAN_POINT('',(6.67822069951,-1.556869535043,
    90.525604737141));
#2942 = CARTESIAN_POINT('',(6.674357035268,-1.463660177395,
    90.538790783506));
#2943 = CARTESIAN_POINT('',(6.66926720753,-1.371317945083,
    90.554820525007));
#2944 = CARTESIAN_POINT('',(6.663007908924,-1.280049098614,
    90.573598032743));
#2945 = CARTESIAN_POINT('',(6.652066687352,-1.146226268107,
    90.605430979631));
#2946 = CARTESIAN_POINT('',(6.648223569143,-1.102707713593,
    90.616478014697));
#2947 = CARTESIAN_POINT('',(6.644127666163,-1.059506138965,
    90.628136491027));
#2948 = CARTESIAN_POINT('',(6.639787432976,-1.016639939117,
    90.640392877041));
#2949 = CARTESIAN_POINT('',(6.635211749506,-0.974125777867,
    90.653233165132));
#2950 = CARTESIAN_POINT('',(6.630409921038,-0.931978587959,
    90.666642871663));
#2951 = CARTESIAN_POINT('',(6.616355343138,-0.815001826764,
    90.705752268313));
#2952 = CARTESIAN_POINT('',(6.606617109781,-0.741025417862,
    90.732695532792));
#2953 = CARTESIAN_POINT('',(6.596232957968,-0.668358278113,
    90.761351046079));
#2954 = CARTESIAN_POINT('',(6.58526103493,-0.597059079667,90.79163176634
    ));
#2955 = CARTESIAN_POINT('',(6.573760228409,-0.527171289087,
    90.823451634142));
#2956 = CARTESIAN_POINT('',(6.561788739777,-0.458725223357,
    90.856727812336));
#2957 = CARTESIAN_POINT('',(6.534090489639,-0.308930442034,
    90.934224954444));
#2958 = CARTESIAN_POINT('',(6.518145276387,-0.228356648735,
    90.979172743596));
#2959 = CARTESIAN_POINT('',(6.501672840065,-0.15005039483,
    91.026081423321));
#2960 = CARTESIAN_POINT('',(6.48477550408,-7.40258410545E-02,
    91.074814927966));
#2961 = CARTESIAN_POINT('',(6.467551019165,-2.82419861094E-04,
    91.125247914317));
#2962 = CARTESIAN_POINT('',(6.450091489978,7.119238474906E-02,
    91.17726767961));
#2963 = CARTESIAN_POINT('',(6.376641464044,0.359950103703,
    91.400457601726));
#2964 = CARTESIAN_POINT('',(6.319373165978,0.556584584713,
    91.584874922514));
#2965 = CARTESIAN_POINT('',(6.26329184821,0.731600175939,91.781193966883
    ));
#2966 = CARTESIAN_POINT('',(6.210669554989,0.885659223614,
    91.987234859177));
#2967 = CARTESIAN_POINT('',(6.163492418066,1.019424468934,
    92.201161198328));
#2968 = CARTESIAN_POINT('',(6.123375510009,1.133419491675,
    92.421525673286));
#2969 = CARTESIAN_POINT('',(6.078212748842,1.267942762613,
    92.742532893492));
#2970 = CARTESIAN_POINT('',(6.066303202296,1.304396482817,
    92.838725960946));
#2971 = CARTESIAN_POINT('',(6.055988995837,1.337394412805,
    92.935716107639));
#2972 = CARTESIAN_POINT('',(6.047357556629,1.366953556018,
    93.033390457857));
#2973 = CARTESIAN_POINT('',(6.040482733973,1.393088987819,
    93.131635000018));
#2974 = CARTESIAN_POINT('',(6.035423128067,1.415815629772,
    93.230334132837));
#2975 = CARTESIAN_POINT('',(6.028402759039,1.458196804391,93.44742215293
    ));
#2976 = CARTESIAN_POINT('',(6.027223293474,1.476424259204,93.56595649838
    ));
#2977 = CARTESIAN_POINT('',(6.028753834628,1.489858808049,
    93.684769799669));
#2978 = CARTESIAN_POINT('',(6.033030243178,1.498532662851,
    93.803663927666));
#2979 = CARTESIAN_POINT('',(6.040053562437,1.502483390862,
    93.922445931658));
#2980 = CARTESIAN_POINT('',(6.049791152849,1.501753477757,
    94.040927898743));
#2981 = CARTESIAN_POINT('',(6.062177826491,1.496389890736,
    94.158926813215));
#2982 = ORIENTED_EDGE('',*,*,#2805,.T.);
#2983 = ORIENTED_EDGE('',*,*,#2887,.T.);
#2984 = ORIENTED_EDGE('',*,*,#2985,.F.);
#2985 = EDGE_CURVE('',#2986,#2877,#2988,.T.);
#2986 = VERTEX_POINT('',#2987);
#2987 = CARTESIAN_POINT('',(14.063508330403,1.384362225438,
    93.107759950692));
#2988 = CIRCLE('',#2989,3.5);
#2989 = AXIS2_PLACEMENT_3D('',#2990,#2991,#2992);
#2990 = CARTESIAN_POINT('',(14.063508326896,-2.,94.));
#2991 = DIRECTION('',(1.,0.,0.));
#2992 = DIRECTION('',(-0.,0.,1.));
#2993 = ORIENTED_EDGE('',*,*,#2994,.F.);
#2994 = EDGE_CURVE('',#2879,#2986,#2995,.T.);
#2995 = B_SPLINE_CURVE_WITH_KNOTS('',8,(#2996,#2997,#2998,#2999,#3000,
    #3001,#3002,#3003,#3004,#3005,#3006,#3007,#3008,#3009,#3010,#3011,
    #3012,#3013,#3014,#3015,#3016,#3017,#3018,#3019,#3020,#3021,#3022,
    #3023,#3024,#3025,#3026,#3027,#3028,#3029,#3030,#3031,#3032,#3033,
    #3034,#3035,#3036,#3037,#3038,#3039,#3040,#3041,#3042,#3043,#3044,
    #3045,#3046,#3047,#3048,#3049,#3050,#3051,#3052,#3053,#3054,#3055,
    #3056,#3057,#3058,#3059,#3060,#3061,#3062,#3063,#3064,#3065,#3066,
    #3067,#3068,#3069,#3070,#3071,#3072,#3073,#3074,#3075,#3076,#3077,
    #3078,#3079,#3080,#3081,#3082,#3083,#3084,#3085,#3086,#3087,#3088,
    #3089,#3090,#3091,#3092,#3093,#3094,#3095),.UNSPECIFIED.,.F.,.F.,(9,
    7,7,7,7,7,7,7,7,7,7,7,7,7,9),(0.,6.51603618971E-02,0.195572459926,
    0.340890933345,0.395186657038,0.435567941532,0.456759633705,
    0.498084025473,0.540018017398,0.561209749855,0.601591115267,
    0.655886951608,0.801205734864,0.933636865849,1.),.UNSPECIFIED.);
#2996 = CARTESIAN_POINT('',(15.96872868838,-3.989855007492,
    91.120681148404));
#2997 = CARTESIAN_POINT('',(15.889252604062,-3.989758727293,
    91.120614610571));
#2998 = CARTESIAN_POINT('',(15.809872372064,-3.985031887177,
    91.117348144403));
#2999 = CARTESIAN_POINT('',(15.731059975627,-3.975715675173,
    91.110910176181));
#3000 = CARTESIAN_POINT('',(15.653135599099,-3.962051870783,
    91.101532512529));
#3001 = CARTESIAN_POINT('',(15.57631352361,-3.944390079469,
    91.089575362901));
#3002 = CARTESIAN_POINT('',(15.500733237561,-3.923114246768,
    91.075443807802));
#3003 = CARTESIAN_POINT('',(15.426477447802,-3.89859349917,
    91.059524472183));
#3004 = CARTESIAN_POINT('',(15.20767891072,-3.816261611751,
    91.007440211333));
#3005 = CARTESIAN_POINT('',(15.067369254867,-3.749760493003,
    90.967001193509));
#3006 = CARTESIAN_POINT('',(14.931714994101,-3.673939600261,
    90.923427660293));
#3007 = CARTESIAN_POINT('',(14.800149926713,-3.59028133167,
    90.87863318646));
#3008 = CARTESIAN_POINT('',(14.672314629497,-3.49975023879,
    90.83391328426));
#3009 = CARTESIAN_POINT('',(14.547873445671,-3.402936663168,
    90.790241008359));
#3010 = CARTESIAN_POINT('',(14.42648230686,-3.300057224465,
    90.74833464681));
#3011 = CARTESIAN_POINT('',(14.175462242153,-3.069257718477,
    90.664820678438));
#3012 = CARTESIAN_POINT('',(14.046930637921,-2.940236918373,
    90.623945062179));
#3013 = CARTESIAN_POINT('',(13.921846211199,-2.803853009415,
    90.587141638558));
#3014 = CARTESIAN_POINT('',(13.800269469831,-2.659984316756,
    90.555307531381));
#3015 = CARTESIAN_POINT('',(13.682528945504,-2.508449314041,
    90.529441002968));
#3016 = CARTESIAN_POINT('',(13.569174311385,-2.349051917506,
    90.510664093237));
#3017 = CARTESIAN_POINT('',(13.460994875503,-2.181543596352,
    90.50027869363));
#3018 = CARTESIAN_POINT('',(13.321037990814,-1.939662435133,
    90.4999017101));
#3019 = CARTESIAN_POINT('',(13.283864845232,-1.872701807803,
    90.501210838017));
#3020 = CARTESIAN_POINT('',(13.2476500851,-1.80456026606,90.50401913563)
  );
#3021 = CARTESIAN_POINT('',(13.212469916088,-1.735234800322,
    90.508421266188));
#3022 = CARTESIAN_POINT('',(13.178413253825,-1.66473299635,
    90.514518047781));
#3023 = CARTESIAN_POINT('',(13.14558102237,-1.593073874975,
    90.522415445933));
#3024 = CARTESIAN_POINT('',(13.11408545268,-1.520288731815,
    90.532223566206));
#3025 = CARTESIAN_POINT('',(13.061710694551,-1.391485156243,
    90.552855503944));
#3026 = CARTESIAN_POINT('',(13.040181076993,-1.33595427309,
    90.562774257422));
#3027 = CARTESIAN_POINT('',(13.019511467267,-1.27984989039,
    90.573857529926));
#3028 = CARTESIAN_POINT('',(12.999757985344,-1.223201142568,
    90.586151260507));
#3029 = CARTESIAN_POINT('',(12.980980708309,-1.166046314756,
    90.599700090426));
#3030 = CARTESIAN_POINT('',(12.963242446341,-1.10843342191,
    90.614545749003));
#3031 = CARTESIAN_POINT('',(12.94660751871,-1.050420787941,
    90.630725439475));
#3032 = CARTESIAN_POINT('',(12.923023609441,-0.961459719325,
    90.657477551845));
#3033 = CARTESIAN_POINT('',(12.915228447828,-0.9307512433,90.66706067315
    ));
#3034 = CARTESIAN_POINT('',(12.907764423134,-0.899962588609,
    90.677023894024));
#3035 = CARTESIAN_POINT('',(12.900640909806,-0.86910505243,
    90.687370980106));
#3036 = CARTESIAN_POINT('',(12.89386717945,-0.83819084892,90.69810504519
    ));
#3037 = CARTESIAN_POINT('',(12.887452301744,-0.807233120865,
    90.709228438986));
#3038 = CARTESIAN_POINT('',(12.881405045366,-0.776245951326,
    90.720742634895));
#3039 = CARTESIAN_POINT('',(12.864674650877,-0.684790435931,
    90.755864142002));
#3040 = CARTESIAN_POINT('',(12.855043881004,-0.624273887481,
    90.780571121477));
#3041 = CARTESIAN_POINT('',(12.846905600332,-0.563815321872,
    90.806769600446));
#3042 = CARTESIAN_POINT('',(12.84031552068,-0.503540637974,
    90.834447915892));
#3043 = CARTESIAN_POINT('',(12.835318754948,-0.443580361157,
    90.863580251965));
#3044 = CARTESIAN_POINT('',(12.83194763741,-0.384068962838,
    90.894124694414));
#3045 = CARTESIAN_POINT('',(12.830219544012,-0.325144180036,
    90.926021285011));
#3046 = CARTESIAN_POINT('',(12.830048629938,-0.207889979522,
    90.992848159109));
#3047 = CARTESIAN_POINT('',(12.831654633049,-0.149570010015,
    91.027823183661));
#3048 = CARTESIAN_POINT('',(12.834953761091,-9.213379920114E-02,
    91.064032079141));
#3049 = CARTESIAN_POINT('',(12.839928793805,-3.570919402178E-02,
    91.101383210467));
#3050 = CARTESIAN_POINT('',(12.846546566696,1.959408321136E-02,
    91.13977805687));
#3051 = CARTESIAN_POINT('',(12.854760286131,7.368303359187E-02,
    91.179112890778));
#3052 = CARTESIAN_POINT('',(12.864511844453,0.126479980393,
    91.219280456706));
#3053 = CARTESIAN_POINT('',(12.881405423919,0.203917449895,
    91.280836394699));
#3054 = CARTESIAN_POINT('',(12.887452702515,0.229569308556,
    91.301687380379));
#3055 = CARTESIAN_POINT('',(12.893867602249,0.254869528446,
    91.322711407808));
#3056 = CARTESIAN_POINT('',(12.900641354424,0.279812229139,
    91.343895595852));
#3057 = CARTESIAN_POINT('',(12.907764889342,0.304392762555,
    91.365227428572));
#3058 = CARTESIAN_POINT('',(12.915228935384,0.328607610351,
    91.386694802158));
#3059 = CARTESIAN_POINT('',(12.92302411809,0.352454281321,91.40828607188
    ));
#3060 = CARTESIAN_POINT('',(12.946608089475,0.420667069284,
    91.471347654522));
#3061 = CARTESIAN_POINT('',(12.963243057675,0.464059039554,
    91.513113492989));
#3062 = CARTESIAN_POINT('',(12.980981359419,0.506098743446,
    91.555212215256));
#3063 = CARTESIAN_POINT('',(12.999758675395,0.546788622611,
    91.597574685311));
#3064 = CARTESIAN_POINT('',(13.019512195403,0.586140251838,
    91.640138350852));
#3065 = CARTESIAN_POINT('',(13.040181842364,0.624172654392,
    91.682847563834));
#3066 = CARTESIAN_POINT('',(13.061711496326,0.660910617353,
    91.725653901019));
#3067 = CARTESIAN_POINT('',(13.114086340071,0.744078349612,
    91.826148508501));
#3068 = CARTESIAN_POINT('',(13.145581958526,0.789480845951,
    91.883876229468));
#3069 = CARTESIAN_POINT('',(13.178414237558,0.832665508633,
    91.941603896424));
#3070 = CARTESIAN_POINT('',(13.212470946282,0.873711309504,
    91.999248647416));
#3071 = CARTESIAN_POINT('',(13.247651160729,0.912699885369,
    92.056740297539));
#3072 = CARTESIAN_POINT('',(13.283865965369,0.949714243766,
    92.11402112693));
#3073 = CARTESIAN_POINT('',(13.321039154631,0.984837468744,
    92.171045668767));
#3074 = CARTESIAN_POINT('',(13.460996203072,1.107313766746,
    92.379627062308));
#3075 = CARTESIAN_POINT('',(13.569175755206,1.18340894467,
    92.529214561748));
#3076 = CARTESIAN_POINT('',(13.682530502679,1.248156660545,
    92.676074485346));
#3077 = CARTESIAN_POINT('',(13.800271138955,1.302804721429,
    92.819759992274));
#3078 = CARTESIAN_POINT('',(13.921847992315,1.348419358238,
    92.959870365073));
#3079 = CARTESIAN_POINT('',(14.046932532474,1.385952772038,
    93.096055184778));
#3080 = CARTESIAN_POINT('',(14.175464253151,1.416239643172,
    93.227963814383));
#3081 = CARTESIAN_POINT('',(14.428322384595,1.461795241299,
    93.470972107246));
#3082 = CARTESIAN_POINT('',(14.551616059779,1.478085884798,
    93.582499935304));
#3083 = CARTESIAN_POINT('',(14.678058325694,1.489645319622,
    93.689561732958));
#3084 = CARTESIAN_POINT('',(14.808018323251,1.497003047294,
    93.791583101688));
#3085 = CARTESIAN_POINT('',(14.941851419022,1.500722855814,
    93.887497361793));
#3086 = CARTESIAN_POINT('',(15.079928567209,1.501462650957,
    93.975718416618));
#3087 = CARTESIAN_POINT('',(15.222844323168,1.500180913603,
    94.053826129907));
#3088 = CARTESIAN_POINT('',(15.446099152648,1.496906547176,
    94.150632550103));
#3089 = CARTESIAN_POINT('',(15.522035837134,1.495588195146,
    94.179507709955));
#3090 = CARTESIAN_POINT('',(15.599340105862,1.494189005562,
    94.204438743082));
#3091 = CARTESIAN_POINT('',(15.677911289314,1.492863736659,
    94.224875880447));
#3092 = CARTESIAN_POINT('',(15.757580727995,1.491774473837,
    94.240249986402));
#3093 = CARTESIAN_POINT('',(15.838090855447,1.491054371537,
    94.250069615022));
#3094 = CARTESIAN_POINT('',(15.919068589892,1.49076850366,
    94.254044674095));
#3095 = CARTESIAN_POINT('',(16.0000006,1.490902196704,94.252194078142));
#3096 = CYLINDRICAL_SURFACE('',#3097,3.5);
#3097 = AXIS2_PLACEMENT_3D('',#3098,#3099,#3100);
#3098 = CARTESIAN_POINT('',(-16.,-2.,94.));
#3099 = DIRECTION('',(1.,0.,0.));
#3100 = DIRECTION('',(-0.,0.,1.));
#3101 = ADVANCED_FACE('',(#3102),#3222,.T.);
#3102 = FACE_BOUND('',#3103,.T.);
#3103 = EDGE_LOOP('',(#3104,#3115,#3121,#3122,#3211,#3212,#3213,#3214,
    #3215));
#3104 = ORIENTED_EDGE('',*,*,#3105,.T.);
#3105 = EDGE_CURVE('',#3106,#3108,#3110,.T.);
#3106 = VERTEX_POINT('',#3107);
#3107 = CARTESIAN_POINT('',(5.169626037889,-1.,73.877489448274));
#3108 = VERTEX_POINT('',#3109);
#3109 = CARTESIAN_POINT('',(1.266365357293E-15,-6.250160423055,
    73.63884579268));
#3110 = CIRCLE('',#3111,5.170328939637);
#3111 = AXIS2_PLACEMENT_3D('',#3112,#3113,#3114);
#3112 = CARTESIAN_POINT('',(0.,-1.085164469819,73.873618336009));
#3113 = DIRECTION('',(0.,-4.540766091865E-02,0.99896854021));
#3114 = DIRECTION('',(0.,-0.99896854021,-4.540766091865E-02));
#3115 = ORIENTED_EDGE('',*,*,#3116,.F.);
#3116 = EDGE_CURVE('',#2842,#3108,#3117,.T.);
#3117 = LINE('',#3118,#3119);
#3118 = CARTESIAN_POINT('',(1.714505518806E-15,-8.992779781472,
    93.682146373569));
#3119 = VECTOR('',#3120,1.);
#3120 = DIRECTION('',(-2.215217703279E-17,0.135571401046,-0.990767578809
    ));
#3121 = ORIENTED_EDGE('',*,*,#2841,.F.);
#3122 = ORIENTED_EDGE('',*,*,#3123,.T.);
#3123 = EDGE_CURVE('',#2833,#2815,#3124,.T.);
#3124 = B_SPLINE_CURVE_WITH_KNOTS('',7,(#3125,#3126,#3127,#3128,#3129,
    #3130,#3131,#3132,#3133,#3134,#3135,#3136,#3137,#3138,#3139,#3140,
    #3141,#3142,#3143,#3144,#3145,#3146,#3147,#3148,#3149,#3150,#3151,
    #3152,#3153,#3154,#3155,#3156,#3157,#3158,#3159,#3160,#3161,#3162,
    #3163,#3164,#3165,#3166,#3167,#3168,#3169,#3170,#3171,#3172,#3173,
    #3174,#3175,#3176,#3177,#3178,#3179,#3180,#3181,#3182,#3183,#3184,
    #3185,#3186,#3187,#3188,#3189,#3190,#3191,#3192,#3193,#3194,#3195,
    #3196,#3197,#3198,#3199,#3200,#3201,#3202,#3203,#3204,#3205,#3206,
    #3207,#3208,#3209,#3210),.UNSPECIFIED.,.F.,.F.,(8,6,6,6,6,6,6,6,6,6,
    6,6,6,6,8),(0.,8.624362484509E-02,0.157473315666,0.328949334752,
    0.382082334212,0.426287764912,0.450462580813,0.500130340815,
    0.549803573675,0.573984390499,0.617526716134,0.671355469235,
    0.842052869599,0.914108731647,1.),.UNSPECIFIED.);
#3125 = CARTESIAN_POINT('',(-6.062177826491,-5.496389890736,
    93.841073186785));
#3126 = CARTESIAN_POINT('',(-6.049740322547,-5.491004293548,
    93.722590048658));
#3127 = CARTESIAN_POINT('',(-6.039973681068,-5.480921994311,
    93.604045683527));
#3128 = CARTESIAN_POINT('',(-6.032943912073,-5.466112445688,
    93.48562896766));
#3129 = CARTESIAN_POINT('',(-6.028683918615,-5.446550099754,
    93.367533292903));
#3130 = CARTESIAN_POINT('',(-6.027192354074,-5.422214853488,
    93.249956670236));
#3131 = CARTESIAN_POINT('',(-6.028432479456,-5.393092494273,
    93.133101833324));
#3132 = CARTESIAN_POINT('',(-6.035550874757,-5.331162381799,
    92.921432025728));
#3133 = CARTESIAN_POINT('',(-6.04058429167,-5.299878105985,
    92.826319172803));
#3134 = CARTESIAN_POINT('',(-6.04739069078,-5.265316741613,
    92.731952378187));
#3135 = CARTESIAN_POINT('',(-6.055913355682,-5.227474052839,
    92.638444158336));
#3136 = CARTESIAN_POINT('',(-6.06608101248,-5.186345514752,
    92.54590552916));
#3137 = CARTESIAN_POINT('',(-6.077809408051,-5.141924683805,
    92.454446583902));
#3138 = CARTESIAN_POINT('',(-6.122764439529,-4.979314506727,
    92.146865209405));
#3139 = CARTESIAN_POINT('',(-6.162980289857,-4.845422697571,
    91.936697459306));
#3140 = CARTESIAN_POINT('',(-6.210336884691,-4.692255070227,
    91.734794113605));
#3141 = CARTESIAN_POINT('',(-6.263199396548,-4.519416902424,
    91.542662658875));
#3142 = CARTESIAN_POINT('',(-6.319554494532,-4.326408028537,
    91.362218018365));
#3143 = CARTESIAN_POINT('',(-6.377098171697,-4.112762625441,
    91.195721929706));
#3144 = CARTESIAN_POINT('',(-6.450554070339,-3.804536679002,
    90.999814769113));
#3145 = CARTESIAN_POINT('',(-6.467782456251,-3.729574518064,
    90.955117214767));
#3146 = CARTESIAN_POINT('',(-6.484780409799,-3.652551441106,
    90.912161635615));
#3147 = CARTESIAN_POINT('',(-6.501459312913,-3.573465421775,
    90.871057145508));
#3148 = CARTESIAN_POINT('',(-6.517725190807,-3.492326822387,
    90.8319237723));
#3149 = CARTESIAN_POINT('',(-6.533479715648,-3.409160823802,
    90.794890434434));
#3150 = CARTESIAN_POINT('',(-6.561218584679,-3.25316621244,
    90.731142185624));
#3151 = CARTESIAN_POINT('',(-6.573391252065,-3.180950705316,
    90.703739945574));
#3152 = CARTESIAN_POINT('',(-6.585080592341,-3.107390298325,
    90.677964853922));
#3153 = CARTESIAN_POINT('',(-6.596225706632,-3.032524159452,
    90.653900332949));
#3154 = CARTESIAN_POINT('',(-6.606764953906,-2.956405645598,
    90.631631968004));
#3155 = CARTESIAN_POINT('',(-6.616637487643,-2.879104287913,
    90.611244904829));
#3156 = CARTESIAN_POINT('',(-6.630787218851,-2.757834736744,
    90.582745821046));
#3157 = CARTESIAN_POINT('',(-6.635572802347,-2.71463436572,
    90.573257518545));
#3158 = CARTESIAN_POINT('',(-6.640131830156,-2.67112123479,
    90.564370015365));
#3159 = CARTESIAN_POINT('',(-6.644455018599,-2.62731159343,
    90.556096349993));
#3160 = CARTESIAN_POINT('',(-6.64853351315,-2.583223369854,
    90.548448923424));
#3161 = CARTESIAN_POINT('',(-6.652358888445,-2.538876171019,
    90.541439499163));
#3162 = CARTESIAN_POINT('',(-6.663246008657,-2.402690521478,
    90.522011817166));
#3163 = CARTESIAN_POINT('',(-6.669467672874,-2.310077516637,
    90.511682837612));
#3164 = CARTESIAN_POINT('',(-6.674518545032,-2.216650564628,
    90.504189201563));
#3165 = CARTESIAN_POINT('',(-6.678342272558,-2.122624246824,
    90.499607202753));
#3166 = CARTESIAN_POINT('',(-6.68089862608,-2.028229814601,
    90.49798795206));
#3167 = CARTESIAN_POINT('',(-6.682166379313,-1.9337155745,90.49935283792
    ));
#3168 = CARTESIAN_POINT('',(-6.682125996341,-1.744968573909,
    90.50802561336));
#3169 = CARTESIAN_POINT('',(-6.680817572436,-1.650720718791,
    90.515334853396));
#3170 = CARTESIAN_POINT('',(-6.67822069951,-1.556869535043,
    90.525604737141));
#3171 = CARTESIAN_POINT('',(-6.674357035268,-1.463660177395,
    90.538790783506));
#3172 = CARTESIAN_POINT('',(-6.66926720753,-1.371317945083,
    90.554820525007));
#3173 = CARTESIAN_POINT('',(-6.663007908924,-1.280049098614,
    90.573598032743));
#3174 = CARTESIAN_POINT('',(-6.652066687352,-1.146226268107,
    90.605430979631));
#3175 = CARTESIAN_POINT('',(-6.648223569143,-1.102707713593,
    90.616478014697));
#3176 = CARTESIAN_POINT('',(-6.644127666163,-1.059506138965,
    90.628136491027));
#3177 = CARTESIAN_POINT('',(-6.639787432976,-1.016639939117,
    90.640392877041));
#3178 = CARTESIAN_POINT('',(-6.635211749506,-0.974125777867,
    90.653233165132));
#3179 = CARTESIAN_POINT('',(-6.630409921038,-0.931978587959,
    90.666642871663));
#3180 = CARTESIAN_POINT('',(-6.616355343138,-0.815001826764,
    90.705752268313));
#3181 = CARTESIAN_POINT('',(-6.606617109781,-0.741025417862,
    90.732695532792));
#3182 = CARTESIAN_POINT('',(-6.596232957968,-0.668358278113,
    90.761351046079));
#3183 = CARTESIAN_POINT('',(-6.58526103493,-0.597059079667,
    90.79163176634));
#3184 = CARTESIAN_POINT('',(-6.573760228409,-0.527171289087,
    90.823451634142));
#3185 = CARTESIAN_POINT('',(-6.561788739777,-0.458725223357,
    90.856727812336));
#3186 = CARTESIAN_POINT('',(-6.534090489639,-0.308930442034,
    90.934224954444));
#3187 = CARTESIAN_POINT('',(-6.518145276387,-0.228356648735,
    90.979172743596));
#3188 = CARTESIAN_POINT('',(-6.501672840065,-0.15005039483,
    91.026081423321));
#3189 = CARTESIAN_POINT('',(-6.48477550408,-7.40258410545E-02,
    91.074814927966));
#3190 = CARTESIAN_POINT('',(-6.467551019165,-2.824198611017E-04,
    91.125247914317));
#3191 = CARTESIAN_POINT('',(-6.450091489978,7.119238474906E-02,
    91.17726767961));
#3192 = CARTESIAN_POINT('',(-6.376641464045,0.359950103703,
    91.400457601726));
#3193 = CARTESIAN_POINT('',(-6.319373165978,0.556584584714,
    91.584874922514));
#3194 = CARTESIAN_POINT('',(-6.26329184821,0.731600175937,
    91.781193966883));
#3195 = CARTESIAN_POINT('',(-6.210669554989,0.885659223615,
    91.987234859177));
#3196 = CARTESIAN_POINT('',(-6.163492418066,1.019424468934,
    92.201161198328));
#3197 = CARTESIAN_POINT('',(-6.123375510009,1.133419491675,
    92.421525673286));
#3198 = CARTESIAN_POINT('',(-6.078212748842,1.267942762613,
    92.742532893492));
#3199 = CARTESIAN_POINT('',(-6.066303202296,1.304396482817,
    92.838725960946));
#3200 = CARTESIAN_POINT('',(-6.055988995837,1.337394412805,
    92.935716107639));
#3201 = CARTESIAN_POINT('',(-6.047357556629,1.366953556018,
    93.033390457857));
#3202 = CARTESIAN_POINT('',(-6.040482733973,1.393088987819,
    93.131635000018));
#3203 = CARTESIAN_POINT('',(-6.035423128067,1.415815629772,
    93.230334132837));
#3204 = CARTESIAN_POINT('',(-6.028402759039,1.458196804391,
    93.44742215293));
#3205 = CARTESIAN_POINT('',(-6.027223293474,1.476424259204,
    93.56595649838));
#3206 = CARTESIAN_POINT('',(-6.028753834628,1.489858808049,
    93.684769799669));
#3207 = CARTESIAN_POINT('',(-6.033030243178,1.498532662851,
    93.803663927666));
#3208 = CARTESIAN_POINT('',(-6.040053562437,1.502483390862,
    93.922445931658));
#3209 = CARTESIAN_POINT('',(-6.049791152849,1.501753477757,
    94.040927898743));
#3210 = CARTESIAN_POINT('',(-6.062177826491,1.496389890736,
    94.158926813215));
#3211 = ORIENTED_EDGE('',*,*,#2814,.F.);
#3212 = ORIENTED_EDGE('',*,*,#2894,.F.);
#3213 = ORIENTED_EDGE('',*,*,#2850,.F.);
#3214 = ORIENTED_EDGE('',*,*,#3116,.T.);
#3215 = ORIENTED_EDGE('',*,*,#3216,.T.);
#3216 = EDGE_CURVE('',#3108,#3106,#3217,.T.);
#3217 = CIRCLE('',#3218,5.170328939637);
#3218 = AXIS2_PLACEMENT_3D('',#3219,#3220,#3221);
#3219 = CARTESIAN_POINT('',(0.,-1.085164469819,73.873618336009));
#3220 = DIRECTION('',(0.,-4.540766091865E-02,0.99896854021));
#3221 = DIRECTION('',(0.,-0.99896854021,-4.540766091865E-02));
#3222 = CONICAL_SURFACE('',#3223,7.,9.056688594188E-02);
#3223 = AXIS2_PLACEMENT_3D('',#3224,#3225,#3226);
#3224 = CARTESIAN_POINT('',(0.,-2.,94.));
#3225 = DIRECTION('',(-0.,-4.540766091865E-02,0.99896854021));
#3226 = DIRECTION('',(0.,-0.99896854021,-4.540766091865E-02));
#3227 = ADVANCED_FACE('',(#3228),#3335,.T.);
#3228 = FACE_BOUND('',#3229,.T.);
#3229 = EDGE_LOOP('',(#3230,#3231,#3239,#3248,#3325,#3332,#3333,#3334));
#3230 = ORIENTED_EDGE('',*,*,#2832,.F.);
#3231 = ORIENTED_EDGE('',*,*,#3232,.F.);
#3232 = EDGE_CURVE('',#3233,#2824,#3235,.T.);
#3233 = VERTEX_POINT('',#3234);
#3234 = CARTESIAN_POINT('',(-14.06350832689,-2.,97.5));
#3235 = LINE('',#3236,#3237);
#3236 = CARTESIAN_POINT('',(-16.,-2.,97.5));
#3237 = VECTOR('',#3238,1.);
#3238 = DIRECTION('',(1.,0.,0.));
#3239 = ORIENTED_EDGE('',*,*,#3240,.T.);
#3240 = EDGE_CURVE('',#3233,#3241,#3243,.T.);
#3241 = VERTEX_POINT('',#3242);
#3242 = CARTESIAN_POINT('',(-14.06350749858,-2.94951808641,
    90.631258389271));
#3243 = CIRCLE('',#3244,3.5);
#3244 = AXIS2_PLACEMENT_3D('',#3245,#3246,#3247);
#3245 = CARTESIAN_POINT('',(-14.06350832689,-2.,94.));
#3246 = DIRECTION('',(1.,0.,0.));
#3247 = DIRECTION('',(-0.,0.,1.));
#3248 = ORIENTED_EDGE('',*,*,#3249,.F.);
#3249 = EDGE_CURVE('',#3250,#3241,#3252,.T.);
#3250 = VERTEX_POINT('',#3251);
#3251 = CARTESIAN_POINT('',(-14.06350749909,1.384363491615,
    93.107762146881));
#3252 = B_SPLINE_CURVE_WITH_KNOTS('',6,(#3253,#3254,#3255,#3256,#3257,
    #3258,#3259,#3260,#3261,#3262,#3263,#3264,#3265,#3266,#3267,#3268,
    #3269,#3270,#3271,#3272,#3273,#3274,#3275,#3276,#3277,#3278,#3279,
    #3280,#3281,#3282,#3283,#3284,#3285,#3286,#3287,#3288,#3289,#3290,
    #3291,#3292,#3293,#3294,#3295,#3296,#3297,#3298,#3299,#3300,#3301,
    #3302,#3303,#3304,#3305,#3306,#3307,#3308,#3309,#3310,#3311,#3312,
    #3313,#3314,#3315,#3316,#3317,#3318,#3319,#3320,#3321,#3322,#3323,
    #3324),.UNSPECIFIED.,.F.,.F.,(7,5,5,5,5,5,5,5,5,5,5,5,5,5,7),(0.,
    6.627685525472E-02,0.198193081305,0.344897601888,0.398741931598,
    0.439094856251,0.459960062797,0.501589549825,0.543218141796,
    0.564082326259,0.604432604853,0.658272784759,0.804964625407,
    0.935826486318,1.),.UNSPECIFIED.);
#3253 = CARTESIAN_POINT('',(-16.0000006,1.490902196704,94.252194078142)
  );
#3254 = CARTESIAN_POINT('',(-15.89223104902,1.490724170243,
    94.254658342834));
#3255 = CARTESIAN_POINT('',(-15.78438908288,1.491327117981,
    94.246264709594));
#3256 = CARTESIAN_POINT('',(-15.67787987919,1.4927561917,94.227009967499
    ));
#3257 = CARTESIAN_POINT('',(-15.57349087364,1.494656854037,
    94.198211063465));
#3258 = CARTESIAN_POINT('',(-15.47159137023,1.496530227151,
    94.161637871218));
#3259 = CARTESIAN_POINT('',(-15.17476843978,1.500890844028,
    94.033075656415));
#3260 = CARTESIAN_POINT('',(-14.9879663014,1.502142609083,
    93.922250636028));
#3261 = CARTESIAN_POINT('',(-14.80922926272,1.498582084425,
    93.795905462041));
#3262 = CARTESIAN_POINT('',(-14.63768212866,1.488072168816,
    93.658662133152));
#3263 = CARTESIAN_POINT('',(-14.47236412881,1.469478533409,
    93.513001941236));
#3264 = CARTESIAN_POINT('',(-14.13389442983,1.409022761326,
    93.188334442907));
#3265 = CARTESIAN_POINT('',(-13.96280727091,1.364972937577,
    93.008304381757));
#3266 = CARTESIAN_POINT('',(-13.79808612432,1.306332023784,
    92.820514312303));
#3267 = CARTESIAN_POINT('',(-13.64034653161,1.230716504994,
    92.625955580485));
#3268 = CARTESIAN_POINT('',(-13.49150231939,1.134947417084,
    92.425678162941));
#3269 = CARTESIAN_POINT('',(-13.30446846402,0.969971261214,
    92.14612132258));
#3270 = CARTESIAN_POINT('',(-13.25590572138,0.922345474475,
    92.070538552135));
#3271 = CARTESIAN_POINT('',(-13.20917390955,0.871156764104,
    91.994522331268));
#3272 = CARTESIAN_POINT('',(-13.1645049951,0.816180815967,
    91.918221484255));
#3273 = CARTESIAN_POINT('',(-13.12218499591,0.757199738576,
    91.841841118373));
#3274 = CARTESIAN_POINT('',(-13.05285303843,0.64663939646,
    91.708536664511));
#3275 = CARTESIAN_POINT('',(-13.02466226432,0.596917063418,
    91.651537732855));
#3276 = CARTESIAN_POINT('',(-12.9981320417,0.544746636671,
    91.594764003206));
#3277 = CARTESIAN_POINT('',(-12.97342490294,0.490073838926,
    91.538364902393));
#3278 = CARTESIAN_POINT('',(-12.95071552988,0.43287854288,
    91.482521109807));
#3279 = CARTESIAN_POINT('',(-12.91957804874,0.342303860672,
    91.398966233916));
#3280 = CARTESIAN_POINT('',(-12.90954892963,0.310764203298,
    91.370693609332));
#3281 = CARTESIAN_POINT('',(-12.90012899552,0.278559707068,
    91.342656858823));
#3282 = CARTESIAN_POINT('',(-12.89134293446,0.245699201266,
    91.314887919494));
#3283 = CARTESIAN_POINT('',(-12.88321452354,0.212196436491,
    91.287420490379));
#3284 = CARTESIAN_POINT('',(-12.86090686546,0.109982451883,
    91.206160347976));
#3285 = CARTESIAN_POINT('',(-12.84874811438,3.940010321222E-02,
    91.153356600562));
#3286 = CARTESIAN_POINT('',(-12.83948721786,-3.350668595434E-02,
    91.102189086896));
#3287 = CARTESIAN_POINT('',(-12.83325916054,-0.108494078494,
    91.052943145957));
#3288 = CARTESIAN_POINT('',(-12.8301370696,-0.185244675563,
    91.00587915901));
#3289 = CARTESIAN_POINT('',(-12.83012735981,-0.341488677955,
    90.916586900119));
#3290 = CARTESIAN_POINT('',(-12.8332396019,-0.420996709515,
    90.874350127302));
#3291 = CARTESIAN_POINT('',(-12.83945783273,-0.50149037266,
    90.834739666844));
#3292 = CARTESIAN_POINT('',(-12.84870905997,-0.582584212894,
    90.797896913763));
#3293 = CARTESIAN_POINT('',(-12.86085840715,-0.663908559847,
    90.763887222401));
#3294 = CARTESIAN_POINT('',(-12.88315226426,-0.785807323736,
    90.717068872981));
#3295 = CARTESIAN_POINT('',(-12.89127597955,-0.826479052305,
    90.702146098996));
#3296 = CARTESIAN_POINT('',(-12.9000574038,-0.867084673125,
    90.687929684559));
#3297 = CARTESIAN_POINT('',(-12.90947276809,-0.907588161557,
    90.674414382728));
#3298 = CARTESIAN_POINT('',(-12.91949739032,-0.947957508173,
    90.66159159953));
#3299 = CARTESIAN_POINT('',(-12.95062156211,-1.065923432576,
    90.625966981869));
#3300 = CARTESIAN_POINT('',(-12.97332226257,-1.143070255994,
    90.605035136941));
#3301 = CARTESIAN_POINT('',(-12.99802097591,-1.21941539644,
    90.586558429135));
#3302 = CARTESIAN_POINT('',(-13.02454303423,-1.294813330521,
    90.570427852613));
#3303 = CARTESIAN_POINT('',(-13.05272590236,-1.369162804029,
    90.556520825739));
#3304 = CARTESIAN_POINT('',(-13.12203950638,-1.540137796306,
    90.528930017281));
#3305 = CARTESIAN_POINT('',(-13.16434918959,-1.635885352004,
    90.516884058916));
#3306 = CARTESIAN_POINT('',(-13.20900813065,-1.729531530849,
    90.508248478552));
#3307 = CARTESIAN_POINT('',(-13.25573027689,-1.821010144813,
    90.502731458181));
#3308 = CARTESIAN_POINT('',(-13.3042836198,-1.910306786027,
    90.500064199221));
#3309 = CARTESIAN_POINT('',(-13.49128199148,-2.234911474511,
    90.499828520089));
#3310 = CARTESIAN_POINT('',(-13.640101325,-2.456080135951,
    90.518977525839));
#3311 = CARTESIAN_POINT('',(-13.79781664553,-2.662091800705,
    90.552587667169));
#3312 = CARTESIAN_POINT('',(-13.96251355478,-2.85365562839,
    90.59738700411));
#3313 = CARTESIAN_POINT('',(-14.13357585406,-3.03112805745,
    90.650819012786));
#3314 = CARTESIAN_POINT('',(-14.47072820502,-3.34038938034,
    90.76311560829));
#3315 = CARTESIAN_POINT('',(-14.634692769,-3.474375481729,
    90.820548111428));
#3316 = CARTESIAN_POINT('',(-14.80477119431,-3.597172687041,
    90.880648806505));
#3317 = CARTESIAN_POINT('',(-14.98189693786,-3.707271788952,
    90.941223223471));
#3318 = CARTESIAN_POINT('',(-15.16692750746,-3.801889299433,
    90.998235944766));
#3319 = CARTESIAN_POINT('',(-15.45841223765,-3.910105014033,
    91.066865736435));
#3320 = CARTESIAN_POINT('',(-15.55676262539,-3.940375457409,
    91.086782174719));
#3321 = CARTESIAN_POINT('',(-15.65747549512,-3.964462599712,
    91.103131215759));
#3322 = CARTESIAN_POINT('',(-15.76025495549,-3.981217922427,
    91.11471225106));
#3323 = CARTESIAN_POINT('',(-15.86441875968,-3.989728642609,
    91.120593819488));
#3324 = CARTESIAN_POINT('',(-15.96872868735,-3.989855007492,
    91.120681148404));
#3325 = ORIENTED_EDGE('',*,*,#3326,.T.);
#3326 = EDGE_CURVE('',#3250,#3233,#3327,.T.);
#3327 = CIRCLE('',#3328,3.5);
#3328 = AXIS2_PLACEMENT_3D('',#3329,#3330,#3331);
#3329 = CARTESIAN_POINT('',(-14.06350832689,-2.,94.));
#3330 = DIRECTION('',(1.,0.,0.));
#3331 = DIRECTION('',(-0.,0.,1.));
#3332 = ORIENTED_EDGE('',*,*,#3232,.T.);
#3333 = ORIENTED_EDGE('',*,*,#2823,.F.);
#3334 = ORIENTED_EDGE('',*,*,#3123,.F.);
#3335 = CYLINDRICAL_SURFACE('',#3336,3.5);
#3336 = AXIS2_PLACEMENT_3D('',#3337,#3338,#3339);
#3337 = CARTESIAN_POINT('',(-16.,-2.,94.));
#3338 = DIRECTION('',(1.,0.,0.));
#3339 = DIRECTION('',(-0.,0.,1.));
#3340 = ADVANCED_FACE('',(#3341),#3380,.T.);
#3341 = FACE_BOUND('',#3342,.T.);
#3342 = EDGE_LOOP('',(#3343,#3354,#3355,#3362,#3363,#3364,#3373));
#3343 = ORIENTED_EDGE('',*,*,#3344,.T.);
#3344 = EDGE_CURVE('',#3345,#3347,#3349,.T.);
#3345 = VERTEX_POINT('',#3346);
#3346 = CARTESIAN_POINT('',(18.71559745518,-2.,91.063074658521));
#3347 = VERTEX_POINT('',#3348);
#3348 = CARTESIAN_POINT('',(16.,-2.,98.));
#3349 = CIRCLE('',#3350,4.);
#3350 = AXIS2_PLACEMENT_3D('',#3351,#3352,#3353);
#3351 = CARTESIAN_POINT('',(16.,-2.,94.));
#3352 = DIRECTION('',(-2.449293598295E-16,-1.,0.));
#3353 = DIRECTION('',(1.,-2.449293598295E-16,0.));
#3354 = ORIENTED_EDGE('',*,*,#3344,.F.);
#3355 = ORIENTED_EDGE('',*,*,#3356,.T.);
#3356 = EDGE_CURVE('',#3345,#2986,#3357,.T.);
#3357 = CIRCLE('',#3358,3.127855884818);
#3358 = AXIS2_PLACEMENT_3D('',#3359,#3360,#3361);
#3359 = CARTESIAN_POINT('',(15.948468489156,-0.763243739732,
    91.835676544532));
#3360 = DIRECTION('',(2.066803998873E-02,-0.496032959729,0.868057679527)
  );
#3361 = DIRECTION('',(0.,-0.868243142124,-0.496138938357));
#3362 = ORIENTED_EDGE('',*,*,#2985,.T.);
#3363 = ORIENTED_EDGE('',*,*,#2876,.T.);
#3364 = ORIENTED_EDGE('',*,*,#3365,.T.);
#3365 = EDGE_CURVE('',#2879,#3366,#3368,.T.);
#3366 = VERTEX_POINT('',#3367);
#3367 = CARTESIAN_POINT('',(15.948468489156,-3.47898316128,
    90.283825446506));
#3368 = CIRCLE('',#3369,3.127855884818);
#3369 = AXIS2_PLACEMENT_3D('',#3370,#3371,#3372);
#3370 = CARTESIAN_POINT('',(15.948468489156,-0.763243739732,
    91.835676544532));
#3371 = DIRECTION('',(2.066803998873E-02,-0.496032959729,0.868057679527)
  );
#3372 = DIRECTION('',(0.,-0.868243142124,-0.496138938357));
#3373 = ORIENTED_EDGE('',*,*,#3374,.T.);
#3374 = EDGE_CURVE('',#3366,#3345,#3375,.T.);
#3375 = CIRCLE('',#3376,3.127855884818);
#3376 = AXIS2_PLACEMENT_3D('',#3377,#3378,#3379);
#3377 = CARTESIAN_POINT('',(15.948468489156,-0.763243739732,
    91.835676544532));
#3378 = DIRECTION('',(2.066803998873E-02,-0.496032959729,0.868057679527)
  );
#3379 = DIRECTION('',(0.,-0.868243142124,-0.496138938357));
#3380 = SPHERICAL_SURFACE('',#3381,4.);
#3381 = AXIS2_PLACEMENT_3D('',#3382,#3383,#3384);
#3382 = CARTESIAN_POINT('',(16.,-2.,94.));
#3383 = DIRECTION('',(0.,0.,1.));
#3384 = DIRECTION('',(1.,0.,-0.));
#3385 = ADVANCED_FACE('',(#3386),#3417,.T.);
#3386 = FACE_BOUND('',#3387,.T.);
#3387 = EDGE_LOOP('',(#3388,#3399,#3405,#3406,#3407,#3408,#3409,#3410));
#3388 = ORIENTED_EDGE('',*,*,#3389,.T.);
#3389 = EDGE_CURVE('',#3390,#3392,#3394,.T.);
#3390 = VERTEX_POINT('',#3391);
#3391 = CARTESIAN_POINT('',(17.921874180271,10.,74.770459108519));
#3392 = VERTEX_POINT('',#3393);
#3393 = CARTESIAN_POINT('',(15.532798443716,7.002361662156,
    73.114405671098));
#3394 = CIRCLE('',#3395,2.545917821202);
#3395 = AXIS2_PLACEMENT_3D('',#3396,#3397,#3398);
#3396 = CARTESIAN_POINT('',(15.532798443716,9.212837350827,
    74.377534636053));
#3397 = DIRECTION('',(2.066803998873E-02,-0.496032959729,0.868057679527)
  );
#3398 = DIRECTION('',(0.,-0.868243142124,-0.496138938357));
#3399 = ORIENTED_EDGE('',*,*,#3400,.F.);
#3400 = EDGE_CURVE('',#3366,#3392,#3401,.T.);
#3401 = LINE('',#3402,#3403);
#3402 = CARTESIAN_POINT('',(16.,-4.778378054798,92.412355397258));
#3403 = VECTOR('',#3404,1.);
#3404 = DIRECTION('',(-2.065939326963E-02,0.520937765609,-0.853344616103
    ));
#3405 = ORIENTED_EDGE('',*,*,#3365,.F.);
#3406 = ORIENTED_EDGE('',*,*,#2994,.T.);
#3407 = ORIENTED_EDGE('',*,*,#3356,.F.);
#3408 = ORIENTED_EDGE('',*,*,#3374,.F.);
#3409 = ORIENTED_EDGE('',*,*,#3400,.T.);
#3410 = ORIENTED_EDGE('',*,*,#3411,.T.);
#3411 = EDGE_CURVE('',#3392,#3390,#3412,.T.);
#3412 = CIRCLE('',#3413,2.545917821202);
#3413 = AXIS2_PLACEMENT_3D('',#3414,#3415,#3416);
#3414 = CARTESIAN_POINT('',(15.532798443716,9.212837350827,
    74.377534636053));
#3415 = DIRECTION('',(2.066803998873E-02,-0.496032959729,0.868057679527)
  );
#3416 = DIRECTION('',(0.,-0.868243142124,-0.496138938357));
#3417 = CONICAL_SURFACE('',#3418,3.2,2.892718470002E-02);
#3418 = AXIS2_PLACEMENT_3D('',#3419,#3420,#3421);
#3419 = CARTESIAN_POINT('',(16.,-2.,94.));
#3420 = DIRECTION('',(2.066803998873E-02,-0.496032959729,0.868057679527)
  );
#3421 = DIRECTION('',(0.,-0.868243142124,-0.496138938357));
#3422 = ADVANCED_FACE('',(#3423),#3453,.T.);
#3423 = FACE_BOUND('',#3424,.T.);
#3424 = EDGE_LOOP('',(#3425,#3426,#3435,#3444,#3451,#3452));
#3425 = ORIENTED_EDGE('',*,*,#3105,.F.);
#3426 = ORIENTED_EDGE('',*,*,#3427,.F.);
#3427 = EDGE_CURVE('',#3428,#3106,#3430,.T.);
#3428 = VERTEX_POINT('',#3429);
#3429 = CARTESIAN_POINT('',(5.157609523526,-1.,70.089747659906));
#3430 = CIRCLE('',#3431,5.5);
#3431 = AXIS2_PLACEMENT_3D('',#3432,#3433,#3434);
#3432 = CARTESIAN_POINT('',(0.,-1.,72.));
#3433 = DIRECTION('',(-2.449293598295E-16,-1.,0.));
#3434 = DIRECTION('',(1.,-2.449293598295E-16,0.));
#3435 = ORIENTED_EDGE('',*,*,#3436,.F.);
#3436 = EDGE_CURVE('',#3437,#3428,#3439,.T.);
#3437 = VERTEX_POINT('',#3438);
#3438 = CARTESIAN_POINT('',(1.263516570947E-15,-6.044956722906,
    69.809472286411));
#3439 = CIRCLE('',#3440,5.158697886716);
#3440 = AXIS2_PLACEMENT_3D('',#3441,#3442,#3443);
#3441 = CARTESIAN_POINT('',(0.,-0.894201408856,70.095625359414));
#3442 = DIRECTION('',(0.,5.547001962252E-02,-0.998460353205));
#3443 = DIRECTION('',(0.,0.998460353205,5.547001962252E-02));
#3444 = ORIENTED_EDGE('',*,*,#3445,.F.);
#3445 = EDGE_CURVE('',#3428,#3437,#3446,.T.);
#3446 = CIRCLE('',#3447,5.158697886716);
#3447 = AXIS2_PLACEMENT_3D('',#3448,#3449,#3450);
#3448 = CARTESIAN_POINT('',(0.,-0.894201408856,70.095625359414));
#3449 = DIRECTION('',(0.,5.547001962252E-02,-0.998460353205));
#3450 = DIRECTION('',(0.,0.998460353205,5.547001962252E-02));
#3451 = ORIENTED_EDGE('',*,*,#3427,.T.);
#3452 = ORIENTED_EDGE('',*,*,#3216,.F.);
#3453 = SPHERICAL_SURFACE('',#3454,5.5);
#3454 = AXIS2_PLACEMENT_3D('',#3455,#3456,#3457);
#3455 = CARTESIAN_POINT('',(0.,-1.,72.));
#3456 = DIRECTION('',(0.,0.,1.));
#3457 = DIRECTION('',(1.,0.,-0.));
#3458 = ADVANCED_FACE('',(#3459),#3489,.T.);
#3459 = FACE_BOUND('',#3460,.T.);
#3460 = EDGE_LOOP('',(#3461,#3470,#3471,#3472,#3481,#3488));
#3461 = ORIENTED_EDGE('',*,*,#3462,.T.);
#3462 = EDGE_CURVE('',#3233,#3463,#3465,.T.);
#3463 = VERTEX_POINT('',#3464);
#3464 = CARTESIAN_POINT('',(-16.,-2.,98.));
#3465 = CIRCLE('',#3466,4.);
#3466 = AXIS2_PLACEMENT_3D('',#3467,#3468,#3469);
#3467 = CARTESIAN_POINT('',(-16.,-2.,94.));
#3468 = DIRECTION('',(-2.449293598295E-16,-1.,0.));
#3469 = DIRECTION('',(1.,-2.449293598295E-16,0.));
#3470 = ORIENTED_EDGE('',*,*,#3462,.F.);
#3471 = ORIENTED_EDGE('',*,*,#3326,.F.);
#3472 = ORIENTED_EDGE('',*,*,#3473,.T.);
#3473 = EDGE_CURVE('',#3250,#3474,#3476,.T.);
#3474 = VERTEX_POINT('',#3475);
#3475 = CARTESIAN_POINT('',(-15.94846848915,-3.47898316128,
    90.283825446506));
#3476 = CIRCLE('',#3477,3.127855884818);
#3477 = AXIS2_PLACEMENT_3D('',#3478,#3479,#3480);
#3478 = CARTESIAN_POINT('',(-15.94846848915,-0.763243739732,
    91.835676544532));
#3479 = DIRECTION('',(-2.066803998873E-02,-0.496032959729,0.868057679527
    ));
#3480 = DIRECTION('',(0.,-0.868243142124,-0.496138938357));
#3481 = ORIENTED_EDGE('',*,*,#3482,.T.);
#3482 = EDGE_CURVE('',#3474,#3241,#3483,.T.);
#3483 = CIRCLE('',#3484,3.127855884818);
#3484 = AXIS2_PLACEMENT_3D('',#3485,#3486,#3487);
#3485 = CARTESIAN_POINT('',(-15.94846848915,-0.763243739732,
    91.835676544532));
#3486 = DIRECTION('',(-2.066803998873E-02,-0.496032959729,0.868057679527
    ));
#3487 = DIRECTION('',(0.,-0.868243142124,-0.496138938357));
#3488 = ORIENTED_EDGE('',*,*,#3240,.F.);
#3489 = SPHERICAL_SURFACE('',#3490,4.);
#3490 = AXIS2_PLACEMENT_3D('',#3491,#3492,#3493);
#3491 = CARTESIAN_POINT('',(-16.,-2.,94.));
#3492 = DIRECTION('',(0.,0.,1.));
#3493 = DIRECTION('',(1.,0.,-0.));
#3494 = ADVANCED_FACE('',(#3495),#3525,.T.);
#3495 = FACE_BOUND('',#3496,.T.);
#3496 = EDGE_LOOP('',(#3497,#3508,#3514,#3515,#3516,#3517,#3518));
#3497 = ORIENTED_EDGE('',*,*,#3498,.T.);
#3498 = EDGE_CURVE('',#3499,#3501,#3503,.T.);
#3499 = VERTEX_POINT('',#3500);
#3500 = CARTESIAN_POINT('',(-13.16512996334,10.,74.883714923208));
#3501 = VERTEX_POINT('',#3502);
#3502 = CARTESIAN_POINT('',(-15.53279844371,7.002361662156,
    73.114405671098));
#3503 = CIRCLE('',#3504,2.545917821202);
#3504 = AXIS2_PLACEMENT_3D('',#3505,#3506,#3507);
#3505 = CARTESIAN_POINT('',(-15.53279844371,9.212837350827,
    74.377534636053));
#3506 = DIRECTION('',(-2.066803998873E-02,-0.496032959729,0.868057679527
    ));
#3507 = DIRECTION('',(0.,-0.868243142124,-0.496138938357));
#3508 = ORIENTED_EDGE('',*,*,#3509,.F.);
#3509 = EDGE_CURVE('',#3474,#3501,#3510,.T.);
#3510 = LINE('',#3511,#3512);
#3511 = CARTESIAN_POINT('',(-16.,-4.778378054798,92.412355397258));
#3512 = VECTOR('',#3513,1.);
#3513 = DIRECTION('',(2.065939326963E-02,0.520937765609,-0.853344616103)
  );
#3514 = ORIENTED_EDGE('',*,*,#3473,.F.);
#3515 = ORIENTED_EDGE('',*,*,#3249,.T.);
#3516 = ORIENTED_EDGE('',*,*,#3482,.F.);
#3517 = ORIENTED_EDGE('',*,*,#3509,.T.);
#3518 = ORIENTED_EDGE('',*,*,#3519,.T.);
#3519 = EDGE_CURVE('',#3501,#3499,#3520,.T.);
#3520 = CIRCLE('',#3521,2.545917821202);
#3521 = AXIS2_PLACEMENT_3D('',#3522,#3523,#3524);
#3522 = CARTESIAN_POINT('',(-15.53279844371,9.212837350827,
    74.377534636053));
#3523 = DIRECTION('',(-2.066803998873E-02,-0.496032959729,0.868057679527
    ));
#3524 = DIRECTION('',(0.,-0.868243142124,-0.496138938357));
#3525 = CONICAL_SURFACE('',#3526,3.2,2.892718470002E-02);
#3526 = AXIS2_PLACEMENT_3D('',#3527,#3528,#3529);
#3527 = CARTESIAN_POINT('',(-16.,-2.,94.));
#3528 = DIRECTION('',(-2.066803998873E-02,-0.496032959729,0.868057679527
    ));
#3529 = DIRECTION('',(0.,-0.868243142124,-0.496138938357));
#3530 = ADVANCED_FACE('',(#3531),#3561,.T.);
#3531 = FACE_BOUND('',#3532,.T.);
#3532 = EDGE_LOOP('',(#3533,#3534,#3543,#3552,#3559,#3560));
#3533 = ORIENTED_EDGE('',*,*,#3389,.F.);
#3534 = ORIENTED_EDGE('',*,*,#3535,.F.);
#3535 = EDGE_CURVE('',#3536,#3390,#3538,.T.);
#3536 = VERTEX_POINT('',#3537);
#3537 = CARTESIAN_POINT('',(16.818333511063,10.,70.305190776027));
#3538 = CIRCLE('',#3539,3.);
#3539 = AXIS2_PLACEMENT_3D('',#3540,#3541,#3542);
#3540 = CARTESIAN_POINT('',(15.5,10.,73.));
#3541 = DIRECTION('',(-2.449293598295E-16,-1.,0.));
#3542 = DIRECTION('',(1.,-2.449293598295E-16,0.));
#3543 = ORIENTED_EDGE('',*,*,#3544,.T.);
#3544 = EDGE_CURVE('',#3536,#3545,#3547,.T.);
#3545 = VERTEX_POINT('',#3546);
#3546 = CARTESIAN_POINT('',(15.210955987428,9.361986299538,
    70.082913769389));
#3547 = CIRCLE('',#3548,2.463869498428);
#3548 = AXIS2_PLACEMENT_3D('',#3549,#3550,#3551);
#3549 = CARTESIAN_POINT('',(15.210955987428,11.15617605029,
    71.771562946567));
#3550 = DIRECTION('',(0.168880132368,-0.675520529473,0.717740562565));
#3551 = DIRECTION('',(0.,-0.728199992693,-0.685364699005));
#3552 = ORIENTED_EDGE('',*,*,#3553,.T.);
#3553 = EDGE_CURVE('',#3545,#3536,#3554,.T.);
#3554 = CIRCLE('',#3555,2.463869498428);
#3555 = AXIS2_PLACEMENT_3D('',#3556,#3557,#3558);
#3556 = CARTESIAN_POINT('',(15.210955987428,11.15617605029,
    71.771562946567));
#3557 = DIRECTION('',(0.168880132368,-0.675520529473,0.717740562565));
#3558 = DIRECTION('',(0.,-0.728199992693,-0.685364699005));
#3559 = ORIENTED_EDGE('',*,*,#3535,.T.);
#3560 = ORIENTED_EDGE('',*,*,#3411,.F.);
#3561 = SPHERICAL_SURFACE('',#3562,3.);
#3562 = AXIS2_PLACEMENT_3D('',#3563,#3564,#3565);
#3563 = CARTESIAN_POINT('',(15.5,10.,73.));
#3564 = DIRECTION('',(0.,0.,1.));
#3565 = DIRECTION('',(1.,0.,-0.));
#3566 = ADVANCED_FACE('',(#3567),#3799,.T.);
#3567 = FACE_BOUND('',#3568,.T.);
#3568 = EDGE_LOOP('',(#3569,#3580,#3586,#3587,#3588,#3589,#3598,#3640,
    #3695,#3704,#3759));
#3569 = ORIENTED_EDGE('',*,*,#3570,.F.);
#3570 = EDGE_CURVE('',#3571,#3573,#3575,.T.);
#3571 = VERTEX_POINT('',#3572);
#3572 = CARTESIAN_POINT('',(1.527206596584E-15,-6.402164555281,
    56.830598701177));
#3573 = VERTEX_POINT('',#3574);
#3574 = CARTESIAN_POINT('',(-6.229235841803,-0.450844792898,
    57.161227577038));
#3575 = CIRCLE('',#3576,6.235294117647);
#3576 = AXIS2_PLACEMENT_3D('',#3577,#3578,#3579);
#3577 = CARTESIAN_POINT('',(0.,-0.176470588235,57.176470588235));
#3578 = DIRECTION('',(0.,5.547001962252E-02,-0.998460353205));
#3579 = DIRECTION('',(0.,0.998460353205,5.547001962252E-02));
#3580 = ORIENTED_EDGE('',*,*,#3581,.F.);
#3581 = EDGE_CURVE('',#3437,#3571,#3582,.T.);
#3582 = LINE('',#3583,#3584);
#3583 = CARTESIAN_POINT('',(1.224646799147E-15,-5.992301766027,
    71.722649901887));
#3584 = VECTOR('',#3585,1.);
#3585 = DIRECTION('',(2.030917485933E-17,-2.751183444006E-02,
    -0.999621477843));
#3586 = ORIENTED_EDGE('',*,*,#3436,.T.);
#3587 = ORIENTED_EDGE('',*,*,#3445,.T.);
#3588 = ORIENTED_EDGE('',*,*,#3581,.T.);
#3589 = ORIENTED_EDGE('',*,*,#3590,.F.);
#3590 = EDGE_CURVE('',#3591,#3571,#3593,.T.);
#3591 = VERTEX_POINT('',#3592);
#3592 = CARTESIAN_POINT('',(6.22923584157,-0.450844791633,
    57.161227575835));
#3593 = CIRCLE('',#3594,6.235294117647);
#3594 = AXIS2_PLACEMENT_3D('',#3595,#3596,#3597);
#3595 = CARTESIAN_POINT('',(0.,-0.176470588235,57.176470588235));
#3596 = DIRECTION('',(0.,5.547001962252E-02,-0.998460353205));
#3597 = DIRECTION('',(0.,0.998460353205,5.547001962252E-02));
#3598 = ORIENTED_EDGE('',*,*,#3599,.F.);
#3599 = EDGE_CURVE('',#3600,#3591,#3602,.T.);
#3600 = VERTEX_POINT('',#3601);
#3601 = CARTESIAN_POINT('',(5.764659727612,2.,58.));
#3602 = B_SPLINE_CURVE_WITH_KNOTS('',6,(#3603,#3604,#3605,#3606,#3607,
    #3608,#3609,#3610,#3611,#3612,#3613,#3614,#3615,#3616,#3617,#3618,
    #3619,#3620,#3621,#3622,#3623,#3624,#3625,#3626,#3627,#3628,#3629,
    #3630,#3631,#3632,#3633,#3634,#3635,#3636,#3637,#3638,#3639),
  .UNSPECIFIED.,.F.,.F.,(7,5,5,5,5,5,5,7),(0.,0.131922518613,
    0.232752859632,0.282208465349,0.373360406517,0.49090719551,
    0.737844083791,1.),.UNSPECIFIED.);
#3603 = CARTESIAN_POINT('',(5.764659727612,2.,58.));
#3604 = CARTESIAN_POINT('',(5.821586581257,1.849939374844,58.));
#3605 = CARTESIAN_POINT('',(5.874998047941,1.697014330327,
    57.993244570474));
#3606 = CARTESIAN_POINT('',(5.924448061318,1.54195601139,57.979249959662
    ));
#3607 = CARTESIAN_POINT('',(5.969563349073,1.385666307025,
    57.957651698237));
#3608 = CARTESIAN_POINT('',(6.010100120611,1.229229301758,
    57.928283048243));
#3609 = CARTESIAN_POINT('',(6.073415692498,0.955171937941,
    57.863059412114));
#3610 = CARTESIAN_POINT('',(6.098135554081,0.837059990193,
    57.830356661936));
#3611 = CARTESIAN_POINT('',(6.120114945995,0.720105612246,57.79327545187
    ));
#3612 = CARTESIAN_POINT('',(6.13940523041,0.604794377409,57.751967708894
    ));
#3613 = CARTESIAN_POINT('',(6.156119259008,0.491552689509,
    57.706652195559));
#3614 = CARTESIAN_POINT('',(6.177419318778,0.326401313102,
    57.633538216639));
#3615 = CARTESIAN_POINT('',(6.183845993601,0.272636946532,
    57.608577092752));
#3616 = CARTESIAN_POINT('',(6.189708784991,0.219495897031,
    57.582745654634));
#3617 = CARTESIAN_POINT('',(6.195028184016,0.167013231284,
    57.556075378493));
#3618 = CARTESIAN_POINT('',(6.199826377363,0.115218871503,
    57.528598515126));
#3619 = CARTESIAN_POINT('',(6.212054208124,-3.001062910712E-02,
    57.448279551685));
#3620 = CARTESIAN_POINT('',(6.218291029045,-0.121734934268,
    57.393583262004));
#3621 = CARTESIAN_POINT('',(6.222985655971,-0.210883112555,
    57.336461433735));
#3622 = CARTESIAN_POINT('',(6.226295435864,-0.297356907425,
    57.27711418604));
#3623 = CARTESIAN_POINT('',(6.228378289809,-0.381101161308,
    57.21572979406));
#3624 = CARTESIAN_POINT('',(6.230680672526,-0.566537544582,
    57.070903388346));
#3625 = CARTESIAN_POINT('',(6.230185927063,-0.666397728703,
    56.986226876524));
#3626 = CARTESIAN_POINT('',(6.228223274706,-0.761636275092,
    56.898797095824));
#3627 = CARTESIAN_POINT('',(6.225093716704,-0.852271833753,
    56.80892974864));
#3628 = CARTESIAN_POINT('',(6.221071282833,-0.938362409116,
    56.71689568288));
#3629 = CARTESIAN_POINT('',(6.206582702474,-1.191465841002,
    56.425475487539));
#3630 = CARTESIAN_POINT('',(6.193903995198,-1.343148800688,
    56.219543614155));
#3631 = CARTESIAN_POINT('',(6.180616208791,-1.475933894603,
    56.007023776102));
#3632 = CARTESIAN_POINT('',(6.168433077919,-1.590510121451,
    55.789446114061));
#3633 = CARTESIAN_POINT('',(6.158656498835,-1.687549608535,
    55.568032388566));
#3634 = CARTESIAN_POINT('',(6.145414442709,-1.852522830859,
    55.105452819865));
#3635 = CARTESIAN_POINT('',(6.142378457242,-1.918259605467,
    54.864009765533));
#3636 = CARTESIAN_POINT('',(6.144259005315,-1.965372799364,
    54.620544983684));
#3637 = CARTESIAN_POINT('',(6.15174457247,-1.994248104835,
    54.376188672302));
#3638 = CARTESIAN_POINT('',(6.165088645561,-2.005207011122,
    54.132001235675));
#3639 = CARTESIAN_POINT('',(6.184160046638,-1.998458870608,
    53.888974507188));
#3640 = ORIENTED_EDGE('',*,*,#3641,.F.);
#3641 = EDGE_CURVE('',#3642,#3600,#3644,.T.);
#3642 = VERTEX_POINT('',#3643);
#3643 = CARTESIAN_POINT('',(4.545065049392,4.085595923712,
    57.413252056796));
#3644 = B_SPLINE_CURVE_WITH_KNOTS('',7,(#3645,#3646,#3647,#3648,#3649,
    #3650,#3651,#3652,#3653,#3654,#3655,#3656,#3657,#3658,#3659,#3660,
    #3661,#3662,#3663,#3664,#3665,#3666,#3667,#3668,#3669,#3670,#3671,
    #3672,#3673,#3674,#3675,#3676,#3677,#3678,#3679,#3680,#3681,#3682,
    #3683,#3684,#3685,#3686,#3687,#3688,#3689,#3690,#3691,#3692,#3693,
    #3694),.UNSPECIFIED.,.F.,.F.,(8,6,6,6,6,6,6,6,8),(0.,
    3.897845658822E-02,0.122189716679,0.174103481864,0.242108067876,
    0.475180449903,0.672282531925,0.847716633137,1.),.UNSPECIFIED.);
#3645 = CARTESIAN_POINT('',(2.511054616451,5.986151178301,54.33256395435
    ));
#3646 = CARTESIAN_POINT('',(2.505936325432,5.983296698364,
    54.366778090956));
#3647 = CARTESIAN_POINT('',(2.501613742486,5.980089522237,
    54.401084489407));
#3648 = CARTESIAN_POINT('',(2.49810701567,5.976527159784,54.435460450881
    ));
#3649 = CARTESIAN_POINT('',(2.495432041387,5.97260835378,54.469882100306
    ));
#3650 = CARTESIAN_POINT('',(2.493599932785,5.968333231594,
    54.504324354856));
#3651 = CARTESIAN_POINT('',(2.492616488153,5.963703456866,
    54.538760892444));
#3652 = CARTESIAN_POINT('',(2.492193826555,5.948088774309,
    54.646608175849));
#3653 = CARTESIAN_POINT('',(2.49577319159,5.935851505553,54.719917583711
    ));
#3654 = CARTESIAN_POINT('',(2.503224372681,5.922045940695,
    54.792800048817));
#3655 = CARTESIAN_POINT('',(2.514421274566,5.90673252073,54.865018732921
    ));
#3656 = CARTESIAN_POINT('',(2.529143740292,5.889988685369,
    54.936385638466));
#3657 = CARTESIAN_POINT('',(2.547114203045,5.871900796545,
    55.006754992541));
#3658 = CARTESIAN_POINT('',(2.58108597271,5.840487286482,55.119227518666
    ));
#3659 = CARTESIAN_POINT('',(2.595288072553,5.827927221941,
    55.162014946755));
#3660 = CARTESIAN_POINT('',(2.610570912098,5.814894736238,
    55.204359854841));
#3661 = CARTESIAN_POINT('',(2.626863806033,5.801407825129,
    55.246250198044));
#3662 = CARTESIAN_POINT('',(2.644097240691,5.787483126299,
    55.287680088667));
#3663 = CARTESIAN_POINT('',(2.662205005608,5.773135433467,
    55.328648938009));
#3664 = CARTESIAN_POINT('',(2.705912361931,5.739044633889,
    55.422228963896));
#3665 = CARTESIAN_POINT('',(2.732093035979,5.719008698096,
    55.474509837797));
#3666 = CARTESIAN_POINT('',(2.759531502627,5.698296779064,
    55.526014630944));
#3667 = CARTESIAN_POINT('',(2.788102754679,5.676932427776,
    55.576759560818));
#3668 = CARTESIAN_POINT('',(2.817694528316,5.65493492178,55.626765091372
    ));
#3669 = CARTESIAN_POINT('',(2.848208209081,5.632318816721,
    55.676055373089));
#3670 = CARTESIAN_POINT('',(2.987010954339,5.529493272235,
    55.891232568928));
#3671 = CARTESIAN_POINT('',(3.10417169009,5.442833943929,56.049524583204
    ));
#3672 = CARTESIAN_POINT('',(3.227794045143,5.349381425703,
    56.200960541985));
#3673 = CARTESIAN_POINT('',(3.355908994084,5.249169456822,56.34618221207
    ));
#3674 = CARTESIAN_POINT('',(3.487122566144,5.142130785446,
    56.485643946595));
#3675 = CARTESIAN_POINT('',(3.620533860235,5.028007865346,
    56.619652562758));
#3676 = CARTESIAN_POINT('',(3.869801553999,4.803247695575,
    56.857318017483));
#3677 = CARTESIAN_POINT('',(3.98507215189,4.694896417014,56.96235498737)
  );
#3678 = CARTESIAN_POINT('',(4.100972083513,4.58093563335,57.063585339334
    ));
#3679 = CARTESIAN_POINT('',(4.217127024671,4.461099261982,
    57.160910039277));
#3680 = CARTESIAN_POINT('',(4.333181028357,4.335098940325,
    57.254119104272));
#3681 = CARTESIAN_POINT('',(4.448777159289,4.202608453889,
    57.342900604033));
#3682 = CARTESIAN_POINT('',(4.665715188929,3.939174016871,
    57.501510096813));
#3683 = CARTESIAN_POINT('',(4.76719157722,3.809704066275,57.572322895902
    ));
#3684 = CARTESIAN_POINT('',(4.867744241382,3.674529523834,
    57.638963539882));
#3685 = CARTESIAN_POINT('',(4.967065414431,3.53338683996,57.701011898699
    ));
#3686 = CARTESIAN_POINT('',(5.064779169139,3.386049911486,
    57.757931145777));
#3687 = CARTESIAN_POINT('',(5.160446076291,3.232338429331,57.8090677779)
  );
#3688 = CARTESIAN_POINT('',(5.334410546687,2.933052462478,
    57.892332346693));
#3689 = CARTESIAN_POINT('',(5.413313020337,2.78911767679,57.926068315706
    ));
#3690 = CARTESIAN_POINT('',(5.489947136098,2.640260928285,
    57.954335425328));
#3691 = CARTESIAN_POINT('',(5.563893309553,2.486561229013,
    57.976530081019));
#3692 = CARTESIAN_POINT('',(5.634666161838,2.328263453575,
    57.991979153197));
#3693 = CARTESIAN_POINT('',(5.701751501916,2.165827673071,58.));
#3694 = CARTESIAN_POINT('',(5.764659727612,2.,58.));
#3695 = ORIENTED_EDGE('',*,*,#3696,.F.);
#3696 = EDGE_CURVE('',#3697,#3642,#3699,.T.);
#3697 = VERTEX_POINT('',#3698);
#3698 = CARTESIAN_POINT('',(-4.545065049675,4.085595923191,
    57.413252056925));
#3699 = CIRCLE('',#3700,6.235294117647);
#3700 = AXIS2_PLACEMENT_3D('',#3701,#3702,#3703);
#3701 = CARTESIAN_POINT('',(0.,-0.176470588235,57.176470588235));
#3702 = DIRECTION('',(0.,5.547001962252E-02,-0.998460353205));
#3703 = DIRECTION('',(0.,0.998460353205,5.547001962252E-02));
#3704 = ORIENTED_EDGE('',*,*,#3705,.T.);
#3705 = EDGE_CURVE('',#3697,#3706,#3708,.T.);
#3706 = VERTEX_POINT('',#3707);
#3707 = CARTESIAN_POINT('',(-5.764659727612,2.,58.));
#3708 = B_SPLINE_CURVE_WITH_KNOTS('',7,(#3709,#3710,#3711,#3712,#3713,
    #3714,#3715,#3716,#3717,#3718,#3719,#3720,#3721,#3722,#3723,#3724,
    #3725,#3726,#3727,#3728,#3729,#3730,#3731,#3732,#3733,#3734,#3735,
    #3736,#3737,#3738,#3739,#3740,#3741,#3742,#3743,#3744,#3745,#3746,
    #3747,#3748,#3749,#3750,#3751,#3752,#3753,#3754,#3755,#3756,#3757,
    #3758),.UNSPECIFIED.,.F.,.F.,(8,6,6,6,6,6,6,6,8),(0.,
    3.897845658817E-02,0.122189716679,0.174103481864,0.242108067876,
    0.475180449903,0.672282531924,0.847716633136,1.),.UNSPECIFIED.);
#3709 = CARTESIAN_POINT('',(-2.511054616451,5.986151178301,
    54.33256395435));
#3710 = CARTESIAN_POINT('',(-2.505936325432,5.983296698364,
    54.366778090956));
#3711 = CARTESIAN_POINT('',(-2.501613742486,5.980089522237,
    54.401084489407));
#3712 = CARTESIAN_POINT('',(-2.49810701567,5.976527159784,
    54.435460450881));
#3713 = CARTESIAN_POINT('',(-2.495432041387,5.97260835378,
    54.469882100306));
#3714 = CARTESIAN_POINT('',(-2.493599932785,5.968333231594,
    54.504324354856));
#3715 = CARTESIAN_POINT('',(-2.492616488153,5.963703456866,
    54.538760892444));
#3716 = CARTESIAN_POINT('',(-2.492193826555,5.948088774309,
    54.646608175849));
#3717 = CARTESIAN_POINT('',(-2.49577319159,5.935851505553,
    54.719917583711));
#3718 = CARTESIAN_POINT('',(-2.503224372681,5.922045940695,
    54.792800048817));
#3719 = CARTESIAN_POINT('',(-2.514421274566,5.90673252073,
    54.865018732921));
#3720 = CARTESIAN_POINT('',(-2.529143740292,5.889988685369,
    54.936385638466));
#3721 = CARTESIAN_POINT('',(-2.547114203045,5.871900796546,
    55.006754992541));
#3722 = CARTESIAN_POINT('',(-2.58108597271,5.840487286482,
    55.119227518666));
#3723 = CARTESIAN_POINT('',(-2.595288072553,5.827927221942,
    55.162014946755));
#3724 = CARTESIAN_POINT('',(-2.610570912098,5.814894736238,
    55.204359854841));
#3725 = CARTESIAN_POINT('',(-2.626863806033,5.801407825129,
    55.246250198044));
#3726 = CARTESIAN_POINT('',(-2.644097240691,5.787483126299,
    55.287680088667));
#3727 = CARTESIAN_POINT('',(-2.662205005608,5.773135433467,
    55.328648938009));
#3728 = CARTESIAN_POINT('',(-2.705912361931,5.739044633889,
    55.422228963896));
#3729 = CARTESIAN_POINT('',(-2.732093035979,5.719008698096,
    55.474509837797));
#3730 = CARTESIAN_POINT('',(-2.759531502627,5.698296779064,
    55.526014630944));
#3731 = CARTESIAN_POINT('',(-2.788102754679,5.676932427776,
    55.576759560818));
#3732 = CARTESIAN_POINT('',(-2.817694528316,5.65493492178,
    55.626765091372));
#3733 = CARTESIAN_POINT('',(-2.848208209081,5.632318816721,
    55.676055373089));
#3734 = CARTESIAN_POINT('',(-2.987010954339,5.529493272235,
    55.891232568928));
#3735 = CARTESIAN_POINT('',(-3.10417169009,5.442833943929,
    56.049524583203));
#3736 = CARTESIAN_POINT('',(-3.227794045143,5.349381425703,
    56.200960541986));
#3737 = CARTESIAN_POINT('',(-3.355908994084,5.249169456821,
    56.34618221207));
#3738 = CARTESIAN_POINT('',(-3.487122566144,5.142130785447,
    56.485643946595));
#3739 = CARTESIAN_POINT('',(-3.620533860235,5.028007865346,
    56.619652562758));
#3740 = CARTESIAN_POINT('',(-3.869801553999,4.803247695575,
    56.857318017483));
#3741 = CARTESIAN_POINT('',(-3.98507215189,4.694896417014,56.96235498737
    ));
#3742 = CARTESIAN_POINT('',(-4.100972083513,4.58093563335,
    57.063585339334));
#3743 = CARTESIAN_POINT('',(-4.217127024671,4.461099261982,
    57.160910039277));
#3744 = CARTESIAN_POINT('',(-4.333181028357,4.335098940325,
    57.254119104272));
#3745 = CARTESIAN_POINT('',(-4.448777159289,4.202608453889,
    57.342900604033));
#3746 = CARTESIAN_POINT('',(-4.665715188929,3.939174016871,
    57.501510096814));
#3747 = CARTESIAN_POINT('',(-4.76719157722,3.809704066276,
    57.572322895902));
#3748 = CARTESIAN_POINT('',(-4.867744241383,3.674529523834,
    57.638963539882));
#3749 = CARTESIAN_POINT('',(-4.967065414431,3.53338683996,
    57.701011898699));
#3750 = CARTESIAN_POINT('',(-5.064779169139,3.386049911487,
    57.757931145777));
#3751 = CARTESIAN_POINT('',(-5.160446076291,3.23233842933,57.8090677779)
  );
#3752 = CARTESIAN_POINT('',(-5.334410546687,2.933052462478,
    57.892332346693));
#3753 = CARTESIAN_POINT('',(-5.413313020337,2.78911767679,
    57.926068315706));
#3754 = CARTESIAN_POINT('',(-5.489947136098,2.640260928285,
    57.954335425328));
#3755 = CARTESIAN_POINT('',(-5.563893309553,2.486561229013,
    57.976530081019));
#3756 = CARTESIAN_POINT('',(-5.634666161837,2.328263453575,
    57.991979153197));
#3757 = CARTESIAN_POINT('',(-5.701751501917,2.165827673071,58.));
#3758 = CARTESIAN_POINT('',(-5.764659727612,2.,58.));
#3759 = ORIENTED_EDGE('',*,*,#3760,.T.);
#3760 = EDGE_CURVE('',#3706,#3573,#3761,.T.);
#3761 = B_SPLINE_CURVE_WITH_KNOTS('',6,(#3762,#3763,#3764,#3765,#3766,
    #3767,#3768,#3769,#3770,#3771,#3772,#3773,#3774,#3775,#3776,#3777,
    #3778,#3779,#3780,#3781,#3782,#3783,#3784,#3785,#3786,#3787,#3788,
    #3789,#3790,#3791,#3792,#3793,#3794,#3795,#3796,#3797,#3798),
  .UNSPECIFIED.,.F.,.F.,(7,5,5,5,5,5,5,7),(0.,0.131922518613,
    0.232752859632,0.282208465349,0.373360406517,0.49090719551,
    0.737844083791,1.),.UNSPECIFIED.);
#3762 = CARTESIAN_POINT('',(-5.764659727612,2.,58.));
#3763 = CARTESIAN_POINT('',(-5.821586581257,1.849939374844,58.));
#3764 = CARTESIAN_POINT('',(-5.874998047941,1.697014330328,
    57.993244570474));
#3765 = CARTESIAN_POINT('',(-5.924448061318,1.54195601139,
    57.979249959662));
#3766 = CARTESIAN_POINT('',(-5.969563349073,1.385666307025,
    57.957651698237));
#3767 = CARTESIAN_POINT('',(-6.010100120611,1.229229301758,
    57.928283048243));
#3768 = CARTESIAN_POINT('',(-6.073415692498,0.955171937941,
    57.863059412114));
#3769 = CARTESIAN_POINT('',(-6.098135554081,0.837059990193,
    57.830356661936));
#3770 = CARTESIAN_POINT('',(-6.120114945995,0.720105612246,
    57.79327545187));
#3771 = CARTESIAN_POINT('',(-6.13940523041,0.604794377409,
    57.751967708894));
#3772 = CARTESIAN_POINT('',(-6.156119259008,0.491552689509,
    57.706652195559));
#3773 = CARTESIAN_POINT('',(-6.177419318778,0.326401313102,
    57.633538216639));
#3774 = CARTESIAN_POINT('',(-6.183845993601,0.272636946532,
    57.608577092752));
#3775 = CARTESIAN_POINT('',(-6.189708784991,0.219495897031,
    57.582745654634));
#3776 = CARTESIAN_POINT('',(-6.195028184016,0.167013231284,
    57.556075378493));
#3777 = CARTESIAN_POINT('',(-6.199826377363,0.115218871503,
    57.528598515126));
#3778 = CARTESIAN_POINT('',(-6.212054208124,-3.001062910712E-02,
    57.448279551685));
#3779 = CARTESIAN_POINT('',(-6.218291029045,-0.121734934268,
    57.393583262004));
#3780 = CARTESIAN_POINT('',(-6.222985655971,-0.210883112555,
    57.336461433735));
#3781 = CARTESIAN_POINT('',(-6.226295435864,-0.297356907425,
    57.27711418604));
#3782 = CARTESIAN_POINT('',(-6.228378289809,-0.381101161308,
    57.21572979406));
#3783 = CARTESIAN_POINT('',(-6.230680672526,-0.566537544582,
    57.070903388346));
#3784 = CARTESIAN_POINT('',(-6.230185927063,-0.666397728703,
    56.986226876524));
#3785 = CARTESIAN_POINT('',(-6.228223274706,-0.761636275092,
    56.898797095824));
#3786 = CARTESIAN_POINT('',(-6.225093716704,-0.852271833753,
    56.80892974864));
#3787 = CARTESIAN_POINT('',(-6.221071282833,-0.938362409116,
    56.71689568288));
#3788 = CARTESIAN_POINT('',(-6.206582702474,-1.191465841002,
    56.425475487539));
#3789 = CARTESIAN_POINT('',(-6.193903995198,-1.343148800689,
    56.219543614155));
#3790 = CARTESIAN_POINT('',(-6.180616208791,-1.475933894603,
    56.007023776103));
#3791 = CARTESIAN_POINT('',(-6.168433077918,-1.590510121451,
    55.789446114061));
#3792 = CARTESIAN_POINT('',(-6.158656498835,-1.687549608535,
    55.568032388566));
#3793 = CARTESIAN_POINT('',(-6.145414442709,-1.852522830859,
    55.105452819865));
#3794 = CARTESIAN_POINT('',(-6.142378457242,-1.918259605467,
    54.864009765533));
#3795 = CARTESIAN_POINT('',(-6.144259005315,-1.965372799364,
    54.620544983684));
#3796 = CARTESIAN_POINT('',(-6.15174457247,-1.994248104835,
    54.376188672302));
#3797 = CARTESIAN_POINT('',(-6.165088645561,-2.005207011122,
    54.132001235675));
#3798 = CARTESIAN_POINT('',(-6.184160046638,-1.998458870608,
    53.888974507188));
#3799 = CONICAL_SURFACE('',#3800,5.,8.301381149108E-02);
#3800 = AXIS2_PLACEMENT_3D('',#3801,#3802,#3803);
#3801 = CARTESIAN_POINT('',(0.,-1.,72.));
#3802 = DIRECTION('',(0.,5.547001962252E-02,-0.998460353205));
#3803 = DIRECTION('',(0.,-0.998460353205,-5.547001962252E-02));
#3804 = ADVANCED_FACE('',(#3805),#3835,.T.);
#3805 = FACE_BOUND('',#3806,.T.);
#3806 = EDGE_LOOP('',(#3807,#3808,#3817,#3826,#3833,#3834));
#3807 = ORIENTED_EDGE('',*,*,#3498,.F.);
#3808 = ORIENTED_EDGE('',*,*,#3809,.F.);
#3809 = EDGE_CURVE('',#3810,#3499,#3812,.T.);
#3810 = VERTEX_POINT('',#3811);
#3811 = CARTESIAN_POINT('',(-13.11836359678,10.,71.175771932328));
#3812 = CIRCLE('',#3813,3.);
#3813 = AXIS2_PLACEMENT_3D('',#3814,#3815,#3816);
#3814 = CARTESIAN_POINT('',(-15.5,10.,73.));
#3815 = DIRECTION('',(-2.449293598295E-16,-1.,0.));
#3816 = DIRECTION('',(1.,-2.449293598295E-16,0.));
#3817 = ORIENTED_EDGE('',*,*,#3818,.T.);
#3818 = EDGE_CURVE('',#3810,#3819,#3821,.T.);
#3819 = VERTEX_POINT('',#3820);
#3820 = CARTESIAN_POINT('',(-15.21095598742,9.361986299538,
    70.082913769389));
#3821 = CIRCLE('',#3822,2.463869498428);
#3822 = AXIS2_PLACEMENT_3D('',#3823,#3824,#3825);
#3823 = CARTESIAN_POINT('',(-15.21095598742,11.15617605029,
    71.771562946567));
#3824 = DIRECTION('',(-0.168880132368,-0.675520529473,0.717740562565));
#3825 = DIRECTION('',(0.,-0.728199992693,-0.685364699005));
#3826 = ORIENTED_EDGE('',*,*,#3827,.T.);
#3827 = EDGE_CURVE('',#3819,#3810,#3828,.T.);
#3828 = CIRCLE('',#3829,2.463869498428);
#3829 = AXIS2_PLACEMENT_3D('',#3830,#3831,#3832);
#3830 = CARTESIAN_POINT('',(-15.21095598742,11.15617605029,
    71.771562946567));
#3831 = DIRECTION('',(-0.168880132368,-0.675520529473,0.717740562565));
#3832 = DIRECTION('',(0.,-0.728199992693,-0.685364699005));
#3833 = ORIENTED_EDGE('',*,*,#3809,.T.);
#3834 = ORIENTED_EDGE('',*,*,#3519,.F.);
#3835 = SPHERICAL_SURFACE('',#3836,3.);
#3836 = AXIS2_PLACEMENT_3D('',#3837,#3838,#3839);
#3837 = CARTESIAN_POINT('',(-15.5,10.,73.));
#3838 = DIRECTION('',(0.,0.,1.));
#3839 = DIRECTION('',(1.,0.,-0.));
#3840 = ADVANCED_FACE('',(#3841),#3870,.T.);
#3841 = FACE_BOUND('',#3842,.T.);
#3842 = EDGE_LOOP('',(#3843,#3854,#3860,#3861,#3862,#3863));
#3843 = ORIENTED_EDGE('',*,*,#3844,.T.);
#3844 = EDGE_CURVE('',#3845,#3847,#3849,.T.);
#3845 = VERTEX_POINT('',#3846);
#3846 = CARTESIAN_POINT('',(13.441853411492,26.,57.574549246063));
#3847 = VERTEX_POINT('',#3848);
#3848 = CARTESIAN_POINT('',(11.74623708256,23.536237954159,
    55.654682927373));
#3849 = CIRCLE('',#3850,2.03077963532);
#3850 = AXIS2_PLACEMENT_3D('',#3851,#3852,#3853);
#3851 = CARTESIAN_POINT('',(11.74623708256,25.01505166976,57.04650760088
    ));
#3852 = DIRECTION('',(0.168880132368,-0.675520529473,0.717740562565));
#3853 = DIRECTION('',(0.,-0.728199992693,-0.685364699005));
#3854 = ORIENTED_EDGE('',*,*,#3855,.F.);
#3855 = EDGE_CURVE('',#3545,#3847,#3856,.T.);
#3856 = LINE('',#3857,#3858);
#3857 = CARTESIAN_POINT('',(15.5,8.179500018268,71.286588252488));
#3858 = VECTOR('',#3859,1.);
#3859 = DIRECTION('',(-0.168842515677,0.690738952544,-0.703115854136));
#3860 = ORIENTED_EDGE('',*,*,#3544,.F.);
#3861 = ORIENTED_EDGE('',*,*,#3553,.F.);
#3862 = ORIENTED_EDGE('',*,*,#3855,.T.);
#3863 = ORIENTED_EDGE('',*,*,#3864,.T.);
#3864 = EDGE_CURVE('',#3847,#3845,#3865,.T.);
#3865 = CIRCLE('',#3866,2.03077963532);
#3866 = AXIS2_PLACEMENT_3D('',#3867,#3868,#3869);
#3867 = CARTESIAN_POINT('',(11.74623708256,25.01505166976,57.04650760088
    ));
#3868 = DIRECTION('',(0.168880132368,-0.675520529473,0.717740562565));
#3869 = DIRECTION('',(0.,-0.728199992693,-0.685364699005));
#3870 = CONICAL_SURFACE('',#3871,2.5,2.11068816123E-02);
#3871 = AXIS2_PLACEMENT_3D('',#3872,#3873,#3874);
#3872 = CARTESIAN_POINT('',(15.5,10.,73.));
#3873 = DIRECTION('',(0.168880132368,-0.675520529473,0.717740562565));
#3874 = DIRECTION('',(0.,-0.728199992693,-0.685364699005));
#3875 = ADVANCED_FACE('',(#3876),#4153,.T.);
#3876 = FACE_BOUND('',#3877,.T.);
#3877 = EDGE_LOOP('',(#3878,#3930,#3931,#3932,#4057,#4058,#4143,#4152));
#3878 = ORIENTED_EDGE('',*,*,#3879,.F.);
#3879 = EDGE_CURVE('',#3591,#3880,#3882,.T.);
#3880 = VERTEX_POINT('',#3881);
#3881 = CARTESIAN_POINT('',(6.082762530298,-1.489847132541E-15,
    50.535898384862));
#3882 = B_SPLINE_CURVE_WITH_KNOTS('',6,(#3883,#3884,#3885,#3886,#3887,
    #3888,#3889,#3890,#3891,#3892,#3893,#3894,#3895,#3896,#3897,#3898,
    #3899,#3900,#3901,#3902,#3903,#3904,#3905,#3906,#3907,#3908,#3909,
    #3910,#3911,#3912,#3913,#3914,#3915,#3916,#3917,#3918,#3919,#3920,
    #3921,#3922,#3923,#3924,#3925,#3926,#3927,#3928,#3929),
  .UNSPECIFIED.,.F.,.F.,(7,5,5,5,5,5,5,5,5,7),(0.,0.180218695974,
    0.283732139157,0.350483785603,0.500244171907,0.605335945558,
    0.650011016074,0.716766665924,0.820288649221,1.),.UNSPECIFIED.);
#3883 = CARTESIAN_POINT('',(6.082762530298,4.440892098501E-16,
    57.464101615138));
#3884 = CARTESIAN_POINT('',(6.151212983007,-0.20818392446,57.34390657031
    ));
#3885 = CARTESIAN_POINT('',(6.216417395928,-0.409306687574,
    57.207770267561));
#3886 = CARTESIAN_POINT('',(6.278021619544,-0.60179121819,
    57.056023012211));
#3887 = CARTESIAN_POINT('',(6.335675900048,-0.784016526007,
    56.889215594238));
#3888 = CARTESIAN_POINT('',(6.389035581279,-0.954350071921,
    56.708158336924));
#3889 = CARTESIAN_POINT('',(6.465767212176,-1.201340496586,
    56.402493349494));
#3890 = CARTESIAN_POINT('',(6.492236817499,-1.287013352271,
    56.286656564459));
#3891 = CARTESIAN_POINT('',(6.517120196214,-1.367954503594,
    56.166717251081));
#3892 = CARTESIAN_POINT('',(6.540358886663,-1.443881549442,
    56.042924966915));
#3893 = CARTESIAN_POINT('',(6.561898538004,-1.5145301852,55.915562432354
    ));
#3894 = CARTESIAN_POINT('',(6.594451896941,-1.621658235587,
    55.70072039838));
#3895 = CARTESIAN_POINT('',(6.60648723182,-1.661362444546,
    55.615139743451));
#3896 = CARTESIAN_POINT('',(6.617782205937,-1.698706962303,
    55.528291384167));
#3897 = CARTESIAN_POINT('',(6.628324626879,-1.733632225847,
    55.440265339506));
#3898 = CARTESIAN_POINT('',(6.638103410592,-1.766083949154,
    55.351156529604));
#3899 = CARTESIAN_POINT('',(6.66731209588,-1.863160600469,
    55.058939785921));
#3900 = CARTESIAN_POINT('',(6.683623445325,-1.917617166903,
    54.851849914072));
#3901 = CARTESIAN_POINT('',(6.69592625331,-1.958819093443,
    54.640951703913));
#3902 = CARTESIAN_POINT('',(6.704145383234,-1.986387214275,
    54.42746557385));
#3903 = CARTESIAN_POINT('',(6.708237463456,-2.000112466245,
    54.212668251928));
#3904 = CARTESIAN_POINT('',(6.708180121734,-1.999920136268,
    53.847181703607));
#3905 = CARTESIAN_POINT('',(6.706124785027,-1.993026360161,
    53.696469736476));
#3906 = CARTESIAN_POINT('',(6.702037887202,-1.979318506409,
    53.546214335331));
#3907 = CARTESIAN_POINT('',(6.695929289707,-1.958845545088,
    53.396860917287));
#3908 = CARTESIAN_POINT('',(6.687818357505,-1.931703170823,
    53.24884445164));
#3909 = CARTESIAN_POINT('',(6.673446702893,-1.883718129436,
    53.040414677097));
#3910 = CARTESIAN_POINT('',(6.668802967392,-1.868224335537,
    52.978558248006));
#3911 = CARTESIAN_POINT('',(6.663804705973,-1.851561307363,
    52.917051627484));
#3912 = CARTESIAN_POINT('',(6.658454367971,-1.833741091582,
    52.855926213678));
#3913 = CARTESIAN_POINT('',(6.652754670671,-1.814777038289,
    52.795212639375));
#3914 = CARTESIAN_POINT('',(6.637674267212,-1.764659514612,
    52.644879634377));
#3915 = CARTESIAN_POINT('',(6.627866515946,-1.732113793063,
    52.555804507447));
#3916 = CARTESIAN_POINT('',(6.617295350872,-1.697095789174,
    52.467815134182));
#3917 = CARTESIAN_POINT('',(6.605971883768,-1.659659922108,
    52.381006347185));
#3918 = CARTESIAN_POINT('',(6.593908332815,-1.619865877384,
    52.29546806869));
#3919 = CARTESIAN_POINT('',(6.561283322734,-1.512511356468,52.080738067)
  );
#3920 = CARTESIAN_POINT('',(6.539700579966,-1.441728120339,
    51.953449129929));
#3921 = CARTESIAN_POINT('',(6.516419534102,-1.365670564877,
    51.829736707298));
#3922 = CARTESIAN_POINT('',(6.491494615532,-1.284603359283,
    51.709883112035));
#3923 = CARTESIAN_POINT('',(6.464984353282,-1.19880920178,
    51.594137471313));
#3924 = CARTESIAN_POINT('',(6.388285266653,-0.951955078911,
    51.289298016904));
#3925 = CARTESIAN_POINT('',(6.335027426184,-0.781967028054,
    51.108909458315));
#3926 = CARTESIAN_POINT('',(6.277501995504,-0.600167696144,
    50.942697593665));
#3927 = CARTESIAN_POINT('',(6.216050776169,-0.408175875532,
    50.791464485701));
#3928 = CARTESIAN_POINT('',(6.151020584947,-0.207598768606,50.6557555898
    ));
#3929 = CARTESIAN_POINT('',(6.082762530298,-1.554312234475E-15,
    50.535898384862));
#3930 = ORIENTED_EDGE('',*,*,#3590,.T.);
#3931 = ORIENTED_EDGE('',*,*,#3570,.T.);
#3932 = ORIENTED_EDGE('',*,*,#3933,.T.);
#3933 = EDGE_CURVE('',#3573,#3697,#3934,.T.);
#3934 = B_SPLINE_CURVE_WITH_KNOTS('',7,(#3935,#3936,#3937,#3938,#3939,
    #3940,#3941,#3942,#3943,#3944,#3945,#3946,#3947,#3948,#3949,#3950,
    #3951,#3952,#3953,#3954,#3955,#3956,#3957,#3958,#3959,#3960,#3961,
    #3962,#3963,#3964,#3965,#3966,#3967,#3968,#3969,#3970,#3971,#3972,
    #3973,#3974,#3975,#3976,#3977,#3978,#3979,#3980,#3981,#3982,#3983,
    #3984,#3985,#3986,#3987,#3988,#3989,#3990,#3991,#3992,#3993,#3994,
    #3995,#3996,#3997,#3998,#3999,#4000,#4001,#4002,#4003,#4004,#4005,
    #4006,#4007,#4008,#4009,#4010,#4011,#4012,#4013,#4014,#4015,#4016,
    #4017,#4018,#4019,#4020,#4021,#4022,#4023,#4024,#4025,#4026,#4027,
    #4028,#4029,#4030,#4031,#4032,#4033,#4034,#4035,#4036,#4037,#4038,
    #4039,#4040,#4041,#4042,#4043,#4044,#4045,#4046,#4047,#4048,#4049,
    #4050,#4051,#4052,#4053,#4054,#4055,#4056),.UNSPECIFIED.,.T.,.F.,(8,
    6,6,6,6,6,6,6,6,6,6,6,6,6,6,6,6,6,6,6,8),(0.,0.109715946442,
    0.156788805449,0.246039047553,0.309842534667,0.339641046979,
    0.389322082234,0.440155804377,0.471418606512,0.49251879384,
    0.54044651054,0.595221463612,0.6146308093,0.639951968489,
    0.673183744443,0.74602145813,0.819329168606,0.852561515494,
    0.87788310971,0.952071731944,1.),.UNSPECIFIED.);
#3935 = CARTESIAN_POINT('',(-5.385164807135,2.,58.));
#3936 = CARTESIAN_POINT('',(-5.523916152781,1.626400568241,58.));
#3937 = CARTESIAN_POINT('',(-5.659375988205,1.25043354824,57.95929009238
    ));
#3938 = CARTESIAN_POINT('',(-5.79027254655,0.876482000566,
    57.876941947639));
#3939 = CARTESIAN_POINT('',(-5.915331125418,0.509522086613,
    57.75227308285));
#3940 = CARTESIAN_POINT('',(-6.033260849524,0.155080804866,
    57.585248924486));
#3941 = CARTESIAN_POINT('',(-6.1427283843,-0.180795138571,
    57.376720668799));
#3942 = CARTESIAN_POINT('',(-6.285142030495,-0.625295545812,
    57.022735158298));
#3943 = CARTESIAN_POINT('',(-6.326087548926,-0.754160784106,
    56.909259033734));
#3944 = CARTESIAN_POINT('',(-6.365112290187,-0.877934783608,
    56.788781360541));
#3945 = CARTESIAN_POINT('',(-6.402109211458,-0.996114589964,
    56.661546818907));
#3946 = CARTESIAN_POINT('',(-6.436974379688,-1.108205187082,
    56.527853489015));
#3947 = CARTESIAN_POINT('',(-6.469607819224,-1.213726712046,
    56.388058724877));
#3948 = CARTESIAN_POINT('',(-6.557375625003,-1.498968322587,
    55.96676658578));
#3949 = CARTESIAN_POINT('',(-6.60651793852,-1.660604881707,
    55.670314349512));
#3950 = CARTESIAN_POINT('',(-6.646608183593,-1.793744218578,
    55.35635905678));
#3951 = CARTESIAN_POINT('',(-6.677125098676,-1.895761392855,
    55.028587737762));
#3952 = CARTESIAN_POINT('',(-6.697687777577,-1.964727886254,
    54.691152333566));
#3953 = CARTESIAN_POINT('',(-6.708041308328,-1.999454542066,
    54.348670152397));
#3954 = CARTESIAN_POINT('',(-6.708317641283,-2.000381390771,
    53.761570679859));
#3955 = CARTESIAN_POINT('',(-6.703224033583,-1.983296930688,
    53.516751894382));
#3956 = CARTESIAN_POINT('',(-6.692917819695,-1.948727553835,
    53.273684670382));
#3957 = CARTESIAN_POINT('',(-6.677458527864,-1.896957378768,
    53.034091970682));
#3958 = CARTESIAN_POINT('',(-6.656950029619,-1.828504147891,
    52.799600741722));
#3959 = CARTESIAN_POINT('',(-6.631538168822,-1.744097920528,
    52.571739821555));
#3960 = CARTESIAN_POINT('',(-6.587361084494,-1.598282065888,
    52.249268692965));
#3961 = CARTESIAN_POINT('',(-6.572270235899,-1.548586895402,
    52.148354120053));
#3962 = CARTESIAN_POINT('',(-6.556171767761,-1.495711564769,
    52.049323209424));
#3963 = CARTESIAN_POINT('',(-6.539086455765,-1.439757362085,
    51.952304764882));
#3964 = CARTESIAN_POINT('',(-6.521036446192,-1.380831987924,
    51.857418327581));
#3965 = CARTESIAN_POINT('',(-6.502045156022,-1.319048720791,
    51.764774573026));
#3966 = CARTESIAN_POINT('',(-6.448945945475,-1.146950537518,
    51.523926544855));
#3967 = CARTESIAN_POINT('',(-6.413205760794,-1.031756734126,
    51.379891955448));
#3968 = CARTESIAN_POINT('',(-6.375030989316,-0.909492696439,
    51.242845818333));
#3969 = CARTESIAN_POINT('',(-6.334541240187,-0.780730740815,
    51.113181483086));
#3970 = CARTESIAN_POINT('',(-6.291860295915,-0.646057897504,
    50.991219710101));
#3971 = CARTESIAN_POINT('',(-6.247115046906,-0.506066832226,
    50.877216610318));
#3972 = CARTESIAN_POINT('',(-6.152670733042,-0.213268944716,
    50.66307076992));
#3973 = CARTESIAN_POINT('',(-6.102879468688,-6.02359177699E-02,
    50.563307746041));
#3974 = CARTESIAN_POINT('',(-6.051196684111,9.712680046257E-02,
    50.472290600171));
#3975 = CARTESIAN_POINT('',(-5.997757624716,0.258206767567,
    50.39016094163));
#3976 = CARTESIAN_POINT('',(-5.942696199545,0.422409662835,
    50.317004103265));
#3977 = CARTESIAN_POINT('',(-5.886144450682,0.589164338755,
    50.252859342511));
#3978 = CARTESIAN_POINT('',(-5.792615807638,0.861717654968,
    50.163825454569));
#3979 = CARTESIAN_POINT('',(-5.756484724867,0.966267857082,
    50.133330496929));
#3980 = CARTESIAN_POINT('',(-5.719868673969,1.071452830108,
    50.106245681034));
#3981 = CARTESIAN_POINT('',(-5.682797257418,1.177150703018,
    50.082566510292));
#3982 = CARTESIAN_POINT('',(-5.645299816527,1.283243454079,
    50.062284231635));
#3983 = CARTESIAN_POINT('',(-5.607405467429,1.389616982442,
    50.045386587134));
#3984 = CARTESIAN_POINT('',(-5.543318761663,1.568071001241,
    50.022728104872));
#3985 = CARTESIAN_POINT('',(-5.517326793827,1.640058485615,
    50.015132654348));
#3986 = CARTESIAN_POINT('',(-5.491176112411,1.712089786917,
    50.009067499302));
#3987 = CARTESIAN_POINT('',(-5.464875624244,1.78413173799,
    50.004527481014));
#3988 = CARTESIAN_POINT('',(-5.438434264129,1.856151850461,
    50.001506996798));
#3989 = CARTESIAN_POINT('',(-5.411860994842,1.928118314736,50.));
#3990 = CARTESIAN_POINT('',(-5.324526135945,2.16327461902,50.));
#3991 = CARTESIAN_POINT('',(-5.263254345636,2.326108990125,
    50.007775335272));
#3992 = CARTESIAN_POINT('',(-5.201453641968,2.488142019254,
    50.023250865356));
#3993 = CARTESIAN_POINT('',(-5.139231692504,2.649023893211,
    50.046343093585));
#3994 = CARTESIAN_POINT('',(-5.076700886277,2.808415472608,
    50.076962789087));
#3995 = CARTESIAN_POINT('',(-5.013979593467,2.965987684808,
    50.115017608782));
#3996 = CARTESIAN_POINT('',(-4.879437254243,3.299060257488,
    50.212297529018));
#3997 = CARTESIAN_POINT('',(-4.807600448644,3.473895653163,
    50.273767618428));
#3998 = CARTESIAN_POINT('',(-4.735867792747,3.64545756088,
    50.344686985503));
#3999 = CARTESIAN_POINT('',(-4.664445088622,3.813270601927,
    50.424914892834));
#4000 = CARTESIAN_POINT('',(-4.593561887052,3.976856326875,
    50.514304271777));
#4001 = CARTESIAN_POINT('',(-4.52347501327,4.135733774428,
    50.612705091233));
#4002 = CARTESIAN_POINT('',(-4.43002218416,4.343875321182,
    50.757985362635));
#4003 = CARTESIAN_POINT('',(-4.405708081513,4.39767986618,
    50.797109012405));
#4004 = CARTESIAN_POINT('',(-4.381543578097,4.450809453833,
    50.837338940259));
#4005 = CARTESIAN_POINT('',(-4.357542359477,4.503241691642,
    50.878668243386));
#4006 = CARTESIAN_POINT('',(-4.333718798022,4.55495379987,
    50.921089816365));
#4007 = CARTESIAN_POINT('',(-4.310087952914,4.60592261154,
    50.964596351167));
#4008 = CARTESIAN_POINT('',(-4.256109059256,4.721617344019,
    51.067343977732));
#4009 = CARTESIAN_POINT('',(-4.225907525685,4.785804689558,
    51.127340953426));
#4010 = CARTESIAN_POINT('',(-4.196095863889,4.848634422991,
    51.189154996986));
#4011 = CARTESIAN_POINT('',(-4.1667114792,4.910052562284,51.252768185532
    ));
#4012 = CARTESIAN_POINT('',(-4.137794287824,4.970003329429,
    51.318160940552));
#4013 = CARTESIAN_POINT('',(-4.109386716838,5.028429150448,
    51.385312027907));
#4014 = CARTESIAN_POINT('',(-4.044979095096,5.159870089921,
    51.544606019479));
#4015 = CARTESIAN_POINT('',(-4.009380459786,5.231739258439,
    51.638000698615));
#4016 = CARTESIAN_POINT('',(-3.97483859331,5.300745363021,
    51.734331012091));
#4017 = CARTESIAN_POINT('',(-3.941464259246,5.366746346055,
    51.833534965135));
#4018 = CARTESIAN_POINT('',(-3.909376549025,5.429593043783,
    51.935537747346));
#4019 = CARTESIAN_POINT('',(-3.878701241236,5.489131339835,
    52.040249328693));
#4020 = CARTESIAN_POINT('',(-3.78571719811,5.668105592272,52.38277108203
    ));
#4021 = CARTESIAN_POINT('',(-3.729203717956,5.774503149589,
    52.630751138719));
#4022 = CARTESIAN_POINT('',(-3.681532231834,5.862490269186,
    52.890062739945));
#4023 = CARTESIAN_POINT('',(-3.644228816809,5.93026787409,
    53.158798043375));
#4024 = CARTESIAN_POINT('',(-3.618687885865,5.976317236089,
    53.434515754586));
#4025 = CARTESIAN_POINT('',(-3.605798850379,5.999553677634,
    53.71412590012));
#4026 = CARTESIAN_POINT('',(-3.605307650702,6.000439201124,54.2750484875
    ));
#4027 = CARTESIAN_POINT('',(-3.617868995134,5.977793501779,
    54.556582862189));
#4028 = CARTESIAN_POINT('',(-3.64326795618,5.932013259945,
    54.834257317599));
#4029 = CARTESIAN_POINT('',(-3.680609488419,5.864193132755,
    55.104911745653));
#4030 = CARTESIAN_POINT('',(-3.728474476978,5.775876055155,
    55.366048649143));
#4031 = CARTESIAN_POINT('',(-3.785306287349,5.668896506969,
    55.61571526176));
#4032 = CARTESIAN_POINT('',(-3.878701241236,5.489131339834,
    55.959750671308));
#4033 = CARTESIAN_POINT('',(-3.909376549025,5.429593043782,
    56.064462252655));
#4034 = CARTESIAN_POINT('',(-3.941464259246,5.366746346055,
    56.166465034866));
#4035 = CARTESIAN_POINT('',(-3.97483859331,5.300745363021,56.26566898791
    ));
#4036 = CARTESIAN_POINT('',(-4.009380459787,5.231739258439,
    56.361999301386));
#4037 = CARTESIAN_POINT('',(-4.044979095096,5.159870089921,
    56.455393980521));
#4038 = CARTESIAN_POINT('',(-4.109386716838,5.028429150447,
    56.614687972093));
#4039 = CARTESIAN_POINT('',(-4.137794287825,4.970003329429,
    56.681839059448));
#4040 = CARTESIAN_POINT('',(-4.166711479201,4.910052562284,
    56.747231814469));
#4041 = CARTESIAN_POINT('',(-4.196095863889,4.848634422991,
    56.810845003015));
#4042 = CARTESIAN_POINT('',(-4.225907525685,4.785804689557,
    56.872659046575));
#4043 = CARTESIAN_POINT('',(-4.256109059256,4.721617344019,
    56.932656022269));
#4044 = CARTESIAN_POINT('',(-4.37619174387,4.464240189166,
    57.161230748416));
#4045 = CARTESIAN_POINT('',(-4.468748891232,4.261184201279,
    57.315872947009));
#4046 = CARTESIAN_POINT('',(-4.56348151335,4.048219477537,
    57.454385870093));
#4047 = CARTESIAN_POINT('',(-4.659664537536,3.826571695962,
    57.576374314822));
#4048 = CARTESIAN_POINT('',(-4.756681205856,3.59744479404,
    57.681464248756));
#4049 = CARTESIAN_POINT('',(-4.854006117519,3.36201749596,57.76931466112
    ));
#4050 = CARTESIAN_POINT('',(-5.013979593468,2.965987684808,
    57.884982391219));
#4051 = CARTESIAN_POINT('',(-5.076700886277,2.808415472608,
    57.923037210913));
#4052 = CARTESIAN_POINT('',(-5.139231692504,2.64902389321,
    57.953656906415));
#4053 = CARTESIAN_POINT('',(-5.201453641968,2.488142019253,
    57.976749134644));
#4054 = CARTESIAN_POINT('',(-5.263254345636,2.326108990124,
    57.992224664728));
#4055 = CARTESIAN_POINT('',(-5.324526135945,2.16327461902,58.));
#4056 = CARTESIAN_POINT('',(-5.385164807135,2.,58.));
#4057 = ORIENTED_EDGE('',*,*,#3696,.T.);
#4058 = ORIENTED_EDGE('',*,*,#4059,.F.);
#4059 = EDGE_CURVE('',#3880,#3642,#4060,.T.);
#4060 = B_SPLINE_CURVE_WITH_KNOTS('',6,(#4061,#4062,#4063,#4064,#4065,
    #4066,#4067,#4068,#4069,#4070,#4071,#4072,#4073,#4074,#4075,#4076,
    #4077,#4078,#4079,#4080,#4081,#4082,#4083,#4084,#4085,#4086,#4087,
    #4088,#4089,#4090,#4091,#4092,#4093,#4094,#4095,#4096,#4097,#4098,
    #4099,#4100,#4101,#4102,#4103,#4104,#4105,#4106,#4107,#4108,#4109,
    #4110,#4111,#4112,#4113,#4114,#4115,#4116,#4117,#4118,#4119,#4120,
    #4121,#4122,#4123,#4124,#4125,#4126,#4127,#4128,#4129,#4130,#4131,
    #4132,#4133,#4134,#4135,#4136,#4137,#4138,#4139,#4140,#4141,#4142),
  .UNSPECIFIED.,.F.,.F.,(7,5,5,5,5,5,5,5,5,5,5,5,5,5,5,5,7),(0.,
    7.408126282731E-02,0.120883021414,0.22587846418,0.317857297638,
    0.350849351801,0.3935029537,0.449411179746,0.49499845493,
    0.520402382538,0.572378489335,0.649752712588,0.695338852594,
    0.751748399798,0.79441149112,0.91887849278,1.),.UNSPECIFIED.);
#4061 = CARTESIAN_POINT('',(6.082762530298,-1.489847132541E-15,
    50.535898384862));
#4062 = CARTESIAN_POINT('',(6.030643079045,0.158515122591,
    50.444379636164));
#4063 = CARTESIAN_POINT('',(5.976639405075,0.321131070598,
    50.362099070911));
#4064 = CARTESIAN_POINT('',(5.920904150419,0.487162409492,
    50.289197993547));
#4065 = CARTESIAN_POINT('',(5.863587527537,0.655950290199,
    50.225744604669));
#4066 = CARTESIAN_POINT('',(5.804836874748,0.826868434698,
    50.171750961079));
#4067 = CARTESIAN_POINT('',(5.706864776481,1.108283304183,
    50.099037954252));
#4068 = CARTESIAN_POINT('',(5.668418418146,1.217853275748,
    50.074650697309));
#4069 = CARTESIAN_POINT('',(5.629493310329,1.327891179918,
    50.054021167895));
#4070 = CARTESIAN_POINT('',(5.590125297707,1.438254613686,
    50.037136307045));
#4071 = CARTESIAN_POINT('',(5.550350004165,1.548806654488,
    50.023978330968));
#4072 = CARTESIAN_POINT('',(5.420136695604,1.907557532381,
    49.993320785209));
#4073 = CARTESIAN_POINT('',(5.328204809089,2.155972046911,
    49.990767260265));
#4074 = CARTESIAN_POINT('',(5.234799561751,2.403200613577,
    50.006619528156));
#4075 = CARTESIAN_POINT('',(5.140327460776,2.647873396202,
    50.040564821057));
#4076 = CARTESIAN_POINT('',(5.045223901478,2.888697312345,50.09224283175
    ));
#4077 = CARTESIAN_POINT('',(4.866523446461,3.330978183115,
    50.221798007655));
#4078 = CARTESIAN_POINT('',(4.782968751538,3.53359683708,50.29562792007)
  );
#4079 = CARTESIAN_POINT('',(4.699625633237,3.731493555281,
    50.382551628444));
#4080 = CARTESIAN_POINT('',(4.616863124262,3.923841140791,
    50.482323592238));
#4081 = CARTESIAN_POINT('',(4.535108148293,4.109808446404,
    50.594679626814));
#4082 = CARTESIAN_POINT('',(4.426076179626,4.352669545763,
    50.764098709823));
#4083 = CARTESIAN_POINT('',(4.397486449003,4.415854097018,50.81041138772
    ));
#4084 = CARTESIAN_POINT('',(4.369114554663,4.478068826331,
    50.858298418693));
#4085 = CARTESIAN_POINT('',(4.340985512583,4.539273247535,
    50.907747272003));
#4086 = CARTESIAN_POINT('',(4.313126000558,4.59942593686,50.95874492578)
  );
#4087 = CARTESIAN_POINT('',(4.249931435336,4.734838125033,
    51.079194800949));
#4088 = CARTESIAN_POINT('',(4.21479664821,4.809362590828,51.149677284254
    ));
#4089 = CARTESIAN_POINT('',(4.180221125823,4.881966579021,51.22269682773
    ));
#4090 = CARTESIAN_POINT('',(4.146271859383,4.952554541269,
    51.298221059913));
#4091 = CARTESIAN_POINT('',(4.113021702299,5.021026732192,
    51.376213727089));
#4092 = CARTESIAN_POINT('',(4.03798624765,5.174119670798,51.562046507465
    ));
#4093 = CARTESIAN_POINT('',(3.996760577863,5.257144565845,
    51.671627582628));
#4094 = CARTESIAN_POINT('',(3.957048253572,5.336122267063,
    51.785287790918));
#4095 = CARTESIAN_POINT('',(3.91904830493,5.41079965372,51.902912755936)
  );
#4096 = CARTESIAN_POINT('',(3.882977164479,5.480909628823,
    52.024355468853));
#4097 = CARTESIAN_POINT('',(3.821409444387,5.599398643433,
    52.251411314586));
#4098 = CARTESIAN_POINT('',(3.795190506921,5.649399054608,
    52.355806169501));
#4099 = CARTESIAN_POINT('',(3.770529976605,5.696030418804,
    52.462506850135));
#4100 = CARTESIAN_POINT('',(3.747558025714,5.73913815648,52.571384195233
    ));
#4101 = CARTESIAN_POINT('',(3.726404489298,5.778569673429,
    52.682280115634));
#4102 = CARTESIAN_POINT('',(3.696485994984,5.834026477996,
    52.857817629577));
#4103 = CARTESIAN_POINT('',(3.68638249945,5.85268542196,52.921200047329)
  );
#4104 = CARTESIAN_POINT('',(3.67690327969,5.870133121435,52.985115951577
    ));
#4105 = CARTESIAN_POINT('',(3.668068559796,5.886345999015,
    53.049528585112));
#4106 = CARTESIAN_POINT('',(3.659897234235,5.901302085107,
    53.114397943689));
#4107 = CARTESIAN_POINT('',(3.637081675237,5.942967937295,
    53.313248605294));
#4108 = CARTESIAN_POINT('',(3.624605436518,5.965610955286,
    53.448556843836));
#4109 = CARTESIAN_POINT('',(3.615128861808,5.982734082383,
    53.585216885699));
#4110 = CARTESIAN_POINT('',(3.608763769193,5.994208351203,
    53.722809052322));
#4111 = CARTESIAN_POINT('',(3.605571503034,5.99996353423,53.860881235472
    ));
#4112 = CARTESIAN_POINT('',(3.605521354832,6.000053940188,
    54.204479923045));
#4113 = CARTESIAN_POINT('',(3.612521014128,5.987434851571,
    54.410061403299));
#4114 = CARTESIAN_POINT('',(3.626557315117,5.962132356539,
    54.614032911726));
#4115 = CARTESIAN_POINT('',(3.647320495573,5.924513520989,
    54.814966681846));
#4116 = CARTESIAN_POINT('',(3.674292602259,5.87515847058,55.011634877674
    ));
#4117 = CARTESIAN_POINT('',(3.726032275265,5.779262857132,
    55.315730407275));
#4118 = CARTESIAN_POINT('',(3.747156560393,5.73988987059,55.426646750796
    ));
#4119 = CARTESIAN_POINT('',(3.770100497797,5.696839464116,
    55.535546848378));
#4120 = CARTESIAN_POINT('',(3.794734301989,5.650264160995,
    55.642272368795));
#4121 = CARTESIAN_POINT('',(3.820927810334,5.600318512116,
    55.746693934168));
#4122 = CARTESIAN_POINT('',(3.882746450451,5.481362227494,
    55.974937949297));
#4123 = CARTESIAN_POINT('',(3.919133564914,5.410642121775,
    56.097477357072));
#4124 = CARTESIAN_POINT('',(3.957484162184,5.335272611823,
    56.216130604932));
#4125 = CARTESIAN_POINT('',(3.997575973862,5.255528011112,
    56.330746823109));
#4126 = CARTESIAN_POINT('',(4.039204766758,5.17166815246,56.441208882279
    ));
#4127 = CARTESIAN_POINT('',(4.114700710571,5.017573747008,
    56.627756674581));
#4128 = CARTESIAN_POINT('',(4.147986523178,4.949000013774,
    56.705658199909));
#4129 = CARTESIAN_POINT('',(4.181969164158,4.878313219063,
    56.781089222433));
#4130 = CARTESIAN_POINT('',(4.216575897928,4.805613044,56.854013587701)
  );
#4131 = CARTESIAN_POINT('',(4.251739845252,4.730994983435,56.92439899171
    ));
#4132 = CARTESIAN_POINT('',(4.391436289931,4.431527716148,
    57.190071883431));
#4133 = CARTESIAN_POINT('',(4.499673683093,4.19300530298,57.366031191845
    ));
#4134 = CARTESIAN_POINT('',(4.610634677765,3.941165441662,
    57.519471661964));
#4135 = CARTESIAN_POINT('',(4.723140969051,3.678105108407,
    57.649690865526));
#4136 = CARTESIAN_POINT('',(4.836237709426,3.405888668801,57.75609857338
    ));
#4137 = CARTESIAN_POINT('',(5.022745625907,2.944360563911,
    57.891555497658));
#4138 = CARTESIAN_POINT('',(5.096250762645,2.759216916624,
    57.934632541921));
#4139 = CARTESIAN_POINT('',(5.169445212575,2.57160718862,57.967173006606
    ));
#4140 = CARTESIAN_POINT('',(5.242123082792,2.382120718079,
    57.989013222931));
#4141 = CARTESIAN_POINT('',(5.314091242849,2.191371428555,58.));
#4142 = CARTESIAN_POINT('',(5.385164807135,2.,58.));
#4143 = ORIENTED_EDGE('',*,*,#4144,.F.);
#4144 = EDGE_CURVE('',#4145,#3880,#4147,.T.);
#4145 = VERTEX_POINT('',#4146);
#4146 = CARTESIAN_POINT('',(4.286263797016E-16,-1.049831847863E-31,47.)
  );
#4147 = CIRCLE('',#4148,7.);
#4148 = AXIS2_PLACEMENT_3D('',#4149,#4150,#4151);
#4149 = CARTESIAN_POINT('',(0.,0.,54.));
#4150 = DIRECTION('',(-2.449293598295E-16,-1.,0.));
#4151 = DIRECTION('',(1.,-2.449293598295E-16,0.));
#4152 = ORIENTED_EDGE('',*,*,#4144,.T.);
#4153 = SPHERICAL_SURFACE('',#4154,7.);
#4154 = AXIS2_PLACEMENT_3D('',#4155,#4156,#4157);
#4155 = CARTESIAN_POINT('',(0.,0.,54.));
#4156 = DIRECTION('',(0.,0.,1.));
#4157 = DIRECTION('',(1.,0.,-0.));
#4158 = ADVANCED_FACE('',(#4159),#4317,.T.);
#4159 = FACE_BOUND('',#4160,.T.);
#4160 = EDGE_LOOP('',(#4161,#4162,#4170,#4179,#4188,#4307,#4314,#4315,
    #4316));
#4161 = ORIENTED_EDGE('',*,*,#3760,.F.);
#4162 = ORIENTED_EDGE('',*,*,#4163,.F.);
#4163 = EDGE_CURVE('',#4164,#3706,#4166,.T.);
#4164 = VERTEX_POINT('',#4165);
#4165 = CARTESIAN_POINT('',(-7.438447187191,2.,58.));
#4166 = LINE('',#4167,#4168);
#4167 = CARTESIAN_POINT('',(-9.5,2.,58.));
#4168 = VECTOR('',#4169,1.);
#4169 = DIRECTION('',(1.,0.,0.));
#4170 = ORIENTED_EDGE('',*,*,#4171,.T.);
#4171 = EDGE_CURVE('',#4164,#4172,#4174,.T.);
#4172 = VERTEX_POINT('',#4173);
#4173 = CARTESIAN_POINT('',(-7.438447187191,2.,50.));
#4174 = CIRCLE('',#4175,4.);
#4175 = AXIS2_PLACEMENT_3D('',#4176,#4177,#4178);
#4176 = CARTESIAN_POINT('',(-7.438447187191,2.,54.));
#4177 = DIRECTION('',(1.,0.,0.));
#4178 = DIRECTION('',(-0.,0.,1.));
#4179 = ORIENTED_EDGE('',*,*,#4180,.T.);
#4180 = EDGE_CURVE('',#4172,#4181,#4183,.T.);
#4181 = VERTEX_POINT('',#4182);
#4182 = CARTESIAN_POINT('',(-7.438447188118,4.21539188529,
    50.669528742114));
#4183 = CIRCLE('',#4184,4.);
#4184 = AXIS2_PLACEMENT_3D('',#4185,#4186,#4187);
#4185 = CARTESIAN_POINT('',(-7.438447187191,2.,54.));
#4186 = DIRECTION('',(1.,0.,0.));
#4187 = DIRECTION('',(-0.,0.,1.));
#4188 = ORIENTED_EDGE('',*,*,#4189,.F.);
#4189 = EDGE_CURVE('',#4190,#4181,#4192,.T.);
#4190 = VERTEX_POINT('',#4191);
#4191 = CARTESIAN_POINT('',(-7.438447189194,4.710553891315,
    56.941580800059));
#4192 = B_SPLINE_CURVE_WITH_KNOTS('',8,(#4193,#4194,#4195,#4196,#4197,
    #4198,#4199,#4200,#4201,#4202,#4203,#4204,#4205,#4206,#4207,#4208,
    #4209,#4210,#4211,#4212,#4213,#4214,#4215,#4216,#4217,#4218,#4219,
    #4220,#4221,#4222,#4223,#4224,#4225,#4226,#4227,#4228,#4229,#4230,
    #4231,#4232,#4233,#4234,#4235,#4236,#4237,#4238,#4239,#4240,#4241,
    #4242,#4243,#4244,#4245,#4246,#4247,#4248,#4249,#4250,#4251,#4252,
    #4253,#4254,#4255,#4256,#4257,#4258,#4259,#4260,#4261,#4262,#4263,
    #4264,#4265,#4266,#4267,#4268,#4269,#4270,#4271,#4272,#4273,#4274,
    #4275,#4276,#4277,#4278,#4279,#4280,#4281,#4282,#4283,#4284,#4285,
    #4286,#4287,#4288,#4289,#4290,#4291,#4292,#4293,#4294,#4295,#4296,
    #4297,#4298,#4299,#4300,#4301,#4302,#4303,#4304,#4305,#4306),
  .UNSPECIFIED.,.F.,.F.,(9,7,7,7,7,7,7,7,7,7,7,7,7,7,7,7,9),(0.,
    5.041282259602E-02,0.138308400633,0.181267264622,0.297905121448,
    0.398984490973,0.439153767522,0.459570488662,0.499999176902,
    0.540426160552,0.560840946706,0.601005267994,0.657453974681,
    0.818267958829,0.917160931219,0.943115080492,1.),.UNSPECIFIED.);
#4193 = CARTESIAN_POINT('',(-9.5,3.603457693327,57.664549552907));
#4194 = CARTESIAN_POINT('',(-9.42542496581,3.603457693328,
    57.664549552907));
#4195 = CARTESIAN_POINT('',(-9.35084635885,3.608385290793,
    57.662393336452));
#4196 = CARTESIAN_POINT('',(-9.276769309422,3.618243408531,
    57.658080226577));
#4197 = CARTESIAN_POINT('',(-9.203545950308,3.632724929863,
    57.651698863204));
#4198 = CARTESIAN_POINT('',(-9.131407553792,3.651321246314,57.6433851464
    ));
#4199 = CARTESIAN_POINT('',(-9.060494003965,3.673459045737,
    57.633289996456));
#4200 = CARTESIAN_POINT('',(-8.990874276874,3.698606634817,
    57.621557310648));
#4201 = CARTESIAN_POINT('',(-8.803429902129,3.774559388713,
    57.585219947288));
#4202 = CARTESIAN_POINT('',(-8.688295651555,3.830523447882,
    57.557539184535));
#4203 = CARTESIAN_POINT('',(-8.576509112761,3.891936371012,
    57.525813228438));
#4204 = CARTESIAN_POINT('',(-8.467630750882,3.957165203446,
    57.490391941277));
#4205 = CARTESIAN_POINT('',(-8.361329587409,4.025079247257,
    57.451512252966));
#4206 = CARTESIAN_POINT('',(-8.257300007582,4.094914792724,
    57.409315677499));
#4207 = CARTESIAN_POINT('',(-8.155204894059,4.166168431988,
    57.363829222874));
#4208 = CARTESIAN_POINT('',(-8.005523204348,4.273957852387,
    57.291039190614));
#4209 = CARTESIAN_POINT('',(-7.956795962678,4.309588887122,
    57.266348995824));
#4210 = CARTESIAN_POINT('',(-7.90845834725,4.345415518575,57.24086485566
    ));
#4211 = CARTESIAN_POINT('',(-7.860491850088,4.381394934849,
    57.214584464104));
#4212 = CARTESIAN_POINT('',(-7.812881650163,4.417489318697,
    57.187503625483));
#4213 = CARTESIAN_POINT('',(-7.765615920243,4.453664947879,
    57.159616313851));
#4214 = CARTESIAN_POINT('',(-7.718685133749,4.489891295529,
    57.130914732367));
#4215 = CARTESIAN_POINT('',(-7.545547230994,4.624559549306,
    57.021224900071));
#4216 = CARTESIAN_POINT('',(-7.421463607797,4.723114371346,
    56.935012680159));
#4217 = CARTESIAN_POINT('',(-7.299635817472,4.821273324964,
    56.842542650998));
#4218 = CARTESIAN_POINT('',(-7.180045911939,4.918589556017,56.7435441661
    ));
#4219 = CARTESIAN_POINT('',(-7.062789410625,5.014624215664,
    56.637692096819));
#4220 = CARTESIAN_POINT('',(-6.948052848466,5.108918001629,
    56.524606830285));
#4221 = CARTESIAN_POINT('',(-6.836115657303,5.200974572473,
    56.403828103689));
#4222 = CARTESIAN_POINT('',(-6.633111220217,5.367560396364,
    56.162876021996));
#4223 = CARTESIAN_POINT('',(-6.541339893795,5.442717504497,
    56.044875397458));
#4224 = CARTESIAN_POINT('',(-6.452233456185,5.515368655874,
    55.920296623303));
#4225 = CARTESIAN_POINT('',(-6.366145938637,5.585060942337,
    55.788713209669));
#4226 = CARTESIAN_POINT('',(-6.283589350583,5.651205857242,
    55.649726679191));
#4227 = CARTESIAN_POINT('',(-6.205225645557,5.713082079909,
    55.502981050143));
#4228 = CARTESIAN_POINT('',(-6.131867606002,5.769833149182,
    55.34816470717));
#4229 = CARTESIAN_POINT('',(-6.037723816894,5.840561136635,
    55.12013397536));
#4230 = CARTESIAN_POINT('',(-6.011905917684,5.859698644223,
    55.053987174713));
#4231 = CARTESIAN_POINT('',(-5.987108285544,5.877793980611,
    54.986537350513));
#4232 = CARTESIAN_POINT('',(-5.963403055121,5.894775574455,
    54.917789412955));
#4233 = CARTESIAN_POINT('',(-5.940867970603,5.910567541526,
    54.847760090706));
#4234 = CARTESIAN_POINT('',(-5.919584758594,5.925091383449,
    54.776479644046));
#4235 = CARTESIAN_POINT('',(-5.899637500978,5.938267686455,
    54.703993578004));
#4236 = CARTESIAN_POINT('',(-5.871694601078,5.955990026329,
    54.592941045122));
#4237 = CARTESIAN_POINT('',(-5.862645381563,5.961593715525,
    54.555223137731));
#4238 = CARTESIAN_POINT('',(-5.853974541906,5.966818559157,
    54.517219429722));
#4239 = CARTESIAN_POINT('',(-5.845693297127,5.971654320556,
    54.478940013982));
#4240 = CARTESIAN_POINT('',(-5.837812764838,5.976090977195,
    54.440396355559));
#4241 = CARTESIAN_POINT('',(-5.830343845488,5.980118842949,
    54.401601367326));
#4242 = CARTESIAN_POINT('',(-5.823297102596,5.983728690346,
    54.362569485656));
#4243 = CARTESIAN_POINT('',(-5.803584853023,5.993215132362,
    54.245589438183));
#4244 = CARTESIAN_POINT('',(-5.792180223312,5.99784626878,
    54.166984643049));
#4245 = CARTESIAN_POINT('',(-5.782550035341,6.000736500513,54.0876400073
    ));
#4246 = CARTESIAN_POINT('',(-5.774765069352,6.001828422157,
    54.007706455932));
#4247 = CARTESIAN_POINT('',(-5.768882685106,6.001078876499,
    53.92734855831));
#4248 = CARTESIAN_POINT('',(-5.764943902646,5.998461826548,
    53.846744894161));
#4249 = CARTESIAN_POINT('',(-5.762970483055,5.993971227559,
    53.766088419561));
#4250 = CARTESIAN_POINT('',(-5.76295353574,5.981276838186,
    53.605088640463));
#4251 = CARTESIAN_POINT('',(-5.764909840157,5.973071790035,
    53.524727381668));
#4252 = CARTESIAN_POINT('',(-5.768831471763,5.963024605643,
    53.444710821659));
#4253 = CARTESIAN_POINT('',(-5.774696798098,5.951171410223,
    53.365228617301));
#4254 = CARTESIAN_POINT('',(-5.782464918411,5.937565829445,
    53.286453125155));
#4255 = CARTESIAN_POINT('',(-5.792078577119,5.922276215706,
    53.208540209443));
#4256 = CARTESIAN_POINT('',(-5.803467077272,5.905382874411,
    53.131630050007));
#4257 = CARTESIAN_POINT('',(-5.823155390951,5.877679842988,
    53.017579565618));
#4258 = CARTESIAN_POINT('',(-5.830193941946,5.867997578976,
    52.979595981077));
#4259 = CARTESIAN_POINT('',(-5.83765474918,5.857939546259,
    52.941911692915));
#4260 = CARTESIAN_POINT('',(-5.845527256845,5.847517116929,
    52.904539526984));
#4261 = CARTESIAN_POINT('',(-5.853800570933,5.83674187822,
    52.867490732567));
#4262 = CARTESIAN_POINT('',(-5.862463579035,5.825625523602,
    52.830775076224));
#4263 = CARTESIAN_POINT('',(-5.871505070126,5.814179743875,
    52.794400935637));
#4264 = CARTESIAN_POINT('',(-5.899424821392,5.779272205072,
    52.687498263531));
#4265 = CARTESIAN_POINT('',(-5.919356883475,5.754898769255,
    52.61797315758));
#4266 = CARTESIAN_POINT('',(-5.940625257933,5.729383249776,
    52.549849545113));
#4267 = CARTESIAN_POINT('',(-5.963145877171,5.702811209813,
    52.483160011029));
#4268 = CARTESIAN_POINT('',(-5.986837017908,5.675264925885,
    52.417922215234));
#4269 = CARTESIAN_POINT('',(-6.011620930418,5.646821976978,
    52.354140852258));
#4270 = CARTESIAN_POINT('',(-6.037425467755,5.617553833667,
    52.291809610875));
#4271 = CARTESIAN_POINT('',(-6.101795745445,5.545319824535,
    52.145326541771));
#4272 = CARTESIAN_POINT('',(-6.141288099746,5.501617609391,
    52.062585865981));
#4273 = CARTESIAN_POINT('',(-6.182484313646,5.456593032937,
    51.982638403426));
#4274 = CARTESIAN_POINT('',(-6.225222896087,5.410404479199,
    51.905420007477));
#4275 = CARTESIAN_POINT('',(-6.269360141023,5.363193038247,
    51.830856717899));
#4276 = CARTESIAN_POINT('',(-6.314770939253,5.31508205934,51.75886639095
    ));
#4277 = CARTESIAN_POINT('',(-6.361349590256,5.266176704067,
    51.689360329474));
#4278 = CARTESIAN_POINT('',(-6.544789794272,5.075222845943,
    51.431043056394));
#4279 = CARTESIAN_POINT('',(-6.689127517267,4.928373034116,
    51.259561072382));
#4280 = CARTESIAN_POINT('',(-6.840200531788,4.777836145761,
    51.105238575257));
#4281 = CARTESIAN_POINT('',(-6.996795012492,4.625009798577,
    50.966512738222));
#4282 = CARTESIAN_POINT('',(-7.158030047586,4.471062701497,
    50.841988711274));
#4283 = CARTESIAN_POINT('',(-7.323463147885,4.316997086192,
    50.730536987192));
#4284 = CARTESIAN_POINT('',(-7.493021502739,4.163680765407,
    50.631144579189));
#4285 = CARTESIAN_POINT('',(-7.774635929652,3.919125137349,
    50.488793809014));
#4286 = CARTESIAN_POINT('',(-7.883521165343,3.826863792945,
    50.438928722941));
#4287 = CARTESIAN_POINT('',(-7.994233671055,3.735707413794,
    50.393179429797));
#4288 = CARTESIAN_POINT('',(-8.106956854568,3.64601178217,
    50.351402189815));
#4289 = CARTESIAN_POINT('',(-8.221917661258,3.55830712077,
    50.313512034803));
#4290 = CARTESIAN_POINT('',(-8.339403640545,3.473326660758,
    50.279456519539));
#4291 = CARTESIAN_POINT('',(-8.459849327166,3.392125388348,
    50.24921132065));
#4292 = CARTESIAN_POINT('',(-8.616685712656,3.296541261124,
    50.215898579014));
#4293 = CARTESIAN_POINT('',(-8.649543291126,3.277053297468,
    50.209240574632));
#4294 = CARTESIAN_POINT('',(-8.682666398867,3.257979982892,
    50.202851152927));
#4295 = CARTESIAN_POINT('',(-8.716066758327,3.23935790582,
    50.196732248638));
#4296 = CARTESIAN_POINT('',(-8.749755547969,3.221228370453,
    50.190886444971));
#4297 = CARTESIAN_POINT('',(-8.783743402275,3.203637396772,
    50.185316973591));
#4298 = CARTESIAN_POINT('',(-8.818040411739,3.18663572054,
    50.180027714628));
#4299 = CARTESIAN_POINT('',(-8.928524991499,3.134428552941,
    50.164054561263));
#4300 = CARTESIAN_POINT('',(-9.006006680164,3.101636268677,
    50.154441789462));
#4301 = CARTESIAN_POINT('',(-9.085152840473,3.072529237294,
    50.146244768185));
#4302 = CARTESIAN_POINT('',(-9.165919347569,3.047853117883,
    50.139544133598));
#4303 = CARTESIAN_POINT('',(-9.248162304417,3.028471665913,
    50.134424315378));
#4304 = CARTESIAN_POINT('',(-9.331606646196,3.01520067575,
    50.130967482379));
#4305 = CARTESIAN_POINT('',(-9.415792018111,3.008564646757,
    50.129238143038));
#4306 = CARTESIAN_POINT('',(-9.5000006,3.008564688136,50.12923815382));
#4307 = ORIENTED_EDGE('',*,*,#4308,.T.);
#4308 = EDGE_CURVE('',#4190,#4164,#4309,.T.);
#4309 = CIRCLE('',#4310,4.);
#4310 = AXIS2_PLACEMENT_3D('',#4311,#4312,#4313);
#4311 = CARTESIAN_POINT('',(-7.438447187191,2.,54.));
#4312 = DIRECTION('',(1.,0.,0.));
#4313 = DIRECTION('',(-0.,0.,1.));
#4314 = ORIENTED_EDGE('',*,*,#4163,.T.);
#4315 = ORIENTED_EDGE('',*,*,#3705,.F.);
#4316 = ORIENTED_EDGE('',*,*,#3933,.F.);
#4317 = CYLINDRICAL_SURFACE('',#4318,4.);
#4318 = AXIS2_PLACEMENT_3D('',#4319,#4320,#4321);
#4319 = CARTESIAN_POINT('',(-9.5,2.,54.));
#4320 = DIRECTION('',(1.,0.,0.));
#4321 = DIRECTION('',(-0.,0.,1.));
#4322 = ADVANCED_FACE('',(#4323),#4473,.T.);
#4323 = FACE_BOUND('',#4324,.T.);
#4324 = EDGE_LOOP('',(#4325,#4336,#4455,#4462,#4468,#4469,#4470,#4471,
    #4472));
#4325 = ORIENTED_EDGE('',*,*,#4326,.F.);
#4326 = EDGE_CURVE('',#4327,#4329,#4331,.T.);
#4327 = VERTEX_POINT('',#4328);
#4328 = CARTESIAN_POINT('',(7.438447188244,4.710553890087,
    56.941580802067));
#4329 = VERTEX_POINT('',#4330);
#4330 = CARTESIAN_POINT('',(7.438447187191,2.,58.));
#4331 = CIRCLE('',#4332,4.);
#4332 = AXIS2_PLACEMENT_3D('',#4333,#4334,#4335);
#4333 = CARTESIAN_POINT('',(7.438447187191,2.,54.));
#4334 = DIRECTION('',(1.,0.,0.));
#4335 = DIRECTION('',(-0.,0.,1.));
#4336 = ORIENTED_EDGE('',*,*,#4337,.F.);
#4337 = EDGE_CURVE('',#4338,#4327,#4340,.T.);
#4338 = VERTEX_POINT('',#4339);
#4339 = CARTESIAN_POINT('',(7.43844718909,4.215391886752,50.669528743691
    ));
#4340 = B_SPLINE_CURVE_WITH_KNOTS('',8,(#4341,#4342,#4343,#4344,#4345,
    #4346,#4347,#4348,#4349,#4350,#4351,#4352,#4353,#4354,#4355,#4356,
    #4357,#4358,#4359,#4360,#4361,#4362,#4363,#4364,#4365,#4366,#4367,
    #4368,#4369,#4370,#4371,#4372,#4373,#4374,#4375,#4376,#4377,#4378,
    #4379,#4380,#4381,#4382,#4383,#4384,#4385,#4386,#4387,#4388,#4389,
    #4390,#4391,#4392,#4393,#4394,#4395,#4396,#4397,#4398,#4399,#4400,
    #4401,#4402,#4403,#4404,#4405,#4406,#4407,#4408,#4409,#4410,#4411,
    #4412,#4413,#4414,#4415,#4416,#4417,#4418,#4419,#4420,#4421,#4422,
    #4423,#4424,#4425,#4426,#4427,#4428,#4429,#4430,#4431,#4432,#4433,
    #4434,#4435,#4436,#4437,#4438,#4439,#4440,#4441,#4442,#4443,#4444,
    #4445,#4446,#4447,#4448,#4449,#4450,#4451,#4452,#4453,#4454),
  .UNSPECIFIED.,.F.,.F.,(9,7,7,7,7,7,7,7,7,7,7,7,7,7,7,7,9),(0.,
    5.095289927148E-02,0.139511212754,0.181481180764,0.297665228971,
    0.398786671948,0.438972656545,0.459395903975,0.499830336717,
    0.540251547883,0.560659786796,0.600807341658,0.657230472148,
    0.818480873906,0.917647002604,0.942903742036,1.),.UNSPECIFIED.);
#4341 = CARTESIAN_POINT('',(9.5000006,3.008564688136,50.12923815382));
#4342 = CARTESIAN_POINT('',(9.424624603992,3.008564651098,
    50.129238144169));
#4343 = CARTESIAN_POINT('',(9.349246310151,3.013881897512,
    50.130623708406));
#4344 = CARTESIAN_POINT('',(9.274387029079,3.024519298316,
    50.133394970108));
#4345 = CARTESIAN_POINT('',(9.200407840164,3.04014529624,50.137510814785
    ));
#4346 = CARTESIAN_POINT('',(9.127544094108,3.060215085362,
    50.142914770637));
#4347 = CARTESIAN_POINT('',(9.055936564545,3.08411803215,50.14954579315)
  );
#4348 = CARTESIAN_POINT('',(8.985652810279,3.111290665429,
    50.157343477647));
#4349 = CARTESIAN_POINT('',(8.796836016613,3.193278333946,
    50.181749695405));
#4350 = CARTESIAN_POINT('',(8.681018530881,3.253677700551,
    50.200608052081));
#4351 = CARTESIAN_POINT('',(8.568576641679,3.320097128367,
    50.222647768136));
#4352 = CARTESIAN_POINT('',(8.459061755304,3.390859393745,
    50.247780957326));
#4353 = CARTESIAN_POINT('',(8.352138326744,3.464807102772,
    50.275952611647));
#4354 = CARTESIAN_POINT('',(8.247497716171,3.541162160894,
    50.307144699824));
#4355 = CARTESIAN_POINT('',(8.144801328992,3.619423713333,
    50.341412704792));
#4356 = CARTESIAN_POINT('',(7.99573679793,3.737221781206,50.396694422214
    ));
#4357 = CARTESIAN_POINT('',(7.948196875136,3.7754399212,50.415182426584)
  );
#4358 = CARTESIAN_POINT('',(7.901026323312,3.813955565134,50.43439080431
    ));
#4359 = CARTESIAN_POINT('',(7.854208255446,3.852730225197,
    50.454328076606));
#4360 = CARTESIAN_POINT('',(7.807729096555,3.89173007188,50.475003747881
    ));
#4361 = CARTESIAN_POINT('',(7.761577976376,3.930925148474,
    50.496428379613));
#4362 = CARTESIAN_POINT('',(7.715746122054,3.97028858558,50.518613664235
    ));
#4363 = CARTESIAN_POINT('',(7.544215125205,4.119162349264,
    50.605128667722));
#4364 = CARTESIAN_POINT('',(7.420633473392,4.229597761202,
    50.674593377779));
#4365 = CARTESIAN_POINT('',(7.299290494969,4.340616867883,
    50.750254486056));
#4366 = CARTESIAN_POINT('',(7.180168891237,4.451825382337,
    50.832445755039));
#4367 = CARTESIAN_POINT('',(7.063363055865,4.562845257547,
    50.921552714273));
#4368 = CARTESIAN_POINT('',(6.949057071002,4.673287084431,
    51.018017157242));
#4369 = CARTESIAN_POINT('',(6.837526464245,4.782737949881,
    51.122365057948));
#4370 = CARTESIAN_POINT('',(6.634819596115,4.984727401983,
    51.333561191966));
#4371 = CARTESIAN_POINT('',(6.542966888222,5.077531579392,
    51.438240004552));
#4372 = CARTESIAN_POINT('',(6.453776488046,5.168897133673,
    51.549808128512));
#4373 = CARTESIAN_POINT('',(6.36760163846,5.258444179482,51.66875786563)
  );
#4374 = CARTESIAN_POINT('',(6.284953419982,5.345654747306,
    51.795575490179));
#4375 = CARTESIAN_POINT('',(6.20649274019,5.429873220345,51.930726575575
    ));
#4376 = CARTESIAN_POINT('',(6.133031305999,5.510303663281,
    52.074654718147));
#4377 = CARTESIAN_POINT('',(6.038732848695,5.616073218714,
    52.288677750114));
#4378 = CARTESIAN_POINT('',(6.012869819022,5.645393121634,
    52.350978884103));
#4379 = CARTESIAN_POINT('',(5.98802584835,5.6738895808,52.414731423662)
  );
#4380 = CARTESIAN_POINT('',(5.964273029516,5.701491193168,
    52.479941986656));
#4381 = CARTESIAN_POINT('',(5.94168908765,5.728120423004,52.546606231014
    ));
#4382 = CARTESIAN_POINT('',(5.920355760135,5.753695004045,
    52.614706900143));
#4383 = CARTESIAN_POINT('',(5.900357176576,5.778129341648,
    52.684211868324));
#4384 = CARTESIAN_POINT('',(5.872336085035,5.813129917086,
    52.791084686951));
#4385 = CARTESIAN_POINT('',(5.863260760432,5.824606604605,
    52.827446553719));
#4386 = CARTESIAN_POINT('',(5.854563467077,5.835754390981,
    52.864150773564));
#4387 = CARTESIAN_POINT('',(5.846255433409,5.846561573236,
    52.901189039413));
#4388 = CARTESIAN_POINT('',(5.838347794531,5.857016440677,
    52.938551655834));
#4389 = CARTESIAN_POINT('',(5.830851472557,5.867107383635,52.97622744489
    ));
#4390 = CARTESIAN_POINT('',(5.823777056961,5.876823002199,
    53.014203651984));
#4391 = CARTESIAN_POINT('',(5.803983958224,5.904622413057,
    53.128218268001));
#4392 = CARTESIAN_POINT('',(5.79252484903,5.92158067516,53.205102859087)
  );
#4393 = CARTESIAN_POINT('',(5.782838829227,5.936937325429,53.28299500037
    ));
#4394 = CARTESIAN_POINT('',(5.774996959612,5.950611746231,53.36175509238
    ));
#4395 = CARTESIAN_POINT('',(5.769056951214,5.962535174959,53.44122773455
    ));
#4396 = CARTESIAN_POINT('',(5.765060226607,5.97265350087,53.521240898986
    ));
#4397 = CARTESIAN_POINT('',(5.763028981232,5.980930061901,
    53.601605104243));
#4398 = CARTESIAN_POINT('',(5.762897529694,5.99376472238,53.762593748976
    ));
#4399 = CARTESIAN_POINT('',(5.764796021546,5.998325468829,
    53.843236029238));
#4400 = CARTESIAN_POINT('',(5.768659715879,6.001013302924,
    53.923831820186));
#4401 = CARTESIAN_POINT('',(5.774467414914,6.001833711654,
    54.004188080168));
#4402 = CARTESIAN_POINT('',(5.782178621349,6.000812200717,
    54.084125983905));
#4403 = CARTESIAN_POINT('',(5.791736432224,5.997991448322,
    54.163480570832));
#4404 = CARTESIAN_POINT('',(5.80307043279,5.993428458984,54.242100393428
    ));
#4405 = CARTESIAN_POINT('',(5.822677873237,5.984042852899,
    54.359100682556));
#4406 = CARTESIAN_POINT('',(5.829688748586,5.98046710631,54.398134585881
    ));
#4407 = CARTESIAN_POINT('',(5.837122149142,5.976473079886,
    54.436932775396));
#4408 = CARTESIAN_POINT('',(5.844967545233,5.972069962274,
    54.475480748834));
#4409 = CARTESIAN_POINT('',(5.853214064704,5.967267406079,
    54.513765526451));
#4410 = CARTESIAN_POINT('',(5.861850612807,5.962075405487,
    54.551775575684));
#4411 = CARTESIAN_POINT('',(5.87086599211,5.956504173902,54.589500735811
    ));
#4412 = CARTESIAN_POINT('',(5.898707534397,5.93887841791,54.700568063107
    ));
#4413 = CARTESIAN_POINT('',(5.918588257093,5.925765434199,
    54.773064396409));
#4414 = CARTESIAN_POINT('',(5.939806500786,5.911303537168,
    54.844358178668));
#4415 = CARTESIAN_POINT('',(5.962278246654,5.895572036425,
    54.914403455884));
#4416 = CARTESIAN_POINT('',(5.985921783065,5.87864937632,54.983169567229
    ));
#4417 = CARTESIAN_POINT('',(6.010659341906,5.8606114278,55.050639428361)
  );
#4418 = CARTESIAN_POINT('',(6.03641873491,5.841529780272,55.116807814748
    ));
#4419 = CARTESIAN_POINT('',(6.100681853064,5.793278186761,
    55.272850122367));
#4420 = CARTESIAN_POINT('',(6.140113195226,5.763158585611,55.36144706647
    ));
#4421 = CARTESIAN_POINT('',(6.181250422677,5.731292621986,55.44749449886
    ));
#4422 = CARTESIAN_POINT('',(6.223931888282,5.697846878805,
    55.531030505943));
#4423 = CARTESIAN_POINT('',(6.268013714652,5.662972419595,
    55.612105682226));
#4424 = CARTESIAN_POINT('',(6.313370617236,5.626804078162,
    55.690781573584));
#4425 = CARTESIAN_POINT('',(6.359896727418,5.589459748255,
    55.767129120522));
#4426 = CARTESIAN_POINT('',(6.543569077889,5.441239800774,56.05299006264
    ));
#4427 = CARTESIAN_POINT('',(6.688253107414,5.322839013211,
    56.246024422773));
#4428 = CARTESIAN_POINT('',(6.839715606294,5.198060956342,
    56.422595767645));
#4429 = CARTESIAN_POINT('',(6.996731307922,5.068545447383,
    56.584037907835));
#4430 = CARTESIAN_POINT('',(7.158410780237,4.935677322663,
    56.731555250149));
#4431 = CARTESIAN_POINT('',(7.324308513966,4.800632918927,
    56.866113186274));
#4432 = CARTESIAN_POINT('',(7.494351949255,4.664435328206,
    56.988582977577));
#4433 = CARTESIAN_POINT('',(7.776805704016,4.444651099606,
    57.167861460785));
#4434 = CARTESIAN_POINT('',(7.886022169631,4.361134997978,
    57.231684517337));
#4435 = CARTESIAN_POINT('',(7.997078170938,4.278072832151,
    57.291247590149));
#4436 = CARTESIAN_POINT('',(8.11016038431,4.195842192082,57.346637208035
    ));
#4437 = CARTESIAN_POINT('',(8.225499143151,4.114987089335,
    57.397852787275));
#4438 = CARTESIAN_POINT('',(8.343385701224,4.036250829293,
    57.444828731396));
#4439 = CARTESIAN_POINT('',(8.464260350431,3.960696518213,
    57.487419868548));
#4440 = CARTESIAN_POINT('',(8.62072353774,3.872038651764,57.534952371203
    ));
#4441 = CARTESIAN_POINT('',(8.652725258467,3.854363560402,
    57.544293491145));
#4442 = CARTESIAN_POINT('',(8.684979347123,3.837039323864,
    57.553321164206));
#4443 = CARTESIAN_POINT('',(8.717496594858,3.820099221239,
    57.562028259872));
#4444 = CARTESIAN_POINT('',(8.750287296528,3.80358062561,57.570406407196
    ));
#4445 = CARTESIAN_POINT('',(8.783361250696,3.787525004052,
    57.578445994795));
#4446 = CARTESIAN_POINT('',(8.816727759627,3.771977917633,
    57.586136170848));
#4447 = CARTESIAN_POINT('',(8.926506378941,3.723104604646,
    57.610032292866));
#4448 = CARTESIAN_POINT('',(9.004240149512,3.692035276121,
    57.624770555448));
#4449 = CARTESIAN_POINT('',(9.083650812976,3.664395563408,
    57.637521088947));
#4450 = CARTESIAN_POINT('',(9.164695379666,3.640915719879,
    57.648085451991));
#4451 = CARTESIAN_POINT('',(9.247230073358,3.622445100413,
    57.656242301915));
#4452 = CARTESIAN_POINT('',(9.330978598143,3.609787168576,
    57.661779752374));
#4453 = CARTESIAN_POINT('',(9.415477059247,3.603457693337,
    57.664549552903));
#4454 = CARTESIAN_POINT('',(9.5,3.603457693327,57.664549552907));
#4455 = ORIENTED_EDGE('',*,*,#4456,.F.);
#4456 = EDGE_CURVE('',#4329,#4338,#4457,.T.);
#4457 = CIRCLE('',#4458,4.);
#4458 = AXIS2_PLACEMENT_3D('',#4459,#4460,#4461);
#4459 = CARTESIAN_POINT('',(7.438447187191,2.,54.));
#4460 = DIRECTION('',(1.,0.,0.));
#4461 = DIRECTION('',(-0.,0.,1.));
#4462 = ORIENTED_EDGE('',*,*,#4463,.F.);
#4463 = EDGE_CURVE('',#3600,#4329,#4464,.T.);
#4464 = LINE('',#4465,#4466);
#4465 = CARTESIAN_POINT('',(-9.5,2.,58.));
#4466 = VECTOR('',#4467,1.);
#4467 = DIRECTION('',(1.,0.,0.));
#4468 = ORIENTED_EDGE('',*,*,#3599,.T.);
#4469 = ORIENTED_EDGE('',*,*,#3879,.T.);
#4470 = ORIENTED_EDGE('',*,*,#4059,.T.);
#4471 = ORIENTED_EDGE('',*,*,#3641,.T.);
#4472 = ORIENTED_EDGE('',*,*,#4463,.T.);
#4473 = CYLINDRICAL_SURFACE('',#4474,4.);
#4474 = AXIS2_PLACEMENT_3D('',#4475,#4476,#4477);
#4475 = CARTESIAN_POINT('',(-9.5,2.,54.));
#4476 = DIRECTION('',(1.,0.,0.));
#4477 = DIRECTION('',(-0.,0.,1.));
#4478 = ADVANCED_FACE('',(#4479),#4508,.T.);
#4479 = FACE_BOUND('',#4480,.T.);
#4480 = EDGE_LOOP('',(#4481,#4492,#4498,#4499,#4500,#4501));
#4481 = ORIENTED_EDGE('',*,*,#4482,.T.);
#4482 = EDGE_CURVE('',#4483,#4485,#4487,.T.);
#4483 = VERTEX_POINT('',#4484);
#4484 = CARTESIAN_POINT('',(-10.46397611845,26.,58.27522625619));
#4485 = VERTEX_POINT('',#4486);
#4486 = CARTESIAN_POINT('',(-11.74623708256,23.536237954159,
    55.654682927373));
#4487 = CIRCLE('',#4488,2.03077963532);
#4488 = AXIS2_PLACEMENT_3D('',#4489,#4490,#4491);
#4489 = CARTESIAN_POINT('',(-11.74623708256,25.01505166976,
    57.04650760088));
#4490 = DIRECTION('',(-0.168880132368,-0.675520529473,0.717740562565));
#4491 = DIRECTION('',(0.,-0.728199992693,-0.685364699005));
#4492 = ORIENTED_EDGE('',*,*,#4493,.F.);
#4493 = EDGE_CURVE('',#3819,#4485,#4494,.T.);
#4494 = LINE('',#4495,#4496);
#4495 = CARTESIAN_POINT('',(-15.5,8.179500018268,71.286588252488));
#4496 = VECTOR('',#4497,1.);
#4497 = DIRECTION('',(0.168842515677,0.690738952544,-0.703115854136));
#4498 = ORIENTED_EDGE('',*,*,#3818,.F.);
#4499 = ORIENTED_EDGE('',*,*,#3827,.F.);
#4500 = ORIENTED_EDGE('',*,*,#4493,.T.);
#4501 = ORIENTED_EDGE('',*,*,#4502,.T.);
#4502 = EDGE_CURVE('',#4485,#4483,#4503,.T.);
#4503 = CIRCLE('',#4504,2.03077963532);
#4504 = AXIS2_PLACEMENT_3D('',#4505,#4506,#4507);
#4505 = CARTESIAN_POINT('',(-11.74623708256,25.01505166976,
    57.04650760088));
#4506 = DIRECTION('',(-0.168880132368,-0.675520529473,0.717740562565));
#4507 = DIRECTION('',(0.,-0.728199992693,-0.685364699005));
#4508 = CONICAL_SURFACE('',#4509,2.5,2.11068816123E-02);
#4509 = AXIS2_PLACEMENT_3D('',#4510,#4511,#4512);
#4510 = CARTESIAN_POINT('',(-15.5,10.,73.));
#4511 = DIRECTION('',(-0.168880132368,-0.675520529473,0.717740562565));
#4512 = DIRECTION('',(0.,-0.728199992693,-0.685364699005));
#4513 = ADVANCED_FACE('',(#4514),#4812,.T.);
#4514 = FACE_BOUND('',#4515,.T.);
#4515 = EDGE_LOOP('',(#4516,#4517,#4526,#4605,#4614,#4623,#4702,#4739,
    #4810,#4811));
#4516 = ORIENTED_EDGE('',*,*,#3844,.F.);
#4517 = ORIENTED_EDGE('',*,*,#4518,.F.);
#4518 = EDGE_CURVE('',#4519,#3845,#4521,.T.);
#4519 = VERTEX_POINT('',#4520);
#4520 = CARTESIAN_POINT('',(12.521809274506,26.,53.718354583523));
#4521 = CIRCLE('',#4522,2.5);
#4522 = AXIS2_PLACEMENT_3D('',#4523,#4524,#4525);
#4523 = CARTESIAN_POINT('',(11.5,26.,56.));
#4524 = DIRECTION('',(-2.449293598295E-16,-1.,0.));
#4525 = DIRECTION('',(1.,-2.449293598295E-16,0.));
#4526 = ORIENTED_EDGE('',*,*,#4527,.T.);
#4527 = EDGE_CURVE('',#4519,#4528,#4530,.T.);
#4528 = VERTEX_POINT('',#4529);
#4529 = CARTESIAN_POINT('',(12.19553436379,27.432172551486,
    54.072536974554));
#4530 = B_SPLINE_CURVE_WITH_KNOTS('',7,(#4531,#4532,#4533,#4534,#4535,
    #4536,#4537,#4538,#4539,#4540,#4541,#4542,#4543,#4544,#4545,#4546,
    #4547,#4548,#4549,#4550,#4551,#4552,#4553,#4554,#4555,#4556,#4557,
    #4558,#4559,#4560,#4561,#4562,#4563,#4564,#4565,#4566,#4567,#4568,
    #4569,#4570,#4571,#4572,#4573,#4574,#4575,#4576,#4577,#4578,#4579,
    #4580,#4581,#4582,#4583,#4584,#4585,#4586,#4587,#4588,#4589,#4590,
    #4591,#4592,#4593,#4594,#4595,#4596,#4597,#4598,#4599,#4600,#4601,
    #4602,#4603,#4604),.UNSPECIFIED.,.F.,.F.,(8,6,6,6,6,6,6,6,6,6,6,6,8)
  ,(0.,1.668424742588E-02,0.170687345126,0.373915344039,0.479540682856,
    0.550639755023,0.587503034912,0.610787697155,0.661410328955,
    0.728353152144,0.76036860951,0.819478038119,1.),.UNSPECIFIED.);
#4531 = CARTESIAN_POINT('',(12.521809274506,26.,53.718354583523));
#4532 = CARTESIAN_POINT('',(12.521352416963,26.00947258896,
    53.718149985003));
#4533 = CARTESIAN_POINT('',(12.520875830143,26.018943082233,
    53.717982560483));
#4534 = CARTESIAN_POINT('',(12.520379473633,26.028411946134,
    53.717852257738));
#4535 = CARTESIAN_POINT('',(12.519863295813,26.03787964978,
    53.717759038276));
#4536 = CARTESIAN_POINT('',(12.519327233861,26.047346665086,
    53.717702877341));
#4537 = CARTESIAN_POINT('',(12.518771213753,26.056813466765,
    53.717683763909));
#4538 = CARTESIAN_POINT('',(12.512877825467,26.153665799737,
    53.717867265258));
#4539 = CARTESIAN_POINT('',(12.505852835298,26.24107283313,
    53.721189508727));
#4540 = CARTESIAN_POINT('',(12.497052045983,26.328891968591,
    53.727670944307));
#4541 = CARTESIAN_POINT('',(12.486327364806,26.417465792739,
    53.737416458428));
#4542 = CARTESIAN_POINT('',(12.47345648187,26.506990051529,
    53.750622888752));
#4543 = CARTESIAN_POINT('',(12.458165707529,26.597419970416,
    53.767499760902));
#4544 = CARTESIAN_POINT('',(12.416395471944,26.808707073,53.815515783741
    ));
#4545 = CARTESIAN_POINT('',(12.38790992158,26.930010669616,
    53.849480461709));
#4546 = CARTESIAN_POINT('',(12.354020008201,27.051867356331,
    53.89044182784));
#4547 = CARTESIAN_POINT('',(12.313933315807,27.173297854045,
    53.938635264937));
#4548 = CARTESIAN_POINT('',(12.266757089619,27.293047329398,
    53.994027104583));
#4549 = CARTESIAN_POINT('',(12.211498526392,27.409799937069,
    54.056355356826));
#4550 = CARTESIAN_POINT('',(12.11331549056,27.580425302664,
    54.161002104621));
#4551 = CARTESIAN_POINT('',(12.077222409713,27.637550907179,
    54.198543838012));
#4552 = CARTESIAN_POINT('',(12.038439960338,27.693241960078,
    54.237780508424));
#4553 = CARTESIAN_POINT('',(11.99679066575,27.747249452914,
    54.278622598016));
#4554 = CARTESIAN_POINT('',(11.952100815444,27.799286238933,
    54.320946970173));
#4555 = CARTESIAN_POINT('',(11.904207617625,27.849030239519,
    54.364594311996));
#4556 = CARTESIAN_POINT('',(11.818474566883,27.927830102602,
    54.43950391428));
#4557 = CARTESIAN_POINT('',(11.782470331905,27.958329066353,
    54.470146987435));
#4558 = CARTESIAN_POINT('',(11.744914042644,27.987514481582,
    54.501232835176));
#4559 = CARTESIAN_POINT('',(11.705776093663,28.015264343263,
    54.532685018021));
#4560 = CARTESIAN_POINT('',(11.665041696664,28.041448615126,
    54.564414139307));
#4561 = CARTESIAN_POINT('',(11.6227156989,28.065933143134,
    54.596318366424));
#4562 = CARTESIAN_POINT('',(11.556072300327,28.100327308529,
    54.644857393774));
#4563 = CARTESIAN_POINT('',(11.532897672934,28.111577812472,
    54.661447038509));
#4564 = CARTESIAN_POINT('',(11.509308128243,28.122316238435,
    54.678036761397));
#4565 = CARTESIAN_POINT('',(11.485310187215,28.132523803985,
    54.694609572146));
#4566 = CARTESIAN_POINT('',(11.460912529175,28.142182077259,
    54.711147718555));
#4567 = CARTESIAN_POINT('',(11.43612623803,28.151273267602,
    54.727632790047));
#4568 = CARTESIAN_POINT('',(11.39507200257,28.165154113209,
    54.75441309965));
#4569 = CARTESIAN_POINT('',(11.379029352628,28.170294758208,
    54.764751667576));
#4570 = CARTESIAN_POINT('',(11.36284054419,28.1751981664,54.775056725403
    ));
#4571 = CARTESIAN_POINT('',(11.346509415628,28.179860272729,
    54.785323448624));
#4572 = CARTESIAN_POINT('',(11.330040198159,28.184277231882,
    54.79554698781));
#4573 = CARTESIAN_POINT('',(11.313437515844,28.188445418289,
    54.805722468609));
#4574 = CARTESIAN_POINT('',(11.260331632213,28.200875125866,
    54.837852129164));
#4575 = CARTESIAN_POINT('',(11.223348102849,28.208197327717,
    54.859610026532));
#4576 = CARTESIAN_POINT('',(11.185809834673,28.214292758637,
    54.881067033256));
#4577 = CARTESIAN_POINT('',(11.147776832862,28.219133295468,
    54.902173832386));
#4578 = CARTESIAN_POINT('',(11.109315267358,28.222698772132,
    54.92288396912));
#4579 = CARTESIAN_POINT('',(11.070497669636,28.22497778682,
    54.94315437931));
#4580 = CARTESIAN_POINT('',(10.979704930535,28.227278629759,
    54.989118035556));
#4581 = CARTESIAN_POINT('',(10.92751427394,28.226336008273,
    55.014456880427));
#4582 = CARTESIAN_POINT('',(10.875017592599,28.223135778076,
    55.038869386999));
#4583 = CARTESIAN_POINT('',(10.8223965661,28.217703390227,
    55.062287477446));
#4584 = CARTESIAN_POINT('',(10.769826801049,28.210090311574,
    55.084665279692));
#4585 = CARTESIAN_POINT('',(10.717476511404,28.200369722821,
    55.105976345405));
#4586 = CARTESIAN_POINT('',(10.640649878063,28.183018745121,
    55.135888044203));
#4587 = CARTESIAN_POINT('',(10.615879687358,28.176943554588,
    55.145319530178));
#4588 = CARTESIAN_POINT('',(10.591210994078,28.170416447605,
    55.154504767637));
#4589 = CARTESIAN_POINT('',(10.566659116515,28.163447682482,
    55.163444055955));
#4590 = CARTESIAN_POINT('',(10.542238323878,28.15604797325,
    55.172138552173));
#4591 = CARTESIAN_POINT('',(10.51796183629,28.148228489665,
    55.180590270996));
#4592 = CARTESIAN_POINT('',(10.449309582703,28.124810361928,
    55.203963374411));
#4593 = CARTESIAN_POINT('',(10.405311160264,28.108228427457,
    55.218306494642));
#4594 = CARTESIAN_POINT('',(10.361921936575,28.090326889838,
    55.231849267434));
#4595 = CARTESIAN_POINT('',(10.319204771074,28.07117943496,
    55.244617084845));
#4596 = CARTESIAN_POINT('',(10.277210943652,28.050859504523,
    55.2566409316));
#4597 = CARTESIAN_POINT('',(10.235981094785,28.029438202019,
    55.26795540764));
#4598 = CARTESIAN_POINT('',(10.07205668342,27.938400893342,
    55.311095730398));
#4599 = CARTESIAN_POINT('',(9.956151372557,27.860264067166,
    55.337272013345));
#4600 = CARTESIAN_POINT('',(9.848395617112,27.774365279191,
    55.358267579674));
#4601 = CARTESIAN_POINT('',(9.74903050778,27.682235320643,
    55.375188251432));
#4602 = CARTESIAN_POINT('',(9.658015178077,27.585124564199,
    55.389009141075));
#4603 = CARTESIAN_POINT('',(9.575109908691,27.483962278866,
    55.400542130553));
#4604 = CARTESIAN_POINT('',(9.5,27.3792929105,55.410465380961));
#4605 = ORIENTED_EDGE('',*,*,#4606,.T.);
#4606 = EDGE_CURVE('',#4528,#4607,#4609,.T.);
#4607 = VERTEX_POINT('',#4608);
#4608 = CARTESIAN_POINT('',(11.421474462541,27.763267320807,
    57.77051464138));
#4609 = CIRCLE('',#4610,1.937179570033);
#4610 = AXIS2_PLACEMENT_3D('',#4611,#4612,#4613);
#4611 = CARTESIAN_POINT('',(11.421474462541,27.570510749177,
    55.842948925082));
#4612 = DIRECTION('',(4.96903995E-02,-0.99380799,9.938079899999E-02));
#4613 = DIRECTION('',(8.673617379884E-19,-9.9503719021E-02,
    -0.99503719021));
#4614 = ORIENTED_EDGE('',*,*,#4615,.T.);
#4615 = EDGE_CURVE('',#4607,#4616,#4618,.T.);
#4616 = VERTEX_POINT('',#4617);
#4617 = CARTESIAN_POINT('',(9.53945119727,27.432632560364,
    55.405178771367));
#4618 = CIRCLE('',#4619,1.937179570033);
#4619 = AXIS2_PLACEMENT_3D('',#4620,#4621,#4622);
#4620 = CARTESIAN_POINT('',(11.421474462541,27.570510749177,
    55.842948925082));
#4621 = DIRECTION('',(4.96903995E-02,-0.99380799,9.938079899999E-02));
#4622 = DIRECTION('',(8.673617379884E-19,-9.9503719021E-02,
    -0.99503719021));
#4623 = ORIENTED_EDGE('',*,*,#4624,.T.);
#4624 = EDGE_CURVE('',#4616,#4625,#4627,.T.);
#4625 = VERTEX_POINT('',#4626);
#4626 = CARTESIAN_POINT('',(9.5,27.3792929105,55.410465380961));
#4627 = B_SPLINE_CURVE_WITH_KNOTS('',7,(#4628,#4629,#4630,#4631,#4632,
    #4633,#4634,#4635,#4636,#4637,#4638,#4639,#4640,#4641,#4642,#4643,
    #4644,#4645,#4646,#4647,#4648,#4649,#4650,#4651,#4652,#4653,#4654,
    #4655,#4656,#4657,#4658,#4659,#4660,#4661,#4662,#4663,#4664,#4665,
    #4666,#4667,#4668,#4669,#4670,#4671,#4672,#4673,#4674,#4675,#4676,
    #4677,#4678,#4679,#4680,#4681,#4682,#4683,#4684,#4685,#4686,#4687,
    #4688,#4689,#4690,#4691,#4692,#4693,#4694,#4695,#4696,#4697,#4698,
    #4699,#4700,#4701),.UNSPECIFIED.,.F.,.F.,(8,6,6,6,6,6,6,6,6,6,6,6,8)
  ,(0.,1.668424742588E-02,0.170687345126,0.373915344039,0.479540682856,
    0.550639755023,0.587503034912,0.610787697155,0.661410328955,
    0.728353152144,0.76036860951,0.819478038119,1.),.UNSPECIFIED.);
#4628 = CARTESIAN_POINT('',(12.521809274506,26.,53.718354583523));
#4629 = CARTESIAN_POINT('',(12.521352416963,26.00947258896,
    53.718149985003));
#4630 = CARTESIAN_POINT('',(12.520875830143,26.018943082233,
    53.717982560483));
#4631 = CARTESIAN_POINT('',(12.520379473633,26.028411946134,
    53.717852257738));
#4632 = CARTESIAN_POINT('',(12.519863295813,26.03787964978,
    53.717759038276));
#4633 = CARTESIAN_POINT('',(12.519327233861,26.047346665086,
    53.717702877341));
#4634 = CARTESIAN_POINT('',(12.518771213753,26.056813466765,
    53.717683763909));
#4635 = CARTESIAN_POINT('',(12.512877825467,26.153665799737,
    53.717867265258));
#4636 = CARTESIAN_POINT('',(12.505852835298,26.24107283313,
    53.721189508727));
#4637 = CARTESIAN_POINT('',(12.497052045983,26.328891968591,
    53.727670944307));
#4638 = CARTESIAN_POINT('',(12.486327364806,26.417465792739,
    53.737416458428));
#4639 = CARTESIAN_POINT('',(12.47345648187,26.506990051529,
    53.750622888752));
#4640 = CARTESIAN_POINT('',(12.458165707529,26.597419970416,
    53.767499760902));
#4641 = CARTESIAN_POINT('',(12.416395471944,26.808707073,53.815515783741
    ));
#4642 = CARTESIAN_POINT('',(12.38790992158,26.930010669616,
    53.849480461709));
#4643 = CARTESIAN_POINT('',(12.354020008201,27.051867356331,
    53.89044182784));
#4644 = CARTESIAN_POINT('',(12.313933315807,27.173297854045,
    53.938635264937));
#4645 = CARTESIAN_POINT('',(12.266757089619,27.293047329398,
    53.994027104583));
#4646 = CARTESIAN_POINT('',(12.211498526392,27.409799937069,
    54.056355356826));
#4647 = CARTESIAN_POINT('',(12.11331549056,27.580425302664,
    54.161002104621));
#4648 = CARTESIAN_POINT('',(12.077222409713,27.637550907179,
    54.198543838012));
#4649 = CARTESIAN_POINT('',(12.038439960338,27.693241960078,
    54.237780508424));
#4650 = CARTESIAN_POINT('',(11.99679066575,27.747249452914,
    54.278622598016));
#4651 = CARTESIAN_POINT('',(11.952100815444,27.799286238933,
    54.320946970173));
#4652 = CARTESIAN_POINT('',(11.904207617625,27.849030239519,
    54.364594311996));
#4653 = CARTESIAN_POINT('',(11.818474566883,27.927830102602,
    54.43950391428));
#4654 = CARTESIAN_POINT('',(11.782470331905,27.958329066353,
    54.470146987435));
#4655 = CARTESIAN_POINT('',(11.744914042644,27.987514481582,
    54.501232835176));
#4656 = CARTESIAN_POINT('',(11.705776093663,28.015264343263,
    54.532685018021));
#4657 = CARTESIAN_POINT('',(11.665041696664,28.041448615126,
    54.564414139307));
#4658 = CARTESIAN_POINT('',(11.6227156989,28.065933143134,
    54.596318366424));
#4659 = CARTESIAN_POINT('',(11.556072300327,28.100327308529,
    54.644857393774));
#4660 = CARTESIAN_POINT('',(11.532897672934,28.111577812472,
    54.661447038509));
#4661 = CARTESIAN_POINT('',(11.509308128243,28.122316238435,
    54.678036761397));
#4662 = CARTESIAN_POINT('',(11.485310187215,28.132523803985,
    54.694609572146));
#4663 = CARTESIAN_POINT('',(11.460912529175,28.142182077259,
    54.711147718555));
#4664 = CARTESIAN_POINT('',(11.43612623803,28.151273267602,
    54.727632790047));
#4665 = CARTESIAN_POINT('',(11.39507200257,28.165154113209,
    54.75441309965));
#4666 = CARTESIAN_POINT('',(11.379029352628,28.170294758208,
    54.764751667576));
#4667 = CARTESIAN_POINT('',(11.36284054419,28.1751981664,54.775056725403
    ));
#4668 = CARTESIAN_POINT('',(11.346509415628,28.179860272729,
    54.785323448624));
#4669 = CARTESIAN_POINT('',(11.330040198159,28.184277231882,
    54.79554698781));
#4670 = CARTESIAN_POINT('',(11.313437515844,28.188445418289,
    54.805722468609));
#4671 = CARTESIAN_POINT('',(11.260331632213,28.200875125866,
    54.837852129164));
#4672 = CARTESIAN_POINT('',(11.223348102849,28.208197327717,
    54.859610026532));
#4673 = CARTESIAN_POINT('',(11.185809834673,28.214292758637,
    54.881067033256));
#4674 = CARTESIAN_POINT('',(11.147776832862,28.219133295468,
    54.902173832386));
#4675 = CARTESIAN_POINT('',(11.109315267358,28.222698772132,
    54.92288396912));
#4676 = CARTESIAN_POINT('',(11.070497669636,28.22497778682,
    54.94315437931));
#4677 = CARTESIAN_POINT('',(10.979704930535,28.227278629759,
    54.989118035556));
#4678 = CARTESIAN_POINT('',(10.92751427394,28.226336008273,
    55.014456880427));
#4679 = CARTESIAN_POINT('',(10.875017592599,28.223135778076,
    55.038869386999));
#4680 = CARTESIAN_POINT('',(10.8223965661,28.217703390227,
    55.062287477446));
#4681 = CARTESIAN_POINT('',(10.769826801049,28.210090311574,
    55.084665279692));
#4682 = CARTESIAN_POINT('',(10.717476511404,28.200369722821,
    55.105976345405));
#4683 = CARTESIAN_POINT('',(10.640649878063,28.183018745121,
    55.135888044203));
#4684 = CARTESIAN_POINT('',(10.615879687358,28.176943554588,
    55.145319530178));
#4685 = CARTESIAN_POINT('',(10.591210994078,28.170416447605,
    55.154504767637));
#4686 = CARTESIAN_POINT('',(10.566659116515,28.163447682482,
    55.163444055955));
#4687 = CARTESIAN_POINT('',(10.542238323878,28.15604797325,
    55.172138552173));
#4688 = CARTESIAN_POINT('',(10.51796183629,28.148228489665,
    55.180590270996));
#4689 = CARTESIAN_POINT('',(10.449309582703,28.124810361928,
    55.203963374411));
#4690 = CARTESIAN_POINT('',(10.405311160264,28.108228427457,
    55.218306494642));
#4691 = CARTESIAN_POINT('',(10.361921936575,28.090326889838,
    55.231849267434));
#4692 = CARTESIAN_POINT('',(10.319204771074,28.07117943496,
    55.244617084845));
#4693 = CARTESIAN_POINT('',(10.277210943652,28.050859504523,
    55.2566409316));
#4694 = CARTESIAN_POINT('',(10.235981094785,28.029438202019,
    55.26795540764));
#4695 = CARTESIAN_POINT('',(10.07205668342,27.938400893342,
    55.311095730398));
#4696 = CARTESIAN_POINT('',(9.956151372557,27.860264067166,
    55.337272013345));
#4697 = CARTESIAN_POINT('',(9.848395617112,27.774365279191,
    55.358267579674));
#4698 = CARTESIAN_POINT('',(9.74903050778,27.682235320643,
    55.375188251432));
#4699 = CARTESIAN_POINT('',(9.658015178077,27.585124564199,
    55.389009141075));
#4700 = CARTESIAN_POINT('',(9.575109908691,27.483962278866,
    55.400542130553));
#4701 = CARTESIAN_POINT('',(9.5,27.3792929105,55.410465380961));
#4702 = ORIENTED_EDGE('',*,*,#4703,.T.);
#4703 = EDGE_CURVE('',#4625,#4704,#4706,.T.);
#4704 = VERTEX_POINT('',#4705);
#4705 = CARTESIAN_POINT('',(9.5,24.534494015252,55.680168468301));
#4706 = B_SPLINE_CURVE_WITH_KNOTS('',7,(#4707,#4708,#4709,#4710,#4711,
    #4712,#4713,#4714,#4715,#4716,#4717,#4718,#4719,#4720,#4721,#4722,
    #4723,#4724,#4725,#4726,#4727,#4728,#4729,#4730,#4731,#4732,#4733,
    #4734,#4735,#4736,#4737,#4738),.UNSPECIFIED.,.F.,.F.,(8,6,6,6,6,8),(
    0.,0.118421141414,0.50010713173,0.783369897207,0.881062437143,1.),
  .UNSPECIFIED.);
#4707 = CARTESIAN_POINT('',(9.5,27.3792929105,55.410465380961));
#4708 = CARTESIAN_POINT('',(9.4684923762,27.335385480175,55.414628054652
    ));
#4709 = CARTESIAN_POINT('',(9.438367877302,27.290876898532,
    55.41850595254));
#4710 = CARTESIAN_POINT('',(9.409609115072,27.245818861438,
    55.422148449548));
#4711 = CARTESIAN_POINT('',(9.382198964949,27.200258762098,
    55.425600425184));
#4712 = CARTESIAN_POINT('',(9.356120605011,27.154239786225,
    55.428902614875));
#4713 = CARTESIAN_POINT('',(9.33135755495,27.10780100722,55.432091961304
    ));
#4714 = CARTESIAN_POINT('',(9.232266855956,26.910059464256,
    55.445225894824));
#4715 = CARTESIAN_POINT('',(9.170169982512,26.755210697484,
    55.454421284642));
#4716 = CARTESIAN_POINT('',(9.121001337824,26.59751921068,
    55.463915335456));
#4717 = CARTESIAN_POINT('',(9.084394759274,26.437894140029,
    55.474440141974));
#4718 = CARTESIAN_POINT('',(9.060070101978,26.277122435612,
    55.486448220378));
#4719 = CARTESIAN_POINT('',(9.047874836574,26.115867432003,
    55.500127721374));
#4720 = CARTESIAN_POINT('',(9.04779803018,25.83505733712,55.526779190567
    ));
#4721 = CARTESIAN_POINT('',(9.05445793713,25.715512072505,
    55.539020077069));
#4722 = CARTESIAN_POINT('',(9.067811571258,25.596288164243,55.552123905)
  );
#4723 = CARTESIAN_POINT('',(9.087909409226,25.477642018709,
    55.565985945677));
#4724 = CARTESIAN_POINT('',(9.114838640127,25.359843078285,
    55.58042118617));
#4725 = CARTESIAN_POINT('',(9.148724603025,25.243175304535,
    55.595157485403));
#4726 = CARTESIAN_POINT('',(9.20389402345,25.088196903982,55.61487964774
    ));
#4727 = CARTESIAN_POINT('',(9.218889978012,25.048625898433,
    55.619928452412));
#4728 = CARTESIAN_POINT('',(9.234741205913,25.009239683618,
    55.624953211024));
#4729 = CARTESIAN_POINT('',(9.251455199469,24.970052080273,
    55.629937002163));
#4730 = CARTESIAN_POINT('',(9.269039926015,24.931077741656,
    55.634861263713));
#4731 = CARTESIAN_POINT('',(9.287503827909,24.892332153545,
    55.639705792859));
#4732 = CARTESIAN_POINT('',(9.330416261003,24.806958475477,
    55.650223140911));
#4733 = CARTESIAN_POINT('',(9.355292684392,24.76044927448,
    55.655846649878));
#4734 = CARTESIAN_POINT('',(9.381501526111,24.714332979916,
    55.66128010501));
#4735 = CARTESIAN_POINT('',(9.409059512588,24.668641916907,
    55.666479722347));
#4736 = CARTESIAN_POINT('',(9.437983663261,24.62341178703,
    55.671397101952));
#4737 = CARTESIAN_POINT('',(9.468291290578,24.578681668316,
    55.675979227904));
#4738 = CARTESIAN_POINT('',(9.5,24.534494015252,55.680168468301));
#4739 = ORIENTED_EDGE('',*,*,#4740,.T.);
#4740 = EDGE_CURVE('',#4704,#4519,#4741,.T.);
#4741 = B_SPLINE_CURVE_WITH_KNOTS('',7,(#4742,#4743,#4744,#4745,#4746,
    #4747,#4748,#4749,#4750,#4751,#4752,#4753,#4754,#4755,#4756,#4757,
    #4758,#4759,#4760,#4761,#4762,#4763,#4764,#4765,#4766,#4767,#4768,
    #4769,#4770,#4771,#4772,#4773,#4774,#4775,#4776,#4777,#4778,#4779,
    #4780,#4781,#4782,#4783,#4784,#4785,#4786,#4787,#4788,#4789,#4790,
    #4791,#4792,#4793,#4794,#4795,#4796,#4797,#4798,#4799,#4800,#4801,
    #4802,#4803,#4804,#4805,#4806,#4807,#4808,#4809),.UNSPECIFIED.,.F.,
  .F.,(8,6,6,6,6,6,6,6,6,6,6,8),(0.,0.169589123023,0.225266110197,
    0.255351642491,0.317722502454,0.38146807346,0.412828110533,
    0.470277148137,0.541016821548,0.720836777125,0.842114113243,1.),
  .UNSPECIFIED.);
#4742 = CARTESIAN_POINT('',(9.5,24.534494015252,55.680168468301));
#4743 = CARTESIAN_POINT('',(9.576662462428,24.427661086586,
    55.69029683651));
#4744 = CARTESIAN_POINT('',(9.661444800423,24.324097254435,
    55.698118217461));
#4745 = CARTESIAN_POINT('',(9.754680541153,24.224234260107,
    55.702834689685));
#4746 = CARTESIAN_POINT('',(9.856624121047,24.128884117352,
    55.703433230605));
#4747 = CARTESIAN_POINT('',(9.967315452039,24.039160157445,
    55.698672421024));
#4748 = CARTESIAN_POINT('',(10.086495044046,23.956439108172,
    55.687122722773));
#4749 = CARTESIAN_POINT('',(10.2552889458,23.85804503307,55.660739402935
    ));
#4750 = CARTESIAN_POINT('',(10.297839238385,23.834669503709,
    55.653325537071));
#4751 = CARTESIAN_POINT('',(10.341187359793,23.812300419727,
    55.644968213716));
#4752 = CARTESIAN_POINT('',(10.385289619192,23.791005564474,
    55.635617757597));
#4753 = CARTESIAN_POINT('',(10.43009081773,23.770855834982,
    55.625227860513));
#4754 = CARTESIAN_POINT('',(10.475523229715,23.751923373356,
    55.613758105496));
#4755 = CARTESIAN_POINT('',(10.546352538881,23.724745788622,
    55.594377908843));
#4756 = CARTESIAN_POINT('',(10.571359932905,23.715588157339,
    55.587254810472));
#4757 = CARTESIAN_POINT('',(10.596514723003,23.706818305669,
    55.579802066424));
#4758 = CARTESIAN_POINT('',(10.621802744323,23.698447404101,
    55.572015542213));
#4759 = CARTESIAN_POINT('',(10.647208710043,23.69048629226,
    55.563892098302));
#4760 = CARTESIAN_POINT('',(10.672716211364,23.682945478911,
    55.555429590105));
#4761 = CARTESIAN_POINT('',(10.751361930776,23.661094574088,
    55.528377785901));
#4762 = CARTESIAN_POINT('',(10.804784387953,23.648201932997,
    55.508664373452));
#4763 = CARTESIAN_POINT('',(10.858408398086,23.637249661433,
    55.487481141251));
#4764 = CARTESIAN_POINT('',(10.912058701388,23.628315270167,
    55.46484274705));
#4765 = CARTESIAN_POINT('',(10.965552774727,23.621457502172,
    55.440787625888));
#4766 = CARTESIAN_POINT('',(11.018702137112,23.616712496797,
    55.415381620237));
#4767 = CARTESIAN_POINT('',(11.125084779421,23.611409607842,
    55.361473988949));
#4768 = CARTESIAN_POINT('',(11.178306541803,23.610945706689,
    55.332910173526));
#4769 = CARTESIAN_POINT('',(11.230771605977,23.612709193645,
    55.303132947116));
#4770 = CARTESIAN_POINT('',(11.282300196872,23.616680387311,
    55.27226261934));
#4771 = CARTESIAN_POINT('',(11.332738255513,23.622813163973,
    55.240433367128));
#4772 = CARTESIAN_POINT('',(11.381955593824,23.631039139839,
    55.207789575642));
#4773 = CARTESIAN_POINT('',(11.453403078248,23.646305901413,
    55.158096394727));
#4774 = CARTESIAN_POINT('',(11.476642110325,23.65182604216,
    55.141548767204));
#4775 = CARTESIAN_POINT('',(11.499549606868,23.657822078565,
    55.124856512939));
#4776 = CARTESIAN_POINT('',(11.522115727043,23.664283283414,
    55.108036491785));
#4777 = CARTESIAN_POINT('',(11.544332327991,23.671198399232,
    55.091105207139));
#4778 = CARTESIAN_POINT('',(11.566192964825,23.67855563828,
    55.074078805933));
#4779 = CARTESIAN_POINT('',(11.627079006253,23.700607914418,
    55.025636777349));
#4780 = CARTESIAN_POINT('',(11.665253796563,23.716315707163,
    54.994034432595));
#4781 = CARTESIAN_POINT('',(11.702188791876,23.733391909935,
    54.962261266942));
#4782 = CARTESIAN_POINT('',(11.737871928897,23.751760288659,
    54.930405830187));
#4783 = CARTESIAN_POINT('',(11.772304713076,23.771344849385,
    54.89854912989));
#4784 = CARTESIAN_POINT('',(11.805499380959,23.792072161629,
    54.86676376189));
#4785 = CARTESIAN_POINT('',(11.876850438632,23.840718907912,
    54.796140035099));
#4786 = CARTESIAN_POINT('',(11.91437577595,23.869191228351,
    54.757373487802));
#4787 = CARTESIAN_POINT('',(11.950093307652,23.899163776684,
    54.71892944633));
#4788 = CARTESIAN_POINT('',(11.984055887166,23.9305168393,
    54.680909002649));
#4789 = CARTESIAN_POINT('',(12.016324942892,23.963139675511,
    54.643398554516));
#4790 = CARTESIAN_POINT('',(12.04696743291,23.996932337752,
    54.606470066713));
#4791 = CARTESIAN_POINT('',(12.149987681034,24.12045998827,
    54.477935520269));
#4792 = CARTESIAN_POINT('',(12.213784064506,24.21601418152,
    54.389920547123));
#4793 = CARTESIAN_POINT('',(12.268720410179,24.317127945773,
    54.306951032293));
#4794 = CARTESIAN_POINT('',(12.315825255963,24.422692896012,
    54.229657901842));
#4795 = CARTESIAN_POINT('',(12.35603644292,24.53173619951,
    54.158448744571));
#4796 = CARTESIAN_POINT('',(12.390151477208,24.643441872073,
    54.093547424836));
#4797 = CARTESIAN_POINT('',(12.438207857745,24.833870322465,
    53.995574232529));
#4798 = CARTESIAN_POINT('',(12.45509100747,24.911451618952,
    53.959039332977));
#4799 = CARTESIAN_POINT('',(12.469702112,24.989667827719,53.925475406158
    ));
#4800 = CARTESIAN_POINT('',(12.482215235784,25.068268837745,
    53.894907588088));
#4801 = CARTESIAN_POINT('',(12.492786259641,25.147004176752,
    53.867331344109));
#4802 = CARTESIAN_POINT('',(12.501556996776,25.225637362557,
    53.842708910823));
#4803 = CARTESIAN_POINT('',(12.517894443206,25.405947067895,
    53.792676393092));
#4804 = CARTESIAN_POINT('',(12.524300780146,25.507438681947,
    53.769265338724));
#4805 = CARTESIAN_POINT('',(12.528146248403,25.607949390648,
    53.750612829511));
#4806 = CARTESIAN_POINT('',(12.529685322821,25.707229342478,
    53.736451274951));
#4807 = CARTESIAN_POINT('',(12.529108083602,25.805390213891,
    53.726465655736));
#4808 = CARTESIAN_POINT('',(12.526496219841,25.902819801802,
    53.720453579357));
#4809 = CARTESIAN_POINT('',(12.521809274506,26.,53.718354583523));
#4810 = ORIENTED_EDGE('',*,*,#4518,.T.);
#4811 = ORIENTED_EDGE('',*,*,#3864,.F.);
#4812 = SPHERICAL_SURFACE('',#4813,2.5);
#4813 = AXIS2_PLACEMENT_3D('',#4814,#4815,#4816);
#4814 = CARTESIAN_POINT('',(11.5,26.,56.));
#4815 = DIRECTION('',(0.,0.,1.));
#4816 = DIRECTION('',(1.,0.,-0.));
#4817 = ADVANCED_FACE('',(#4818),#4859,.T.);
#4818 = FACE_BOUND('',#4819,.T.);
#4819 = EDGE_LOOP('',(#4820,#4829,#4830,#4831,#4840,#4847,#4848,#4857,
    #4858));
#4820 = ORIENTED_EDGE('',*,*,#4821,.T.);
#4821 = EDGE_CURVE('',#4164,#4822,#4824,.T.);
#4822 = VERTEX_POINT('',#4823);
#4823 = CARTESIAN_POINT('',(-9.5,2.,58.5));
#4824 = CIRCLE('',#4825,4.5);
#4825 = AXIS2_PLACEMENT_3D('',#4826,#4827,#4828);
#4826 = CARTESIAN_POINT('',(-9.5,2.,54.));
#4827 = DIRECTION('',(-2.449293598295E-16,-1.,0.));
#4828 = DIRECTION('',(1.,-2.449293598295E-16,0.));
#4829 = ORIENTED_EDGE('',*,*,#4821,.F.);
#4830 = ORIENTED_EDGE('',*,*,#4308,.F.);
#4831 = ORIENTED_EDGE('',*,*,#4832,.T.);
#4832 = EDGE_CURVE('',#4190,#4833,#4835,.T.);
#4833 = VERTEX_POINT('',#4834);
#4834 = CARTESIAN_POINT('',(-9.5,4.758981667015,57.55499931942));
#4835 = CIRCLE('',#4836,3.761110954416);
#4836 = AXIS2_PLACEMENT_3D('',#4837,#4838,#4839);
#4837 = CARTESIAN_POINT('',(-9.5,4.462972886962,53.805554772082));
#4838 = DIRECTION('',(0.,-0.996898148653,7.870248542001E-02));
#4839 = DIRECTION('',(0.,-7.870248542001E-02,-0.996898148653));
#4840 = ORIENTED_EDGE('',*,*,#4841,.T.);
#4841 = EDGE_CURVE('',#4833,#4181,#4842,.T.);
#4842 = CIRCLE('',#4843,3.761110954416);
#4843 = AXIS2_PLACEMENT_3D('',#4844,#4845,#4846);
#4844 = CARTESIAN_POINT('',(-9.5,4.462972886962,53.805554772082));
#4845 = DIRECTION('',(0.,-0.996898148653,7.870248542001E-02));
#4846 = DIRECTION('',(0.,-7.870248542001E-02,-0.996898148653));
#4847 = ORIENTED_EDGE('',*,*,#4180,.F.);
#4848 = ORIENTED_EDGE('',*,*,#4849,.F.);
#4849 = EDGE_CURVE('',#4850,#4172,#4852,.T.);
#4850 = VERTEX_POINT('',#4851);
#4851 = CARTESIAN_POINT('',(-9.5,2.,49.5));
#4852 = CIRCLE('',#4853,4.5);
#4853 = AXIS2_PLACEMENT_3D('',#4854,#4855,#4856);
#4854 = CARTESIAN_POINT('',(-9.5,2.,54.));
#4855 = DIRECTION('',(-2.449293598295E-16,-1.,0.));
#4856 = DIRECTION('',(1.,-2.449293598295E-16,0.));
#4857 = ORIENTED_EDGE('',*,*,#4849,.T.);
#4858 = ORIENTED_EDGE('',*,*,#4171,.F.);
#4859 = SPHERICAL_SURFACE('',#4860,4.5);
#4860 = AXIS2_PLACEMENT_3D('',#4861,#4862,#4863);
#4861 = CARTESIAN_POINT('',(-9.5,2.,54.));
#4862 = DIRECTION('',(0.,0.,1.));
#4863 = DIRECTION('',(1.,0.,-0.));
#4864 = ADVANCED_FACE('',(#4865),#5435,.T.);
#4865 = FACE_BOUND('',#4866,.T.);
#4866 = EDGE_LOOP('',(#4867,#4878,#4886,#4900,#4921,#4931,#4939,#4953,
    #4974,#4980,#4981,#4982,#4983,#4984,#5145,#5156,#5287,#5288,#5297));
#4867 = ORIENTED_EDGE('',*,*,#4868,.T.);
#4868 = EDGE_CURVE('',#4869,#4871,#4873,.T.);
#4869 = VERTEX_POINT('',#4870);
#4870 = CARTESIAN_POINT('',(-7.187985258279,37.829121081182,
    48.906707731461));
#4871 = VERTEX_POINT('',#4872);
#4872 = CARTESIAN_POINT('',(-9.5,38.261128805724,54.3788055537));
#4873 = CIRCLE('',#4874,3.231471516329);
#4874 = AXIS2_PLACEMENT_3D('',#4875,#4876,#4877);
#4875 = CARTESIAN_POINT('',(-9.5,38.006803965825,51.157357581645));
#4876 = DIRECTION('',(0.,-0.996898148653,7.870248542001E-02));
#4877 = DIRECTION('',(0.,-7.870248542001E-02,-0.996898148653));
#4878 = ORIENTED_EDGE('',*,*,#4879,.F.);
#4879 = EDGE_CURVE('',#4880,#4871,#4882,.T.);
#4880 = VERTEX_POINT('',#4881);
#4881 = CARTESIAN_POINT('',(-9.5,37.215503984125,54.477936723589));
#4882 = LINE('',#4883,#4884);
#4883 = CARTESIAN_POINT('',(-9.5,2.299069444596,57.788212964883));
#4884 = VECTOR('',#4885,1.);
#4885 = DIRECTION('',(3.854832360864E-18,0.995536011431,
    -9.438246629285E-02));
#4886 = ORIENTED_EDGE('',*,*,#4887,.F.);
#4887 = EDGE_CURVE('',#4888,#4880,#4890,.T.);
#4888 = VERTEX_POINT('',#4889);
#4889 = CARTESIAN_POINT('',(-9.048616365316,36.,54.56170568075));
#4890 = B_SPLINE_CURVE_WITH_KNOTS('',8,(#4891,#4892,#4893,#4894,#4895,
    #4896,#4897,#4898,#4899),.UNSPECIFIED.,.F.,.F.,(9,9),(0.,1.),
  .PIECEWISE_BEZIER_KNOTS.);
#4891 = CARTESIAN_POINT('',(-9.048616365316,36.,54.56170568075));
#4892 = CARTESIAN_POINT('',(-9.051925027395,36.1600100011,
    54.546974782574));
#4893 = CARTESIAN_POINT('',(-9.069895800019,36.319741585241,
    54.534321099443));
#4894 = CARTESIAN_POINT('',(-9.102472287371,36.478561807419,
    54.52374403573));
#4895 = CARTESIAN_POINT('',(-9.149972555321,36.63553384872,
    54.514933732534));
#4896 = CARTESIAN_POINT('',(-9.212835324841,36.789447827869,
    54.507269033503));
#4897 = CARTESIAN_POINT('',(-9.291676163256,36.938740843058,
    54.499667071913));
#4898 = CARTESIAN_POINT('',(-9.387047774593,37.081568385124,
    54.490634578828));
#4899 = CARTESIAN_POINT('',(-9.5,37.215503984125,54.477936723589));
#4900 = ORIENTED_EDGE('',*,*,#4901,.F.);
#4901 = EDGE_CURVE('',#4902,#4888,#4904,.T.);
#4902 = VERTEX_POINT('',#4903);
#4903 = CARTESIAN_POINT('',(-9.465549629806,34.750110686728,
    54.711488681806));
#4904 = B_SPLINE_CURVE_WITH_KNOTS('',8,(#4905,#4906,#4907,#4908,#4909,
    #4910,#4911,#4912,#4913,#4914,#4915,#4916,#4917,#4918,#4919,#4920),
  .UNSPECIFIED.,.F.,.F.,(9,7,9),(0.,0.870513540861,1.),.UNSPECIFIED.);
#4905 = CARTESIAN_POINT('',(-9.5,34.708044230842,54.715658144941));
#4906 = CARTESIAN_POINT('',(-9.395178549032,34.832338584264,
    54.703874334524));
#4907 = CARTESIAN_POINT('',(-9.305502819197,34.96354484362,
    54.687599291201));
#4908 = CARTESIAN_POINT('',(-9.230154975904,35.100066819083,
    54.66891336665));
#4909 = CARTESIAN_POINT('',(-9.168665607944,35.240624971217,
    54.649297326651));
#4910 = CARTESIAN_POINT('',(-9.120523715448,35.384108606951,
    54.629885080053));
#4911 = CARTESIAN_POINT('',(-9.085325187232,35.529618488501,
    54.611426612189));
#4912 = CARTESIAN_POINT('',(-9.062753310846,35.676440970281,
    54.594393351166));
#4913 = CARTESIAN_POINT('',(-9.051257765182,35.84602985371,
    54.576695639609));
#4914 = CARTESIAN_POINT('',(-9.050047513536,35.868003285356,
    54.574440436841));
#4915 = CARTESIAN_POINT('',(-9.049115199251,35.889988234742,
    54.572222371276));
#4916 = CARTESIAN_POINT('',(-9.048460567751,35.911982251957,
    54.570042042745));
#4917 = CARTESIAN_POINT('',(-9.048083438381,35.933982887067,
    54.567899924939));
#4918 = CARTESIAN_POINT('',(-9.047983704407,35.955987690107,
    54.565796365414));
#4919 = CARTESIAN_POINT('',(-9.048161333016,35.97799421109,
    54.563731585591));
#4920 = CARTESIAN_POINT('',(-9.048616365316,36.,54.56170568075));
#4921 = ORIENTED_EDGE('',*,*,#4922,.F.);
#4922 = EDGE_CURVE('',#4923,#4902,#4925,.T.);
#4923 = VERTEX_POINT('',#4924);
#4924 = CARTESIAN_POINT('',(-9.5,31.326055619928,55.036289867357));
#4925 = B_SPLINE_CURVE_WITH_KNOTS('',4,(#4926,#4927,#4928,#4929,#4930),
  .UNSPECIFIED.,.F.,.F.,(5,5),(0.,1.),.PIECEWISE_BEZIER_KNOTS.);
#4926 = CARTESIAN_POINT('',(-9.5,31.326055619911,55.036289867359));
#4927 = CARTESIAN_POINT('',(-9.488496493723,32.465324277416,
    54.92828073014));
#4928 = CARTESIAN_POINT('',(-9.477026984686,33.604588574566,
    54.820218970062));
#4929 = CARTESIAN_POINT('',(-9.465595870238,34.743848453332,
    54.712103564277));
#4930 = CARTESIAN_POINT('',(-9.454209978162,35.883103870266,
    54.603933713579));
#4931 = ORIENTED_EDGE('',*,*,#4932,.F.);
#4932 = EDGE_CURVE('',#4933,#4923,#4935,.T.);
#4933 = VERTEX_POINT('',#4934);
#4934 = CARTESIAN_POINT('',(-9.5,27.3792929105,55.410465380961));
#4935 = LINE('',#4936,#4937);
#4936 = CARTESIAN_POINT('',(-9.5,2.299069444596,57.788212964883));
#4937 = VECTOR('',#4938,1.);
#4938 = DIRECTION('',(3.854832360864E-18,0.995536011431,
    -9.438246629285E-02));
#4939 = ORIENTED_EDGE('',*,*,#4940,.F.);
#4940 = EDGE_CURVE('',#4941,#4933,#4943,.T.);
#4941 = VERTEX_POINT('',#4942);
#4942 = CARTESIAN_POINT('',(-9.04825477348,26.,55.511179640118));
#4943 = B_SPLINE_CURVE_WITH_KNOTS('',8,(#4944,#4945,#4946,#4947,#4948,
    #4949,#4950,#4951,#4952),.UNSPECIFIED.,.F.,.F.,(9,9),(0.,1.),
  .PIECEWISE_BEZIER_KNOTS.);
#4944 = CARTESIAN_POINT('',(-9.04825477348,26.,55.511179640118));
#4945 = CARTESIAN_POINT('',(-9.051559139164,26.17920850042,
    55.494606143094));
#4946 = CARTESIAN_POINT('',(-9.069572380796,26.358226541131,
    55.480013103799));
#4947 = CARTESIAN_POINT('',(-9.102262998699,26.536470653886,
    55.46740138776));
#4948 = CARTESIAN_POINT('',(-9.149897386571,26.713123901253,
    55.456461678496));
#4949 = CARTESIAN_POINT('',(-9.212869782861,26.887155579632,
    55.446575437257));
#4950 = CARTESIAN_POINT('',(-9.291743563255,27.057274628643,
    55.436696222845));
#4951 = CARTESIAN_POINT('',(-9.387102166545,27.221964202118,
    55.42538103579));
#4952 = CARTESIAN_POINT('',(-9.5,27.3792929105,55.410465380961));
#4953 = ORIENTED_EDGE('',*,*,#4954,.F.);
#4954 = EDGE_CURVE('',#4955,#4941,#4957,.T.);
#4955 = VERTEX_POINT('',#4956);
#4956 = CARTESIAN_POINT('',(-9.5,24.534494015252,55.680168468301));
#4957 = B_SPLINE_CURVE_WITH_KNOTS('',8,(#4958,#4959,#4960,#4961,#4962,
    #4963,#4964,#4965,#4966,#4967,#4968,#4969,#4970,#4971,#4972,#4973),
  .UNSPECIFIED.,.F.,.F.,(9,7,9),(0.,0.857656508821,1.),.UNSPECIFIED.);
#4958 = CARTESIAN_POINT('',(-9.5,24.534494015252,55.680168468301));
#4959 = CARTESIAN_POINT('',(-9.396890948526,24.678181572329,
    55.666546072067));
#4960 = CARTESIAN_POINT('',(-9.308393004944,24.827350695429,
    55.648865398035));
#4961 = CARTESIAN_POINT('',(-9.233739796315,24.980833225605,
    55.628981838071));
#4962 = CARTESIAN_POINT('',(-9.172460937825,25.137654519968,
    55.608228947164));
#4963 = CARTESIAN_POINT('',(-9.124108965239,25.296960929845,
    55.587628661729));
#4964 = CARTESIAN_POINT('',(-9.088336516204,25.458036426692,
    55.567879317815));
#4965 = CARTESIAN_POINT('',(-9.064884991222,25.62029256286,
    55.549427872549));
#4966 = CARTESIAN_POINT('',(-9.051826684675,25.810332145446,
    55.529663265138));
#4967 = CARTESIAN_POINT('',(-9.050305637402,25.837399794661,
    55.526891584816));
#4968 = CARTESIAN_POINT('',(-9.049121890391,25.864481389866,
    55.524162573942));
#4969 = CARTESIAN_POINT('',(-9.048275122284,25.891574120331,
    55.521477041202));
#4970 = CARTESIAN_POINT('',(-9.047765107773,25.91867517018,
    55.518835617421));
#4971 = CARTESIAN_POINT('',(-9.0475917176,25.945781718384,
    55.516238755557));
#4972 = CARTESIAN_POINT('',(-9.047754918555,25.972890938766,
    55.513686730711));
#4973 = CARTESIAN_POINT('',(-9.04825477348,26.,55.511179640118));
#4974 = ORIENTED_EDGE('',*,*,#4975,.F.);
#4975 = EDGE_CURVE('',#4833,#4955,#4976,.T.);
#4976 = LINE('',#4977,#4978);
#4977 = CARTESIAN_POINT('',(-9.5,2.299069444596,57.788212964883));
#4978 = VECTOR('',#4979,1.);
#4979 = DIRECTION('',(3.854832360864E-18,0.995536011431,
    -9.438246629285E-02));
#4980 = ORIENTED_EDGE('',*,*,#4832,.F.);
#4981 = ORIENTED_EDGE('',*,*,#4189,.T.);
#4982 = ORIENTED_EDGE('',*,*,#4841,.F.);
#4983 = ORIENTED_EDGE('',*,*,#4975,.T.);
#4984 = ORIENTED_EDGE('',*,*,#4985,.F.);
#4985 = EDGE_CURVE('',#4986,#4955,#4988,.T.);
#4986 = VERTEX_POINT('',#4987);
#4987 = CARTESIAN_POINT('',(-12.19553436245,27.432172557782,
    54.072536971758));
#4988 = B_SPLINE_CURVE_WITH_KNOTS('',8,(#4989,#4990,#4991,#4992,#4993,
    #4994,#4995,#4996,#4997,#4998,#4999,#5000,#5001,#5002,#5003,#5004,
    #5005,#5006,#5007,#5008,#5009,#5010,#5011,#5012,#5013,#5014,#5015,
    #5016,#5017,#5018,#5019,#5020,#5021,#5022,#5023,#5024,#5025,#5026,
    #5027,#5028,#5029,#5030,#5031,#5032,#5033,#5034,#5035,#5036,#5037,
    #5038,#5039,#5040,#5041,#5042,#5043,#5044,#5045,#5046,#5047,#5048,
    #5049,#5050,#5051,#5052,#5053,#5054,#5055,#5056,#5057,#5058,#5059,
    #5060,#5061,#5062,#5063,#5064,#5065,#5066,#5067,#5068,#5069,#5070,
    #5071,#5072,#5073,#5074,#5075,#5076,#5077,#5078,#5079,#5080,#5081,
    #5082,#5083,#5084,#5085,#5086,#5087,#5088,#5089,#5090,#5091,#5092,
    #5093,#5094,#5095,#5096,#5097,#5098,#5099,#5100,#5101,#5102,#5103,
    #5104,#5105,#5106,#5107,#5108,#5109,#5110,#5111,#5112,#5113,#5114,
    #5115,#5116,#5117,#5118,#5119,#5120,#5121,#5122,#5123,#5124,#5125,
    #5126,#5127,#5128,#5129,#5130,#5131,#5132,#5133,#5134,#5135,#5136,
    #5137,#5138,#5139,#5140,#5141,#5142,#5143,#5144),.UNSPECIFIED.,.F.,
  .F.,(9,7,7,7,7,7,7,7,7,7,7,7,7,7,7,7,7,7,7,7,7,7,9),(0.,
    8.627103126068E-02,0.114930534444,0.130486278499,0.162650411554,
    0.18696729933,0.197952679734,0.215647776516,0.249902687187,
    0.300703062839,0.413837549279,0.471964276326,0.561916702114,
    0.625209422158,0.718671156036,0.75509061778,0.785275832703,
    0.801798105011,0.835030377279,0.867346118125,0.883124882047,
    0.912090218247,1.),.UNSPECIFIED.);
#4989 = CARTESIAN_POINT('',(-9.5,27.3792929105,55.410465380961));
#4990 = CARTESIAN_POINT('',(-9.565446449734,27.470495771393,
    55.401818831921));
#4991 = CARTESIAN_POINT('',(-9.636691168479,27.559090995754,
    55.391974977141));
#4992 = CARTESIAN_POINT('',(-9.713927949981,27.644741647826,
    55.380515323571));
#4993 = CARTESIAN_POINT('',(-9.797313780489,27.726922139285,
    55.366955569056));
#4994 = CARTESIAN_POINT('',(-9.886923501199,27.804941552238,
    55.350734874742));
#4995 = CARTESIAN_POINT('',(-9.982714465614,27.877961264437,
    55.331220093736));
#4996 = CARTESIAN_POINT('',(-10.08450119179,27.945006876711,
    55.307724956038));
#4997 = CARTESIAN_POINT('',(-10.22763151677,28.024895853328,
    55.27018247872));
#4998 = CARTESIAN_POINT('',(-10.26393308393,28.044028418443,
    55.260307208575));
#4999 = CARTESIAN_POINT('',(-10.30082507018,28.062329293329,
    55.249894984348));
#5000 = CARTESIAN_POINT('',(-10.33828280818,28.079753297286,55.238923212
    ));
#5001 = CARTESIAN_POINT('',(-10.37627623303,28.096253734668,
    55.227370894549));
#5002 = CARTESIAN_POINT('',(-10.4147695112,28.111783215997,
    55.215219408218));
#5003 = CARTESIAN_POINT('',(-10.45372066946,28.126294479081,
    55.202453278591));
#5004 = CARTESIAN_POINT('',(-10.51444526163,28.14703979815,
    55.181791900847));
#5005 = CARTESIAN_POINT('',(-10.5359298129,28.154024806333,
    55.174338455014));
#5006 = CARTESIAN_POINT('',(-10.55752699275,28.160688687353,
    55.1666987467));
#5007 = CARTESIAN_POINT('',(-10.57922836582,28.167024134008,
    55.158871354048));
#5008 = CARTESIAN_POINT('',(-10.60102494629,28.173024079229,
    55.150855305897));
#5009 = CARTESIAN_POINT('',(-10.62290719788,28.178681696074,
    55.142650081785));
#5010 = CARTESIAN_POINT('',(-10.64486503384,28.183990397731,
    55.134255611942));
#5011 = CARTESIAN_POINT('',(-10.71242364759,28.199185912452,
    55.10792478052));
#5012 = CARTESIAN_POINT('',(-10.75824228065,28.207910486844,
    55.089368051801));
#5013 = CARTESIAN_POINT('',(-10.80424345885,28.215060864603,
    55.07000844067));
#5014 = CARTESIAN_POINT('',(-10.85032260534,28.220589149596,
    55.049860667749));
#5015 = CARTESIAN_POINT('',(-10.89637132402,28.224457857279,
    55.02894886445));
#5016 = CARTESIAN_POINT('',(-10.94227789977,28.226641526339,
    55.007307612675));
#5017 = CARTESIAN_POINT('',(-10.98792779877,28.227128330323,
    54.984982984508));
#5018 = CARTESIAN_POINT('',(-11.067434235,28.225009438522,
    54.944683260469));
#5019 = CARTESIAN_POINT('',(-11.10145432294,28.223129205988,
    54.92697404797));
#5020 = CARTESIAN_POINT('',(-11.13521491201,28.220282294843,
    54.908930568889));
#5021 = CARTESIAN_POINT('',(-11.16866979805,28.216474808599,
    54.890579400788));
#5022 = CARTESIAN_POINT('',(-11.20177601662,28.211717343158,
    54.871948873378));
#5023 = CARTESIAN_POINT('',(-11.23449376635,28.206024678857,
    54.853068867587));
#5024 = CARTESIAN_POINT('',(-11.26678633229,28.199415472513,
    54.833970614616));
#5025 = CARTESIAN_POINT('',(-11.31300116908,28.18852216308,
    54.805974714474));
#5026 = CARTESIAN_POINT('',(-11.32728892899,28.184949789849,
    54.79722483749));
#5027 = CARTESIAN_POINT('',(-11.34148032504,28.181196862003,
    54.78843977329));
#5028 = CARTESIAN_POINT('',(-11.35557257689,28.177265513928,
    54.779622419074));
#5029 = CARTESIAN_POINT('',(-11.36956308784,28.173157982169,
    54.770775660014));
#5030 = CARTESIAN_POINT('',(-11.38344944474,28.168876605425,
    54.761902369251));
#5031 = CARTESIAN_POINT('',(-11.39722941806,28.164423824552,
    54.753005407897));
#5032 = CARTESIAN_POINT('',(-11.43292289295,28.152357706422,
    54.729722985384));
#5033 = CARTESIAN_POINT('',(-11.45466353677,28.14447504514,
    54.715304264257));
#5034 = CARTESIAN_POINT('',(-11.47611430088,28.136164741946,
    54.70084332373));
#5035 = CARTESIAN_POINT('',(-11.49726791951,28.127437806634,
    54.686351748345));
#5036 = CARTESIAN_POINT('',(-11.5181183611,28.118305606449,
    54.671840806236));
#5037 = CARTESIAN_POINT('',(-11.5386607359,28.108779756975,
    54.657321410249));
#5038 = CARTESIAN_POINT('',(-11.55889120349,28.098872013031,
    54.642804079068));
#5039 = CARTESIAN_POINT('',(-11.61736048324,28.068697859624,
    54.600219160993));
#5040 = CARTESIAN_POINT('',(-11.65473312894,28.047415133915,
    54.57218578898));
#5041 = CARTESIAN_POINT('',(-11.69090630354,28.024830946084,
    54.544270707426));
#5042 = CARTESIAN_POINT('',(-11.72587390203,28.001030153716,
    54.516539792517));
#5043 = CARTESIAN_POINT('',(-11.759640389,27.976096015303,54.48905267336
    ));
#5044 = CARTESIAN_POINT('',(-11.79221895925,27.950108697219,
    54.46186253384));
#5045 = CARTESIAN_POINT('',(-11.82362969845,27.923143780695,
    54.435015914472));
#5046 = CARTESIAN_POINT('',(-11.89878555812,27.853934812972,
    54.36930702666));
#5047 = CARTESIAN_POINT('',(-11.94115260581,27.810608925238,
    54.330911004915));
#5048 = CARTESIAN_POINT('',(-11.98109024854,27.765515345629,
    54.293488644209));
#5049 = CARTESIAN_POINT('',(-12.0186988182,27.718860327393,
    54.257144673362));
#5050 = CARTESIAN_POINT('',(-12.05408493587,27.670832943865,
    54.221965321692));
#5051 = CARTESIAN_POINT('',(-12.08735883099,27.621603895334,
    54.188019285875));
#5052 = CARTESIAN_POINT('',(-12.11863166036,27.571324315905,
    54.155358696814));
#5053 = CARTESIAN_POINT('',(-12.21344587149,27.406100703348,
    54.054227736765));
#5054 = CARTESIAN_POINT('',(-12.26947515654,27.28755197762,
    53.991016554562));
#5055 = CARTESIAN_POINT('',(-12.31731812788,27.165930532204,
    53.934794716209));
#5056 = CARTESIAN_POINT('',(-12.35795207558,27.042556188082,
    53.885833215802));
#5057 = CARTESIAN_POINT('',(-12.39226043879,26.918644608311,
    53.844202811924));
#5058 = CARTESIAN_POINT('',(-12.42103107313,26.795277010372,
    53.809725817202));
#5059 = CARTESIAN_POINT('',(-12.44497599518,26.673107142763,
    53.782036355701));
#5060 = CARTESIAN_POINT('',(-12.47480667439,26.490359054044,
    53.749806838405));
#5061 = CARTESIAN_POINT('',(-12.4838117807,26.4287193376,53.740557710099
    ));
#5062 = CARTESIAN_POINT('',(-12.49177936439,26.367486611274,
    53.732942954295));
#5063 = CARTESIAN_POINT('',(-12.49878385651,26.306640215183,
    53.726904367193));
#5064 = CARTESIAN_POINT('',(-12.50488897181,26.246121324082,
    53.722390108805));
#5065 = CARTESIAN_POINT('',(-12.51014535399,26.185839852018,
    53.719361657683));
#5066 = CARTESIAN_POINT('',(-12.51458899292,26.125684478036,
    53.71779847642));
#5067 = CARTESIAN_POINT('',(-12.52389107063,25.972454341397,
    53.717548593781));
#5068 = CARTESIAN_POINT('',(-12.52764553457,25.879372055323,
    53.72090522579));
#5069 = CARTESIAN_POINT('',(-12.5295770789,25.785868988075,
    53.727772143084));
#5070 = CARTESIAN_POINT('',(-12.529668327,25.691556847875,
    53.738258529173));
#5071 = CARTESIAN_POINT('',(-12.52781631279,25.596188402693,
    53.752577462808));
#5072 = CARTESIAN_POINT('',(-12.52385088093,25.499742651224,
    53.770980715784));
#5073 = CARTESIAN_POINT('',(-12.51756074863,25.402448577337,
    53.793675611594));
#5074 = CARTESIAN_POINT('',(-12.50250207541,25.235939274085,
    53.839830488269));
#5075 = CARTESIAN_POINT('',(-12.4950197997,25.166940027991,
    53.861072598765));
#5076 = CARTESIAN_POINT('',(-12.48619455489,25.097837923772,
    53.884536570233));
#5077 = CARTESIAN_POINT('',(-12.47593868825,25.028777475019,
    53.910250012034));
#5078 = CARTESIAN_POINT('',(-12.46415733304,24.959913306732,
    53.938224184058));
#5079 = CARTESIAN_POINT('',(-12.45074745253,24.891403494046,
    53.968454400118));
#5080 = CARTESIAN_POINT('',(-12.43559565804,24.823405285142,
    54.000922333683));
#5081 = CARTESIAN_POINT('',(-12.39344080703,24.656646723955,
    54.086807630737));
#5082 = CARTESIAN_POINT('',(-12.36424779245,24.558737459874,
    54.14280044358));
#5083 = CARTESIAN_POINT('',(-12.33057053106,24.462745869455,
    54.203526809812));
#5084 = CARTESIAN_POINT('',(-12.29192575466,24.369159427046,
    54.268864282947));
#5085 = CARTESIAN_POINT('',(-12.24776319707,24.278546126761,
    54.338603994661));
#5086 = CARTESIAN_POINT('',(-12.19747500653,24.191546949795,
    54.412435512304));
#5087 = CARTESIAN_POINT('',(-12.14038826905,24.108882761723,
    54.489941926094));
#5088 = CARTESIAN_POINT('',(-12.0505002488,24.001194736879,
    54.602050667908));
#5089 = CARTESIAN_POINT('',(-12.02415040583,23.971794363741,
    54.633956413483));
#5090 = CARTESIAN_POINT('',(-11.99661378965,23.943243001425,
    54.666296826379));
#5091 = CARTESIAN_POINT('',(-11.96784953078,23.915599700763,
    54.69903000068));
#5092 = CARTESIAN_POINT('',(-11.93781903701,23.888928899971,
    54.732107148199));
#5093 = CARTESIAN_POINT('',(-11.90648707292,23.863299780827,
    54.765472503583));
#5094 = CARTESIAN_POINT('',(-11.87382283949,23.838785624863,
    54.799063229421));
#5095 = CARTESIAN_POINT('',(-11.81160308283,23.796133028667,
    54.860778791199));
#5096 = CARTESIAN_POINT('',(-11.78247368175,23.777622329819,
    54.888853851146));
#5097 = CARTESIAN_POINT('',(-11.75239967559,23.759975125165,
    54.916993932674));
#5098 = CARTESIAN_POINT('',(-11.72137195539,23.743238036061,
    54.945153632847));
#5099 = CARTESIAN_POINT('',(-11.6893865936,23.727459341055,
    54.973283054375));
#5100 = CARTESIAN_POINT('',(-11.65644595965,23.712688063895,
    55.001328145677));
#5101 = CARTESIAN_POINT('',(-11.6225598355,23.698973061532,
    55.029231040945));
#5102 = CARTESIAN_POINT('',(-11.56869101371,23.679459343974,
    55.07209200691));
#5103 = CARTESIAN_POINT('',(-11.54935789856,23.672887317369,
    55.087192593081));
#5104 = CARTESIAN_POINT('',(-11.52975026764,23.666654039059,
    55.102221897147));
#5105 = CARTESIAN_POINT('',(-11.5098720971,23.66076723456,
    55.117169471764));
#5106 = CARTESIAN_POINT('',(-11.48972825743,23.65523434815,
    55.132024683826));
#5107 = CARTESIAN_POINT('',(-11.46932451345,23.650062542868,
    55.146776714465));
#5108 = CARTESIAN_POINT('',(-11.4486675243,23.645258700521,
    55.161414559049));
#5109 = CARTESIAN_POINT('',(-11.38572198346,23.631920538089,
    55.205116855523));
#5110 = CARTESIAN_POINT('',(-11.34268005628,23.624525657526,
    55.233803361446));
#5111 = CARTESIAN_POINT('',(-11.29870769036,23.618698982217,
    55.261891476167));
#5112 = CARTESIAN_POINT('',(-11.25388458451,23.614485503546,
    55.289289553539));
#5113 = CARTESIAN_POINT('',(-11.20830218887,23.611919435379,
    55.315910746597));
#5114 = CARTESIAN_POINT('',(-11.16206438601,23.611022647398,
    55.341674384108));
#5115 = CARTESIAN_POINT('',(-11.11528817196,23.611803098437,
    55.366507347112));
#5116 = CARTESIAN_POINT('',(-11.02222181182,23.616635866543,
    55.413526099574));
#5117 = CARTESIAN_POINT('',(-10.97594497175,23.620597804395,
    55.435770480634));
#5118 = CARTESIAN_POINT('',(-10.92939326414,23.626132518779,
    55.457019268029));
#5119 = CARTESIAN_POINT('',(-10.88268373405,23.633220462942,
    55.477228449196));
#5120 = CARTESIAN_POINT('',(-10.83593054794,23.64183053349,
    55.496367966205));
#5121 = CARTESIAN_POINT('',(-10.7892445172,23.651921495926,
    55.514420362345));
#5122 = CARTESIAN_POINT('',(-10.74273262161,23.663443410172,
    55.531379428708));
#5123 = CARTESIAN_POINT('',(-10.67392238742,23.682635596034,
    55.554997392433));
#5124 = CARTESIAN_POINT('',(-10.65141197269,23.689260028019,
    55.562486529827));
#5125 = CARTESIAN_POINT('',(-10.62897749679,23.696205812915,
    55.569717032447));
#5126 = CARTESIAN_POINT('',(-10.60662958644,23.703466244239,
    55.576690181028));
#5127 = CARTESIAN_POINT('',(-10.584378287,23.711034448164,
    55.583407767543));
#5128 = CARTESIAN_POINT('',(-10.56223306246,23.718903383519,
    55.589872095205));
#5129 = CARTESIAN_POINT('',(-10.54020279544,23.72706584179,
    55.596085978469));
#5130 = CARTESIAN_POINT('',(-10.47808073215,23.751023690747,
    55.613006030766));
#5131 = CARTESIAN_POINT('',(-10.43828139492,23.767497290925,
    55.623126219422));
#5132 = CARTESIAN_POINT('',(-10.39894824672,23.784890498159,
    55.632433553759));
#5133 = CARTESIAN_POINT('',(-10.36012500049,23.803158288392,
    55.640952436762));
#5134 = CARTESIAN_POINT('',(-10.32184899408,23.82225605851,
    55.648710488835));
#5135 = CARTESIAN_POINT('',(-10.2841515734,23.842140321846,
    55.655737606988));
#5136 = CARTESIAN_POINT('',(-10.24705847565,23.862769403684,
    55.662065024035));
#5137 = CARTESIAN_POINT('',(-10.09990905081,23.948855041648,
    55.684900473386));
#5138 = CARTESIAN_POINT('',(-9.995119296482,24.020025608841,
    55.695902246536));
#5139 = CARTESIAN_POINT('',(-9.896583450394,24.096601743466,
    55.701672380814));
#5140 = CARTESIAN_POINT('',(-9.804500470679,24.177700913694,
    55.703106015665));
#5141 = CARTESIAN_POINT('',(-9.718918259383,24.262570897756,
    55.701016651678));
#5142 = CARTESIAN_POINT('',(-9.639758590748,24.350598608165,
    55.696115039354));
#5143 = CARTESIAN_POINT('',(-9.566854481051,24.441328993141,
    55.689001041365));
#5144 = CARTESIAN_POINT('',(-9.5,24.534494015252,55.680168468301));
#5145 = ORIENTED_EDGE('',*,*,#5146,.F.);
#5146 = EDGE_CURVE('',#5147,#4986,#5149,.T.);
#5147 = VERTEX_POINT('',#5148);
#5148 = CARTESIAN_POINT('',(-11.87544522598,34.768428812709,
    53.689722142554));
#5149 = B_SPLINE_CURVE_WITH_KNOTS('',5,(#5150,#5151,#5152,#5153,#5154,
    #5155),.UNSPECIFIED.,.F.,.F.,(6,6),(0.,1.),
  .PIECEWISE_BEZIER_KNOTS.);
#5150 = CARTESIAN_POINT('',(-11.82125068947,35.904082711913,
    53.63020177439));
#5151 = CARTESIAN_POINT('',(-11.91834538194,33.894324204634,
    53.735691337474));
#5152 = CARTESIAN_POINT('',(-12.01014967588,31.884320496337,
    53.840435183791));
#5153 = CARTESIAN_POINT('',(-12.09710477572,29.874137819595,
    53.945014604703));
#5154 = CARTESIAN_POINT('',(-12.17966390451,27.863826267599,
    54.049817655697));
#5155 = CARTESIAN_POINT('',(-12.25823754372,25.853423633762,
    54.155117565764));
#5156 = ORIENTED_EDGE('',*,*,#5157,.F.);
#5157 = EDGE_CURVE('',#4880,#5147,#5158,.T.);
#5158 = B_SPLINE_CURVE_WITH_KNOTS('',7,(#5159,#5160,#5161,#5162,#5163,
    #5164,#5165,#5166,#5167,#5168,#5169,#5170,#5171,#5172,#5173,#5174,
    #5175,#5176,#5177,#5178,#5179,#5180,#5181,#5182,#5183,#5184,#5185,
    #5186,#5187,#5188,#5189,#5190,#5191,#5192,#5193,#5194,#5195,#5196,
    #5197,#5198,#5199,#5200,#5201,#5202,#5203,#5204,#5205,#5206,#5207,
    #5208,#5209,#5210,#5211,#5212,#5213,#5214,#5215,#5216,#5217,#5218,
    #5219,#5220,#5221,#5222,#5223,#5224,#5225,#5226,#5227,#5228,#5229,
    #5230,#5231,#5232,#5233,#5234,#5235,#5236,#5237,#5238,#5239,#5240,
    #5241,#5242,#5243,#5244,#5245,#5246,#5247,#5248,#5249,#5250,#5251,
    #5252,#5253,#5254,#5255,#5256,#5257,#5258,#5259,#5260,#5261,#5262,
    #5263,#5264,#5265,#5266,#5267,#5268,#5269,#5270,#5271,#5272,#5273,
    #5274,#5275,#5276,#5277,#5278,#5279,#5280,#5281,#5282,#5283,#5284,
    #5285,#5286),.UNSPECIFIED.,.F.,.F.,(8,6,6,6,6,6,6,6,6,6,6,6,6,6,6,6,
    6,6,6,6,6,8),(0.,7.418191947911E-02,0.102773251375,0.118676151751,
    0.15260990211,0.191741226569,0.210818761788,0.247160142948,
    0.298484046396,0.356647293113,0.47016479464,0.543330204801,
    0.644329775291,0.697991259521,0.74882365149,0.785890683241,
    0.805465553417,0.845171364558,0.878805719279,0.8952789089,
    0.924337515523,1.),.UNSPECIFIED.);
#5159 = CARTESIAN_POINT('',(-9.5,37.215503984125,54.477936723589));
#5160 = CARTESIAN_POINT('',(-9.557537551967,37.283730408699,
    54.471468471167));
#5161 = CARTESIAN_POINT('',(-9.619653984041,37.349508742615,
    54.464038085328));
#5162 = CARTESIAN_POINT('',(-9.686453233861,37.412478838805,
    54.455335345289));
#5163 = CARTESIAN_POINT('',(-9.757984151793,37.472146641325,
    54.445007327847));
#5164 = CARTESIAN_POINT('',(-9.834204458758,37.527902237864,
    54.432654026236));
#5165 = CARTESIAN_POINT('',(-9.91494556087,37.579043054517,
    54.417849441329));
#5166 = CARTESIAN_POINT('',(-10.03261312296,37.642438764074,
    54.393381095915));
#5167 = CARTESIAN_POINT('',(-10.06596394361,37.659272251107,
    54.386151076308));
#5168 = CARTESIAN_POINT('',(-10.09990721328,37.675257223616,
    54.378476159715));
#5169 = CARTESIAN_POINT('',(-10.13441347768,37.690346309591,
    54.370335524028));
#5170 = CARTESIAN_POINT('',(-10.16944672334,37.704491403456,
    54.361710472618));
#5171 = CARTESIAN_POINT('',(-10.20496380301,37.717644874246,
    54.352585455284));
#5172 = CARTESIAN_POINT('',(-10.26090978846,37.736499807258,
    54.337589207042));
#5173 = CARTESIAN_POINT('',(-10.28103964526,37.742917889553,
    54.332071170627));
#5174 = CARTESIAN_POINT('',(-10.30129460478,37.749006997526,
    54.32639298127));
#5175 = CARTESIAN_POINT('',(-10.3216651503,37.754759451676,
    54.32055313821));
#5176 = CARTESIAN_POINT('',(-10.34214107512,37.760167916127,
    54.314550638605));
#5177 = CARTESIAN_POINT('',(-10.36271148263,37.765225398634,
    54.308384977542));
#5178 = CARTESIAN_POINT('',(-10.42743498927,37.779953836487,
    54.288551635279));
#5179 = CARTESIAN_POINT('',(-10.47188691024,37.788355200833,
    54.274303043946));
#5180 = CARTESIAN_POINT('',(-10.51660181687,37.79506412554,
    54.259312667509));
#5181 = CARTESIAN_POINT('',(-10.56145405699,37.800028103704,
    54.243593519927));
#5182 = CARTESIAN_POINT('',(-10.60631186341,37.80321002211,
    54.227170944852));
#5183 = CARTESIAN_POINT('',(-10.65103815869,37.804590843765,
    54.210084224851));
#5184 = CARTESIAN_POINT('',(-10.74675338149,37.803689627963,
    54.171981685307));
#5185 = CARTESIAN_POINT('',(-10.79766379966,37.800813990067,
    54.150760345551));
#5186 = CARTESIAN_POINT('',(-10.84800198244,37.795547214387,
    54.128808542697));
#5187 = CARTESIAN_POINT('',(-10.89757315602,37.787928116716,
    54.106225224462));
#5188 = CARTESIAN_POINT('',(-10.9462074173,37.778027058306,
    54.083120483447));
#5189 = CARTESIAN_POINT('',(-10.99375874646,37.765940513195,
    54.059612125662));
#5190 = CARTESIAN_POINT('',(-11.06269854153,37.744884765697,
    54.024224052514));
#5191 = CARTESIAN_POINT('',(-11.08500817625,37.737491652476,
    54.012557946891));
#5192 = CARTESIAN_POINT('',(-11.10702006794,37.729619651033,
    54.000837465199));
#5193 = CARTESIAN_POINT('',(-11.12872308855,37.721282605293,
    53.989075815723));
#5194 = CARTESIAN_POINT('',(-11.15010783761,37.712494847947,
    53.977285872001));
#5195 = CARTESIAN_POINT('',(-11.17116664221,37.703271200455,
    53.965480172828));
#5196 = CARTESIAN_POINT('',(-11.23137689191,37.675255388863,
    53.931175119128));
#5197 = CARTESIAN_POINT('',(-11.26965470483,37.65535756668,
    53.908666702943));
#5198 = CARTESIAN_POINT('',(-11.30668720408,37.634037046965,
    53.88622827557));
#5199 = CARTESIAN_POINT('',(-11.34245382987,37.61139856678,
    53.86393579625));
#5200 = CARTESIAN_POINT('',(-11.37694999057,37.58754503665,
    53.841857841476));
#5201 = CARTESIAN_POINT('',(-11.41018379903,37.562574517447,
    53.820054864863));
#5202 = CARTESIAN_POINT('',(-11.4873499816,37.499861918203,
    53.768247934443));
#5203 = CARTESIAN_POINT('',(-11.53003855098,37.461103533067,
    53.738572616302));
#5204 = CARTESIAN_POINT('',(-11.57029654759,37.420552552322,
    53.709694377026));
#5205 = CARTESIAN_POINT('',(-11.60820217046,37.37844101654,
    53.681731276033));
#5206 = CARTESIAN_POINT('',(-11.64384817908,37.334979197625,
    53.654778545536));
#5207 = CARTESIAN_POINT('',(-11.67733628534,37.290352300028,
    53.628909578333));
#5208 = CARTESIAN_POINT('',(-11.74439581943,37.193000756648,
    53.576148416841));
#5209 = CARTESIAN_POINT('',(-11.77737802324,37.139998239183,
    53.549583923818));
#5210 = CARTESIAN_POINT('',(-11.8078702642,37.085941575116,
    53.524562445715));
#5211 = CARTESIAN_POINT('',(-11.83601823711,37.03104001145,
    53.501140668598));
#5212 = CARTESIAN_POINT('',(-11.86196099555,36.975477976824,
    53.479355048309));
#5213 = CARTESIAN_POINT('',(-11.88583072308,36.919412981687,
    53.459223903372));
#5214 = CARTESIAN_POINT('',(-11.95053735544,36.752820333861,
    53.404692937181));
#5215 = CARTESIAN_POINT('',(-11.9858884902,36.641275086988,
    53.374959041502));
#5216 = CARTESIAN_POINT('',(-12.01473442671,36.529304413207,
    53.351567927384));
#5217 = CARTESIAN_POINT('',(-12.03786547522,36.41752907307,
    53.334346525766));
#5218 = CARTESIAN_POINT('',(-12.0559266936,36.306104290965,
    53.323013211933));
#5219 = CARTESIAN_POINT('',(-12.06932411503,36.194842556055,
    53.317422864119));
#5220 = CARTESIAN_POINT('',(-12.08394072134,36.011682414913,
    53.317703381235));
#5221 = CARTESIAN_POINT('',(-12.08779575983,35.93985297801,
    53.320206602471));
#5222 = CARTESIAN_POINT('',(-12.08981847873,35.867907205495,
    53.32510753753));
#5223 = CARTESIAN_POINT('',(-12.09000441383,35.795780351718,
    53.332439711281));
#5224 = CARTESIAN_POINT('',(-12.08830726518,35.723443223391,
    53.342260246896));
#5225 = CARTESIAN_POINT('',(-12.08464496359,35.650919443991,
    53.354636665304));
#5226 = CARTESIAN_POINT('',(-12.07098839854,35.478033474798,
    53.390317640092));
#5227 = CARTESIAN_POINT('',(-12.05911517687,35.377575222282,
    53.415988856725));
#5228 = CARTESIAN_POINT('',(-12.04300212321,35.277163030903,
    53.446783911716));
#5229 = CARTESIAN_POINT('',(-12.02226636111,35.177210236164,
    53.482814927465));
#5230 = CARTESIAN_POINT('',(-11.99645102269,35.078298864853,
    53.524087383309));
#5231 = CARTESIAN_POINT('',(-11.96503577341,34.981090982402,
    53.570470738925));
#5232 = CARTESIAN_POINT('',(-11.90739350309,34.835975331221,
    53.648941178963));
#5233 = CARTESIAN_POINT('',(-11.88563683744,34.786316985608,
    53.677538377508));
#5234 = CARTESIAN_POINT('',(-11.86202759224,34.737457145717,
    53.70747097648));
#5235 = CARTESIAN_POINT('',(-11.83646435592,34.689516043601,
    53.7386898676));
#5236 = CARTESIAN_POINT('',(-11.80883959359,34.642626681661,
    53.771131548464));
#5237 = CARTESIAN_POINT('',(-11.77903935312,34.596934628818,
    53.8047172869));
#5238 = CARTESIAN_POINT('',(-11.71653874562,34.510598489891,
    53.872161288665));
#5239 = CARTESIAN_POINT('',(-11.68407827656,34.469821333752,
    53.905907068788));
#5240 = CARTESIAN_POINT('',(-11.64945870749,34.430398479144,
    53.94051075936));
#5241 = CARTESIAN_POINT('',(-11.61257910225,34.39248542255,
    53.975870297874));
#5242 = CARTESIAN_POINT('',(-11.57334571245,34.356258218816,
    54.011859690676));
#5243 = CARTESIAN_POINT('',(-11.53167724484,34.321910673914,
    54.04832827799));
#5244 = CARTESIAN_POINT('',(-11.45530342279,34.266128142856,
    54.111913975156));
#5245 = CARTESIAN_POINT('',(-11.42177107309,34.24371747325,54.1388866605
    ));
#5246 = CARTESIAN_POINT('',(-11.38689152159,34.222501561487,
    54.165948314788));
#5247 = CARTESIAN_POINT('',(-11.35065288506,34.202569793689,
    54.193018168634));
#5248 = CARTESIAN_POINT('',(-11.31305660529,34.18401587792,
    54.220005678687));
#5249 = CARTESIAN_POINT('',(-11.27412109931,34.166934812624,
    54.246811782845));
#5250 = CARTESIAN_POINT('',(-11.21263719079,34.143226501959,
    54.287334344031));
#5251 = CARTESIAN_POINT('',(-11.19102675789,34.135469891248,
    54.30125819293));
#5252 = CARTESIAN_POINT('',(-11.16906008265,34.128164092319,
    54.315085680502));
#5253 = CARTESIAN_POINT('',(-11.14674507691,34.12132263159,
    54.328800475801));
#5254 = CARTESIAN_POINT('',(-11.1240915926,34.11495849251,
    54.342385938603));
#5255 = CARTESIAN_POINT('',(-11.10111142176,34.109084115567,
    54.355825119413));
#5256 = CARTESIAN_POINT('',(-11.03057034936,34.09281333888,
    54.396029165723));
#5257 = CARTESIAN_POINT('',(-10.98202653114,34.083977058608,
    54.422289904993));
#5258 = CARTESIAN_POINT('',(-10.93231512945,34.07730315373,
    54.447732696031));
#5259 = CARTESIAN_POINT('',(-10.88158906593,34.07287177619,
    54.472215395233));
#5260 = CARTESIAN_POINT('',(-10.83002736272,34.070737425854,
    54.495608638501));
#5261 = CARTESIAN_POINT('',(-10.77783660884,34.070923742761,
    54.517800483102));
#5262 = CARTESIAN_POINT('',(-10.68070894581,34.075531410748,
    54.55640568886));
#5263 = CARTESIAN_POINT('',(-10.63587413083,34.079301183115,
    54.573187338808));
#5264 = CARTESIAN_POINT('',(-10.59088856688,34.084720555271,
    54.588991637592));
#5265 = CARTESIAN_POINT('',(-10.54588847433,34.091765104892,
    54.603782874475));
#5266 = CARTESIAN_POINT('',(-10.50100502472,34.100395310419,
    54.617541971468));
#5267 = CARTESIAN_POINT('',(-10.45636365681,34.110558812946,
    54.630264465029));
#5268 = CARTESIAN_POINT('',(-10.3903961267,34.127890627976,
    54.647685901162));
#5269 = CARTESIAN_POINT('',(-10.36879446186,34.133941583259,
    54.653166829401));
#5270 = CARTESIAN_POINT('',(-10.34729163957,34.140338255394,
    54.658402503577));
#5271 = CARTESIAN_POINT('',(-10.32590010081,34.147073054509,
    54.663394802215));
#5272 = CARTESIAN_POINT('',(-10.30463148593,34.154138089427,
    54.668146251267));
#5273 = CARTESIAN_POINT('',(-10.28349663467,34.161525167663,
    54.672660024113));
#5274 = CARTESIAN_POINT('',(-10.22547750372,34.18280965612,
    54.684489689982));
#5275 = CARTESIAN_POINT('',(-10.18889695495,34.19736932966,
    54.691311568799));
#5276 = CARTESIAN_POINT('',(-10.15281847068,34.212858924897,
    54.697426165165));
#5277 = CARTESIAN_POINT('',(-10.11728822968,34.229231538909,
    54.702858818913));
#5278 = CARTESIAN_POINT('',(-10.08234468803,34.246440357265,
    54.707638290719));
#5279 = CARTESIAN_POINT('',(-10.04801920855,34.264439754281,
    54.711795430258));
#5280 = CARTESIAN_POINT('',(-9.92663451478,34.331998688425,
    54.724648034701));
#5281 = CARTESIAN_POINT('',(-9.843343236995,34.38584817838,
    54.729923871241));
#5282 = CARTESIAN_POINT('',(-9.764809782677,34.444003547421,
    54.731767016141));
#5283 = CARTESIAN_POINT('',(-9.69121196692,34.50580678861,
    54.730761252276));
#5284 = CARTESIAN_POINT('',(-9.622592058811,34.570692722813,
    54.727443749597));
#5285 = CARTESIAN_POINT('',(-9.558893388971,34.638210092572,
    54.72227881775));
#5286 = CARTESIAN_POINT('',(-9.5,34.708044230842,54.715658144941));
#5287 = ORIENTED_EDGE('',*,*,#4879,.T.);
#5288 = ORIENTED_EDGE('',*,*,#5289,.T.);
#5289 = EDGE_CURVE('',#4871,#5290,#5292,.T.);
#5290 = VERTEX_POINT('',#5291);
#5291 = CARTESIAN_POINT('',(-11.81201477069,37.82912108514,
    48.906707737772));
#5292 = CIRCLE('',#5293,3.231471516329);
#5293 = AXIS2_PLACEMENT_3D('',#5294,#5295,#5296);
#5294 = CARTESIAN_POINT('',(-9.5,38.006803965825,51.157357581645));
#5295 = DIRECTION('',(0.,-0.996898148653,7.870248542001E-02));
#5296 = DIRECTION('',(0.,-7.870248542001E-02,-0.996898148653));
#5297 = ORIENTED_EDGE('',*,*,#5298,.T.);
#5298 = EDGE_CURVE('',#5290,#4869,#5299,.T.);
#5299 = B_SPLINE_CURVE_WITH_KNOTS('',8,(#5300,#5301,#5302,#5303,#5304,
    #5305,#5306,#5307,#5308,#5309,#5310,#5311,#5312,#5313,#5314,#5315,
    #5316,#5317,#5318,#5319,#5320,#5321,#5322,#5323,#5324,#5325,#5326,
    #5327,#5328,#5329,#5330,#5331,#5332,#5333,#5334,#5335,#5336,#5337,
    #5338,#5339,#5340,#5341,#5342,#5343,#5344,#5345,#5346,#5347,#5348,
    #5349,#5350,#5351,#5352,#5353,#5354,#5355,#5356,#5357,#5358,#5359,
    #5360,#5361,#5362,#5363,#5364,#5365,#5366,#5367,#5368,#5369,#5370,
    #5371,#5372,#5373,#5374,#5375,#5376,#5377,#5378,#5379,#5380,#5381,
    #5382,#5383,#5384,#5385,#5386,#5387,#5388,#5389,#5390,#5391,#5392,
    #5393,#5394,#5395,#5396,#5397,#5398,#5399,#5400,#5401,#5402,#5403,
    #5404,#5405,#5406,#5407,#5408,#5409,#5410,#5411,#5412,#5413,#5414,
    #5415,#5416,#5417,#5418,#5419,#5420,#5421,#5422,#5423,#5424,#5425,
    #5426,#5427,#5428,#5429,#5430,#5431,#5432,#5433,#5434),
  .UNSPECIFIED.,.F.,.F.,(9,7,7,7,7,7,7,7,7,7,7,7,7,7,7,7,7,7,7,9),(0.,
    1.038055745601E-02,3.056290076201E-02,0.10258579979,0.30025093866,
    0.368884434439,0.426989772466,0.452373168637,0.467547667349,
    0.500015812748,0.542957892305,0.565675400121,0.61120374078,
    0.680888826534,0.814931894458,0.889740218139,0.968688621466,
    0.983848250007,0.991921892392,1.),.UNSPECIFIED.);
#5300 = CARTESIAN_POINT('',(-12.69880272118,39.993111328798,
    50.91274349811));
#5301 = CARTESIAN_POINT('',(-12.69864347164,39.983482255879,
    50.902585888997));
#5302 = CARTESIAN_POINT('',(-12.69845278622,39.973596971319,
    50.892661870759));
#5303 = CARTESIAN_POINT('',(-12.69822831611,39.963557648121,
    50.882885777967));
#5304 = CARTESIAN_POINT('',(-12.69796827062,39.953440287921,
    50.873192431646));
#5305 = CARTESIAN_POINT('',(-12.69767141715,39.943294720988,
    50.863537139273));
#5306 = CARTESIAN_POINT('',(-12.69733708122,39.933144606224,
    50.853895694782));
#5307 = CARTESIAN_POINT('',(-12.69696514644,39.922987431165,
    50.844264378559));
#5308 = CARTESIAN_POINT('',(-12.69576067978,39.892976983383,
    50.815986613064));
#5309 = CARTESIAN_POINT('',(-12.69482396193,39.873099542961,
    50.797380481162));
#5310 = CARTESIAN_POINT('',(-12.69374480474,39.853198270553,
    50.778804057099));
#5311 = CARTESIAN_POINT('',(-12.6925229123,39.833280428087,
    50.76025051525));
#5312 = CARTESIAN_POINT('',(-12.69115801614,39.813351672825,
    50.741714668847));
#5313 = CARTESIAN_POINT('',(-12.68964981953,39.793417825157,
    50.723191060596));
#5314 = CARTESIAN_POINT('',(-12.68799813673,39.773479771839,
    50.704679390911));
#5315 = CARTESIAN_POINT('',(-12.67979551066,39.682383134519,
    50.620151436244));
#5316 = CARTESIAN_POINT('',(-12.67155786,39.611205993775,50.554252506178
    ));
#5317 = CARTESIAN_POINT('',(-12.66147933205,39.540092998848,
    50.488424395012));
#5318 = CARTESIAN_POINT('',(-12.6495485034,39.469044577751,50.4227029909
    ));
#5319 = CARTESIAN_POINT('',(-12.63574926875,39.398103753164,
    50.357080110769));
#5320 = CARTESIAN_POINT('',(-12.62006287103,39.327280711641,
    50.291584849379));
#5321 = CARTESIAN_POINT('',(-12.60246614763,39.256603383541,
    50.226229185441));
#5322 = CARTESIAN_POINT('',(-12.52931986161,38.99257985825,
    49.982108051537));
#5323 = CARTESIAN_POINT('',(-12.4611810358,38.800576370102,
    49.804620381593));
#5324 = CARTESIAN_POINT('',(-12.37794039823,38.610270465939,
    49.628707264579));
#5325 = CARTESIAN_POINT('',(-12.27870342286,38.422137548652,
    49.454815952202));
#5326 = CARTESIAN_POINT('',(-12.1623906694,38.236948044882,
    49.283646056688));
#5327 = CARTESIAN_POINT('',(-12.02753856618,38.05582142809,
    49.116236604568));
#5328 = CARTESIAN_POINT('',(-11.87247990226,37.880192537031,
    48.953910104333));
#5329 = CARTESIAN_POINT('',(-11.63226572524,37.653770022629,
    48.744639366062));
#5330 = CARTESIAN_POINT('',(-11.56758611594,37.596357422806,
    48.691576033321));
#5331 = CARTESIAN_POINT('',(-11.5000234414,37.539980537679,
    48.639470122336));
#5332 = CARTESIAN_POINT('',(-11.4294624065,37.484756214586,
    48.588429602916));
#5333 = CARTESIAN_POINT('',(-11.35578822111,37.430825535979,
    48.538584846792));
#5334 = CARTESIAN_POINT('',(-11.27888682839,37.378354057295,
    48.490088846398));
#5335 = CARTESIAN_POINT('',(-11.19864373166,37.327532751491,
    48.443118087203));
#5336 = CARTESIAN_POINT('',(-11.04407877362,37.237135815912,
    48.359570346329));
#5337 = CARTESIAN_POINT('',(-10.97075178766,37.197039747049,
    48.322512334979));
#5338 = CARTESIAN_POINT('',(-10.89488978138,37.158422411419,
    48.28682106472));
#5339 = CARTESIAN_POINT('',(-10.81644159343,37.121440615369,
    48.252641451351));
#5340 = CARTESIAN_POINT('',(-10.73537922065,37.086274928942,
    48.220140374103));
#5341 = CARTESIAN_POINT('',(-10.65170311501,37.053126178308,
    48.189503433708));
#5342 = CARTESIAN_POINT('',(-10.56544913846,37.022210515516,
    48.160930395756));
#5343 = CARTESIAN_POINT('',(-10.43792575978,36.981321389751,
    48.123139658212));
#5344 = CARTESIAN_POINT('',(-10.39868037035,36.969359716884,
    48.112084389348));
#5345 = CARTESIAN_POINT('',(-10.35896940758,36.957887167253,
    48.101481183584));
#5346 = CARTESIAN_POINT('',(-10.31880357647,36.946923293251,
    48.091348111154));
#5347 = CARTESIAN_POINT('',(-10.27819609481,36.936487816684,
    48.081703398883));
#5348 = CARTESIAN_POINT('',(-10.237162901,36.926600366072,
    48.072565187403));
#5349 = CARTESIAN_POINT('',(-10.19572286194,36.917280213949,
    48.063951288361));
#5350 = CARTESIAN_POINT('',(-10.12889456521,36.903324604764,
    48.051053195925));
#5351 = CARTESIAN_POINT('',(-10.103753613,36.898312570601,
    48.046420960231));
#5352 = CARTESIAN_POINT('',(-10.07847985021,36.893513950386,
    48.041985967122));
#5353 = CARTESIAN_POINT('',(-10.05307838519,36.888932635742,
    48.037751813234));
#5354 = CARTESIAN_POINT('',(-10.02755470863,36.884572371202,
    48.033721959267));
#5355 = CARTESIAN_POINT('',(-10.00191469353,36.880436754213,
    48.02989972998));
#5356 = CARTESIAN_POINT('',(-9.976164595272,36.876529235134,
    48.026288314196));
#5357 = CARTESIAN_POINT('',(-9.894993466832,36.864987504483,
    48.015621191692));
#5358 = CARTESIAN_POINT('',(-9.839199009485,36.85818069297,
    48.009330187487));
#5359 = CARTESIAN_POINT('',(-9.782996805279,36.852465263525,
    48.00404786343));
#5360 = CARTESIAN_POINT('',(-9.726460347512,36.847868642328,
    47.999799566839));
#5361 = CARTESIAN_POINT('',(-9.669667550211,36.844412393162,
    47.996605227002));
#5362 = CARTESIAN_POINT('',(-9.612700801373,36.842111509672,
    47.994478701075));
#5363 = CARTESIAN_POINT('',(-9.555647016198,36.840973707621,
    47.993427119984));
#5364 = CARTESIAN_POINT('',(-9.423144760682,36.841031794518,
    47.993480805142));
#5365 = CARTESIAN_POINT('',(-9.347685200342,36.843099007338,
    47.995391367629));
#5366 = CARTESIAN_POINT('',(-9.272436482215,36.847200606676,
    47.999182153812));
#5367 = CARTESIAN_POINT('',(-9.197598240397,36.853311916042,
    48.004830357621));
#5368 = CARTESIAN_POINT('',(-9.123352839299,36.861386762627,
    48.012293306059));
#5369 = CARTESIAN_POINT('',(-9.049865942771,36.871360908545,
    48.021511630376));
#5370 = CARTESIAN_POINT('',(-8.97728708323,36.883155482077,
    48.032412437249));
#5371 = CARTESIAN_POINT('',(-8.867905323845,36.903835456696,
    48.051525336643));
#5372 = CARTESIAN_POINT('',(-8.830348667987,36.911475390603,
    48.058586337219));
#5373 = CARTESIAN_POINT('',(-8.793098061879,36.919587359184,
    48.066083604378));
#5374 = CARTESIAN_POINT('',(-8.756169211662,36.928157947396,
    48.074004739945));
#5375 = CARTESIAN_POINT('',(-8.719575849836,36.937173344501,
    48.082336980058));
#5376 = CARTESIAN_POINT('',(-8.683329854149,36.946619511971,
    48.09106735034));
#5377 = CARTESIAN_POINT('',(-8.647441366487,36.956482351389,
    48.100182821078));
#5378 = CARTESIAN_POINT('',(-8.540728073702,36.987321085711,
    48.128684720885));
#5379 = CARTESIAN_POINT('',(-8.471011707437,37.009510564291,
    48.14919278105));
#5380 = CARTESIAN_POINT('',(-8.402831570716,37.033204496492,
    48.171091307117));
#5381 = CARTESIAN_POINT('',(-8.336228090475,37.058293127145,
    48.194278864065));
#5382 = CARTESIAN_POINT('',(-8.271222916449,37.084670906485,
    48.218657903753));
#5383 = CARTESIAN_POINT('',(-8.207821474782,37.11223863912,
    48.24413675105));
#5384 = CARTESIAN_POINT('',(-8.146015521636,37.140905633012,
    48.270631589969));
#5385 = CARTESIAN_POINT('',(-7.993598710694,37.216029183478,
    48.340062950396));
#5386 = CARTESIAN_POINT('',(-7.905126421485,37.263842591142,
    48.384253548948));
#5387 = CARTESIAN_POINT('',(-7.820281222745,37.313749069846,
    48.43037870294));
#5388 = CARTESIAN_POINT('',(-7.738962859243,37.365497760079,
    48.478206576849));
#5389 = CARTESIAN_POINT('',(-7.661060223053,37.418870258304,
    48.527535332927));
#5390 = CARTESIAN_POINT('',(-7.586453149669,37.473680930857,
    48.578193421986));
#5391 = CARTESIAN_POINT('',(-7.515014214103,37.529777227839,
    48.630039874189));
#5392 = CARTESIAN_POINT('',(-7.315032299352,37.69718806063,
    48.784768170595));
#5393 = CARTESIAN_POINT('',(-7.194794101846,37.811560937928,
    48.890477095853));
#5394 = CARTESIAN_POINT('',(-7.084912718536,37.929310346808,
    48.999307539081));
#5395 = CARTESIAN_POINT('',(-6.984674428904,38.049778197754,
    49.110651476236));
#5396 = CARTESIAN_POINT('',(-6.893474651759,38.172442176384,
    49.224026483683));
#5397 = CARTESIAN_POINT('',(-6.810776895928,38.296901014312,
    49.339062100751));
#5398 = CARTESIAN_POINT('',(-6.736121093337,38.422875059554,
    49.455500466502));
#5399 = CARTESIAN_POINT('',(-6.631713830897,38.621255498756,
    49.638869900661));
#5400 = CARTESIAN_POINT('',(-6.596708892116,38.692712181586,
    49.70492068141));
#5401 = CARTESIAN_POINT('',(-6.564032620115,38.764525857229,
    49.771302815391));
#5402 = CARTESIAN_POINT('',(-6.53362876208,38.836658282468,
    49.837981207198));
#5403 = CARTESIAN_POINT('',(-6.505447955599,38.909074669113,
    49.904924045867));
#5404 = CARTESIAN_POINT('',(-6.479446918215,38.981743433297,
    49.972102717632));
#5405 = CARTESIAN_POINT('',(-6.455587636993,39.054635944769,
    50.039491718664));
#5406 = CARTESIAN_POINT('',(-6.410881720072,39.204861609279,
    50.178385288765));
#5407 = CARTESIAN_POINT('',(-6.390275448117,39.28221539811,
    50.249910137336));
#5408 = CARTESIAN_POINT('',(-6.371978686322,39.359758830056,
    50.321613991939));
#5409 = CARTESIAN_POINT('',(-6.355958775528,39.437454321482,
    50.39348053116));
#5410 = CARTESIAN_POINT('',(-6.342189506968,39.515289740446,
    50.465469111407));
#5411 = CARTESIAN_POINT('',(-6.330648594448,39.593207855484,
    50.537590619655));
#5412 = CARTESIAN_POINT('',(-6.321320472568,39.671211518978,
    50.609794011041));
#5413 = CARTESIAN_POINT('',(-6.312822516136,39.76417055352,
    50.696040051902));
#5414 = CARTESIAN_POINT('',(-6.311534689261,39.779144419165,
    50.709938629846));
#5415 = CARTESIAN_POINT('',(-6.310327843791,39.794116564171,
    50.723843431803));
#5416 = CARTESIAN_POINT('',(-6.309201886335,39.809086138501,
    50.737755046878));
#5417 = CARTESIAN_POINT('',(-6.308156723052,39.824052028217,
    50.751674340653));
#5418 = CARTESIAN_POINT('',(-6.307192246227,39.839012394764,
    50.765602948609));
#5419 = CARTESIAN_POINT('',(-6.306308320849,39.853964214241,
    50.779543769548));
#5420 = CARTESIAN_POINT('',(-6.305076820555,39.876858746058,
    50.800934978445));
#5421 = CARTESIAN_POINT('',(-6.304671857641,39.884806635289,
    50.808369904404));
#5422 = CARTESIAN_POINT('',(-6.304289872248,39.892745935963,
    50.815806220861));
#5423 = CARTESIAN_POINT('',(-6.303930834964,39.900674893332,
    50.823244021364));
#5424 = CARTESIAN_POINT('',(-6.303594697161,39.908590546322,
    50.83068350904));
#5425 = CARTESIAN_POINT('',(-6.303281390995,39.916488727533,
    50.838124996597));
#5426 = CARTESIAN_POINT('',(-6.302990829408,39.924364063235,
    50.845568906325));
#5427 = CARTESIAN_POINT('',(-6.302454834663,39.940060222789,
    50.860466752433));
#5428 = CARTESIAN_POINT('',(-6.302209327635,39.947862313329,
    50.867918490105));
#5429 = CARTESIAN_POINT('',(-6.301986558138,39.955632891562,
    50.875370164803));
#5430 = CARTESIAN_POINT('',(-6.301786377079,39.963367398353,
    50.882823023153));
#5431 = CARTESIAN_POINT('',(-6.301608313179,39.971040068863,
    50.890280376709));
#5432 = CARTESIAN_POINT('',(-6.30145157297,39.978603932553,
    50.897747601956));
#5433 = CARTESIAN_POINT('',(-6.301315040795,39.985990813179,
    50.905232140309));
#5434 = CARTESIAN_POINT('',(-6.301197278811,39.993111328798,
    50.91274349811));
#5435 = CONICAL_SURFACE('',#5436,3.8,1.573919730499E-02);
#5436 = AXIS2_PLACEMENT_3D('',#5437,#5438,#5439);
#5437 = CARTESIAN_POINT('',(-9.5,2.,54.));
#5438 = DIRECTION('',(-0.,-0.996898148653,7.870248542001E-02));
#5439 = DIRECTION('',(0.,7.870248542001E-02,0.996898148653));
#5440 = ADVANCED_FACE('',(#5441,#5445),#5465,.T.);
#5441 = FACE_BOUND('',#5442,.T.);
#5442 = VERTEX_LOOP('',#5443);
#5443 = VERTEX_POINT('',#5444);
#5444 = CARTESIAN_POINT('',(9.5,2.,58.5));
#5445 = FACE_BOUND('',#5446,.T.);
#5446 = EDGE_LOOP('',(#5447,#5448,#5449,#5458));
#5447 = ORIENTED_EDGE('',*,*,#4326,.T.);
#5448 = ORIENTED_EDGE('',*,*,#4456,.T.);
#5449 = ORIENTED_EDGE('',*,*,#5450,.T.);
#5450 = EDGE_CURVE('',#4338,#5451,#5453,.T.);
#5451 = VERTEX_POINT('',#5452);
#5452 = CARTESIAN_POINT('',(9.5,4.758981667015,57.55499931942));
#5453 = CIRCLE('',#5454,3.761110954416);
#5454 = AXIS2_PLACEMENT_3D('',#5455,#5456,#5457);
#5455 = CARTESIAN_POINT('',(9.5,4.462972886962,53.805554772082));
#5456 = DIRECTION('',(0.,-0.996898148653,7.870248542001E-02));
#5457 = DIRECTION('',(0.,-7.870248542001E-02,-0.996898148653));
#5458 = ORIENTED_EDGE('',*,*,#5459,.T.);
#5459 = EDGE_CURVE('',#5451,#4327,#5460,.T.);
#5460 = CIRCLE('',#5461,3.761110954416);
#5461 = AXIS2_PLACEMENT_3D('',#5462,#5463,#5464);
#5462 = CARTESIAN_POINT('',(9.5,4.462972886962,53.805554772082));
#5463 = DIRECTION('',(0.,-0.996898148653,7.870248542001E-02));
#5464 = DIRECTION('',(0.,-7.870248542001E-02,-0.996898148653));
#5465 = SPHERICAL_SURFACE('',#5466,4.5);
#5466 = AXIS2_PLACEMENT_3D('',#5467,#5468,#5469);
#5467 = CARTESIAN_POINT('',(9.5,2.,54.));
#5468 = DIRECTION('',(0.,0.,1.));
#5469 = DIRECTION('',(1.,0.,-0.));
#5470 = ADVANCED_FACE('',(#5471),#5861,.T.);
#5471 = FACE_BOUND('',#5472,.T.);
#5472 = EDGE_LOOP('',(#5473,#5484,#5492,#5565,#5638,#5647,#5648,#5649,
    #5655,#5656,#5657,#5658,#5659,#5660,#5668,#5678,#5713,#5714,#5723));
#5473 = ORIENTED_EDGE('',*,*,#5474,.T.);
#5474 = EDGE_CURVE('',#5475,#5477,#5479,.T.);
#5475 = VERTEX_POINT('',#5476);
#5476 = CARTESIAN_POINT('',(11.812014741719,37.829121081182,
    48.906707731459));
#5477 = VERTEX_POINT('',#5478);
#5478 = CARTESIAN_POINT('',(9.5,38.261128805724,54.3788055537));
#5479 = CIRCLE('',#5480,3.231471516329);
#5480 = AXIS2_PLACEMENT_3D('',#5481,#5482,#5483);
#5481 = CARTESIAN_POINT('',(9.5,38.006803965825,51.157357581645));
#5482 = DIRECTION('',(0.,-0.996898148653,7.870248542001E-02));
#5483 = DIRECTION('',(0.,-7.870248542001E-02,-0.996898148653));
#5484 = ORIENTED_EDGE('',*,*,#5485,.F.);
#5485 = EDGE_CURVE('',#5486,#5477,#5488,.T.);
#5486 = VERTEX_POINT('',#5487);
#5487 = CARTESIAN_POINT('',(9.5,37.215503984125,54.477936723589));
#5488 = LINE('',#5489,#5490);
#5489 = CARTESIAN_POINT('',(9.5,2.299069444596,57.788212964883));
#5490 = VECTOR('',#5491,1.);
#5491 = DIRECTION('',(3.854832360864E-18,0.995536011431,
    -9.438246629285E-02));
#5492 = ORIENTED_EDGE('',*,*,#5493,.F.);
#5493 = EDGE_CURVE('',#5494,#5486,#5496,.T.);
#5494 = VERTEX_POINT('',#5495);
#5495 = CARTESIAN_POINT('',(12.083790846024,36.,53.319108152773));
#5496 = B_SPLINE_CURVE_WITH_KNOTS('',7,(#5497,#5498,#5499,#5500,#5501,
    #5502,#5503,#5504,#5505,#5506,#5507,#5508,#5509,#5510,#5511,#5512,
    #5513,#5514,#5515,#5516,#5517,#5518,#5519,#5520,#5521,#5522,#5523,
    #5524,#5525,#5526,#5527,#5528,#5529,#5530,#5531,#5532,#5533,#5534,
    #5535,#5536,#5537,#5538,#5539,#5540,#5541,#5542,#5543,#5544,#5545,
    #5546,#5547,#5548,#5549,#5550,#5551,#5552,#5553,#5554,#5555,#5556,
    #5557,#5558,#5559,#5560,#5561,#5562,#5563,#5564),.UNSPECIFIED.,.F.,
  .F.,(8,6,6,6,6,6,6,6,6,6,6,8),(0.,2.545119413908E-02,0.187781516571,
    0.379848658392,0.486911978634,0.563282698261,0.602842118155,
    0.683575964838,0.75254694215,0.786376354666,0.845641086068,1.),
  .UNSPECIFIED.);
#5497 = CARTESIAN_POINT('',(12.083790846024,36.,53.319108152773));
#5498 = CARTESIAN_POINT('',(12.083140629707,36.0120573469,
    53.318688911943));
#5499 = CARTESIAN_POINT('',(12.082438276839,36.024111866112,
    53.318337375172));
#5500 = CARTESIAN_POINT('',(12.081683732937,36.036163854584,
    53.318053435276));
#5501 = CARTESIAN_POINT('',(12.080876908971,36.048213614033,
    53.317837006191));
#5502 = CARTESIAN_POINT('',(12.080017681362,36.060261450949,
    53.317688022973));
#5503 = CARTESIAN_POINT('',(12.079105891987,36.072307676593,
    53.317606441798));
#5504 = CARTESIAN_POINT('',(12.071989388989,36.161176406523,
    53.317501659182));
#5505 = CARTESIAN_POINT('',(12.063691686116,36.237943167582,
    53.320152188423));
#5506 = CARTESIAN_POINT('',(12.053197939919,36.314743655003,
    53.325536945861));
#5507 = CARTESIAN_POINT('',(12.040399561078,36.391650001488,
    53.333688463252));
#5508 = CARTESIAN_POINT('',(12.025134349195,36.46867472434,
    53.344668550892));
#5509 = CARTESIAN_POINT('',(12.007193529383,36.545746862314,
    53.358548601514));
#5510 = CARTESIAN_POINT('',(11.961647045157,36.713761382779,
    53.395295420625));
#5511 = CARTESIAN_POINT('',(11.932878411662,36.804638184376,
    53.41933841488));
#5512 = CARTESIAN_POINT('',(11.899619307737,36.895074018156,
    53.447593533807));
#5513 = CARTESIAN_POINT('',(11.86139398591,36.984619059787,
    53.480109247224));
#5514 = CARTESIAN_POINT('',(11.817674259146,37.072634728753,
    53.51683619262));
#5515 = CARTESIAN_POINT('',(11.767897512063,37.158349229153,
    53.557594086183));
#5516 = CARTESIAN_POINT('',(11.679950638152,37.286835418809,
    53.626885854979));
#5517 = CARTESIAN_POINT('',(11.646401299135,37.331811968392,
    53.652840104351));
#5518 = CARTESIAN_POINT('',(11.610673146039,37.375619140853,
    53.679895310187));
#5519 = CARTESIAN_POINT('',(11.572662414258,37.418069253758,
    53.707977545926));
#5520 = CARTESIAN_POINT('',(11.532274239553,37.458949043563,
    53.736990655061));
#5521 = CARTESIAN_POINT('',(11.489428330557,37.498022992365,
    53.766815227759));
#5522 = CARTESIAN_POINT('',(11.411705682244,37.561439348128,
    53.819058469241));
#5523 = CARTESIAN_POINT('',(11.378068667779,37.58679113824,
    53.841147111362));
#5524 = CARTESIAN_POINT('',(11.343135005364,37.610998359009,
    53.863520072055));
#5525 = CARTESIAN_POINT('',(11.306895978667,37.633958978007,
    53.886114558813));
#5526 = CARTESIAN_POINT('',(11.269356231243,37.655565822907,
    53.908859208648));
#5527 = CARTESIAN_POINT('',(11.23053725022,37.675709808016,
    53.931674878334));
#5528 = CARTESIAN_POINT('',(11.169731956118,37.70390400852,
    53.966285939845));
#5529 = CARTESIAN_POINT('',(11.148651382355,37.713103440633,
    53.978092306945));
#5530 = CARTESIAN_POINT('',(11.127245139465,37.721866145805,
    53.989882306502));
#5531 = CARTESIAN_POINT('',(11.105520969232,37.730177308776,
    54.001643377812));
#5532 = CARTESIAN_POINT('',(11.083488344459,37.738022610375,
    54.013362628908));
#5533 = CARTESIAN_POINT('',(11.061158468964,37.745388227522,
    54.025026836561));
#5534 = CARTESIAN_POINT('',(10.992392674142,37.766286617643,
    54.060287054604));
#5535 = CARTESIAN_POINT('',(10.945049608794,37.7782616566,
    54.083670097563));
#5536 = CARTESIAN_POINT('',(10.896636953169,37.788070849416,
    54.106651279933));
#5537 = CARTESIAN_POINT('',(10.84729900708,37.795619491061,
    54.129114594095));
#5538 = CARTESIAN_POINT('',(10.797203444289,37.80083855344,
    54.150951661236));
#5539 = CARTESIAN_POINT('',(10.746542258261,37.803689966683,
    54.172065072555));
#5540 = CARTESIAN_POINT('',(10.651955216133,37.804583616738,
    54.209719721419));
#5541 = CARTESIAN_POINT('',(10.60811535351,37.803266142255,
    54.226482131956));
#5542 = CARTESIAN_POINT('',(10.564146293346,37.800217852148,
    54.242607394622));
#5543 = CARTESIAN_POINT('',(10.520177183315,37.795456269505,
    54.258058225887));
#5544 = CARTESIAN_POINT('',(10.476332408644,37.789015666374,
    54.272810193959));
#5545 = CARTESIAN_POINT('',(10.4327308553,37.780944664799,
    54.286850286605));
#5546 = CARTESIAN_POINT('',(10.368273700216,37.766575131311,
    54.306711321253));
#5547 = CARTESIAN_POINT('',(10.347146900514,37.76146851024,
    54.313075424301));
#5548 = CARTESIAN_POINT('',(10.326117406674,37.755991069509,
    54.319267692738));
#5549 = CARTESIAN_POINT('',(10.305197091503,37.750150295551,
    54.325288587882));
#5550 = CARTESIAN_POINT('',(10.284397068009,37.74395406636,
    54.331139127749));
#5551 = CARTESIAN_POINT('',(10.263727689402,37.737410651496,
    54.336820887055));
#5552 = CARTESIAN_POINT('',(10.207234164969,37.718472449187,
    54.351997752999));
#5553 = CARTESIAN_POINT('',(10.171700213896,37.705377063292,
    54.361147915229));
#5554 = CARTESIAN_POINT('',(10.136647797323,37.691288397837,
    54.369797697897));
#5555 = CARTESIAN_POINT('',(10.10212030116,37.676254020975,
    54.377962513829));
#5556 = CARTESIAN_POINT('',(10.068153968168,37.660322011817,
    54.385660950182));
#5557 = CARTESIAN_POINT('',(10.034778470336,37.643539746685,
    54.392913743941));
#5558 = CARTESIAN_POINT('',(9.916689317762,37.580146020571,
    54.41752937481));
#5559 = CARTESIAN_POINT('',(9.835576127857,37.528904695864,
    54.432431561642));
#5560 = CARTESIAN_POINT('',(9.759013714418,37.47300493337,
    54.444858606676));
#5561 = CARTESIAN_POINT('',(9.687174148751,37.41315815133,
    54.455241393355));
#5562 = CARTESIAN_POINT('',(9.620100861502,37.349981854448,
    54.463984625406));
#5563 = CARTESIAN_POINT('',(9.557744563994,37.283975877774,
    54.471445199304));
#5564 = CARTESIAN_POINT('',(9.5,37.215503984125,54.477936723589));
#5565 = ORIENTED_EDGE('',*,*,#5566,.F.);
#5566 = EDGE_CURVE('',#5567,#5494,#5569,.T.);
#5567 = VERTEX_POINT('',#5568);
#5568 = CARTESIAN_POINT('',(11.875445226612,34.768428810349,
    53.689722142395));
#5569 = B_SPLINE_CURVE_WITH_KNOTS('',7,(#5570,#5571,#5572,#5573,#5574,
    #5575,#5576,#5577,#5578,#5579,#5580,#5581,#5582,#5583,#5584,#5585,
    #5586,#5587,#5588,#5589,#5590,#5591,#5592,#5593,#5594,#5595,#5596,
    #5597,#5598,#5599,#5600,#5601,#5602,#5603,#5604,#5605,#5606,#5607,
    #5608,#5609,#5610,#5611,#5612,#5613,#5614,#5615,#5616,#5617,#5618,
    #5619,#5620,#5621,#5622,#5623,#5624,#5625,#5626,#5627,#5628,#5629,
    #5630,#5631,#5632,#5633,#5634,#5635,#5636,#5637),.UNSPECIFIED.,.F.,
  .F.,(8,6,6,6,6,6,6,6,6,6,6,8),(0.,0.14590362634,0.202041348927,
    0.2333250842,0.298984363375,0.375682936828,0.413399272495,
    0.48480815698,0.58236727761,0.683981602223,0.855317865914,1.),
  .UNSPECIFIED.);
#5570 = CARTESIAN_POINT('',(9.5,34.708044230842,54.715658144941));
#5571 = CARTESIAN_POINT('',(9.558792457103,34.638329774757,54.7222674712
    ));
#5572 = CARTESIAN_POINT('',(9.622373799164,34.570924082993,
    54.727426047315));
#5573 = CARTESIAN_POINT('',(9.690859304454,34.506140327427,
    54.730744185503));
#5574 = CARTESIAN_POINT('',(9.764305405612,34.444427242499,
    54.731760074614));
#5575 = CARTESIAN_POINT('',(9.842670397291,34.38634665418,
    54.729939574498));
#5576 = CARTESIAN_POINT('',(9.925778199333,34.332552607883,
    54.724702152754));
#5577 = CARTESIAN_POINT('',(10.046954265632,34.26500335771,
    54.711921951057));
#5578 = CARTESIAN_POINT('',(10.081267013595,34.246981063277,
    54.707780787734));
#5579 = CARTESIAN_POINT('',(10.116198626246,34.229748525961,
    54.703017839155));
#5580 = CARTESIAN_POINT('',(10.151717854139,34.213351359425,
    54.697602214852));
#5581 = CARTESIAN_POINT('',(10.187786361099,34.197836379452,
    54.691505097931));
#5582 = CARTESIAN_POINT('',(10.224358093846,34.183250506334,
    54.684701074377));
#5583 = CARTESIAN_POINT('',(10.282009009851,34.162054787317,
    54.672972338827));
#5584 = CARTESIAN_POINT('',(10.302778720295,34.154772660352,
    54.668549322694));
#5585 = CARTESIAN_POINT('',(10.323678277302,34.147801354932,
    54.663896769803));
#5586 = CARTESIAN_POINT('',(10.344697421479,34.141148664255,
    54.659011637945));
#5587 = CARTESIAN_POINT('',(10.36582513967,34.134822106156,
    54.653891486857));
#5588 = CARTESIAN_POINT('',(10.387049664956,34.128828923104,
    54.648534478223));
#5589 = CARTESIAN_POINT('',(10.453082075171,34.111311723437,
    54.63119619996));
#5590 = CARTESIAN_POINT('',(10.498181483697,34.100945284958,
    54.618403204103));
#5591 = CARTESIAN_POINT('',(10.543534389237,34.092142174984,
    54.604551336433));
#5592 = CARTESIAN_POINT('',(10.589011672069,34.084956904036,
    54.589644602017));
#5593 = CARTESIAN_POINT('',(10.634478120949,34.079430681138,
    54.573702213055));
#5594 = CARTESIAN_POINT('',(10.67979314833,34.075589010022,
    54.556760739259));
#5595 = CARTESIAN_POINT('',(10.777398798973,34.070928127432,
    54.517984859522));
#5596 = CARTESIAN_POINT('',(10.829594004958,34.070725158327,
    54.49580165685));
#5597 = CARTESIAN_POINT('',(10.881161424843,34.072842972924,
    54.472416405116));
#5598 = CARTESIAN_POINT('',(10.931894359615,34.077258087924,
    54.44794094586));
#5599 = CARTESIAN_POINT('',(10.981613650502,34.083916141945,
    54.42250457042));
#5600 = CARTESIAN_POINT('',(11.030166219554,34.092737095633,
    54.396249383071));
#5601 = CARTESIAN_POINT('',(11.100662316356,34.108972285695,
    54.356085991349));
#5602 = CARTESIAN_POINT('',(11.123589819958,34.114823402675,
    54.342683398634));
#5603 = CARTESIAN_POINT('',(11.146192470331,34.12116198511,
    54.329135014275));
#5604 = CARTESIAN_POINT('',(11.168458539129,34.127975695377,
    54.31545766201));
#5605 = CARTESIAN_POINT('',(11.190378220356,34.13525165585,
    54.30166786107));
#5606 = CARTESIAN_POINT('',(11.211943630368,34.142976448901,
    54.287781826182));
#5607 = CARTESIAN_POINT('',(11.27329687751,34.166584934474,
    54.247372758553));
#5608 = CARTESIAN_POINT('',(11.312152283499,34.183592690499,
    54.220642455309));
#5609 = CARTESIAN_POINT('',(11.349676039574,34.202066895846,
    54.193730116459));
#5610 = CARTESIAN_POINT('',(11.385849620555,34.221913303008,
    54.16673412789));
#5611 = CARTESIAN_POINT('',(11.420671351338,34.243038909843,
    54.139744455289));
#5612 = CARTESIAN_POINT('',(11.454152795876,34.265354963325,
    54.112841396678));
#5613 = CARTESIAN_POINT('',(11.530255485444,34.320783297538,
    54.049552385878));
#5614 = CARTESIAN_POINT('',(11.571728286695,34.35485240335,
    54.013306127907));
#5615 = CARTESIAN_POINT('',(11.610795338042,34.390782173258,
    53.977528804472));
#5616 = CARTESIAN_POINT('',(11.647535965405,34.428382060568,
    53.942368821497));
#5617 = CARTESIAN_POINT('',(11.682041860702,34.467478845698,
    53.907950444868));
#5618 = CARTESIAN_POINT('',(11.714411910054,34.507919402517,
    53.874374497889));
#5619 = CARTESIAN_POINT('',(11.776343062324,34.592958945872,
    53.80770624301));
#5620 = CARTESIAN_POINT('',(11.805727108318,34.637654605607,
    53.774697030101));
#5621 = CARTESIAN_POINT('',(11.833012806156,34.68351082871,
    53.742781600041));
#5622 = CARTESIAN_POINT('',(11.858307772849,34.730389611016,
    53.712035110696));
#5623 = CARTESIAN_POINT('',(11.881713817603,34.778164744151,
    53.682518475408));
#5624 = CARTESIAN_POINT('',(11.903327163175,34.826722000313,
    53.654279140636));
#5625 = CARTESIAN_POINT('',(11.956812306826,34.958980465087,
    53.581948628765));
#5626 = CARTESIAN_POINT('',(11.985543670853,35.043926318232,
    53.540280761905));
#5627 = CARTESIAN_POINT('',(12.009864112947,35.130296069665,
    53.502520936368));
#5628 = CARTESIAN_POINT('',(12.030138407458,35.217633168599,
    53.468771795661));
#5629 = CARTESIAN_POINT('',(12.046689759783,35.305526676158,
    53.439057880044));
#5630 = CARTESIAN_POINT('',(12.059798276938,35.393649636241,
    53.41333497553));
#5631 = CARTESIAN_POINT('',(12.078046854281,35.556184017862,
    53.373104592035));
#5632 = CARTESIAN_POINT('',(12.084109258897,35.630595376679,
    53.357474913287));
#5633 = CARTESIAN_POINT('',(12.088016906783,35.704868119908,
    53.344585880871));
#5634 = CARTESIAN_POINT('',(12.089882483014,35.778928944412,
    53.334365998415));
#5635 = CARTESIAN_POINT('',(12.089784169122,35.852770627816,
    53.326743891851));
#5636 = CARTESIAN_POINT('',(12.087757804518,35.926438335244,
    53.321665933822));
#5637 = CARTESIAN_POINT('',(12.083790846024,36.,53.319108152773));
#5638 = ORIENTED_EDGE('',*,*,#5639,.F.);
#5639 = EDGE_CURVE('',#4528,#5567,#5640,.T.);
#5640 = B_SPLINE_CURVE_WITH_KNOTS('',5,(#5641,#5642,#5643,#5644,#5645,
    #5646),.UNSPECIFIED.,.F.,.F.,(6,6),(0.,1.),
  .PIECEWISE_BEZIER_KNOTS.);
#5641 = CARTESIAN_POINT('',(12.25823754372,25.853423633762,
    54.155117565764));
#5642 = CARTESIAN_POINT('',(12.179663904517,27.863826267569,
    54.049817655699));
#5643 = CARTESIAN_POINT('',(12.09710477572,29.874137819756,
    53.945014604694));
#5644 = CARTESIAN_POINT('',(12.010149675907,31.88432049587,
    53.840435183816));
#5645 = CARTESIAN_POINT('',(11.91834538194,33.894324204661,
    53.735691337473));
#5646 = CARTESIAN_POINT('',(11.821250689474,35.904082711913,
    53.63020177439));
#5647 = ORIENTED_EDGE('',*,*,#4527,.F.);
#5648 = ORIENTED_EDGE('',*,*,#4740,.F.);
#5649 = ORIENTED_EDGE('',*,*,#5650,.F.);
#5650 = EDGE_CURVE('',#5451,#4704,#5651,.T.);
#5651 = LINE('',#5652,#5653);
#5652 = CARTESIAN_POINT('',(9.5,2.299069444596,57.788212964883));
#5653 = VECTOR('',#5654,1.);
#5654 = DIRECTION('',(3.854832360864E-18,0.995536011431,
    -9.438246629285E-02));
#5655 = ORIENTED_EDGE('',*,*,#5450,.F.);
#5656 = ORIENTED_EDGE('',*,*,#4337,.T.);
#5657 = ORIENTED_EDGE('',*,*,#5459,.F.);
#5658 = ORIENTED_EDGE('',*,*,#5650,.T.);
#5659 = ORIENTED_EDGE('',*,*,#4703,.F.);
#5660 = ORIENTED_EDGE('',*,*,#5661,.T.);
#5661 = EDGE_CURVE('',#4625,#5662,#5664,.T.);
#5662 = VERTEX_POINT('',#5663);
#5663 = CARTESIAN_POINT('',(9.5,31.326055619927,55.036289867358));
#5664 = LINE('',#5665,#5666);
#5665 = CARTESIAN_POINT('',(9.5,2.299069444596,57.788212964883));
#5666 = VECTOR('',#5667,1.);
#5667 = DIRECTION('',(3.854832360864E-18,0.995536011431,
    -9.438246629285E-02));
#5668 = ORIENTED_EDGE('',*,*,#5669,.F.);
#5669 = EDGE_CURVE('',#5670,#5662,#5672,.T.);
#5670 = VERTEX_POINT('',#5671);
#5671 = CARTESIAN_POINT('',(9.465549630591,34.750110688835,
    54.711488679188));
#5672 = B_SPLINE_CURVE_WITH_KNOTS('',4,(#5673,#5674,#5675,#5676,#5677),
  .UNSPECIFIED.,.F.,.F.,(5,5),(0.,1.),.PIECEWISE_BEZIER_KNOTS.);
#5673 = CARTESIAN_POINT('',(9.454209978162,35.883103870266,
    54.603933713579));
#5674 = CARTESIAN_POINT('',(9.465595870238,34.743848453348,
    54.712103564276));
#5675 = CARTESIAN_POINT('',(9.477026984683,33.604588574858,
    54.820218970035));
#5676 = CARTESIAN_POINT('',(9.488496493723,32.4653242774,54.928280730141
    ));
#5677 = CARTESIAN_POINT('',(9.5,31.326055619911,55.036289867359));
#5678 = ORIENTED_EDGE('',*,*,#5679,.F.);
#5679 = EDGE_CURVE('',#5486,#5670,#5680,.T.);
#5680 = B_SPLINE_CURVE_WITH_KNOTS('',6,(#5681,#5682,#5683,#5684,#5685,
    #5686,#5687,#5688,#5689,#5690,#5691,#5692,#5693,#5694,#5695,#5696,
    #5697,#5698,#5699,#5700,#5701,#5702,#5703,#5704,#5705,#5706,#5707,
    #5708,#5709,#5710,#5711,#5712),.UNSPECIFIED.,.F.,.F.,(7,5,5,5,5,5,7)
  ,(0.,0.118789610005,0.2161661755,0.49979712552,0.78501083815,
    0.880816383853,1.),.UNSPECIFIED.);
#5681 = CARTESIAN_POINT('',(9.5,37.215503984125,54.477936723589));
#5682 = CARTESIAN_POINT('',(9.463129664944,37.171784169012,
    54.482081610292));
#5683 = CARTESIAN_POINT('',(9.428201399062,37.127039994986,
    54.485819174744));
#5684 = CARTESIAN_POINT('',(9.395191579333,37.081385945299,
    54.489238677571));
#5685 = CARTESIAN_POINT('',(9.364073818198,37.034923399932,
    54.492419025176));
#5686 = CARTESIAN_POINT('',(9.334819987466,36.987740829239,
    54.495429691917));
#5687 = CARTESIAN_POINT('',(9.284925006787,36.900708424235,
    54.500710486369));
#5688 = CARTESIAN_POINT('',(9.263682420953,36.861070818124,
    54.503016294064));
#5689 = CARTESIAN_POINT('',(9.243657922735,36.821043452566,
    54.505282405926));
#5690 = CARTESIAN_POINT('',(9.224836845299,36.780665155296,
    54.507538569936));
#5691 = CARTESIAN_POINT('',(9.207205416965,36.73997129846,
    54.509810941511));
#5692 = CARTESIAN_POINT('',(9.142822908927,36.579637697372,
    54.518853799652));
#5693 = CARTESIAN_POINT('',(9.104887631479,36.457897634741,54.525913841)
  );
#5694 = CARTESIAN_POINT('',(9.076607863597,36.334528453612,
    54.533865934463));
#5695 = CARTESIAN_POINT('',(9.057789193835,36.210172824982,
    54.54303382727));
#5696 = CARTESIAN_POINT('',(9.048311878809,36.085394527362,
    54.553553971588));
#5697 = CARTESIAN_POINT('',(9.048068999848,35.835275698199,
    54.577271114452));
#5698 = CARTESIAN_POINT('',(9.057408205337,35.709974689881,
    54.590479046191));
#5699 = CARTESIAN_POINT('',(9.076211181394,35.585276779696,
    54.604954934682));
#5700 = CARTESIAN_POINT('',(9.104619427191,35.461724203535,
    54.620451563323));
#5701 = CARTESIAN_POINT('',(9.142846718276,35.339908530934,
    54.636518715993));
#5702 = CARTESIAN_POINT('',(9.207511681354,35.180375447164,
    54.657796341022));
#5703 = CARTESIAN_POINT('',(9.22491875022,35.140534636193,54.66313031546
    ));
#5704 = CARTESIAN_POINT('',(9.24348600069,35.100993304965,
    54.668421146581));
#5705 = CARTESIAN_POINT('',(9.263227064905,35.061780469673,
    54.673638006978));
#5706 = CARTESIAN_POINT('',(9.2841563859,35.022927734515,54.678746198325
    ));
#5707 = CARTESIAN_POINT('',(9.333822810769,34.936626379752,
    54.689878655542));
#5708 = CARTESIAN_POINT('',(9.363218139656,34.889394979276,
    54.69582202833));
#5709 = CARTESIAN_POINT('',(9.394505237188,34.842839746634,
    54.70146280276));
#5710 = CARTESIAN_POINT('',(9.427713326531,34.797036477855,
    54.706715775059));
#5711 = CARTESIAN_POINT('',(9.462869933671,34.752072028052,
    54.711484059787));
#5712 = CARTESIAN_POINT('',(9.5,34.708044230842,54.715658144941));
#5713 = ORIENTED_EDGE('',*,*,#5485,.T.);
#5714 = ORIENTED_EDGE('',*,*,#5715,.T.);
#5715 = EDGE_CURVE('',#5477,#5716,#5718,.T.);
#5716 = VERTEX_POINT('',#5717);
#5717 = CARTESIAN_POINT('',(7.187985229322,37.82912108513,
    48.906707737761));
#5718 = CIRCLE('',#5719,3.231471516329);
#5719 = AXIS2_PLACEMENT_3D('',#5720,#5721,#5722);
#5720 = CARTESIAN_POINT('',(9.5,38.006803965825,51.157357581645));
#5721 = DIRECTION('',(0.,-0.996898148653,7.870248542001E-02));
#5722 = DIRECTION('',(0.,-7.870248542001E-02,-0.996898148653));
#5723 = ORIENTED_EDGE('',*,*,#5724,.T.);
#5724 = EDGE_CURVE('',#5716,#5475,#5725,.T.);
#5725 = B_SPLINE_CURVE_WITH_KNOTS('',8,(#5726,#5727,#5728,#5729,#5730,
    #5731,#5732,#5733,#5734,#5735,#5736,#5737,#5738,#5739,#5740,#5741,
    #5742,#5743,#5744,#5745,#5746,#5747,#5748,#5749,#5750,#5751,#5752,
    #5753,#5754,#5755,#5756,#5757,#5758,#5759,#5760,#5761,#5762,#5763,
    #5764,#5765,#5766,#5767,#5768,#5769,#5770,#5771,#5772,#5773,#5774,
    #5775,#5776,#5777,#5778,#5779,#5780,#5781,#5782,#5783,#5784,#5785,
    #5786,#5787,#5788,#5789,#5790,#5791,#5792,#5793,#5794,#5795,#5796,
    #5797,#5798,#5799,#5800,#5801,#5802,#5803,#5804,#5805,#5806,#5807,
    #5808,#5809,#5810,#5811,#5812,#5813,#5814,#5815,#5816,#5817,#5818,
    #5819,#5820,#5821,#5822,#5823,#5824,#5825,#5826,#5827,#5828,#5829,
    #5830,#5831,#5832,#5833,#5834,#5835,#5836,#5837,#5838,#5839,#5840,
    #5841,#5842,#5843,#5844,#5845,#5846,#5847,#5848,#5849,#5850,#5851,
    #5852,#5853,#5854,#5855,#5856,#5857,#5858,#5859,#5860),
  .UNSPECIFIED.,.F.,.F.,(9,7,7,7,7,7,7,7,7,7,7,7,7,7,7,7,7,7,7,9),(0.,
    1.038055745574E-02,3.05629007613E-02,0.102585799788,0.300250938658,
    0.368884434437,0.426989772464,0.452373168635,0.467547667347,
    0.500015812747,0.542957892303,0.565675400119,0.611203740779,
    0.680888826533,0.814931894458,0.889740218138,0.968688621466,
    0.983848250007,0.991921892392,1.),.UNSPECIFIED.);
#5726 = CARTESIAN_POINT('',(6.301197278811,39.993111328798,
    50.91274349811));
#5727 = CARTESIAN_POINT('',(6.301356528354,39.983482255879,
    50.902585888997));
#5728 = CARTESIAN_POINT('',(6.301547213778,39.973596971319,
    50.892661870759));
#5729 = CARTESIAN_POINT('',(6.301771683887,39.963557648121,
    50.882885777967));
#5730 = CARTESIAN_POINT('',(6.302031729377,39.953440287921,
    50.873192431646));
#5731 = CARTESIAN_POINT('',(6.302328582843,39.943294720988,
    50.863537139274));
#5732 = CARTESIAN_POINT('',(6.302662918774,39.933144606224,
    50.853895694783));
#5733 = CARTESIAN_POINT('',(6.303034853554,39.922987431165,
    50.844264378559));
#5734 = CARTESIAN_POINT('',(6.304239320216,39.892976983383,
    50.815986613064));
#5735 = CARTESIAN_POINT('',(6.305176038064,39.873099542962,
    50.797380481162));
#5736 = CARTESIAN_POINT('',(6.306255195254,39.853198270553,50.7788040571
    ));
#5737 = CARTESIAN_POINT('',(6.307477087696,39.833280428088,
    50.76025051525));
#5738 = CARTESIAN_POINT('',(6.308841983854,39.813351672825,
    50.741714668847));
#5739 = CARTESIAN_POINT('',(6.310350180464,39.793417825157,
    50.723191060596));
#5740 = CARTESIAN_POINT('',(6.312001863269,39.77347977184,
    50.704679390911));
#5741 = CARTESIAN_POINT('',(6.320204489331,39.682383134518,
    50.620151436244));
#5742 = CARTESIAN_POINT('',(6.328442139993,39.611205993778,
    50.554252506181));
#5743 = CARTESIAN_POINT('',(6.338520667949,39.540092998841,
    50.488424395008));
#5744 = CARTESIAN_POINT('',(6.350451496598,39.469044577761,
    50.422702990907));
#5745 = CARTESIAN_POINT('',(6.364250731245,39.398103753156,
    50.357080110763));
#5746 = CARTESIAN_POINT('',(6.379937128966,39.327280711645,
    50.291584849383));
#5747 = CARTESIAN_POINT('',(6.397533852365,39.25660338354,50.22622918544
    ));
#5748 = CARTESIAN_POINT('',(6.470680138388,38.99257985825,
    49.982108051536));
#5749 = CARTESIAN_POINT('',(6.538818964195,38.800576370104,
    49.804620381595));
#5750 = CARTESIAN_POINT('',(6.622059601771,38.610270465935,
    49.628707264575));
#5751 = CARTESIAN_POINT('',(6.721296577134,38.422137548656,
    49.454815952207));
#5752 = CARTESIAN_POINT('',(6.837609330595,38.23694804488,
    49.283646056685));
#5753 = CARTESIAN_POINT('',(6.97246143381,38.055821428091,
    49.116236604569));
#5754 = CARTESIAN_POINT('',(7.127520097734,37.880192537031,
    48.953910104333));
#5755 = CARTESIAN_POINT('',(7.367734274753,37.653770022629,
    48.744639366062));
#5756 = CARTESIAN_POINT('',(7.432413884058,37.596357422806,
    48.691576033321));
#5757 = CARTESIAN_POINT('',(7.499976558599,37.539980537679,
    48.639470122336));
#5758 = CARTESIAN_POINT('',(7.570537593495,37.484756214586,
    48.588429602916));
#5759 = CARTESIAN_POINT('',(7.644211778887,37.430825535979,
    48.538584846792));
#5760 = CARTESIAN_POINT('',(7.721113171607,37.378354057295,
    48.490088846398));
#5761 = CARTESIAN_POINT('',(7.801356268334,37.327532751491,
    48.443118087202));
#5762 = CARTESIAN_POINT('',(7.95592122638,37.237135815912,
    48.359570346329));
#5763 = CARTESIAN_POINT('',(8.029248212335,37.197039747049,
    48.322512334979));
#5764 = CARTESIAN_POINT('',(8.105110218615,37.158422411419,
    48.28682106472));
#5765 = CARTESIAN_POINT('',(8.183558406563,37.121440615369,
    48.252641451351));
#5766 = CARTESIAN_POINT('',(8.26462077934,37.086274928942,
    48.220140374103));
#5767 = CARTESIAN_POINT('',(8.348296884982,37.053126178308,
    48.189503433708));
#5768 = CARTESIAN_POINT('',(8.434550861533,37.022210515516,
    48.160930395756));
#5769 = CARTESIAN_POINT('',(8.562074240218,36.981321389751,
    48.123139658212));
#5770 = CARTESIAN_POINT('',(8.601319629645,36.969359716884,
    48.112084389348));
#5771 = CARTESIAN_POINT('',(8.64103059242,36.957887167253,
    48.101481183584));
#5772 = CARTESIAN_POINT('',(8.681196423526,36.946923293251,
    48.091348111154));
#5773 = CARTESIAN_POINT('',(8.721803905184,36.936487816684,
    48.081703398883));
#5774 = CARTESIAN_POINT('',(8.762837098991,36.926600366072,
    48.072565187403));
#5775 = CARTESIAN_POINT('',(8.80427713806,36.917280213949,
    48.063951288361));
#5776 = CARTESIAN_POINT('',(8.871105434786,36.903324604764,
    48.051053195925));
#5777 = CARTESIAN_POINT('',(8.896246386997,36.898312570601,
    48.046420960231));
#5778 = CARTESIAN_POINT('',(8.921520149785,36.893513950386,
    48.041985967122));
#5779 = CARTESIAN_POINT('',(8.946921614802,36.888932635742,
    48.037751813234));
#5780 = CARTESIAN_POINT('',(8.972445291367,36.884572371202,
    48.033721959267));
#5781 = CARTESIAN_POINT('',(8.998085306461,36.880436754213,
    48.02989972998));
#5782 = CARTESIAN_POINT('',(9.023835404728,36.876529235134,
    48.026288314196));
#5783 = CARTESIAN_POINT('',(9.105006533168,36.864987504483,
    48.015621191692));
#5784 = CARTESIAN_POINT('',(9.160800990515,36.85818069297,
    48.009330187487));
#5785 = CARTESIAN_POINT('',(9.217003194721,36.852465263525,
    48.00404786343));
#5786 = CARTESIAN_POINT('',(9.273539652488,36.847868642328,
    47.999799566839));
#5787 = CARTESIAN_POINT('',(9.330332449789,36.844412393162,
    47.996605227002));
#5788 = CARTESIAN_POINT('',(9.387299198627,36.842111509672,
    47.994478701075));
#5789 = CARTESIAN_POINT('',(9.444352983802,36.840973707621,
    47.993427119984));
#5790 = CARTESIAN_POINT('',(9.576855239318,36.841031794518,
    47.993480805142));
#5791 = CARTESIAN_POINT('',(9.652314799658,36.843099007338,
    47.995391367629));
#5792 = CARTESIAN_POINT('',(9.727563517785,36.847200606676,
    47.999182153812));
#5793 = CARTESIAN_POINT('',(9.802401759603,36.853311916042,
    48.004830357621));
#5794 = CARTESIAN_POINT('',(9.876647160701,36.861386762627,
    48.012293306059));
#5795 = CARTESIAN_POINT('',(9.950134057229,36.871360908545,
    48.021511630376));
#5796 = CARTESIAN_POINT('',(10.02271291677,36.883155482077,
    48.032412437249));
#5797 = CARTESIAN_POINT('',(10.132094676155,36.903835456696,
    48.051525336643));
#5798 = CARTESIAN_POINT('',(10.169651332013,36.911475390603,
    48.058586337219));
#5799 = CARTESIAN_POINT('',(10.206901938121,36.919587359184,
    48.066083604378));
#5800 = CARTESIAN_POINT('',(10.243830788338,36.928157947396,
    48.074004739945));
#5801 = CARTESIAN_POINT('',(10.280424150164,36.937173344501,
    48.082336980058));
#5802 = CARTESIAN_POINT('',(10.316670145851,36.946619511971,
    48.09106735034));
#5803 = CARTESIAN_POINT('',(10.352558633513,36.956482351389,
    48.100182821078));
#5804 = CARTESIAN_POINT('',(10.459271926298,36.987321085711,
    48.128684720885));
#5805 = CARTESIAN_POINT('',(10.528988292563,37.009510564291,
    48.14919278105));
#5806 = CARTESIAN_POINT('',(10.597168429284,37.033204496492,
    48.171091307117));
#5807 = CARTESIAN_POINT('',(10.663771909525,37.058293127145,
    48.194278864065));
#5808 = CARTESIAN_POINT('',(10.728777083551,37.084670906485,
    48.218657903753));
#5809 = CARTESIAN_POINT('',(10.792178525218,37.11223863912,
    48.24413675105));
#5810 = CARTESIAN_POINT('',(10.853984478364,37.140905633012,
    48.270631589969));
#5811 = CARTESIAN_POINT('',(11.006401289306,37.216029183478,
    48.340062950396));
#5812 = CARTESIAN_POINT('',(11.094873578515,37.263842591142,
    48.384253548948));
#5813 = CARTESIAN_POINT('',(11.179718777255,37.313749069846,
    48.43037870294));
#5814 = CARTESIAN_POINT('',(11.261037140757,37.365497760079,
    48.478206576849));
#5815 = CARTESIAN_POINT('',(11.338939776947,37.418870258304,
    48.527535332927));
#5816 = CARTESIAN_POINT('',(11.413546850331,37.473680930857,
    48.578193421986));
#5817 = CARTESIAN_POINT('',(11.484985785897,37.529777227839,
    48.630039874189));
#5818 = CARTESIAN_POINT('',(11.684967700648,37.69718806063,
    48.784768170595));
#5819 = CARTESIAN_POINT('',(11.805205898154,37.811560937927,
    48.890477095853));
#5820 = CARTESIAN_POINT('',(11.915087281464,37.929310346808,
    48.999307539081));
#5821 = CARTESIAN_POINT('',(12.015325571096,38.049778197754,
    49.110651476236));
#5822 = CARTESIAN_POINT('',(12.106525348241,38.172442176384,
    49.224026483682));
#5823 = CARTESIAN_POINT('',(12.189223104072,38.296901014313,
    49.339062100751));
#5824 = CARTESIAN_POINT('',(12.263878906663,38.422875059554,
    49.455500466501));
#5825 = CARTESIAN_POINT('',(12.368286169103,38.621255498756,
    49.638869900661));
#5826 = CARTESIAN_POINT('',(12.403291107884,38.692712181586,
    49.70492068141));
#5827 = CARTESIAN_POINT('',(12.435967379885,38.764525857229,
    49.771302815391));
#5828 = CARTESIAN_POINT('',(12.46637123792,38.836658282468,
    49.837981207198));
#5829 = CARTESIAN_POINT('',(12.494552044401,38.909074669113,
    49.904924045867));
#5830 = CARTESIAN_POINT('',(12.520553081785,38.981743433297,
    49.972102717632));
#5831 = CARTESIAN_POINT('',(12.544412363007,39.054635944769,
    50.039491718664));
#5832 = CARTESIAN_POINT('',(12.589118279929,39.20486160928,
    50.178385288765));
#5833 = CARTESIAN_POINT('',(12.609724551884,39.282215398109,
    50.249910137335));
#5834 = CARTESIAN_POINT('',(12.628021313675,39.359758830058,
    50.321613991942));
#5835 = CARTESIAN_POINT('',(12.644041224478,39.43745432148,
    50.393480531156));
#5836 = CARTESIAN_POINT('',(12.657810493028,39.515289740447,
    50.46546911141));
#5837 = CARTESIAN_POINT('',(12.669351405554,39.593207855483,
    50.537590619653));
#5838 = CARTESIAN_POINT('',(12.678679527432,39.671211518979,
    50.609794011041));
#5839 = CARTESIAN_POINT('',(12.687177483864,39.76417055352,
    50.696040051902));
#5840 = CARTESIAN_POINT('',(12.688465310739,39.779144419165,
    50.709938629846));
#5841 = CARTESIAN_POINT('',(12.689672156209,39.794116564171,
    50.723843431803));
#5842 = CARTESIAN_POINT('',(12.690798113665,39.809086138501,
    50.737755046878));
#5843 = CARTESIAN_POINT('',(12.691843276948,39.824052028217,
    50.751674340653));
#5844 = CARTESIAN_POINT('',(12.692807753773,39.839012394764,
    50.765602948609));
#5845 = CARTESIAN_POINT('',(12.693691679151,39.853964214241,
    50.779543769548));
#5846 = CARTESIAN_POINT('',(12.694923179445,39.876858746058,
    50.800934978445));
#5847 = CARTESIAN_POINT('',(12.695328142359,39.884806635289,
    50.808369904404));
#5848 = CARTESIAN_POINT('',(12.695710127752,39.892745935963,
    50.815806220861));
#5849 = CARTESIAN_POINT('',(12.696069165036,39.900674893332,
    50.823244021364));
#5850 = CARTESIAN_POINT('',(12.696405302839,39.908590546322,
    50.83068350904));
#5851 = CARTESIAN_POINT('',(12.696718609005,39.916488727533,
    50.838124996597));
#5852 = CARTESIAN_POINT('',(12.697009170592,39.924364063235,
    50.845568906325));
#5853 = CARTESIAN_POINT('',(12.697545165337,39.940060222789,
    50.860466752433));
#5854 = CARTESIAN_POINT('',(12.697790672365,39.947862313329,
    50.867918490105));
#5855 = CARTESIAN_POINT('',(12.698013441862,39.955632891562,
    50.875370164803));
#5856 = CARTESIAN_POINT('',(12.698213622921,39.963367398353,
    50.882823023153));
#5857 = CARTESIAN_POINT('',(12.698391686821,39.971040068863,
    50.890280376709));
#5858 = CARTESIAN_POINT('',(12.69854842703,39.978603932553,
    50.897747601956));
#5859 = CARTESIAN_POINT('',(12.698684959205,39.985990813179,
    50.905232140309));
#5860 = CARTESIAN_POINT('',(12.698802721189,39.993111328798,
    50.91274349811));
#5861 = CONICAL_SURFACE('',#5862,3.8,1.573919730499E-02);
#5862 = AXIS2_PLACEMENT_3D('',#5863,#5864,#5865);
#5863 = CARTESIAN_POINT('',(9.5,2.,54.));
#5864 = DIRECTION('',(-0.,-0.996898148653,7.870248542001E-02));
#5865 = DIRECTION('',(0.,7.870248542001E-02,0.996898148653));
#5866 = ADVANCED_FACE('',(#5867),#6059,.T.);
#5867 = FACE_BOUND('',#5868,.T.);
#5868 = EDGE_LOOP('',(#5869,#5870,#5877,#5878,#6039,#6048,#6055,#6056,
    #6057,#6058));
#5869 = ORIENTED_EDGE('',*,*,#4482,.F.);
#5870 = ORIENTED_EDGE('',*,*,#5871,.F.);
#5871 = EDGE_CURVE('',#4941,#4483,#5872,.T.);
#5872 = CIRCLE('',#5873,2.5);
#5873 = AXIS2_PLACEMENT_3D('',#5874,#5875,#5876);
#5874 = CARTESIAN_POINT('',(-11.5,26.,56.));
#5875 = DIRECTION('',(-2.449293598295E-16,-1.,0.));
#5876 = DIRECTION('',(1.,-2.449293598295E-16,0.));
#5877 = ORIENTED_EDGE('',*,*,#4940,.T.);
#5878 = ORIENTED_EDGE('',*,*,#5879,.T.);
#5879 = EDGE_CURVE('',#4933,#5880,#5882,.T.);
#5880 = VERTEX_POINT('',#5881);
#5881 = CARTESIAN_POINT('',(-9.539451197266,27.432632560435,
    55.405178771213));
#5882 = B_SPLINE_CURVE_WITH_KNOTS('',8,(#5883,#5884,#5885,#5886,#5887,
    #5888,#5889,#5890,#5891,#5892,#5893,#5894,#5895,#5896,#5897,#5898,
    #5899,#5900,#5901,#5902,#5903,#5904,#5905,#5906,#5907,#5908,#5909,
    #5910,#5911,#5912,#5913,#5914,#5915,#5916,#5917,#5918,#5919,#5920,
    #5921,#5922,#5923,#5924,#5925,#5926,#5927,#5928,#5929,#5930,#5931,
    #5932,#5933,#5934,#5935,#5936,#5937,#5938,#5939,#5940,#5941,#5942,
    #5943,#5944,#5945,#5946,#5947,#5948,#5949,#5950,#5951,#5952,#5953,
    #5954,#5955,#5956,#5957,#5958,#5959,#5960,#5961,#5962,#5963,#5964,
    #5965,#5966,#5967,#5968,#5969,#5970,#5971,#5972,#5973,#5974,#5975,
    #5976,#5977,#5978,#5979,#5980,#5981,#5982,#5983,#5984,#5985,#5986,
    #5987,#5988,#5989,#5990,#5991,#5992,#5993,#5994,#5995,#5996,#5997,
    #5998,#5999,#6000,#6001,#6002,#6003,#6004,#6005,#6006,#6007,#6008,
    #6009,#6010,#6011,#6012,#6013,#6014,#6015,#6016,#6017,#6018,#6019,
    #6020,#6021,#6022,#6023,#6024,#6025,#6026,#6027,#6028,#6029,#6030,
    #6031,#6032,#6033,#6034,#6035,#6036,#6037,#6038),.UNSPECIFIED.,.F.,
  .F.,(9,7,7,7,7,7,7,7,7,7,7,7,7,7,7,7,7,7,7,7,7,7,9),(0.,
    8.627103126068E-02,0.114930534444,0.130486278499,0.162650411554,
    0.18696729933,0.197952679734,0.215647776516,0.249902687187,
    0.300703062839,0.413837549279,0.471964276326,0.561916702114,
    0.625209422158,0.718671156036,0.75509061778,0.785275832703,
    0.801798105011,0.835030377279,0.867346118125,0.883124882047,
    0.912090218247,1.),.UNSPECIFIED.);
#5883 = CARTESIAN_POINT('',(-9.5,27.3792929105,55.410465380961));
#5884 = CARTESIAN_POINT('',(-9.565446449734,27.470495771393,
    55.401818831921));
#5885 = CARTESIAN_POINT('',(-9.636691168479,27.559090995754,
    55.391974977141));
#5886 = CARTESIAN_POINT('',(-9.713927949981,27.644741647826,
    55.380515323571));
#5887 = CARTESIAN_POINT('',(-9.797313780489,27.726922139285,
    55.366955569056));
#5888 = CARTESIAN_POINT('',(-9.886923501199,27.804941552238,
    55.350734874742));
#5889 = CARTESIAN_POINT('',(-9.982714465614,27.877961264437,
    55.331220093736));
#5890 = CARTESIAN_POINT('',(-10.08450119179,27.945006876711,
    55.307724956038));
#5891 = CARTESIAN_POINT('',(-10.22763151677,28.024895853328,
    55.27018247872));
#5892 = CARTESIAN_POINT('',(-10.26393308393,28.044028418443,
    55.260307208575));
#5893 = CARTESIAN_POINT('',(-10.30082507018,28.062329293329,
    55.249894984348));
#5894 = CARTESIAN_POINT('',(-10.33828280818,28.079753297286,55.238923212
    ));
#5895 = CARTESIAN_POINT('',(-10.37627623303,28.096253734668,
    55.227370894549));
#5896 = CARTESIAN_POINT('',(-10.4147695112,28.111783215997,
    55.215219408218));
#5897 = CARTESIAN_POINT('',(-10.45372066946,28.126294479081,
    55.202453278591));
#5898 = CARTESIAN_POINT('',(-10.51444526163,28.14703979815,
    55.181791900847));
#5899 = CARTESIAN_POINT('',(-10.5359298129,28.154024806333,
    55.174338455014));
#5900 = CARTESIAN_POINT('',(-10.55752699275,28.160688687353,
    55.1666987467));
#5901 = CARTESIAN_POINT('',(-10.57922836582,28.167024134008,
    55.158871354048));
#5902 = CARTESIAN_POINT('',(-10.60102494629,28.173024079229,
    55.150855305897));
#5903 = CARTESIAN_POINT('',(-10.62290719788,28.178681696074,
    55.142650081785));
#5904 = CARTESIAN_POINT('',(-10.64486503384,28.183990397731,
    55.134255611942));
#5905 = CARTESIAN_POINT('',(-10.71242364759,28.199185912452,
    55.10792478052));
#5906 = CARTESIAN_POINT('',(-10.75824228065,28.207910486844,
    55.089368051801));
#5907 = CARTESIAN_POINT('',(-10.80424345885,28.215060864603,
    55.07000844067));
#5908 = CARTESIAN_POINT('',(-10.85032260534,28.220589149596,
    55.049860667749));
#5909 = CARTESIAN_POINT('',(-10.89637132402,28.224457857279,
    55.02894886445));
#5910 = CARTESIAN_POINT('',(-10.94227789977,28.226641526339,
    55.007307612675));
#5911 = CARTESIAN_POINT('',(-10.98792779877,28.227128330323,
    54.984982984508));
#5912 = CARTESIAN_POINT('',(-11.067434235,28.225009438522,
    54.944683260469));
#5913 = CARTESIAN_POINT('',(-11.10145432294,28.223129205988,
    54.92697404797));
#5914 = CARTESIAN_POINT('',(-11.13521491201,28.220282294843,
    54.908930568889));
#5915 = CARTESIAN_POINT('',(-11.16866979805,28.216474808599,
    54.890579400788));
#5916 = CARTESIAN_POINT('',(-11.20177601662,28.211717343158,
    54.871948873378));
#5917 = CARTESIAN_POINT('',(-11.23449376635,28.206024678857,
    54.853068867587));
#5918 = CARTESIAN_POINT('',(-11.26678633229,28.199415472513,
    54.833970614616));
#5919 = CARTESIAN_POINT('',(-11.31300116908,28.18852216308,
    54.805974714474));
#5920 = CARTESIAN_POINT('',(-11.32728892899,28.184949789849,
    54.79722483749));
#5921 = CARTESIAN_POINT('',(-11.34148032504,28.181196862003,
    54.78843977329));
#5922 = CARTESIAN_POINT('',(-11.35557257689,28.177265513928,
    54.779622419074));
#5923 = CARTESIAN_POINT('',(-11.36956308784,28.173157982169,
    54.770775660014));
#5924 = CARTESIAN_POINT('',(-11.38344944474,28.168876605425,
    54.761902369251));
#5925 = CARTESIAN_POINT('',(-11.39722941806,28.164423824552,
    54.753005407897));
#5926 = CARTESIAN_POINT('',(-11.43292289295,28.152357706422,
    54.729722985384));
#5927 = CARTESIAN_POINT('',(-11.45466353677,28.14447504514,
    54.715304264257));
#5928 = CARTESIAN_POINT('',(-11.47611430088,28.136164741946,
    54.70084332373));
#5929 = CARTESIAN_POINT('',(-11.49726791951,28.127437806634,
    54.686351748345));
#5930 = CARTESIAN_POINT('',(-11.5181183611,28.118305606449,
    54.671840806236));
#5931 = CARTESIAN_POINT('',(-11.5386607359,28.108779756975,
    54.657321410249));
#5932 = CARTESIAN_POINT('',(-11.55889120349,28.098872013031,
    54.642804079068));
#5933 = CARTESIAN_POINT('',(-11.61736048324,28.068697859624,
    54.600219160993));
#5934 = CARTESIAN_POINT('',(-11.65473312894,28.047415133915,
    54.57218578898));
#5935 = CARTESIAN_POINT('',(-11.69090630354,28.024830946084,
    54.544270707426));
#5936 = CARTESIAN_POINT('',(-11.72587390203,28.001030153716,
    54.516539792517));
#5937 = CARTESIAN_POINT('',(-11.759640389,27.976096015303,54.48905267336
    ));
#5938 = CARTESIAN_POINT('',(-11.79221895925,27.950108697219,
    54.46186253384));
#5939 = CARTESIAN_POINT('',(-11.82362969845,27.923143780695,
    54.435015914472));
#5940 = CARTESIAN_POINT('',(-11.89878555812,27.853934812972,
    54.36930702666));
#5941 = CARTESIAN_POINT('',(-11.94115260581,27.810608925238,
    54.330911004915));
#5942 = CARTESIAN_POINT('',(-11.98109024854,27.765515345629,
    54.293488644209));
#5943 = CARTESIAN_POINT('',(-12.0186988182,27.718860327393,
    54.257144673362));
#5944 = CARTESIAN_POINT('',(-12.05408493587,27.670832943865,
    54.221965321692));
#5945 = CARTESIAN_POINT('',(-12.08735883099,27.621603895334,
    54.188019285875));
#5946 = CARTESIAN_POINT('',(-12.11863166036,27.571324315905,
    54.155358696814));
#5947 = CARTESIAN_POINT('',(-12.21344587149,27.406100703348,
    54.054227736765));
#5948 = CARTESIAN_POINT('',(-12.26947515654,27.28755197762,
    53.991016554562));
#5949 = CARTESIAN_POINT('',(-12.31731812788,27.165930532204,
    53.934794716209));
#5950 = CARTESIAN_POINT('',(-12.35795207558,27.042556188082,
    53.885833215802));
#5951 = CARTESIAN_POINT('',(-12.39226043879,26.918644608311,
    53.844202811924));
#5952 = CARTESIAN_POINT('',(-12.42103107313,26.795277010372,
    53.809725817202));
#5953 = CARTESIAN_POINT('',(-12.44497599518,26.673107142763,
    53.782036355701));
#5954 = CARTESIAN_POINT('',(-12.47480667439,26.490359054044,
    53.749806838405));
#5955 = CARTESIAN_POINT('',(-12.4838117807,26.4287193376,53.740557710099
    ));
#5956 = CARTESIAN_POINT('',(-12.49177936439,26.367486611274,
    53.732942954295));
#5957 = CARTESIAN_POINT('',(-12.49878385651,26.306640215183,
    53.726904367193));
#5958 = CARTESIAN_POINT('',(-12.50488897181,26.246121324082,
    53.722390108805));
#5959 = CARTESIAN_POINT('',(-12.51014535399,26.185839852018,
    53.719361657683));
#5960 = CARTESIAN_POINT('',(-12.51458899292,26.125684478036,
    53.71779847642));
#5961 = CARTESIAN_POINT('',(-12.52389107063,25.972454341397,
    53.717548593781));
#5962 = CARTESIAN_POINT('',(-12.52764553457,25.879372055323,
    53.72090522579));
#5963 = CARTESIAN_POINT('',(-12.5295770789,25.785868988075,
    53.727772143084));
#5964 = CARTESIAN_POINT('',(-12.529668327,25.691556847875,
    53.738258529173));
#5965 = CARTESIAN_POINT('',(-12.52781631279,25.596188402693,
    53.752577462808));
#5966 = CARTESIAN_POINT('',(-12.52385088093,25.499742651224,
    53.770980715784));
#5967 = CARTESIAN_POINT('',(-12.51756074863,25.402448577337,
    53.793675611594));
#5968 = CARTESIAN_POINT('',(-12.50250207541,25.235939274085,
    53.839830488269));
#5969 = CARTESIAN_POINT('',(-12.4950197997,25.166940027991,
    53.861072598765));
#5970 = CARTESIAN_POINT('',(-12.48619455489,25.097837923772,
    53.884536570233));
#5971 = CARTESIAN_POINT('',(-12.47593868825,25.028777475019,
    53.910250012034));
#5972 = CARTESIAN_POINT('',(-12.46415733304,24.959913306732,
    53.938224184058));
#5973 = CARTESIAN_POINT('',(-12.45074745253,24.891403494046,
    53.968454400118));
#5974 = CARTESIAN_POINT('',(-12.43559565804,24.823405285142,
    54.000922333683));
#5975 = CARTESIAN_POINT('',(-12.39344080703,24.656646723955,
    54.086807630737));
#5976 = CARTESIAN_POINT('',(-12.36424779245,24.558737459874,
    54.14280044358));
#5977 = CARTESIAN_POINT('',(-12.33057053106,24.462745869455,
    54.203526809812));
#5978 = CARTESIAN_POINT('',(-12.29192575466,24.369159427046,
    54.268864282947));
#5979 = CARTESIAN_POINT('',(-12.24776319707,24.278546126761,
    54.338603994661));
#5980 = CARTESIAN_POINT('',(-12.19747500653,24.191546949795,
    54.412435512304));
#5981 = CARTESIAN_POINT('',(-12.14038826905,24.108882761723,
    54.489941926094));
#5982 = CARTESIAN_POINT('',(-12.0505002488,24.001194736879,
    54.602050667908));
#5983 = CARTESIAN_POINT('',(-12.02415040583,23.971794363741,
    54.633956413483));
#5984 = CARTESIAN_POINT('',(-11.99661378965,23.943243001425,
    54.666296826379));
#5985 = CARTESIAN_POINT('',(-11.96784953078,23.915599700763,
    54.69903000068));
#5986 = CARTESIAN_POINT('',(-11.93781903701,23.888928899971,
    54.732107148199));
#5987 = CARTESIAN_POINT('',(-11.90648707292,23.863299780827,
    54.765472503583));
#5988 = CARTESIAN_POINT('',(-11.87382283949,23.838785624863,
    54.799063229421));
#5989 = CARTESIAN_POINT('',(-11.81160308283,23.796133028667,
    54.860778791199));
#5990 = CARTESIAN_POINT('',(-11.78247368175,23.777622329819,
    54.888853851146));
#5991 = CARTESIAN_POINT('',(-11.75239967559,23.759975125165,
    54.916993932674));
#5992 = CARTESIAN_POINT('',(-11.72137195539,23.743238036061,
    54.945153632847));
#5993 = CARTESIAN_POINT('',(-11.6893865936,23.727459341055,
    54.973283054375));
#5994 = CARTESIAN_POINT('',(-11.65644595965,23.712688063895,
    55.001328145677));
#5995 = CARTESIAN_POINT('',(-11.6225598355,23.698973061532,
    55.029231040945));
#5996 = CARTESIAN_POINT('',(-11.56869101371,23.679459343974,
    55.07209200691));
#5997 = CARTESIAN_POINT('',(-11.54935789856,23.672887317369,
    55.087192593081));
#5998 = CARTESIAN_POINT('',(-11.52975026764,23.666654039059,
    55.102221897147));
#5999 = CARTESIAN_POINT('',(-11.5098720971,23.66076723456,
    55.117169471764));
#6000 = CARTESIAN_POINT('',(-11.48972825743,23.65523434815,
    55.132024683826));
#6001 = CARTESIAN_POINT('',(-11.46932451345,23.650062542868,
    55.146776714465));
#6002 = CARTESIAN_POINT('',(-11.4486675243,23.645258700521,
    55.161414559049));
#6003 = CARTESIAN_POINT('',(-11.38572198346,23.631920538089,
    55.205116855523));
#6004 = CARTESIAN_POINT('',(-11.34268005628,23.624525657526,
    55.233803361446));
#6005 = CARTESIAN_POINT('',(-11.29870769036,23.618698982217,
    55.261891476167));
#6006 = CARTESIAN_POINT('',(-11.25388458451,23.614485503546,
    55.289289553539));
#6007 = CARTESIAN_POINT('',(-11.20830218887,23.611919435379,
    55.315910746597));
#6008 = CARTESIAN_POINT('',(-11.16206438601,23.611022647398,
    55.341674384108));
#6009 = CARTESIAN_POINT('',(-11.11528817196,23.611803098437,
    55.366507347112));
#6010 = CARTESIAN_POINT('',(-11.02222181182,23.616635866543,
    55.413526099574));
#6011 = CARTESIAN_POINT('',(-10.97594497175,23.620597804395,
    55.435770480634));
#6012 = CARTESIAN_POINT('',(-10.92939326414,23.626132518779,
    55.457019268029));
#6013 = CARTESIAN_POINT('',(-10.88268373405,23.633220462942,
    55.477228449196));
#6014 = CARTESIAN_POINT('',(-10.83593054794,23.64183053349,
    55.496367966205));
#6015 = CARTESIAN_POINT('',(-10.7892445172,23.651921495926,
    55.514420362345));
#6016 = CARTESIAN_POINT('',(-10.74273262161,23.663443410172,
    55.531379428708));
#6017 = CARTESIAN_POINT('',(-10.67392238742,23.682635596034,
    55.554997392433));
#6018 = CARTESIAN_POINT('',(-10.65141197269,23.689260028019,
    55.562486529827));
#6019 = CARTESIAN_POINT('',(-10.62897749679,23.696205812915,
    55.569717032447));
#6020 = CARTESIAN_POINT('',(-10.60662958644,23.703466244239,
    55.576690181028));
#6021 = CARTESIAN_POINT('',(-10.584378287,23.711034448164,
    55.583407767543));
#6022 = CARTESIAN_POINT('',(-10.56223306246,23.718903383519,
    55.589872095205));
#6023 = CARTESIAN_POINT('',(-10.54020279544,23.72706584179,
    55.596085978469));
#6024 = CARTESIAN_POINT('',(-10.47808073215,23.751023690747,
    55.613006030766));
#6025 = CARTESIAN_POINT('',(-10.43828139492,23.767497290925,
    55.623126219422));
#6026 = CARTESIAN_POINT('',(-10.39894824672,23.784890498159,
    55.632433553759));
#6027 = CARTESIAN_POINT('',(-10.36012500049,23.803158288392,
    55.640952436762));
#6028 = CARTESIAN_POINT('',(-10.32184899408,23.82225605851,
    55.648710488835));
#6029 = CARTESIAN_POINT('',(-10.2841515734,23.842140321846,
    55.655737606988));
#6030 = CARTESIAN_POINT('',(-10.24705847565,23.862769403684,
    55.662065024035));
#6031 = CARTESIAN_POINT('',(-10.09990905081,23.948855041648,
    55.684900473386));
#6032 = CARTESIAN_POINT('',(-9.995119296482,24.020025608841,
    55.695902246536));
#6033 = CARTESIAN_POINT('',(-9.896583450394,24.096601743466,
    55.701672380814));
#6034 = CARTESIAN_POINT('',(-9.804500470679,24.177700913694,
    55.703106015665));
#6035 = CARTESIAN_POINT('',(-9.718918259383,24.262570897756,
    55.701016651678));
#6036 = CARTESIAN_POINT('',(-9.639758590748,24.350598608165,
    55.696115039354));
#6037 = CARTESIAN_POINT('',(-9.566854481051,24.441328993141,
    55.689001041365));
#6038 = CARTESIAN_POINT('',(-9.5,24.534494015252,55.680168468301));
#6039 = ORIENTED_EDGE('',*,*,#6040,.T.);
#6040 = EDGE_CURVE('',#5880,#6041,#6043,.T.);
#6041 = VERTEX_POINT('',#6042);
#6042 = CARTESIAN_POINT('',(-11.42147446254,27.763267320807,
    57.77051464138));
#6043 = CIRCLE('',#6044,1.937179570033);
#6044 = AXIS2_PLACEMENT_3D('',#6045,#6046,#6047);
#6045 = CARTESIAN_POINT('',(-11.42147446254,27.570510749177,
    55.842948925082));
#6046 = DIRECTION('',(-4.96903995E-02,-0.99380799,9.938079899999E-02));
#6047 = DIRECTION('',(-8.673617379884E-19,-9.9503719021E-02,
    -0.99503719021));
#6048 = ORIENTED_EDGE('',*,*,#6049,.T.);
#6049 = EDGE_CURVE('',#6041,#4986,#6050,.T.);
#6050 = CIRCLE('',#6051,1.937179570033);
#6051 = AXIS2_PLACEMENT_3D('',#6052,#6053,#6054);
#6052 = CARTESIAN_POINT('',(-11.42147446254,27.570510749177,
    55.842948925082));
#6053 = DIRECTION('',(-4.96903995E-02,-0.99380799,9.938079899999E-02));
#6054 = DIRECTION('',(-8.673617379884E-19,-9.9503719021E-02,
    -0.99503719021));
#6055 = ORIENTED_EDGE('',*,*,#4985,.T.);
#6056 = ORIENTED_EDGE('',*,*,#4954,.T.);
#6057 = ORIENTED_EDGE('',*,*,#5871,.T.);
#6058 = ORIENTED_EDGE('',*,*,#4502,.F.);
#6059 = SPHERICAL_SURFACE('',#6060,2.5);
#6060 = AXIS2_PLACEMENT_3D('',#6061,#6062,#6063);
#6061 = CARTESIAN_POINT('',(-11.5,26.,56.));
#6062 = DIRECTION('',(0.,0.,1.));
#6063 = DIRECTION('',(1.,0.,-0.));
#6064 = ADVANCED_FACE('',(#6065),#6077,.T.);
#6065 = FACE_BOUND('',#6066,.T.);
#6066 = EDGE_LOOP('',(#6067,#6075,#6076));
#6067 = ORIENTED_EDGE('',*,*,#6068,.F.);
#6068 = EDGE_CURVE('',#5662,#4616,#6069,.T.);
#6069 = B_SPLINE_CURVE_WITH_KNOTS('',4,(#6070,#6071,#6072,#6073,#6074),
  .UNSPECIFIED.,.F.,.F.,(5,5),(0.,1.),.PIECEWISE_BEZIER_KNOTS.);
#6070 = CARTESIAN_POINT('',(9.5,31.326055619911,55.036289867359));
#6071 = CARTESIAN_POINT('',(9.513802523163,29.959100045218,
    55.165885017078));
#6072 = CARTESIAN_POINT('',(9.527653930451,28.592138193672,
    55.295404399893));
#6073 = CARTESIAN_POINT('',(9.541546595488,27.225170168029,
    55.424849776771));
#6074 = CARTESIAN_POINT('',(9.555475745585,25.858196093736,
    55.55422306457));
#6075 = ORIENTED_EDGE('',*,*,#5661,.F.);
#6076 = ORIENTED_EDGE('',*,*,#4624,.F.);
#6077 = CONICAL_SURFACE('',#6078,3.8,1.573919730499E-02);
#6078 = AXIS2_PLACEMENT_3D('',#6079,#6080,#6081);
#6079 = CARTESIAN_POINT('',(9.5,2.,54.));
#6080 = DIRECTION('',(-0.,-0.996898148653,7.870248542001E-02));
#6081 = DIRECTION('',(0.,7.870248542001E-02,0.996898148653));
#6082 = ADVANCED_FACE('',(#6083),#6103,.T.);
#6083 = FACE_BOUND('',#6084,.T.);
#6084 = EDGE_LOOP('',(#6085,#6093,#6100,#6101,#6102));
#6085 = ORIENTED_EDGE('',*,*,#6086,.T.);
#6086 = EDGE_CURVE('',#4607,#6087,#6089,.T.);
#6087 = VERTEX_POINT('',#6088);
#6088 = CARTESIAN_POINT('',(11.056509415274,35.033515962532,
    56.75006151072));
#6089 = LINE('',#6090,#6091);
#6090 = CARTESIAN_POINT('',(11.5,26.199007438042,57.99007438042));
#6091 = VECTOR('',#6092,1.);
#6092 = DIRECTION('',(-4.965118442079E-02,0.989071306413,-0.138826188871
    ));
#6093 = ORIENTED_EDGE('',*,*,#6094,.T.);
#6094 = EDGE_CURVE('',#6087,#5670,#6095,.T.);
#6095 = CIRCLE('',#6096,1.645207532219);
#6096 = AXIS2_PLACEMENT_3D('',#6097,#6098,#6099);
#6097 = CARTESIAN_POINT('',(11.056509415274,34.869811694515,
    55.113018830549));
#6098 = DIRECTION('',(4.96903995E-02,-0.99380799,9.938079899999E-02));
#6099 = DIRECTION('',(0.,-9.9503719021E-02,-0.99503719021));
#6100 = ORIENTED_EDGE('',*,*,#5669,.T.);
#6101 = ORIENTED_EDGE('',*,*,#6068,.T.);
#6102 = ORIENTED_EDGE('',*,*,#4615,.F.);
#6103 = CONICAL_SURFACE('',#6104,2.,3.97313999379E-02);
#6104 = AXIS2_PLACEMENT_3D('',#6105,#6106,#6107);
#6105 = CARTESIAN_POINT('',(11.5,26.,56.));
#6106 = DIRECTION('',(4.96903995E-02,-0.99380799,9.938079899999E-02));
#6107 = DIRECTION('',(0.,9.9503719021E-02,0.99503719021));
#6108 = ADVANCED_FACE('',(#6109),#6121,.T.);
#6109 = FACE_BOUND('',#6110,.T.);
#6110 = EDGE_LOOP('',(#6111,#6118,#6119,#6120));
#6111 = ORIENTED_EDGE('',*,*,#6112,.T.);
#6112 = EDGE_CURVE('',#5567,#6087,#6113,.T.);
#6113 = CIRCLE('',#6114,1.645207532219);
#6114 = AXIS2_PLACEMENT_3D('',#6115,#6116,#6117);
#6115 = CARTESIAN_POINT('',(11.056509415274,34.869811694515,
    55.113018830549));
#6116 = DIRECTION('',(4.96903995E-02,-0.99380799,9.938079899999E-02));
#6117 = DIRECTION('',(0.,-9.9503719021E-02,-0.99503719021));
#6118 = ORIENTED_EDGE('',*,*,#6086,.F.);
#6119 = ORIENTED_EDGE('',*,*,#4606,.F.);
#6120 = ORIENTED_EDGE('',*,*,#5639,.T.);
#6121 = CONICAL_SURFACE('',#6122,2.,3.97313999379E-02);
#6122 = AXIS2_PLACEMENT_3D('',#6123,#6124,#6125);
#6123 = CARTESIAN_POINT('',(11.5,26.,56.));
#6124 = DIRECTION('',(4.96903995E-02,-0.99380799,9.938079899999E-02));
#6125 = DIRECTION('',(0.,9.9503719021E-02,0.99503719021));
#6126 = ADVANCED_FACE('',(#6127),#6166,.T.);
#6127 = FACE_BOUND('',#6128,.T.);
#6128 = EDGE_LOOP('',(#6129,#6140,#6141,#6150,#6157,#6158,#6159));
#6129 = ORIENTED_EDGE('',*,*,#6130,.T.);
#6130 = EDGE_CURVE('',#6131,#6133,#6135,.T.);
#6131 = VERTEX_POINT('',#6132);
#6132 = CARTESIAN_POINT('',(-6.328544894547,40.,48.906707733236));
#6133 = VERTEX_POINT('',#6134);
#6134 = CARTESIAN_POINT('',(-9.5,40.,54.8));
#6135 = CIRCLE('',#6136,3.8);
#6136 = AXIS2_PLACEMENT_3D('',#6137,#6138,#6139);
#6137 = CARTESIAN_POINT('',(-9.5,40.,51.));
#6138 = DIRECTION('',(-2.449293598295E-16,-1.,0.));
#6139 = DIRECTION('',(1.,-2.449293598295E-16,0.));
#6140 = ORIENTED_EDGE('',*,*,#6130,.F.);
#6141 = ORIENTED_EDGE('',*,*,#6142,.T.);
#6142 = EDGE_CURVE('',#6131,#6143,#6145,.T.);
#6143 = VERTEX_POINT('',#6144);
#6144 = CARTESIAN_POINT('',(-12.67145510545,40.,48.906707733236));
#6145 = CIRCLE('',#6146,3.171455105453);
#6146 = AXIS2_PLACEMENT_3D('',#6147,#6148,#6149);
#6147 = CARTESIAN_POINT('',(-9.5,40.,48.906707733236));
#6148 = DIRECTION('',(0.,0.,1.));
#6149 = DIRECTION('',(0.,-1.,0.));
#6150 = ORIENTED_EDGE('',*,*,#6151,.T.);
#6151 = EDGE_CURVE('',#6143,#5290,#6152,.T.);
#6152 = CIRCLE('',#6153,3.171455105453);
#6153 = AXIS2_PLACEMENT_3D('',#6154,#6155,#6156);
#6154 = CARTESIAN_POINT('',(-9.5,40.,48.906707733236));
#6155 = DIRECTION('',(0.,0.,1.));
#6156 = DIRECTION('',(0.,-1.,0.));
#6157 = ORIENTED_EDGE('',*,*,#5289,.F.);
#6158 = ORIENTED_EDGE('',*,*,#4868,.F.);
#6159 = ORIENTED_EDGE('',*,*,#6160,.T.);
#6160 = EDGE_CURVE('',#4869,#6131,#6161,.T.);
#6161 = CIRCLE('',#6162,3.171455105453);
#6162 = AXIS2_PLACEMENT_3D('',#6163,#6164,#6165);
#6163 = CARTESIAN_POINT('',(-9.5,40.,48.906707733236));
#6164 = DIRECTION('',(0.,0.,1.));
#6165 = DIRECTION('',(0.,-1.,0.));
#6166 = SPHERICAL_SURFACE('',#6167,3.8);
#6167 = AXIS2_PLACEMENT_3D('',#6168,#6169,#6170);
#6168 = CARTESIAN_POINT('',(-9.5,40.,51.));
#6169 = DIRECTION('',(0.,0.,1.));
#6170 = DIRECTION('',(1.,0.,-0.));
#6171 = ADVANCED_FACE('',(#6172),#6308,.T.);
#6172 = FACE_BOUND('',#6173,.T.);
#6173 = EDGE_LOOP('',(#6174,#6185,#6191,#6192,#6193,#6194,#6195,#6196,
    #6205,#6214,#6263));
#6174 = ORIENTED_EDGE('',*,*,#6175,.T.);
#6175 = EDGE_CURVE('',#6176,#6178,#6180,.T.);
#6176 = VERTEX_POINT('',#6177);
#6177 = CARTESIAN_POINT('',(-10.76190382406,42.296002859173,
    8.46149565549));
#6178 = VERTEX_POINT('',#6179);
#6179 = CARTESIAN_POINT('',(-12.11992948592,40.,8.461495634206));
#6180 = CIRCLE('',#6181,2.619929485921);
#6181 = AXIS2_PLACEMENT_3D('',#6182,#6183,#6184);
#6182 = CARTESIAN_POINT('',(-9.5,40.,8.461495634206));
#6183 = DIRECTION('',(0.,0.,1.));
#6184 = DIRECTION('',(0.,-1.,0.));
#6185 = ORIENTED_EDGE('',*,*,#6186,.F.);
#6186 = EDGE_CURVE('',#6143,#6178,#6187,.T.);
#6187 = LINE('',#6188,#6189);
#6188 = CARTESIAN_POINT('',(-12.7,40.,51.));
#6189 = VECTOR('',#6190,1.);
#6190 = DIRECTION('',(1.363509596943E-02,3.339635327005E-18,
    -0.999907037758));
#6191 = ORIENTED_EDGE('',*,*,#6142,.F.);
#6192 = ORIENTED_EDGE('',*,*,#6160,.F.);
#6193 = ORIENTED_EDGE('',*,*,#5298,.F.);
#6194 = ORIENTED_EDGE('',*,*,#6151,.F.);
#6195 = ORIENTED_EDGE('',*,*,#6186,.T.);
#6196 = ORIENTED_EDGE('',*,*,#6197,.T.);
#6197 = EDGE_CURVE('',#6178,#6198,#6200,.T.);
#6198 = VERTEX_POINT('',#6199);
#6199 = CARTESIAN_POINT('',(-6.880070514079,40.,8.461495634206));
#6200 = CIRCLE('',#6201,2.619929485921);
#6201 = AXIS2_PLACEMENT_3D('',#6202,#6203,#6204);
#6202 = CARTESIAN_POINT('',(-9.5,40.,8.461495634206));
#6203 = DIRECTION('',(0.,0.,1.));
#6204 = DIRECTION('',(0.,-1.,0.));
#6205 = ORIENTED_EDGE('',*,*,#6206,.T.);
#6206 = EDGE_CURVE('',#6198,#6207,#6209,.T.);
#6207 = VERTEX_POINT('',#6208);
#6208 = CARTESIAN_POINT('',(-8.238096130725,42.296002865378,
    8.461495627489));
#6209 = CIRCLE('',#6210,2.619929485921);
#6210 = AXIS2_PLACEMENT_3D('',#6211,#6212,#6213);
#6211 = CARTESIAN_POINT('',(-9.5,40.,8.461495634206));
#6212 = DIRECTION('',(0.,0.,1.));
#6213 = DIRECTION('',(0.,-1.,0.));
#6214 = ORIENTED_EDGE('',*,*,#6215,.T.);
#6215 = EDGE_CURVE('',#6207,#6216,#6218,.T.);
#6216 = VERTEX_POINT('',#6217);
#6217 = CARTESIAN_POINT('',(-9.5,42.623266961073,8.706243812046));
#6218 = B_SPLINE_CURVE_WITH_KNOTS('',8,(#6219,#6220,#6221,#6222,#6223,
    #6224,#6225,#6226,#6227,#6228,#6229,#6230,#6231,#6232,#6233,#6234,
    #6235,#6236,#6237,#6238,#6239,#6240,#6241,#6242,#6243,#6244,#6245,
    #6246,#6247,#6248,#6249,#6250,#6251,#6252,#6253,#6254,#6255,#6256,
    #6257,#6258,#6259,#6260,#6261,#6262),.UNSPECIFIED.,.F.,.F.,(9,7,7,7,
    7,7,9),(0.,7.465997893809E-02,0.124596593454,0.323089522099,
    0.704863775107,0.815004382951,1.),.UNSPECIFIED.);
#6219 = CARTESIAN_POINT('',(-7.013524184016,40.759893424454,7.));
#6220 = CARTESIAN_POINT('',(-7.016864539041,40.772202542398,
    7.029556317478));
#6221 = CARTESIAN_POINT('',(-7.020688340737,40.785830646129,
    7.058715994328));
#6222 = CARTESIAN_POINT('',(-7.024993358458,40.80067404817,7.08742667665
    ));
#6223 = CARTESIAN_POINT('',(-7.029772599814,40.816610698511,
    7.115659820512));
#6224 = CARTESIAN_POINT('',(-7.035016127046,40.833514691478,
    7.143404342958));
#6225 = CARTESIAN_POINT('',(-7.040712838598,40.851266731618,
    7.170662026336));
#6226 = CARTESIAN_POINT('',(-7.046852215846,40.869760558577,
    7.19744467596));
#6227 = CARTESIAN_POINT('',(-7.057822959316,40.901710385795,
    7.241382852876));
#6228 = CARTESIAN_POINT('',(-7.06241423192,40.914806447315,
    7.258789065542));
#6229 = CARTESIAN_POINT('',(-7.067197236694,40.928166289896,
    7.275997998772));
#6230 = CARTESIAN_POINT('',(-7.072169612681,40.94176492759,
    7.293016173154));
#6231 = CARTESIAN_POINT('',(-7.077329254121,40.955579614179,
    7.309850300194));
#6232 = CARTESIAN_POINT('',(-7.082674310444,40.969589843168,
    7.326507282326));
#6233 = CARTESIAN_POINT('',(-7.088203186277,40.983777347791,
    7.342994212902));
#6234 = CARTESIAN_POINT('',(-7.116616593302,41.055160925557,
    7.424205253533));
#6235 = CARTESIAN_POINT('',(-7.142180749999,41.114687468087,
    7.486456903168));
#6236 = CARTESIAN_POINT('',(-7.170553102472,41.175765297073,
    7.546622124466));
#6237 = CARTESIAN_POINT('',(-7.20170642882,41.237780816794,
    7.605001011225));
#6238 = CARTESIAN_POINT('',(-7.235627839078,41.30029655004,
    7.661790497271));
#6239 = CARTESIAN_POINT('',(-7.272324721357,41.362991073792,
    7.717139608735));
#6240 = CARTESIAN_POINT('',(-7.311839696397,41.425638666809,
    7.771163326634));
#6241 = CARTESIAN_POINT('',(-7.435865163889,41.608170801957,
    7.92551883391));
#6242 = CARTESIAN_POINT('',(-7.528004169387,41.727156549261,
    8.022264738628));
#6243 = CARTESIAN_POINT('',(-7.631113958844,41.843720048252,
    8.114809906398));
#6244 = CARTESIAN_POINT('',(-7.745690036284,41.956710970946,
    8.202927617127));
#6245 = CARTESIAN_POINT('',(-7.872168540442,42.064747378572,
    8.286111223482));
#6246 = CARTESIAN_POINT('',(-8.010884695226,42.166278751654,
    8.363515755807));
#6247 = CARTESIAN_POINT('',(-8.161998623713,42.259519919315,
    8.434084092684));
#6248 = CARTESIAN_POINT('',(-8.372657602977,42.36637192074,
    8.514522111364));
#6249 = CARTESIAN_POINT('',(-8.420830681835,42.389425593467,
    8.53184558137));
#6250 = CARTESIAN_POINT('',(-8.4699978217,42.411556690781,8.548448609335
    ));
#6251 = CARTESIAN_POINT('',(-8.520141286358,42.43271090814,
    8.564295364486));
#6252 = CARTESIAN_POINT('',(-8.571236931342,42.452832429257,
    8.579348563576));
#6253 = CARTESIAN_POINT('',(-8.62325343228,42.471864822964,8.59357015185
    ));
#6254 = CARTESIAN_POINT('',(-8.676151513247,42.48975194007,
    8.606921984021));
#6255 = CARTESIAN_POINT('',(-8.820132558495,42.53446660037,
    8.640268713126));
#6256 = CARTESIAN_POINT('',(-8.912769383139,42.55911960844,
    8.658619675176));
#6257 = CARTESIAN_POINT('',(-9.007523845693,42.580119042854,
    8.674227642188));
#6258 = CARTESIAN_POINT('',(-9.10407641738,42.597215675567,
    8.686920614802));
#6259 = CARTESIAN_POINT('',(-9.202055370184,42.610199323899,
    8.696552842554));
#6260 = CARTESIAN_POINT('',(-9.301034363868,42.618912319012,
    8.703014396021));
#6261 = CARTESIAN_POINT('',(-9.400530093862,42.623266961073,
    8.706243812046));
#6262 = CARTESIAN_POINT('',(-9.5,42.623266961073,8.706243812046));
#6263 = ORIENTED_EDGE('',*,*,#6264,.T.);
#6264 = EDGE_CURVE('',#6216,#6176,#6265,.T.);
#6265 = B_SPLINE_CURVE_WITH_KNOTS('',6,(#6266,#6267,#6268,#6269,#6270,
    #6271,#6272,#6273,#6274,#6275,#6276,#6277,#6278,#6279,#6280,#6281,
    #6282,#6283,#6284,#6285,#6286,#6287,#6288,#6289,#6290,#6291,#6292,
    #6293,#6294,#6295,#6296,#6297,#6298,#6299,#6300,#6301,#6302,#6303,
    #6304,#6305,#6306,#6307),.UNSPECIFIED.,.F.,.F.,(7,5,5,5,5,5,5,5,7),(
    0.,0.185578508131,0.29455697152,0.478666243421,0.677207859434,
    0.842691322668,0.886900669586,0.940544043491,1.),.UNSPECIFIED.);
#6266 = CARTESIAN_POINT('',(-9.5,42.623266961073,8.706243812046));
#6267 = CARTESIAN_POINT('',(-9.632991401026,42.623266961073,
    8.706243812046));
#6268 = CARTESIAN_POINT('',(-9.766031478282,42.615093508355,
    8.700182354056));
#6269 = CARTESIAN_POINT('',(-9.897588010259,42.598736088031,
    8.688051727756));
#6270 = CARTESIAN_POINT('',(-10.02640891037,42.574615645709,
    8.67014717779));
#6271 = CARTESIAN_POINT('',(-10.15150032654,42.54338136981,
    8.646917939494));
#6272 = CARTESIAN_POINT('',(-10.34292541435,42.483764320351,
    8.602456083016));
#6273 = CARTESIAN_POINT('',(-10.41222320171,42.459518653123,
    8.584351472923));
#6274 = CARTESIAN_POINT('',(-10.47986692975,42.43323308691,8.56469377224
    ));
#6275 = CARTESIAN_POINT('',(-10.54576600069,42.40506181053,
    8.543587341492));
#6276 = CARTESIAN_POINT('',(-10.60986190738,42.37515626906,8.52113309809
    ));
#6277 = CARTESIAN_POINT('',(-10.77730321185,42.290442455417,
    8.457365572165));
#6278 = CARTESIAN_POINT('',(-10.87722627456,42.23268821112,
    8.413729637568));
#6279 = CARTESIAN_POINT('',(-10.97176689563,42.171063903196,
    8.366946761194));
#6280 = CARTESIAN_POINT('',(-11.06092875059,42.10617769541,
    8.317394723446));
#6281 = CARTESIAN_POINT('',(-11.14480317358,42.038560999885,
    8.265370661194));
#6282 = CARTESIAN_POINT('',(-11.30842706601,41.893264832576,
    8.152501718041));
#6283 = CARTESIAN_POINT('',(-11.38731564813,41.815232607386,
    8.091300055444));
#6284 = CARTESIAN_POINT('',(-11.46037732514,41.735110030535,
    8.027700969627));
#6285 = CARTESIAN_POINT('',(-11.52777579656,41.653415591876,
    7.961848653655));
#6286 = CARTESIAN_POINT('',(-11.58967309086,41.570643734039,
    7.893798265985));
#6287 = CARTESIAN_POINT('',(-11.69333174023,41.417978596356,
    7.76467424547));
#6288 = CARTESIAN_POINT('',(-11.73670527378,41.348272535541,
    7.704355184443));
#6289 = CARTESIAN_POINT('',(-11.7764423612,41.278562391591,
    7.642289845971));
#6290 = CARTESIAN_POINT('',(-11.8125742407,41.20929424971,7.578281864865
    ));
#6291 = CARTESIAN_POINT('',(-11.84510384448,41.14107234196,
    7.512070076542));
#6292 = CARTESIAN_POINT('',(-11.88170545749,41.057349152797,
    7.424537260883));
#6293 = CARTESIAN_POINT('',(-11.88916107974,41.039853677282,
    7.405880397822));
#6294 = CARTESIAN_POINT('',(-11.89635435598,41.022535881981,
    7.38700982614));
#6295 = CARTESIAN_POINT('',(-11.90328338627,41.005422200659,
    7.367913388134));
#6296 = CARTESIAN_POINT('',(-11.90994565375,40.988543629928,
    7.348578078911));
#6297 = CARTESIAN_POINT('',(-11.92409449177,40.951783795594,
    7.305222037439));
#6298 = CARTESIAN_POINT('',(-11.93145316007,40.932031820125,
    7.281083240358));
#6299 = CARTESIAN_POINT('',(-11.93840916327,40.912742180392,
    7.256547364392));
#6300 = CARTESIAN_POINT('',(-11.94495467762,40.893993968466,
    7.231590402479));
#6301 = CARTESIAN_POINT('',(-11.95108036876,40.875881190745,
    7.206191878447));
#6302 = CARTESIAN_POINT('',(-11.96309055496,40.839258576545,
    7.151678680038));
#6303 = CARTESIAN_POINT('',(-11.9688768527,40.820919145974,
    7.122460068616));
#6304 = CARTESIAN_POINT('',(-11.97412204864,40.803638549226,
    7.092664311401));
#6305 = CARTESIAN_POINT('',(-11.97881030225,40.787593650511,
    7.06229367822));
#6306 = CARTESIAN_POINT('',(-11.98292927937,40.772962315955,
    7.031380664751));
#6307 = CARTESIAN_POINT('',(-11.98647581598,40.759893424454,7.));
#6308 = CONICAL_SURFACE('',#6309,3.2,1.36355185015E-02);
#6309 = AXIS2_PLACEMENT_3D('',#6310,#6311,#6312);
#6310 = CARTESIAN_POINT('',(-9.5,40.,51.));
#6311 = DIRECTION('',(-0.,-0.,1.));
#6312 = DIRECTION('',(-1.,0.,-0.));
#6313 = ADVANCED_FACE('',(#6314),#6345,.T.);
#6314 = FACE_BOUND('',#6315,.T.);
#6315 = EDGE_LOOP('',(#6316,#6325,#6326,#6327,#6328,#6337,#6344));
#6316 = ORIENTED_EDGE('',*,*,#6317,.T.);
#6317 = EDGE_CURVE('',#4888,#6318,#6320,.T.);
#6318 = VERTEX_POINT('',#6319);
#6319 = CARTESIAN_POINT('',(-11.,36.,57.));
#6320 = CIRCLE('',#6321,2.);
#6321 = AXIS2_PLACEMENT_3D('',#6322,#6323,#6324);
#6322 = CARTESIAN_POINT('',(-11.,36.,55.));
#6323 = DIRECTION('',(-2.449293598295E-16,-1.,0.));
#6324 = DIRECTION('',(1.,-2.449293598295E-16,0.));
#6325 = ORIENTED_EDGE('',*,*,#6317,.F.);
#6326 = ORIENTED_EDGE('',*,*,#4887,.T.);
#6327 = ORIENTED_EDGE('',*,*,#5157,.T.);
#6328 = ORIENTED_EDGE('',*,*,#6329,.F.);
#6329 = EDGE_CURVE('',#6330,#5147,#6332,.T.);
#6330 = VERTEX_POINT('',#6331);
#6331 = CARTESIAN_POINT('',(-11.05650941527,35.033515962532,
    56.75006151072));
#6332 = CIRCLE('',#6333,1.645207532219);
#6333 = AXIS2_PLACEMENT_3D('',#6334,#6335,#6336);
#6334 = CARTESIAN_POINT('',(-11.05650941527,34.869811694515,
    55.113018830549));
#6335 = DIRECTION('',(-4.96903995E-02,-0.99380799,9.938079899999E-02));
#6336 = DIRECTION('',(0.,-9.9503719021E-02,-0.99503719021));
#6337 = ORIENTED_EDGE('',*,*,#6338,.F.);
#6338 = EDGE_CURVE('',#4902,#6330,#6339,.T.);
#6339 = CIRCLE('',#6340,1.645207532219);
#6340 = AXIS2_PLACEMENT_3D('',#6341,#6342,#6343);
#6341 = CARTESIAN_POINT('',(-11.05650941527,34.869811694515,
    55.113018830549));
#6342 = DIRECTION('',(-4.96903995E-02,-0.99380799,9.938079899999E-02));
#6343 = DIRECTION('',(0.,-9.9503719021E-02,-0.99503719021));
#6344 = ORIENTED_EDGE('',*,*,#4901,.T.);
#6345 = SPHERICAL_SURFACE('',#6346,2.);
#6346 = AXIS2_PLACEMENT_3D('',#6347,#6348,#6349);
#6347 = CARTESIAN_POINT('',(-11.,36.,55.));
#6348 = DIRECTION('',(0.,0.,1.));
#6349 = DIRECTION('',(1.,0.,-0.));
#6350 = ADVANCED_FACE('',(#6351),#6362,.T.);
#6351 = FACE_BOUND('',#6352,.T.);
#6352 = EDGE_LOOP('',(#6353,#6359,#6360,#6361));
#6353 = ORIENTED_EDGE('',*,*,#6354,.T.);
#6354 = EDGE_CURVE('',#6041,#6330,#6355,.T.);
#6355 = LINE('',#6356,#6357);
#6356 = CARTESIAN_POINT('',(-11.5,26.199007438042,57.99007438042));
#6357 = VECTOR('',#6358,1.);
#6358 = DIRECTION('',(4.965118442079E-02,0.989071306413,-0.138826188871)
  );
#6359 = ORIENTED_EDGE('',*,*,#6329,.T.);
#6360 = ORIENTED_EDGE('',*,*,#5146,.T.);
#6361 = ORIENTED_EDGE('',*,*,#6049,.F.);
#6362 = CONICAL_SURFACE('',#6363,2.,3.97313999379E-02);
#6363 = AXIS2_PLACEMENT_3D('',#6364,#6365,#6366);
#6364 = CARTESIAN_POINT('',(-11.5,26.,56.));
#6365 = DIRECTION('',(-4.96903995E-02,-0.99380799,9.938079899999E-02));
#6366 = DIRECTION('',(0.,9.9503719021E-02,0.99503719021));
#6367 = ADVANCED_FACE('',(#6368),#6380,.T.);
#6368 = FACE_BOUND('',#6369,.T.);
#6369 = EDGE_LOOP('',(#6370,#6371,#6379));
#6370 = ORIENTED_EDGE('',*,*,#4932,.T.);
#6371 = ORIENTED_EDGE('',*,*,#6372,.F.);
#6372 = EDGE_CURVE('',#5880,#4923,#6373,.T.);
#6373 = B_SPLINE_CURVE_WITH_KNOTS('',4,(#6374,#6375,#6376,#6377,#6378),
  .UNSPECIFIED.,.F.,.F.,(5,5),(0.,1.),.PIECEWISE_BEZIER_KNOTS.);
#6374 = CARTESIAN_POINT('',(-9.555475745585,25.858196093736,
    55.55422306457));
#6375 = CARTESIAN_POINT('',(-9.541546595488,27.225170168087,
    55.424849776765));
#6376 = CARTESIAN_POINT('',(-9.527653930452,28.59213819361,
    55.295404399899));
#6377 = CARTESIAN_POINT('',(-9.513802523163,29.959100045176,
    55.165885017082));
#6378 = CARTESIAN_POINT('',(-9.5,31.326055619928,55.036289867357));
#6379 = ORIENTED_EDGE('',*,*,#5879,.F.);
#6380 = CONICAL_SURFACE('',#6381,3.8,1.573919730499E-02);
#6381 = AXIS2_PLACEMENT_3D('',#6382,#6383,#6384);
#6382 = CARTESIAN_POINT('',(-9.5,2.,54.));
#6383 = DIRECTION('',(-0.,-0.996898148653,7.870248542001E-02));
#6384 = DIRECTION('',(0.,7.870248542001E-02,0.996898148653));
#6385 = ADVANCED_FACE('',(#6386),#6393,.T.);
#6386 = FACE_BOUND('',#6387,.T.);
#6387 = EDGE_LOOP('',(#6388,#6389,#6390,#6391,#6392));
#6388 = ORIENTED_EDGE('',*,*,#6338,.T.);
#6389 = ORIENTED_EDGE('',*,*,#6354,.F.);
#6390 = ORIENTED_EDGE('',*,*,#6040,.F.);
#6391 = ORIENTED_EDGE('',*,*,#6372,.T.);
#6392 = ORIENTED_EDGE('',*,*,#4922,.T.);
#6393 = CONICAL_SURFACE('',#6394,2.,3.97313999379E-02);
#6394 = AXIS2_PLACEMENT_3D('',#6395,#6396,#6397);
#6395 = CARTESIAN_POINT('',(-11.5,26.,56.));
#6396 = DIRECTION('',(-4.96903995E-02,-0.99380799,9.938079899999E-02));
#6397 = DIRECTION('',(0.,9.9503719021E-02,0.99503719021));
#6398 = ADVANCED_FACE('',(#6399),#6438,.T.);
#6399 = FACE_BOUND('',#6400,.T.);
#6400 = EDGE_LOOP('',(#6401,#6412,#6413,#6422,#6429,#6430,#6431));
#6401 = ORIENTED_EDGE('',*,*,#6402,.T.);
#6402 = EDGE_CURVE('',#6403,#6405,#6407,.T.);
#6403 = VERTEX_POINT('',#6404);
#6404 = CARTESIAN_POINT('',(12.671455105453,40.,48.906707733236));
#6405 = VERTEX_POINT('',#6406);
#6406 = CARTESIAN_POINT('',(9.5,40.,54.8));
#6407 = CIRCLE('',#6408,3.8);
#6408 = AXIS2_PLACEMENT_3D('',#6409,#6410,#6411);
#6409 = CARTESIAN_POINT('',(9.5,40.,51.));
#6410 = DIRECTION('',(-2.449293598295E-16,-1.,0.));
#6411 = DIRECTION('',(1.,-2.449293598295E-16,0.));
#6412 = ORIENTED_EDGE('',*,*,#6402,.F.);
#6413 = ORIENTED_EDGE('',*,*,#6414,.T.);
#6414 = EDGE_CURVE('',#6403,#6415,#6417,.T.);
#6415 = VERTEX_POINT('',#6416);
#6416 = CARTESIAN_POINT('',(6.328544894547,40.,48.906707733236));
#6417 = CIRCLE('',#6418,3.171455105453);
#6418 = AXIS2_PLACEMENT_3D('',#6419,#6420,#6421);
#6419 = CARTESIAN_POINT('',(9.5,40.,48.906707733236));
#6420 = DIRECTION('',(0.,0.,1.));
#6421 = DIRECTION('',(0.,-1.,0.));
#6422 = ORIENTED_EDGE('',*,*,#6423,.T.);
#6423 = EDGE_CURVE('',#6415,#5716,#6424,.T.);
#6424 = CIRCLE('',#6425,3.171455105453);
#6425 = AXIS2_PLACEMENT_3D('',#6426,#6427,#6428);
#6426 = CARTESIAN_POINT('',(9.5,40.,48.906707733236));
#6427 = DIRECTION('',(0.,0.,1.));
#6428 = DIRECTION('',(0.,-1.,0.));
#6429 = ORIENTED_EDGE('',*,*,#5715,.F.);
#6430 = ORIENTED_EDGE('',*,*,#5474,.F.);
#6431 = ORIENTED_EDGE('',*,*,#6432,.T.);
#6432 = EDGE_CURVE('',#5475,#6403,#6433,.T.);
#6433 = CIRCLE('',#6434,3.171455105453);
#6434 = AXIS2_PLACEMENT_3D('',#6435,#6436,#6437);
#6435 = CARTESIAN_POINT('',(9.5,40.,48.906707733236));
#6436 = DIRECTION('',(0.,0.,1.));
#6437 = DIRECTION('',(0.,-1.,0.));
#6438 = SPHERICAL_SURFACE('',#6439,3.8);
#6439 = AXIS2_PLACEMENT_3D('',#6440,#6441,#6442);
#6440 = CARTESIAN_POINT('',(9.5,40.,51.));
#6441 = DIRECTION('',(0.,0.,1.));
#6442 = DIRECTION('',(1.,0.,-0.));
#6443 = ADVANCED_FACE('',(#6444),#6580,.T.);
#6444 = FACE_BOUND('',#6445,.T.);
#6445 = EDGE_LOOP('',(#6446,#6457,#6463,#6464,#6465,#6466,#6467,#6468,
    #6477,#6486,#6535));
#6446 = ORIENTED_EDGE('',*,*,#6447,.T.);
#6447 = EDGE_CURVE('',#6448,#6450,#6452,.T.);
#6448 = VERTEX_POINT('',#6449);
#6449 = CARTESIAN_POINT('',(8.238096175952,42.296002859185,
    8.461495655492));
#6450 = VERTEX_POINT('',#6451);
#6451 = CARTESIAN_POINT('',(6.880070514079,40.,8.461495634205));
#6452 = CIRCLE('',#6453,2.619929485921);
#6453 = AXIS2_PLACEMENT_3D('',#6454,#6455,#6456);
#6454 = CARTESIAN_POINT('',(9.5,40.,8.461495634206));
#6455 = DIRECTION('',(0.,0.,1.));
#6456 = DIRECTION('',(0.,-1.,0.));
#6457 = ORIENTED_EDGE('',*,*,#6458,.F.);
#6458 = EDGE_CURVE('',#6415,#6450,#6459,.T.);
#6459 = LINE('',#6460,#6461);
#6460 = CARTESIAN_POINT('',(6.3,40.,51.));
#6461 = VECTOR('',#6462,1.);
#6462 = DIRECTION('',(1.363509596943E-02,3.339635327005E-18,
    -0.999907037758));
#6463 = ORIENTED_EDGE('',*,*,#6414,.F.);
#6464 = ORIENTED_EDGE('',*,*,#6432,.F.);
#6465 = ORIENTED_EDGE('',*,*,#5724,.F.);
#6466 = ORIENTED_EDGE('',*,*,#6423,.F.);
#6467 = ORIENTED_EDGE('',*,*,#6458,.T.);
#6468 = ORIENTED_EDGE('',*,*,#6469,.T.);
#6469 = EDGE_CURVE('',#6450,#6470,#6472,.T.);
#6470 = VERTEX_POINT('',#6471);
#6471 = CARTESIAN_POINT('',(12.119929485921,40.,8.461495634206));
#6472 = CIRCLE('',#6473,2.619929485921);
#6473 = AXIS2_PLACEMENT_3D('',#6474,#6475,#6476);
#6474 = CARTESIAN_POINT('',(9.5,40.,8.461495634206));
#6475 = DIRECTION('',(0.,0.,1.));
#6476 = DIRECTION('',(0.,-1.,0.));
#6477 = ORIENTED_EDGE('',*,*,#6478,.T.);
#6478 = EDGE_CURVE('',#6470,#6479,#6481,.T.);
#6479 = VERTEX_POINT('',#6480);
#6480 = CARTESIAN_POINT('',(10.761903869265,42.296002865384,
    8.461495627492));
#6481 = CIRCLE('',#6482,2.619929485921);
#6482 = AXIS2_PLACEMENT_3D('',#6483,#6484,#6485);
#6483 = CARTESIAN_POINT('',(9.5,40.,8.461495634206));
#6484 = DIRECTION('',(0.,0.,1.));
#6485 = DIRECTION('',(0.,-1.,0.));
#6486 = ORIENTED_EDGE('',*,*,#6487,.T.);
#6487 = EDGE_CURVE('',#6479,#6488,#6490,.T.);
#6488 = VERTEX_POINT('',#6489);
#6489 = CARTESIAN_POINT('',(9.5,42.623266961073,8.706243812046));
#6490 = B_SPLINE_CURVE_WITH_KNOTS('',8,(#6491,#6492,#6493,#6494,#6495,
    #6496,#6497,#6498,#6499,#6500,#6501,#6502,#6503,#6504,#6505,#6506,
    #6507,#6508,#6509,#6510,#6511,#6512,#6513,#6514,#6515,#6516,#6517,
    #6518,#6519,#6520,#6521,#6522,#6523,#6524,#6525,#6526,#6527,#6528,
    #6529,#6530,#6531,#6532,#6533,#6534),.UNSPECIFIED.,.F.,.F.,(9,7,7,7,
    7,7,9),(0.,7.465997893807E-02,0.124596593454,0.323089522098,
    0.704863775107,0.815004382951,1.),.UNSPECIFIED.);
#6491 = CARTESIAN_POINT('',(11.986475815984,40.759893424454,7.));
#6492 = CARTESIAN_POINT('',(11.983135460959,40.772202542398,
    7.029556317478));
#6493 = CARTESIAN_POINT('',(11.979311659263,40.785830646129,
    7.058715994328));
#6494 = CARTESIAN_POINT('',(11.975006641542,40.80067404817,7.08742667665
    ));
#6495 = CARTESIAN_POINT('',(11.970227400186,40.816610698511,
    7.115659820512));
#6496 = CARTESIAN_POINT('',(11.964983872954,40.833514691478,
    7.143404342958));
#6497 = CARTESIAN_POINT('',(11.959287161402,40.851266731618,
    7.170662026336));
#6498 = CARTESIAN_POINT('',(11.953147784154,40.869760558577,
    7.19744467596));
#6499 = CARTESIAN_POINT('',(11.942177040684,40.901710385795,
    7.241382852876));
#6500 = CARTESIAN_POINT('',(11.93758576808,40.914806447315,
    7.258789065542));
#6501 = CARTESIAN_POINT('',(11.932802763306,40.928166289896,
    7.275997998772));
#6502 = CARTESIAN_POINT('',(11.927830387319,40.94176492759,
    7.293016173154));
#6503 = CARTESIAN_POINT('',(11.922670745879,40.955579614179,
    7.309850300194));
#6504 = CARTESIAN_POINT('',(11.917325689556,40.969589843168,
    7.326507282326));
#6505 = CARTESIAN_POINT('',(11.911796813723,40.983777347791,
    7.342994212902));
#6506 = CARTESIAN_POINT('',(11.883383406698,41.055160925556,
    7.424205253533));
#6507 = CARTESIAN_POINT('',(11.857819250001,41.114687468087,
    7.486456903168));
#6508 = CARTESIAN_POINT('',(11.829446897528,41.175765297072,
    7.546622124466));
#6509 = CARTESIAN_POINT('',(11.79829357118,41.237780816794,
    7.605001011225));
#6510 = CARTESIAN_POINT('',(11.764372160921,41.30029655004,
    7.661790497271));
#6511 = CARTESIAN_POINT('',(11.727675278644,41.362991073792,
    7.717139608735));
#6512 = CARTESIAN_POINT('',(11.688160303603,41.425638666809,
    7.771163326634));
#6513 = CARTESIAN_POINT('',(11.564134836111,41.608170801957,
    7.92551883391));
#6514 = CARTESIAN_POINT('',(11.471995830614,41.727156549261,
    8.022264738628));
#6515 = CARTESIAN_POINT('',(11.368886041153,41.843720048253,
    8.114809906398));
#6516 = CARTESIAN_POINT('',(11.25430996372,41.956710970945,
    8.202927617127));
#6517 = CARTESIAN_POINT('',(11.127831459555,42.064747378572,
    8.286111223482));
#6518 = CARTESIAN_POINT('',(10.989115304775,42.166278751654,
    8.363515755807));
#6519 = CARTESIAN_POINT('',(10.838001376287,42.259519919315,
    8.434084092684));
#6520 = CARTESIAN_POINT('',(10.627342397023,42.36637192074,
    8.514522111364));
#6521 = CARTESIAN_POINT('',(10.579169318165,42.389425593467,
    8.53184558137));
#6522 = CARTESIAN_POINT('',(10.5300021783,42.411556690781,8.548448609335
    ));
#6523 = CARTESIAN_POINT('',(10.479858713642,42.43271090814,
    8.564295364486));
#6524 = CARTESIAN_POINT('',(10.428763068658,42.452832429257,
    8.579348563576));
#6525 = CARTESIAN_POINT('',(10.37674656772,42.471864822964,8.59357015185
    ));
#6526 = CARTESIAN_POINT('',(10.323848486753,42.48975194007,
    8.606921984021));
#6527 = CARTESIAN_POINT('',(10.179867441505,42.53446660037,
    8.640268713126));
#6528 = CARTESIAN_POINT('',(10.087230616861,42.55911960844,
    8.658619675176));
#6529 = CARTESIAN_POINT('',(9.992476154307,42.580119042854,
    8.674227642188));
#6530 = CARTESIAN_POINT('',(9.89592358262,42.597215675567,8.686920614802
    ));
#6531 = CARTESIAN_POINT('',(9.797944629816,42.610199323899,
    8.696552842554));
#6532 = CARTESIAN_POINT('',(9.698965636132,42.618912319012,
    8.703014396021));
#6533 = CARTESIAN_POINT('',(9.599469906138,42.623266961073,
    8.706243812046));
#6534 = CARTESIAN_POINT('',(9.5,42.623266961073,8.706243812046));
#6535 = ORIENTED_EDGE('',*,*,#6536,.T.);
#6536 = EDGE_CURVE('',#6488,#6448,#6537,.T.);
#6537 = B_SPLINE_CURVE_WITH_KNOTS('',6,(#6538,#6539,#6540,#6541,#6542,
    #6543,#6544,#6545,#6546,#6547,#6548,#6549,#6550,#6551,#6552,#6553,
    #6554,#6555,#6556,#6557,#6558,#6559,#6560,#6561,#6562,#6563,#6564,
    #6565,#6566,#6567,#6568,#6569,#6570,#6571,#6572,#6573,#6574,#6575,
    #6576,#6577,#6578,#6579),.UNSPECIFIED.,.F.,.F.,(7,5,5,5,5,5,5,5,7),(
    0.,0.185578508131,0.29455697152,0.478666243421,0.677207859434,
    0.842691322668,0.886900669587,0.940544043491,1.),.UNSPECIFIED.);
#6538 = CARTESIAN_POINT('',(9.5,42.623266961073,8.706243812046));
#6539 = CARTESIAN_POINT('',(9.367008598974,42.623266961073,
    8.706243812046));
#6540 = CARTESIAN_POINT('',(9.233968521718,42.615093508355,
    8.700182354056));
#6541 = CARTESIAN_POINT('',(9.10241198974,42.598736088031,8.688051727756
    ));
#6542 = CARTESIAN_POINT('',(8.973591089627,42.574615645709,8.67014717779
    ));
#6543 = CARTESIAN_POINT('',(8.848499673459,42.54338136981,8.646917939494
    ));
#6544 = CARTESIAN_POINT('',(8.657074585643,42.483764320351,
    8.602456083016));
#6545 = CARTESIAN_POINT('',(8.587776798289,42.459518653123,
    8.584351472923));
#6546 = CARTESIAN_POINT('',(8.520133070243,42.43323308691,8.56469377224)
  );
#6547 = CARTESIAN_POINT('',(8.454233999303,42.40506181053,8.543587341492
    ));
#6548 = CARTESIAN_POINT('',(8.390138092613,42.37515626906,8.52113309809)
  );
#6549 = CARTESIAN_POINT('',(8.222696788145,42.290442455417,
    8.457365572165));
#6550 = CARTESIAN_POINT('',(8.122773725439,42.23268821112,8.413729637568
    ));
#6551 = CARTESIAN_POINT('',(8.028233104365,42.171063903196,
    8.366946761194));
#6552 = CARTESIAN_POINT('',(7.939071249404,42.10617769541,8.317394723446
    ));
#6553 = CARTESIAN_POINT('',(7.855196826415,42.038560999885,
    8.265370661194));
#6554 = CARTESIAN_POINT('',(7.69157293399,41.893264832576,8.152501718041
    ));
#6555 = CARTESIAN_POINT('',(7.612684351866,41.815232607386,
    8.091300055444));
#6556 = CARTESIAN_POINT('',(7.539622674853,41.735110030535,
    8.027700969627));
#6557 = CARTESIAN_POINT('',(7.472224203438,41.653415591876,
    7.961848653655));
#6558 = CARTESIAN_POINT('',(7.410326909134,41.570643734039,
    7.893798265985));
#6559 = CARTESIAN_POINT('',(7.30666825977,41.417978596356,7.76467424547)
  );
#6560 = CARTESIAN_POINT('',(7.263294726211,41.348272535542,
    7.704355184443));
#6561 = CARTESIAN_POINT('',(7.223557638792,41.278562391591,
    7.642289845971));
#6562 = CARTESIAN_POINT('',(7.187425759291,41.20929424971,7.578281864865
    ));
#6563 = CARTESIAN_POINT('',(7.154896155513,41.14107234196,7.512070076542
    ));
#6564 = CARTESIAN_POINT('',(7.118294542506,41.057349152797,
    7.424537260883));
#6565 = CARTESIAN_POINT('',(7.110838920253,41.039853677282,
    7.405880397822));
#6566 = CARTESIAN_POINT('',(7.103645644011,41.022535881981,7.38700982614
    ));
#6567 = CARTESIAN_POINT('',(7.096716613726,41.005422200659,
    7.367913388134));
#6568 = CARTESIAN_POINT('',(7.090054346244,40.988543629928,
    7.348578078911));
#6569 = CARTESIAN_POINT('',(7.075905508228,40.951783795594,
    7.305222037439));
#6570 = CARTESIAN_POINT('',(7.068546839924,40.932031820125,
    7.281083240358));
#6571 = CARTESIAN_POINT('',(7.06159083673,40.912742180392,7.256547364392
    ));
#6572 = CARTESIAN_POINT('',(7.055045322378,40.893993968466,
    7.231590402479));
#6573 = CARTESIAN_POINT('',(7.048919631234,40.875881190745,
    7.206191878447));
#6574 = CARTESIAN_POINT('',(7.03690944504,40.839258576545,7.151678680038
    ));
#6575 = CARTESIAN_POINT('',(7.031123147294,40.820919145974,
    7.122460068616));
#6576 = CARTESIAN_POINT('',(7.025877951357,40.803638549226,
    7.092664311401));
#6577 = CARTESIAN_POINT('',(7.021189697746,40.787593650511,7.06229367822
    ));
#6578 = CARTESIAN_POINT('',(7.017070720629,40.772962315955,
    7.031380664751));
#6579 = CARTESIAN_POINT('',(7.013524184016,40.759893424454,7.));
#6580 = CONICAL_SURFACE('',#6581,3.2,1.36355185015E-02);
#6581 = AXIS2_PLACEMENT_3D('',#6582,#6583,#6584);
#6582 = CARTESIAN_POINT('',(9.5,40.,51.));
#6583 = DIRECTION('',(-0.,-0.,1.));
#6584 = DIRECTION('',(-1.,0.,-0.));
#6585 = ADVANCED_FACE('',(#6586),#6603,.T.);
#6586 = FACE_BOUND('',#6587,.T.);
#6587 = EDGE_LOOP('',(#6588,#6597,#6598,#6599,#6600,#6601,#6602));
#6588 = ORIENTED_EDGE('',*,*,#6589,.T.);
#6589 = EDGE_CURVE('',#5494,#6590,#6592,.T.);
#6590 = VERTEX_POINT('',#6591);
#6591 = CARTESIAN_POINT('',(11.,36.,57.));
#6592 = CIRCLE('',#6593,2.);
#6593 = AXIS2_PLACEMENT_3D('',#6594,#6595,#6596);
#6594 = CARTESIAN_POINT('',(11.,36.,55.));
#6595 = DIRECTION('',(-2.449293598295E-16,-1.,0.));
#6596 = DIRECTION('',(1.,-2.449293598295E-16,0.));
#6597 = ORIENTED_EDGE('',*,*,#6589,.F.);
#6598 = ORIENTED_EDGE('',*,*,#5493,.T.);
#6599 = ORIENTED_EDGE('',*,*,#5679,.T.);
#6600 = ORIENTED_EDGE('',*,*,#6094,.F.);
#6601 = ORIENTED_EDGE('',*,*,#6112,.F.);
#6602 = ORIENTED_EDGE('',*,*,#5566,.T.);
#6603 = SPHERICAL_SURFACE('',#6604,2.);
#6604 = AXIS2_PLACEMENT_3D('',#6605,#6606,#6607);
#6605 = CARTESIAN_POINT('',(11.,36.,55.));
#6606 = DIRECTION('',(0.,0.,1.));
#6607 = DIRECTION('',(1.,0.,-0.));
#6608 = ADVANCED_FACE('',(#6609),#6736,.T.);
#6609 = FACE_BOUND('',#6610,.T.);
#6610 = EDGE_LOOP('',(#6611,#6620,#6621,#6622,#6631,#6698,#6707));
#6611 = ORIENTED_EDGE('',*,*,#6612,.T.);
#6612 = EDGE_CURVE('',#6613,#6198,#6615,.T.);
#6613 = VERTEX_POINT('',#6614);
#6614 = CARTESIAN_POINT('',(-7.402626642679,40.,4.855));
#6615 = CIRCLE('',#6616,3.);
#6616 = AXIS2_PLACEMENT_3D('',#6617,#6618,#6619);
#6617 = CARTESIAN_POINT('',(-9.5,40.,7.));
#6618 = DIRECTION('',(-2.449293598295E-16,-1.,0.));
#6619 = DIRECTION('',(1.,-2.449293598295E-16,0.));
#6620 = ORIENTED_EDGE('',*,*,#6197,.F.);
#6621 = ORIENTED_EDGE('',*,*,#6175,.F.);
#6622 = ORIENTED_EDGE('',*,*,#6623,.F.);
#6623 = EDGE_CURVE('',#6624,#6176,#6626,.T.);
#6624 = VERTEX_POINT('',#6625);
#6625 = CARTESIAN_POINT('',(-11.47135980746,41.033059518845,
    4.988401496309));
#6626 = CIRCLE('',#6627,2.5);
#6627 = AXIS2_PLACEMENT_3D('',#6628,#6629,#6630);
#6628 = CARTESIAN_POINT('',(-9.5,41.558471083077,6.433283242517));
#6629 = DIRECTION('',(0.,0.939793423488,-0.341743063087));
#6630 = DIRECTION('',(0.,0.341743063087,0.939793423488));
#6631 = ORIENTED_EDGE('',*,*,#6632,.F.);
#6632 = EDGE_CURVE('',#6633,#6624,#6635,.T.);
#6633 = VERTEX_POINT('',#6634);
#6634 = CARTESIAN_POINT('',(-10.52458364363,37.549193338483,
    5.605806661517));
#6635 = B_SPLINE_CURVE_WITH_KNOTS('',6,(#6636,#6637,#6638,#6639,#6640,
    #6641,#6642,#6643,#6644,#6645,#6646,#6647,#6648,#6649,#6650,#6651,
    #6652,#6653,#6654,#6655,#6656,#6657,#6658,#6659,#6660,#6661,#6662,
    #6663,#6664,#6665,#6666,#6667,#6668,#6669,#6670,#6671,#6672,#6673,
    #6674,#6675,#6676,#6677,#6678,#6679,#6680,#6681,#6682,#6683,#6684,
    #6685,#6686,#6687,#6688,#6689,#6690,#6691,#6692,#6693,#6694,#6695,
    #6696,#6697),.UNSPECIFIED.,.F.,.F.,(7,5,5,5,5,5,5,5,5,5,5,5,7),(0.,
    7.621314164034E-02,0.141774522926,0.200371957758,0.253376582743,
    0.431737844007,0.609106367735,0.661597316321,0.719941418686,
    0.785415457482,0.861030818359,0.91581368163,1.),.UNSPECIFIED.);
#6636 = CARTESIAN_POINT('',(-10.52458270866,37.549192738483,
    5.605807029138));
#6637 = CARTESIAN_POINT('',(-10.60238891642,37.599123691157,
    5.575214243791));
#6638 = CARTESIAN_POINT('',(-10.67567054028,37.652625208125,
    5.543181303142));
#6639 = CARTESIAN_POINT('',(-10.74450158972,37.709204444373,
    5.510212664056));
#6640 = CARTESIAN_POINT('',(-10.80903245785,37.768432580067,
    5.476742430665));
#6641 = CARTESIAN_POINT('',(-10.86946451974,37.829957732522,
    5.443130443975));
#6642 = CARTESIAN_POINT('',(-10.97467992963,37.948194662703,
    5.380864448788));
#6643 = CARTESIAN_POINT('',(-11.02046237374,38.004368767341,
    5.352178836799));
#6644 = CARTESIAN_POINT('',(-11.06351190972,38.061866181874,
    5.323785468419));
#6645 = CARTESIAN_POINT('',(-11.10396420932,38.120536304197,
    5.295840522144));
#6646 = CARTESIAN_POINT('',(-11.1419505706,38.180252056128,
    5.268475398994));
#6647 = CARTESIAN_POINT('',(-11.20945841873,38.295124859286,
    5.217957499432));
#6648 = CARTESIAN_POINT('',(-11.23944894174,38.350089868188,
    5.194667168186));
#6649 = CARTESIAN_POINT('',(-11.26765861175,38.405729323751,
    5.172007789518));
#6650 = CARTESIAN_POINT('',(-11.29417001467,38.461975616985,
    5.150047625115));
#6651 = CARTESIAN_POINT('',(-11.31905969498,38.518769179894,
    5.128845335629));
#6652 = CARTESIAN_POINT('',(-11.36351041205,38.627879716594,
    5.090003578211));
#6653 = CARTESIAN_POINT('',(-11.38335304363,38.68010583827,
    5.072217573359));
#6654 = CARTESIAN_POINT('',(-11.40197897875,38.732698072163,
    5.055130279016));
#6655 = CARTESIAN_POINT('',(-11.41943631847,38.785620965324,
    5.038774395733));
#6656 = CARTESIAN_POINT('',(-11.43576903285,38.838842327968,
    5.023178232793));
#6657 = CARTESIAN_POINT('',(-11.50232644004,39.072330835095,
    4.958521367866));
#6658 = CARTESIAN_POINT('',(-11.5413506071,39.255370622305,
    4.917554160341));
#6659 = CARTESIAN_POINT('',(-11.56961492544,39.440356951906,
    4.886384953764));
#6660 = CARTESIAN_POINT('',(-11.58810908183,39.626466251352,
    4.865474743152));
#6661 = CARTESIAN_POINT('',(-11.59737335732,39.813147586858,4.855));
#6662 = CARTESIAN_POINT('',(-11.59737335732,40.185812414865,4.855));
#6663 = CARTESIAN_POINT('',(-11.58821194357,40.371455243457,
    4.865358454344));
#6664 = CARTESIAN_POINT('',(-11.56992291953,40.556534501107,
    4.886036701624));
#6665 = CARTESIAN_POINT('',(-11.5419782714,40.7405095455,4.916861906769)
  );
#6666 = CARTESIAN_POINT('',(-11.50340940293,40.92257336022,
    4.957384019806));
#6667 = CARTESIAN_POINT('',(-11.43772553535,41.154650084813,
    5.021301013299));
#6668 = CARTESIAN_POINT('',(-11.42166496279,41.207385184536,
    5.036667471345));
#6669 = CARTESIAN_POINT('',(-11.40450498308,41.259830139074,
    5.052781198633));
#6670 = CARTESIAN_POINT('',(-11.38620315528,41.311953878782,
    5.069614966757));
#6671 = CARTESIAN_POINT('',(-11.3667130686,41.363722226648,
    5.087137356477));
#6672 = CARTESIAN_POINT('',(-11.3229442,41.472202361578,5.125514859214)
  );
#6673 = CARTESIAN_POINT('',(-11.2983740804,41.528820819257,
    5.146523293954));
#6674 = CARTESIAN_POINT('',(-11.2722041991,41.584902769774,
    5.168289003173));
#6675 = CARTESIAN_POINT('',(-11.24435949391,41.640389992933,
    5.190754787587));
#6676 = CARTESIAN_POINT('',(-11.21475894342,41.695216491463,
    5.213854126854));
#6677 = CARTESIAN_POINT('',(-11.14802820925,41.81001067508,
    5.264056735207));
#6678 = CARTESIAN_POINT('',(-11.11042174931,41.869784799556,
    5.291302972104));
#6679 = CARTESIAN_POINT('',(-11.07037003982,41.928529018531,
    5.319140986902));
#6680 = CARTESIAN_POINT('',(-11.02774285805,41.986118465334,
    5.347441726366));
#6681 = CARTESIAN_POINT('',(-10.98240531786,42.042405288553,
    5.376051855942));
#6682 = CARTESIAN_POINT('',(-10.87856683349,42.16052230134,
    5.437981159317));
#6683 = CARTESIAN_POINT('',(-10.81912436246,42.221849613236,
    5.471337201928));
#6684 = CARTESIAN_POINT('',(-10.7556688755,42.280948310051,
    5.504587557545));
#6685 = CARTESIAN_POINT('',(-10.68800181259,42.337480766515,
    5.537386656993));
#6686 = CARTESIAN_POINT('',(-10.61597079548,42.391035633985,
    5.569317627325));
#6687 = CARTESIAN_POINT('',(-10.48408478218,42.477439218513,
    5.622048425305));
#6688 = CARTESIAN_POINT('',(-10.42635052746,42.511922197337,
    5.643488035769));
#6689 = CARTESIAN_POINT('',(-10.3662665775,42.544405282053,5.66402875444
    ));
#6690 = CARTESIAN_POINT('',(-10.30384958173,42.57467477443,
    5.683457602179));
#6691 = CARTESIAN_POINT('',(-10.23917266204,42.602500900305,
    5.701547292223));
#6692 = CARTESIAN_POINT('',(-10.06974267202,42.666303413134,
    5.743459998829));
#6693 = CARTESIAN_POINT('',(-9.962010403616,42.69867722719,
    5.765174699347));
#6694 = CARTESIAN_POINT('',(-9.849902968605,42.723833370754,
    5.782324662187));
#6695 = CARTESIAN_POINT('',(-9.734483582248,42.740979722885,
    5.794112358559));
#6696 = CARTESIAN_POINT('',(-9.617207967283,42.749545416973,5.8));
#6697 = CARTESIAN_POINT('',(-9.5,42.749545416973,5.8));
#6698 = ORIENTED_EDGE('',*,*,#6699,.F.);
#6699 = EDGE_CURVE('',#6700,#6633,#6702,.T.);
#6700 = VERTEX_POINT('',#6701);
#6701 = CARTESIAN_POINT('',(-8.47541635637,37.549193338483,
    5.605806661517));
#6702 = CIRCLE('',#6703,1.26806446997);
#6703 = AXIS2_PLACEMENT_3D('',#6704,#6705,#6706);
#6704 = CARTESIAN_POINT('',(-9.5,38.0775,5.0775));
#6705 = DIRECTION('',(0.,-0.707106781187,-0.707106781187));
#6706 = DIRECTION('',(0.,0.707106781187,-0.707106781187));
#6707 = ORIENTED_EDGE('',*,*,#6708,.T.);
#6708 = EDGE_CURVE('',#6700,#6613,#6709,.T.);
#6709 = B_SPLINE_CURVE_WITH_KNOTS('',7,(#6710,#6711,#6712,#6713,#6714,
    #6715,#6716,#6717,#6718,#6719,#6720,#6721,#6722,#6723,#6724,#6725,
    #6726,#6727,#6728,#6729,#6730,#6731,#6732,#6733,#6734,#6735),
  .UNSPECIFIED.,.F.,.F.,(8,6,6,6,8),(0.,0.17710443425,0.329902976328,
    0.522679328518,1.),.UNSPECIFIED.);
#6710 = CARTESIAN_POINT('',(-8.475417291335,37.549192738483,
    5.605807029138));
#6711 = CARTESIAN_POINT('',(-8.408501973176,37.592134628087,
    5.579496455422));
#6712 = CARTESIAN_POINT('',(-8.344840528725,37.637643936909,
    5.55215036122));
#6713 = CARTESIAN_POINT('',(-8.284389934403,37.685436332794,
    5.524059854611));
#6714 = CARTESIAN_POINT('',(-8.227074191737,37.73525525745,
    5.495485486627));
#6715 = CARTESIAN_POINT('',(-8.172791654231,37.786875628341,
    5.466656157318));
#6716 = CARTESIAN_POINT('',(-8.121422354233,37.840107540583,
    5.437768021817));
#6717 = CARTESIAN_POINT('',(-8.03091641044,37.941986383655,
    5.384149185915));
#6718 = CARTESIAN_POINT('',(-7.991073920084,37.990253747489,
    5.35939545472));
#6719 = CARTESIAN_POINT('',(-7.953226345143,38.039501017376,
    5.33482905534));
#6720 = CARTESIAN_POINT('',(-7.917294077641,38.089637373724,
    5.310544687973));
#6721 = CARTESIAN_POINT('',(-7.883199458573,38.140582252888,
    5.286625776143));
#6722 = CARTESIAN_POINT('',(-7.850866821268,38.192265379746,
    5.263145342363));
#6723 = CARTESIAN_POINT('',(-7.781560557416,38.310687925634,
    5.211176401539));
#6724 = CARTESIAN_POINT('',(-7.745588861102,38.377823662659,
    5.182987153515));
#6725 = CARTESIAN_POINT('',(-7.712160462838,38.445912623669,
    5.155727083998));
#6726 = CARTESIAN_POINT('',(-7.681140796281,38.514846051939,
    5.129506068297));
#6727 = CARTESIAN_POINT('',(-7.652406602474,38.584527723862,
    5.104417770212));
#6728 = CARTESIAN_POINT('',(-7.625844820588,38.654873851122,
    5.080541499498));
#6729 = CARTESIAN_POINT('',(-7.540705147976,38.901460636808,
    5.001992079268));
#6730 = CARTESIAN_POINT('',(-7.492760810223,39.080684937538,
    4.953899310351));
#6731 = CARTESIAN_POINT('',(-7.455922562258,39.262432923837,
    4.914660637635));
#6732 = CARTESIAN_POINT('',(-7.42908024242,39.445839772134,
    4.884908448371));
#6733 = CARTESIAN_POINT('',(-7.411446183003,39.630227768594,
    4.864972342854));
#6734 = CARTESIAN_POINT('',(-7.402626642679,39.815092737375,4.855));
#6735 = CARTESIAN_POINT('',(-7.402626642679,40.,4.855));
#6736 = SPHERICAL_SURFACE('',#6737,3.);
#6737 = AXIS2_PLACEMENT_3D('',#6738,#6739,#6740);
#6738 = CARTESIAN_POINT('',(-9.5,40.,7.));
#6739 = DIRECTION('',(0.,0.,1.));
#6740 = DIRECTION('',(1.,0.,-0.));
#6741 = ADVANCED_FACE('',(#6742),#6831,.T.);
#6742 = FACE_BOUND('',#6743,.T.);
#6743 = EDGE_LOOP('',(#6744,#6745,#6753,#6762,#6830));
#6744 = ORIENTED_EDGE('',*,*,#6264,.F.);
#6745 = ORIENTED_EDGE('',*,*,#6746,.T.);
#6746 = EDGE_CURVE('',#6216,#6747,#6749,.T.);
#6747 = VERTEX_POINT('',#6748);
#6748 = CARTESIAN_POINT('',(-9.5,49.977121764564,6.032114792595));
#6749 = LINE('',#6750,#6751);
#6750 = CARTESIAN_POINT('',(-9.5,40.854357657717,9.349483558721));
#6751 = VECTOR('',#6752,1.);
#6752 = DIRECTION('',(0.,0.939793423488,-0.341743063087));
#6753 = ORIENTED_EDGE('',*,*,#6754,.F.);
#6754 = EDGE_CURVE('',#6755,#6747,#6757,.T.);
#6755 = VERTEX_POINT('',#6756);
#6756 = CARTESIAN_POINT('',(-11.8083701956,49.450806661351,
    4.584748258341));
#6757 = CIRCLE('',#6758,2.5);
#6758 = AXIS2_PLACEMENT_3D('',#6759,#6760,#6761);
#6759 = CARTESIAN_POINT('',(-9.5,49.122764106847,3.682631233874));
#6760 = DIRECTION('',(0.,0.939793423488,-0.341743063087));
#6761 = DIRECTION('',(0.,0.341743063087,0.939793423488));
#6762 = ORIENTED_EDGE('',*,*,#6763,.F.);
#6763 = EDGE_CURVE('',#6624,#6755,#6764,.T.);
#6764 = B_SPLINE_CURVE_WITH_KNOTS('',8,(#6765,#6766,#6767,#6768,#6769,
    #6770,#6771,#6772,#6773,#6774,#6775,#6776,#6777,#6778,#6779,#6780,
    #6781,#6782,#6783,#6784,#6785,#6786,#6787,#6788,#6789,#6790,#6791,
    #6792,#6793,#6794,#6795,#6796,#6797,#6798,#6799,#6800,#6801,#6802,
    #6803,#6804,#6805,#6806,#6807,#6808,#6809,#6810,#6811,#6812,#6813,
    #6814,#6815,#6816,#6817,#6818,#6819,#6820,#6821,#6822,#6823,#6824,
    #6825,#6826,#6827,#6828,#6829),.UNSPECIFIED.,.F.,.F.,(9,7,7,7,7,7,7,
    7,7,9),(0.,0.30823129393,0.595052543168,0.710525445865,
    0.795704834942,0.841928876325,0.876084171331,0.915251347568,
    0.934166909839,1.),.UNSPECIFIED.);
#6765 = CARTESIAN_POINT('',(-11.16738713326,39.363419142822,
    5.249404398466));
#6766 = CARTESIAN_POINT('',(-11.26845784592,39.834180772296,
    5.174485008265));
#6767 = CARTESIAN_POINT('',(-11.35914244638,40.311713924616,
    5.099222487161));
#6768 = CARTESIAN_POINT('',(-11.44058642596,40.790893816244,
    5.024589008712));
#6769 = CARTESIAN_POINT('',(-11.51391090765,41.2689000073,4.951182894325
    ));
#6770 = CARTESIAN_POINT('',(-11.58017924973,41.745067988102,
    4.879293692675));
#6771 = CARTESIAN_POINT('',(-11.64033517327,42.220542038172,
    4.808978620808));
#6772 = CARTESIAN_POINT('',(-11.69512254395,42.697735122756,
    4.74023042141));
#6773 = CARTESIAN_POINT('',(-11.79140700864,43.627997148584,
    4.611050852686));
#6774 = CARTESIAN_POINT('',(-11.83215460049,44.066834741671,
    4.552263061819));
#6775 = CARTESIAN_POINT('',(-11.86865295845,44.503829108061,
    4.496202674189));
#6776 = CARTESIAN_POINT('',(-11.90149207183,44.945010151281,
    4.442647807571));
#6777 = CARTESIAN_POINT('',(-11.9305987543,45.392901185843,
    4.392289807879));
#6778 = CARTESIAN_POINT('',(-11.95533520308,45.845308507151,
    4.346998540158));
#6779 = CARTESIAN_POINT('',(-11.97480047354,46.295756208913,
    4.310013329818));
#6780 = CARTESIAN_POINT('',(-11.9926934368,46.913813725323,
    4.275384102193));
#6781 = CARTESIAN_POINT('',(-11.99674934729,47.08987972251,4.26742328919
    ));
#6782 = CARTESIAN_POINT('',(-11.99968217589,47.266034139787,
    4.261602619617));
#6783 = CARTESIAN_POINT('',(-12.00135353997,47.44305744762,
    4.258257266178));
#6784 = CARTESIAN_POINT('',(-12.0015305711,47.621115526213,
    4.257896500408));
#6785 = CARTESIAN_POINT('',(-11.99988298802,47.799846541637,
    4.261204059821));
#6786 = CARTESIAN_POINT('',(-11.99595535472,47.97850024654,4.2690277203)
  );
#6787 = CARTESIAN_POINT('',(-11.9840317436,48.287155253748,
    4.292171988943));
#6788 = CARTESIAN_POINT('',(-11.97737272042,48.41764433619,
    4.304988902418));
#6789 = CARTESIAN_POINT('',(-11.96881204895,48.548246063574,
    4.321269666922));
#6790 = CARTESIAN_POINT('',(-11.95793091512,48.679196372803,
    4.341634081636));
#6791 = CARTESIAN_POINT('',(-11.94416000524,48.810371626238,
    4.366844089179));
#6792 = CARTESIAN_POINT('',(-11.92673604537,48.941367274699,
    4.397804336461));
#6793 = CARTESIAN_POINT('',(-11.90460461254,49.07159441253,
    4.435533232356));
#6794 = CARTESIAN_POINT('',(-11.86082111079,49.270282166986,
    4.505779370725));
#6795 = CARTESIAN_POINT('',(-11.84351942099,49.340021677398,
    4.532883880901));
#6796 = CARTESIAN_POINT('',(-11.82408649215,49.409314926283,
    4.562514916074));
#6797 = CARTESIAN_POINT('',(-11.80225779744,49.47790400669,
    4.594792855417));
#6798 = CARTESIAN_POINT('',(-11.77773069918,49.545563196399,
    4.629819075694));
#6799 = CARTESIAN_POINT('',(-11.75015811501,49.61209577116,
    4.667666925444));
#6800 = CARTESIAN_POINT('',(-11.71914079144,49.677330531988,
    4.708370418805));
#6801 = CARTESIAN_POINT('',(-11.65841360536,49.788251125095,
    4.784082855516));
#6802 = CARTESIAN_POINT('',(-11.63051012598,49.834533117689,
    4.817762303071));
#6803 = CARTESIAN_POINT('',(-11.60039761523,49.879786338277,
    4.852851888544));
#6804 = CARTESIAN_POINT('',(-11.56797360209,49.923863520335,
    4.889224731897));
#6805 = CARTESIAN_POINT('',(-11.53314845561,49.966643790553,
    4.926722786805));
#6806 = CARTESIAN_POINT('',(-11.49585187722,50.008028629634,
    4.965157467616));
#6807 = CARTESIAN_POINT('',(-11.45604070556,50.047937820114,
    5.00431229264));
#6808 = CARTESIAN_POINT('',(-11.36516354838,50.130302923279,
    5.08939879415));
#6809 = CARTESIAN_POINT('',(-11.31339544833,50.172189951967,
    5.135395657162));
#6810 = CARTESIAN_POINT('',(-11.2583773443,50.211913993484,
    5.181607602479));
#6811 = CARTESIAN_POINT('',(-11.20013430947,50.249440204517,
    5.227670443223));
#6812 = CARTESIAN_POINT('',(-11.13874819408,50.284749126507,
    5.273201576383));
#6813 = CARTESIAN_POINT('',(-11.07436294008,50.317834439898,
    5.317815223236));
#6814 = CARTESIAN_POINT('',(-11.0071898957,50.348700718394,
    5.361137669775));
#6815 = CARTESIAN_POINT('',(-10.9038631373,50.391202589686,
    5.422953959344));
#6816 = CARTESIAN_POINT('',(-10.8696073801,50.404538467307,
    5.442716578474));
#6817 = CARTESIAN_POINT('',(-10.83476335134,50.417374672142,
    5.462078147104));
#6818 = CARTESIAN_POINT('',(-10.79935003748,50.429716914867,
    5.481007850189));
#6819 = CARTESIAN_POINT('',(-10.76338791857,50.441570760758,
    5.499476275051));
#6820 = CARTESIAN_POINT('',(-10.72689896829,50.452941629694,
    5.517455411379));
#6821 = CARTESIAN_POINT('',(-10.68990665392,50.463834796157,
    5.534918651235));
#6822 = CARTESIAN_POINT('',(-10.52202410434,50.510522872765,
    5.610736031396));
#6823 = CARTESIAN_POINT('',(-10.38590210937,50.541041966226,
    5.663039850109));
#6824 = CARTESIAN_POINT('',(-10.24488806217,50.566110457838,
    5.707823702715));
#6825 = CARTESIAN_POINT('',(-10.09988938419,50.58595204391,
    5.744357462367));
#6826 = CARTESIAN_POINT('',(-9.951878474708,50.600726277461,
    5.772102310105));
#6827 = CARTESIAN_POINT('',(-9.801869805533,50.610536741109,
    5.790705928974));
#6828 = CARTESIAN_POINT('',(-9.650898443425,50.6154374442,5.8));
#6829 = CARTESIAN_POINT('',(-9.5,50.6154374442,5.8));
#6830 = ORIENTED_EDGE('',*,*,#6623,.T.);
#6831 = CYLINDRICAL_SURFACE('',#6832,2.5);
#6832 = AXIS2_PLACEMENT_3D('',#6833,#6834,#6835);
#6833 = CARTESIAN_POINT('',(-9.5,40.,7.));
#6834 = DIRECTION('',(0.,0.939793423488,-0.341743063087));
#6835 = DIRECTION('',(0.,0.341743063087,0.939793423488));
#6836 = ADVANCED_FACE('',(#6837),#6918,.T.);
#6837 = FACE_BOUND('',#6838,.T.);
#6838 = EDGE_LOOP('',(#6839,#6848,#6849,#6850,#6859));
#6839 = ORIENTED_EDGE('',*,*,#6840,.F.);
#6840 = EDGE_CURVE('',#6747,#6841,#6843,.T.);
#6841 = VERTEX_POINT('',#6842);
#6842 = CARTESIAN_POINT('',(-7.191629803626,49.450806661223,
    4.584748257675));
#6843 = CIRCLE('',#6844,2.5);
#6844 = AXIS2_PLACEMENT_3D('',#6845,#6846,#6847);
#6845 = CARTESIAN_POINT('',(-9.5,49.122764106847,3.682631233874));
#6846 = DIRECTION('',(0.,0.939793423488,-0.341743063087));
#6847 = DIRECTION('',(0.,0.341743063087,0.939793423488));
#6848 = ORIENTED_EDGE('',*,*,#6746,.F.);
#6849 = ORIENTED_EDGE('',*,*,#6215,.F.);
#6850 = ORIENTED_EDGE('',*,*,#6851,.T.);
#6851 = EDGE_CURVE('',#6207,#6852,#6854,.T.);
#6852 = VERTEX_POINT('',#6853);
#6853 = CARTESIAN_POINT('',(-7.528640199619,41.03305954722,
    4.988401503943));
#6854 = CIRCLE('',#6855,2.5);
#6855 = AXIS2_PLACEMENT_3D('',#6856,#6857,#6858);
#6856 = CARTESIAN_POINT('',(-9.5,41.558471083077,6.433283242517));
#6857 = DIRECTION('',(0.,0.939793423488,-0.341743063087));
#6858 = DIRECTION('',(0.,0.341743063087,0.939793423488));
#6859 = ORIENTED_EDGE('',*,*,#6860,.F.);
#6860 = EDGE_CURVE('',#6841,#6852,#6861,.T.);
#6861 = B_SPLINE_CURVE_WITH_KNOTS('',7,(#6862,#6863,#6864,#6865,#6866,
    #6867,#6868,#6869,#6870,#6871,#6872,#6873,#6874,#6875,#6876,#6877,
    #6878,#6879,#6880,#6881,#6882,#6883,#6884,#6885,#6886,#6887,#6888,
    #6889,#6890,#6891,#6892,#6893,#6894,#6895,#6896,#6897,#6898,#6899,
    #6900,#6901,#6902,#6903,#6904,#6905,#6906,#6907,#6908,#6909,#6910,
    #6911,#6912,#6913,#6914,#6915,#6916,#6917),.UNSPECIFIED.,.F.,.F.,(8,
    6,6,6,6,6,6,6,6,8),(0.,6.564243629576E-02,8.450321874419E-02,
    0.123556966103,0.15712361777,0.203136566127,0.288078792104,
    0.402136516408,0.656707959883,1.),.UNSPECIFIED.);
#6862 = CARTESIAN_POINT('',(-9.5,50.6154374442,5.8));
#6863 = CARTESIAN_POINT('',(-9.327544636086,50.6154374442,5.8));
#6864 = CARTESIAN_POINT('',(-9.15499204726,50.608903173412,
    5.787607905299));
#6865 = CARTESIAN_POINT('',(-8.98399921211,50.595820139891,
    5.762798952988));
#6866 = CARTESIAN_POINT('',(-8.816222019491,50.576083947929,
    5.725915971747));
#6867 = CARTESIAN_POINT('',(-8.653261801718,50.549487974354,
    5.677669920996));
#6868 = CARTESIAN_POINT('',(-8.496606157365,50.515703941841,
    5.619149637446));
#6869 = CARTESIAN_POINT('',(-8.304740386424,50.462346140004,
    5.532501202976));
#6870 = CARTESIAN_POINT('',(-8.26255458013,50.449806792924,
    5.512440147514));
#6871 = CARTESIAN_POINT('',(-8.2210465822,50.436629141458,5.491697951573
    ));
#6872 = CARTESIAN_POINT('',(-8.180253342836,50.422804688276,
    5.470317748806));
#6873 = CARTESIAN_POINT('',(-8.140208825021,50.408324645253,
    5.448345477602));
#6874 = CARTESIAN_POINT('',(-8.100944004523,50.393179933469,
    5.425829881088));
#6875 = CARTESIAN_POINT('',(-7.982856280644,50.344606366278,
    5.35518269301));
#6876 = CARTESIAN_POINT('',(-7.906563986345,50.308910464438,
    5.305359399979));
#6877 = CARTESIAN_POINT('',(-7.834064497656,50.270252323748,
    5.253906882226));
#6878 = CARTESIAN_POINT('',(-7.765666883397,50.228628085286,
    5.20143400422));
#6879 = CARTESIAN_POINT('',(-7.701548942854,50.184057173813,
    5.148563599576));
#6880 = CARTESIAN_POINT('',(-7.641771378093,50.136588286428,
    5.09589182992));
#6881 = CARTESIAN_POINT('',(-7.538607474577,50.043087281113,
    4.999301488572));
#6882 = CARTESIAN_POINT('',(-7.494187709396,49.997871209482,
    4.955276515292));
#6883 = CARTESIAN_POINT('',(-7.453023071991,49.950758651585,
    4.912240544905));
#6884 = CARTESIAN_POINT('',(-7.415035208049,49.901878124685,
    4.870517638994));
#6885 = CARTESIAN_POINT('',(-7.380099689797,49.851395256018,
    4.830376339045));
#6886 = CARTESIAN_POINT('',(-7.348063880639,49.799522807061,
    4.792025449729));
#6887 = CARTESIAN_POINT('',(-7.278590388595,49.673889330921,
    4.70570916432));
#6888 = CARTESIAN_POINT('',(-7.243643422076,49.599305339013,
    4.659562393345));
#6889 = CARTESIAN_POINT('',(-7.213184503279,49.523016615903,4.6172147994
    ));
#6890 = CARTESIAN_POINT('',(-7.186599932577,49.445304766118,
    4.578597348169));
#6891 = CARTESIAN_POINT('',(-7.163373342418,49.366505499047,
    4.543570182814));
#6892 = CARTESIAN_POINT('',(-7.14306744378,49.287017929784,
    4.511949756206));
#6893 = CARTESIAN_POINT('',(-7.092531898485,49.060172915184,
    4.431057263443));
#6894 = CARTESIAN_POINT('',(-7.068175202415,48.911099160616,
    4.389059732117));
#6895 = CARTESIAN_POINT('',(-7.049741825093,48.761156534243,
    4.355868185835));
#6896 = CARTESIAN_POINT('',(-7.035723082018,48.611262133918,
    4.329851329142));
#6897 = CARTESIAN_POINT('',(-7.025066688968,48.461893258222,
    4.309669410512));
#6898 = CARTESIAN_POINT('',(-7.017049142987,48.312847474352,
    4.294263986939));
#6899 = CARTESIAN_POINT('',(-7.003293646782,47.962009971259,
    4.26757780434));
#6900 = CARTESIAN_POINT('',(-6.999277373077,47.759600565275,
    4.259516954268));
#6901 = CARTESIAN_POINT('',(-6.998099125915,47.557344663868,
    4.257153795439));
#6902 = CARTESIAN_POINT('',(-6.999118196568,47.35633021661,
    4.259208739061));
#6903 = CARTESIAN_POINT('',(-7.001891910069,47.156767358475,
    4.264742710088));
#6904 = CARTESIAN_POINT('',(-7.006161939189,46.957694204354,
    4.273155857904));
#6905 = CARTESIAN_POINT('',(-7.024563458476,46.308714129171,
    4.308809251003));
#6906 = CARTESIAN_POINT('',(-7.044375951326,45.851473006683,
    4.346501020015));
#6907 = CARTESIAN_POINT('',(-7.069566104538,45.394091027318,
    4.392554133979));
#6908 = CARTESIAN_POINT('',(-7.099152585677,44.943050420523,
    4.443436888813));
#6909 = CARTESIAN_POINT('',(-7.132532283749,44.498619279804,
    4.497510511951));
#6910 = CARTESIAN_POINT('',(-7.170056775625,44.05436740517,
    4.554657574926));
#6911 = CARTESIAN_POINT('',(-7.271432049647,42.988349459674,
    4.698134380624));
#6912 = CARTESIAN_POINT('',(-7.337516241898,42.383755749778,
    4.784315161759));
#6913 = CARTESIAN_POINT('',(-7.412075641765,41.781613377161,
    4.873146083851));
#6914 = CARTESIAN_POINT('',(-7.496702955247,41.176555396746,
    4.96480830564));
#6915 = CARTESIAN_POINT('',(-7.593432252512,40.56775472105,
    5.058942697538));
#6916 = CARTESIAN_POINT('',(-7.704614975492,39.959600709801,
    5.154525044137));
#6917 = CARTESIAN_POINT('',(-7.832612866739,39.363419142822,
    5.249404398466));
#6918 = CYLINDRICAL_SURFACE('',#6919,2.5);
#6919 = AXIS2_PLACEMENT_3D('',#6920,#6921,#6922);
#6920 = CARTESIAN_POINT('',(-9.5,40.,7.));
#6921 = DIRECTION('',(0.,0.939793423488,-0.341743063087));
#6922 = DIRECTION('',(0.,0.341743063087,0.939793423488));
#6923 = ADVANCED_FACE('',(#6924),#6976,.T.);
#6924 = FACE_BOUND('',#6925,.T.);
#6925 = EDGE_LOOP('',(#6926,#6927,#6928,#6975));
#6926 = ORIENTED_EDGE('',*,*,#6206,.F.);
#6927 = ORIENTED_EDGE('',*,*,#6612,.F.);
#6928 = ORIENTED_EDGE('',*,*,#6929,.F.);
#6929 = EDGE_CURVE('',#6852,#6613,#6930,.T.);
#6930 = B_SPLINE_CURVE_WITH_KNOTS('',7,(#6931,#6932,#6933,#6934,#6935,
    #6936,#6937,#6938,#6939,#6940,#6941,#6942,#6943,#6944,#6945,#6946,
    #6947,#6948,#6949,#6950,#6951,#6952,#6953,#6954,#6955,#6956,#6957,
    #6958,#6959,#6960,#6961,#6962,#6963,#6964,#6965,#6966,#6967,#6968,
    #6969,#6970,#6971,#6972,#6973,#6974),.UNSPECIFIED.,.F.,.F.,(8,6,6,6,
    6,6,6,8),(0.,7.242438937321E-02,0.148182904216,0.244896723732,
    0.378440759719,0.494386123192,0.640023874173,1.),.UNSPECIFIED.);
#6931 = CARTESIAN_POINT('',(-9.5,42.749545416973,5.8));
#6932 = CARTESIAN_POINT('',(-9.450894898333,42.749545416973,5.8));
#6933 = CARTESIAN_POINT('',(-9.401787078307,42.748083729563,
    5.798995284585));
#6934 = CARTESIAN_POINT('',(-9.352795362384,42.745160239693,
    5.79698566292));
#6935 = CARTESIAN_POINT('',(-9.304032140946,42.740787453015,
    5.793983240027));
#6936 = CARTESIAN_POINT('',(-9.255603328688,42.734989229036,
    5.790011128571));
#6937 = CARTESIAN_POINT('',(-9.207608321019,42.72779951427,
    5.785102160639));
#6938 = CARTESIAN_POINT('',(-9.110486328404,42.710329561398,
    5.773225819931));
#6939 = CARTESIAN_POINT('',(-9.061405015908,42.699921560413,
    5.766173562742));
#6940 = CARTESIAN_POINT('',(-9.012998617211,42.688085348729,
    5.758187513156));
#6941 = CARTESIAN_POINT('',(-8.965352973233,42.674877286173,
    5.749322500954));
#6942 = CARTESIAN_POINT('',(-8.918538618165,42.660359223856,
    5.739638904854));
#6943 = CARTESIAN_POINT('',(-8.872612236078,42.644595911913,
    5.72920005687));
#6944 = CARTESIAN_POINT('',(-8.770178329128,42.606022217482,
    5.703860491613));
#6945 = CARTESIAN_POINT('',(-8.714258542431,42.582468858426,
    5.688524352644));
#6946 = CARTESIAN_POINT('',(-8.659943020928,42.557125792932,
    5.672192922836));
#6947 = CARTESIAN_POINT('',(-8.607284373309,42.530125836796,
    5.654997500652));
#6948 = CARTESIAN_POINT('',(-8.556308331354,42.501596927119,
    5.637065101643));
#6949 = CARTESIAN_POINT('',(-8.507018527835,42.471657890669,
    5.618514570133));
#6950 = CARTESIAN_POINT('',(-8.393650586088,42.397272426134,
    5.573131733924));
#6951 = CARTESIAN_POINT('',(-8.331099780016,42.351650615985,
    5.545840296732));
#6952 = CARTESIAN_POINT('',(-8.271700229781,42.303822003233,
    5.517858441023));
#6953 = CARTESIAN_POINT('',(-8.215373436599,42.25403277847,
    5.489436468344));
#6954 = CARTESIAN_POINT('',(-8.162017686227,42.202498782826,
    5.460794115399));
#6955 = CARTESIAN_POINT('',(-8.11151470588,42.149402189346,
    5.432119749353));
#6956 = CARTESIAN_POINT('',(-8.022254257611,42.047558132717,
    5.378781771633));
#6957 = CARTESIAN_POINT('',(-7.98283128194,41.999165719939,
    5.354090942031));
#6958 = CARTESIAN_POINT('',(-7.945386108069,41.949810001427,
    5.329601859413));
#6959 = CARTESIAN_POINT('',(-7.909839523527,41.899580029125,
    5.305407386361));
#6960 = CARTESIAN_POINT('',(-7.876114406443,41.84855482707,
    5.281589332793));
#6961 = CARTESIAN_POINT('',(-7.844135742546,41.796803366943,
    5.258219325802));
#6962 = CARTESIAN_POINT('',(-7.775764724489,41.678541811214,
    5.206645918323));
#6963 = CARTESIAN_POINT('',(-7.740342068855,41.611651056129,
    5.178739538764));
#6964 = CARTESIAN_POINT('',(-7.707419127801,41.543830065643,
    5.151764489292));
#6965 = CARTESIAN_POINT('',(-7.676864498223,41.475184487648,
    5.125827288473));
#6966 = CARTESIAN_POINT('',(-7.648557847929,41.40580792019,
    5.101018807402));
#6967 = CARTESIAN_POINT('',(-7.62238884218,41.335782001023,
    5.077416052135));
#6968 = CARTESIAN_POINT('',(-7.538606551547,41.090659275024,
    4.999885174172));
#6969 = CARTESIAN_POINT('',(-7.491416860914,40.912656948078,
    4.952467179567));
#6970 = CARTESIAN_POINT('',(-7.455139213749,40.73219308067,
    4.913792166086));
#6971 = CARTESIAN_POINT('',(-7.428694244782,40.550109112492,
    4.884472124007));
#6972 = CARTESIAN_POINT('',(-7.41131752628,40.36706496616,4.864826845193
    ));
#6973 = CARTESIAN_POINT('',(-7.402626642679,40.1835534376,4.855));
#6974 = CARTESIAN_POINT('',(-7.402626642679,40.,4.855));
#6975 = ORIENTED_EDGE('',*,*,#6851,.F.);
#6976 = SPHERICAL_SURFACE('',#6977,3.);
#6977 = AXIS2_PLACEMENT_3D('',#6978,#6979,#6980);
#6978 = CARTESIAN_POINT('',(-9.5,40.,7.));
#6979 = DIRECTION('',(0.,0.,1.));
#6980 = DIRECTION('',(1.,0.,-0.));
#6981 = ADVANCED_FACE('',(#6982),#7109,.T.);
#6982 = FACE_BOUND('',#6983,.T.);
#6983 = EDGE_LOOP('',(#6984,#6993,#6994,#6995,#7004,#7071,#7080));
#6984 = ORIENTED_EDGE('',*,*,#6985,.T.);
#6985 = EDGE_CURVE('',#6986,#6470,#6988,.T.);
#6986 = VERTEX_POINT('',#6987);
#6987 = CARTESIAN_POINT('',(11.597373357321,40.,4.855));
#6988 = CIRCLE('',#6989,3.);
#6989 = AXIS2_PLACEMENT_3D('',#6990,#6991,#6992);
#6990 = CARTESIAN_POINT('',(9.5,40.,7.));
#6991 = DIRECTION('',(-2.449293598295E-16,-1.,0.));
#6992 = DIRECTION('',(1.,-2.449293598295E-16,0.));
#6993 = ORIENTED_EDGE('',*,*,#6469,.F.);
#6994 = ORIENTED_EDGE('',*,*,#6447,.F.);
#6995 = ORIENTED_EDGE('',*,*,#6996,.F.);
#6996 = EDGE_CURVE('',#6997,#6448,#6999,.T.);
#6997 = VERTEX_POINT('',#6998);
#6998 = CARTESIAN_POINT('',(7.528640192539,41.033059518845,
    4.988401496309));
#6999 = CIRCLE('',#7000,2.5);
#7000 = AXIS2_PLACEMENT_3D('',#7001,#7002,#7003);
#7001 = CARTESIAN_POINT('',(9.5,41.558471083077,6.433283242517));
#7002 = DIRECTION('',(0.,0.939793423488,-0.341743063087));
#7003 = DIRECTION('',(0.,0.341743063087,0.939793423488));
#7004 = ORIENTED_EDGE('',*,*,#7005,.F.);
#7005 = EDGE_CURVE('',#7006,#6997,#7008,.T.);
#7006 = VERTEX_POINT('',#7007);
#7007 = CARTESIAN_POINT('',(8.47541635637,37.549193338483,5.605806661517
    ));
#7008 = B_SPLINE_CURVE_WITH_KNOTS('',6,(#7009,#7010,#7011,#7012,#7013,
    #7014,#7015,#7016,#7017,#7018,#7019,#7020,#7021,#7022,#7023,#7024,
    #7025,#7026,#7027,#7028,#7029,#7030,#7031,#7032,#7033,#7034,#7035,
    #7036,#7037,#7038,#7039,#7040,#7041,#7042,#7043,#7044,#7045,#7046,
    #7047,#7048,#7049,#7050,#7051,#7052,#7053,#7054,#7055,#7056,#7057,
    #7058,#7059,#7060,#7061,#7062,#7063,#7064,#7065,#7066,#7067,#7068,
    #7069,#7070),.UNSPECIFIED.,.F.,.F.,(7,5,5,5,5,5,5,5,5,5,5,5,7),(0.,
    7.62131416392E-02,0.141774522924,0.200371957755,0.25337658274,
    0.431737844001,0.609106367731,0.661597316318,0.719941418683,
    0.785415457479,0.861030818358,0.915813681629,1.),.UNSPECIFIED.);
#7009 = CARTESIAN_POINT('',(8.475417291335,37.549192738483,
    5.605807029138));
#7010 = CARTESIAN_POINT('',(8.397611083575,37.599123691157,
    5.575214243791));
#7011 = CARTESIAN_POINT('',(8.324329459719,37.652625208125,
    5.543181303142));
#7012 = CARTESIAN_POINT('',(8.255498410276,37.709204444373,
    5.510212664056));
#7013 = CARTESIAN_POINT('',(8.190967542144,37.768432580067,
    5.476742430665));
#7014 = CARTESIAN_POINT('',(8.130535480257,37.829957732522,
    5.443130443975));
#7015 = CARTESIAN_POINT('',(8.025320070368,37.948194662703,
    5.380864448788));
#7016 = CARTESIAN_POINT('',(7.979537626259,38.004368767341,
    5.352178836799));
#7017 = CARTESIAN_POINT('',(7.936488090273,38.061866181874,
    5.323785468419));
#7018 = CARTESIAN_POINT('',(7.896035790678,38.120536304197,
    5.295840522144));
#7019 = CARTESIAN_POINT('',(7.858049429394,38.180252056128,
    5.268475398994));
#7020 = CARTESIAN_POINT('',(7.790541581264,38.295124859286,
    5.217957499432));
#7021 = CARTESIAN_POINT('',(7.760551058257,38.350089868188,
    5.194667168186));
#7022 = CARTESIAN_POINT('',(7.732341388245,38.405729323751,
    5.172007789518));
#7023 = CARTESIAN_POINT('',(7.705829985329,38.461975616985,
    5.150047625115));
#7024 = CARTESIAN_POINT('',(7.680940305015,38.518769179894,
    5.128845335629));
#7025 = CARTESIAN_POINT('',(7.636489587942,38.627879716594,
    5.090003578211));
#7026 = CARTESIAN_POINT('',(7.616646956365,38.68010583827,5.072217573359
    ));
#7027 = CARTESIAN_POINT('',(7.598021021244,38.732698072163,
    5.055130279016));
#7028 = CARTESIAN_POINT('',(7.580563681529,38.785620965324,
    5.038774395733));
#7029 = CARTESIAN_POINT('',(7.564230967148,38.838842327968,
    5.023178232793));
#7030 = CARTESIAN_POINT('',(7.497673559951,39.072330835095,
    4.958521367866));
#7031 = CARTESIAN_POINT('',(7.458649392895,39.255370622303,
    4.917554160341));
#7032 = CARTESIAN_POINT('',(7.430385074559,39.440356951909,
    4.886384953763));
#7033 = CARTESIAN_POINT('',(7.411890918165,39.626466251348,
    4.865474743152));
#7034 = CARTESIAN_POINT('',(7.402626642679,39.813147586862,4.855));
#7035 = CARTESIAN_POINT('',(7.402626642679,40.185812414866,4.855));
#7036 = CARTESIAN_POINT('',(7.411788056428,40.371455243456,
    4.865358454344));
#7037 = CARTESIAN_POINT('',(7.430077080465,40.556534501108,
    4.886036701624));
#7038 = CARTESIAN_POINT('',(7.458021728596,40.7405095455,4.916861906769)
  );
#7039 = CARTESIAN_POINT('',(7.496590597063,40.92257336022,4.957384019806
    ));
#7040 = CARTESIAN_POINT('',(7.562274464647,41.154650084813,
    5.021301013299));
#7041 = CARTESIAN_POINT('',(7.578335037203,41.207385184536,
    5.036667471345));
#7042 = CARTESIAN_POINT('',(7.595495016917,41.259830139074,
    5.052781198633));
#7043 = CARTESIAN_POINT('',(7.613796844712,41.311953878782,
    5.069614966757));
#7044 = CARTESIAN_POINT('',(7.633286931395,41.363722226648,
    5.087137356477));
#7045 = CARTESIAN_POINT('',(7.677055799997,41.472202361578,
    5.125514859214));
#7046 = CARTESIAN_POINT('',(7.701625919599,41.528820819257,
    5.146523293954));
#7047 = CARTESIAN_POINT('',(7.727795800897,41.584902769774,
    5.168289003173));
#7048 = CARTESIAN_POINT('',(7.75564050609,41.640389992933,5.190754787587
    ));
#7049 = CARTESIAN_POINT('',(7.785241056571,41.695216491463,
    5.213854126854));
#7050 = CARTESIAN_POINT('',(7.851971790747,41.81001067508,5.264056735207
    ));
#7051 = CARTESIAN_POINT('',(7.889578250687,41.869784799556,
    5.291302972104));
#7052 = CARTESIAN_POINT('',(7.929629960174,41.928529018531,
    5.319140986902));
#7053 = CARTESIAN_POINT('',(7.972257141946,41.986118465334,
    5.347441726366));
#7054 = CARTESIAN_POINT('',(8.017594682131,42.042405288553,
    5.376051855942));
#7055 = CARTESIAN_POINT('',(8.121433166506,42.16052230134,5.437981159317
    ));
#7056 = CARTESIAN_POINT('',(8.180875637537,42.221849613236,
    5.471337201928));
#7057 = CARTESIAN_POINT('',(8.244331124494,42.280948310051,
    5.504587557545));
#7058 = CARTESIAN_POINT('',(8.311998187403,42.337480766515,
    5.537386656993));
#7059 = CARTESIAN_POINT('',(8.384029204512,42.391035633985,
    5.569317627325));
#7060 = CARTESIAN_POINT('',(8.515915217818,42.477439218513,
    5.622048425305));
#7061 = CARTESIAN_POINT('',(8.573649472537,42.511922197337,
    5.643488035769));
#7062 = CARTESIAN_POINT('',(8.633733422493,42.544405282053,5.66402875444
    ));
#7063 = CARTESIAN_POINT('',(8.696150418262,42.57467477443,5.683457602179
    ));
#7064 = CARTESIAN_POINT('',(8.760827337958,42.602500900305,
    5.701547292223));
#7065 = CARTESIAN_POINT('',(8.930257327972,42.666303413134,
    5.743459998829));
#7066 = CARTESIAN_POINT('',(9.037989596385,42.69867722719,5.765174699347
    ));
#7067 = CARTESIAN_POINT('',(9.150097031395,42.723833370754,
    5.782324662187));
#7068 = CARTESIAN_POINT('',(9.265516417752,42.740979722885,
    5.794112358559));
#7069 = CARTESIAN_POINT('',(9.382792032717,42.749545416973,5.8));
#7070 = CARTESIAN_POINT('',(9.5,42.749545416973,5.8));
#7071 = ORIENTED_EDGE('',*,*,#7072,.F.);
#7072 = EDGE_CURVE('',#7073,#7006,#7075,.T.);
#7073 = VERTEX_POINT('',#7074);
#7074 = CARTESIAN_POINT('',(10.52458364363,37.549193338483,
    5.605806661517));
#7075 = CIRCLE('',#7076,1.26806446997);
#7076 = AXIS2_PLACEMENT_3D('',#7077,#7078,#7079);
#7077 = CARTESIAN_POINT('',(9.5,38.0775,5.0775));
#7078 = DIRECTION('',(0.,-0.707106781187,-0.707106781187));
#7079 = DIRECTION('',(0.,0.707106781187,-0.707106781187));
#7080 = ORIENTED_EDGE('',*,*,#7081,.T.);
#7081 = EDGE_CURVE('',#7073,#6986,#7082,.T.);
#7082 = B_SPLINE_CURVE_WITH_KNOTS('',7,(#7083,#7084,#7085,#7086,#7087,
    #7088,#7089,#7090,#7091,#7092,#7093,#7094,#7095,#7096,#7097,#7098,
    #7099,#7100,#7101,#7102,#7103,#7104,#7105,#7106,#7107,#7108),
  .UNSPECIFIED.,.F.,.F.,(8,6,6,6,8),(0.,0.177104434251,0.329902976328,
    0.522679328519,1.),.UNSPECIFIED.);
#7083 = CARTESIAN_POINT('',(10.524582708665,37.549192738483,
    5.605807029138));
#7084 = CARTESIAN_POINT('',(10.591498026824,37.592134628087,
    5.579496455422));
#7085 = CARTESIAN_POINT('',(10.655159471275,37.637643936909,
    5.55215036122));
#7086 = CARTESIAN_POINT('',(10.715610065597,37.685436332794,
    5.524059854611));
#7087 = CARTESIAN_POINT('',(10.772925808263,37.73525525745,
    5.495485486627));
#7088 = CARTESIAN_POINT('',(10.827208345769,37.786875628341,
    5.466656157318));
#7089 = CARTESIAN_POINT('',(10.878577645767,37.840107540583,
    5.437768021817));
#7090 = CARTESIAN_POINT('',(10.96908358956,37.941986383655,
    5.384149185915));
#7091 = CARTESIAN_POINT('',(11.008926079916,37.990253747489,
    5.35939545472));
#7092 = CARTESIAN_POINT('',(11.046773654857,38.039501017376,
    5.33482905534));
#7093 = CARTESIAN_POINT('',(11.082705922359,38.089637373724,
    5.310544687973));
#7094 = CARTESIAN_POINT('',(11.116800541427,38.140582252888,
    5.286625776143));
#7095 = CARTESIAN_POINT('',(11.149133178732,38.192265379746,
    5.263145342363));
#7096 = CARTESIAN_POINT('',(11.218439442584,38.310687925634,
    5.211176401539));
#7097 = CARTESIAN_POINT('',(11.254411138898,38.377823662659,
    5.182987153515));
#7098 = CARTESIAN_POINT('',(11.287839537162,38.445912623669,
    5.155727083998));
#7099 = CARTESIAN_POINT('',(11.318859203719,38.514846051939,
    5.129506068297));
#7100 = CARTESIAN_POINT('',(11.347593397526,38.584527723862,
    5.104417770212));
#7101 = CARTESIAN_POINT('',(11.374155179412,38.654873851122,
    5.080541499498));
#7102 = CARTESIAN_POINT('',(11.459294852024,38.901460636808,
    5.001992079268));
#7103 = CARTESIAN_POINT('',(11.507239189777,39.080684937539,
    4.95389931035));
#7104 = CARTESIAN_POINT('',(11.544077437742,39.262432923834,
    4.914660637635));
#7105 = CARTESIAN_POINT('',(11.570919757581,39.445839772138,
    4.884908448371));
#7106 = CARTESIAN_POINT('',(11.588553816996,39.630227768592,
    4.864972342854));
#7107 = CARTESIAN_POINT('',(11.597373357321,39.815092737376,4.855));
#7108 = CARTESIAN_POINT('',(11.597373357321,40.,4.855));
#7109 = SPHERICAL_SURFACE('',#7110,3.);
#7110 = AXIS2_PLACEMENT_3D('',#7111,#7112,#7113);
#7111 = CARTESIAN_POINT('',(9.5,40.,7.));
#7112 = DIRECTION('',(0.,0.,1.));
#7113 = DIRECTION('',(1.,0.,-0.));
#7114 = ADVANCED_FACE('',(#7115),#7204,.T.);
#7115 = FACE_BOUND('',#7116,.T.);
#7116 = EDGE_LOOP('',(#7117,#7118,#7126,#7135,#7203));
#7117 = ORIENTED_EDGE('',*,*,#6536,.F.);
#7118 = ORIENTED_EDGE('',*,*,#7119,.T.);
#7119 = EDGE_CURVE('',#6488,#7120,#7122,.T.);
#7120 = VERTEX_POINT('',#7121);
#7121 = CARTESIAN_POINT('',(9.5,49.977121764564,6.032114792595));
#7122 = LINE('',#7123,#7124);
#7123 = CARTESIAN_POINT('',(9.5,40.854357657717,9.349483558721));
#7124 = VECTOR('',#7125,1.);
#7125 = DIRECTION('',(0.,0.939793423488,-0.341743063087));
#7126 = ORIENTED_EDGE('',*,*,#7127,.F.);
#7127 = EDGE_CURVE('',#7128,#7120,#7130,.T.);
#7128 = VERTEX_POINT('',#7129);
#7129 = CARTESIAN_POINT('',(7.191629804401,49.450806661351,
    4.584748258341));
#7130 = CIRCLE('',#7131,2.5);
#7131 = AXIS2_PLACEMENT_3D('',#7132,#7133,#7134);
#7132 = CARTESIAN_POINT('',(9.5,49.122764106847,3.682631233874));
#7133 = DIRECTION('',(0.,0.939793423488,-0.341743063087));
#7134 = DIRECTION('',(0.,0.341743063087,0.939793423488));
#7135 = ORIENTED_EDGE('',*,*,#7136,.F.);
#7136 = EDGE_CURVE('',#6997,#7128,#7137,.T.);
#7137 = B_SPLINE_CURVE_WITH_KNOTS('',8,(#7138,#7139,#7140,#7141,#7142,
    #7143,#7144,#7145,#7146,#7147,#7148,#7149,#7150,#7151,#7152,#7153,
    #7154,#7155,#7156,#7157,#7158,#7159,#7160,#7161,#7162,#7163,#7164,
    #7165,#7166,#7167,#7168,#7169,#7170,#7171,#7172,#7173,#7174,#7175,
    #7176,#7177,#7178,#7179,#7180,#7181,#7182,#7183,#7184,#7185,#7186,
    #7187,#7188,#7189,#7190,#7191,#7192,#7193,#7194,#7195,#7196,#7197,
    #7198,#7199,#7200,#7201,#7202),.UNSPECIFIED.,.F.,.F.,(9,7,7,7,7,7,7,
    7,7,9),(0.,0.308231293985,0.595052543217,0.7105254459,0.795704834966
    ,0.841928876343,0.876084171346,0.915251347577,0.934166909847,1.),
  .UNSPECIFIED.);
#7138 = CARTESIAN_POINT('',(7.832612866739,39.363419142822,
    5.249404398466));
#7139 = CARTESIAN_POINT('',(7.731542154076,39.834180772286,
    5.174485008266));
#7140 = CARTESIAN_POINT('',(7.640857553616,40.311713924617,
    5.099222487161));
#7141 = CARTESIAN_POINT('',(7.559413574036,40.79089381625,5.024589008711
    ));
#7142 = CARTESIAN_POINT('',(7.486089092346,41.268900007304,
    4.951182894324));
#7143 = CARTESIAN_POINT('',(7.419820750271,41.745067988098,
    4.879293692676));
#7144 = CARTESIAN_POINT('',(7.359664826722,42.220542038164,
    4.808978620809));
#7145 = CARTESIAN_POINT('',(7.30487745605,42.697735122762,4.740230421409
    ));
#7146 = CARTESIAN_POINT('',(7.208592991361,43.627997148487,
    4.611050852699));
#7147 = CARTESIAN_POINT('',(7.167845399512,44.066834741631,
    4.552263061823));
#7148 = CARTESIAN_POINT('',(7.131347041533,44.503829108201,
    4.496202674169));
#7149 = CARTESIAN_POINT('',(7.098507928168,44.945010151331,
    4.442647807569));
#7150 = CARTESIAN_POINT('',(7.069401245704,45.392901185783,
    4.392289807887));
#7151 = CARTESIAN_POINT('',(7.044664796919,45.845308507111,
    4.346998540161));
#7152 = CARTESIAN_POINT('',(7.025199526457,46.295756208904,
    4.310013329819));
#7153 = CARTESIAN_POINT('',(7.007306563191,46.91381372531,4.275384102194
    ));
#7154 = CARTESIAN_POINT('',(7.003250652709,47.089879722509,4.26742328919
    ));
#7155 = CARTESIAN_POINT('',(7.000317824106,47.266034139803,
    4.261602619617));
#7156 = CARTESIAN_POINT('',(6.998646460021,47.443057447627,
    4.258257266178));
#7157 = CARTESIAN_POINT('',(6.998469428898,47.621115526206,
    4.257896500408));
#7158 = CARTESIAN_POINT('',(7.00011701198,47.799846541635,4.261204059821
    ));
#7159 = CARTESIAN_POINT('',(7.004044645275,47.978500246538,4.2690277203)
  );
#7160 = CARTESIAN_POINT('',(7.0159682564,48.287155253748,4.292171988943)
  );
#7161 = CARTESIAN_POINT('',(7.02262727958,48.41764433619,4.304988902418)
  );
#7162 = CARTESIAN_POINT('',(7.031187951044,48.548246063577,
    4.321269666923));
#7163 = CARTESIAN_POINT('',(7.042069084875,48.679196372802,
    4.341634081636));
#7164 = CARTESIAN_POINT('',(7.055839994756,48.810371626234,
    4.366844089179));
#7165 = CARTESIAN_POINT('',(7.073263954624,48.9413672747,4.397804336461)
  );
#7166 = CARTESIAN_POINT('',(7.095395387458,49.071594412531,
    4.435533232356));
#7167 = CARTESIAN_POINT('',(7.139178889202,49.270282166987,
    4.505779370726));
#7168 = CARTESIAN_POINT('',(7.156480579007,49.340021677398,
    4.532883880901));
#7169 = CARTESIAN_POINT('',(7.175913507843,49.409314926283,
    4.562514916074));
#7170 = CARTESIAN_POINT('',(7.197742202552,49.47790400669,4.594792855417
    ));
#7171 = CARTESIAN_POINT('',(7.222269300817,49.545563196399,
    4.629819075694));
#7172 = CARTESIAN_POINT('',(7.249841884981,49.61209577116,4.667666925444
    ));
#7173 = CARTESIAN_POINT('',(7.280859208553,49.677330531988,
    4.708370418805));
#7174 = CARTESIAN_POINT('',(7.341586394632,49.788251125095,
    4.784082855516));
#7175 = CARTESIAN_POINT('',(7.369489874016,49.834533117688,
    4.817762303071));
#7176 = CARTESIAN_POINT('',(7.39960238477,49.879786338277,4.852851888544
    ));
#7177 = CARTESIAN_POINT('',(7.432026397908,49.923863520335,
    4.889224731897));
#7178 = CARTESIAN_POINT('',(7.466851544385,49.966643790553,
    4.926722786805));
#7179 = CARTESIAN_POINT('',(7.504148122772,50.008028629634,
    4.965157467616));
#7180 = CARTESIAN_POINT('',(7.54395929444,50.047937820114,5.00431229264)
  );
#7181 = CARTESIAN_POINT('',(7.634836451615,50.130302923279,5.08939879415
    ));
#7182 = CARTESIAN_POINT('',(7.686604551664,50.172189951967,
    5.135395657162));
#7183 = CARTESIAN_POINT('',(7.741622655694,50.211913993484,
    5.181607602479));
#7184 = CARTESIAN_POINT('',(7.799865690527,50.249440204517,
    5.227670443223));
#7185 = CARTESIAN_POINT('',(7.861251805914,50.284749126507,
    5.273201576383));
#7186 = CARTESIAN_POINT('',(7.92563705992,50.317834439898,5.317815223237
    ));
#7187 = CARTESIAN_POINT('',(7.992810104301,50.348700718394,
    5.361137669775));
#7188 = CARTESIAN_POINT('',(8.096136862694,50.391202589686,
    5.422953959344));
#7189 = CARTESIAN_POINT('',(8.130392619897,50.404538467307,
    5.442716578474));
#7190 = CARTESIAN_POINT('',(8.165236648655,50.417374672142,
    5.462078147104));
#7191 = CARTESIAN_POINT('',(8.200649962518,50.429716914867,
    5.481007850189));
#7192 = CARTESIAN_POINT('',(8.236612081424,50.441570760758,
    5.499476275051));
#7193 = CARTESIAN_POINT('',(8.273101031704,50.452941629694,
    5.517455411379));
#7194 = CARTESIAN_POINT('',(8.310093346079,50.463834796157,
    5.534918651235));
#7195 = CARTESIAN_POINT('',(8.477975895652,50.510522872765,
    5.610736031396));
#7196 = CARTESIAN_POINT('',(8.61409789063,50.541041966226,5.663039850109
    ));
#7197 = CARTESIAN_POINT('',(8.755111937826,50.566110457838,
    5.707823702715));
#7198 = CARTESIAN_POINT('',(8.900110615801,50.58595204391,5.744357462367
    ));
#7199 = CARTESIAN_POINT('',(9.048121525292,50.600726277461,
    5.772102310105));
#7200 = CARTESIAN_POINT('',(9.198130194467,50.610536741109,
    5.790705928974));
#7201 = CARTESIAN_POINT('',(9.349101556575,50.6154374442,5.8));
#7202 = CARTESIAN_POINT('',(9.5,50.6154374442,5.8));
#7203 = ORIENTED_EDGE('',*,*,#6996,.T.);
#7204 = CYLINDRICAL_SURFACE('',#7205,2.5);
#7205 = AXIS2_PLACEMENT_3D('',#7206,#7207,#7208);
#7206 = CARTESIAN_POINT('',(9.5,40.,7.));
#7207 = DIRECTION('',(0.,0.939793423488,-0.341743063087));
#7208 = DIRECTION('',(0.,0.341743063087,0.939793423488));
#7209 = ADVANCED_FACE('',(#7210),#7291,.T.);
#7210 = FACE_BOUND('',#7211,.T.);
#7211 = EDGE_LOOP('',(#7212,#7221,#7222,#7223,#7232));
#7212 = ORIENTED_EDGE('',*,*,#7213,.F.);
#7213 = EDGE_CURVE('',#7120,#7214,#7216,.T.);
#7214 = VERTEX_POINT('',#7215);
#7215 = CARTESIAN_POINT('',(11.808370196373,49.450806661226,
    4.584748257677));
#7216 = CIRCLE('',#7217,2.5);
#7217 = AXIS2_PLACEMENT_3D('',#7218,#7219,#7220);
#7218 = CARTESIAN_POINT('',(9.5,49.122764106847,3.682631233874));
#7219 = DIRECTION('',(0.,0.939793423488,-0.341743063087));
#7220 = DIRECTION('',(0.,0.341743063087,0.939793423488));
#7221 = ORIENTED_EDGE('',*,*,#7119,.F.);
#7222 = ORIENTED_EDGE('',*,*,#6487,.F.);
#7223 = ORIENTED_EDGE('',*,*,#7224,.T.);
#7224 = EDGE_CURVE('',#6479,#7225,#7227,.T.);
#7225 = VERTEX_POINT('',#7226);
#7226 = CARTESIAN_POINT('',(11.471359800381,41.03305954722,
    4.988401503943));
#7227 = CIRCLE('',#7228,2.5);
#7228 = AXIS2_PLACEMENT_3D('',#7229,#7230,#7231);
#7229 = CARTESIAN_POINT('',(9.5,41.558471083077,6.433283242517));
#7230 = DIRECTION('',(0.,0.939793423488,-0.341743063087));
#7231 = DIRECTION('',(0.,0.341743063087,0.939793423488));
#7232 = ORIENTED_EDGE('',*,*,#7233,.F.);
#7233 = EDGE_CURVE('',#7214,#7225,#7234,.T.);
#7234 = B_SPLINE_CURVE_WITH_KNOTS('',7,(#7235,#7236,#7237,#7238,#7239,
    #7240,#7241,#7242,#7243,#7244,#7245,#7246,#7247,#7248,#7249,#7250,
    #7251,#7252,#7253,#7254,#7255,#7256,#7257,#7258,#7259,#7260,#7261,
    #7262,#7263,#7264,#7265,#7266,#7267,#7268,#7269,#7270,#7271,#7272,
    #7273,#7274,#7275,#7276,#7277,#7278,#7279,#7280,#7281,#7282,#7283,
    #7284,#7285,#7286,#7287,#7288,#7289,#7290),.UNSPECIFIED.,.F.,.F.,(8,
    6,6,6,6,6,6,6,6,8),(0.,6.564243626854E-02,8.450321870915E-02,
    0.123556966052,0.157123617705,0.203136566056,0.28807879205,
    0.402136516384,0.656707959891,1.),.UNSPECIFIED.);
#7235 = CARTESIAN_POINT('',(9.5,50.6154374442,5.8));
#7236 = CARTESIAN_POINT('',(9.672455363914,50.6154374442,5.8));
#7237 = CARTESIAN_POINT('',(9.84500795274,50.608903173412,5.787607905299
    ));
#7238 = CARTESIAN_POINT('',(10.01600078789,50.595820139891,
    5.762798952988));
#7239 = CARTESIAN_POINT('',(10.183777980509,50.576083947929,
    5.725915971747));
#7240 = CARTESIAN_POINT('',(10.346738198282,50.549487974354,
    5.677669920996));
#7241 = CARTESIAN_POINT('',(10.503393842635,50.515703941841,
    5.619149637446));
#7242 = CARTESIAN_POINT('',(10.695259613576,50.462346140004,
    5.532501202976));
#7243 = CARTESIAN_POINT('',(10.73744541987,50.449806792924,
    5.512440147514));
#7244 = CARTESIAN_POINT('',(10.7789534178,50.436629141458,5.491697951573
    ));
#7245 = CARTESIAN_POINT('',(10.819746657164,50.422804688276,
    5.470317748806));
#7246 = CARTESIAN_POINT('',(10.859791174979,50.408324645253,
    5.448345477602));
#7247 = CARTESIAN_POINT('',(10.899055995477,50.393179933469,
    5.425829881088));
#7248 = CARTESIAN_POINT('',(11.017143719356,50.344606366278,
    5.35518269301));
#7249 = CARTESIAN_POINT('',(11.093436013655,50.308910464438,
    5.305359399979));
#7250 = CARTESIAN_POINT('',(11.165935502344,50.270252323748,
    5.253906882226));
#7251 = CARTESIAN_POINT('',(11.234333116603,50.228628085286,
    5.20143400422));
#7252 = CARTESIAN_POINT('',(11.298451057146,50.184057173813,
    5.148563599576));
#7253 = CARTESIAN_POINT('',(11.358228621907,50.136588286428,
    5.09589182992));
#7254 = CARTESIAN_POINT('',(11.461392525424,50.043087281113,
    4.999301488571));
#7255 = CARTESIAN_POINT('',(11.505812290604,49.997871209482,
    4.955276515292));
#7256 = CARTESIAN_POINT('',(11.546976928009,49.950758651585,
    4.912240544905));
#7257 = CARTESIAN_POINT('',(11.58496479195,49.901878124685,
    4.870517638994));
#7258 = CARTESIAN_POINT('',(11.619900310203,49.851395256018,
    4.830376339045));
#7259 = CARTESIAN_POINT('',(11.651936119361,49.799522807061,
    4.792025449729));
#7260 = CARTESIAN_POINT('',(11.721409611417,49.6738893309,4.705709164306
    ));
#7261 = CARTESIAN_POINT('',(11.756356577924,49.599305339008,
    4.659562393344));
#7262 = CARTESIAN_POINT('',(11.786815496714,49.523016615919,
    4.61721479941));
#7263 = CARTESIAN_POINT('',(11.813400067417,49.44530476614,
    4.578597348178));
#7264 = CARTESIAN_POINT('',(11.836626657583,49.366505499049,
    4.543570182813));
#7265 = CARTESIAN_POINT('',(11.856932556226,49.287017929758,
    4.511949756197));
#7266 = CARTESIAN_POINT('',(11.907468101515,49.060172915184,
    4.431057263442));
#7267 = CARTESIAN_POINT('',(11.931824797586,48.911099160616,
    4.389059732117));
#7268 = CARTESIAN_POINT('',(11.950258174907,48.761156534243,
    4.355868185835));
#7269 = CARTESIAN_POINT('',(11.964276917982,48.611262133919,
    4.329851329142));
#7270 = CARTESIAN_POINT('',(11.974933311032,48.461893258223,
    4.309669410512));
#7271 = CARTESIAN_POINT('',(11.982950857013,48.31284747435,
    4.294263986939));
#7272 = CARTESIAN_POINT('',(11.996706353219,47.962009971249,
    4.267577804339));
#7273 = CARTESIAN_POINT('',(12.000722626923,47.759600565277,
    4.25951695427));
#7274 = CARTESIAN_POINT('',(12.001900874085,47.557344663893,
    4.257153795439));
#7275 = CARTESIAN_POINT('',(12.000881803433,47.356330216594,
    4.25920873906));
#7276 = CARTESIAN_POINT('',(11.998108089929,47.156767358449,
    4.264742710091));
#7277 = CARTESIAN_POINT('',(11.993838060812,46.957694204382,
    4.273155857902));
#7278 = CARTESIAN_POINT('',(11.975436541523,46.308714129168,
    4.308809251004));
#7279 = CARTESIAN_POINT('',(11.955624048676,45.851473006735,
    4.346501020011));
#7280 = CARTESIAN_POINT('',(11.930433895462,45.394091027304,
    4.392554133977));
#7281 = CARTESIAN_POINT('',(11.900847414321,44.943050420476,
    4.44343688882));
#7282 = CARTESIAN_POINT('',(11.867467716247,44.498619279775,
    4.497510511956));
#7283 = CARTESIAN_POINT('',(11.829943224382,44.054367405237,
    4.554657574917));
#7284 = CARTESIAN_POINT('',(11.728567950354,42.988349459675,
    4.698134380624));
#7285 = CARTESIAN_POINT('',(11.662483758101,42.383755749774,
    4.784315161759));
#7286 = CARTESIAN_POINT('',(11.587924358238,41.781613377176,
    4.873146083849));
#7287 = CARTESIAN_POINT('',(11.503297044748,41.176555396714,
    4.964808305645));
#7288 = CARTESIAN_POINT('',(11.406567747492,40.567754721071,
    5.058942697535));
#7289 = CARTESIAN_POINT('',(11.295385024508,39.9596007098,5.154525044137
    ));
#7290 = CARTESIAN_POINT('',(11.167387133261,39.363419142822,
    5.249404398466));
#7291 = CYLINDRICAL_SURFACE('',#7292,2.5);
#7292 = AXIS2_PLACEMENT_3D('',#7293,#7294,#7295);
#7293 = CARTESIAN_POINT('',(9.5,40.,7.));
#7294 = DIRECTION('',(0.,0.939793423488,-0.341743063087));
#7295 = DIRECTION('',(0.,0.341743063087,0.939793423488));
#7296 = ADVANCED_FACE('',(#7297),#7349,.T.);
#7297 = FACE_BOUND('',#7298,.T.);
#7298 = EDGE_LOOP('',(#7299,#7300,#7301,#7348));
#7299 = ORIENTED_EDGE('',*,*,#6478,.F.);
#7300 = ORIENTED_EDGE('',*,*,#6985,.F.);
#7301 = ORIENTED_EDGE('',*,*,#7302,.F.);
#7302 = EDGE_CURVE('',#7225,#6986,#7303,.T.);
#7303 = B_SPLINE_CURVE_WITH_KNOTS('',7,(#7304,#7305,#7306,#7307,#7308,
    #7309,#7310,#7311,#7312,#7313,#7314,#7315,#7316,#7317,#7318,#7319,
    #7320,#7321,#7322,#7323,#7324,#7325,#7326,#7327,#7328,#7329,#7330,
    #7331,#7332,#7333,#7334,#7335,#7336,#7337,#7338,#7339,#7340,#7341,
    #7342,#7343,#7344,#7345,#7346,#7347),.UNSPECIFIED.,.F.,.F.,(8,6,6,6,
    6,6,6,8),(0.,7.242438937319E-02,0.148182904216,0.244896723732,
    0.378440759719,0.494386123192,0.640023874173,1.),.UNSPECIFIED.);
#7304 = CARTESIAN_POINT('',(9.5,42.749545416973,5.8));
#7305 = CARTESIAN_POINT('',(9.549105101667,42.749545416973,5.8));
#7306 = CARTESIAN_POINT('',(9.598212921693,42.748083729563,
    5.798995284585));
#7307 = CARTESIAN_POINT('',(9.647204637616,42.745160239693,5.79698566292
    ));
#7308 = CARTESIAN_POINT('',(9.695967859054,42.740787453015,
    5.793983240027));
#7309 = CARTESIAN_POINT('',(9.744396671312,42.734989229036,
    5.790011128571));
#7310 = CARTESIAN_POINT('',(9.792391678981,42.72779951427,5.785102160639
    ));
#7311 = CARTESIAN_POINT('',(9.889513671596,42.710329561398,
    5.773225819931));
#7312 = CARTESIAN_POINT('',(9.938594984092,42.699921560413,
    5.766173562742));
#7313 = CARTESIAN_POINT('',(9.987001382789,42.688085348729,
    5.758187513156));
#7314 = CARTESIAN_POINT('',(10.034647026767,42.674877286173,
    5.749322500954));
#7315 = CARTESIAN_POINT('',(10.081461381835,42.660359223856,
    5.739638904854));
#7316 = CARTESIAN_POINT('',(10.127387763922,42.644595911913,
    5.72920005687));
#7317 = CARTESIAN_POINT('',(10.229821670872,42.606022217482,
    5.703860491613));
#7318 = CARTESIAN_POINT('',(10.285741457569,42.582468858426,
    5.688524352644));
#7319 = CARTESIAN_POINT('',(10.340056979072,42.557125792932,
    5.672192922836));
#7320 = CARTESIAN_POINT('',(10.392715626691,42.530125836796,
    5.654997500652));
#7321 = CARTESIAN_POINT('',(10.443691668646,42.501596927119,
    5.637065101643));
#7322 = CARTESIAN_POINT('',(10.492981472165,42.471657890669,
    5.618514570133));
#7323 = CARTESIAN_POINT('',(10.606349413912,42.397272426134,
    5.573131733924));
#7324 = CARTESIAN_POINT('',(10.668900219984,42.351650615985,
    5.545840296732));
#7325 = CARTESIAN_POINT('',(10.728299770219,42.303822003233,
    5.517858441023));
#7326 = CARTESIAN_POINT('',(10.784626563401,42.25403277847,
    5.489436468344));
#7327 = CARTESIAN_POINT('',(10.837982313773,42.202498782826,
    5.460794115399));
#7328 = CARTESIAN_POINT('',(10.88848529412,42.149402189346,
    5.432119749353));
#7329 = CARTESIAN_POINT('',(10.977745742389,42.047558132717,
    5.378781771633));
#7330 = CARTESIAN_POINT('',(11.01716871806,41.999165719939,
    5.354090942032));
#7331 = CARTESIAN_POINT('',(11.054613891931,41.949810001427,
    5.329601859413));
#7332 = CARTESIAN_POINT('',(11.090160476473,41.899580029125,
    5.305407386361));
#7333 = CARTESIAN_POINT('',(11.123885593557,41.84855482707,
    5.281589332793));
#7334 = CARTESIAN_POINT('',(11.155864257454,41.796803366943,
    5.258219325802));
#7335 = CARTESIAN_POINT('',(11.224235275511,41.678541811214,
    5.206645918323));
#7336 = CARTESIAN_POINT('',(11.259657931145,41.611651056129,
    5.178739538764));
#7337 = CARTESIAN_POINT('',(11.292580872199,41.543830065643,
    5.151764489292));
#7338 = CARTESIAN_POINT('',(11.323135501777,41.475184487648,
    5.125827288473));
#7339 = CARTESIAN_POINT('',(11.351442152071,41.40580792019,
    5.101018807402));
#7340 = CARTESIAN_POINT('',(11.37761115782,41.335782001023,
    5.077416052135));
#7341 = CARTESIAN_POINT('',(11.461393448453,41.090659275024,
    4.999885174171));
#7342 = CARTESIAN_POINT('',(11.508583139086,40.912656948079,
    4.952467179567));
#7343 = CARTESIAN_POINT('',(11.544860786251,40.732193080669,
    4.913792166086));
#7344 = CARTESIAN_POINT('',(11.571305755218,40.550109112493,
    4.884472124007));
#7345 = CARTESIAN_POINT('',(11.588682473721,40.367064966159,
    4.864826845193));
#7346 = CARTESIAN_POINT('',(11.597373357321,40.1835534376,4.855));
#7347 = CARTESIAN_POINT('',(11.597373357321,40.,4.855));
#7348 = ORIENTED_EDGE('',*,*,#7224,.F.);
#7349 = SPHERICAL_SURFACE('',#7350,3.);
#7350 = AXIS2_PLACEMENT_3D('',#7351,#7352,#7353);
#7351 = CARTESIAN_POINT('',(9.5,40.,7.));
#7352 = DIRECTION('',(0.,0.,1.));
#7353 = DIRECTION('',(1.,0.,-0.));
#7354 = ADVANCED_FACE('',(#7355),#7376,.T.);
#7355 = FACE_BOUND('',#7356,.T.);
#7356 = EDGE_LOOP('',(#7357,#7358,#7359,#7366,#7367,#7368,#7369));
#7357 = ORIENTED_EDGE('',*,*,#6632,.T.);
#7358 = ORIENTED_EDGE('',*,*,#6763,.T.);
#7359 = ORIENTED_EDGE('',*,*,#7360,.F.);
#7360 = EDGE_CURVE('',#6841,#6755,#7361,.T.);
#7361 = CIRCLE('',#7362,2.8);
#7362 = AXIS2_PLACEMENT_3D('',#7363,#7364,#7365);
#7363 = CARTESIAN_POINT('',(-9.5,49.450806661517,3.));
#7364 = DIRECTION('',(0.,1.,0.));
#7365 = DIRECTION('',(0.,-0.,1.));
#7366 = ORIENTED_EDGE('',*,*,#6860,.T.);
#7367 = ORIENTED_EDGE('',*,*,#6929,.T.);
#7368 = ORIENTED_EDGE('',*,*,#6708,.F.);
#7369 = ORIENTED_EDGE('',*,*,#7370,.T.);
#7370 = EDGE_CURVE('',#6700,#6633,#7371,.T.);
#7371 = CIRCLE('',#7372,2.8);
#7372 = AXIS2_PLACEMENT_3D('',#7373,#7374,#7375);
#7373 = CARTESIAN_POINT('',(-9.5,37.549193338483,3.));
#7374 = DIRECTION('',(0.,1.,0.));
#7375 = DIRECTION('',(0.,-0.,1.));
#7376 = CYLINDRICAL_SURFACE('',#7377,2.8);
#7377 = AXIS2_PLACEMENT_3D('',#7378,#7379,#7380);
#7378 = CARTESIAN_POINT('',(-9.5,36.,3.));
#7379 = DIRECTION('',(0.,1.,0.));
#7380 = DIRECTION('',(0.,-0.,1.));
#7381 = ADVANCED_FACE('',(#7382,#7386),#7390,.T.);
#7382 = FACE_BOUND('',#7383,.T.);
#7383 = VERTEX_LOOP('',#7384);
#7384 = VERTEX_POINT('',#7385);
#7385 = CARTESIAN_POINT('',(-9.5,36.,-0.2));
#7386 = FACE_BOUND('',#7387,.T.);
#7387 = EDGE_LOOP('',(#7388,#7389));
#7388 = ORIENTED_EDGE('',*,*,#7370,.F.);
#7389 = ORIENTED_EDGE('',*,*,#6699,.T.);
#7390 = SPHERICAL_SURFACE('',#7391,3.2);
#7391 = AXIS2_PLACEMENT_3D('',#7392,#7393,#7394);
#7392 = CARTESIAN_POINT('',(-9.5,36.,3.));
#7393 = DIRECTION('',(0.,0.,1.));
#7394 = DIRECTION('',(1.,0.,-0.));
#7395 = ADVANCED_FACE('',(#7396,#7400,#7411),#7416,.T.);
#7396 = FACE_BOUND('',#7397,.T.);
#7397 = VERTEX_LOOP('',#7398);
#7398 = VERTEX_POINT('',#7399);
#7399 = CARTESIAN_POINT('',(-9.5,51.,6.2));
#7400 = FACE_BOUND('',#7401,.T.);
#7401 = EDGE_LOOP('',(#7402));
#7402 = ORIENTED_EDGE('',*,*,#7403,.T.);
#7403 = EDGE_CURVE('',#7404,#7404,#7406,.T.);
#7404 = VERTEX_POINT('',#7405);
#7405 = CARTESIAN_POINT('',(-9.5,53.093182416909,5.420451893664));
#7406 = CIRCLE('',#7407,2.616719086382);
#7407 = AXIS2_PLACEMENT_3D('',#7408,#7409,#7410);
#7408 = CARTESIAN_POINT('',(-9.5,52.832809136181,2.816719086382));
#7409 = DIRECTION('',(0.,-0.99503719021,9.9503719021E-02));
#7410 = DIRECTION('',(0.,-9.9503719021E-02,-0.99503719021));
#7411 = FACE_BOUND('',#7412,.T.);
#7412 = EDGE_LOOP('',(#7413,#7414,#7415));
#7413 = ORIENTED_EDGE('',*,*,#6754,.T.);
#7414 = ORIENTED_EDGE('',*,*,#6840,.T.);
#7415 = ORIENTED_EDGE('',*,*,#7360,.T.);
#7416 = SPHERICAL_SURFACE('',#7417,3.2);
#7417 = AXIS2_PLACEMENT_3D('',#7418,#7419,#7420);
#7418 = CARTESIAN_POINT('',(-9.5,51.,3.));
#7419 = DIRECTION('',(0.,0.,1.));
#7420 = DIRECTION('',(1.,0.,-0.));
#7421 = ADVANCED_FACE('',(#7422),#7443,.T.);
#7422 = FACE_BOUND('',#7423,.T.);
#7423 = EDGE_LOOP('',(#7424,#7425,#7426,#7433,#7434,#7435,#7436));
#7424 = ORIENTED_EDGE('',*,*,#7005,.T.);
#7425 = ORIENTED_EDGE('',*,*,#7136,.T.);
#7426 = ORIENTED_EDGE('',*,*,#7427,.F.);
#7427 = EDGE_CURVE('',#7214,#7128,#7428,.T.);
#7428 = CIRCLE('',#7429,2.8);
#7429 = AXIS2_PLACEMENT_3D('',#7430,#7431,#7432);
#7430 = CARTESIAN_POINT('',(9.5,49.450806661517,3.));
#7431 = DIRECTION('',(0.,1.,0.));
#7432 = DIRECTION('',(0.,-0.,1.));
#7433 = ORIENTED_EDGE('',*,*,#7233,.T.);
#7434 = ORIENTED_EDGE('',*,*,#7302,.T.);
#7435 = ORIENTED_EDGE('',*,*,#7081,.F.);
#7436 = ORIENTED_EDGE('',*,*,#7437,.T.);
#7437 = EDGE_CURVE('',#7073,#7006,#7438,.T.);
#7438 = CIRCLE('',#7439,2.8);
#7439 = AXIS2_PLACEMENT_3D('',#7440,#7441,#7442);
#7440 = CARTESIAN_POINT('',(9.5,37.549193338483,3.));
#7441 = DIRECTION('',(0.,1.,0.));
#7442 = DIRECTION('',(0.,-0.,1.));
#7443 = CYLINDRICAL_SURFACE('',#7444,2.8);
#7444 = AXIS2_PLACEMENT_3D('',#7445,#7446,#7447);
#7445 = CARTESIAN_POINT('',(9.5,36.,3.));
#7446 = DIRECTION('',(0.,1.,0.));
#7447 = DIRECTION('',(0.,-0.,1.));
#7448 = ADVANCED_FACE('',(#7449,#7453),#7457,.T.);
#7449 = FACE_BOUND('',#7450,.T.);
#7450 = VERTEX_LOOP('',#7451);
#7451 = VERTEX_POINT('',#7452);
#7452 = CARTESIAN_POINT('',(9.5,36.,-0.2));
#7453 = FACE_BOUND('',#7454,.T.);
#7454 = EDGE_LOOP('',(#7455,#7456));
#7455 = ORIENTED_EDGE('',*,*,#7437,.F.);
#7456 = ORIENTED_EDGE('',*,*,#7072,.T.);
#7457 = SPHERICAL_SURFACE('',#7458,3.2);
#7458 = AXIS2_PLACEMENT_3D('',#7459,#7460,#7461);
#7459 = CARTESIAN_POINT('',(9.5,36.,3.));
#7460 = DIRECTION('',(0.,0.,1.));
#7461 = DIRECTION('',(1.,0.,-0.));
#7462 = ADVANCED_FACE('',(#7463,#7467,#7478),#7483,.T.);
#7463 = FACE_BOUND('',#7464,.T.);
#7464 = VERTEX_LOOP('',#7465);
#7465 = VERTEX_POINT('',#7466);
#7466 = CARTESIAN_POINT('',(9.5,51.,6.2));
#7467 = FACE_BOUND('',#7468,.T.);
#7468 = EDGE_LOOP('',(#7469));
#7469 = ORIENTED_EDGE('',*,*,#7470,.T.);
#7470 = EDGE_CURVE('',#7471,#7471,#7473,.T.);
#7471 = VERTEX_POINT('',#7472);
#7472 = CARTESIAN_POINT('',(9.5,53.093182416909,5.420451893664));
#7473 = CIRCLE('',#7474,2.616719086382);
#7474 = AXIS2_PLACEMENT_3D('',#7475,#7476,#7477);
#7475 = CARTESIAN_POINT('',(9.5,52.832809136181,2.816719086382));
#7476 = DIRECTION('',(0.,-0.99503719021,9.9503719021E-02));
#7477 = DIRECTION('',(0.,-9.9503719021E-02,-0.99503719021));
#7478 = FACE_BOUND('',#7479,.T.);
#7479 = EDGE_LOOP('',(#7480,#7481,#7482));
#7480 = ORIENTED_EDGE('',*,*,#7127,.T.);
#7481 = ORIENTED_EDGE('',*,*,#7213,.T.);
#7482 = ORIENTED_EDGE('',*,*,#7427,.T.);
#7483 = SPHERICAL_SURFACE('',#7484,3.2);
#7484 = AXIS2_PLACEMENT_3D('',#7485,#7486,#7487);
#7485 = CARTESIAN_POINT('',(9.5,51.,3.));
#7486 = DIRECTION('',(0.,0.,1.));
#7487 = DIRECTION('',(1.,0.,-0.));
#7488 = ADVANCED_FACE('',(#7489),#7508,.T.);
#7489 = FACE_BOUND('',#7490,.T.);
#7490 = EDGE_LOOP('',(#7491,#7500,#7506,#7507));
#7491 = ORIENTED_EDGE('',*,*,#7492,.T.);
#7492 = EDGE_CURVE('',#7493,#7493,#7495,.T.);
#7493 = VERTEX_POINT('',#7494);
#7494 = CARTESIAN_POINT('',(-9.5,55.242775608389,4.987289934999));
#7495 = CIRCLE('',#7496,2.399599345061);
#7496 = AXIS2_PLACEMENT_3D('',#7497,#7498,#7499);
#7497 = CARTESIAN_POINT('',(-9.5,55.004006549395,2.599599345061));
#7498 = DIRECTION('',(0.,-0.99503719021,9.9503719021E-02));
#7499 = DIRECTION('',(0.,-9.9503719021E-02,-0.99503719021));
#7500 = ORIENTED_EDGE('',*,*,#7501,.F.);
#7501 = EDGE_CURVE('',#7404,#7493,#7502,.T.);
#7502 = LINE('',#7503,#7504);
#7503 = CARTESIAN_POINT('',(-9.5,51.278610413259,5.786104132588));
#7504 = VECTOR('',#7505,1.);
#7505 = DIRECTION('',(2.42516203838E-17,0.980295206686,-0.197538117203)
  );
#7506 = ORIENTED_EDGE('',*,*,#7403,.F.);
#7507 = ORIENTED_EDGE('',*,*,#7501,.T.);
#7508 = CONICAL_SURFACE('',#7509,2.8,9.91772610794E-02);
#7509 = AXIS2_PLACEMENT_3D('',#7510,#7511,#7512);
#7510 = CARTESIAN_POINT('',(-9.5,51.,3.));
#7511 = DIRECTION('',(-0.,-0.99503719021,9.9503719021E-02));
#7512 = DIRECTION('',(0.,9.9503719021E-02,0.99503719021));
#7513 = ADVANCED_FACE('',(#7514),#7533,.T.);
#7514 = FACE_BOUND('',#7515,.T.);
#7515 = EDGE_LOOP('',(#7516,#7525,#7531,#7532));
#7516 = ORIENTED_EDGE('',*,*,#7517,.T.);
#7517 = EDGE_CURVE('',#7518,#7518,#7520,.T.);
#7518 = VERTEX_POINT('',#7519);
#7519 = CARTESIAN_POINT('',(9.5,55.242775608389,4.987289934999));
#7520 = CIRCLE('',#7521,2.399599345061);
#7521 = AXIS2_PLACEMENT_3D('',#7522,#7523,#7524);
#7522 = CARTESIAN_POINT('',(9.5,55.004006549395,2.599599345061));
#7523 = DIRECTION('',(0.,-0.99503719021,9.9503719021E-02));
#7524 = DIRECTION('',(0.,-9.9503719021E-02,-0.99503719021));
#7525 = ORIENTED_EDGE('',*,*,#7526,.F.);
#7526 = EDGE_CURVE('',#7471,#7518,#7527,.T.);
#7527 = LINE('',#7528,#7529);
#7528 = CARTESIAN_POINT('',(9.5,51.278610413259,5.786104132588));
#7529 = VECTOR('',#7530,1.);
#7530 = DIRECTION('',(2.42516203838E-17,0.980295206686,-0.197538117203)
  );
#7531 = ORIENTED_EDGE('',*,*,#7470,.F.);
#7532 = ORIENTED_EDGE('',*,*,#7526,.T.);
#7533 = CONICAL_SURFACE('',#7534,2.8,9.91772610794E-02);
#7534 = AXIS2_PLACEMENT_3D('',#7535,#7536,#7537);
#7535 = CARTESIAN_POINT('',(9.5,51.,3.));
#7536 = DIRECTION('',(-0.,-0.99503719021,9.9503719021E-02));
#7537 = DIRECTION('',(0.,9.9503719021E-02,0.99503719021));
#7538 = ADVANCED_FACE('',(#7539,#7543),#7546,.T.);
#7539 = FACE_BOUND('',#7540,.T.);
#7540 = VERTEX_LOOP('',#7541);
#7541 = VERTEX_POINT('',#7542);
#7542 = CARTESIAN_POINT('',(-9.5,56.,5.1));
#7543 = FACE_BOUND('',#7544,.T.);
#7544 = EDGE_LOOP('',(#7545));
#7545 = ORIENTED_EDGE('',*,*,#7492,.F.);
#7546 = SPHERICAL_SURFACE('',#7547,2.6);
#7547 = AXIS2_PLACEMENT_3D('',#7548,#7549,#7550);
#7548 = CARTESIAN_POINT('',(-9.5,56.,2.5));
#7549 = DIRECTION('',(0.,0.,1.));
#7550 = DIRECTION('',(1.,0.,-0.));
#7551 = ADVANCED_FACE('',(#7552,#7556),#7559,.T.);
#7552 = FACE_BOUND('',#7553,.T.);
#7553 = VERTEX_LOOP('',#7554);
#7554 = VERTEX_POINT('',#7555);
#7555 = CARTESIAN_POINT('',(9.5,56.,5.1));
#7556 = FACE_BOUND('',#7557,.T.);
#7557 = EDGE_LOOP('',(#7558));
#7558 = ORIENTED_EDGE('',*,*,#7517,.F.);
#7559 = SPHERICAL_SURFACE('',#7560,2.6);
#7560 = AXIS2_PLACEMENT_3D('',#7561,#7562,#7563);
#7561 = CARTESIAN_POINT('',(9.5,56.,2.5));
#7562 = DIRECTION('',(0.,0.,1.));
#7563 = DIRECTION('',(1.,0.,-0.));
#7564 = ( GEOMETRIC_REPRESENTATION_CONTEXT(3) 
GLOBAL_UNCERTAINTY_ASSIGNED_CONTEXT((#7568)) 
GLOBAL_UNIT_ASSIGNED_CONTEXT((#7565,#7566,#7567)) REPRESENTATION_CONTEXT
('Context #1','3D Context with UNIT and UNCERTAINTY') );
#7565 = ( LENGTH_UNIT() NAMED_UNIT(*) SI_UNIT(.MILLI.,.METRE.) );
#7566 = ( NAMED_UNIT(*) PLANE_ANGLE_UNIT() SI_UNIT($,.RADIAN.) );
#7567 = ( NAMED_UNIT(*) SI_UNIT($,.STERADIAN.) SOLID_ANGLE_UNIT() );
#7568 = UNCERTAINTY_MEASURE_WITH_UNIT(LENGTH_MEASURE(2.E-07),#7565,
  'distance_accuracy_value','confusion accuracy');
#7569 = PRODUCT_RELATED_PRODUCT_CATEGORY('part',$,(#7));
ENDSEC;
END-ISO-10303-21;
