ISO-10303-21;
HEADER;
FILE_DESCRIPTION(('FreeCAD Model'),'2;1');
FILE_NAME('Open CASCADE Shape Model','2026-10-08T11:15:28',('FreeCAD'),(
    'FreeCAD'),'Open CASCADE STEP processor 7.8','FreeCAD','Unknown');
FILE_SCHEMA(('AUTOMOTIVE_DESIGN { 1 0 10303 214 1 1 1 1 }'));
ENDSEC;
DATA;
#1 = APPLICATION_PROTOCOL_DEFINITION('international standard',
  'automotive_design',2000,#2);
#2 = APPLICATION_CONTEXT(
  'core data for automotive mechanical design processes');
#3 = SHAPE_DEFINITION_REPRESENTATION(#4,#10);
#4 = PRODUCT_DEFINITION_SHAPE('','',#5);
#5 = PRODUCT_DEFINITION('design','',#6,#9);
#6 = PRODUCT_DEFINITION_FORMATION('','',#7);
#7 = PRODUCT('Open CASCADE STEP translator 7.8 6',
  'Open CASCADE STEP translator 7.8 6','',(#8));
#8 = PRODUCT_CONTEXT('',#2,'mechanical');
#9 = PRODUCT_DEFINITION_CONTEXT('part definition',#2,'design');
#10 = SHAPE_REPRESENTATION('',(#11,#15,#2358,#2520,#9112),#12609);
#11 = AXIS2_PLACEMENT_3D('',#12,#13,#14);
#12 = CARTESIAN_POINT('',(0.,0.,0.));
#13 = DIRECTION('',(0.,0.,1.));
#14 = DIRECTION('',(1.,0.,-0.));
#15 = MANIFOLD_SOLID_BREP('',#16);
#16 = CLOSED_SHELL('',(#17,#50,#75,#84,#104,#175,#243,#316,#359,#391,
    #408,#425,#607,#702,#722,#733,#775,#802,#837,#861,#896,#921,#956,
    #973,#1057,#1073,#1106,#1198,#1223,#1263,#1281,#1299,#1314,#1325,
    #1348,#1381,#1404,#1437,#1460,#1493,#1516,#1532,#1563,#1596,#1627,
    #1643,#1659,#1683,#1699,#1715,#1746,#1762,#1778,#1794,#1818,#1829,
    #1852,#1863,#1886,#1964,#1980,#1996,#2020,#2044,#2055,#2079,#2103,
    #2114,#2138,#2154,#2170,#2181,#2204,#2227,#2252,#2263,#2284,#2295,
    #2316,#2327,#2338,#2349));
#17 = ADVANCED_FACE('',(#18),#45,.T.);
#18 = FACE_BOUND('',#19,.T.);
#19 = EDGE_LOOP('',(#20,#29,#37,#44));
#20 = ORIENTED_EDGE('',*,*,#21,.F.);
#21 = EDGE_CURVE('',#22,#22,#24,.T.);
#22 = VERTEX_POINT('',#23);
#23 = CARTESIAN_POINT('',(2.8,-6.858022075225E-16,0.6));
#24 = CIRCLE('',#25,2.8);
#25 = AXIS2_PLACEMENT_3D('',#26,#27,#28);
#26 = CARTESIAN_POINT('',(0.,0.,0.6));
#27 = DIRECTION('',(0.,0.,1.));
#28 = DIRECTION('',(1.,0.,-0.));
#29 = ORIENTED_EDGE('',*,*,#30,.F.);
#30 = EDGE_CURVE('',#31,#22,#33,.T.);
#31 = VERTEX_POINT('',#32);
#32 = CARTESIAN_POINT('',(2.3,-5.633375276078E-16,0.));
#33 = LINE('',#34,#35);
#34 = CARTESIAN_POINT('',(2.3,-5.633375276078E-16,0.));
#35 = VECTOR('',#36,1.);
#36 = DIRECTION('',(0.640184399664,-1.567999551826E-16,0.768221279597));
#37 = ORIENTED_EDGE('',*,*,#38,.T.);
#38 = EDGE_CURVE('',#31,#31,#39,.T.);
#39 = CIRCLE('',#40,2.3);
#40 = AXIS2_PLACEMENT_3D('',#41,#42,#43);
#41 = CARTESIAN_POINT('',(0.,0.,0.));
#42 = DIRECTION('',(0.,0.,1.));
#43 = DIRECTION('',(1.,0.,-0.));
#44 = ORIENTED_EDGE('',*,*,#30,.T.);
#45 = CONICAL_SURFACE('',#46,2.3,0.694738276197);
#46 = AXIS2_PLACEMENT_3D('',#47,#48,#49);
#47 = CARTESIAN_POINT('',(0.,0.,0.));
#48 = DIRECTION('',(0.,0.,1.));
#49 = DIRECTION('',(1.,0.,-0.));
#50 = ADVANCED_FACE('',(#51),#70,.T.);
#51 = FACE_BOUND('',#52,.T.);
#52 = EDGE_LOOP('',(#53,#62,#68,#69));
#53 = ORIENTED_EDGE('',*,*,#54,.F.);
#54 = EDGE_CURVE('',#55,#55,#57,.T.);
#55 = VERTEX_POINT('',#56);
#56 = CARTESIAN_POINT('',(2.8,-6.858022075225E-16,41.5));
#57 = CIRCLE('',#58,2.8);
#58 = AXIS2_PLACEMENT_3D('',#59,#60,#61);
#59 = CARTESIAN_POINT('',(0.,0.,41.5));
#60 = DIRECTION('',(0.,0.,1.));
#61 = DIRECTION('',(1.,0.,-0.));
#62 = ORIENTED_EDGE('',*,*,#63,.F.);
#63 = EDGE_CURVE('',#22,#55,#64,.T.);
#64 = LINE('',#65,#66);
#65 = CARTESIAN_POINT('',(2.8,-6.858022075225E-16,0.6));
#66 = VECTOR('',#67,1.);
#67 = DIRECTION('',(0.,0.,1.));
#68 = ORIENTED_EDGE('',*,*,#21,.T.);
#69 = ORIENTED_EDGE('',*,*,#63,.T.);
#70 = CYLINDRICAL_SURFACE('',#71,2.8);
#71 = AXIS2_PLACEMENT_3D('',#72,#73,#74);
#72 = CARTESIAN_POINT('',(0.,0.,0.6));
#73 = DIRECTION('',(0.,0.,1.));
#74 = DIRECTION('',(1.,0.,-0.));
#75 = ADVANCED_FACE('',(#76),#79,.F.);
#76 = FACE_BOUND('',#77,.T.);
#77 = EDGE_LOOP('',(#78));
#78 = ORIENTED_EDGE('',*,*,#38,.F.);
#79 = PLANE('',#80);
#80 = AXIS2_PLACEMENT_3D('',#81,#82,#83);
#81 = CARTESIAN_POINT('',(0.,0.,0.));
#82 = DIRECTION('',(0.,0.,1.));
#83 = DIRECTION('',(1.,0.,-0.));
#84 = ADVANCED_FACE('',(#85,#96),#99,.F.);
#85 = FACE_BOUND('',#86,.F.);
#86 = EDGE_LOOP('',(#87));
#87 = ORIENTED_EDGE('',*,*,#88,.T.);
#88 = EDGE_CURVE('',#89,#89,#91,.T.);
#89 = VERTEX_POINT('',#90);
#90 = CARTESIAN_POINT('',(4.2,-1.028703311284E-15,41.5));
#91 = CIRCLE('',#92,4.2);
#92 = AXIS2_PLACEMENT_3D('',#93,#94,#95);
#93 = CARTESIAN_POINT('',(0.,0.,41.5));
#94 = DIRECTION('',(0.,0.,1.));
#95 = DIRECTION('',(1.,0.,-0.));
#96 = FACE_BOUND('',#97,.F.);
#97 = EDGE_LOOP('',(#98));
#98 = ORIENTED_EDGE('',*,*,#54,.F.);
#99 = PLANE('',#100);
#100 = AXIS2_PLACEMENT_3D('',#101,#102,#103);
#101 = CARTESIAN_POINT('',(0.,0.,41.5));
#102 = DIRECTION('',(0.,0.,1.));
#103 = DIRECTION('',(1.,0.,-0.));
#104 = ADVANCED_FACE('',(#105),#170,.T.);
#105 = FACE_BOUND('',#106,.T.);
#106 = EDGE_LOOP('',(#107,#115,#124,#161,#168,#169));
#107 = ORIENTED_EDGE('',*,*,#108,.T.);
#108 = EDGE_CURVE('',#89,#109,#111,.T.);
#109 = VERTEX_POINT('',#110);
#110 = CARTESIAN_POINT('',(4.2,-1.028703311284E-15,45.));
#111 = LINE('',#112,#113);
#112 = CARTESIAN_POINT('',(4.2,-1.028703311284E-15,41.5));
#113 = VECTOR('',#114,1.);
#114 = DIRECTION('',(0.,0.,1.));
#115 = ORIENTED_EDGE('',*,*,#116,.F.);
#116 = EDGE_CURVE('',#117,#109,#119,.T.);
#117 = VERTEX_POINT('',#118);
#118 = CARTESIAN_POINT('',(1.3416407865,-3.979949748427,45.));
#119 = CIRCLE('',#120,4.2);
#120 = AXIS2_PLACEMENT_3D('',#121,#122,#123);
#121 = CARTESIAN_POINT('',(0.,0.,45.));
#122 = DIRECTION('',(0.,0.,1.));
#123 = DIRECTION('',(1.,0.,-0.));
#124 = ORIENTED_EDGE('',*,*,#125,.F.);
#125 = EDGE_CURVE('',#126,#117,#128,.T.);
#126 = VERTEX_POINT('',#127);
#127 = CARTESIAN_POINT('',(-1.3416407865,-3.979949748427,45.));
#128 = B_SPLINE_CURVE_WITH_KNOTS('',6,(#129,#130,#131,#132,#133,#134,
    #135,#136,#137,#138,#139,#140,#141,#142,#143,#144,#145,#146,#147,
    #148,#149,#150,#151,#152,#153,#154,#155,#156,#157,#158,#159,#160),
  .UNSPECIFIED.,.F.,.F.,(7,5,5,5,5,5,7),(0.,0.253556937423,
    0.343543076342,0.500057713071,0.608259351149,0.74624201568,1.),
  .UNSPECIFIED.);
#129 = CARTESIAN_POINT('',(-1.341641323156,-3.97994956752,45.0000006));
#130 = CARTESIAN_POINT('',(-1.265185519577,-4.005722825129,
    44.914520336029));
#131 = CARTESIAN_POINT('',(-1.180770925636,-4.032216258686,
    44.833294304413));
#132 = CARTESIAN_POINT('',(-1.088312952537,-4.058749177415,
    44.757145660384));
#133 = CARTESIAN_POINT('',(-0.98777313382,-4.08452820676,44.687033899073
    ));
#134 = CARTESIAN_POINT('',(-0.879203478731,-4.108650689701,
    44.62408314369));
#135 = CARTESIAN_POINT('',(-0.721504319905,-4.137776696418,
    44.550299633206));
#136 = CARTESIAN_POINT('',(-0.679233127453,-4.145071404259,
    44.532052839051));
#137 = CARTESIAN_POINT('',(-0.636040940243,-4.151982623381,
    44.514958103034));
#138 = CARTESIAN_POINT('',(-0.591974570081,-4.158463698923,
    44.49908384808));
#139 = CARTESIAN_POINT('',(-0.547084456151,-4.164470381617,
    44.484494590915));
#140 = CARTESIAN_POINT('',(-0.422007704725,-4.17951046731,
    44.448216006758));
#141 = CARTESIAN_POINT('',(-0.34017803473,-4.187509205916,
    44.429227887145));
#142 = CARTESIAN_POINT('',(-0.256478731036,-4.193699894562,
    44.414698779638));
#143 = CARTESIAN_POINT('',(-0.171483949625,-4.197897451905,
    44.404906825604));
#144 = CARTESIAN_POINT('',(-8.578893021212E-02,-4.2,44.4));
#145 = CARTESIAN_POINT('',(5.930757002593E-02,-4.2,44.4));
#146 = CARTESIAN_POINT('',(0.118598110227,-4.198995063246,
    44.402344968857));
#147 = CARTESIAN_POINT('',(0.177658110897,-4.196986128321,
    44.407032180084));
#148 = CARTESIAN_POINT('',(0.236275895403,-4.193996860561,
    44.414026121296));
#149 = CARTESIAN_POINT('',(0.294243334622,-4.190072300678,
    44.423258006893));
#150 = CARTESIAN_POINT('',(0.424191700763,-4.179163026231,
    44.449121264587));
#151 = CARTESIAN_POINT('',(0.495589471138,-4.17163744177,44.467080171158
    ));
#152 = CARTESIAN_POINT('',(0.565303303327,-4.162824610158,
    44.488313708159));
#153 = CARTESIAN_POINT('',(0.633103921785,-4.152875898931,
    44.512603756834));
#154 = CARTESIAN_POINT('',(0.698782143922,-4.141962797911,
    44.539699945999));
#155 = CARTESIAN_POINT('',(0.878689027924,-4.108764927148,
    44.623785063736));
#156 = CARTESIAN_POINT('',(0.987391818837,-4.084625964301,
    44.686768063002));
#157 = CARTESIAN_POINT('',(1.088050243116,-4.058824589568,
    44.756929218076));
#158 = CARTESIAN_POINT('',(1.180611500793,-4.032266310488,
    44.833140792837));
#159 = CARTESIAN_POINT('',(1.265113673246,-4.005747044533,
    44.914440009317));
#160 = CARTESIAN_POINT('',(1.341641323156,-3.97994956752,45.0000006));
#161 = ORIENTED_EDGE('',*,*,#162,.F.);
#162 = EDGE_CURVE('',#109,#126,#163,.T.);
#163 = CIRCLE('',#164,4.2);
#164 = AXIS2_PLACEMENT_3D('',#165,#166,#167);
#165 = CARTESIAN_POINT('',(0.,0.,45.));
#166 = DIRECTION('',(0.,0.,1.));
#167 = DIRECTION('',(1.,0.,-0.));
#168 = ORIENTED_EDGE('',*,*,#108,.F.);
#169 = ORIENTED_EDGE('',*,*,#88,.T.);
#170 = CYLINDRICAL_SURFACE('',#171,4.2);
#171 = AXIS2_PLACEMENT_3D('',#172,#173,#174);
#172 = CARTESIAN_POINT('',(0.,0.,41.5));
#173 = DIRECTION('',(0.,0.,1.));
#174 = DIRECTION('',(1.,0.,-0.));
#175 = ADVANCED_FACE('',(#176),#238,.T.);
#176 = FACE_BOUND('',#177,.T.);
#177 = EDGE_LOOP('',(#178,#189,#195,#196,#231));
#178 = ORIENTED_EDGE('',*,*,#179,.F.);
#179 = EDGE_CURVE('',#180,#182,#184,.T.);
#180 = VERTEX_POINT('',#181);
#181 = CARTESIAN_POINT('',(7.,-1.714505518806E-15,47.5));
#182 = VERTEX_POINT('',#183);
#183 = CARTESIAN_POINT('',(4.286263797016E-16,7.,47.5));
#184 = CIRCLE('',#185,7.);
#185 = AXIS2_PLACEMENT_3D('',#186,#187,#188);
#186 = CARTESIAN_POINT('',(0.,0.,47.5));
#187 = DIRECTION('',(0.,0.,1.));
#188 = DIRECTION('',(1.,0.,-0.));
#189 = ORIENTED_EDGE('',*,*,#190,.F.);
#190 = EDGE_CURVE('',#109,#180,#191,.T.);
#191 = LINE('',#192,#193);
#192 = CARTESIAN_POINT('',(4.2,-1.028703311284E-15,45.));
#193 = VECTOR('',#194,1.);
#194 = DIRECTION('',(0.745937661626,-1.827020339347E-16,0.666015769309)
  );
#195 = ORIENTED_EDGE('',*,*,#162,.T.);
#196 = ORIENTED_EDGE('',*,*,#197,.F.);
#197 = EDGE_CURVE('',#198,#126,#200,.T.);
#198 = VERTEX_POINT('',#199);
#199 = CARTESIAN_POINT('',(-1.244989959799,-6.888396039718,47.5));
#200 = B_SPLINE_CURVE_WITH_KNOTS('',8,(#201,#202,#203,#204,#205,#206,
    #207,#208,#209,#210,#211,#212,#213,#214,#215,#216,#217,#218,#219,
    #220,#221,#222,#223,#224,#225,#226,#227,#228,#229,#230),
  .UNSPECIFIED.,.F.,.F.,(9,7,7,7,9),(0.,0.206290144707,0.437134448967,
    0.880131883816,1.),.UNSPECIFIED.);
#201 = CARTESIAN_POINT('',(-1.244989959799,-6.888396039718,47.5));
#202 = CARTESIAN_POINT('',(-1.304186274586,-6.813173974101,
    47.443308601872));
#203 = CARTESIAN_POINT('',(-1.358332626385,-6.736796093302,
    47.385547669993));
#204 = CARTESIAN_POINT('',(-1.407996184577,-6.659541493178,
    47.326905779884));
#205 = CARTESIAN_POINT('',(-1.45356525106,-6.581620825324,
    47.267521315995));
#206 = CARTESIAN_POINT('',(-1.495343437799,-6.503199807465,
    47.20749926993));
#207 = CARTESIAN_POINT('',(-1.533580391933,-6.424407160159,
    47.146916496199));
#208 = CARTESIAN_POINT('',(-1.568476105336,-6.345336474615,
    47.085822273315));
#209 = CARTESIAN_POINT('',(-1.635691100856,-6.177329483429,
    46.955329912192));
#210 = CARTESIAN_POINT('',(-1.667197365367,-6.088369038492,
    46.885832157617));
#211 = CARTESIAN_POINT('',(-1.694939074975,-5.999283461496,
    46.815801064232));
#212 = CARTESIAN_POINT('',(-1.719075231984,-5.910174082113,
    46.745278692237));
#213 = CARTESIAN_POINT('',(-1.739718171584,-5.821133360439,
    46.674297671095));
#214 = CARTESIAN_POINT('',(-1.756944914644,-5.732247217601,
    46.60288221083));
#215 = CARTESIAN_POINT('',(-1.770801106801,-5.643596616319,
    46.531048305707));
#216 = CARTESIAN_POINT('',(-1.801440534625,-5.385734576818,
    46.320162380704));
#217 = CARTESIAN_POINT('',(-1.809178818726,-5.217626001872,
    46.180223761379));
#218 = CARTESIAN_POINT('',(-1.804695477309,-5.051232476377,
    46.03885132663));
#219 = CARTESIAN_POINT('',(-1.787558607108,-4.887099746904,
    45.896025656949));
#220 = CARTESIAN_POINT('',(-1.757011368173,-4.726031572943,
    45.751827382934));
#221 = CARTESIAN_POINT('',(-1.71163030732,-4.569127554088,
    45.606497963503));
#222 = CARTESIAN_POINT('',(-1.649592822426,-4.417787375184,
    45.460388951413));
#223 = CARTESIAN_POINT('',(-1.544633518116,-4.234766954485,
    45.274705134283));
#224 = CARTESIAN_POINT('',(-1.520784883574,-4.196341557267,
    45.235176198122));
#225 = CARTESIAN_POINT('',(-1.495366381037,-4.158505103355,
    45.195681622701));
#226 = CARTESIAN_POINT('',(-1.468298566475,-4.121302874573,
    45.156248739352));
#227 = CARTESIAN_POINT('',(-1.439494297833,-4.084786511781,
    45.116913335997));
#228 = CARTESIAN_POINT('',(-1.40885706408,-4.049013316538,
    45.077720765055));
#229 = CARTESIAN_POINT('',(-1.376279314251,-4.014045552769,
    45.038727051346));
#230 = CARTESIAN_POINT('',(-1.3416407865,-3.979949748427,45.));
#231 = ORIENTED_EDGE('',*,*,#232,.F.);
#232 = EDGE_CURVE('',#182,#198,#233,.T.);
#233 = CIRCLE('',#234,7.);
#234 = AXIS2_PLACEMENT_3D('',#235,#236,#237);
#235 = CARTESIAN_POINT('',(0.,0.,47.5));
#236 = DIRECTION('',(0.,0.,1.));
#237 = DIRECTION('',(1.,0.,-0.));
#238 = CONICAL_SURFACE('',#239,4.2,0.841941600342);
#239 = AXIS2_PLACEMENT_3D('',#240,#241,#242);
#240 = CARTESIAN_POINT('',(0.,0.,45.));
#241 = DIRECTION('',(0.,0.,1.));
#242 = DIRECTION('',(1.,0.,-0.));
#243 = ADVANCED_FACE('',(#244),#311,.T.);
#244 = FACE_BOUND('',#245,.T.);
#245 = EDGE_LOOP('',(#246,#269,#277,#286,#294,#303,#309,#310));
#246 = ORIENTED_EDGE('',*,*,#247,.T.);
#247 = EDGE_CURVE('',#117,#248,#250,.T.);
#248 = VERTEX_POINT('',#249);
#249 = CARTESIAN_POINT('',(1.8,-5.243656739338,46.2));
#250 = B_SPLINE_CURVE_WITH_KNOTS('',5,(#251,#252,#253,#254,#255,#256,
    #257,#258,#259,#260,#261,#262,#263,#264,#265,#266,#267,#268),
  .UNSPECIFIED.,.F.,.F.,(6,4,4,4,6),(0.,0.220564409732,0.464744178371,
    0.729043257875,1.),.UNSPECIFIED.);
#251 = CARTESIAN_POINT('',(1.3416407865,-3.979949748426,45.));
#252 = CARTESIAN_POINT('',(1.388569570301,-4.026143242619,45.05246797534
    ));
#253 = CARTESIAN_POINT('',(1.431362370741,-4.07408871227,45.105473037639
    ));
#254 = CARTESIAN_POINT('',(1.470425887473,-4.123557592848,
    45.158781279169));
#255 = CARTESIAN_POINT('',(1.506077349324,-4.174353974639,
    45.212247818753));
#256 = CARTESIAN_POINT('',(1.574575727994,-4.283879314814,
    45.325060152845));
#257 = CARTESIAN_POINT('',(1.606710128856,-4.342869658663,
    45.384416778986));
#258 = CARTESIAN_POINT('',(1.635350064451,-4.403104041331,
    45.443738857657));
#259 = CARTESIAN_POINT('',(1.660759572424,-4.464416700356,
    45.502956872425));
#260 = CARTESIAN_POINT('',(1.707388489826,-4.594079282102,
    45.625978326324));
#261 = CARTESIAN_POINT('',(1.728088745745,-4.662589074679,
    45.689754085423));
#262 = CARTESIAN_POINT('',(1.745519120396,-4.732050227386,
    45.753311757049));
#263 = CARTESIAN_POINT('',(1.759865872073,-4.802330002155,
    45.816623289772));
#264 = CARTESIAN_POINT('',(1.782958390414,-4.946105939102,
    45.944315797435));
#265 = CARTESIAN_POINT('',(1.791553565093,-5.019636418623,
    46.008681691856));
#266 = CARTESIAN_POINT('',(1.797202791762,-5.093800783715,
    46.072757535872));
#267 = CARTESIAN_POINT('',(1.8,-5.168501792703,46.13653261853));
#268 = CARTESIAN_POINT('',(1.8,-5.243656739338,46.2));
#269 = ORIENTED_EDGE('',*,*,#270,.T.);
#270 = EDGE_CURVE('',#248,#271,#273,.T.);
#271 = VERTEX_POINT('',#272);
#272 = CARTESIAN_POINT('',(1.8,-8.,46.2));
#273 = LINE('',#274,#275);
#274 = CARTESIAN_POINT('',(1.8,0.,46.2));
#275 = VECTOR('',#276,1.);
#276 = DIRECTION('',(0.,-1.,0.));
#277 = ORIENTED_EDGE('',*,*,#278,.F.);
#278 = EDGE_CURVE('',#279,#271,#281,.T.);
#279 = VERTEX_POINT('',#280);
#280 = CARTESIAN_POINT('',(-1.227273115029,-8.,47.516738660907));
#281 = CIRCLE('',#282,1.8);
#282 = AXIS2_PLACEMENT_3D('',#283,#284,#285);
#283 = CARTESIAN_POINT('',(0.,-8.,46.2));
#284 = DIRECTION('',(0.,-1.,0.));
#285 = DIRECTION('',(1.,0.,0.));
#286 = ORIENTED_EDGE('',*,*,#287,.T.);
#287 = EDGE_CURVE('',#279,#288,#290,.T.);
#288 = VERTEX_POINT('',#289);
#289 = CARTESIAN_POINT('',(-1.227273115029,0.,47.516738660907));
#290 = LINE('',#291,#292);
#291 = CARTESIAN_POINT('',(-1.227273115029,-15.,47.516738660907));
#292 = VECTOR('',#293,1.);
#293 = DIRECTION('',(0.,1.,0.));
#294 = ORIENTED_EDGE('',*,*,#295,.T.);
#295 = EDGE_CURVE('',#288,#296,#298,.T.);
#296 = VERTEX_POINT('',#297);
#297 = CARTESIAN_POINT('',(-1.244989959799,0.,47.5));
#298 = CIRCLE('',#299,1.8);
#299 = AXIS2_PLACEMENT_3D('',#300,#301,#302);
#300 = CARTESIAN_POINT('',(0.,0.,46.2));
#301 = DIRECTION('',(0.,-1.,0.));
#302 = DIRECTION('',(1.,0.,0.));
#303 = ORIENTED_EDGE('',*,*,#304,.T.);
#304 = EDGE_CURVE('',#296,#198,#305,.T.);
#305 = LINE('',#306,#307);
#306 = CARTESIAN_POINT('',(-1.244989959799,0.,47.5));
#307 = VECTOR('',#308,1.);
#308 = DIRECTION('',(0.,-1.,0.));
#309 = ORIENTED_EDGE('',*,*,#197,.T.);
#310 = ORIENTED_EDGE('',*,*,#125,.T.);
#311 = CYLINDRICAL_SURFACE('',#312,1.8);
#312 = AXIS2_PLACEMENT_3D('',#313,#314,#315);
#313 = CARTESIAN_POINT('',(0.,0.,46.2));
#314 = DIRECTION('',(0.,-1.,0.));
#315 = DIRECTION('',(1.,0.,0.));
#316 = ADVANCED_FACE('',(#317),#354,.T.);
#317 = FACE_BOUND('',#318,.T.);
#318 = EDGE_LOOP('',(#319,#320,#329,#352,#353));
#319 = ORIENTED_EDGE('',*,*,#190,.T.);
#320 = ORIENTED_EDGE('',*,*,#321,.F.);
#321 = EDGE_CURVE('',#322,#180,#324,.T.);
#322 = VERTEX_POINT('',#323);
#323 = CARTESIAN_POINT('',(1.244989959799,-6.888396039718,47.5));
#324 = CIRCLE('',#325,7.);
#325 = AXIS2_PLACEMENT_3D('',#326,#327,#328);
#326 = CARTESIAN_POINT('',(0.,0.,47.5));
#327 = DIRECTION('',(0.,0.,1.));
#328 = DIRECTION('',(1.,0.,-0.));
#329 = ORIENTED_EDGE('',*,*,#330,.F.);
#330 = EDGE_CURVE('',#248,#322,#331,.T.);
#331 = B_SPLINE_CURVE_WITH_KNOTS('',7,(#332,#333,#334,#335,#336,#337,
    #338,#339,#340,#341,#342,#343,#344,#345,#346,#347,#348,#349,#350,
    #351),.UNSPECIFIED.,.F.,.F.,(8,6,6,8),(0.,0.191202267134,
    0.619109612436,1.),.UNSPECIFIED.);
#332 = CARTESIAN_POINT('',(1.8,-5.243656739338,46.2));
#333 = CARTESIAN_POINT('',(1.8,-5.288092570226,46.237525485098));
#334 = CARTESIAN_POINT('',(1.799087349168,-5.332675661679,
    46.274949884195));
#335 = CARTESIAN_POINT('',(1.797270771728,-5.377392840982,
    46.312272220388));
#336 = CARTESIAN_POINT('',(1.794556381021,-5.42223122693,46.349491273103
    ));
#337 = CARTESIAN_POINT('',(1.790947679498,-5.467178229825,
    46.386605578099));
#338 = CARTESIAN_POINT('',(1.786445558727,-5.512221551475,
    46.423613427469));
#339 = CARTESIAN_POINT('',(1.768969326947,-5.658344043864,
    46.543093178834));
#340 = CARTESIAN_POINT('',(1.752407809171,-5.759753613673,
    46.625124461457));
#341 = CARTESIAN_POINT('',(1.731345689298,-5.861454949432,
    46.706595184198));
#342 = CARTESIAN_POINT('',(1.705695080422,-5.963316714732,
    46.787476074281));
#343 = CARTESIAN_POINT('',(1.675307546867,-6.065196970181,
    46.867721737706));
#344 = CARTESIAN_POINT('',(1.639953543102,-6.166937927026,
    46.947269019262));
#345 = CARTESIAN_POINT('',(1.563060421433,-6.3586337602,47.096140977899)
  );
#346 = CARTESIAN_POINT('',(1.522640332878,-6.44862391006,47.165604106619
    ));
#347 = CARTESIAN_POINT('',(1.477749055424,-6.538226666961,
    47.234382395079));
#348 = CARTESIAN_POINT('',(1.428055185682,-6.627281552125,
    47.302387583033));
#349 = CARTESIAN_POINT('',(1.37311944517,-6.715555156437,47.369475127941
    ));
#350 = CARTESIAN_POINT('',(1.312396841407,-6.802740625363,
    47.435445468597));
#351 = CARTESIAN_POINT('',(1.244989959799,-6.888396039718,47.5));
#352 = ORIENTED_EDGE('',*,*,#247,.F.);
#353 = ORIENTED_EDGE('',*,*,#116,.T.);
#354 = CONICAL_SURFACE('',#355,4.2,0.841941600342);
#355 = AXIS2_PLACEMENT_3D('',#356,#357,#358);
#356 = CARTESIAN_POINT('',(0.,0.,45.));
#357 = DIRECTION('',(0.,0.,1.));
#358 = DIRECTION('',(1.,0.,-0.));
#359 = ADVANCED_FACE('',(#360),#386,.T.);
#360 = FACE_BOUND('',#361,.T.);
#361 = EDGE_LOOP('',(#362,#363,#364,#372,#380));
#362 = ORIENTED_EDGE('',*,*,#321,.T.);
#363 = ORIENTED_EDGE('',*,*,#179,.T.);
#364 = ORIENTED_EDGE('',*,*,#365,.F.);
#365 = EDGE_CURVE('',#366,#182,#368,.T.);
#366 = VERTEX_POINT('',#367);
#367 = CARTESIAN_POINT('',(-6.267409996644E-13,0.,47.5));
#368 = LINE('',#369,#370);
#369 = CARTESIAN_POINT('',(0.,-15.,47.5));
#370 = VECTOR('',#371,1.);
#371 = DIRECTION('',(0.,1.,0.));
#372 = ORIENTED_EDGE('',*,*,#373,.T.);
#373 = EDGE_CURVE('',#366,#374,#376,.T.);
#374 = VERTEX_POINT('',#375);
#375 = CARTESIAN_POINT('',(1.244989959799,0.,47.5));
#376 = LINE('',#377,#378);
#377 = CARTESIAN_POINT('',(7.122084023643E-17,0.,47.5));
#378 = VECTOR('',#379,1.);
#379 = DIRECTION('',(1.,0.,0.));
#380 = ORIENTED_EDGE('',*,*,#381,.T.);
#381 = EDGE_CURVE('',#374,#322,#382,.T.);
#382 = LINE('',#383,#384);
#383 = CARTESIAN_POINT('',(1.244989959799,0.,47.5));
#384 = VECTOR('',#385,1.);
#385 = DIRECTION('',(0.,-1.,0.));
#386 = PLANE('',#387);
#387 = AXIS2_PLACEMENT_3D('',#388,#389,#390);
#388 = CARTESIAN_POINT('',(0.,0.,47.5));
#389 = DIRECTION('',(0.,0.,1.));
#390 = DIRECTION('',(1.,0.,-0.));
#391 = ADVANCED_FACE('',(#392),#403,.T.);
#392 = FACE_BOUND('',#393,.T.);
#393 = EDGE_LOOP('',(#394,#395,#396,#397));
#394 = ORIENTED_EDGE('',*,*,#365,.T.);
#395 = ORIENTED_EDGE('',*,*,#232,.T.);
#396 = ORIENTED_EDGE('',*,*,#304,.F.);
#397 = ORIENTED_EDGE('',*,*,#398,.T.);
#398 = EDGE_CURVE('',#296,#366,#399,.T.);
#399 = LINE('',#400,#401);
#400 = CARTESIAN_POINT('',(7.122084023643E-17,0.,47.5));
#401 = VECTOR('',#402,1.);
#402 = DIRECTION('',(1.,0.,0.));
#403 = PLANE('',#404);
#404 = AXIS2_PLACEMENT_3D('',#405,#406,#407);
#405 = CARTESIAN_POINT('',(0.,0.,47.5));
#406 = DIRECTION('',(0.,0.,1.));
#407 = DIRECTION('',(1.,0.,-0.));
#408 = ADVANCED_FACE('',(#409),#420,.F.);
#409 = FACE_BOUND('',#410,.F.);
#410 = EDGE_LOOP('',(#411,#412,#419));
#411 = ORIENTED_EDGE('',*,*,#398,.T.);
#412 = ORIENTED_EDGE('',*,*,#413,.T.);
#413 = EDGE_CURVE('',#366,#288,#414,.T.);
#414 = CIRCLE('',#415,45.);
#415 = AXIS2_PLACEMENT_3D('',#416,#417,#418);
#416 = CARTESIAN_POINT('',(0.,0.,92.5));
#417 = DIRECTION('',(0.,1.,0.));
#418 = DIRECTION('',(0.,-0.,1.));
#419 = ORIENTED_EDGE('',*,*,#295,.T.);
#420 = PLANE('',#421);
#421 = AXIS2_PLACEMENT_3D('',#422,#423,#424);
#422 = CARTESIAN_POINT('',(1.424416804729E-16,0.,46.2));
#423 = DIRECTION('',(-0.,-1.,-0.));
#424 = DIRECTION('',(0.,0.,-1.));
#425 = ADVANCED_FACE('',(#426),#602,.T.);
#426 = FACE_BOUND('',#427,.T.);
#427 = EDGE_LOOP('',(#428,#449,#457,#476,#485,#504,#512,#531,#540,#559,
    #567,#574,#575,#576,#595));
#428 = ORIENTED_EDGE('',*,*,#429,.F.);
#429 = EDGE_CURVE('',#430,#432,#434,.T.);
#430 = VERTEX_POINT('',#431);
#431 = CARTESIAN_POINT('',(-20.,-7.,52.188711258507));
#432 = VERTEX_POINT('',#433);
#433 = CARTESIAN_POINT('',(-17.,-10.,50.834666688001));
#434 = B_SPLINE_CURVE_WITH_KNOTS('',7,(#435,#436,#437,#438,#439,#440,
    #441,#442,#443,#444,#445,#446,#447,#448),.UNSPECIFIED.,.F.,.F.,(8,6,
    8),(0.,0.489542764599,1.),.UNSPECIFIED.);
#435 = CARTESIAN_POINT('',(-20.,-7.,52.188711258507));
#436 = CARTESIAN_POINT('',(-20.,-7.303392250284,52.188711258507));
#437 = CARTESIAN_POINT('',(-19.96420449575,-7.606813857449,
    52.170951514459));
#438 = CARTESIAN_POINT('',(-19.89259772335,-7.906436730653,
    52.135425295705));
#439 = CARTESIAN_POINT('',(-19.78519695032,-8.198344822051,
    52.082388210478));
#440 = CARTESIAN_POINT('',(-19.64210350081,-8.478398644652,
    52.012393177577));
#441 = CARTESIAN_POINT('',(-19.46360562447,-8.742025525757,
    51.926317280144));
#442 = CARTESIAN_POINT('',(-19.02794927123,-9.236180659297,
    51.720131455474));
#443 = CARTESIAN_POINT('',(-18.76521108668,-9.46770043971,
    51.597520006002));
#444 = CARTESIAN_POINT('',(-18.46411267078,-9.668298252657,
    51.459604713328));
#445 = CARTESIAN_POINT('',(-18.12936334978,-9.828820437943,
    51.309916768054));
#446 = CARTESIAN_POINT('',(-17.76779087812,-9.941458837494,
    51.152852316613));
#447 = CARTESIAN_POINT('',(-17.38798905583,-10.,50.992971288611));
#448 = CARTESIAN_POINT('',(-17.,-10.,50.834666688001));
#449 = ORIENTED_EDGE('',*,*,#450,.T.);
#450 = EDGE_CURVE('',#430,#451,#453,.T.);
#451 = VERTEX_POINT('',#452);
#452 = CARTESIAN_POINT('',(-20.,7.,52.188711258507));
#453 = LINE('',#454,#455);
#454 = CARTESIAN_POINT('',(-20.,-15.,52.188711258507));
#455 = VECTOR('',#456,1.);
#456 = DIRECTION('',(0.,1.,0.));
#457 = ORIENTED_EDGE('',*,*,#458,.F.);
#458 = EDGE_CURVE('',#459,#451,#461,.T.);
#459 = VERTEX_POINT('',#460);
#460 = CARTESIAN_POINT('',(-17.,10.,50.834666688001));
#461 = B_SPLINE_CURVE_WITH_KNOTS('',7,(#462,#463,#464,#465,#466,#467,
    #468,#469,#470,#471,#472,#473,#474,#475),.UNSPECIFIED.,.F.,.F.,(8,6,
    8),(0.,0.510457235145,1.),.UNSPECIFIED.);
#462 = CARTESIAN_POINT('',(-17.,10.,50.834666688001));
#463 = CARTESIAN_POINT('',(-17.38798905595,10.,50.992971288657));
#464 = CARTESIAN_POINT('',(-17.76779087827,9.941458837458,
    51.152852316676));
#465 = CARTESIAN_POINT('',(-18.12936334967,9.828820437896,
    51.309916768014));
#466 = CARTESIAN_POINT('',(-18.46411267053,9.668298252782,
    51.459604713213));
#467 = CARTESIAN_POINT('',(-18.76521108666,9.467700439868,
    51.597520005988));
#468 = CARTESIAN_POINT('',(-19.02794927145,9.236180659039,
    51.720131455581));
#469 = CARTESIAN_POINT('',(-19.46360562447,8.742025525757,
    51.926317280144));
#470 = CARTESIAN_POINT('',(-19.64210350081,8.478398644652,
    52.012393177577));
#471 = CARTESIAN_POINT('',(-19.78519695032,8.198344822051,
    52.082388210478));
#472 = CARTESIAN_POINT('',(-19.89259772335,7.906436730653,
    52.135425295705));
#473 = CARTESIAN_POINT('',(-19.96420449575,7.606813857449,
    52.170951514459));
#474 = CARTESIAN_POINT('',(-20.,7.303392250284,52.188711258507));
#475 = CARTESIAN_POINT('',(-20.,7.,52.188711258507));
#476 = ORIENTED_EDGE('',*,*,#477,.F.);
#477 = EDGE_CURVE('',#478,#459,#480,.T.);
#478 = VERTEX_POINT('',#479);
#479 = CARTESIAN_POINT('',(17.,10.,50.834666688001));
#480 = CIRCLE('',#481,45.);
#481 = AXIS2_PLACEMENT_3D('',#482,#483,#484);
#482 = CARTESIAN_POINT('',(0.,10.,92.5));
#483 = DIRECTION('',(0.,1.,0.));
#484 = DIRECTION('',(0.,-0.,1.));
#485 = ORIENTED_EDGE('',*,*,#486,.F.);
#486 = EDGE_CURVE('',#487,#478,#489,.T.);
#487 = VERTEX_POINT('',#488);
#488 = CARTESIAN_POINT('',(20.,7.,52.188711258507));
#489 = B_SPLINE_CURVE_WITH_KNOTS('',7,(#490,#491,#492,#493,#494,#495,
    #496,#497,#498,#499,#500,#501,#502,#503),.UNSPECIFIED.,.F.,.F.,(8,6,
    8),(0.,0.489542767639,1.),.UNSPECIFIED.);
#490 = CARTESIAN_POINT('',(20.,7.,52.188711258507));
#491 = CARTESIAN_POINT('',(20.,7.303392246783,52.188711258507));
#492 = CARTESIAN_POINT('',(19.964204493867,7.606813865385,
    52.170951513558));
#493 = CARTESIAN_POINT('',(19.892597726111,7.906436726235,
    52.135425297016));
#494 = CARTESIAN_POINT('',(19.785196951222,8.198344817166,
    52.082388210909));
#495 = CARTESIAN_POINT('',(19.642103496673,8.478398652024,
    52.012393175609));
#496 = CARTESIAN_POINT('',(19.463605626993,8.742025522897,
    51.926317281337));
#497 = CARTESIAN_POINT('',(19.027949271308,9.23618065921,51.72013145551)
  );
#498 = CARTESIAN_POINT('',(18.76521108671,9.46770043973,51.597520006012)
  );
#499 = CARTESIAN_POINT('',(18.464112670706,9.66829825272,51.459604713291
    ));
#500 = CARTESIAN_POINT('',(18.129363349695,9.828820437958,
    51.309916768014));
#501 = CARTESIAN_POINT('',(17.767790878137,9.941458837459,
    51.152852316621));
#502 = CARTESIAN_POINT('',(17.387989055955,10.,50.992971288658));
#503 = CARTESIAN_POINT('',(17.,10.,50.834666688001));
#504 = ORIENTED_EDGE('',*,*,#505,.F.);
#505 = EDGE_CURVE('',#506,#487,#508,.T.);
#506 = VERTEX_POINT('',#507);
#507 = CARTESIAN_POINT('',(20.,-7.,52.188711258507));
#508 = LINE('',#509,#510);
#509 = CARTESIAN_POINT('',(20.,-15.,52.188711258507));
#510 = VECTOR('',#511,1.);
#511 = DIRECTION('',(0.,1.,0.));
#512 = ORIENTED_EDGE('',*,*,#513,.F.);
#513 = EDGE_CURVE('',#514,#506,#516,.T.);
#514 = VERTEX_POINT('',#515);
#515 = CARTESIAN_POINT('',(17.,-10.,50.834666688001));
#516 = B_SPLINE_CURVE_WITH_KNOTS('',7,(#517,#518,#519,#520,#521,#522,
    #523,#524,#525,#526,#527,#528,#529,#530),.UNSPECIFIED.,.F.,.F.,(8,6,
    8),(0.,0.510457235372,1.),.UNSPECIFIED.);
#517 = CARTESIAN_POINT('',(17.,-10.,50.834666688001));
#518 = CARTESIAN_POINT('',(17.387989055874,-10.,50.992971288626));
#519 = CARTESIAN_POINT('',(17.767790878129,-9.941458837483,
    51.152852316616));
#520 = CARTESIAN_POINT('',(18.129363349759,-9.828820437947,
    51.309916768041));
#521 = CARTESIAN_POINT('',(18.464112670757,-9.668298252677,
    51.459604713316));
#522 = CARTESIAN_POINT('',(18.765211086693,-9.467700439718,
    51.597520006005));
#523 = CARTESIAN_POINT('',(19.027949271257,-9.236180659268,
    51.720131455486));
#524 = CARTESIAN_POINT('',(19.463605624472,-8.742025525757,
    51.926317280144));
#525 = CARTESIAN_POINT('',(19.642103500813,-8.478398644652,
    52.012393177577));
#526 = CARTESIAN_POINT('',(19.785196950326,-8.198344822051,
    52.082388210478));
#527 = CARTESIAN_POINT('',(19.892597723359,-7.906436730653,
    52.135425295705));
#528 = CARTESIAN_POINT('',(19.964204495752,-7.606813857449,
    52.170951514459));
#529 = CARTESIAN_POINT('',(20.,-7.303392250284,52.188711258507));
#530 = CARTESIAN_POINT('',(20.,-7.,52.188711258507));
#531 = ORIENTED_EDGE('',*,*,#532,.T.);
#532 = EDGE_CURVE('',#514,#533,#535,.T.);
#533 = VERTEX_POINT('',#534);
#534 = CARTESIAN_POINT('',(1.549087779366,-10.,47.526670936523));
#535 = CIRCLE('',#536,45.);
#536 = AXIS2_PLACEMENT_3D('',#537,#538,#539);
#537 = CARTESIAN_POINT('',(0.,-10.,92.5));
#538 = DIRECTION('',(0.,1.,0.));
#539 = DIRECTION('',(0.,-0.,1.));
#540 = ORIENTED_EDGE('',*,*,#541,.T.);
#541 = EDGE_CURVE('',#533,#542,#544,.T.);
#542 = VERTEX_POINT('',#543);
#543 = CARTESIAN_POINT('',(1.227273115029,-8.,47.516738660907));
#544 = B_SPLINE_CURVE_WITH_KNOTS('',7,(#545,#546,#547,#548,#549,#550,
    #551,#552,#553,#554,#555,#556,#557,#558),.UNSPECIFIED.,.F.,.F.,(8,6,
    8),(0.,0.708647463342,1.),.UNSPECIFIED.);
#545 = CARTESIAN_POINT('',(1.549087916492,-10.0000006,47.526670941246));
#546 = CARTESIAN_POINT('',(1.503351973333,-9.79988137549,47.525095585399
    ));
#547 = CARTESIAN_POINT('',(1.456154254773,-9.599704958464,
    47.523524220035));
#548 = CARTESIAN_POINT('',(1.409138867437,-9.399144634276,
    47.522019634463));
#549 = CARTESIAN_POINT('',(1.364185977593,-9.19794727585,47.520641651507
    ));
#550 = CARTESIAN_POINT('',(1.323531772213,-8.995918182589,
    47.519445726862));
#551 = CARTESIAN_POINT('',(1.289728886976,-8.792916237034,
    47.518479034805));
#552 = CARTESIAN_POINT('',(1.254353252882,-8.505165543838,
    47.517484460841));
#553 = CARTESIAN_POINT('',(1.245524335711,-8.421188194228,
    47.517239003309));
#554 = CARTESIAN_POINT('',(1.238306459466,-8.337088237406,47.51704015503
    ));
#555 = CARTESIAN_POINT('',(1.232810728589,-8.252888388772,
    47.516889733979));
#556 = CARTESIAN_POINT('',(1.229118401088,-8.168616723643,
    47.516789014512));
#557 = CARTESIAN_POINT('',(1.227273115029,-8.084307169797,
    47.516738660907));
#558 = CARTESIAN_POINT('',(1.227273115029,-8.,47.516738660907));
#559 = ORIENTED_EDGE('',*,*,#560,.T.);
#560 = EDGE_CURVE('',#542,#561,#563,.T.);
#561 = VERTEX_POINT('',#562);
#562 = CARTESIAN_POINT('',(1.227273115029,0.,47.516738660907));
#563 = LINE('',#564,#565);
#564 = CARTESIAN_POINT('',(1.227273115029,-15.,47.516738660907));
#565 = VECTOR('',#566,1.);
#566 = DIRECTION('',(0.,1.,0.));
#567 = ORIENTED_EDGE('',*,*,#568,.T.);
#568 = EDGE_CURVE('',#561,#366,#569,.T.);
#569 = CIRCLE('',#570,45.);
#570 = AXIS2_PLACEMENT_3D('',#571,#572,#573);
#571 = CARTESIAN_POINT('',(0.,0.,92.5));
#572 = DIRECTION('',(0.,1.,0.));
#573 = DIRECTION('',(0.,-0.,1.));
#574 = ORIENTED_EDGE('',*,*,#413,.T.);
#575 = ORIENTED_EDGE('',*,*,#287,.F.);
#576 = ORIENTED_EDGE('',*,*,#577,.F.);
#577 = EDGE_CURVE('',#578,#279,#580,.T.);
#578 = VERTEX_POINT('',#579);
#579 = CARTESIAN_POINT('',(-1.549087779366,-10.,47.526670936523));
#580 = B_SPLINE_CURVE_WITH_KNOTS('',7,(#581,#582,#583,#584,#585,#586,
    #587,#588,#589,#590,#591,#592,#593,#594),.UNSPECIFIED.,.F.,.F.,(8,6,
    8),(0.,0.707267037678,1.),.UNSPECIFIED.);
#581 = CARTESIAN_POINT('',(-1.549087916492,-10.0000006,47.526670941246)
  );
#582 = CARTESIAN_POINT('',(-1.503441077676,-9.80027125467,
    47.525098654561));
#583 = CARTESIAN_POINT('',(-1.456338102573,-9.600484676066,
    47.523530340745));
#584 = CARTESIAN_POINT('',(-1.409413531063,-9.400316437311,
    47.522028425908));
#585 = CARTESIAN_POINT('',(-1.364536315521,-9.199514849963,
    47.520652391129));
#586 = CARTESIAN_POINT('',(-1.323927910224,-8.9978860063,47.519457382941
    ));
#587 = CARTESIAN_POINT('',(-1.29012435053,-8.79528891531,47.518490345832
    ));
#588 = CARTESIAN_POINT('',(-1.25460470028,-8.507552116055,
    47.517491452285));
#589 = CARTESIAN_POINT('',(-1.245695668918,-8.423179919206,
    47.517243723551));
#590 = CARTESIAN_POINT('',(-1.238410836508,-8.33868353667,
    47.517043011762));
#591 = CARTESIAN_POINT('',(-1.232863320945,-8.254085902154,
    47.516891168611));
#592 = CARTESIAN_POINT('',(-1.229135917311,-8.169415424848,
    47.516789492623));
#593 = CARTESIAN_POINT('',(-1.227273115029,-8.084706496752,
    47.516738660907));
#594 = CARTESIAN_POINT('',(-1.227273115029,-8.,47.516738660907));
#595 = ORIENTED_EDGE('',*,*,#596,.T.);
#596 = EDGE_CURVE('',#578,#432,#597,.T.);
#597 = CIRCLE('',#598,45.);
#598 = AXIS2_PLACEMENT_3D('',#599,#600,#601);
#599 = CARTESIAN_POINT('',(0.,-10.,92.5));
#600 = DIRECTION('',(0.,1.,0.));
#601 = DIRECTION('',(0.,-0.,1.));
#602 = CYLINDRICAL_SURFACE('',#603,45.);
#603 = AXIS2_PLACEMENT_3D('',#604,#605,#606);
#604 = CARTESIAN_POINT('',(0.,-15.,92.5));
#605 = DIRECTION('',(0.,1.,0.));
#606 = DIRECTION('',(0.,-0.,1.));
#607 = ADVANCED_FACE('',(#608),#697,.T.);
#608 = FACE_BOUND('',#609,.T.);
#609 = EDGE_LOOP('',(#610,#611,#620,#627,#628,#635,#636,#696));
#610 = ORIENTED_EDGE('',*,*,#278,.T.);
#611 = ORIENTED_EDGE('',*,*,#612,.T.);
#612 = EDGE_CURVE('',#271,#613,#615,.T.);
#613 = VERTEX_POINT('',#614);
#614 = CARTESIAN_POINT('',(1.8,-14.,52.2));
#615 = CIRCLE('',#616,6.);
#616 = AXIS2_PLACEMENT_3D('',#617,#618,#619);
#617 = CARTESIAN_POINT('',(1.8,-8.,52.2));
#618 = DIRECTION('',(-1.,0.,0.));
#619 = DIRECTION('',(0.,1.,0.));
#620 = ORIENTED_EDGE('',*,*,#621,.T.);
#621 = EDGE_CURVE('',#613,#613,#622,.T.);
#622 = CIRCLE('',#623,1.8);
#623 = AXIS2_PLACEMENT_3D('',#624,#625,#626);
#624 = CARTESIAN_POINT('',(0.,-14.,52.2));
#625 = DIRECTION('',(0.,1.224646799147E-16,-1.));
#626 = DIRECTION('',(0.,-1.,-1.224646799147E-16));
#627 = ORIENTED_EDGE('',*,*,#612,.F.);
#628 = ORIENTED_EDGE('',*,*,#629,.T.);
#629 = EDGE_CURVE('',#271,#542,#630,.T.);
#630 = CIRCLE('',#631,1.8);
#631 = AXIS2_PLACEMENT_3D('',#632,#633,#634);
#632 = CARTESIAN_POINT('',(0.,-8.,46.2));
#633 = DIRECTION('',(0.,-1.,0.));
#634 = DIRECTION('',(1.,0.,0.));
#635 = ORIENTED_EDGE('',*,*,#541,.F.);
#636 = ORIENTED_EDGE('',*,*,#637,.F.);
#637 = EDGE_CURVE('',#578,#533,#638,.T.);
#638 = B_SPLINE_CURVE_WITH_KNOTS('',6,(#639,#640,#641,#642,#643,#644,
    #645,#646,#647,#648,#649,#650,#651,#652,#653,#654,#655,#656,#657,
    #658,#659,#660,#661,#662,#663,#664,#665,#666,#667,#668,#669,#670,
    #671,#672,#673,#674,#675,#676,#677,#678,#679,#680,#681,#682,#683,
    #684,#685,#686,#687,#688,#689,#690,#691,#692,#693,#694,#695),
  .UNSPECIFIED.,.F.,.F.,(7,5,5,5,5,5,5,5,5,5,5,7),(0.,6.300788969931E-02
    ,0.247292970994,0.319769432418,0.384579746078,0.499214720616,
    0.578033207217,0.615673922735,0.678231820894,0.750674129128,
    0.937237788085,1.),.UNSPECIFIED.);
#639 = CARTESIAN_POINT('',(-1.769361647302,-10.,46.895189340712));
#640 = CARTESIAN_POINT('',(-1.759921888689,-10.,46.949166426074));
#641 = CARTESIAN_POINT('',(-1.748757662126,-10.,47.002847579732));
#642 = CARTESIAN_POINT('',(-1.735885644029,-10.,47.056163121927));
#643 = CARTESIAN_POINT('',(-1.721324758713,-10.,47.109044208339));
#644 = CARTESIAN_POINT('',(-1.705096178391,-10.,47.161422830087));
#645 = CARTESIAN_POINT('',(-1.634948908133,-10.,47.364762404716));
#646 = CARTESIAN_POINT('',(-1.568616122675,-10.,47.511397328158));
#647 = CARTESIAN_POINT('',(-1.488797618187,-10.,47.651502598242));
#648 = CARTESIAN_POINT('',(-1.39621089079,-10.,47.7834126041));
#649 = CARTESIAN_POINT('',(-1.29173151052,-10.,47.905422619749));
#650 = CARTESIAN_POINT('',(-1.131050421504,-10.,48.059205428836));
#651 = CARTESIAN_POINT('',(-1.084020644569,-10.,48.100810869125));
#652 = CARTESIAN_POINT('',(-1.035383676826,-10.,48.140505790596));
#653 = CARTESIAN_POINT('',(-0.985213642589,-10.,48.178180181712));
#654 = CARTESIAN_POINT('',(-0.93359343574,-10.,48.213723743539));
#655 = CARTESIAN_POINT('',(-0.83324271198,-10.,48.276809817839));
#656 = CARTESIAN_POINT('',(-0.784784118965,-10.,48.304800943379));
#657 = CARTESIAN_POINT('',(-0.735307775228,-10.,48.330923877952));
#658 = CARTESIAN_POINT('',(-0.6848878115,-10.,48.355102280298));
#659 = CARTESIAN_POINT('',(-0.633606192368,-10.,48.377263687263));
#660 = CARTESIAN_POINT('',(-0.489484495647,-10.,48.432856268682));
#661 = CARTESIAN_POINT('',(-0.394989695804,-10.,48.461858716528));
#662 = CARTESIAN_POINT('',(-0.298594798988,-10.,48.48397299168));
#663 = CARTESIAN_POINT('',(-0.20087844808,-10.,48.498909958863));
#664 = CARTESIAN_POINT('',(-0.102471837139,-10.,48.506505416432));
#665 = CARTESIAN_POINT('',(6.360729285752E-02,-10.,48.506931219762));
#666 = CARTESIAN_POINT('',(0.131283325426,-10.,48.503633449843));
#667 = CARTESIAN_POINT('',(0.198752154016,-10.,48.496863087719));
#668 = CARTESIAN_POINT('',(0.265803990182,-10.,48.486654389399));
#669 = CARTESIAN_POINT('',(0.332237721581,-10.,48.473072803352));
#670 = CARTESIAN_POINT('',(0.429200981987,-10.,48.448157806584));
#671 = CARTESIAN_POINT('',(0.460356268932,-10.,48.439356661699));
#672 = CARTESIAN_POINT('',(0.491306982035,-10.,48.429817143582));
#673 = CARTESIAN_POINT('',(0.522033584991,-10.,48.41955027806));
#674 = CARTESIAN_POINT('',(0.5525174232,-10.,48.408568107714));
#675 = CARTESIAN_POINT('',(0.632971069619,-10.,48.377464494194));
#676 = CARTESIAN_POINT('',(0.682481894312,-10.,48.356105404135));
#677 = CARTESIAN_POINT('',(0.731191628101,-10.,48.332865859177));
#678 = CARTESIAN_POINT('',(0.779026357836,-10.,48.307810886807));
#679 = CARTESIAN_POINT('',(0.825918992799,-10.,48.281008941639));
#680 = CARTESIAN_POINT('',(0.924948591761,-10.,48.219550710588));
#681 = CARTESIAN_POINT('',(0.976743423293,-10.,48.184322561141));
#682 = CARTESIAN_POINT('',(1.027098917476,-10.,48.146953293451));
#683 = CARTESIAN_POINT('',(1.075931496874,-10.,48.107553050111));
#684 = CARTESIAN_POINT('',(1.123166456232,-10.,48.066231792988));
#685 = CARTESIAN_POINT('',(1.286094568253,-10.,47.912010117227));
#686 = CARTESIAN_POINT('',(1.392385459885,-10.,47.788917954975));
#687 = CARTESIAN_POINT('',(1.48651546925,-10.,47.65562311513));
#688 = CARTESIAN_POINT('',(1.567572651395,-10.,47.513896200462));
#689 = CARTESIAN_POINT('',(1.634811620879,-10.,47.365465647546));
#690 = CARTESIAN_POINT('',(1.705410715453,-10.,47.160406754944));
#691 = CARTESIAN_POINT('',(1.721550558417,-10.,47.108223572386));
#692 = CARTESIAN_POINT('',(1.736035376264,-10.,47.055542602134));
#693 = CARTESIAN_POINT('',(1.74884425856,-10.,47.002431070791));
#694 = CARTESIAN_POINT('',(1.759958509378,-10.,46.948957026854));
#695 = CARTESIAN_POINT('',(1.769361647302,-10.,46.895189340712));
#696 = ORIENTED_EDGE('',*,*,#577,.T.);
#697 = TOROIDAL_SURFACE('',#698,6.,1.8);
#698 = AXIS2_PLACEMENT_3D('',#699,#700,#701);
#699 = CARTESIAN_POINT('',(0.,-8.,52.2));
#700 = DIRECTION('',(-1.,0.,-0.));
#701 = DIRECTION('',(0.,1.,0.));
#702 = ADVANCED_FACE('',(#703),#717,.T.);
#703 = FACE_BOUND('',#704,.T.);
#704 = EDGE_LOOP('',(#705,#706,#707,#708,#715,#716));
#705 = ORIENTED_EDGE('',*,*,#270,.F.);
#706 = ORIENTED_EDGE('',*,*,#330,.T.);
#707 = ORIENTED_EDGE('',*,*,#381,.F.);
#708 = ORIENTED_EDGE('',*,*,#709,.T.);
#709 = EDGE_CURVE('',#374,#561,#710,.T.);
#710 = CIRCLE('',#711,1.8);
#711 = AXIS2_PLACEMENT_3D('',#712,#713,#714);
#712 = CARTESIAN_POINT('',(0.,0.,46.2));
#713 = DIRECTION('',(0.,-1.,0.));
#714 = DIRECTION('',(1.,0.,0.));
#715 = ORIENTED_EDGE('',*,*,#560,.F.);
#716 = ORIENTED_EDGE('',*,*,#629,.F.);
#717 = CYLINDRICAL_SURFACE('',#718,1.8);
#718 = AXIS2_PLACEMENT_3D('',#719,#720,#721);
#719 = CARTESIAN_POINT('',(0.,0.,46.2));
#720 = DIRECTION('',(0.,-1.,0.));
#721 = DIRECTION('',(1.,0.,0.));
#722 = ADVANCED_FACE('',(#723),#728,.F.);
#723 = FACE_BOUND('',#724,.F.);
#724 = EDGE_LOOP('',(#725,#726,#727));
#725 = ORIENTED_EDGE('',*,*,#373,.T.);
#726 = ORIENTED_EDGE('',*,*,#709,.T.);
#727 = ORIENTED_EDGE('',*,*,#568,.T.);
#728 = PLANE('',#729);
#729 = AXIS2_PLACEMENT_3D('',#730,#731,#732);
#730 = CARTESIAN_POINT('',(1.424416804729E-16,0.,46.2));
#731 = DIRECTION('',(-0.,-1.,-0.));
#732 = DIRECTION('',(0.,0.,-1.));
#733 = ADVANCED_FACE('',(#734),#770,.T.);
#734 = FACE_BOUND('',#735,.T.);
#735 = EDGE_LOOP('',(#736,#757,#763,#764));
#736 = ORIENTED_EDGE('',*,*,#737,.F.);
#737 = EDGE_CURVE('',#738,#740,#742,.T.);
#738 = VERTEX_POINT('',#739);
#739 = CARTESIAN_POINT('',(-20.,-7.,55.));
#740 = VERTEX_POINT('',#741);
#741 = CARTESIAN_POINT('',(-17.,-10.,53.548106592875));
#742 = B_SPLINE_CURVE_WITH_KNOTS('',7,(#743,#744,#745,#746,#747,#748,
    #749,#750,#751,#752,#753,#754,#755,#756),.UNSPECIFIED.,.F.,.F.,(8,6,
    8),(0.,0.506769673912,1.),.UNSPECIFIED.);
#743 = CARTESIAN_POINT('',(-20.,-7.,55.));
#744 = CARTESIAN_POINT('',(-20.,-7.31700951761,55.));
#745 = CARTESIAN_POINT('',(-19.96091908941,-7.634009960902,
    54.979156639207));
#746 = CARTESIAN_POINT('',(-19.88275804289,-7.946450417261,
    54.937471470133));
#747 = CARTESIAN_POINT('',(-19.76569011927,-8.249701171402,
    54.875363830833));
#748 = CARTESIAN_POINT('',(-19.61011178091,-8.538922289256,
    54.793707503316));
#749 = CARTESIAN_POINT('',(-19.41676139006,-8.80887006308,
    54.693839981423));
#750 = CARTESIAN_POINT('',(-18.9631914161,-9.291873027359,
    54.464355781319));
#751 = CARTESIAN_POINT('',(-18.70282011206,-9.508466534348,54.3345545784
    ));
#752 = CARTESIAN_POINT('',(-18.40809877481,-9.694733605956,
    54.19042381402));
#753 = CARTESIAN_POINT('',(-18.08353537993,-9.84290993009,
    54.035488853265));
#754 = CARTESIAN_POINT('',(-17.73536000074,-9.946404203718,
    53.873958221059));
#755 = CARTESIAN_POINT('',(-17.37123922519,-10.,53.710128673864));
#756 = CARTESIAN_POINT('',(-17.,-10.,53.548106592875));
#757 = ORIENTED_EDGE('',*,*,#758,.F.);
#758 = EDGE_CURVE('',#430,#738,#759,.T.);
#759 = LINE('',#760,#761);
#760 = CARTESIAN_POINT('',(-20.,-7.,35.));
#761 = VECTOR('',#762,1.);
#762 = DIRECTION('',(0.,0.,1.));
#763 = ORIENTED_EDGE('',*,*,#429,.T.);
#764 = ORIENTED_EDGE('',*,*,#765,.T.);
#765 = EDGE_CURVE('',#432,#740,#766,.T.);
#766 = LINE('',#767,#768);
#767 = CARTESIAN_POINT('',(-17.,-10.,35.));
#768 = VECTOR('',#769,1.);
#769 = DIRECTION('',(0.,0.,1.));
#770 = CYLINDRICAL_SURFACE('',#771,3.);
#771 = AXIS2_PLACEMENT_3D('',#772,#773,#774);
#772 = CARTESIAN_POINT('',(-17.,-7.,35.));
#773 = DIRECTION('',(0.,0.,1.));
#774 = DIRECTION('',(1.,0.,-0.));
#775 = ADVANCED_FACE('',(#776),#797,.F.);
#776 = FACE_BOUND('',#777,.F.);
#777 = EDGE_LOOP('',(#778,#786,#787,#788,#789,#790));
#778 = ORIENTED_EDGE('',*,*,#779,.F.);
#779 = EDGE_CURVE('',#514,#780,#782,.T.);
#780 = VERTEX_POINT('',#781);
#781 = CARTESIAN_POINT('',(17.,-10.,53.548106592875));
#782 = LINE('',#783,#784);
#783 = CARTESIAN_POINT('',(17.,-10.,35.));
#784 = VECTOR('',#785,1.);
#785 = DIRECTION('',(0.,0.,1.));
#786 = ORIENTED_EDGE('',*,*,#532,.T.);
#787 = ORIENTED_EDGE('',*,*,#637,.F.);
#788 = ORIENTED_EDGE('',*,*,#596,.T.);
#789 = ORIENTED_EDGE('',*,*,#765,.T.);
#790 = ORIENTED_EDGE('',*,*,#791,.F.);
#791 = EDGE_CURVE('',#780,#740,#792,.T.);
#792 = CIRCLE('',#793,42.5);
#793 = AXIS2_PLACEMENT_3D('',#794,#795,#796);
#794 = CARTESIAN_POINT('',(0.,-10.,92.5));
#795 = DIRECTION('',(0.,1.,0.));
#796 = DIRECTION('',(0.,-0.,1.));
#797 = PLANE('',#798);
#798 = AXIS2_PLACEMENT_3D('',#799,#800,#801);
#799 = CARTESIAN_POINT('',(-17.,-10.,35.));
#800 = DIRECTION('',(-0.,1.,0.));
#801 = DIRECTION('',(0.,0.,1.));
#802 = ADVANCED_FACE('',(#803),#832,.T.);
#803 = FACE_BOUND('',#804,.T.);
#804 = EDGE_LOOP('',(#805,#824,#825,#826));
#805 = ORIENTED_EDGE('',*,*,#806,.F.);
#806 = EDGE_CURVE('',#780,#807,#809,.T.);
#807 = VERTEX_POINT('',#808);
#808 = CARTESIAN_POINT('',(20.,-7.,55.));
#809 = B_SPLINE_CURVE_WITH_KNOTS('',7,(#810,#811,#812,#813,#814,#815,
    #816,#817,#818,#819,#820,#821,#822,#823),.UNSPECIFIED.,.F.,.F.,(8,6,
    8),(0.,0.493230326021,1.),.UNSPECIFIED.);
#810 = CARTESIAN_POINT('',(17.,-10.,53.548106592875));
#811 = CARTESIAN_POINT('',(17.371239225103,-10.,53.710128673825));
#812 = CARTESIAN_POINT('',(17.735360000834,-9.946404203742,
    53.873958221097));
#813 = CARTESIAN_POINT('',(18.083535379995,-9.842909930034,
    54.035488853296));
#814 = CARTESIAN_POINT('',(18.408098774743,-9.694733605956,
    54.190423813986));
#815 = CARTESIAN_POINT('',(18.702820112012,-9.508466534437,
    54.334554578371));
#816 = CARTESIAN_POINT('',(18.963191416168,-9.291873027294,
    54.464355781349));
#817 = CARTESIAN_POINT('',(19.416761390061,-8.80887006308,
    54.693839981423));
#818 = CARTESIAN_POINT('',(19.610111780912,-8.538922289256,
    54.793707503316));
#819 = CARTESIAN_POINT('',(19.765690119273,-8.249701171402,
    54.875363830833));
#820 = CARTESIAN_POINT('',(19.882758042895,-7.946450417261,
    54.937471470133));
#821 = CARTESIAN_POINT('',(19.960919089418,-7.634009960902,
    54.979156639207));
#822 = CARTESIAN_POINT('',(20.,-7.31700951761,55.));
#823 = CARTESIAN_POINT('',(20.,-7.,55.));
#824 = ORIENTED_EDGE('',*,*,#779,.F.);
#825 = ORIENTED_EDGE('',*,*,#513,.T.);
#826 = ORIENTED_EDGE('',*,*,#827,.T.);
#827 = EDGE_CURVE('',#506,#807,#828,.T.);
#828 = LINE('',#829,#830);
#829 = CARTESIAN_POINT('',(20.,-7.,35.));
#830 = VECTOR('',#831,1.);
#831 = DIRECTION('',(0.,0.,1.));
#832 = CYLINDRICAL_SURFACE('',#833,3.);
#833 = AXIS2_PLACEMENT_3D('',#834,#835,#836);
#834 = CARTESIAN_POINT('',(17.,-7.,35.));
#835 = DIRECTION('',(0.,0.,1.));
#836 = DIRECTION('',(1.,0.,-0.));
#837 = ADVANCED_FACE('',(#838),#856,.T.);
#838 = FACE_BOUND('',#839,.T.);
#839 = EDGE_LOOP('',(#840,#841,#842,#850));
#840 = ORIENTED_EDGE('',*,*,#827,.F.);
#841 = ORIENTED_EDGE('',*,*,#505,.T.);
#842 = ORIENTED_EDGE('',*,*,#843,.T.);
#843 = EDGE_CURVE('',#487,#844,#846,.T.);
#844 = VERTEX_POINT('',#845);
#845 = CARTESIAN_POINT('',(20.,7.,55.));
#846 = LINE('',#847,#848);
#847 = CARTESIAN_POINT('',(20.,7.,35.));
#848 = VECTOR('',#849,1.);
#849 = DIRECTION('',(0.,0.,1.));
#850 = ORIENTED_EDGE('',*,*,#851,.F.);
#851 = EDGE_CURVE('',#807,#844,#852,.T.);
#852 = LINE('',#853,#854);
#853 = CARTESIAN_POINT('',(20.,-16.,55.));
#854 = VECTOR('',#855,1.);
#855 = DIRECTION('',(0.,1.,0.));
#856 = PLANE('',#857);
#857 = AXIS2_PLACEMENT_3D('',#858,#859,#860);
#858 = CARTESIAN_POINT('',(20.,-7.,35.));
#859 = DIRECTION('',(1.,0.,-0.));
#860 = DIRECTION('',(0.,0.,1.));
#861 = ADVANCED_FACE('',(#862),#891,.T.);
#862 = FACE_BOUND('',#863,.T.);
#863 = EDGE_LOOP('',(#864,#883,#884,#885));
#864 = ORIENTED_EDGE('',*,*,#865,.F.);
#865 = EDGE_CURVE('',#844,#866,#868,.T.);
#866 = VERTEX_POINT('',#867);
#867 = CARTESIAN_POINT('',(17.,10.,53.548106592875));
#868 = B_SPLINE_CURVE_WITH_KNOTS('',7,(#869,#870,#871,#872,#873,#874,
    #875,#876,#877,#878,#879,#880,#881,#882),.UNSPECIFIED.,.F.,.F.,(8,6,
    8),(0.,0.506769673979,1.),.UNSPECIFIED.);
#869 = CARTESIAN_POINT('',(20.,7.,55.));
#870 = CARTESIAN_POINT('',(20.,7.31700951761,55.));
#871 = CARTESIAN_POINT('',(19.960919089418,7.634009960902,
    54.979156639207));
#872 = CARTESIAN_POINT('',(19.882758042895,7.946450417261,
    54.937471470133));
#873 = CARTESIAN_POINT('',(19.765690119273,8.249701171402,
    54.875363830833));
#874 = CARTESIAN_POINT('',(19.610111780912,8.538922289256,
    54.793707503316));
#875 = CARTESIAN_POINT('',(19.416761390061,8.80887006308,54.693839981423
    ));
#876 = CARTESIAN_POINT('',(18.963191416168,9.291873027294,
    54.464355781349));
#877 = CARTESIAN_POINT('',(18.702820112012,9.508466534437,
    54.334554578371));
#878 = CARTESIAN_POINT('',(18.408098774743,9.694733605956,
    54.190423813986));
#879 = CARTESIAN_POINT('',(18.083535379995,9.842909930034,
    54.035488853296));
#880 = CARTESIAN_POINT('',(17.735360000834,9.946404203742,
    53.873958221097));
#881 = CARTESIAN_POINT('',(17.371239225103,10.,53.710128673825));
#882 = CARTESIAN_POINT('',(17.,10.,53.548106592875));
#883 = ORIENTED_EDGE('',*,*,#843,.F.);
#884 = ORIENTED_EDGE('',*,*,#486,.T.);
#885 = ORIENTED_EDGE('',*,*,#886,.T.);
#886 = EDGE_CURVE('',#478,#866,#887,.T.);
#887 = LINE('',#888,#889);
#888 = CARTESIAN_POINT('',(17.,10.,35.));
#889 = VECTOR('',#890,1.);
#890 = DIRECTION('',(0.,0.,1.));
#891 = CYLINDRICAL_SURFACE('',#892,3.);
#892 = AXIS2_PLACEMENT_3D('',#893,#894,#895);
#893 = CARTESIAN_POINT('',(17.,7.,35.));
#894 = DIRECTION('',(0.,0.,1.));
#895 = DIRECTION('',(1.,0.,-0.));
#896 = ADVANCED_FACE('',(#897),#916,.T.);
#897 = FACE_BOUND('',#898,.T.);
#898 = EDGE_LOOP('',(#899,#900,#908,#915));
#899 = ORIENTED_EDGE('',*,*,#477,.T.);
#900 = ORIENTED_EDGE('',*,*,#901,.T.);
#901 = EDGE_CURVE('',#459,#902,#904,.T.);
#902 = VERTEX_POINT('',#903);
#903 = CARTESIAN_POINT('',(-17.,10.,53.548106592875));
#904 = LINE('',#905,#906);
#905 = CARTESIAN_POINT('',(-17.,10.,35.));
#906 = VECTOR('',#907,1.);
#907 = DIRECTION('',(0.,0.,1.));
#908 = ORIENTED_EDGE('',*,*,#909,.F.);
#909 = EDGE_CURVE('',#866,#902,#910,.T.);
#910 = CIRCLE('',#911,42.5);
#911 = AXIS2_PLACEMENT_3D('',#912,#913,#914);
#912 = CARTESIAN_POINT('',(0.,10.,92.5));
#913 = DIRECTION('',(0.,1.,0.));
#914 = DIRECTION('',(0.,-0.,1.));
#915 = ORIENTED_EDGE('',*,*,#886,.F.);
#916 = PLANE('',#917);
#917 = AXIS2_PLACEMENT_3D('',#918,#919,#920);
#918 = CARTESIAN_POINT('',(-17.,10.,35.));
#919 = DIRECTION('',(-0.,1.,0.));
#920 = DIRECTION('',(0.,0.,1.));
#921 = ADVANCED_FACE('',(#922),#951,.T.);
#922 = FACE_BOUND('',#923,.T.);
#923 = EDGE_LOOP('',(#924,#943,#944,#945));
#924 = ORIENTED_EDGE('',*,*,#925,.F.);
#925 = EDGE_CURVE('',#902,#926,#928,.T.);
#926 = VERTEX_POINT('',#927);
#927 = CARTESIAN_POINT('',(-20.,7.,55.));
#928 = B_SPLINE_CURVE_WITH_KNOTS('',7,(#929,#930,#931,#932,#933,#934,
    #935,#936,#937,#938,#939,#940,#941,#942),.UNSPECIFIED.,.F.,.F.,(8,6,
    8),(0.,0.493230326021,1.),.UNSPECIFIED.);
#929 = CARTESIAN_POINT('',(-17.,10.,53.548106592875));
#930 = CARTESIAN_POINT('',(-17.3712392251,10.,53.710128673825));
#931 = CARTESIAN_POINT('',(-17.73536000083,9.946404203742,
    53.873958221097));
#932 = CARTESIAN_POINT('',(-18.08353537999,9.842909930034,
    54.035488853297));
#933 = CARTESIAN_POINT('',(-18.40809877474,9.694733605956,
    54.190423813986));
#934 = CARTESIAN_POINT('',(-18.70282011201,9.508466534436,
    54.334554578371));
#935 = CARTESIAN_POINT('',(-18.96319141616,9.291873027294,
    54.464355781349));
#936 = CARTESIAN_POINT('',(-19.41676139006,8.80887006308,54.693839981423
    ));
#937 = CARTESIAN_POINT('',(-19.61011178091,8.538922289256,
    54.793707503316));
#938 = CARTESIAN_POINT('',(-19.76569011927,8.249701171402,
    54.875363830833));
#939 = CARTESIAN_POINT('',(-19.88275804289,7.946450417261,
    54.937471470133));
#940 = CARTESIAN_POINT('',(-19.96091908941,7.634009960902,
    54.979156639207));
#941 = CARTESIAN_POINT('',(-20.,7.31700951761,55.));
#942 = CARTESIAN_POINT('',(-20.,7.,55.));
#943 = ORIENTED_EDGE('',*,*,#901,.F.);
#944 = ORIENTED_EDGE('',*,*,#458,.T.);
#945 = ORIENTED_EDGE('',*,*,#946,.T.);
#946 = EDGE_CURVE('',#451,#926,#947,.T.);
#947 = LINE('',#948,#949);
#948 = CARTESIAN_POINT('',(-20.,7.,35.));
#949 = VECTOR('',#950,1.);
#950 = DIRECTION('',(0.,0.,1.));
#951 = CYLINDRICAL_SURFACE('',#952,3.);
#952 = AXIS2_PLACEMENT_3D('',#953,#954,#955);
#953 = CARTESIAN_POINT('',(-17.,7.,35.));
#954 = DIRECTION('',(0.,0.,1.));
#955 = DIRECTION('',(1.,0.,-0.));
#956 = ADVANCED_FACE('',(#957),#968,.F.);
#957 = FACE_BOUND('',#958,.F.);
#958 = EDGE_LOOP('',(#959,#960,#961,#962));
#959 = ORIENTED_EDGE('',*,*,#758,.F.);
#960 = ORIENTED_EDGE('',*,*,#450,.T.);
#961 = ORIENTED_EDGE('',*,*,#946,.T.);
#962 = ORIENTED_EDGE('',*,*,#963,.F.);
#963 = EDGE_CURVE('',#738,#926,#964,.T.);
#964 = LINE('',#965,#966);
#965 = CARTESIAN_POINT('',(-20.,-16.,55.));
#966 = VECTOR('',#967,1.);
#967 = DIRECTION('',(0.,1.,0.));
#968 = PLANE('',#969);
#969 = AXIS2_PLACEMENT_3D('',#970,#971,#972);
#970 = CARTESIAN_POINT('',(-20.,-7.,35.));
#971 = DIRECTION('',(1.,0.,-0.));
#972 = DIRECTION('',(0.,0.,1.));
#973 = ADVANCED_FACE('',(#974),#1052,.T.);
#974 = FACE_BOUND('',#975,.T.);
#975 = EDGE_LOOP('',(#976,#984,#985,#986,#995,#1004,#1012,#1020,#1029,
    #1037,#1045));
#976 = ORIENTED_EDGE('',*,*,#977,.F.);
#977 = EDGE_CURVE('',#613,#978,#980,.T.);
#978 = VERTEX_POINT('',#979);
#979 = CARTESIAN_POINT('',(1.8,-14.,90.));
#980 = LINE('',#981,#982);
#981 = CARTESIAN_POINT('',(1.8,-14.,52.2));
#982 = VECTOR('',#983,1.);
#983 = DIRECTION('',(0.,0.,1.));
#984 = ORIENTED_EDGE('',*,*,#621,.F.);
#985 = ORIENTED_EDGE('',*,*,#977,.T.);
#986 = ORIENTED_EDGE('',*,*,#987,.F.);
#987 = EDGE_CURVE('',#988,#978,#990,.T.);
#988 = VERTEX_POINT('',#989);
#989 = CARTESIAN_POINT('',(-1.8,-14.,90.));
#990 = CIRCLE('',#991,1.8);
#991 = AXIS2_PLACEMENT_3D('',#992,#993,#994);
#992 = CARTESIAN_POINT('',(0.,-14.,90.));
#993 = DIRECTION('',(0.,0.,1.));
#994 = DIRECTION('',(1.,0.,-0.));
#995 = ORIENTED_EDGE('',*,*,#996,.F.);
#996 = EDGE_CURVE('',#997,#988,#999,.T.);
#997 = VERTEX_POINT('',#998);
#998 = CARTESIAN_POINT('',(-1.782554346998,-13.75,89.75));
#999 = ELLIPSE('',#1000,2.545584412272,1.8);
#1000 = AXIS2_PLACEMENT_3D('',#1001,#1002,#1003);
#1001 = CARTESIAN_POINT('',(0.,-14.,90.));
#1002 = DIRECTION('',(0.,0.707106781187,0.707106781187));
#1003 = DIRECTION('',(0.,-0.707106781187,0.707106781187));
#1004 = ORIENTED_EDGE('',*,*,#1005,.F.);
#1005 = EDGE_CURVE('',#1006,#997,#1008,.T.);
#1006 = VERTEX_POINT('',#1007);
#1007 = CARTESIAN_POINT('',(-1.782554346998,-13.75,83.));
#1008 = LINE('',#1009,#1010);
#1009 = CARTESIAN_POINT('',(-1.782554346998,-13.75,52.2));
#1010 = VECTOR('',#1011,1.);
#1011 = DIRECTION('',(0.,0.,1.));
#1012 = ORIENTED_EDGE('',*,*,#1013,.F.);
#1013 = EDGE_CURVE('',#1014,#1006,#1016,.T.);
#1014 = VERTEX_POINT('',#1015);
#1015 = CARTESIAN_POINT('',(-1.782554346998,-13.75,80.));
#1016 = LINE('',#1017,#1018);
#1017 = CARTESIAN_POINT('',(-1.782554346998,-13.75,52.2));
#1018 = VECTOR('',#1019,1.);
#1019 = DIRECTION('',(0.,0.,1.));
#1020 = ORIENTED_EDGE('',*,*,#1021,.F.);
#1021 = EDGE_CURVE('',#1022,#1014,#1024,.T.);
#1022 = VERTEX_POINT('',#1023);
#1023 = CARTESIAN_POINT('',(1.782554346998,-13.75,80.));
#1024 = CIRCLE('',#1025,1.8);
#1025 = AXIS2_PLACEMENT_3D('',#1026,#1027,#1028);
#1026 = CARTESIAN_POINT('',(0.,-14.,80.));
#1027 = DIRECTION('',(0.,0.,1.));
#1028 = DIRECTION('',(1.,0.,-0.));
#1029 = ORIENTED_EDGE('',*,*,#1030,.T.);
#1030 = EDGE_CURVE('',#1022,#1031,#1033,.T.);
#1031 = VERTEX_POINT('',#1032);
#1032 = CARTESIAN_POINT('',(1.782554346998,-13.75,83.));
#1033 = LINE('',#1034,#1035);
#1034 = CARTESIAN_POINT('',(1.782554346998,-13.75,52.2));
#1035 = VECTOR('',#1036,1.);
#1036 = DIRECTION('',(0.,0.,1.));
#1037 = ORIENTED_EDGE('',*,*,#1038,.T.);
#1038 = EDGE_CURVE('',#1031,#1039,#1041,.T.);
#1039 = VERTEX_POINT('',#1040);
#1040 = CARTESIAN_POINT('',(1.782554346998,-13.75,89.75));
#1041 = LINE('',#1042,#1043);
#1042 = CARTESIAN_POINT('',(1.782554346998,-13.75,52.2));
#1043 = VECTOR('',#1044,1.);
#1044 = DIRECTION('',(0.,0.,1.));
#1045 = ORIENTED_EDGE('',*,*,#1046,.F.);
#1046 = EDGE_CURVE('',#978,#1039,#1047,.T.);
#1047 = ELLIPSE('',#1048,2.545584412272,1.8);
#1048 = AXIS2_PLACEMENT_3D('',#1049,#1050,#1051);
#1049 = CARTESIAN_POINT('',(0.,-14.,90.));
#1050 = DIRECTION('',(0.,0.707106781187,0.707106781187));
#1051 = DIRECTION('',(0.,-0.707106781187,0.707106781187));
#1052 = CYLINDRICAL_SURFACE('',#1053,1.8);
#1053 = AXIS2_PLACEMENT_3D('',#1054,#1055,#1056);
#1054 = CARTESIAN_POINT('',(0.,-14.,52.2));
#1055 = DIRECTION('',(0.,0.,1.));
#1056 = DIRECTION('',(1.,0.,-0.));
#1057 = ADVANCED_FACE('',(#1058),#1068,.F.);
#1058 = FACE_BOUND('',#1059,.F.);
#1059 = EDGE_LOOP('',(#1060,#1061,#1062,#1063,#1064,#1065,#1066,#1067));
#1060 = ORIENTED_EDGE('',*,*,#737,.F.);
#1061 = ORIENTED_EDGE('',*,*,#963,.T.);
#1062 = ORIENTED_EDGE('',*,*,#925,.F.);
#1063 = ORIENTED_EDGE('',*,*,#909,.F.);
#1064 = ORIENTED_EDGE('',*,*,#865,.F.);
#1065 = ORIENTED_EDGE('',*,*,#851,.F.);
#1066 = ORIENTED_EDGE('',*,*,#806,.F.);
#1067 = ORIENTED_EDGE('',*,*,#791,.T.);
#1068 = CYLINDRICAL_SURFACE('',#1069,42.5);
#1069 = AXIS2_PLACEMENT_3D('',#1070,#1071,#1072);
#1070 = CARTESIAN_POINT('',(0.,-16.,92.5));
#1071 = DIRECTION('',(0.,1.,0.));
#1072 = DIRECTION('',(0.,-0.,1.));
#1073 = ADVANCED_FACE('',(#1074),#1101,.T.);
#1074 = FACE_BOUND('',#1075,.T.);
#1075 = EDGE_LOOP('',(#1076,#1086,#1093,#1094));
#1076 = ORIENTED_EDGE('',*,*,#1077,.F.);
#1077 = EDGE_CURVE('',#1078,#1080,#1082,.T.);
#1078 = VERTEX_POINT('',#1079);
#1079 = CARTESIAN_POINT('',(-4.40872847693E-16,-14.,91.8));
#1080 = VERTEX_POINT('',#1081);
#1081 = CARTESIAN_POINT('',(-4.40872847693E-16,-13.75,91.8));
#1082 = LINE('',#1083,#1084);
#1083 = CARTESIAN_POINT('',(-4.40872847693E-16,-14.,91.8));
#1084 = VECTOR('',#1085,1.);
#1085 = DIRECTION('',(0.,1.,0.));
#1086 = ORIENTED_EDGE('',*,*,#1087,.T.);
#1087 = EDGE_CURVE('',#1078,#978,#1088,.T.);
#1088 = CIRCLE('',#1089,1.8);
#1089 = AXIS2_PLACEMENT_3D('',#1090,#1091,#1092);
#1090 = CARTESIAN_POINT('',(0.,-14.,90.));
#1091 = DIRECTION('',(0.,1.,0.));
#1092 = DIRECTION('',(0.,-0.,1.));
#1093 = ORIENTED_EDGE('',*,*,#1046,.T.);
#1094 = ORIENTED_EDGE('',*,*,#1095,.F.);
#1095 = EDGE_CURVE('',#1080,#1039,#1096,.T.);
#1096 = CIRCLE('',#1097,1.8);
#1097 = AXIS2_PLACEMENT_3D('',#1098,#1099,#1100);
#1098 = CARTESIAN_POINT('',(0.,-13.75,90.));
#1099 = DIRECTION('',(0.,1.,0.));
#1100 = DIRECTION('',(0.,-0.,1.));
#1101 = CYLINDRICAL_SURFACE('',#1102,1.8);
#1102 = AXIS2_PLACEMENT_3D('',#1103,#1104,#1105);
#1103 = CARTESIAN_POINT('',(0.,-14.,90.));
#1104 = DIRECTION('',(0.,1.,0.));
#1105 = DIRECTION('',(0.,-0.,1.));
#1106 = ADVANCED_FACE('',(#1107),#1193,.F.);
#1107 = FACE_BOUND('',#1108,.F.);
#1108 = EDGE_LOOP('',(#1109,#1117,#1126,#1134,#1143,#1151,#1160,#1168,
    #1177,#1183,#1184,#1185,#1192));
#1109 = ORIENTED_EDGE('',*,*,#1110,.F.);
#1110 = EDGE_CURVE('',#1111,#1006,#1113,.T.);
#1111 = VERTEX_POINT('',#1112);
#1112 = CARTESIAN_POINT('',(-14.,-13.75,83.));
#1113 = LINE('',#1114,#1115);
#1114 = CARTESIAN_POINT('',(-17.,-13.75,83.));
#1115 = VECTOR('',#1116,1.);
#1116 = DIRECTION('',(1.,0.,-0.));
#1117 = ORIENTED_EDGE('',*,*,#1118,.F.);
#1118 = EDGE_CURVE('',#1119,#1111,#1121,.T.);
#1119 = VERTEX_POINT('',#1120);
#1120 = CARTESIAN_POINT('',(-17.,-13.75,86.));
#1121 = CIRCLE('',#1122,3.);
#1122 = AXIS2_PLACEMENT_3D('',#1123,#1124,#1125);
#1123 = CARTESIAN_POINT('',(-17.,-13.75,83.));
#1124 = DIRECTION('',(0.,1.,0.));
#1125 = DIRECTION('',(0.,-0.,1.));
#1126 = ORIENTED_EDGE('',*,*,#1127,.T.);
#1127 = EDGE_CURVE('',#1119,#1128,#1130,.T.);
#1128 = VERTEX_POINT('',#1129);
#1129 = CARTESIAN_POINT('',(-17.,-13.75,94.));
#1130 = LINE('',#1131,#1132);
#1131 = CARTESIAN_POINT('',(-17.,-13.75,83.));
#1132 = VECTOR('',#1133,1.);
#1133 = DIRECTION('',(0.,0.,1.));
#1134 = ORIENTED_EDGE('',*,*,#1135,.F.);
#1135 = EDGE_CURVE('',#1136,#1128,#1138,.T.);
#1136 = VERTEX_POINT('',#1137);
#1137 = CARTESIAN_POINT('',(-14.,-13.75,97.));
#1138 = CIRCLE('',#1139,3.);
#1139 = AXIS2_PLACEMENT_3D('',#1140,#1141,#1142);
#1140 = CARTESIAN_POINT('',(-17.,-13.75,97.));
#1141 = DIRECTION('',(0.,1.,0.));
#1142 = DIRECTION('',(0.,-0.,1.));
#1143 = ORIENTED_EDGE('',*,*,#1144,.T.);
#1144 = EDGE_CURVE('',#1136,#1145,#1147,.T.);
#1145 = VERTEX_POINT('',#1146);
#1146 = CARTESIAN_POINT('',(14.,-13.75,97.));
#1147 = LINE('',#1148,#1149);
#1148 = CARTESIAN_POINT('',(-17.,-13.75,97.));
#1149 = VECTOR('',#1150,1.);
#1150 = DIRECTION('',(1.,0.,-0.));
#1151 = ORIENTED_EDGE('',*,*,#1152,.F.);
#1152 = EDGE_CURVE('',#1153,#1145,#1155,.T.);
#1153 = VERTEX_POINT('',#1154);
#1154 = CARTESIAN_POINT('',(17.,-13.75,94.));
#1155 = CIRCLE('',#1156,3.);
#1156 = AXIS2_PLACEMENT_3D('',#1157,#1158,#1159);
#1157 = CARTESIAN_POINT('',(17.,-13.75,97.));
#1158 = DIRECTION('',(0.,1.,0.));
#1159 = DIRECTION('',(0.,-0.,1.));
#1160 = ORIENTED_EDGE('',*,*,#1161,.F.);
#1161 = EDGE_CURVE('',#1162,#1153,#1164,.T.);
#1162 = VERTEX_POINT('',#1163);
#1163 = CARTESIAN_POINT('',(17.,-13.75,86.));
#1164 = LINE('',#1165,#1166);
#1165 = CARTESIAN_POINT('',(17.,-13.75,83.));
#1166 = VECTOR('',#1167,1.);
#1167 = DIRECTION('',(0.,0.,1.));
#1168 = ORIENTED_EDGE('',*,*,#1169,.F.);
#1169 = EDGE_CURVE('',#1170,#1162,#1172,.T.);
#1170 = VERTEX_POINT('',#1171);
#1171 = CARTESIAN_POINT('',(14.,-13.75,83.));
#1172 = CIRCLE('',#1173,3.);
#1173 = AXIS2_PLACEMENT_3D('',#1174,#1175,#1176);
#1174 = CARTESIAN_POINT('',(17.,-13.75,83.));
#1175 = DIRECTION('',(0.,1.,0.));
#1176 = DIRECTION('',(0.,-0.,1.));
#1177 = ORIENTED_EDGE('',*,*,#1178,.F.);
#1178 = EDGE_CURVE('',#1031,#1170,#1179,.T.);
#1179 = LINE('',#1180,#1181);
#1180 = CARTESIAN_POINT('',(-17.,-13.75,83.));
#1181 = VECTOR('',#1182,1.);
#1182 = DIRECTION('',(1.,0.,-0.));
#1183 = ORIENTED_EDGE('',*,*,#1038,.T.);
#1184 = ORIENTED_EDGE('',*,*,#1095,.F.);
#1185 = ORIENTED_EDGE('',*,*,#1186,.F.);
#1186 = EDGE_CURVE('',#997,#1080,#1187,.T.);
#1187 = CIRCLE('',#1188,1.8);
#1188 = AXIS2_PLACEMENT_3D('',#1189,#1190,#1191);
#1189 = CARTESIAN_POINT('',(0.,-13.75,90.));
#1190 = DIRECTION('',(0.,1.,0.));
#1191 = DIRECTION('',(0.,-0.,1.));
#1192 = ORIENTED_EDGE('',*,*,#1005,.F.);
#1193 = PLANE('',#1194);
#1194 = AXIS2_PLACEMENT_3D('',#1195,#1196,#1197);
#1195 = CARTESIAN_POINT('',(-17.,-13.75,83.));
#1196 = DIRECTION('',(-0.,1.,0.));
#1197 = DIRECTION('',(0.,0.,1.));
#1198 = ADVANCED_FACE('',(#1199),#1218,.F.);
#1199 = FACE_BOUND('',#1200,.F.);
#1200 = EDGE_LOOP('',(#1201,#1209,#1210,#1211));
#1201 = ORIENTED_EDGE('',*,*,#1202,.F.);
#1202 = EDGE_CURVE('',#1022,#1203,#1205,.T.);
#1203 = VERTEX_POINT('',#1204);
#1204 = CARTESIAN_POINT('',(17.,-13.75,80.));
#1205 = LINE('',#1206,#1207);
#1206 = CARTESIAN_POINT('',(-17.,-13.75,80.));
#1207 = VECTOR('',#1208,1.);
#1208 = DIRECTION('',(1.,0.,-0.));
#1209 = ORIENTED_EDGE('',*,*,#1030,.T.);
#1210 = ORIENTED_EDGE('',*,*,#1178,.T.);
#1211 = ORIENTED_EDGE('',*,*,#1212,.F.);
#1212 = EDGE_CURVE('',#1203,#1170,#1213,.T.);
#1213 = CIRCLE('',#1214,3.);
#1214 = AXIS2_PLACEMENT_3D('',#1215,#1216,#1217);
#1215 = CARTESIAN_POINT('',(17.,-13.75,83.));
#1216 = DIRECTION('',(0.,1.,0.));
#1217 = DIRECTION('',(0.,-0.,1.));
#1218 = PLANE('',#1219);
#1219 = AXIS2_PLACEMENT_3D('',#1220,#1221,#1222);
#1220 = CARTESIAN_POINT('',(-17.,-13.75,80.));
#1221 = DIRECTION('',(-0.,1.,0.));
#1222 = DIRECTION('',(0.,0.,1.));
#1223 = ADVANCED_FACE('',(#1224),#1258,.F.);
#1224 = FACE_BOUND('',#1225,.F.);
#1225 = EDGE_LOOP('',(#1226,#1236,#1242,#1243,#1244,#1252));
#1226 = ORIENTED_EDGE('',*,*,#1227,.F.);
#1227 = EDGE_CURVE('',#1228,#1230,#1232,.T.);
#1228 = VERTEX_POINT('',#1229);
#1229 = CARTESIAN_POINT('',(-17.,-13.75,80.));
#1230 = VERTEX_POINT('',#1231);
#1231 = CARTESIAN_POINT('',(-17.,-11.25,80.));
#1232 = LINE('',#1233,#1234);
#1233 = CARTESIAN_POINT('',(-17.,-13.75,80.));
#1234 = VECTOR('',#1235,1.);
#1235 = DIRECTION('',(-0.,1.,0.));
#1236 = ORIENTED_EDGE('',*,*,#1237,.T.);
#1237 = EDGE_CURVE('',#1228,#1014,#1238,.T.);
#1238 = LINE('',#1239,#1240);
#1239 = CARTESIAN_POINT('',(-17.,-13.75,80.));
#1240 = VECTOR('',#1241,1.);
#1241 = DIRECTION('',(1.,0.,-0.));
#1242 = ORIENTED_EDGE('',*,*,#1021,.F.);
#1243 = ORIENTED_EDGE('',*,*,#1202,.T.);
#1244 = ORIENTED_EDGE('',*,*,#1245,.T.);
#1245 = EDGE_CURVE('',#1203,#1246,#1248,.T.);
#1246 = VERTEX_POINT('',#1247);
#1247 = CARTESIAN_POINT('',(17.,-11.25,80.));
#1248 = LINE('',#1249,#1250);
#1249 = CARTESIAN_POINT('',(17.,-13.75,80.));
#1250 = VECTOR('',#1251,1.);
#1251 = DIRECTION('',(-0.,1.,0.));
#1252 = ORIENTED_EDGE('',*,*,#1253,.F.);
#1253 = EDGE_CURVE('',#1230,#1246,#1254,.T.);
#1254 = LINE('',#1255,#1256);
#1255 = CARTESIAN_POINT('',(-17.,-11.25,80.));
#1256 = VECTOR('',#1257,1.);
#1257 = DIRECTION('',(1.,0.,-0.));
#1258 = PLANE('',#1259);
#1259 = AXIS2_PLACEMENT_3D('',#1260,#1261,#1262);
#1260 = CARTESIAN_POINT('',(-17.,-13.75,80.));
#1261 = DIRECTION('',(0.,0.,1.));
#1262 = DIRECTION('',(1.,0.,-0.));
#1263 = ADVANCED_FACE('',(#1264),#1276,.F.);
#1264 = FACE_BOUND('',#1265,.F.);
#1265 = EDGE_LOOP('',(#1266,#1267,#1274,#1275));
#1266 = ORIENTED_EDGE('',*,*,#1237,.F.);
#1267 = ORIENTED_EDGE('',*,*,#1268,.F.);
#1268 = EDGE_CURVE('',#1111,#1228,#1269,.T.);
#1269 = CIRCLE('',#1270,3.);
#1270 = AXIS2_PLACEMENT_3D('',#1271,#1272,#1273);
#1271 = CARTESIAN_POINT('',(-17.,-13.75,83.));
#1272 = DIRECTION('',(0.,1.,0.));
#1273 = DIRECTION('',(0.,-0.,1.));
#1274 = ORIENTED_EDGE('',*,*,#1110,.T.);
#1275 = ORIENTED_EDGE('',*,*,#1013,.F.);
#1276 = PLANE('',#1277);
#1277 = AXIS2_PLACEMENT_3D('',#1278,#1279,#1280);
#1278 = CARTESIAN_POINT('',(-17.,-13.75,80.));
#1279 = DIRECTION('',(-0.,1.,0.));
#1280 = DIRECTION('',(0.,0.,1.));
#1281 = ADVANCED_FACE('',(#1282),#1294,.T.);
#1282 = FACE_BOUND('',#1283,.T.);
#1283 = EDGE_LOOP('',(#1284,#1291,#1292,#1293));
#1284 = ORIENTED_EDGE('',*,*,#1285,.T.);
#1285 = EDGE_CURVE('',#988,#1078,#1286,.T.);
#1286 = CIRCLE('',#1287,1.8);
#1287 = AXIS2_PLACEMENT_3D('',#1288,#1289,#1290);
#1288 = CARTESIAN_POINT('',(0.,-14.,90.));
#1289 = DIRECTION('',(0.,1.,0.));
#1290 = DIRECTION('',(0.,-0.,1.));
#1291 = ORIENTED_EDGE('',*,*,#1077,.T.);
#1292 = ORIENTED_EDGE('',*,*,#1186,.F.);
#1293 = ORIENTED_EDGE('',*,*,#996,.T.);
#1294 = CYLINDRICAL_SURFACE('',#1295,1.8);
#1295 = AXIS2_PLACEMENT_3D('',#1296,#1297,#1298);
#1296 = CARTESIAN_POINT('',(0.,-14.,90.));
#1297 = DIRECTION('',(0.,1.,0.));
#1298 = DIRECTION('',(0.,-0.,1.));
#1299 = ADVANCED_FACE('',(#1300),#1309,.T.);
#1300 = FACE_BOUND('',#1301,.T.);
#1301 = EDGE_LOOP('',(#1302,#1303));
#1302 = ORIENTED_EDGE('',*,*,#987,.T.);
#1303 = ORIENTED_EDGE('',*,*,#1304,.T.);
#1304 = EDGE_CURVE('',#978,#988,#1305,.T.);
#1305 = LINE('',#1306,#1307);
#1306 = CARTESIAN_POINT('',(-7.122084023643E-17,-14.,90.));
#1307 = VECTOR('',#1308,1.);
#1308 = DIRECTION('',(-1.,0.,0.));
#1309 = PLANE('',#1310);
#1310 = AXIS2_PLACEMENT_3D('',#1311,#1312,#1313);
#1311 = CARTESIAN_POINT('',(-1.424416804729E-16,-14.,90.));
#1312 = DIRECTION('',(0.,0.,1.));
#1313 = DIRECTION('',(1.,0.,-0.));
#1314 = ADVANCED_FACE('',(#1315),#1320,.F.);
#1315 = FACE_BOUND('',#1316,.F.);
#1316 = EDGE_LOOP('',(#1317,#1318,#1319));
#1317 = ORIENTED_EDGE('',*,*,#1285,.T.);
#1318 = ORIENTED_EDGE('',*,*,#1087,.T.);
#1319 = ORIENTED_EDGE('',*,*,#1304,.T.);
#1320 = PLANE('',#1321);
#1321 = AXIS2_PLACEMENT_3D('',#1322,#1323,#1324);
#1322 = CARTESIAN_POINT('',(0.,-14.,90.));
#1323 = DIRECTION('',(0.,1.,0.));
#1324 = DIRECTION('',(0.,-0.,1.));
#1325 = ADVANCED_FACE('',(#1326),#1343,.F.);
#1326 = FACE_BOUND('',#1327,.F.);
#1327 = EDGE_LOOP('',(#1328,#1336,#1337));
#1328 = ORIENTED_EDGE('',*,*,#1329,.F.);
#1329 = EDGE_CURVE('',#1170,#1330,#1332,.T.);
#1330 = VERTEX_POINT('',#1331);
#1331 = CARTESIAN_POINT('',(17.,-13.75,83.));
#1332 = LINE('',#1333,#1334);
#1333 = CARTESIAN_POINT('',(-17.,-13.75,83.));
#1334 = VECTOR('',#1335,1.);
#1335 = DIRECTION('',(1.,0.,-0.));
#1336 = ORIENTED_EDGE('',*,*,#1169,.T.);
#1337 = ORIENTED_EDGE('',*,*,#1338,.F.);
#1338 = EDGE_CURVE('',#1330,#1162,#1339,.T.);
#1339 = LINE('',#1340,#1341);
#1340 = CARTESIAN_POINT('',(17.,-13.75,83.));
#1341 = VECTOR('',#1342,1.);
#1342 = DIRECTION('',(0.,0.,1.));
#1343 = PLANE('',#1344);
#1344 = AXIS2_PLACEMENT_3D('',#1345,#1346,#1347);
#1345 = CARTESIAN_POINT('',(-17.,-13.75,83.));
#1346 = DIRECTION('',(-0.,1.,0.));
#1347 = DIRECTION('',(0.,0.,1.));
#1348 = ADVANCED_FACE('',(#1349),#1376,.F.);
#1349 = FACE_BOUND('',#1350,.F.);
#1350 = EDGE_LOOP('',(#1351,#1360,#1361,#1370));
#1351 = ORIENTED_EDGE('',*,*,#1352,.F.);
#1352 = EDGE_CURVE('',#1162,#1353,#1355,.T.);
#1353 = VERTEX_POINT('',#1354);
#1354 = CARTESIAN_POINT('',(20.,-13.75,83.));
#1355 = CIRCLE('',#1356,3.);
#1356 = AXIS2_PLACEMENT_3D('',#1357,#1358,#1359);
#1357 = CARTESIAN_POINT('',(17.,-13.75,83.));
#1358 = DIRECTION('',(0.,1.,0.));
#1359 = DIRECTION('',(0.,-0.,1.));
#1360 = ORIENTED_EDGE('',*,*,#1161,.T.);
#1361 = ORIENTED_EDGE('',*,*,#1362,.F.);
#1362 = EDGE_CURVE('',#1363,#1153,#1365,.T.);
#1363 = VERTEX_POINT('',#1364);
#1364 = CARTESIAN_POINT('',(20.,-13.75,97.));
#1365 = CIRCLE('',#1366,3.);
#1366 = AXIS2_PLACEMENT_3D('',#1367,#1368,#1369);
#1367 = CARTESIAN_POINT('',(17.,-13.75,97.));
#1368 = DIRECTION('',(0.,1.,0.));
#1369 = DIRECTION('',(0.,-0.,1.));
#1370 = ORIENTED_EDGE('',*,*,#1371,.F.);
#1371 = EDGE_CURVE('',#1353,#1363,#1372,.T.);
#1372 = LINE('',#1373,#1374);
#1373 = CARTESIAN_POINT('',(20.,-13.75,83.));
#1374 = VECTOR('',#1375,1.);
#1375 = DIRECTION('',(0.,0.,1.));
#1376 = PLANE('',#1377);
#1377 = AXIS2_PLACEMENT_3D('',#1378,#1379,#1380);
#1378 = CARTESIAN_POINT('',(-20.,-13.75,83.));
#1379 = DIRECTION('',(-0.,1.,0.));
#1380 = DIRECTION('',(0.,0.,1.));
#1381 = ADVANCED_FACE('',(#1382),#1399,.F.);
#1382 = FACE_BOUND('',#1383,.F.);
#1383 = EDGE_LOOP('',(#1384,#1392,#1393));
#1384 = ORIENTED_EDGE('',*,*,#1385,.F.);
#1385 = EDGE_CURVE('',#1153,#1386,#1388,.T.);
#1386 = VERTEX_POINT('',#1387);
#1387 = CARTESIAN_POINT('',(17.,-13.75,97.));
#1388 = LINE('',#1389,#1390);
#1389 = CARTESIAN_POINT('',(17.,-13.75,83.));
#1390 = VECTOR('',#1391,1.);
#1391 = DIRECTION('',(0.,0.,1.));
#1392 = ORIENTED_EDGE('',*,*,#1152,.T.);
#1393 = ORIENTED_EDGE('',*,*,#1394,.T.);
#1394 = EDGE_CURVE('',#1145,#1386,#1395,.T.);
#1395 = LINE('',#1396,#1397);
#1396 = CARTESIAN_POINT('',(-17.,-13.75,97.));
#1397 = VECTOR('',#1398,1.);
#1398 = DIRECTION('',(1.,0.,-0.));
#1399 = PLANE('',#1400);
#1400 = AXIS2_PLACEMENT_3D('',#1401,#1402,#1403);
#1401 = CARTESIAN_POINT('',(-17.,-13.75,83.));
#1402 = DIRECTION('',(-0.,1.,0.));
#1403 = DIRECTION('',(0.,0.,1.));
#1404 = ADVANCED_FACE('',(#1405),#1432,.F.);
#1405 = FACE_BOUND('',#1406,.F.);
#1406 = EDGE_LOOP('',(#1407,#1408,#1417,#1425));
#1407 = ORIENTED_EDGE('',*,*,#1144,.F.);
#1408 = ORIENTED_EDGE('',*,*,#1409,.F.);
#1409 = EDGE_CURVE('',#1410,#1136,#1412,.T.);
#1410 = VERTEX_POINT('',#1411);
#1411 = CARTESIAN_POINT('',(-17.,-13.75,100.));
#1412 = CIRCLE('',#1413,3.);
#1413 = AXIS2_PLACEMENT_3D('',#1414,#1415,#1416);
#1414 = CARTESIAN_POINT('',(-17.,-13.75,97.));
#1415 = DIRECTION('',(0.,1.,0.));
#1416 = DIRECTION('',(0.,-0.,1.));
#1417 = ORIENTED_EDGE('',*,*,#1418,.T.);
#1418 = EDGE_CURVE('',#1410,#1419,#1421,.T.);
#1419 = VERTEX_POINT('',#1420);
#1420 = CARTESIAN_POINT('',(17.,-13.75,100.));
#1421 = LINE('',#1422,#1423);
#1422 = CARTESIAN_POINT('',(-17.,-13.75,100.));
#1423 = VECTOR('',#1424,1.);
#1424 = DIRECTION('',(1.,0.,-0.));
#1425 = ORIENTED_EDGE('',*,*,#1426,.F.);
#1426 = EDGE_CURVE('',#1145,#1419,#1427,.T.);
#1427 = CIRCLE('',#1428,3.);
#1428 = AXIS2_PLACEMENT_3D('',#1429,#1430,#1431);
#1429 = CARTESIAN_POINT('',(17.,-13.75,97.));
#1430 = DIRECTION('',(0.,1.,0.));
#1431 = DIRECTION('',(0.,-0.,1.));
#1432 = PLANE('',#1433);
#1433 = AXIS2_PLACEMENT_3D('',#1434,#1435,#1436);
#1434 = CARTESIAN_POINT('',(-17.,-13.75,80.));
#1435 = DIRECTION('',(-0.,1.,0.));
#1436 = DIRECTION('',(0.,0.,1.));
#1437 = ADVANCED_FACE('',(#1438),#1455,.F.);
#1438 = FACE_BOUND('',#1439,.F.);
#1439 = EDGE_LOOP('',(#1440,#1441,#1449));
#1440 = ORIENTED_EDGE('',*,*,#1135,.T.);
#1441 = ORIENTED_EDGE('',*,*,#1442,.T.);
#1442 = EDGE_CURVE('',#1128,#1443,#1445,.T.);
#1443 = VERTEX_POINT('',#1444);
#1444 = CARTESIAN_POINT('',(-17.,-13.75,97.));
#1445 = LINE('',#1446,#1447);
#1446 = CARTESIAN_POINT('',(-17.,-13.75,83.));
#1447 = VECTOR('',#1448,1.);
#1448 = DIRECTION('',(0.,0.,1.));
#1449 = ORIENTED_EDGE('',*,*,#1450,.T.);
#1450 = EDGE_CURVE('',#1443,#1136,#1451,.T.);
#1451 = LINE('',#1452,#1453);
#1452 = CARTESIAN_POINT('',(-17.,-13.75,97.));
#1453 = VECTOR('',#1454,1.);
#1454 = DIRECTION('',(1.,0.,-0.));
#1455 = PLANE('',#1456);
#1456 = AXIS2_PLACEMENT_3D('',#1457,#1458,#1459);
#1457 = CARTESIAN_POINT('',(-17.,-13.75,83.));
#1458 = DIRECTION('',(-0.,1.,0.));
#1459 = DIRECTION('',(0.,0.,1.));
#1460 = ADVANCED_FACE('',(#1461),#1488,.F.);
#1461 = FACE_BOUND('',#1462,.F.);
#1462 = EDGE_LOOP('',(#1463,#1472,#1480,#1487));
#1463 = ORIENTED_EDGE('',*,*,#1464,.F.);
#1464 = EDGE_CURVE('',#1465,#1119,#1467,.T.);
#1465 = VERTEX_POINT('',#1466);
#1466 = CARTESIAN_POINT('',(-20.,-13.75,83.));
#1467 = CIRCLE('',#1468,3.);
#1468 = AXIS2_PLACEMENT_3D('',#1469,#1470,#1471);
#1469 = CARTESIAN_POINT('',(-17.,-13.75,83.));
#1470 = DIRECTION('',(0.,1.,0.));
#1471 = DIRECTION('',(0.,-0.,1.));
#1472 = ORIENTED_EDGE('',*,*,#1473,.T.);
#1473 = EDGE_CURVE('',#1465,#1474,#1476,.T.);
#1474 = VERTEX_POINT('',#1475);
#1475 = CARTESIAN_POINT('',(-20.,-13.75,97.));
#1476 = LINE('',#1477,#1478);
#1477 = CARTESIAN_POINT('',(-20.,-13.75,83.));
#1478 = VECTOR('',#1479,1.);
#1479 = DIRECTION('',(0.,0.,1.));
#1480 = ORIENTED_EDGE('',*,*,#1481,.F.);
#1481 = EDGE_CURVE('',#1128,#1474,#1482,.T.);
#1482 = CIRCLE('',#1483,3.);
#1483 = AXIS2_PLACEMENT_3D('',#1484,#1485,#1486);
#1484 = CARTESIAN_POINT('',(-17.,-13.75,97.));
#1485 = DIRECTION('',(0.,1.,0.));
#1486 = DIRECTION('',(0.,-0.,1.));
#1487 = ORIENTED_EDGE('',*,*,#1127,.F.);
#1488 = PLANE('',#1489);
#1489 = AXIS2_PLACEMENT_3D('',#1490,#1491,#1492);
#1490 = CARTESIAN_POINT('',(-20.,-13.75,83.));
#1491 = DIRECTION('',(-0.,1.,0.));
#1492 = DIRECTION('',(0.,0.,1.));
#1493 = ADVANCED_FACE('',(#1494),#1511,.F.);
#1494 = FACE_BOUND('',#1495,.F.);
#1495 = EDGE_LOOP('',(#1496,#1504,#1510));
#1496 = ORIENTED_EDGE('',*,*,#1497,.F.);
#1497 = EDGE_CURVE('',#1498,#1111,#1500,.T.);
#1498 = VERTEX_POINT('',#1499);
#1499 = CARTESIAN_POINT('',(-17.,-13.75,83.));
#1500 = LINE('',#1501,#1502);
#1501 = CARTESIAN_POINT('',(-17.,-13.75,83.));
#1502 = VECTOR('',#1503,1.);
#1503 = DIRECTION('',(1.,0.,-0.));
#1504 = ORIENTED_EDGE('',*,*,#1505,.T.);
#1505 = EDGE_CURVE('',#1498,#1119,#1506,.T.);
#1506 = LINE('',#1507,#1508);
#1507 = CARTESIAN_POINT('',(-17.,-13.75,83.));
#1508 = VECTOR('',#1509,1.);
#1509 = DIRECTION('',(0.,0.,1.));
#1510 = ORIENTED_EDGE('',*,*,#1118,.T.);
#1511 = PLANE('',#1512);
#1512 = AXIS2_PLACEMENT_3D('',#1513,#1514,#1515);
#1513 = CARTESIAN_POINT('',(-17.,-13.75,83.));
#1514 = DIRECTION('',(-0.,1.,0.));
#1515 = DIRECTION('',(0.,0.,1.));
#1516 = ADVANCED_FACE('',(#1517),#1527,.F.);
#1517 = FACE_BOUND('',#1518,.F.);
#1518 = EDGE_LOOP('',(#1519,#1525,#1526));
#1519 = ORIENTED_EDGE('',*,*,#1520,.F.);
#1520 = EDGE_CURVE('',#1203,#1330,#1521,.T.);
#1521 = LINE('',#1522,#1523);
#1522 = CARTESIAN_POINT('',(17.,-13.75,80.));
#1523 = VECTOR('',#1524,1.);
#1524 = DIRECTION('',(0.,0.,1.));
#1525 = ORIENTED_EDGE('',*,*,#1212,.T.);
#1526 = ORIENTED_EDGE('',*,*,#1329,.T.);
#1527 = PLANE('',#1528);
#1528 = AXIS2_PLACEMENT_3D('',#1529,#1530,#1531);
#1529 = CARTESIAN_POINT('',(-17.,-13.75,80.));
#1530 = DIRECTION('',(-0.,1.,0.));
#1531 = DIRECTION('',(0.,0.,1.));
#1532 = ADVANCED_FACE('',(#1533),#1558,.T.);
#1533 = FACE_BOUND('',#1534,.T.);
#1534 = EDGE_LOOP('',(#1535,#1544,#1545,#1552));
#1535 = ORIENTED_EDGE('',*,*,#1536,.F.);
#1536 = EDGE_CURVE('',#1230,#1537,#1539,.T.);
#1537 = VERTEX_POINT('',#1538);
#1538 = CARTESIAN_POINT('',(-20.,-11.25,83.));
#1539 = CIRCLE('',#1540,3.);
#1540 = AXIS2_PLACEMENT_3D('',#1541,#1542,#1543);
#1541 = CARTESIAN_POINT('',(-17.,-11.25,83.));
#1542 = DIRECTION('',(0.,1.,0.));
#1543 = DIRECTION('',(0.,-0.,1.));
#1544 = ORIENTED_EDGE('',*,*,#1227,.F.);
#1545 = ORIENTED_EDGE('',*,*,#1546,.T.);
#1546 = EDGE_CURVE('',#1228,#1465,#1547,.T.);
#1547 = CIRCLE('',#1548,3.);
#1548 = AXIS2_PLACEMENT_3D('',#1549,#1550,#1551);
#1549 = CARTESIAN_POINT('',(-17.,-13.75,83.));
#1550 = DIRECTION('',(0.,1.,0.));
#1551 = DIRECTION('',(0.,-0.,1.));
#1552 = ORIENTED_EDGE('',*,*,#1553,.T.);
#1553 = EDGE_CURVE('',#1465,#1537,#1554,.T.);
#1554 = LINE('',#1555,#1556);
#1555 = CARTESIAN_POINT('',(-20.,-13.75,83.));
#1556 = VECTOR('',#1557,1.);
#1557 = DIRECTION('',(-0.,1.,0.));
#1558 = CYLINDRICAL_SURFACE('',#1559,3.);
#1559 = AXIS2_PLACEMENT_3D('',#1560,#1561,#1562);
#1560 = CARTESIAN_POINT('',(-17.,-13.75,83.));
#1561 = DIRECTION('',(0.,1.,0.));
#1562 = DIRECTION('',(0.,-0.,1.));
#1563 = ADVANCED_FACE('',(#1564),#1591,.T.);
#1564 = FACE_BOUND('',#1565,.T.);
#1565 = EDGE_LOOP('',(#1566,#1567,#1576,#1584));
#1566 = ORIENTED_EDGE('',*,*,#1253,.F.);
#1567 = ORIENTED_EDGE('',*,*,#1568,.F.);
#1568 = EDGE_CURVE('',#1569,#1230,#1571,.T.);
#1569 = VERTEX_POINT('',#1570);
#1570 = CARTESIAN_POINT('',(-14.,-11.25,83.));
#1571 = CIRCLE('',#1572,3.);
#1572 = AXIS2_PLACEMENT_3D('',#1573,#1574,#1575);
#1573 = CARTESIAN_POINT('',(-17.,-11.25,83.));
#1574 = DIRECTION('',(0.,1.,0.));
#1575 = DIRECTION('',(0.,-0.,1.));
#1576 = ORIENTED_EDGE('',*,*,#1577,.T.);
#1577 = EDGE_CURVE('',#1569,#1578,#1580,.T.);
#1578 = VERTEX_POINT('',#1579);
#1579 = CARTESIAN_POINT('',(14.,-11.25,83.));
#1580 = LINE('',#1581,#1582);
#1581 = CARTESIAN_POINT('',(-17.,-11.25,83.));
#1582 = VECTOR('',#1583,1.);
#1583 = DIRECTION('',(1.,0.,-0.));
#1584 = ORIENTED_EDGE('',*,*,#1585,.F.);
#1585 = EDGE_CURVE('',#1246,#1578,#1586,.T.);
#1586 = CIRCLE('',#1587,3.);
#1587 = AXIS2_PLACEMENT_3D('',#1588,#1589,#1590);
#1588 = CARTESIAN_POINT('',(17.,-11.25,83.));
#1589 = DIRECTION('',(0.,1.,0.));
#1590 = DIRECTION('',(0.,-0.,1.));
#1591 = PLANE('',#1592);
#1592 = AXIS2_PLACEMENT_3D('',#1593,#1594,#1595);
#1593 = CARTESIAN_POINT('',(-17.,-11.25,80.));
#1594 = DIRECTION('',(-0.,1.,0.));
#1595 = DIRECTION('',(0.,0.,1.));
#1596 = ADVANCED_FACE('',(#1597),#1622,.T.);
#1597 = FACE_BOUND('',#1598,.T.);
#1598 = EDGE_LOOP('',(#1599,#1608,#1614,#1621));
#1599 = ORIENTED_EDGE('',*,*,#1600,.F.);
#1600 = EDGE_CURVE('',#1601,#1246,#1603,.T.);
#1601 = VERTEX_POINT('',#1602);
#1602 = CARTESIAN_POINT('',(20.,-11.25,83.));
#1603 = CIRCLE('',#1604,3.);
#1604 = AXIS2_PLACEMENT_3D('',#1605,#1606,#1607);
#1605 = CARTESIAN_POINT('',(17.,-11.25,83.));
#1606 = DIRECTION('',(0.,1.,0.));
#1607 = DIRECTION('',(0.,-0.,1.));
#1608 = ORIENTED_EDGE('',*,*,#1609,.F.);
#1609 = EDGE_CURVE('',#1353,#1601,#1610,.T.);
#1610 = LINE('',#1611,#1612);
#1611 = CARTESIAN_POINT('',(20.,-13.75,83.));
#1612 = VECTOR('',#1613,1.);
#1613 = DIRECTION('',(-0.,1.,0.));
#1614 = ORIENTED_EDGE('',*,*,#1615,.T.);
#1615 = EDGE_CURVE('',#1353,#1203,#1616,.T.);
#1616 = CIRCLE('',#1617,3.);
#1617 = AXIS2_PLACEMENT_3D('',#1618,#1619,#1620);
#1618 = CARTESIAN_POINT('',(17.,-13.75,83.));
#1619 = DIRECTION('',(0.,1.,0.));
#1620 = DIRECTION('',(0.,-0.,1.));
#1621 = ORIENTED_EDGE('',*,*,#1245,.T.);
#1622 = CYLINDRICAL_SURFACE('',#1623,3.);
#1623 = AXIS2_PLACEMENT_3D('',#1624,#1625,#1626);
#1624 = CARTESIAN_POINT('',(17.,-13.75,83.));
#1625 = DIRECTION('',(0.,1.,0.));
#1626 = DIRECTION('',(0.,-0.,1.));
#1627 = ADVANCED_FACE('',(#1628),#1638,.F.);
#1628 = FACE_BOUND('',#1629,.F.);
#1629 = EDGE_LOOP('',(#1630,#1631,#1637));
#1630 = ORIENTED_EDGE('',*,*,#1268,.T.);
#1631 = ORIENTED_EDGE('',*,*,#1632,.T.);
#1632 = EDGE_CURVE('',#1228,#1498,#1633,.T.);
#1633 = LINE('',#1634,#1635);
#1634 = CARTESIAN_POINT('',(-17.,-13.75,80.));
#1635 = VECTOR('',#1636,1.);
#1636 = DIRECTION('',(0.,0.,1.));
#1637 = ORIENTED_EDGE('',*,*,#1497,.T.);
#1638 = PLANE('',#1639);
#1639 = AXIS2_PLACEMENT_3D('',#1640,#1641,#1642);
#1640 = CARTESIAN_POINT('',(-17.,-13.75,80.));
#1641 = DIRECTION('',(-0.,1.,0.));
#1642 = DIRECTION('',(0.,0.,1.));
#1643 = ADVANCED_FACE('',(#1644),#1654,.F.);
#1644 = FACE_BOUND('',#1645,.F.);
#1645 = EDGE_LOOP('',(#1646,#1652,#1653));
#1646 = ORIENTED_EDGE('',*,*,#1647,.F.);
#1647 = EDGE_CURVE('',#1330,#1353,#1648,.T.);
#1648 = LINE('',#1649,#1650);
#1649 = CARTESIAN_POINT('',(-20.,-13.75,83.));
#1650 = VECTOR('',#1651,1.);
#1651 = DIRECTION('',(1.,0.,-0.));
#1652 = ORIENTED_EDGE('',*,*,#1338,.T.);
#1653 = ORIENTED_EDGE('',*,*,#1352,.T.);
#1654 = PLANE('',#1655);
#1655 = AXIS2_PLACEMENT_3D('',#1656,#1657,#1658);
#1656 = CARTESIAN_POINT('',(-20.,-13.75,83.));
#1657 = DIRECTION('',(-0.,1.,0.));
#1658 = DIRECTION('',(0.,0.,1.));
#1659 = ADVANCED_FACE('',(#1660),#1678,.T.);
#1660 = FACE_BOUND('',#1661,.T.);
#1661 = EDGE_LOOP('',(#1662,#1663,#1664,#1672));
#1662 = ORIENTED_EDGE('',*,*,#1371,.F.);
#1663 = ORIENTED_EDGE('',*,*,#1609,.T.);
#1664 = ORIENTED_EDGE('',*,*,#1665,.T.);
#1665 = EDGE_CURVE('',#1601,#1666,#1668,.T.);
#1666 = VERTEX_POINT('',#1667);
#1667 = CARTESIAN_POINT('',(20.,-11.25,97.));
#1668 = LINE('',#1669,#1670);
#1669 = CARTESIAN_POINT('',(20.,-11.25,83.));
#1670 = VECTOR('',#1671,1.);
#1671 = DIRECTION('',(0.,0.,1.));
#1672 = ORIENTED_EDGE('',*,*,#1673,.F.);
#1673 = EDGE_CURVE('',#1363,#1666,#1674,.T.);
#1674 = LINE('',#1675,#1676);
#1675 = CARTESIAN_POINT('',(20.,-13.75,97.));
#1676 = VECTOR('',#1677,1.);
#1677 = DIRECTION('',(-0.,1.,0.));
#1678 = PLANE('',#1679);
#1679 = AXIS2_PLACEMENT_3D('',#1680,#1681,#1682);
#1680 = CARTESIAN_POINT('',(20.,-13.75,83.));
#1681 = DIRECTION('',(1.,0.,-0.));
#1682 = DIRECTION('',(0.,0.,1.));
#1683 = ADVANCED_FACE('',(#1684),#1694,.F.);
#1684 = FACE_BOUND('',#1685,.F.);
#1685 = EDGE_LOOP('',(#1686,#1687,#1688));
#1686 = ORIENTED_EDGE('',*,*,#1362,.T.);
#1687 = ORIENTED_EDGE('',*,*,#1385,.T.);
#1688 = ORIENTED_EDGE('',*,*,#1689,.T.);
#1689 = EDGE_CURVE('',#1386,#1363,#1690,.T.);
#1690 = LINE('',#1691,#1692);
#1691 = CARTESIAN_POINT('',(-20.,-13.75,97.));
#1692 = VECTOR('',#1693,1.);
#1693 = DIRECTION('',(1.,0.,-0.));
#1694 = PLANE('',#1695);
#1695 = AXIS2_PLACEMENT_3D('',#1696,#1697,#1698);
#1696 = CARTESIAN_POINT('',(-20.,-13.75,83.));
#1697 = DIRECTION('',(-0.,1.,0.));
#1698 = DIRECTION('',(0.,0.,1.));
#1699 = ADVANCED_FACE('',(#1700),#1710,.F.);
#1700 = FACE_BOUND('',#1701,.F.);
#1701 = EDGE_LOOP('',(#1702,#1708,#1709));
#1702 = ORIENTED_EDGE('',*,*,#1703,.F.);
#1703 = EDGE_CURVE('',#1386,#1419,#1704,.T.);
#1704 = LINE('',#1705,#1706);
#1705 = CARTESIAN_POINT('',(17.,-13.75,80.));
#1706 = VECTOR('',#1707,1.);
#1707 = DIRECTION('',(0.,0.,1.));
#1708 = ORIENTED_EDGE('',*,*,#1394,.F.);
#1709 = ORIENTED_EDGE('',*,*,#1426,.T.);
#1710 = PLANE('',#1711);
#1711 = AXIS2_PLACEMENT_3D('',#1712,#1713,#1714);
#1712 = CARTESIAN_POINT('',(-17.,-13.75,80.));
#1713 = DIRECTION('',(-0.,1.,0.));
#1714 = DIRECTION('',(0.,0.,1.));
#1715 = ADVANCED_FACE('',(#1716),#1741,.T.);
#1716 = FACE_BOUND('',#1717,.T.);
#1717 = EDGE_LOOP('',(#1718,#1726,#1727,#1735));
#1718 = ORIENTED_EDGE('',*,*,#1719,.F.);
#1719 = EDGE_CURVE('',#1410,#1720,#1722,.T.);
#1720 = VERTEX_POINT('',#1721);
#1721 = CARTESIAN_POINT('',(-17.,-11.25,100.));
#1722 = LINE('',#1723,#1724);
#1723 = CARTESIAN_POINT('',(-17.,-13.75,100.));
#1724 = VECTOR('',#1725,1.);
#1725 = DIRECTION('',(-0.,1.,0.));
#1726 = ORIENTED_EDGE('',*,*,#1418,.T.);
#1727 = ORIENTED_EDGE('',*,*,#1728,.T.);
#1728 = EDGE_CURVE('',#1419,#1729,#1731,.T.);
#1729 = VERTEX_POINT('',#1730);
#1730 = CARTESIAN_POINT('',(17.,-11.25,100.));
#1731 = LINE('',#1732,#1733);
#1732 = CARTESIAN_POINT('',(17.,-13.75,100.));
#1733 = VECTOR('',#1734,1.);
#1734 = DIRECTION('',(-0.,1.,0.));
#1735 = ORIENTED_EDGE('',*,*,#1736,.F.);
#1736 = EDGE_CURVE('',#1720,#1729,#1737,.T.);
#1737 = LINE('',#1738,#1739);
#1738 = CARTESIAN_POINT('',(-17.,-11.25,100.));
#1739 = VECTOR('',#1740,1.);
#1740 = DIRECTION('',(1.,0.,-0.));
#1741 = PLANE('',#1742);
#1742 = AXIS2_PLACEMENT_3D('',#1743,#1744,#1745);
#1743 = CARTESIAN_POINT('',(-17.,-13.75,100.));
#1744 = DIRECTION('',(0.,0.,1.));
#1745 = DIRECTION('',(1.,0.,-0.));
#1746 = ADVANCED_FACE('',(#1747),#1757,.F.);
#1747 = FACE_BOUND('',#1748,.F.);
#1748 = EDGE_LOOP('',(#1749,#1750,#1756));
#1749 = ORIENTED_EDGE('',*,*,#1450,.F.);
#1750 = ORIENTED_EDGE('',*,*,#1751,.T.);
#1751 = EDGE_CURVE('',#1443,#1410,#1752,.T.);
#1752 = LINE('',#1753,#1754);
#1753 = CARTESIAN_POINT('',(-17.,-13.75,80.));
#1754 = VECTOR('',#1755,1.);
#1755 = DIRECTION('',(0.,0.,1.));
#1756 = ORIENTED_EDGE('',*,*,#1409,.T.);
#1757 = PLANE('',#1758);
#1758 = AXIS2_PLACEMENT_3D('',#1759,#1760,#1761);
#1759 = CARTESIAN_POINT('',(-17.,-13.75,80.));
#1760 = DIRECTION('',(-0.,1.,0.));
#1761 = DIRECTION('',(0.,0.,1.));
#1762 = ADVANCED_FACE('',(#1763),#1773,.F.);
#1763 = FACE_BOUND('',#1764,.F.);
#1764 = EDGE_LOOP('',(#1765,#1766,#1772));
#1765 = ORIENTED_EDGE('',*,*,#1481,.T.);
#1766 = ORIENTED_EDGE('',*,*,#1767,.T.);
#1767 = EDGE_CURVE('',#1474,#1443,#1768,.T.);
#1768 = LINE('',#1769,#1770);
#1769 = CARTESIAN_POINT('',(-20.,-13.75,97.));
#1770 = VECTOR('',#1771,1.);
#1771 = DIRECTION('',(1.,0.,-0.));
#1772 = ORIENTED_EDGE('',*,*,#1442,.F.);
#1773 = PLANE('',#1774);
#1774 = AXIS2_PLACEMENT_3D('',#1775,#1776,#1777);
#1775 = CARTESIAN_POINT('',(-20.,-13.75,83.));
#1776 = DIRECTION('',(-0.,1.,0.));
#1777 = DIRECTION('',(0.,0.,1.));
#1778 = ADVANCED_FACE('',(#1779),#1789,.F.);
#1779 = FACE_BOUND('',#1780,.F.);
#1780 = EDGE_LOOP('',(#1781,#1787,#1788));
#1781 = ORIENTED_EDGE('',*,*,#1782,.F.);
#1782 = EDGE_CURVE('',#1465,#1498,#1783,.T.);
#1783 = LINE('',#1784,#1785);
#1784 = CARTESIAN_POINT('',(-20.,-13.75,83.));
#1785 = VECTOR('',#1786,1.);
#1786 = DIRECTION('',(1.,0.,-0.));
#1787 = ORIENTED_EDGE('',*,*,#1464,.T.);
#1788 = ORIENTED_EDGE('',*,*,#1505,.F.);
#1789 = PLANE('',#1790);
#1790 = AXIS2_PLACEMENT_3D('',#1791,#1792,#1793);
#1791 = CARTESIAN_POINT('',(-20.,-13.75,83.));
#1792 = DIRECTION('',(-0.,1.,0.));
#1793 = DIRECTION('',(0.,0.,1.));
#1794 = ADVANCED_FACE('',(#1795),#1813,.F.);
#1795 = FACE_BOUND('',#1796,.F.);
#1796 = EDGE_LOOP('',(#1797,#1798,#1799,#1807));
#1797 = ORIENTED_EDGE('',*,*,#1473,.F.);
#1798 = ORIENTED_EDGE('',*,*,#1553,.T.);
#1799 = ORIENTED_EDGE('',*,*,#1800,.T.);
#1800 = EDGE_CURVE('',#1537,#1801,#1803,.T.);
#1801 = VERTEX_POINT('',#1802);
#1802 = CARTESIAN_POINT('',(-20.,-11.25,97.));
#1803 = LINE('',#1804,#1805);
#1804 = CARTESIAN_POINT('',(-20.,-11.25,83.));
#1805 = VECTOR('',#1806,1.);
#1806 = DIRECTION('',(0.,0.,1.));
#1807 = ORIENTED_EDGE('',*,*,#1808,.F.);
#1808 = EDGE_CURVE('',#1474,#1801,#1809,.T.);
#1809 = LINE('',#1810,#1811);
#1810 = CARTESIAN_POINT('',(-20.,-13.75,97.));
#1811 = VECTOR('',#1812,1.);
#1812 = DIRECTION('',(-0.,1.,0.));
#1813 = PLANE('',#1814);
#1814 = AXIS2_PLACEMENT_3D('',#1815,#1816,#1817);
#1815 = CARTESIAN_POINT('',(-20.,-13.75,83.));
#1816 = DIRECTION('',(1.,0.,-0.));
#1817 = DIRECTION('',(0.,0.,1.));
#1818 = ADVANCED_FACE('',(#1819),#1824,.F.);
#1819 = FACE_BOUND('',#1820,.F.);
#1820 = EDGE_LOOP('',(#1821,#1822,#1823));
#1821 = ORIENTED_EDGE('',*,*,#1647,.T.);
#1822 = ORIENTED_EDGE('',*,*,#1615,.T.);
#1823 = ORIENTED_EDGE('',*,*,#1520,.T.);
#1824 = PLANE('',#1825);
#1825 = AXIS2_PLACEMENT_3D('',#1826,#1827,#1828);
#1826 = CARTESIAN_POINT('',(17.,-13.75,83.));
#1827 = DIRECTION('',(0.,1.,0.));
#1828 = DIRECTION('',(0.,-0.,1.));
#1829 = ADVANCED_FACE('',(#1830),#1847,.T.);
#1830 = FACE_BOUND('',#1831,.T.);
#1831 = EDGE_LOOP('',(#1832,#1840,#1841));
#1832 = ORIENTED_EDGE('',*,*,#1833,.F.);
#1833 = EDGE_CURVE('',#1230,#1834,#1836,.T.);
#1834 = VERTEX_POINT('',#1835);
#1835 = CARTESIAN_POINT('',(-17.,-11.25,83.));
#1836 = LINE('',#1837,#1838);
#1837 = CARTESIAN_POINT('',(-17.,-11.25,80.));
#1838 = VECTOR('',#1839,1.);
#1839 = DIRECTION('',(0.,0.,1.));
#1840 = ORIENTED_EDGE('',*,*,#1536,.T.);
#1841 = ORIENTED_EDGE('',*,*,#1842,.T.);
#1842 = EDGE_CURVE('',#1537,#1834,#1843,.T.);
#1843 = LINE('',#1844,#1845);
#1844 = CARTESIAN_POINT('',(-20.,-11.25,83.));
#1845 = VECTOR('',#1846,1.);
#1846 = DIRECTION('',(1.,0.,-0.));
#1847 = PLANE('',#1848);
#1848 = AXIS2_PLACEMENT_3D('',#1849,#1850,#1851);
#1849 = CARTESIAN_POINT('',(-17.,-11.25,83.));
#1850 = DIRECTION('',(0.,1.,0.));
#1851 = DIRECTION('',(0.,-0.,1.));
#1852 = ADVANCED_FACE('',(#1853),#1858,.F.);
#1853 = FACE_BOUND('',#1854,.F.);
#1854 = EDGE_LOOP('',(#1855,#1856,#1857));
#1855 = ORIENTED_EDGE('',*,*,#1632,.F.);
#1856 = ORIENTED_EDGE('',*,*,#1546,.T.);
#1857 = ORIENTED_EDGE('',*,*,#1782,.T.);
#1858 = PLANE('',#1859);
#1859 = AXIS2_PLACEMENT_3D('',#1860,#1861,#1862);
#1860 = CARTESIAN_POINT('',(-17.,-13.75,83.));
#1861 = DIRECTION('',(0.,1.,0.));
#1862 = DIRECTION('',(0.,-0.,1.));
#1863 = ADVANCED_FACE('',(#1864),#1881,.T.);
#1864 = FACE_BOUND('',#1865,.T.);
#1865 = EDGE_LOOP('',(#1866,#1874,#1875));
#1866 = ORIENTED_EDGE('',*,*,#1867,.F.);
#1867 = EDGE_CURVE('',#1246,#1868,#1870,.T.);
#1868 = VERTEX_POINT('',#1869);
#1869 = CARTESIAN_POINT('',(17.,-11.25,83.));
#1870 = LINE('',#1871,#1872);
#1871 = CARTESIAN_POINT('',(17.,-11.25,80.));
#1872 = VECTOR('',#1873,1.);
#1873 = DIRECTION('',(0.,0.,1.));
#1874 = ORIENTED_EDGE('',*,*,#1585,.T.);
#1875 = ORIENTED_EDGE('',*,*,#1876,.T.);
#1876 = EDGE_CURVE('',#1578,#1868,#1877,.T.);
#1877 = LINE('',#1878,#1879);
#1878 = CARTESIAN_POINT('',(-17.,-11.25,83.));
#1879 = VECTOR('',#1880,1.);
#1880 = DIRECTION('',(1.,0.,-0.));
#1881 = PLANE('',#1882);
#1882 = AXIS2_PLACEMENT_3D('',#1883,#1884,#1885);
#1883 = CARTESIAN_POINT('',(-17.,-11.25,80.));
#1884 = DIRECTION('',(-0.,1.,0.));
#1885 = DIRECTION('',(0.,0.,1.));
#1886 = ADVANCED_FACE('',(#1887,#1948),#1959,.T.);
#1887 = FACE_BOUND('',#1888,.T.);
#1888 = EDGE_LOOP('',(#1889,#1890,#1899,#1907,#1916,#1924,#1933,#1941));
#1889 = ORIENTED_EDGE('',*,*,#1577,.F.);
#1890 = ORIENTED_EDGE('',*,*,#1891,.F.);
#1891 = EDGE_CURVE('',#1892,#1569,#1894,.T.);
#1892 = VERTEX_POINT('',#1893);
#1893 = CARTESIAN_POINT('',(-17.,-11.25,86.));
#1894 = CIRCLE('',#1895,3.);
#1895 = AXIS2_PLACEMENT_3D('',#1896,#1897,#1898);
#1896 = CARTESIAN_POINT('',(-17.,-11.25,83.));
#1897 = DIRECTION('',(0.,1.,0.));
#1898 = DIRECTION('',(0.,-0.,1.));
#1899 = ORIENTED_EDGE('',*,*,#1900,.T.);
#1900 = EDGE_CURVE('',#1892,#1901,#1903,.T.);
#1901 = VERTEX_POINT('',#1902);
#1902 = CARTESIAN_POINT('',(-17.,-11.25,94.));
#1903 = LINE('',#1904,#1905);
#1904 = CARTESIAN_POINT('',(-17.,-11.25,83.));
#1905 = VECTOR('',#1906,1.);
#1906 = DIRECTION('',(0.,0.,1.));
#1907 = ORIENTED_EDGE('',*,*,#1908,.F.);
#1908 = EDGE_CURVE('',#1909,#1901,#1911,.T.);
#1909 = VERTEX_POINT('',#1910);
#1910 = CARTESIAN_POINT('',(-14.,-11.25,97.));
#1911 = CIRCLE('',#1912,3.);
#1912 = AXIS2_PLACEMENT_3D('',#1913,#1914,#1915);
#1913 = CARTESIAN_POINT('',(-17.,-11.25,97.));
#1914 = DIRECTION('',(0.,1.,0.));
#1915 = DIRECTION('',(0.,-0.,1.));
#1916 = ORIENTED_EDGE('',*,*,#1917,.T.);
#1917 = EDGE_CURVE('',#1909,#1918,#1920,.T.);
#1918 = VERTEX_POINT('',#1919);
#1919 = CARTESIAN_POINT('',(14.,-11.25,97.));
#1920 = LINE('',#1921,#1922);
#1921 = CARTESIAN_POINT('',(-17.,-11.25,97.));
#1922 = VECTOR('',#1923,1.);
#1923 = DIRECTION('',(1.,0.,-0.));
#1924 = ORIENTED_EDGE('',*,*,#1925,.F.);
#1925 = EDGE_CURVE('',#1926,#1918,#1928,.T.);
#1926 = VERTEX_POINT('',#1927);
#1927 = CARTESIAN_POINT('',(17.,-11.25,94.));
#1928 = CIRCLE('',#1929,3.);
#1929 = AXIS2_PLACEMENT_3D('',#1930,#1931,#1932);
#1930 = CARTESIAN_POINT('',(17.,-11.25,97.));
#1931 = DIRECTION('',(0.,1.,0.));
#1932 = DIRECTION('',(0.,-0.,1.));
#1933 = ORIENTED_EDGE('',*,*,#1934,.F.);
#1934 = EDGE_CURVE('',#1935,#1926,#1937,.T.);
#1935 = VERTEX_POINT('',#1936);
#1936 = CARTESIAN_POINT('',(17.,-11.25,86.));
#1937 = LINE('',#1938,#1939);
#1938 = CARTESIAN_POINT('',(17.,-11.25,83.));
#1939 = VECTOR('',#1940,1.);
#1940 = DIRECTION('',(0.,0.,1.));
#1941 = ORIENTED_EDGE('',*,*,#1942,.F.);
#1942 = EDGE_CURVE('',#1578,#1935,#1943,.T.);
#1943 = CIRCLE('',#1944,3.);
#1944 = AXIS2_PLACEMENT_3D('',#1945,#1946,#1947);
#1945 = CARTESIAN_POINT('',(17.,-11.25,83.));
#1946 = DIRECTION('',(0.,1.,0.));
#1947 = DIRECTION('',(0.,-0.,1.));
#1948 = FACE_BOUND('',#1949,.T.);
#1949 = EDGE_LOOP('',(#1950));
#1950 = ORIENTED_EDGE('',*,*,#1951,.F.);
#1951 = EDGE_CURVE('',#1952,#1952,#1954,.T.);
#1952 = VERTEX_POINT('',#1953);
#1953 = CARTESIAN_POINT('',(-4.40872847693E-16,-11.25,91.8));
#1954 = CIRCLE('',#1955,1.8);
#1955 = AXIS2_PLACEMENT_3D('',#1956,#1957,#1958);
#1956 = CARTESIAN_POINT('',(0.,-11.25,90.));
#1957 = DIRECTION('',(0.,1.,0.));
#1958 = DIRECTION('',(0.,-0.,1.));
#1959 = PLANE('',#1960);
#1960 = AXIS2_PLACEMENT_3D('',#1961,#1962,#1963);
#1961 = CARTESIAN_POINT('',(-17.,-11.25,83.));
#1962 = DIRECTION('',(-0.,1.,0.));
#1963 = DIRECTION('',(0.,0.,1.));
#1964 = ADVANCED_FACE('',(#1965),#1975,.T.);
#1965 = FACE_BOUND('',#1966,.T.);
#1966 = EDGE_LOOP('',(#1967,#1968,#1969));
#1967 = ORIENTED_EDGE('',*,*,#1568,.T.);
#1968 = ORIENTED_EDGE('',*,*,#1833,.T.);
#1969 = ORIENTED_EDGE('',*,*,#1970,.T.);
#1970 = EDGE_CURVE('',#1834,#1569,#1971,.T.);
#1971 = LINE('',#1972,#1973);
#1972 = CARTESIAN_POINT('',(-17.,-11.25,83.));
#1973 = VECTOR('',#1974,1.);
#1974 = DIRECTION('',(1.,0.,-0.));
#1975 = PLANE('',#1976);
#1976 = AXIS2_PLACEMENT_3D('',#1977,#1978,#1979);
#1977 = CARTESIAN_POINT('',(-17.,-11.25,80.));
#1978 = DIRECTION('',(-0.,1.,0.));
#1979 = DIRECTION('',(0.,0.,1.));
#1980 = ADVANCED_FACE('',(#1981),#1991,.T.);
#1981 = FACE_BOUND('',#1982,.T.);
#1982 = EDGE_LOOP('',(#1983,#1989,#1990));
#1983 = ORIENTED_EDGE('',*,*,#1984,.T.);
#1984 = EDGE_CURVE('',#1868,#1601,#1985,.T.);
#1985 = LINE('',#1986,#1987);
#1986 = CARTESIAN_POINT('',(-20.,-11.25,83.));
#1987 = VECTOR('',#1988,1.);
#1988 = DIRECTION('',(1.,0.,-0.));
#1989 = ORIENTED_EDGE('',*,*,#1600,.T.);
#1990 = ORIENTED_EDGE('',*,*,#1867,.T.);
#1991 = PLANE('',#1992);
#1992 = AXIS2_PLACEMENT_3D('',#1993,#1994,#1995);
#1993 = CARTESIAN_POINT('',(17.,-11.25,83.));
#1994 = DIRECTION('',(0.,1.,0.));
#1995 = DIRECTION('',(0.,-0.,1.));
#1996 = ADVANCED_FACE('',(#1997),#2015,.T.);
#1997 = FACE_BOUND('',#1998,.T.);
#1998 = EDGE_LOOP('',(#1999,#2006,#2007,#2014));
#1999 = ORIENTED_EDGE('',*,*,#2000,.F.);
#2000 = EDGE_CURVE('',#1729,#1666,#2001,.T.);
#2001 = CIRCLE('',#2002,3.);
#2002 = AXIS2_PLACEMENT_3D('',#2003,#2004,#2005);
#2003 = CARTESIAN_POINT('',(17.,-11.25,97.));
#2004 = DIRECTION('',(0.,1.,0.));
#2005 = DIRECTION('',(0.,-0.,1.));
#2006 = ORIENTED_EDGE('',*,*,#1728,.F.);
#2007 = ORIENTED_EDGE('',*,*,#2008,.T.);
#2008 = EDGE_CURVE('',#1419,#1363,#2009,.T.);
#2009 = CIRCLE('',#2010,3.);
#2010 = AXIS2_PLACEMENT_3D('',#2011,#2012,#2013);
#2011 = CARTESIAN_POINT('',(17.,-13.75,97.));
#2012 = DIRECTION('',(0.,1.,0.));
#2013 = DIRECTION('',(0.,-0.,1.));
#2014 = ORIENTED_EDGE('',*,*,#1673,.T.);
#2015 = CYLINDRICAL_SURFACE('',#2016,3.);
#2016 = AXIS2_PLACEMENT_3D('',#2017,#2018,#2019);
#2017 = CARTESIAN_POINT('',(17.,-13.75,97.));
#2018 = DIRECTION('',(0.,1.,0.));
#2019 = DIRECTION('',(0.,-0.,1.));
#2020 = ADVANCED_FACE('',(#2021),#2039,.T.);
#2021 = FACE_BOUND('',#2022,.T.);
#2022 = EDGE_LOOP('',(#2023,#2030,#2031,#2038));
#2023 = ORIENTED_EDGE('',*,*,#2024,.F.);
#2024 = EDGE_CURVE('',#1935,#1601,#2025,.T.);
#2025 = CIRCLE('',#2026,3.);
#2026 = AXIS2_PLACEMENT_3D('',#2027,#2028,#2029);
#2027 = CARTESIAN_POINT('',(17.,-11.25,83.));
#2028 = DIRECTION('',(0.,1.,0.));
#2029 = DIRECTION('',(0.,-0.,1.));
#2030 = ORIENTED_EDGE('',*,*,#1934,.T.);
#2031 = ORIENTED_EDGE('',*,*,#2032,.F.);
#2032 = EDGE_CURVE('',#1666,#1926,#2033,.T.);
#2033 = CIRCLE('',#2034,3.);
#2034 = AXIS2_PLACEMENT_3D('',#2035,#2036,#2037);
#2035 = CARTESIAN_POINT('',(17.,-11.25,97.));
#2036 = DIRECTION('',(0.,1.,0.));
#2037 = DIRECTION('',(0.,-0.,1.));
#2038 = ORIENTED_EDGE('',*,*,#1665,.F.);
#2039 = PLANE('',#2040);
#2040 = AXIS2_PLACEMENT_3D('',#2041,#2042,#2043);
#2041 = CARTESIAN_POINT('',(-20.,-11.25,83.));
#2042 = DIRECTION('',(-0.,1.,0.));
#2043 = DIRECTION('',(0.,0.,1.));
#2044 = ADVANCED_FACE('',(#2045),#2050,.F.);
#2045 = FACE_BOUND('',#2046,.F.);
#2046 = EDGE_LOOP('',(#2047,#2048,#2049));
#2047 = ORIENTED_EDGE('',*,*,#1703,.T.);
#2048 = ORIENTED_EDGE('',*,*,#2008,.T.);
#2049 = ORIENTED_EDGE('',*,*,#1689,.F.);
#2050 = PLANE('',#2051);
#2051 = AXIS2_PLACEMENT_3D('',#2052,#2053,#2054);
#2052 = CARTESIAN_POINT('',(17.,-13.75,97.));
#2053 = DIRECTION('',(0.,1.,0.));
#2054 = DIRECTION('',(0.,-0.,1.));
#2055 = ADVANCED_FACE('',(#2056),#2074,.T.);
#2056 = FACE_BOUND('',#2057,.T.);
#2057 = EDGE_LOOP('',(#2058,#2065,#2066,#2073));
#2058 = ORIENTED_EDGE('',*,*,#2059,.F.);
#2059 = EDGE_CURVE('',#1801,#1720,#2060,.T.);
#2060 = CIRCLE('',#2061,3.);
#2061 = AXIS2_PLACEMENT_3D('',#2062,#2063,#2064);
#2062 = CARTESIAN_POINT('',(-17.,-11.25,97.));
#2063 = DIRECTION('',(0.,1.,0.));
#2064 = DIRECTION('',(0.,-0.,1.));
#2065 = ORIENTED_EDGE('',*,*,#1808,.F.);
#2066 = ORIENTED_EDGE('',*,*,#2067,.T.);
#2067 = EDGE_CURVE('',#1474,#1410,#2068,.T.);
#2068 = CIRCLE('',#2069,3.);
#2069 = AXIS2_PLACEMENT_3D('',#2070,#2071,#2072);
#2070 = CARTESIAN_POINT('',(-17.,-13.75,97.));
#2071 = DIRECTION('',(0.,1.,0.));
#2072 = DIRECTION('',(0.,-0.,1.));
#2073 = ORIENTED_EDGE('',*,*,#1719,.T.);
#2074 = CYLINDRICAL_SURFACE('',#2075,3.);
#2075 = AXIS2_PLACEMENT_3D('',#2076,#2077,#2078);
#2076 = CARTESIAN_POINT('',(-17.,-13.75,97.));
#2077 = DIRECTION('',(0.,1.,0.));
#2078 = DIRECTION('',(0.,-0.,1.));
#2079 = ADVANCED_FACE('',(#2080),#2098,.T.);
#2080 = FACE_BOUND('',#2081,.T.);
#2081 = EDGE_LOOP('',(#2082,#2083,#2090,#2091));
#2082 = ORIENTED_EDGE('',*,*,#1917,.F.);
#2083 = ORIENTED_EDGE('',*,*,#2084,.F.);
#2084 = EDGE_CURVE('',#1720,#1909,#2085,.T.);
#2085 = CIRCLE('',#2086,3.);
#2086 = AXIS2_PLACEMENT_3D('',#2087,#2088,#2089);
#2087 = CARTESIAN_POINT('',(-17.,-11.25,97.));
#2088 = DIRECTION('',(0.,1.,0.));
#2089 = DIRECTION('',(0.,-0.,1.));
#2090 = ORIENTED_EDGE('',*,*,#1736,.T.);
#2091 = ORIENTED_EDGE('',*,*,#2092,.F.);
#2092 = EDGE_CURVE('',#1918,#1729,#2093,.T.);
#2093 = CIRCLE('',#2094,3.);
#2094 = AXIS2_PLACEMENT_3D('',#2095,#2096,#2097);
#2095 = CARTESIAN_POINT('',(17.,-11.25,97.));
#2096 = DIRECTION('',(0.,1.,0.));
#2097 = DIRECTION('',(0.,-0.,1.));
#2098 = PLANE('',#2099);
#2099 = AXIS2_PLACEMENT_3D('',#2100,#2101,#2102);
#2100 = CARTESIAN_POINT('',(-17.,-11.25,80.));
#2101 = DIRECTION('',(-0.,1.,0.));
#2102 = DIRECTION('',(0.,0.,1.));
#2103 = ADVANCED_FACE('',(#2104),#2109,.F.);
#2104 = FACE_BOUND('',#2105,.F.);
#2105 = EDGE_LOOP('',(#2106,#2107,#2108));
#2106 = ORIENTED_EDGE('',*,*,#1767,.F.);
#2107 = ORIENTED_EDGE('',*,*,#2067,.T.);
#2108 = ORIENTED_EDGE('',*,*,#1751,.F.);
#2109 = PLANE('',#2110);
#2110 = AXIS2_PLACEMENT_3D('',#2111,#2112,#2113);
#2111 = CARTESIAN_POINT('',(-17.,-13.75,97.));
#2112 = DIRECTION('',(0.,1.,0.));
#2113 = DIRECTION('',(0.,-0.,1.));
#2114 = ADVANCED_FACE('',(#2115),#2133,.T.);
#2115 = FACE_BOUND('',#2116,.T.);
#2116 = EDGE_LOOP('',(#2117,#2124,#2125,#2132));
#2117 = ORIENTED_EDGE('',*,*,#2118,.F.);
#2118 = EDGE_CURVE('',#1537,#1892,#2119,.T.);
#2119 = CIRCLE('',#2120,3.);
#2120 = AXIS2_PLACEMENT_3D('',#2121,#2122,#2123);
#2121 = CARTESIAN_POINT('',(-17.,-11.25,83.));
#2122 = DIRECTION('',(0.,1.,0.));
#2123 = DIRECTION('',(0.,-0.,1.));
#2124 = ORIENTED_EDGE('',*,*,#1800,.T.);
#2125 = ORIENTED_EDGE('',*,*,#2126,.F.);
#2126 = EDGE_CURVE('',#1901,#1801,#2127,.T.);
#2127 = CIRCLE('',#2128,3.);
#2128 = AXIS2_PLACEMENT_3D('',#2129,#2130,#2131);
#2129 = CARTESIAN_POINT('',(-17.,-11.25,97.));
#2130 = DIRECTION('',(0.,1.,0.));
#2131 = DIRECTION('',(0.,-0.,1.));
#2132 = ORIENTED_EDGE('',*,*,#1900,.F.);
#2133 = PLANE('',#2134);
#2134 = AXIS2_PLACEMENT_3D('',#2135,#2136,#2137);
#2135 = CARTESIAN_POINT('',(-20.,-11.25,83.));
#2136 = DIRECTION('',(-0.,1.,0.));
#2137 = DIRECTION('',(0.,0.,1.));
#2138 = ADVANCED_FACE('',(#2139),#2149,.T.);
#2139 = FACE_BOUND('',#2140,.T.);
#2140 = EDGE_LOOP('',(#2141,#2142,#2143));
#2141 = ORIENTED_EDGE('',*,*,#1842,.F.);
#2142 = ORIENTED_EDGE('',*,*,#2118,.T.);
#2143 = ORIENTED_EDGE('',*,*,#2144,.F.);
#2144 = EDGE_CURVE('',#1834,#1892,#2145,.T.);
#2145 = LINE('',#2146,#2147);
#2146 = CARTESIAN_POINT('',(-17.,-11.25,83.));
#2147 = VECTOR('',#2148,1.);
#2148 = DIRECTION('',(0.,0.,1.));
#2149 = PLANE('',#2150);
#2150 = AXIS2_PLACEMENT_3D('',#2151,#2152,#2153);
#2151 = CARTESIAN_POINT('',(-20.,-11.25,83.));
#2152 = DIRECTION('',(-0.,1.,0.));
#2153 = DIRECTION('',(0.,0.,1.));
#2154 = ADVANCED_FACE('',(#2155),#2165,.T.);
#2155 = FACE_BOUND('',#2156,.T.);
#2156 = EDGE_LOOP('',(#2157,#2158,#2159));
#2157 = ORIENTED_EDGE('',*,*,#1876,.F.);
#2158 = ORIENTED_EDGE('',*,*,#1942,.T.);
#2159 = ORIENTED_EDGE('',*,*,#2160,.F.);
#2160 = EDGE_CURVE('',#1868,#1935,#2161,.T.);
#2161 = LINE('',#2162,#2163);
#2162 = CARTESIAN_POINT('',(17.,-11.25,83.));
#2163 = VECTOR('',#2164,1.);
#2164 = DIRECTION('',(0.,0.,1.));
#2165 = PLANE('',#2166);
#2166 = AXIS2_PLACEMENT_3D('',#2167,#2168,#2169);
#2167 = CARTESIAN_POINT('',(-17.,-11.25,83.));
#2168 = DIRECTION('',(-0.,1.,0.));
#2169 = DIRECTION('',(0.,0.,1.));
#2170 = ADVANCED_FACE('',(#2171),#2176,.T.);
#2171 = FACE_BOUND('',#2172,.T.);
#2172 = EDGE_LOOP('',(#2173,#2174,#2175));
#2173 = ORIENTED_EDGE('',*,*,#1970,.F.);
#2174 = ORIENTED_EDGE('',*,*,#2144,.T.);
#2175 = ORIENTED_EDGE('',*,*,#1891,.T.);
#2176 = PLANE('',#2177);
#2177 = AXIS2_PLACEMENT_3D('',#2178,#2179,#2180);
#2178 = CARTESIAN_POINT('',(-17.,-11.25,83.));
#2179 = DIRECTION('',(-0.,1.,0.));
#2180 = DIRECTION('',(0.,0.,1.));
#2181 = ADVANCED_FACE('',(#2182),#2199,.T.);
#2182 = FACE_BOUND('',#2183,.T.);
#2183 = EDGE_LOOP('',(#2184,#2185,#2193));
#2184 = ORIENTED_EDGE('',*,*,#1908,.T.);
#2185 = ORIENTED_EDGE('',*,*,#2186,.T.);
#2186 = EDGE_CURVE('',#1901,#2187,#2189,.T.);
#2187 = VERTEX_POINT('',#2188);
#2188 = CARTESIAN_POINT('',(-17.,-11.25,97.));
#2189 = LINE('',#2190,#2191);
#2190 = CARTESIAN_POINT('',(-17.,-11.25,83.));
#2191 = VECTOR('',#2192,1.);
#2192 = DIRECTION('',(0.,0.,1.));
#2193 = ORIENTED_EDGE('',*,*,#2194,.T.);
#2194 = EDGE_CURVE('',#2187,#1909,#2195,.T.);
#2195 = LINE('',#2196,#2197);
#2196 = CARTESIAN_POINT('',(-17.,-11.25,97.));
#2197 = VECTOR('',#2198,1.);
#2198 = DIRECTION('',(1.,0.,-0.));
#2199 = PLANE('',#2200);
#2200 = AXIS2_PLACEMENT_3D('',#2201,#2202,#2203);
#2201 = CARTESIAN_POINT('',(-17.,-11.25,83.));
#2202 = DIRECTION('',(-0.,1.,0.));
#2203 = DIRECTION('',(0.,0.,1.));
#2204 = ADVANCED_FACE('',(#2205),#2222,.T.);
#2205 = FACE_BOUND('',#2206,.T.);
#2206 = EDGE_LOOP('',(#2207,#2215,#2216));
#2207 = ORIENTED_EDGE('',*,*,#2208,.F.);
#2208 = EDGE_CURVE('',#1926,#2209,#2211,.T.);
#2209 = VERTEX_POINT('',#2210);
#2210 = CARTESIAN_POINT('',(17.,-11.25,97.));
#2211 = LINE('',#2212,#2213);
#2212 = CARTESIAN_POINT('',(17.,-11.25,83.));
#2213 = VECTOR('',#2214,1.);
#2214 = DIRECTION('',(0.,0.,1.));
#2215 = ORIENTED_EDGE('',*,*,#1925,.T.);
#2216 = ORIENTED_EDGE('',*,*,#2217,.T.);
#2217 = EDGE_CURVE('',#1918,#2209,#2218,.T.);
#2218 = LINE('',#2219,#2220);
#2219 = CARTESIAN_POINT('',(-17.,-11.25,97.));
#2220 = VECTOR('',#2221,1.);
#2221 = DIRECTION('',(1.,0.,-0.));
#2222 = PLANE('',#2223);
#2223 = AXIS2_PLACEMENT_3D('',#2224,#2225,#2226);
#2224 = CARTESIAN_POINT('',(-17.,-11.25,83.));
#2225 = DIRECTION('',(-0.,1.,0.));
#2226 = DIRECTION('',(0.,0.,1.));
#2227 = ADVANCED_FACE('',(#2228),#2247,.T.);
#2228 = FACE_BOUND('',#2229,.T.);
#2229 = EDGE_LOOP('',(#2230,#2231,#2239,#2246));
#2230 = ORIENTED_EDGE('',*,*,#1951,.T.);
#2231 = ORIENTED_EDGE('',*,*,#2232,.T.);
#2232 = EDGE_CURVE('',#1952,#2233,#2235,.T.);
#2233 = VERTEX_POINT('',#2234);
#2234 = CARTESIAN_POINT('',(-4.40872847693E-16,-11.,91.8));
#2235 = LINE('',#2236,#2237);
#2236 = CARTESIAN_POINT('',(-4.40872847693E-16,-14.,91.8));
#2237 = VECTOR('',#2238,1.);
#2238 = DIRECTION('',(0.,1.,0.));
#2239 = ORIENTED_EDGE('',*,*,#2240,.F.);
#2240 = EDGE_CURVE('',#2233,#2233,#2241,.T.);
#2241 = CIRCLE('',#2242,1.8);
#2242 = AXIS2_PLACEMENT_3D('',#2243,#2244,#2245);
#2243 = CARTESIAN_POINT('',(0.,-11.,90.));
#2244 = DIRECTION('',(0.,1.,0.));
#2245 = DIRECTION('',(0.,-0.,1.));
#2246 = ORIENTED_EDGE('',*,*,#2232,.F.);
#2247 = CYLINDRICAL_SURFACE('',#2248,1.8);
#2248 = AXIS2_PLACEMENT_3D('',#2249,#2250,#2251);
#2249 = CARTESIAN_POINT('',(0.,-14.,90.));
#2250 = DIRECTION('',(0.,1.,0.));
#2251 = DIRECTION('',(0.,-0.,1.));
#2252 = ADVANCED_FACE('',(#2253),#2258,.T.);
#2253 = FACE_BOUND('',#2254,.T.);
#2254 = EDGE_LOOP('',(#2255,#2256,#2257));
#2255 = ORIENTED_EDGE('',*,*,#1984,.F.);
#2256 = ORIENTED_EDGE('',*,*,#2160,.T.);
#2257 = ORIENTED_EDGE('',*,*,#2024,.T.);
#2258 = PLANE('',#2259);
#2259 = AXIS2_PLACEMENT_3D('',#2260,#2261,#2262);
#2260 = CARTESIAN_POINT('',(-20.,-11.25,83.));
#2261 = DIRECTION('',(-0.,1.,0.));
#2262 = DIRECTION('',(0.,0.,1.));
#2263 = ADVANCED_FACE('',(#2264),#2279,.T.);
#2264 = FACE_BOUND('',#2265,.T.);
#2265 = EDGE_LOOP('',(#2266,#2272,#2273));
#2266 = ORIENTED_EDGE('',*,*,#2267,.T.);
#2267 = EDGE_CURVE('',#2209,#1729,#2268,.T.);
#2268 = LINE('',#2269,#2270);
#2269 = CARTESIAN_POINT('',(17.,-11.25,80.));
#2270 = VECTOR('',#2271,1.);
#2271 = DIRECTION('',(0.,0.,1.));
#2272 = ORIENTED_EDGE('',*,*,#2000,.T.);
#2273 = ORIENTED_EDGE('',*,*,#2274,.F.);
#2274 = EDGE_CURVE('',#2209,#1666,#2275,.T.);
#2275 = LINE('',#2276,#2277);
#2276 = CARTESIAN_POINT('',(-20.,-11.25,97.));
#2277 = VECTOR('',#2278,1.);
#2278 = DIRECTION('',(1.,0.,-0.));
#2279 = PLANE('',#2280);
#2280 = AXIS2_PLACEMENT_3D('',#2281,#2282,#2283);
#2281 = CARTESIAN_POINT('',(17.,-11.25,97.));
#2282 = DIRECTION('',(0.,1.,0.));
#2283 = DIRECTION('',(0.,-0.,1.));
#2284 = ADVANCED_FACE('',(#2285),#2290,.T.);
#2285 = FACE_BOUND('',#2286,.T.);
#2286 = EDGE_LOOP('',(#2287,#2288,#2289));
#2287 = ORIENTED_EDGE('',*,*,#2032,.T.);
#2288 = ORIENTED_EDGE('',*,*,#2208,.T.);
#2289 = ORIENTED_EDGE('',*,*,#2274,.T.);
#2290 = PLANE('',#2291);
#2291 = AXIS2_PLACEMENT_3D('',#2292,#2293,#2294);
#2292 = CARTESIAN_POINT('',(-20.,-11.25,83.));
#2293 = DIRECTION('',(-0.,1.,0.));
#2294 = DIRECTION('',(0.,0.,1.));
#2295 = ADVANCED_FACE('',(#2296),#2311,.T.);
#2296 = FACE_BOUND('',#2297,.T.);
#2297 = EDGE_LOOP('',(#2298,#2304,#2305));
#2298 = ORIENTED_EDGE('',*,*,#2299,.F.);
#2299 = EDGE_CURVE('',#1801,#2187,#2300,.T.);
#2300 = LINE('',#2301,#2302);
#2301 = CARTESIAN_POINT('',(-20.,-11.25,97.));
#2302 = VECTOR('',#2303,1.);
#2303 = DIRECTION('',(1.,0.,-0.));
#2304 = ORIENTED_EDGE('',*,*,#2059,.T.);
#2305 = ORIENTED_EDGE('',*,*,#2306,.F.);
#2306 = EDGE_CURVE('',#2187,#1720,#2307,.T.);
#2307 = LINE('',#2308,#2309);
#2308 = CARTESIAN_POINT('',(-17.,-11.25,80.));
#2309 = VECTOR('',#2310,1.);
#2310 = DIRECTION('',(0.,0.,1.));
#2311 = PLANE('',#2312);
#2312 = AXIS2_PLACEMENT_3D('',#2313,#2314,#2315);
#2313 = CARTESIAN_POINT('',(-17.,-11.25,97.));
#2314 = DIRECTION('',(0.,1.,0.));
#2315 = DIRECTION('',(0.,-0.,1.));
#2316 = ADVANCED_FACE('',(#2317),#2322,.T.);
#2317 = FACE_BOUND('',#2318,.T.);
#2318 = EDGE_LOOP('',(#2319,#2320,#2321));
#2319 = ORIENTED_EDGE('',*,*,#2267,.F.);
#2320 = ORIENTED_EDGE('',*,*,#2217,.F.);
#2321 = ORIENTED_EDGE('',*,*,#2092,.T.);
#2322 = PLANE('',#2323);
#2323 = AXIS2_PLACEMENT_3D('',#2324,#2325,#2326);
#2324 = CARTESIAN_POINT('',(-17.,-11.25,80.));
#2325 = DIRECTION('',(-0.,1.,0.));
#2326 = DIRECTION('',(0.,0.,1.));
#2327 = ADVANCED_FACE('',(#2328),#2333,.T.);
#2328 = FACE_BOUND('',#2329,.T.);
#2329 = EDGE_LOOP('',(#2330,#2331,#2332));
#2330 = ORIENTED_EDGE('',*,*,#2194,.F.);
#2331 = ORIENTED_EDGE('',*,*,#2306,.T.);
#2332 = ORIENTED_EDGE('',*,*,#2084,.T.);
#2333 = PLANE('',#2334);
#2334 = AXIS2_PLACEMENT_3D('',#2335,#2336,#2337);
#2335 = CARTESIAN_POINT('',(-17.,-11.25,80.));
#2336 = DIRECTION('',(-0.,1.,0.));
#2337 = DIRECTION('',(0.,0.,1.));
#2338 = ADVANCED_FACE('',(#2339),#2344,.T.);
#2339 = FACE_BOUND('',#2340,.T.);
#2340 = EDGE_LOOP('',(#2341,#2342,#2343));
#2341 = ORIENTED_EDGE('',*,*,#2126,.T.);
#2342 = ORIENTED_EDGE('',*,*,#2299,.T.);
#2343 = ORIENTED_EDGE('',*,*,#2186,.F.);
#2344 = PLANE('',#2345);
#2345 = AXIS2_PLACEMENT_3D('',#2346,#2347,#2348);
#2346 = CARTESIAN_POINT('',(-20.,-11.25,83.));
#2347 = DIRECTION('',(-0.,1.,0.));
#2348 = DIRECTION('',(0.,0.,1.));
#2349 = ADVANCED_FACE('',(#2350),#2353,.T.);
#2350 = FACE_BOUND('',#2351,.T.);
#2351 = EDGE_LOOP('',(#2352));
#2352 = ORIENTED_EDGE('',*,*,#2240,.T.);
#2353 = PLANE('',#2354);
#2354 = AXIS2_PLACEMENT_3D('',#2355,#2356,#2357);
#2355 = CARTESIAN_POINT('',(0.,-11.,90.));
#2356 = DIRECTION('',(0.,1.,0.));
#2357 = DIRECTION('',(0.,-0.,1.));
#2358 = MANIFOLD_SOLID_BREP('',#2359);
#2359 = CLOSED_SHELL('',(#2360,#2393,#2418,#2438,#2458,#2483,#2508));
#2360 = ADVANCED_FACE('',(#2361),#2388,.T.);
#2361 = FACE_BOUND('',#2362,.T.);
#2362 = EDGE_LOOP('',(#2363,#2372,#2380,#2387));
#2363 = ORIENTED_EDGE('',*,*,#2364,.F.);
#2364 = EDGE_CURVE('',#2365,#2365,#2367,.T.);
#2365 = VERTEX_POINT('',#2366);
#2366 = CARTESIAN_POINT('',(18.,-4.40872847693E-15,2.5));
#2367 = CIRCLE('',#2368,18.);
#2368 = AXIS2_PLACEMENT_3D('',#2369,#2370,#2371);
#2369 = CARTESIAN_POINT('',(0.,0.,2.5));
#2370 = DIRECTION('',(0.,0.,1.));
#2371 = DIRECTION('',(1.,0.,-0.));
#2372 = ORIENTED_EDGE('',*,*,#2373,.F.);
#2373 = EDGE_CURVE('',#2374,#2365,#2376,.T.);
#2374 = VERTEX_POINT('',#2375);
#2375 = CARTESIAN_POINT('',(18.,-4.40872847693E-15,0.));
#2376 = LINE('',#2377,#2378);
#2377 = CARTESIAN_POINT('',(18.,-4.40872847693E-15,0.));
#2378 = VECTOR('',#2379,1.);
#2379 = DIRECTION('',(0.,0.,1.));
#2380 = ORIENTED_EDGE('',*,*,#2381,.T.);
#2381 = EDGE_CURVE('',#2374,#2374,#2382,.T.);
#2382 = CIRCLE('',#2383,18.);
#2383 = AXIS2_PLACEMENT_3D('',#2384,#2385,#2386);
#2384 = CARTESIAN_POINT('',(0.,0.,0.));
#2385 = DIRECTION('',(0.,0.,1.));
#2386 = DIRECTION('',(1.,0.,-0.));
#2387 = ORIENTED_EDGE('',*,*,#2373,.T.);
#2388 = CYLINDRICAL_SURFACE('',#2389,18.);
#2389 = AXIS2_PLACEMENT_3D('',#2390,#2391,#2392);
#2390 = CARTESIAN_POINT('',(0.,0.,0.));
#2391 = DIRECTION('',(0.,0.,1.));
#2392 = DIRECTION('',(1.,0.,-0.));
#2393 = ADVANCED_FACE('',(#2394),#2413,.T.);
#2394 = FACE_BOUND('',#2395,.T.);
#2395 = EDGE_LOOP('',(#2396,#2405,#2411,#2412));
#2396 = ORIENTED_EDGE('',*,*,#2397,.F.);
#2397 = EDGE_CURVE('',#2398,#2398,#2400,.T.);
#2398 = VERTEX_POINT('',#2399);
#2399 = CARTESIAN_POINT('',(10.,-2.449293598295E-15,4.));
#2400 = CIRCLE('',#2401,10.);
#2401 = AXIS2_PLACEMENT_3D('',#2402,#2403,#2404);
#2402 = CARTESIAN_POINT('',(0.,0.,4.));
#2403 = DIRECTION('',(0.,0.,1.));
#2404 = DIRECTION('',(1.,0.,-0.));
#2405 = ORIENTED_EDGE('',*,*,#2406,.F.);
#2406 = EDGE_CURVE('',#2365,#2398,#2407,.T.);
#2407 = LINE('',#2408,#2409);
#2408 = CARTESIAN_POINT('',(18.,-4.40872847693E-15,2.5));
#2409 = VECTOR('',#2410,1.);
#2410 = DIRECTION('',(-0.982872186934,2.4073425554E-16,0.18428853505));
#2411 = ORIENTED_EDGE('',*,*,#2364,.T.);
#2412 = ORIENTED_EDGE('',*,*,#2406,.T.);
#2413 = CONICAL_SURFACE('',#2414,18.,1.385448376799);
#2414 = AXIS2_PLACEMENT_3D('',#2415,#2416,#2417);
#2415 = CARTESIAN_POINT('',(0.,0.,2.5));
#2416 = DIRECTION('',(-0.,-0.,-1.));
#2417 = DIRECTION('',(1.,0.,-0.));
#2418 = ADVANCED_FACE('',(#2419,#2422),#2433,.F.);
#2419 = FACE_BOUND('',#2420,.F.);
#2420 = EDGE_LOOP('',(#2421));
#2421 = ORIENTED_EDGE('',*,*,#2381,.T.);
#2422 = FACE_BOUND('',#2423,.F.);
#2423 = EDGE_LOOP('',(#2424));
#2424 = ORIENTED_EDGE('',*,*,#2425,.F.);
#2425 = EDGE_CURVE('',#2426,#2426,#2428,.T.);
#2426 = VERTEX_POINT('',#2427);
#2427 = CARTESIAN_POINT('',(2.9,-7.102951435055E-16,0.));
#2428 = CIRCLE('',#2429,2.9);
#2429 = AXIS2_PLACEMENT_3D('',#2430,#2431,#2432);
#2430 = CARTESIAN_POINT('',(0.,0.,0.));
#2431 = DIRECTION('',(0.,0.,1.));
#2432 = DIRECTION('',(1.,0.,-0.));
#2433 = PLANE('',#2434);
#2434 = AXIS2_PLACEMENT_3D('',#2435,#2436,#2437);
#2435 = CARTESIAN_POINT('',(0.,0.,0.));
#2436 = DIRECTION('',(0.,0.,1.));
#2437 = DIRECTION('',(1.,0.,-0.));
#2438 = ADVANCED_FACE('',(#2439,#2442),#2453,.T.);
#2439 = FACE_BOUND('',#2440,.T.);
#2440 = EDGE_LOOP('',(#2441));
#2441 = ORIENTED_EDGE('',*,*,#2397,.T.);
#2442 = FACE_BOUND('',#2443,.T.);
#2443 = EDGE_LOOP('',(#2444));
#2444 = ORIENTED_EDGE('',*,*,#2445,.F.);
#2445 = EDGE_CURVE('',#2446,#2446,#2448,.T.);
#2446 = VERTEX_POINT('',#2447);
#2447 = CARTESIAN_POINT('',(3.06,-7.494838410782E-16,4.));
#2448 = CIRCLE('',#2449,3.06);
#2449 = AXIS2_PLACEMENT_3D('',#2450,#2451,#2452);
#2450 = CARTESIAN_POINT('',(0.,0.,4.));
#2451 = DIRECTION('',(0.,0.,1.));
#2452 = DIRECTION('',(1.,0.,-0.));
#2453 = PLANE('',#2454);
#2454 = AXIS2_PLACEMENT_3D('',#2455,#2456,#2457);
#2455 = CARTESIAN_POINT('',(0.,0.,4.));
#2456 = DIRECTION('',(0.,0.,1.));
#2457 = DIRECTION('',(1.,0.,-0.));
#2458 = ADVANCED_FACE('',(#2459),#2478,.F.);
#2459 = FACE_BOUND('',#2460,.F.);
#2460 = EDGE_LOOP('',(#2461,#2469,#2476,#2477));
#2461 = ORIENTED_EDGE('',*,*,#2462,.T.);
#2462 = EDGE_CURVE('',#2426,#2463,#2465,.T.);
#2463 = VERTEX_POINT('',#2464);
#2464 = CARTESIAN_POINT('',(2.9,-7.102951435055E-16,3.2));
#2465 = LINE('',#2466,#2467);
#2466 = CARTESIAN_POINT('',(2.9,-7.102951435055E-16,-0.5));
#2467 = VECTOR('',#2468,1.);
#2468 = DIRECTION('',(0.,0.,1.));
#2469 = ORIENTED_EDGE('',*,*,#2470,.F.);
#2470 = EDGE_CURVE('',#2463,#2463,#2471,.T.);
#2471 = CIRCLE('',#2472,2.9);
#2472 = AXIS2_PLACEMENT_3D('',#2473,#2474,#2475);
#2473 = CARTESIAN_POINT('',(0.,0.,3.2));
#2474 = DIRECTION('',(0.,0.,1.));
#2475 = DIRECTION('',(1.,0.,-0.));
#2476 = ORIENTED_EDGE('',*,*,#2462,.F.);
#2477 = ORIENTED_EDGE('',*,*,#2425,.T.);
#2478 = CYLINDRICAL_SURFACE('',#2479,2.9);
#2479 = AXIS2_PLACEMENT_3D('',#2480,#2481,#2482);
#2480 = CARTESIAN_POINT('',(0.,0.,-0.5));
#2481 = DIRECTION('',(0.,0.,1.));
#2482 = DIRECTION('',(1.,0.,-0.));
#2483 = ADVANCED_FACE('',(#2484),#2503,.F.);
#2484 = FACE_BOUND('',#2485,.F.);
#2485 = EDGE_LOOP('',(#2486,#2487,#2495,#2502));
#2486 = ORIENTED_EDGE('',*,*,#2445,.F.);
#2487 = ORIENTED_EDGE('',*,*,#2488,.F.);
#2488 = EDGE_CURVE('',#2489,#2446,#2491,.T.);
#2489 = VERTEX_POINT('',#2490);
#2490 = CARTESIAN_POINT('',(3.7,-9.06238631369E-16,3.2));
#2491 = LINE('',#2492,#2493);
#2492 = CARTESIAN_POINT('',(3.7,-9.06238631369E-16,3.2));
#2493 = VECTOR('',#2494,1.);
#2494 = DIRECTION('',(-0.624695047554,1.530061580861E-16,0.780868809443)
  );
#2495 = ORIENTED_EDGE('',*,*,#2496,.T.);
#2496 = EDGE_CURVE('',#2489,#2489,#2497,.T.);
#2497 = CIRCLE('',#2498,3.7);
#2498 = AXIS2_PLACEMENT_3D('',#2499,#2500,#2501);
#2499 = CARTESIAN_POINT('',(0.,0.,3.2));
#2500 = DIRECTION('',(0.,0.,1.));
#2501 = DIRECTION('',(1.,0.,-0.));
#2502 = ORIENTED_EDGE('',*,*,#2488,.T.);
#2503 = CONICAL_SURFACE('',#2504,3.7,0.674740942224);
#2504 = AXIS2_PLACEMENT_3D('',#2505,#2506,#2507);
#2505 = CARTESIAN_POINT('',(0.,0.,3.2));
#2506 = DIRECTION('',(-0.,-0.,-1.));
#2507 = DIRECTION('',(1.,0.,-0.));
#2508 = ADVANCED_FACE('',(#2509,#2512),#2515,.T.);
#2509 = FACE_BOUND('',#2510,.T.);
#2510 = EDGE_LOOP('',(#2511));
#2511 = ORIENTED_EDGE('',*,*,#2496,.T.);
#2512 = FACE_BOUND('',#2513,.T.);
#2513 = EDGE_LOOP('',(#2514));
#2514 = ORIENTED_EDGE('',*,*,#2470,.F.);
#2515 = PLANE('',#2516);
#2516 = AXIS2_PLACEMENT_3D('',#2517,#2518,#2519);
#2517 = CARTESIAN_POINT('',(0.,0.,3.2));
#2518 = DIRECTION('',(0.,0.,1.));
#2519 = DIRECTION('',(1.,0.,-0.));
#2520 = MANIFOLD_SOLID_BREP('',#2521);
#2521 = CLOSED_SHELL('',(#2522,#2567,#2627,#2672,#2740,#2853,#2870,#3034
    ,#3119,#3685,#4417,#4755,#4800,#4837,#5231,#5268,#5766,#5793,#5817,
    #5853,#5890,#5926,#5955,#6516,#6564,#7202,#7238,#7273,#7318,#7460,
    #7498,#7533,#7614,#7644,#7656,#7701,#7843,#7881,#7906,#8106,#8124,
    #8137,#8156,#8289,#8384,#8471,#8529,#8662,#8757,#8844,#8902,#8929,
    #8943,#8969,#8996,#9010,#9036,#9061,#9086,#9099));
#2522 = ADVANCED_FACE('',(#2523),#2562,.T.);
#2523 = FACE_BOUND('',#2524,.T.);
#2524 = EDGE_LOOP('',(#2525,#2536,#2545,#2546,#2555));
#2525 = ORIENTED_EDGE('',*,*,#2526,.T.);
#2526 = EDGE_CURVE('',#2527,#2529,#2531,.T.);
#2527 = VERTEX_POINT('',#2528);
#2528 = CARTESIAN_POINT('',(2.139982021164,-1.537373170027,
    108.43421082312));
#2529 = VERTEX_POINT('',#2530);
#2530 = CARTESIAN_POINT('',(3.730303203642,0.5,108.84168545713));
#2531 = CIRCLE('',#2532,3.920944989008);
#2532 = AXIS2_PLACEMENT_3D('',#2533,#2534,#2535);
#2533 = CARTESIAN_POINT('',(0.,1.684291258244,109.07854370878));
#2534 = DIRECTION('',(0.,-0.196116135138,0.980580675691));
#2535 = DIRECTION('',(0.,-0.980580675691,-0.196116135138));
#2536 = ORIENTED_EDGE('',*,*,#2537,.T.);
#2537 = EDGE_CURVE('',#2529,#2538,#2540,.T.);
#2538 = VERTEX_POINT('',#2539);
#2539 = CARTESIAN_POINT('',(4.40872847693E-16,0.5,122.2));
#2540 = CIRCLE('',#2541,7.2);
#2541 = AXIS2_PLACEMENT_3D('',#2542,#2543,#2544);
#2542 = CARTESIAN_POINT('',(0.,0.5,115.));
#2543 = DIRECTION('',(-2.449293598295E-16,-1.,0.));
#2544 = DIRECTION('',(1.,-2.449293598295E-16,0.));
#2545 = ORIENTED_EDGE('',*,*,#2537,.F.);
#2546 = ORIENTED_EDGE('',*,*,#2547,.T.);
#2547 = EDGE_CURVE('',#2529,#2548,#2550,.T.);
#2548 = VERTEX_POINT('',#2549);
#2549 = CARTESIAN_POINT('',(-2.139982021164,-1.537373170027,
    108.43421082312));
#2550 = CIRCLE('',#2551,3.920944989008);
#2551 = AXIS2_PLACEMENT_3D('',#2552,#2553,#2554);
#2552 = CARTESIAN_POINT('',(0.,1.684291258244,109.07854370878));
#2553 = DIRECTION('',(0.,-0.196116135138,0.980580675691));
#2554 = DIRECTION('',(0.,-0.980580675691,-0.196116135138));
#2555 = ORIENTED_EDGE('',*,*,#2556,.F.);
#2556 = EDGE_CURVE('',#2527,#2548,#2557,.T.);
#2557 = CIRCLE('',#2558,2.686333694081);
#2558 = AXIS2_PLACEMENT_3D('',#2559,#2560,#2561);
#2559 = CARTESIAN_POINT('',(0.,8.330739299611E-02,108.33291828793));
#2560 = DIRECTION('',(0.,-6.237828615518E-02,-0.998052578483));
#2561 = DIRECTION('',(0.,0.998052578483,-6.237828615518E-02));
#2562 = SPHERICAL_SURFACE('',#2563,7.2);
#2563 = AXIS2_PLACEMENT_3D('',#2564,#2565,#2566);
#2564 = CARTESIAN_POINT('',(0.,0.5,115.));
#2565 = DIRECTION('',(0.,0.,1.));
#2566 = DIRECTION('',(1.,0.,-0.));
#2567 = ADVANCED_FACE('',(#2568),#2622,.T.);
#2568 = FACE_BOUND('',#2569,.T.);
#2569 = EDGE_LOOP('',(#2570,#2581,#2590,#2610,#2611,#2612));
#2570 = ORIENTED_EDGE('',*,*,#2571,.T.);
#2571 = EDGE_CURVE('',#2572,#2574,#2576,.T.);
#2572 = VERTEX_POINT('',#2573);
#2573 = CARTESIAN_POINT('',(2.839324053762,-0.504255489503,
    107.82702195801));
#2574 = VERTEX_POINT('',#2575);
#2575 = CARTESIAN_POINT('',(3.708722988212,2.,108.32787305591));
#2576 = CIRCLE('',#2577,3.712275142542);
#2577 = AXIS2_PLACEMENT_3D('',#2578,#2579,#2580);
#2578 = CARTESIAN_POINT('',(0.,1.840793643094,108.29603178453));
#2579 = DIRECTION('',(0.,-0.196116135138,0.980580675691));
#2580 = DIRECTION('',(0.,-0.980580675691,-0.196116135138));
#2581 = ORIENTED_EDGE('',*,*,#2582,.T.);
#2582 = EDGE_CURVE('',#2574,#2583,#2585,.T.);
#2583 = VERTEX_POINT('',#2584);
#2584 = CARTESIAN_POINT('',(-2.839324053762,-0.504255489503,
    107.82702195801));
#2585 = CIRCLE('',#2586,3.712275142542);
#2586 = AXIS2_PLACEMENT_3D('',#2587,#2588,#2589);
#2587 = CARTESIAN_POINT('',(0.,1.840793643094,108.29603178453));
#2588 = DIRECTION('',(0.,-0.196116135138,0.980580675691));
#2589 = DIRECTION('',(0.,-0.980580675691,-0.196116135138));
#2590 = ORIENTED_EDGE('',*,*,#2591,.F.);
#2591 = EDGE_CURVE('',#2548,#2583,#2592,.T.);
#2592 = B_SPLINE_CURVE_WITH_KNOTS('',4,(#2593,#2594,#2595,#2596,#2597,
    #2598,#2599,#2600,#2601,#2602,#2603,#2604,#2605,#2606,#2607,#2608,
    #2609),.UNSPECIFIED.,.F.,.F.,(5,3,3,3,3,5),(0.,0.250440727242,
    0.481338110954,0.728512287054,0.970896585968,1.),.UNSPECIFIED.);
#2593 = CARTESIAN_POINT('',(-2.139982021165,-1.537373170027,
    108.43421082312));
#2594 = CARTESIAN_POINT('',(-2.202621364144,-1.477185749555,
    108.40526351516));
#2595 = CARTESIAN_POINT('',(-2.262193004098,-1.415406792704,
    108.37480476496));
#2596 = CARTESIAN_POINT('',(-2.318619352016,-1.352350619719,
    108.34283544728));
#2597 = CARTESIAN_POINT('',(-2.420971739999,-1.229315648936,
    108.27848570989));
#2598 = CARTESIAN_POINT('',(-2.467373376627,-1.16948054202,
    108.24633207115));
#2599 = CARTESIAN_POINT('',(-2.511057223861,-1.109079059735,
    108.21289212869));
#2600 = CARTESIAN_POINT('',(-2.595898031655,-0.983358197586,
    108.14098701034));
#2601 = CARTESIAN_POINT('',(-2.636659523546,-0.917992246624,
    108.10233384727));
#2602 = CARTESIAN_POINT('',(-2.674330357983,-0.852564514731,
    108.06220121137));
#2603 = CARTESIAN_POINT('',(-2.742911484728,-0.723446884214,
    107.97977860842));
#2604 = CARTESIAN_POINT('',(-2.773938375697,-0.659747881907,
    107.93754566675));
#2605 = CARTESIAN_POINT('',(-2.802080366995,-0.596558932852,
    107.89388544008));
#2606 = CARTESIAN_POINT('',(-2.830445231991,-0.526663770681,
    107.84338588728));
#2607 = CARTESIAN_POINT('',(-2.833445311475,-0.519182366586,
    107.8379517936));
#2608 = CARTESIAN_POINT('',(-2.836404879039,-0.511712780471,
    107.83249714891));
#2609 = CARTESIAN_POINT('',(-2.839324053762,-0.504255489503,
    107.82702195801));
#2610 = ORIENTED_EDGE('',*,*,#2547,.F.);
#2611 = ORIENTED_EDGE('',*,*,#2526,.F.);
#2612 = ORIENTED_EDGE('',*,*,#2613,.F.);
#2613 = EDGE_CURVE('',#2572,#2527,#2614,.T.);
#2614 = B_SPLINE_CURVE_WITH_KNOTS('',6,(#2615,#2616,#2617,#2618,#2619,
    #2620,#2621),.UNSPECIFIED.,.F.,.F.,(7,7),(0.,1.),
  .PIECEWISE_BEZIER_KNOTS.);
#2615 = CARTESIAN_POINT('',(2.839324053762,-0.504255489504,
    107.82702195801));
#2616 = CARTESIAN_POINT('',(2.772454198785,-0.675080470174,
    107.95244275543));
#2617 = CARTESIAN_POINT('',(2.686515665899,-0.851694612716,
    108.06814768955));
#2618 = CARTESIAN_POINT('',(2.580523952272,-1.030280900996,
    108.17414231722));
#2619 = CARTESIAN_POINT('',(2.453894766061,-1.206796552365,
    108.27046036798));
#2620 = CARTESIAN_POINT('',(2.306738017959,-1.377144584957,
    108.35714843765));
#2621 = CARTESIAN_POINT('',(2.139982021165,-1.537373170027,
    108.43421082312));
#2622 = CONICAL_SURFACE('',#2623,5.5,0.255761501847);
#2623 = AXIS2_PLACEMENT_3D('',#2624,#2625,#2626);
#2624 = CARTESIAN_POINT('',(0.,0.5,115.));
#2625 = DIRECTION('',(-0.,-0.196116135138,0.980580675691));
#2626 = DIRECTION('',(0.,-0.980580675691,-0.196116135138));
#2627 = ADVANCED_FACE('',(#2628),#2667,.T.);
#2628 = FACE_BOUND('',#2629,.T.);
#2629 = EDGE_LOOP('',(#2630,#2641,#2648,#2649,#2650,#2651,#2660));
#2630 = ORIENTED_EDGE('',*,*,#2631,.T.);
#2631 = EDGE_CURVE('',#2632,#2634,#2636,.T.);
#2632 = VERTEX_POINT('',#2633);
#2633 = CARTESIAN_POINT('',(2.536292201502,-6.212124252543E-16,
    105.39774475547));
#2634 = VERTEX_POINT('',#2635);
#2635 = CARTESIAN_POINT('',(2.753888160402,-6.745080641691E-16,105.81));
#2636 = CIRCLE('',#2637,3.);
#2637 = AXIS2_PLACEMENT_3D('',#2638,#2639,#2640);
#2638 = CARTESIAN_POINT('',(0.,0.,107.));
#2639 = DIRECTION('',(-2.449293598295E-16,-1.,0.));
#2640 = DIRECTION('',(1.,-2.449293598295E-16,0.));
#2641 = ORIENTED_EDGE('',*,*,#2642,.T.);
#2642 = EDGE_CURVE('',#2634,#2572,#2643,.T.);
#2643 = CIRCLE('',#2644,2.986084392645);
#2644 = AXIS2_PLACEMENT_3D('',#2645,#2646,#2647);
#2645 = CARTESIAN_POINT('',(0.,-0.28,106.93));
#2646 = DIRECTION('',(0.,-0.970142500145,-0.242535625036));
#2647 = DIRECTION('',(0.,0.242535625036,-0.970142500145));
#2648 = ORIENTED_EDGE('',*,*,#2613,.T.);
#2649 = ORIENTED_EDGE('',*,*,#2556,.T.);
#2650 = ORIENTED_EDGE('',*,*,#2591,.T.);
#2651 = ORIENTED_EDGE('',*,*,#2652,.T.);
#2652 = EDGE_CURVE('',#2583,#2653,#2655,.T.);
#2653 = VERTEX_POINT('',#2654);
#2654 = CARTESIAN_POINT('',(-2.52853993371,0.105256651677,
    105.38897335978));
#2655 = CIRCLE('',#2656,2.986084392645);
#2656 = AXIS2_PLACEMENT_3D('',#2657,#2658,#2659);
#2657 = CARTESIAN_POINT('',(0.,-0.28,106.93));
#2658 = DIRECTION('',(0.,-0.970142500145,-0.242535625036));
#2659 = DIRECTION('',(0.,0.242535625036,-0.970142500145));
#2660 = ORIENTED_EDGE('',*,*,#2661,.F.);
#2661 = EDGE_CURVE('',#2632,#2653,#2662,.T.);
#2662 = CIRCLE('',#2663,2.539780130209);
#2663 = AXIS2_PLACEMENT_3D('',#2664,#2665,#2666);
#2664 = CARTESIAN_POINT('',(0.,-0.132600434029,105.40879479164));
#2665 = DIRECTION('',(0.,-8.304547985374E-02,-0.996545758245));
#2666 = DIRECTION('',(0.,0.996545758245,-8.304547985374E-02));
#2667 = SPHERICAL_SURFACE('',#2668,3.);
#2668 = AXIS2_PLACEMENT_3D('',#2669,#2670,#2671);
#2669 = CARTESIAN_POINT('',(0.,0.,107.));
#2670 = DIRECTION('',(0.,0.,1.));
#2671 = DIRECTION('',(1.,0.,-0.));
#2672 = ADVANCED_FACE('',(#2673),#2735,.T.);
#2673 = FACE_BOUND('',#2674,.T.);
#2674 = EDGE_LOOP('',(#2675,#2684,#2685,#2686,#2695));
#2675 = ORIENTED_EDGE('',*,*,#2676,.T.);
#2676 = EDGE_CURVE('',#2677,#2574,#2679,.T.);
#2677 = VERTEX_POINT('',#2678);
#2678 = CARTESIAN_POINT('',(1.247872613334,2.,103.91073629543));
#2679 = CIRCLE('',#2680,3.8);
#2680 = AXIS2_PLACEMENT_3D('',#2681,#2682,#2683);
#2681 = CARTESIAN_POINT('',(0.,2.,107.5));
#2682 = DIRECTION('',(-2.449293598295E-16,-1.,0.));
#2683 = DIRECTION('',(1.,-2.449293598295E-16,0.));
#2684 = ORIENTED_EDGE('',*,*,#2571,.F.);
#2685 = ORIENTED_EDGE('',*,*,#2642,.F.);
#2686 = ORIENTED_EDGE('',*,*,#2687,.F.);
#2687 = EDGE_CURVE('',#2688,#2634,#2690,.T.);
#2688 = VERTEX_POINT('',#2689);
#2689 = CARTESIAN_POINT('',(2.528539939311,0.105256656794,105.3889733666
    ));
#2690 = CIRCLE('',#2691,2.986084392645);
#2691 = AXIS2_PLACEMENT_3D('',#2692,#2693,#2694);
#2692 = CARTESIAN_POINT('',(0.,-0.28,106.93));
#2693 = DIRECTION('',(0.,-0.970142500145,-0.242535625036));
#2694 = DIRECTION('',(0.,0.242535625036,-0.970142500145));
#2695 = ORIENTED_EDGE('',*,*,#2696,.T.);
#2696 = EDGE_CURVE('',#2688,#2677,#2697,.T.);
#2697 = B_SPLINE_CURVE_WITH_KNOTS('',8,(#2698,#2699,#2700,#2701,#2702,
    #2703,#2704,#2705,#2706,#2707,#2708,#2709,#2710,#2711,#2712,#2713,
    #2714,#2715,#2716,#2717,#2718,#2719,#2720,#2721,#2722,#2723,#2724,
    #2725,#2726,#2727,#2728,#2729,#2730,#2731,#2732,#2733,#2734),
  .UNSPECIFIED.,.F.,.F.,(9,7,7,7,7,9),(0.,7.928492679963E-02,
    0.27035870997,0.603867793408,0.780138126434,1.),.UNSPECIFIED.);
#2698 = CARTESIAN_POINT('',(2.287142798774,-1.005957446809,
    107.08382978723));
#2699 = CARTESIAN_POINT('',(2.294851726174,-0.994367563786,
    107.0424830573));
#2700 = CARTESIAN_POINT('',(2.302796175082,-0.981895085601,
    107.00128243278));
#2701 = CARTESIAN_POINT('',(2.310940938195,-0.968559912038,
    106.96023608145));
#2702 = CARTESIAN_POINT('',(2.319250512831,-0.954382235585,
    106.91935089201));
#2703 = CARTESIAN_POINT('',(2.32768940421,-0.939382337856,
    106.87863254785));
#2704 = CARTESIAN_POINT('',(2.336222428751,-0.923580386017,
    106.83808560062));
#2705 = CARTESIAN_POINT('',(2.344815017364,-0.90699622921,
    106.79771354398));
#2706 = CARTESIAN_POINT('',(2.374203792852,-0.847843474884,
    106.66065122972));
#2707 = CARTESIAN_POINT('',(2.395121618892,-0.8016129579,106.56482760237
    ));
#2708 = CARTESIAN_POINT('',(2.415717710762,-0.751224023958,
    106.47006680813));
#2709 = CARTESIAN_POINT('',(2.435545976407,-0.696933815937,
    106.37638194414));
#2710 = CARTESIAN_POINT('',(2.454191474385,-0.638989253014,
    106.28378173059));
#2711 = CARTESIAN_POINT('',(2.471272859281,-0.577626049164,
    106.19227115809));
#2712 = CARTESIAN_POINT('',(2.486439315939,-0.513067736813,
    106.10185145341));
#2713 = CARTESIAN_POINT('',(2.521917806882,-0.327631924695,
    105.85659497233));
#2714 = CARTESIAN_POINT('',(2.537626864169,-0.200704358638,
    105.70406134031));
#2715 = CARTESIAN_POINT('',(2.544756223403,-6.586647111921E-02,
    105.55488370618));
#2716 = CARTESIAN_POINT('',(2.541763770572,7.574236523028E-02,
    105.40918001692));
#2717 = CARTESIAN_POINT('',(2.527260039996,0.222893189977,
    105.26718010919));
#2718 = CARTESIAN_POINT('',(2.499996827266,0.374233219205,
    105.12920575056));
#2719 = CARTESIAN_POINT('',(2.458868719087,0.528269832203,
    104.99566411498));
#2720 = CARTESIAN_POINT('',(2.373339625603,0.765315722774,104.7990691046
    ));
#2721 = CARTESIAN_POINT('',(2.339629381575,0.847556979124,104.7324796041
    ));
#2722 = CARTESIAN_POINT('',(2.301646548232,0.929821756224,
    104.66735753987));
#2723 = CARTESIAN_POINT('',(2.259271747488,1.01183733717,104.6037940232)
  );
#2724 = CARTESIAN_POINT('',(2.212405734776,1.093310517283,
    104.54189127922));
#2725 = CARTESIAN_POINT('',(2.160974011355,1.173927917289,
    104.48176165417));
#2726 = CARTESIAN_POINT('',(2.104932932284,1.253356943128,
    104.42352685293));
#2727 = CARTESIAN_POINT('',(1.968621591325,1.428400099914,
    104.29720740076));
#2728 = CARTESIAN_POINT('',(1.885797130353,1.523146039702,
    104.23025781677));
#2729 = CARTESIAN_POINT('',(1.795789266458,1.614816808119,
    104.16671317788));
#2730 = CARTESIAN_POINT('',(1.69869487702,1.702677207397,104.10685791748
    ));
#2731 = CARTESIAN_POINT('',(1.59475223293,1.785936789896,104.05100583044
    ));
#2732 = CARTESIAN_POINT('',(1.48440980866,1.863779522806,103.99948400925
    ));
#2733 = CARTESIAN_POINT('',(1.368366294659,1.935381560507,
    103.95262810873));
#2734 = CARTESIAN_POINT('',(1.247872613334,2.,103.91073629543));
#2735 = SPHERICAL_SURFACE('',#2736,3.8);
#2736 = AXIS2_PLACEMENT_3D('',#2737,#2738,#2739);
#2737 = CARTESIAN_POINT('',(0.,2.,107.5));
#2738 = DIRECTION('',(0.,0.,1.));
#2739 = DIRECTION('',(1.,0.,-0.));
#2740 = ADVANCED_FACE('',(#2741),#2848,.T.);
#2741 = FACE_BOUND('',#2742,.T.);
#2742 = EDGE_LOOP('',(#2743,#2744,#2745,#2788,#2847));
#2743 = ORIENTED_EDGE('',*,*,#2582,.F.);
#2744 = ORIENTED_EDGE('',*,*,#2676,.F.);
#2745 = ORIENTED_EDGE('',*,*,#2746,.T.);
#2746 = EDGE_CURVE('',#2677,#2747,#2749,.T.);
#2747 = VERTEX_POINT('',#2748);
#2748 = CARTESIAN_POINT('',(6.311412603914E-16,2.311829596766,
    103.71281604584));
#2749 = B_SPLINE_CURVE_WITH_KNOTS('',7,(#2750,#2751,#2752,#2753,#2754,
    #2755,#2756,#2757,#2758,#2759,#2760,#2761,#2762,#2763,#2764,#2765,
    #2766,#2767,#2768,#2769,#2770,#2771,#2772,#2773,#2774,#2775,#2776,
    #2777,#2778,#2779,#2780,#2781,#2782,#2783,#2784,#2785,#2786,#2787),
  .UNSPECIFIED.,.F.,.F.,(8,6,6,6,6,6,8),(0.,0.263689796351,
    0.455648316864,0.582935597214,0.648060939043,0.796286111605,1.),
  .UNSPECIFIED.);
#2750 = CARTESIAN_POINT('',(1.247872613334,2.,103.91073629543));
#2751 = CARTESIAN_POINT('',(1.187021755704,2.032633142407,
    103.88958039133));
#2752 = CARTESIAN_POINT('',(1.125047235024,2.063429416338,103.8697290042
    ));
#2753 = CARTESIAN_POINT('',(1.062107696737,2.092298596199,
    103.85121506384));
#2754 = CARTESIAN_POINT('',(0.998448286053,2.119130596108,
    103.83408584191));
#2755 = CARTESIAN_POINT('',(0.934414139208,2.143812644997,
    103.81839128373));
#2756 = CARTESIAN_POINT('',(0.870493386631,2.166253820372,103.8041693153
    ));
#2757 = CARTESIAN_POINT('',(0.761282803474,2.201099670743,
    103.78214768787));
#2758 = CARTESIAN_POINT('',(0.715654752139,2.214573967356,
    103.77365336525));
#2759 = CARTESIAN_POINT('',(0.670679228507,2.226816917714,
    103.76595187687));
#2760 = CARTESIAN_POINT('',(0.626678242983,2.237818188413,
    103.75904397101));
#2761 = CARTESIAN_POINT('',(0.583994718834,2.247600239843,
    103.75291075685));
#2762 = CARTESIAN_POINT('',(0.54294856955,2.256222253989,103.74751141387
    ));
#2763 = CARTESIAN_POINT('',(0.477804620447,2.268775586948,
    103.73965800513));
#2764 = CARTESIAN_POINT('',(0.45265052668,2.27330944179,103.73682397636)
  );
#2765 = CARTESIAN_POINT('',(0.428387257477,2.27739718078,103.73427058962
    ));
#2766 = CARTESIAN_POINT('',(0.405052630068,2.281071467657,
    103.73197680284));
#2767 = CARTESIAN_POINT('',(0.38265620005,2.284368940865,103.72991926013
    ));
#2768 = CARTESIAN_POINT('',(0.36118439629,2.287326724162,103.72807443885
    ));
#2769 = CARTESIAN_POINT('',(0.330076736494,2.291335917145,
    103.72557472629));
#2770 = CARTESIAN_POINT('',(0.31978105127,2.292613009099,103.72477863684
    ));
#2771 = CARTESIAN_POINT('',(0.309713627324,2.293814959655,
    103.72402953376));
#2772 = CARTESIAN_POINT('',(0.299868645338,2.294946299837,
    103.72332456188));
#2773 = CARTESIAN_POINT('',(0.290239439511,2.296011345131,
    103.72266100555));
#2774 = CARTESIAN_POINT('',(0.280818497556,2.297014195488,
    103.72203628856));
#2775 = CARTESIAN_POINT('',(0.250610395754,2.300108506443,
    103.72010897177));
#2776 = CARTESIAN_POINT('',(0.230661405516,2.301955919121,
    103.71895872529));
#2777 = CARTESIAN_POINT('',(0.211651918106,2.303546757109,
    103.71796850056));
#2778 = CARTESIAN_POINT('',(0.193475915407,2.304918823302,
    103.71711463342));
#2779 = CARTESIAN_POINT('',(0.176029267072,2.306102495985,
    103.71637813456));
#2780 = CARTESIAN_POINT('',(0.159213542344,2.307121764861,
    103.71574401729));
#2781 = CARTESIAN_POINT('',(0.120560854185,2.309196907742,
    103.71445315379));
#2782 = CARTESIAN_POINT('',(9.920545268077E-02,2.310123654519,
    103.71387679306));
#2783 = CARTESIAN_POINT('',(7.862291029869E-02,2.310824536107,
    103.71344096414));
#2784 = CARTESIAN_POINT('',(5.86001607521E-02,2.311331713114,
    103.71312560922));
#2785 = CARTESIAN_POINT('',(3.894474276837E-02,2.311663948259,
    103.71291903706));
#2786 = CARTESIAN_POINT('',(1.947328651074E-02,2.311829596766,
    103.71281604584));
#2787 = CARTESIAN_POINT('',(6.311412603914E-16,2.311829596766,
    103.71281604584));
#2788 = ORIENTED_EDGE('',*,*,#2789,.T.);
#2789 = EDGE_CURVE('',#2747,#2653,#2790,.T.);
#2790 = B_SPLINE_CURVE_WITH_KNOTS('',7,(#2791,#2792,#2793,#2794,#2795,
    #2796,#2797,#2798,#2799,#2800,#2801,#2802,#2803,#2804,#2805,#2806,
    #2807,#2808,#2809,#2810,#2811,#2812,#2813,#2814,#2815,#2816,#2817,
    #2818,#2819,#2820,#2821,#2822,#2823,#2824,#2825,#2826,#2827,#2828,
    #2829,#2830,#2831,#2832,#2833,#2834,#2835,#2836,#2837,#2838,#2839,
    #2840,#2841,#2842,#2843,#2844,#2845,#2846),.UNSPECIFIED.,.F.,.F.,(8,
    6,6,6,6,6,6,6,6,8),(0.,5.026239464484E-02,0.1220819404,
    0.146494107948,0.221383338751,0.323546246122,0.486125615322,
    0.594697845551,0.80222610762,1.),.UNSPECIFIED.);
#2791 = CARTESIAN_POINT('',(4.440892098501E-16,2.311829596766,
    103.71281604584));
#2792 = CARTESIAN_POINT('',(-1.78502724862E-02,2.311829596766,
    103.71281604584));
#2793 = CARTESIAN_POINT('',(-3.569941103798E-02,2.311690342378,
    103.71290262715));
#2794 = CARTESIAN_POINT('',(-5.369017150437E-02,2.311411282685,
    103.71307613584));
#2795 = CARTESIAN_POINT('',(-7.196366674502E-02,2.310986393035,
    103.71334032367));
#2796 = CARTESIAN_POINT('',(-9.066696546877E-02,2.310402410729,
    103.71370345516));
#2797 = CARTESIAN_POINT('',(-0.109960691072,2.309637070724,
    103.71417941476));
#2798 = CARTESIAN_POINT('',(-0.158698671328,2.307257413595,
    103.71565957952));
#2799 = CARTESIAN_POINT('',(-0.188932015681,2.305420027854,
    103.71680262992));
#2800 = CARTESIAN_POINT('',(-0.221277485391,2.303047703379,
    103.71827879496));
#2801 = CARTESIAN_POINT('',(-0.25631456,2.299988613903,103.72018291225)
  );
#2802 = CARTESIAN_POINT('',(-0.294691048899,2.296036201274,
    103.72264415617));
#2803 = CARTESIAN_POINT('',(-0.337022454333,2.29085547321,103.7258724846
    ));
#2804 = CARTESIAN_POINT('',(-0.399240614155,2.281806011084,
    103.73151903981));
#2805 = CARTESIAN_POINT('',(-0.415493514912,2.27932927725,
    103.73306493037));
#2806 = CARTESIAN_POINT('',(-0.432218351415,2.276658650563,
    103.73473243647));
#2807 = CARTESIAN_POINT('',(-0.449411831838,2.27378120727,
    103.73652979733));
#2808 = CARTESIAN_POINT('',(-0.467064164889,2.270684595157,
    103.7384649356));
#2809 = CARTESIAN_POINT('',(-0.485158458818,2.26735769224,
    103.74054505102));
#2810 = CARTESIAN_POINT('',(-0.560458363231,2.252850534477,
    103.74962075488));
#2811 = CARTESIAN_POINT('',(-0.621156321083,2.239659120223,
    103.75788462567));
#2812 = CARTESIAN_POINT('',(-0.685040881511,2.223958220293,
    103.76773818918));
#2813 = CARTESIAN_POINT('',(-0.751059433966,2.205596430741,
    103.77928889217));
#2814 = CARTESIAN_POINT('',(-0.818169136097,2.18461297039,
    103.79253022384));
#2815 = CARTESIAN_POINT('',(-0.885612400203,2.161117090793,
    103.80741388439));
#2816 = CARTESIAN_POINT('',(-1.044538993774,2.099917880107,
    103.8463557526));
#2817 = CARTESIAN_POINT('',(-1.135873355942,2.060141343223,
    103.87179092241));
#2818 = CARTESIAN_POINT('',(-1.225660426298,2.016120202342,
    103.90011149389));
#2819 = CARTESIAN_POINT('',(-1.313128970261,1.968191675077,
    103.93117211033));
#2820 = CARTESIAN_POINT('',(-1.39778117033,1.916709067433,103.9648215017
    ));
#2821 = CARTESIAN_POINT('',(-1.47929335329,1.862009742413,
    104.00091991889));
#2822 = CARTESIAN_POINT('',(-1.681893287317,1.712671146669,
    104.10054264942));
#2823 = CARTESIAN_POINT('',(-1.797765838919,1.61362453586,
    104.16760644414));
#2824 = CARTESIAN_POINT('',(-1.904190446642,1.508543809284,
    104.24003734337));
#2825 = CARTESIAN_POINT('',(-2.000804790415,1.398725664867,
    104.31732789261));
#2826 = CARTESIAN_POINT('',(-2.087496446459,1.285383844489,
    104.39901236608));
#2827 = CARTESIAN_POINT('',(-2.164375726843,1.169628363791,
    104.48467304008));
#2828 = CARTESIAN_POINT('',(-2.276644802858,0.974188073382,
    104.63359129988));
#2829 = CARTESIAN_POINT('',(-2.317332828299,0.895295446911,
    104.69483757953));
#2830 = CARTESIAN_POINT('',(-2.353829974856,0.81606061401,
    104.75759807042));
#2831 = CARTESIAN_POINT('',(-2.386235577482,0.736758648342,
    104.82177824028));
#2832 = CARTESIAN_POINT('',(-2.414669553981,0.657646085549,
    104.88729328911));
#2833 = CARTESIAN_POINT('',(-2.43926858252,0.57896118343,104.95406893544
    ));
#2834 = CARTESIAN_POINT('',(-2.500157354718,0.351761885057,
    105.15196837219));
#2835 = CARTESIAN_POINT('',(-2.526659272202,0.205000915739,
    105.28624094521));
#2836 = CARTESIAN_POINT('',(-2.54075571305,6.213785143797E-02,
    105.42445147962));
#2837 = CARTESIAN_POINT('',(-2.543652323247,-7.547089289756E-02,
    105.5662778756));
#2838 = CARTESIAN_POINT('',(-2.53669755392,-0.206597787925,
    105.71148354871));
#2839 = CARTESIAN_POINT('',(-2.521404147432,-0.330103852244,
    105.85993712909));
#2840 = CARTESIAN_POINT('',(-2.478600540917,-0.55424038204,
    106.15623721773));
#2841 = CARTESIAN_POINT('',(-2.451713163426,-0.655596676129,
    106.30368376363));
#2842 = CARTESIAN_POINT('',(-2.420313611533,-0.748044301948,
    106.45407182099));
#2843 = CARTESIAN_POINT('',(-2.386066951625,-0.830520158461,
    106.60740400093));
#2844 = CARTESIAN_POINT('',(-2.350930258765,-0.901844677183,
    106.76360326868));
#2845 = CARTESIAN_POINT('',(-2.317218475798,-0.960740575455,
    106.92251929218));
#2846 = CARTESIAN_POINT('',(-2.287142798774,-1.005957446809,
    107.08382978723));
#2847 = ORIENTED_EDGE('',*,*,#2652,.F.);
#2848 = SPHERICAL_SURFACE('',#2849,3.8);
#2849 = AXIS2_PLACEMENT_3D('',#2850,#2851,#2852);
#2850 = CARTESIAN_POINT('',(0.,2.,107.5));
#2851 = DIRECTION('',(0.,0.,1.));
#2852 = DIRECTION('',(1.,0.,-0.));
#2853 = ADVANCED_FACE('',(#2854),#2865,.T.);
#2854 = FACE_BOUND('',#2855,.T.);
#2855 = EDGE_LOOP('',(#2856,#2857,#2858));
#2856 = ORIENTED_EDGE('',*,*,#2687,.T.);
#2857 = ORIENTED_EDGE('',*,*,#2631,.F.);
#2858 = ORIENTED_EDGE('',*,*,#2859,.F.);
#2859 = EDGE_CURVE('',#2688,#2632,#2860,.T.);
#2860 = CIRCLE('',#2861,2.539780130209);
#2861 = AXIS2_PLACEMENT_3D('',#2862,#2863,#2864);
#2862 = CARTESIAN_POINT('',(0.,-0.132600434029,105.40879479164));
#2863 = DIRECTION('',(0.,-8.304547985374E-02,-0.996545758245));
#2864 = DIRECTION('',(0.,0.996545758245,-8.304547985374E-02));
#2865 = SPHERICAL_SURFACE('',#2866,3.);
#2866 = AXIS2_PLACEMENT_3D('',#2867,#2868,#2869);
#2867 = CARTESIAN_POINT('',(0.,0.,107.));
#2868 = DIRECTION('',(0.,0.,1.));
#2869 = DIRECTION('',(1.,0.,-0.));
#2870 = ADVANCED_FACE('',(#2871),#3029,.T.);
#2871 = FACE_BOUND('',#2872,.T.);
#2872 = EDGE_LOOP('',(#2873,#2874,#2875,#2883,#2980,#3025,#3026,#3027,
    #3028));
#2873 = ORIENTED_EDGE('',*,*,#2661,.T.);
#2874 = ORIENTED_EDGE('',*,*,#2789,.F.);
#2875 = ORIENTED_EDGE('',*,*,#2876,.F.);
#2876 = EDGE_CURVE('',#2877,#2747,#2879,.T.);
#2877 = VERTEX_POINT('',#2878);
#2878 = CARTESIAN_POINT('',(6.521619490826E-16,2.111278367679,
    100.27274981036));
#2879 = LINE('',#2880,#2881);
#2880 = CARTESIAN_POINT('',(6.858022075225E-16,1.790328123086,
    94.76747265641));
#2881 = VECTOR('',#2882,1.);
#2882 = DIRECTION('',(-6.100189996455E-18,5.819983443112E-02,
    0.998304953044));
#2883 = ORIENTED_EDGE('',*,*,#2884,.T.);
#2884 = EDGE_CURVE('',#2877,#2885,#2887,.T.);
#2885 = VERTEX_POINT('',#2886);
#2886 = CARTESIAN_POINT('',(2.176445618663,-2.,101.17726162745));
#2887 = B_SPLINE_CURVE_WITH_KNOTS('',7,(#2888,#2889,#2890,#2891,#2892,
    #2893,#2894,#2895,#2896,#2897,#2898,#2899,#2900,#2901,#2902,#2903,
    #2904,#2905,#2906,#2907,#2908,#2909,#2910,#2911,#2912,#2913,#2914,
    #2915,#2916,#2917,#2918,#2919,#2920,#2921,#2922,#2923,#2924,#2925,
    #2926,#2927,#2928,#2929,#2930,#2931,#2932,#2933,#2934,#2935,#2936,
    #2937,#2938,#2939,#2940,#2941,#2942,#2943,#2944,#2945,#2946,#2947,
    #2948,#2949,#2950,#2951,#2952,#2953,#2954,#2955,#2956,#2957,#2958,
    #2959,#2960,#2961,#2962,#2963,#2964,#2965,#2966,#2967,#2968,#2969,
    #2970,#2971,#2972,#2973,#2974,#2975,#2976,#2977,#2978,#2979),
  .UNSPECIFIED.,.F.,.F.,(8,6,6,6,6,6,6,6,6,6,6,6,6,6,6,8),(0.,
    0.128167163365,0.196981658723,0.272738072392,0.326155604316,
    0.365784320276,0.464614669958,0.525021788904,0.546907100742,
    0.592192984724,0.690611645794,0.751471715104,0.81233178453,
    0.836368919449,0.910768032852,1.),.UNSPECIFIED.);
#2888 = CARTESIAN_POINT('',(4.440892098501E-16,2.111278367679,
    100.27274981036));
#2889 = CARTESIAN_POINT('',(-0.214145558929,2.111278367679,
    100.27274981036));
#2890 = CARTESIAN_POINT('',(-0.428337559483,2.091418581879,
    100.27723699907));
#2891 = CARTESIAN_POINT('',(-0.640114558644,2.051685106505,
    100.28621456087));
#2892 = CARTESIAN_POINT('',(-0.847139377845,1.992475873004,
    100.29958466551));
#2893 = CARTESIAN_POINT('',(-1.047189726193,1.914505388959,
    100.31717038034));
#2894 = CARTESIAN_POINT('',(-1.238169997905,1.818785943224,
    100.3387223229));
#2895 = CARTESIAN_POINT('',(-1.514774586632,1.646497075041,
    100.37743365027));
#2896 = CARTESIAN_POINT('',(-1.608247873781,1.581576662842,
    100.39200758013));
#2897 = CARTESIAN_POINT('',(-1.698273672453,1.512126697127,
    100.40758271474));
#2898 = CARTESIAN_POINT('',(-1.784583125499,1.438368674301,
    100.42410557455));
#2899 = CARTESIAN_POINT('',(-1.866928511409,1.360541695017,
    100.44151876011));
#2900 = CARTESIAN_POINT('',(-1.945082804174,1.278901230463,
    100.4597613831));
#2901 = CARTESIAN_POINT('',(-2.100036116372,1.099941360228,
    100.49969512562));
#2902 = CARTESIAN_POINT('',(-2.175905568307,1.001868148878,
    100.52154913977));
#2903 = CARTESIAN_POINT('',(-2.246172556631,0.899859232537,
    100.54424621543));
#2904 = CARTESIAN_POINT('',(-2.31059698299,0.794291177388,
    100.56769803913));
#2905 = CARTESIAN_POINT('',(-2.368972857963,0.685554924002,
    100.59181373903));
#2906 = CARTESIAN_POINT('',(-2.421127476028,0.574054573474,
    100.61650031583));
#2907 = CARTESIAN_POINT('',(-2.499210333891,0.37992913506,100.6594058937
    ));
#2908 = CARTESIAN_POINT('',(-2.528337698486,0.298483411926,
    100.67738574679));
#2909 = CARTESIAN_POINT('',(-2.554253939624,0.216014407869,
    100.69556951592));
#2910 = CARTESIAN_POINT('',(-2.576918865467,0.132669014582,
    100.7139239964));
#2911 = CARTESIAN_POINT('',(-2.596300837034,4.859561174608E-02,
    100.73241589581));
#2912 = CARTESIAN_POINT('',(-2.612376768192,-3.605593297018E-02,
    100.75101183399));
#2913 = CARTESIAN_POINT('',(-2.634594907266,-0.184251088853,
    100.78352641427));
#2914 = CARTESIAN_POINT('',(-2.642230207984,-0.247603073909,
    100.79741338658));
#2915 = CARTESIAN_POINT('',(-2.648032086523,-0.31112853228,
    100.81132562389));
#2916 = CARTESIAN_POINT('',(-2.651997281681,-0.374765690331,
    100.82524954512));
#2917 = CARTESIAN_POINT('',(-2.654125212351,-0.438452687584,
    100.83917162425));
#2918 = CARTESIAN_POINT('',(-2.654417977515,-0.502127576722,
    100.85307839028));
#2919 = CARTESIAN_POINT('',(-2.649045671142,-0.724342699568,
    100.90156696689));
#2920 = CARTESIAN_POINT('',(-2.633826663895,-0.882506292558,
    100.93600107908));
#2921 = CARTESIAN_POINT('',(-2.607295819443,-1.039243138285,
    100.97004762652));
#2922 = CARTESIAN_POINT('',(-2.569638306746,-1.193596936956,
    101.00350258938));
#2923 = CARTESIAN_POINT('',(-2.52114430222,-1.344629363052,
    101.03616839832));
#2924 = CARTESIAN_POINT('',(-2.462219073432,-1.491423717354,
    101.06785427795));
#2925 = CARTESIAN_POINT('',(-2.351353821573,-1.719685629936,
    101.11703407601));
#2926 = CARTESIAN_POINT('',(-2.305603191864,-1.804365809723,
    101.13525683593));
#2927 = CARTESIAN_POINT('',(-2.256283384536,-1.886933424299,
    101.15300445357));
#2928 = CARTESIAN_POINT('',(-2.203536469844,-1.967194563146,
    101.1702372559));
#2929 = CARTESIAN_POINT('',(-2.147523806737,-2.044964128997,
    101.18691762501));
#2930 = CARTESIAN_POINT('',(-2.088427711886,-2.120067525364,
    101.20301029947));
#2931 = CARTESIAN_POINT('',(-2.003999929457,-2.218527286709,
    101.22408826965));
#2932 = CARTESIAN_POINT('',(-1.98116887109,-2.244341021881,
    101.22961245834));
#2933 = CARTESIAN_POINT('',(-1.957969675091,-2.269775843864,
    101.23505369553));
#2934 = CARTESIAN_POINT('',(-1.934412439922,-2.294824327178,
    101.24041049513));
#2935 = CARTESIAN_POINT('',(-1.910507641031,-2.319479326574,
    101.24568143119));
#2936 = CARTESIAN_POINT('',(-1.886266130857,-2.343733977037,
    101.2508651379));
#2937 = CARTESIAN_POINT('',(-1.810864224568,-2.416928257439,
    101.26650342444));
#2938 = CARTESIAN_POINT('',(-1.758635346361,-2.464532854449,
    101.27666754373));
#2939 = CARTESIAN_POINT('',(-1.705112317741,-2.510336896556,
    101.28644104243));
#2940 = CARTESIAN_POINT('',(-1.650401814538,-2.554288153771,
    101.29581364754));
#2941 = CARTESIAN_POINT('',(-1.594616614141,-2.596341809356,
    101.30477664772));
#2942 = CARTESIAN_POINT('',(-1.537874834763,-2.636461514797,
    101.31332310295));
#2943 = CARTESIAN_POINT('',(-1.355171455535,-2.757550277828,
    101.33910580398));
#2944 = CARTESIAN_POINT('',(-1.226042307906,-2.831260341022,
    101.3547815148));
#2945 = CARTESIAN_POINT('',(-1.094263771428,-2.895393977526,
    101.36840693743));
#2946 = CARTESIAN_POINT('',(-0.961160410584,-2.949934212038,
    101.37998527433));
#2947 = CARTESIAN_POINT('',(-0.827917282105,-2.995187534116,
    101.3895866503));
#2948 = CARTESIAN_POINT('',(-0.695279434111,-3.031672903954,
    101.39732458816));
#2949 = CARTESIAN_POINT('',(-0.482161971937,-3.077350040013,
    101.40700925862));
#2950 = CARTESIAN_POINT('',(-0.401069697583,-3.091649477374,
    101.41004026793));
#2951 = CARTESIAN_POINT('',(-0.320359141194,-3.102920662536,
    101.41242892872));
#2952 = CARTESIAN_POINT('',(-0.24000213362,-3.11128256121,
    101.41420081503));
#2953 = CARTESIAN_POINT('',(-0.159911278844,-3.116825552072,
    101.41537530195));
#2954 = CARTESIAN_POINT('',(-7.995836863606E-02,-3.119597415593,
    101.41596262294));
#2955 = CARTESIAN_POINT('',(7.995834233786E-02,-3.119597416379,
    101.4159626231));
#2956 = CARTESIAN_POINT('',(0.159911252668,-3.116825553633,
    101.41537530228));
#2957 = CARTESIAN_POINT('',(0.240002107534,-3.111282563544,
    101.41420081552));
#2958 = CARTESIAN_POINT('',(0.320359115175,-3.10292066565,
    101.41242892938));
#2959 = CARTESIAN_POINT('',(0.401069671617,-3.091649481282,
    101.41004026875));
#2960 = CARTESIAN_POINT('',(0.482161946022,-3.077350044729,
    101.40700925962));
#2961 = CARTESIAN_POINT('',(0.595755748989,-3.053003661793,
    101.40184723074));
#2962 = CARTESIAN_POINT('',(0.627969728878,-3.045618797472,
    101.40028133059));
#2963 = CARTESIAN_POINT('',(0.660232385944,-3.037734517435,
    101.39860938125));
#2964 = CARTESIAN_POINT('',(0.69253869409,-3.029343260307,
    101.39682974205));
#2965 = CARTESIAN_POINT('',(0.724881836912,-3.020437700463,
    101.39494081747));
#2966 = CARTESIAN_POINT('',(0.757253207695,-3.011010748027,
    101.39294105712));
#2967 = CARTESIAN_POINT('',(0.889892622261,-2.97024247596,
    101.38429163467));
#2968 = CARTESIAN_POINT('',(0.990331790616,-2.934364218469,
    101.37667711354));
#2969 = CARTESIAN_POINT('',(1.090623451052,-2.893231077596,
    101.36794361959));
#2970 = CARTESIAN_POINT('',(1.190312426829,-2.846700179996,
    101.3580588397));
#2971 = CARTESIAN_POINT('',(1.288866132937,-2.794711930545,
    101.34700759503));
#2972 = CARTESIAN_POINT('',(1.385716019381,-2.737306515968,
    101.33479542169));
#2973 = CARTESIAN_POINT('',(1.59373920145,-2.599436765761,
    101.30543964613));
#2974 = CARTESIAN_POINT('',(1.703943760061,-2.516640459689,
    101.28779476838));
#2975 = CARTESIAN_POINT('',(1.809967627891,-2.426439879089,
    101.26855202606));
#2976 = CARTESIAN_POINT('',(1.91094314177,-2.329186331049,
    101.24777976786));
#2977 = CARTESIAN_POINT('',(2.00610515639,-2.225332321791,
    101.22556761341));
#2978 = CARTESIAN_POINT('',(2.094795316175,-2.115405740932,
    101.20202141083));
#2979 = CARTESIAN_POINT('',(2.176445618663,-2.,101.17726162745));
#2980 = ORIENTED_EDGE('',*,*,#2981,.T.);
#2981 = EDGE_CURVE('',#2885,#2877,#2982,.T.);
#2982 = B_SPLINE_CURVE_WITH_KNOTS('',6,(#2983,#2984,#2985,#2986,#2987,
    #2988,#2989,#2990,#2991,#2992,#2993,#2994,#2995,#2996,#2997,#2998,
    #2999,#3000,#3001,#3002,#3003,#3004,#3005,#3006,#3007,#3008,#3009,
    #3010,#3011,#3012,#3013,#3014,#3015,#3016,#3017,#3018,#3019,#3020,
    #3021,#3022,#3023,#3024),.UNSPECIFIED.,.F.,.F.,(7,5,5,5,5,5,5,5,7),(
    0.,7.584557836518E-02,0.274003713555,0.352365106533,0.457723634605,
    0.608772395319,0.74550389835,0.872669739518,1.),.UNSPECIFIED.);
#2983 = CARTESIAN_POINT('',(2.176445618663,-2.,101.17726162745));
#2984 = CARTESIAN_POINT('',(2.217175540526,-1.942431728145,
    101.1649106133));
#2985 = CARTESIAN_POINT('',(2.256105660246,-1.883458093637,
    101.15224834982));
#2986 = CARTESIAN_POINT('',(2.293159866766,-1.823158461042,
    101.13929091335));
#2987 = CARTESIAN_POINT('',(2.328269277218,-1.761615270237,
    101.12605510171));
#2988 = CARTESIAN_POINT('',(2.36137223693,-1.698914036408,
    101.11255843423));
#2989 = CARTESIAN_POINT('',(2.4735164919,-1.468532710907,101.06292318187
    ));
#2990 = CARTESIAN_POINT('',(2.540554521662,-1.294612862521,
    101.02536918427));
#2991 = CARTESIAN_POINT('',(2.592542242867,-1.114973910767,
    100.98648486557));
#2992 = CARTESIAN_POINT('',(2.628838979751,-0.931279897502,
    100.9466175957));
#2993 = CARTESIAN_POINT('',(2.649047557577,-0.745235909878,
    100.90612945601));
#2994 = CARTESIAN_POINT('',(2.654622922384,-0.484787179054,
    100.84929315062));
#2995 = CARTESIAN_POINT('',(2.653667498668,-0.410884195431,
    100.8331483132));
#2996 = CARTESIAN_POINT('',(2.650168750947,-0.336992214602,
    100.81698828331));
#2997 = CARTESIAN_POINT('',(2.644124867628,-0.263217839675,
    100.80083629235));
#2998 = CARTESIAN_POINT('',(2.635540152943,-0.189667465965,
    100.7847156954));
#2999 = CARTESIAN_POINT('',(2.6094805081,-1.800121435841E-02,
    100.74704926975));
#3000 = CARTESIAN_POINT('',(2.589961542406,7.984862188779E-02,
    100.72554761381));
#3001 = CARTESIAN_POINT('',(2.565893425838,0.176843676682,100.7042021877
    ));
#3002 = CARTESIAN_POINT('',(2.537320781923,0.272728773978,
    100.68306997463));
#3003 = CARTESIAN_POINT('',(2.504307561741,0.367252112748,
    100.66220775669));
#3004 = CARTESIAN_POINT('',(2.413360266554,0.593371539499,
    100.61223089806));
#3005 = CARTESIAN_POINT('',(2.350825980559,0.72327176525,100.58346013871
    ));
#3006 = CARTESIAN_POINT('',(2.279581746806,0.849131522269,
    100.55552699645));
#3007 = CARTESIAN_POINT('',(2.19995172748,0.970244603457,100.52859462326
    ));
#3008 = CARTESIAN_POINT('',(2.112339614145,1.085937333545,
    100.50282063144));
#3009 = CARTESIAN_POINT('',(1.931138378301,1.294816559472,100.4562094294
    ));
#3010 = CARTESIAN_POINT('',(1.83890004408,1.389100315806,100.43513507998
    ));
#3011 = CARTESIAN_POINT('',(1.740878237252,1.477951730117,
    100.41524416051));
#3012 = CARTESIAN_POINT('',(1.637481772281,1.560933663762,100.3966411856
    ));
#3013 = CARTESIAN_POINT('',(1.529168126488,1.637648572423,
    100.37942203231));
#3014 = CARTESIAN_POINT('',(1.311607869378,1.772933300699,
    100.34902467156));
#3015 = CARTESIAN_POINT('',(1.202953259161,1.832399214593,
    100.33564755425));
#3016 = CARTESIAN_POINT('',(1.090890365352,1.885856068268,
    100.32361005704));
#3017 = CARTESIAN_POINT('',(0.975855381421,1.933059336792,
    100.31297193776));
#3018 = CARTESIAN_POINT('',(0.858311195178,1.973807442663,
    100.30378271733));
#3019 = CARTESIAN_POINT('',(0.619028440388,2.042126176468,
    100.28836864137));
#3020 = CARTESIAN_POINT('',(0.497280283536,2.069680937222,100.2821473525
    ));
#3021 = CARTESIAN_POINT('',(0.373994742172,2.090452855086,
    100.27745521444));
#3022 = CARTESIAN_POINT('',(0.249675566455,2.104336479997,
    100.27431828286));
#3023 = CARTESIAN_POINT('',(0.124836562865,2.111278367679,
    100.27274981036));
#3024 = CARTESIAN_POINT('',(6.521619490826E-16,2.111278367679,
    100.27274981036));
#3025 = ORIENTED_EDGE('',*,*,#2876,.T.);
#3026 = ORIENTED_EDGE('',*,*,#2746,.F.);
#3027 = ORIENTED_EDGE('',*,*,#2696,.F.);
#3028 = ORIENTED_EDGE('',*,*,#2859,.T.);
#3029 = CONICAL_SURFACE('',#3030,2.8,2.490849132787E-02);
#3030 = AXIS2_PLACEMENT_3D('',#3031,#3032,#3033);
#3031 = CARTESIAN_POINT('',(0.,-1.,95.));
#3032 = DIRECTION('',(-0.,-8.304547985374E-02,-0.996545758245));
#3033 = DIRECTION('',(0.,0.996545758245,-8.304547985374E-02));
#3034 = ADVANCED_FACE('',(#3035),#3114,.T.);
#3035 = FACE_BOUND('',#3036,.T.);
#3036 = EDGE_LOOP('',(#3037,#3048,#3055,#3056,#3057,#3058,#3067,#3087,
    #3096));
#3037 = ORIENTED_EDGE('',*,*,#3038,.T.);
#3038 = EDGE_CURVE('',#3039,#3041,#3043,.T.);
#3039 = VERTEX_POINT('',#3040);
#3040 = CARTESIAN_POINT('',(6.405995809463,-5.900412486383,94.));
#3041 = VERTEX_POINT('',#3042);
#3042 = CARTESIAN_POINT('',(6.625644309056,-2.,97.51437583219));
#3043 = CIRCLE('',#3044,3.920828197748);
#3044 = AXIS2_PLACEMENT_3D('',#3045,#3046,#3047);
#3045 = CARTESIAN_POINT('',(6.381069765771,-2.,93.601183139639));
#3046 = DIRECTION('',(-0.998052578483,0.,6.237828615518E-02));
#3047 = DIRECTION('',(-6.237828615518E-02,0.,-0.998052578483));
#3048 = ORIENTED_EDGE('',*,*,#3049,.T.);
#3049 = EDGE_CURVE('',#3041,#2885,#3050,.T.);
#3050 = CIRCLE('',#3051,7.5);
#3051 = AXIS2_PLACEMENT_3D('',#3052,#3053,#3054);
#3052 = CARTESIAN_POINT('',(0.,-2.,94.));
#3053 = DIRECTION('',(-2.449293598295E-16,-1.,0.));
#3054 = DIRECTION('',(1.,-2.449293598295E-16,0.));
#3055 = ORIENTED_EDGE('',*,*,#2884,.F.);
#3056 = ORIENTED_EDGE('',*,*,#2981,.F.);
#3057 = ORIENTED_EDGE('',*,*,#3049,.F.);
#3058 = ORIENTED_EDGE('',*,*,#3059,.T.);
#3059 = EDGE_CURVE('',#3041,#3060,#3062,.T.);
#3060 = VERTEX_POINT('',#3061);
#3061 = CARTESIAN_POINT('',(6.405995809463,1.900412486383,94.));
#3062 = CIRCLE('',#3063,3.920828197748);
#3063 = AXIS2_PLACEMENT_3D('',#3064,#3065,#3066);
#3064 = CARTESIAN_POINT('',(6.381069765771,-2.,93.601183139639));
#3065 = DIRECTION('',(-0.998052578483,0.,6.237828615518E-02));
#3066 = DIRECTION('',(-6.237828615518E-02,0.,-0.998052578483));
#3067 = ORIENTED_EDGE('',*,*,#3068,.T.);
#3068 = EDGE_CURVE('',#3060,#3069,#3071,.T.);
#3069 = VERTEX_POINT('',#3070);
#3070 = CARTESIAN_POINT('',(-6.40599581727,1.900412485991,94.));
#3071 = B_SPLINE_CURVE_WITH_KNOTS('',14,(#3072,#3073,#3074,#3075,#3076,
    #3077,#3078,#3079,#3080,#3081,#3082,#3083,#3084,#3085,#3086),
  .UNSPECIFIED.,.T.,.F.,(15,15),(0.,1.),.PIECEWISE_BEZIER_KNOTS.);
#3072 = CARTESIAN_POINT('',(7.5,-2.,94.));
#3073 = CARTESIAN_POINT('',(7.500000000001,1.365992128848,
    93.999999999992));
#3074 = CARTESIAN_POINT('',(5.873142290999,4.731985500157,
    94.000000000046));
#3075 = CARTESIAN_POINT('',(2.619424793239,7.246145099298,93.99999999984
    ));
#3076 = CARTESIAN_POINT('',(-1.774579610548,8.056731968695,
    94.000000000411));
#3077 = CARTESIAN_POINT('',(-6.335817453012,6.61732645758,
    93.999999999191));
#3078 = CARTESIAN_POINT('',(-9.817812762456,2.994139339473,
    94.000000001255));
#3079 = CARTESIAN_POINT('',(-11.12871451534,-1.999999999887,
    93.999999998444));
#3080 = CARTESIAN_POINT('',(-9.817812762461,-6.99413933968,
    94.000000001555));
#3081 = CARTESIAN_POINT('',(-6.335817453005,-10.61732645742,
    93.999999998749));
#3082 = CARTESIAN_POINT('',(-1.774579610555,-12.05673196879,
    94.000000000803));
#3083 = CARTESIAN_POINT('',(2.619424793243,-11.24614509925,93.9999999996
    ));
#3084 = CARTESIAN_POINT('',(5.873142290997,-8.731985500175,
    94.000000000145));
#3085 = CARTESIAN_POINT('',(7.500000000002,-5.365992128844,
    93.999999999968));
#3086 = CARTESIAN_POINT('',(7.5,-2.,94.));
#3087 = ORIENTED_EDGE('',*,*,#3088,.T.);
#3088 = EDGE_CURVE('',#3069,#3089,#3091,.T.);
#3089 = VERTEX_POINT('',#3090);
#3090 = CARTESIAN_POINT('',(-6.40599581727,-5.900412485991,94.));
#3091 = CIRCLE('',#3092,3.920828197748);
#3092 = AXIS2_PLACEMENT_3D('',#3093,#3094,#3095);
#3093 = CARTESIAN_POINT('',(-6.381069765771,-2.,93.601183139639));
#3094 = DIRECTION('',(0.998052578483,0.,6.237828615518E-02));
#3095 = DIRECTION('',(-6.237828615518E-02,0.,0.998052578483));
#3096 = ORIENTED_EDGE('',*,*,#3097,.T.);
#3097 = EDGE_CURVE('',#3089,#3039,#3098,.T.);
#3098 = B_SPLINE_CURVE_WITH_KNOTS('',14,(#3099,#3100,#3101,#3102,#3103,
    #3104,#3105,#3106,#3107,#3108,#3109,#3110,#3111,#3112,#3113),
  .UNSPECIFIED.,.T.,.F.,(15,15),(0.,1.),.PIECEWISE_BEZIER_KNOTS.);
#3099 = CARTESIAN_POINT('',(7.5,-2.,94.));
#3100 = CARTESIAN_POINT('',(7.500000000001,1.365992128848,
    93.999999999992));
#3101 = CARTESIAN_POINT('',(5.873142290999,4.731985500157,
    94.000000000046));
#3102 = CARTESIAN_POINT('',(2.619424793239,7.246145099298,93.99999999984
    ));
#3103 = CARTESIAN_POINT('',(-1.774579610548,8.056731968695,
    94.000000000411));
#3104 = CARTESIAN_POINT('',(-6.335817453012,6.61732645758,
    93.999999999191));
#3105 = CARTESIAN_POINT('',(-9.817812762456,2.994139339473,
    94.000000001255));
#3106 = CARTESIAN_POINT('',(-11.12871451534,-1.999999999887,
    93.999999998444));
#3107 = CARTESIAN_POINT('',(-9.817812762461,-6.99413933968,
    94.000000001555));
#3108 = CARTESIAN_POINT('',(-6.335817453005,-10.61732645742,
    93.999999998749));
#3109 = CARTESIAN_POINT('',(-1.774579610555,-12.05673196879,
    94.000000000803));
#3110 = CARTESIAN_POINT('',(2.619424793243,-11.24614509925,93.9999999996
    ));
#3111 = CARTESIAN_POINT('',(5.873142290997,-8.731985500175,
    94.000000000145));
#3112 = CARTESIAN_POINT('',(7.500000000002,-5.365992128844,
    93.999999999968));
#3113 = CARTESIAN_POINT('',(7.5,-2.,94.));
#3114 = SPHERICAL_SURFACE('',#3115,7.5);
#3115 = AXIS2_PLACEMENT_3D('',#3116,#3117,#3118);
#3116 = CARTESIAN_POINT('',(0.,-2.,94.));
#3117 = DIRECTION('',(0.,0.,1.));
#3118 = DIRECTION('',(1.,0.,-0.));
#3119 = ADVANCED_FACE('',(#3120),#3680,.T.);
#3120 = FACE_BOUND('',#3121,.T.);
#3121 = EDGE_LOOP('',(#3122,#3311,#3317,#3318,#3355,#3388,#3389,#3390,
    #3577));
#3122 = ORIENTED_EDGE('',*,*,#3123,.F.);
#3123 = EDGE_CURVE('',#3124,#3126,#3128,.T.);
#3124 = VERTEX_POINT('',#3125);
#3125 = CARTESIAN_POINT('',(14.438560330758,-2.,96.682649339717));
#3126 = VERTEX_POINT('',#3127);
#3127 = CARTESIAN_POINT('',(13.998292101355,-2.832181299391,
    89.638357585881));
#3128 = B_SPLINE_CURVE_WITH_KNOTS('',6,(#3129,#3130,#3131,#3132,#3133,
    #3134,#3135,#3136,#3137,#3138,#3139,#3140,#3141,#3142,#3143,#3144,
    #3145,#3146,#3147,#3148,#3149,#3150,#3151,#3152,#3153,#3154,#3155,
    #3156,#3157,#3158,#3159,#3160,#3161,#3162,#3163,#3164,#3165,#3166,
    #3167,#3168,#3169,#3170,#3171,#3172,#3173,#3174,#3175,#3176,#3177,
    #3178,#3179,#3180,#3181,#3182,#3183,#3184,#3185,#3186,#3187,#3188,
    #3189,#3190,#3191,#3192,#3193,#3194,#3195,#3196,#3197,#3198,#3199,
    #3200,#3201,#3202,#3203,#3204,#3205,#3206,#3207,#3208,#3209,#3210,
    #3211,#3212,#3213,#3214,#3215,#3216,#3217,#3218,#3219,#3220,#3221,
    #3222,#3223,#3224,#3225,#3226,#3227,#3228,#3229,#3230,#3231,#3232,
    #3233,#3234,#3235,#3236,#3237,#3238,#3239,#3240,#3241,#3242,#3243,
    #3244,#3245,#3246,#3247,#3248,#3249,#3250,#3251,#3252,#3253,#3254,
    #3255,#3256,#3257,#3258,#3259,#3260,#3261,#3262,#3263,#3264,#3265,
    #3266,#3267,#3268,#3269,#3270,#3271,#3272,#3273,#3274,#3275,#3276,
    #3277,#3278,#3279,#3280,#3281,#3282,#3283,#3284,#3285,#3286,#3287,
    #3288,#3289,#3290,#3291,#3292,#3293,#3294,#3295,#3296,#3297,#3298,
    #3299,#3300,#3301,#3302,#3303,#3304,#3305,#3306,#3307,#3308,#3309,
    #3310),.UNSPECIFIED.,.T.,.F.,(7,5,5,5,5,5,5,5,5,5,5,5,5,5,5,5,5,5,5,
    5,5,5,5,5,5,5,5,5,5,5,5,5,5,5,5,5,7),(0.,2.284904216541E-02,
    5.116191381328E-02,8.919693763664E-02,0.111031334705,0.131759139246,
    0.151948237071,0.171627193389,0.18933236254,0.204085097462,
    0.245882931572,0.302433378602,0.321122690103,0.343263344611,
    0.367398688257,0.394076807073,0.439593621824,0.473080842478,
    0.499999814158,0.52691878586,0.560406006565,0.605922821353,
    0.632600940177,0.656736283825,0.678876938334,0.697566249835,
    0.754116696865,0.795914530976,0.810667265898,0.828372435049,
    0.848051391366,0.868240489189,0.888968293724,0.910802690779,
    0.948837714535,0.97715058609,1.),.UNSPECIFIED.);
#3129 = CARTESIAN_POINT('',(14.438560330758,-2.,96.682649339717));
#3130 = CARTESIAN_POINT('',(14.438560330758,-2.076604081904,
    96.682649339717));
#3131 = CARTESIAN_POINT('',(14.438437554257,-2.153198272268,
    96.68068491569));
#3132 = CARTESIAN_POINT('',(14.438192120171,-2.229924295613,
    96.676757970316));
#3133 = CARTESIAN_POINT('',(14.437821960218,-2.306904241589,
    96.670835411073));
#3134 = CARTESIAN_POINT('',(14.437323576529,-2.38422100419,
    96.662861272053));
#3135 = CARTESIAN_POINT('',(14.435911185939,-2.558151299499,
    96.640263022606));
#3136 = CARTESIAN_POINT('',(14.434926223763,-2.654968057053,
    96.624503627793));
#3137 = CARTESIAN_POINT('',(14.433730273444,-2.752365908734,
    96.605368422686));
#3138 = CARTESIAN_POINT('',(14.432314623558,-2.850247205216,
    96.582718024512));
#3139 = CARTESIAN_POINT('',(14.430672612603,-2.948376479893,
    96.556445849224));
#3140 = CARTESIAN_POINT('',(14.426289226593,-3.17815056293,
    96.486311673069));
#3141 = CARTESIAN_POINT('',(14.423363422107,-3.309761790468,
    96.439498801296));
#3142 = CARTESIAN_POINT('',(14.420018319005,-3.440507346528,
    96.385977151655));
#3143 = CARTESIAN_POINT('',(14.416256764998,-3.569580329954,
    96.325792287557));
#3144 = CARTESIAN_POINT('',(14.412089802959,-3.696261727896,
    96.259120894928));
#3145 = CARTESIAN_POINT('',(14.40491637186,-3.890924517359,
    96.144345997342));
#3146 = CARTESIAN_POINT('',(14.402171374695,-3.960931437657,
    96.100426042695));
#3147 = CARTESIAN_POINT('',(14.399300152617,-4.029839611752,
    96.054486489451));
#3148 = CARTESIAN_POINT('',(14.39630572239,-4.097547283894,
    96.006575605829));
#3149 = CARTESIAN_POINT('',(14.393191359814,-4.163962363544,
    95.956745804602));
#3150 = CARTESIAN_POINT('',(14.386893309075,-4.290744888058,
    95.855976992784));
#3151 = CARTESIAN_POINT('',(14.383721146257,-4.351247696025,
    95.805222387688));
#3152 = CARTESIAN_POINT('',(14.380446920143,-4.410439255361,
    95.752834769873));
#3153 = CARTESIAN_POINT('',(14.377073708039,-4.468253818547,
    95.6988633762));
#3154 = CARTESIAN_POINT('',(14.373604717565,-4.524630820889,
    95.643359528619));
#3155 = CARTESIAN_POINT('',(14.366574415815,-4.63297252708,
    95.530874700621));
#3156 = CARTESIAN_POINT('',(14.363017844431,-4.685013526471,
    95.473969558474));
#3157 = CARTESIAN_POINT('',(14.359376650455,-4.735586494839,
    95.415710454856));
#3158 = CARTESIAN_POINT('',(14.355654006213,-4.784643466561,
    95.356148146991));
#3159 = CARTESIAN_POINT('',(14.351853178414,-4.832139894249,
    95.295334902208));
#3160 = CARTESIAN_POINT('',(14.34419980846,-4.922769726909,
    95.172880982947));
#3161 = CARTESIAN_POINT('',(14.340350997873,-4.965982947824,
    95.111300013549));
#3162 = CARTESIAN_POINT('',(14.336434208223,-5.007636119855,
    95.048631379146));
#3163 = CARTESIAN_POINT('',(14.332452624013,-5.047693690499,
    94.984926031788));
#3164 = CARTESIAN_POINT('',(14.328409502412,-5.086122746394,
    94.920236086166));
#3165 = CARTESIAN_POINT('',(14.320618204875,-5.155975245177,
    94.795575325576));
#3166 = CARTESIAN_POINT('',(14.316881117725,-5.187714731173,
    94.735781931187));
#3167 = CARTESIAN_POINT('',(14.313099336433,-5.218089390977,
    94.675273430505));
#3168 = CARTESIAN_POINT('',(14.309275325104,-5.247078784924,
    94.61408924925));
#3169 = CARTESIAN_POINT('',(14.305411587326,-5.274664114009,
    94.552269444803));
#3170 = CARTESIAN_POINT('',(14.298260245037,-5.322629317375,
    94.437847968175));
#3171 = CARTESIAN_POINT('',(14.294984006413,-5.343443664228,
    94.385428150192));
#3172 = CARTESIAN_POINT('',(14.2916834211,-5.363261328893,
    94.332618785177));
#3173 = CARTESIAN_POINT('',(14.288359975083,-5.382073164046,
    94.279443648906));
#3174 = CARTESIAN_POINT('',(14.285015169527,-5.399870806594,
    94.225926760006));
#3175 = CARTESIAN_POINT('',(14.272117709999,-5.464176514031,
    94.019567407564));
#3176 = CARTESIAN_POINT('',(14.262425530128,-5.50350471442,
    93.864492529625));
#3177 = CARTESIAN_POINT('',(14.252608612737,-5.534458314644,
    93.707421851379));
#3178 = CARTESIAN_POINT('',(14.242702184334,-5.556915756938,
    93.548918996924));
#3179 = CARTESIAN_POINT('',(14.232741964911,-5.570806663259,
    93.389555486165));
#3180 = CARTESIAN_POINT('',(14.209264452788,-5.583288942911,
    93.013915292196));
#3181 = CARTESIAN_POINT('',(14.195731915723,-5.574750348977,
    92.797394699153));
#3182 = CARTESIAN_POINT('',(14.182256332022,-5.550446280963,
    92.581785359941));
#3183 = CARTESIAN_POINT('',(14.168926542344,-5.510507273641,
    92.368508725079));
#3184 = CARTESIAN_POINT('',(14.155830136872,-5.455224853375,
    92.158966237536));
#3185 = CARTESIAN_POINT('',(14.138829984072,-5.361891855747,
    91.886963792726));
#3186 = CARTESIAN_POINT('',(14.134642006615,-5.337084212638,
    91.819956153414));
#3187 = CARTESIAN_POINT('',(14.130491902907,-5.31066952326,
    91.753554494086));
#3188 = CARTESIAN_POINT('',(14.126382698576,-5.282666835972,
    91.687807224798));
#3189 = CARTESIAN_POINT('',(14.122317376381,-5.253097263945,
    91.622762069684));
#3190 = CARTESIAN_POINT('',(14.113538282226,-5.185125037403,
    91.4822965632));
#3191 = CARTESIAN_POINT('',(14.108843394134,-5.146099600995,
    91.40717835373));
#3192 = CARTESIAN_POINT('',(14.104219103321,-5.104946172414,
    91.333189700717));
#3193 = CARTESIAN_POINT('',(14.099670189582,-5.061707434939,
    91.26040708089));
#3194 = CARTESIAN_POINT('',(14.095201321122,-5.016430258652,
    91.188905185536));
#3195 = CARTESIAN_POINT('',(14.086037801978,-4.917642997972,
    91.04228887923));
#3196 = CARTESIAN_POINT('',(14.081359070911,-4.863758785418,
    90.967429182158));
#3197 = CARTESIAN_POINT('',(14.076786772318,-4.80757908539,
    90.894272404676));
#3198 = CARTESIAN_POINT('',(14.072326610205,-4.749176414786,
    90.822909810855));
#3199 = CARTESIAN_POINT('',(14.067984081616,-4.688629784793,
    90.753429353445));
#3200 = CARTESIAN_POINT('',(14.05910031588,-4.556823868633,
    90.611289101663));
#3201 = CARTESIAN_POINT('',(14.054586342887,-4.485108197185,
    90.53906553378));
#3202 = CARTESIAN_POINT('',(14.050229666523,-4.410993477367,
    90.469358711957));
#3203 = CARTESIAN_POINT('',(14.046037073832,-4.334606373594,
    90.402277228897));
#3204 = CARTESIAN_POINT('',(14.042014906225,-4.256085193608,
    90.337922547187));
#3205 = CARTESIAN_POINT('',(14.031607141304,-4.038228019171,
    90.171398308444));
#3206 = CARTESIAN_POINT('',(14.025557589674,-3.895088054466,
    90.074605482356));
#3207 = CARTESIAN_POINT('',(14.020050136303,-3.746929613433,
    89.986486228431));
#3208 = CARTESIAN_POINT('',(14.015108814647,-3.594619329064,
    89.907425081935));
#3209 = CARTESIAN_POINT('',(14.010748883703,-3.439119043566,
    89.837666186822));
#3210 = CARTESIAN_POINT('',(14.004198603876,-3.165346033575,
    89.732861709593));
#3211 = CARTESIAN_POINT('',(14.001739098236,-3.048083563961,
    89.693509619364));
#3212 = CARTESIAN_POINT('',(13.999598792425,-2.929992786393,
    89.659264726388));
#3213 = CARTESIAN_POINT('',(13.997775420136,-2.811413130776,
    89.63009076975));
#3214 = CARTESIAN_POINT('',(13.996263870433,-2.692589536974,
    89.605905974509));
#3215 = CARTESIAN_POINT('',(13.99409050441,-2.478090227368,
    89.571132118136));
#3216 = CARTESIAN_POINT('',(13.993320142596,-2.382441564257,
    89.558806329121));
#3217 = CARTESIAN_POINT('',(13.992745107468,-2.286800250149,
    89.549605767075));
#3218 = CARTESIAN_POINT('',(13.992362806194,-2.191187674675,
    89.543488946683));
#3219 = CARTESIAN_POINT('',(13.992171616654,-2.0955950597,
    89.540429914048));
#3220 = CARTESIAN_POINT('',(13.992171616595,-1.904404976004,
    89.540429913094));
#3221 = CARTESIAN_POINT('',(13.992362806075,-1.808812360957,
    89.54348894478));
#3222 = CARTESIAN_POINT('',(13.99274510729,-1.713199785413,
    89.549605764223));
#3223 = CARTESIAN_POINT('',(13.993320142358,-1.617558471236,
    89.558806325317));
#3224 = CARTESIAN_POINT('',(13.994090504112,-1.521909808046,
    89.571132113374));
#3225 = CARTESIAN_POINT('',(13.996263870001,-1.307410498139,
    89.605905967598));
#3226 = CARTESIAN_POINT('',(13.997775419629,-1.188586904106,
    89.630090761652));
#3227 = CARTESIAN_POINT('',(13.999598791845,-1.070007248213,
    89.659264717103));
#3228 = CARTESIAN_POINT('',(14.001739097582,-0.951916470313,
    89.693509608896));
#3229 = CARTESIAN_POINT('',(14.004198603148,-0.8346540003,
    89.732861697954));
#3230 = CARTESIAN_POINT('',(14.010748882803,-0.560880989316,
    89.837666172428));
#3231 = CARTESIAN_POINT('',(14.015108813649,-0.405380703163,
    89.907425065963));
#3232 = CARTESIAN_POINT('',(14.020050135209,-0.253070418008,
    89.986486210922));
#3233 = CARTESIAN_POINT('',(14.025557588487,-0.104911976066,
    90.074605463374));
#3234 = CARTESIAN_POINT('',(14.03160714003,3.822798965521E-02,
    90.171398288058));
#3235 = CARTESIAN_POINT('',(14.042014904817,0.256085165806,
    90.337922524661));
#3236 = CARTESIAN_POINT('',(14.046037072375,0.334606346432,
    90.402277205583));
#3237 = CARTESIAN_POINT('',(14.050229665019,0.410993450877,
    90.469358687879));
#3238 = CARTESIAN_POINT('',(14.054586341336,0.485108171397,
    90.539065508964));
#3239 = CARTESIAN_POINT('',(14.059100314285,0.556823843574,
    90.611289076136));
#3240 = CARTESIAN_POINT('',(14.067984079939,0.688629761162,
    90.753429326607));
#3241 = CARTESIAN_POINT('',(14.072326608489,0.749176391849,
    90.822909783411));
#3242 = CARTESIAN_POINT('',(14.076786770567,0.807579063169,
    90.894272376649));
#3243 = CARTESIAN_POINT('',(14.081359069124,0.863758763931,
    90.96742915357));
#3244 = CARTESIAN_POINT('',(14.086037800158,0.917642977237,
    91.042288850106));
#3245 = CARTESIAN_POINT('',(14.09520131924,1.016430239387,
    91.188905155429));
#3246 = CARTESIAN_POINT('',(14.099670187672,1.061707416389,
    91.26040705033));
#3247 = CARTESIAN_POINT('',(14.104219101384,1.104946154594,
    91.333189669725));
#3248 = CARTESIAN_POINT('',(14.108843392172,1.146099583917,
    91.407178322327));
#3249 = CARTESIAN_POINT('',(14.113538280239,1.185125021078,
    91.48229653141));
#3250 = CARTESIAN_POINT('',(14.122317374352,1.253097249028,
    91.622762037216));
#3251 = CARTESIAN_POINT('',(14.126382696528,1.282666821707,
    91.687807192034));
#3252 = CARTESIAN_POINT('',(14.130491900841,1.310669509653,
    91.753554461042));
#3253 = CARTESIAN_POINT('',(14.134642004533,1.337084199696,
    91.819956120107));
#3254 = CARTESIAN_POINT('',(14.138829981974,1.361891843477,
    91.886963759172));
#3255 = CARTESIAN_POINT('',(14.155830134717,1.45522484383,
    92.158966203049));
#3256 = CARTESIAN_POINT('',(14.168926540154,1.510507266196,
    92.36850869004));
#3257 = CARTESIAN_POINT('',(14.182256329808,1.550446275655,
    92.581785324503));
#3258 = CARTESIAN_POINT('',(14.195731913493,1.57475034583,
    92.797394663474));
#3259 = CARTESIAN_POINT('',(14.209264450553,1.583288941932,
    93.013915256432));
#3260 = CARTESIAN_POINT('',(14.232741962684,1.570806666045,
    93.389555450526));
#3261 = CARTESIAN_POINT('',(14.242702182115,1.55691576132,
    93.548918961424));
#3262 = CARTESIAN_POINT('',(14.252608610533,1.534458320615,
    93.707421816102));
#3263 = CARTESIAN_POINT('',(14.262425527942,1.503504721964,
    93.864492494657));
#3264 = CARTESIAN_POINT('',(14.272117707838,1.464176523129,
    94.019567372989));
#3265 = CARTESIAN_POINT('',(14.285015167406,1.39987081776,
    94.225926726074));
#3266 = CARTESIAN_POINT('',(14.288359972973,1.382073175748,
    94.279443615151));
#3267 = CARTESIAN_POINT('',(14.291683419002,1.363261341128,
    94.33261875161));
#3268 = CARTESIAN_POINT('',(14.294984004328,1.343443676992,
    94.385428116822));
#3269 = CARTESIAN_POINT('',(14.298260242964,1.322629330664,
    94.437847935013));
#3270 = CARTESIAN_POINT('',(14.305411585284,1.274664128445,
    94.552269412119));
#3271 = CARTESIAN_POINT('',(14.309275323079,1.247078799979,
    94.614089216841));
#3272 = CARTESIAN_POINT('',(14.313099334425,1.218089406645,
    94.675273398385));
#3273 = CARTESIAN_POINT('',(14.316881115737,1.187714747447,
    94.73578189937));
#3274 = CARTESIAN_POINT('',(14.320618202906,1.155975262051,
    94.795575294077));
#3275 = CARTESIAN_POINT('',(14.328409500486,1.086122764517,
    94.920236055363));
#3276 = CARTESIAN_POINT('',(14.332452622112,1.047693709271,
    94.984926001368));
#3277 = CARTESIAN_POINT('',(14.336434206347,1.007636139265,
    95.048631349126));
#3278 = CARTESIAN_POINT('',(14.340350996023,0.965982967862,
    95.111299983945));
#3279 = CARTESIAN_POINT('',(14.344199806637,0.922769747563,
    95.172880953774));
#3280 = CARTESIAN_POINT('',(14.351853176647,0.832139916132,
    95.295334873939));
#3281 = CARTESIAN_POINT('',(14.355654004476,0.784643489054,
    95.356148119195));
#3282 = CARTESIAN_POINT('',(14.359376648748,0.73558651793,
    95.415710427548));
#3283 = CARTESIAN_POINT('',(14.363017842756,0.685013550146,
    95.473969531671));
#3284 = CARTESIAN_POINT('',(14.366574414172,0.632972551323,
    95.530874674339));
#3285 = CARTESIAN_POINT('',(14.37360471599,0.524630846262,
    95.643359503417));
#3286 = CARTESIAN_POINT('',(14.377073706498,0.46825384448,
    95.698863351556));
#3287 = CARTESIAN_POINT('',(14.380446918639,0.410439281837,
    95.752834745805));
#3288 = CARTESIAN_POINT('',(14.383721144789,0.351247723025,
    95.805222364211));
#3289 = CARTESIAN_POINT('',(14.386893307646,0.290744915564,
    95.855976969915));
#3290 = CARTESIAN_POINT('',(14.393191358463,0.163962392066,
    95.956745782993));
#3291 = CARTESIAN_POINT('',(14.396305721081,9.754731292592E-02,
    96.006575584876));
#3292 = CARTESIAN_POINT('',(14.399300151349,2.983964127021E-02,
    96.054486469171));
#3293 = CARTESIAN_POINT('',(14.40217137347,-3.906853236563E-02,
    96.100426023104));
#3294 = CARTESIAN_POINT('',(14.40491637068,-0.109075452233,
    96.144345978457));
#3295 = CARTESIAN_POINT('',(14.412089801897,-0.303738240456,
    96.259120877934));
#3296 = CARTESIAN_POINT('',(14.416256764013,-0.430419637644,
    96.32579227179));
#3297 = CARTESIAN_POINT('',(14.420018318099,-0.559492620422,
    96.385977137171));
#3298 = CARTESIAN_POINT('',(14.423363421285,-0.69023817596,
    96.43949878814));
#3299 = CARTESIAN_POINT('',(14.426289225855,-0.821849403112,
    96.486311661267));
#3300 = CARTESIAN_POINT('',(14.43067261201,-1.05162348555,
    96.556445839746));
#3301 = CARTESIAN_POINT('',(14.432314623027,-1.149752759956,
    96.582718016014));
#3302 = CARTESIAN_POINT('',(14.433730272974,-1.247634056231,
    96.605368415173));
#3303 = CARTESIAN_POINT('',(14.434926223355,-1.34503190775,
    96.624503621258));
#3304 = CARTESIAN_POINT('',(14.435911185591,-1.441848665165,
    96.640263017038));
#3305 = CARTESIAN_POINT('',(14.437323586554,-1.615780224249,
    96.662861432448));
#3306 = CARTESIAN_POINT('',(14.437821962039,-1.693096709938,
    96.670835440204));
#3307 = CARTESIAN_POINT('',(14.438192131623,-1.770077286628,
    96.676758153556));
#3308 = CARTESIAN_POINT('',(14.438437571716,-1.846805445328,
    96.680685195039));
#3309 = CARTESIAN_POINT('',(14.438560330711,-1.923401082415,
    96.682649338953));
#3310 = CARTESIAN_POINT('',(14.438560330758,-2.,96.682649339717));
#3311 = ORIENTED_EDGE('',*,*,#3312,.F.);
#3312 = EDGE_CURVE('',#3041,#3124,#3313,.T.);
#3313 = LINE('',#3314,#3315);
#3314 = CARTESIAN_POINT('',(0.261988801852,-2.,98.191820829628));
#3315 = VECTOR('',#3316,1.);
#3316 = DIRECTION('',(0.994381343402,-1.068461071872E-17,-0.105857186309
    ));
#3317 = ORIENTED_EDGE('',*,*,#3038,.F.);
#3318 = ORIENTED_EDGE('',*,*,#3319,.T.);
#3319 = EDGE_CURVE('',#3039,#3320,#3322,.T.);
#3320 = VERTEX_POINT('',#3321);
#3321 = CARTESIAN_POINT('',(7.714780839725,-2.269658182442,
    89.667786983393));
#3322 = B_SPLINE_CURVE_WITH_KNOTS('',7,(#3323,#3324,#3325,#3326,#3327,
    #3328,#3329,#3330,#3331,#3332,#3333,#3334,#3335,#3336,#3337,#3338,
    #3339,#3340,#3341,#3342,#3343,#3344,#3345,#3346,#3347,#3348,#3349,
    #3350,#3351,#3352,#3353,#3354),.UNSPECIFIED.,.F.,.F.,(8,6,6,6,6,8),(
    0.,0.105651687381,0.32656937142,0.522771838162,0.722804670778,1.),
  .UNSPECIFIED.);
#3323 = CARTESIAN_POINT('',(6.405995809463,-5.900412486383,94.));
#3324 = CARTESIAN_POINT('',(6.425402192022,-5.908891079877,
    93.905008726241));
#3325 = CARTESIAN_POINT('',(6.445496179879,-5.914687414441,
    93.810080924425));
#3326 = CARTESIAN_POINT('',(6.466232217732,-5.917830801547,
    93.715299221936));
#3327 = CARTESIAN_POINT('',(6.487564995778,-5.918352299035,
    93.620741113499));
#3328 = CARTESIAN_POINT('',(6.509449796306,-5.916283905517,
    93.52647913048));
#3329 = CARTESIAN_POINT('',(6.531842840272,-5.911657754786,
    93.432581010186));
#3330 = CARTESIAN_POINT('',(6.602499372599,-5.88954954824,
    93.143661695862));
#3331 = CARTESIAN_POINT('',(6.652328162106,-5.863549765892,
    92.950102068092));
#3332 = CARTESIAN_POINT('',(6.703804896529,-5.826796134981,
    92.758979516289));
#3333 = CARTESIAN_POINT('',(6.75655781184,-5.779560630019,
    92.570811494233));
#3334 = CARTESIAN_POINT('',(6.810226403395,-5.722098692387,
    92.386084848168));
#3335 = CARTESIAN_POINT('',(6.864459300207,-5.654640292473,
    92.205258156885));
#3336 = CARTESIAN_POINT('',(6.967269196298,-5.508745075454,
    91.872018828635));
#3337 = CARTESIAN_POINT('',(7.01579363257,-5.432390048481,
    91.718711815884));
#3338 = CARTESIAN_POINT('',(7.064239835187,-5.348439689297,
    91.569150627895));
#3339 = CARTESIAN_POINT('',(7.112355082492,-5.257018635617,
    91.423666127624));
#3340 = CARTESIAN_POINT('',(7.159875124558,-5.158249149795,
    91.282609179342));
#3341 = CARTESIAN_POINT('',(7.206522654829,-5.052253775996,
    91.146348857675));
#3342 = CARTESIAN_POINT('',(7.298378566021,-4.823844792293,
    90.881640231106));
#3343 = CARTESIAN_POINT('',(7.343535657126,-4.701164637553,
    90.75341196372));
#3344 = CARTESIAN_POINT('',(7.387169112908,-4.571245376379,
    90.631001379391));
#3345 = CARTESIAN_POINT('',(7.42894200179,-4.434254375287,
    90.514880443121));
#3346 = CARTESIAN_POINT('',(7.468491682234,-4.290409066606,
    90.405567017938));
#3347 = CARTESIAN_POINT('',(7.505438146125,-4.139995553192,
    90.303609496367));
#3348 = CARTESIAN_POINT('',(7.586458492404,-3.766375335026,
    90.079254724868));
#3349 = CARTESIAN_POINT('',(7.627819907709,-3.537305572038,
    89.964045217541));
#3350 = CARTESIAN_POINT('',(7.662384121648,-3.297445915126,
    89.865653183343));
#3351 = CARTESIAN_POINT('',(7.689097819922,-3.048432713717,
    89.785684866074));
#3352 = CARTESIAN_POINT('',(7.707053857406,-2.792325559613,
    89.725511845679));
#3353 = CARTESIAN_POINT('',(7.715638644798,-2.531671739256,
    89.686143911291));
#3354 = CARTESIAN_POINT('',(7.714780839725,-2.269658182442,
    89.667786983393));
#3355 = ORIENTED_EDGE('',*,*,#3356,.F.);
#3356 = EDGE_CURVE('',#3060,#3320,#3357,.T.);
#3357 = B_SPLINE_CURVE_WITH_KNOTS('',8,(#3358,#3359,#3360,#3361,#3362,
    #3363,#3364,#3365,#3366,#3367,#3368,#3369,#3370,#3371,#3372,#3373,
    #3374,#3375,#3376,#3377,#3378,#3379,#3380,#3381,#3382,#3383,#3384,
    #3385,#3386,#3387),.UNSPECIFIED.,.F.,.F.,(9,7,7,7,9),(0.,
    0.202098635296,0.44973825501,0.64017552885,1.),.UNSPECIFIED.);
#3358 = CARTESIAN_POINT('',(6.405995809463,1.900412486383,94.));
#3359 = CARTESIAN_POINT('',(6.417818546206,1.917554839184,
    93.821771751608));
#3360 = CARTESIAN_POINT('',(6.433255644476,1.925262651776,
    93.643267150962));
#3361 = CARTESIAN_POINT('',(6.452367928166,1.923610158174,
    93.465295254232));
#3362 = CARTESIAN_POINT('',(6.475101745014,1.912790143249,
    93.288570346976));
#3363 = CARTESIAN_POINT('',(6.501305296036,1.893071730599,
    93.113718929019));
#3364 = CARTESIAN_POINT('',(6.530747754654,1.864768247886,
    92.941287329309));
#3365 = CARTESIAN_POINT('',(6.563141175513,1.828215169643,
    92.771749950735));
#3366 = CARTESIAN_POINT('',(6.641081536057,1.729283140718,
    92.401827599879));
#3367 = CARTESIAN_POINT('',(6.687946447912,1.662941119079,
    92.203104751287));
#3368 = CARTESIAN_POINT('',(6.738204422482,1.585323644074,
    92.009932483526));
#3369 = CARTESIAN_POINT('',(6.79123869007,1.49698120021,91.822787088686)
  );
#3370 = CARTESIAN_POINT('',(6.846412741224,1.398408955463,
    91.642067841298));
#3371 = CARTESIAN_POINT('',(6.903098564763,1.29002954951,91.468122425252
    ));
#3372 = CARTESIAN_POINT('',(6.960691599951,1.172172899816,
    91.301268212902));
#3373 = CARTESIAN_POINT('',(7.063154063036,0.947296607031,
    91.019184016983));
#3374 = CARTESIAN_POINT('',(7.107877363789,0.844088716953,
    90.900965901788));
#3375 = CARTESIAN_POINT('',(7.15251512982,0.735538776725,90.787299941783
    ));
#3376 = CARTESIAN_POINT('',(7.196794297783,0.621749969341,
    90.678367337387));
#3377 = CARTESIAN_POINT('',(7.240436530714,0.502825795081,
    90.574380145656));
#3378 = CARTESIAN_POINT('',(7.283159289518,0.378875402581,
    90.475577277872));
#3379 = CARTESIAN_POINT('',(7.324677361472,0.250017695255,90.38222194748
    ));
#3380 = CARTESIAN_POINT('',(7.440335356844,-0.1361115094,90.129043081825
    ));
#3381 = CARTESIAN_POINT('',(7.510815926951,-0.406229759478,
    89.983580426026));
#3382 = CARTESIAN_POINT('',(7.573974782843,-0.692548424962,
    89.860746966781));
#3383 = CARTESIAN_POINT('',(7.627629997977,-0.993063826439,
    89.76319203841));
#3384 = CARTESIAN_POINT('',(7.66976636925,-1.30507220891,89.69346293789)
  );
#3385 = CARTESIAN_POINT('',(7.698779281846,-1.625046133021,
    89.653689215172));
#3386 = CARTESIAN_POINT('',(7.713729382223,-1.948494169276,
    89.645285916255));
#3387 = CARTESIAN_POINT('',(7.714780839725,-2.269658182442,
    89.667786983393));
#3388 = ORIENTED_EDGE('',*,*,#3059,.F.);
#3389 = ORIENTED_EDGE('',*,*,#3312,.T.);
#3390 = ORIENTED_EDGE('',*,*,#3391,.F.);
#3391 = EDGE_CURVE('',#3392,#3124,#3394,.T.);
#3392 = VERTEX_POINT('',#3393);
#3393 = CARTESIAN_POINT('',(14.159090499156,1.462475897827,
    92.211131946017));
#3394 = B_SPLINE_CURVE_WITH_KNOTS('',6,(#3395,#3396,#3397,#3398,#3399,
    #3400,#3401,#3402,#3403,#3404,#3405,#3406,#3407,#3408,#3409,#3410,
    #3411,#3412,#3413,#3414,#3415,#3416,#3417,#3418,#3419,#3420,#3421,
    #3422,#3423,#3424,#3425,#3426,#3427,#3428,#3429,#3430,#3431,#3432,
    #3433,#3434,#3435,#3436,#3437,#3438,#3439,#3440,#3441,#3442,#3443,
    #3444,#3445,#3446,#3447,#3448,#3449,#3450,#3451,#3452,#3453,#3454,
    #3455,#3456,#3457,#3458,#3459,#3460,#3461,#3462,#3463,#3464,#3465,
    #3466,#3467,#3468,#3469,#3470,#3471,#3472,#3473,#3474,#3475,#3476,
    #3477,#3478,#3479,#3480,#3481,#3482,#3483,#3484,#3485,#3486,#3487,
    #3488,#3489,#3490,#3491,#3492,#3493,#3494,#3495,#3496,#3497,#3498,
    #3499,#3500,#3501,#3502,#3503,#3504,#3505,#3506,#3507,#3508,#3509,
    #3510,#3511,#3512,#3513,#3514,#3515,#3516,#3517,#3518,#3519,#3520,
    #3521,#3522,#3523,#3524,#3525,#3526,#3527,#3528,#3529,#3530,#3531,
    #3532,#3533,#3534,#3535,#3536,#3537,#3538,#3539,#3540,#3541,#3542,
    #3543,#3544,#3545,#3546,#3547,#3548,#3549,#3550,#3551,#3552,#3553,
    #3554,#3555,#3556,#3557,#3558,#3559,#3560,#3561,#3562,#3563,#3564,
    #3565,#3566,#3567,#3568,#3569,#3570,#3571,#3572,#3573,#3574,#3575,
    #3576),.UNSPECIFIED.,.T.,.F.,(7,5,5,5,5,5,5,5,5,5,5,5,5,5,5,5,5,5,5,
    5,5,5,5,5,5,5,5,5,5,5,5,5,5,5,5,5,7),(0.,2.284904216541E-02,
    5.116191381328E-02,8.919693763664E-02,0.111031334705,0.131759139246,
    0.151948237071,0.171627193389,0.18933236254,0.204085097462,
    0.245882931572,0.302433378602,0.321122690103,0.343263344611,
    0.367398688257,0.394076807073,0.439593621824,0.473080842478,
    0.499999814158,0.52691878586,0.560406006565,0.605922821353,
    0.632600940177,0.656736283825,0.678876938334,0.697566249835,
    0.754116696865,0.795914530976,0.810667265898,0.828372435049,
    0.848051391366,0.868240489189,0.888968293724,0.910802690779,
    0.948837714535,0.97715058609,1.),.UNSPECIFIED.);
#3395 = CARTESIAN_POINT('',(14.438560330758,-2.,96.682649339717));
#3396 = CARTESIAN_POINT('',(14.438560330758,-2.076604081904,
    96.682649339717));
#3397 = CARTESIAN_POINT('',(14.438437554257,-2.153198272268,
    96.68068491569));
#3398 = CARTESIAN_POINT('',(14.438192120171,-2.229924295613,
    96.676757970316));
#3399 = CARTESIAN_POINT('',(14.437821960218,-2.306904241589,
    96.670835411073));
#3400 = CARTESIAN_POINT('',(14.437323576529,-2.38422100419,
    96.662861272053));
#3401 = CARTESIAN_POINT('',(14.435911185939,-2.558151299499,
    96.640263022606));
#3402 = CARTESIAN_POINT('',(14.434926223763,-2.654968057053,
    96.624503627793));
#3403 = CARTESIAN_POINT('',(14.433730273444,-2.752365908734,
    96.605368422686));
#3404 = CARTESIAN_POINT('',(14.432314623558,-2.850247205216,
    96.582718024512));
#3405 = CARTESIAN_POINT('',(14.430672612603,-2.948376479893,
    96.556445849224));
#3406 = CARTESIAN_POINT('',(14.426289226593,-3.17815056293,
    96.486311673069));
#3407 = CARTESIAN_POINT('',(14.423363422107,-3.309761790468,
    96.439498801296));
#3408 = CARTESIAN_POINT('',(14.420018319005,-3.440507346528,
    96.385977151655));
#3409 = CARTESIAN_POINT('',(14.416256764998,-3.569580329954,
    96.325792287557));
#3410 = CARTESIAN_POINT('',(14.412089802959,-3.696261727896,
    96.259120894928));
#3411 = CARTESIAN_POINT('',(14.40491637186,-3.890924517359,
    96.144345997342));
#3412 = CARTESIAN_POINT('',(14.402171374695,-3.960931437657,
    96.100426042695));
#3413 = CARTESIAN_POINT('',(14.399300152617,-4.029839611752,
    96.054486489451));
#3414 = CARTESIAN_POINT('',(14.39630572239,-4.097547283894,
    96.006575605829));
#3415 = CARTESIAN_POINT('',(14.393191359814,-4.163962363544,
    95.956745804602));
#3416 = CARTESIAN_POINT('',(14.386893309075,-4.290744888058,
    95.855976992784));
#3417 = CARTESIAN_POINT('',(14.383721146257,-4.351247696025,
    95.805222387688));
#3418 = CARTESIAN_POINT('',(14.380446920143,-4.410439255361,
    95.752834769873));
#3419 = CARTESIAN_POINT('',(14.377073708039,-4.468253818547,
    95.6988633762));
#3420 = CARTESIAN_POINT('',(14.373604717565,-4.524630820889,
    95.643359528619));
#3421 = CARTESIAN_POINT('',(14.366574415815,-4.63297252708,
    95.530874700621));
#3422 = CARTESIAN_POINT('',(14.363017844431,-4.685013526471,
    95.473969558474));
#3423 = CARTESIAN_POINT('',(14.359376650455,-4.735586494839,
    95.415710454856));
#3424 = CARTESIAN_POINT('',(14.355654006213,-4.784643466561,
    95.356148146991));
#3425 = CARTESIAN_POINT('',(14.351853178414,-4.832139894249,
    95.295334902208));
#3426 = CARTESIAN_POINT('',(14.34419980846,-4.922769726909,
    95.172880982947));
#3427 = CARTESIAN_POINT('',(14.340350997873,-4.965982947824,
    95.111300013549));
#3428 = CARTESIAN_POINT('',(14.336434208223,-5.007636119855,
    95.048631379146));
#3429 = CARTESIAN_POINT('',(14.332452624013,-5.047693690499,
    94.984926031788));
#3430 = CARTESIAN_POINT('',(14.328409502412,-5.086122746394,
    94.920236086166));
#3431 = CARTESIAN_POINT('',(14.320618204875,-5.155975245177,
    94.795575325576));
#3432 = CARTESIAN_POINT('',(14.316881117725,-5.187714731173,
    94.735781931187));
#3433 = CARTESIAN_POINT('',(14.313099336433,-5.218089390977,
    94.675273430505));
#3434 = CARTESIAN_POINT('',(14.309275325104,-5.247078784924,
    94.61408924925));
#3435 = CARTESIAN_POINT('',(14.305411587326,-5.274664114009,
    94.552269444803));
#3436 = CARTESIAN_POINT('',(14.298260245037,-5.322629317375,
    94.437847968175));
#3437 = CARTESIAN_POINT('',(14.294984006413,-5.343443664228,
    94.385428150192));
#3438 = CARTESIAN_POINT('',(14.2916834211,-5.363261328893,
    94.332618785177));
#3439 = CARTESIAN_POINT('',(14.288359975083,-5.382073164046,
    94.279443648906));
#3440 = CARTESIAN_POINT('',(14.285015169527,-5.399870806594,
    94.225926760006));
#3441 = CARTESIAN_POINT('',(14.272117709999,-5.464176514031,
    94.019567407564));
#3442 = CARTESIAN_POINT('',(14.262425530128,-5.50350471442,
    93.864492529625));
#3443 = CARTESIAN_POINT('',(14.252608612737,-5.534458314644,
    93.707421851379));
#3444 = CARTESIAN_POINT('',(14.242702184334,-5.556915756938,
    93.548918996924));
#3445 = CARTESIAN_POINT('',(14.232741964911,-5.570806663259,
    93.389555486165));
#3446 = CARTESIAN_POINT('',(14.209264452788,-5.583288942911,
    93.013915292196));
#3447 = CARTESIAN_POINT('',(14.195731915723,-5.574750348977,
    92.797394699153));
#3448 = CARTESIAN_POINT('',(14.182256332022,-5.550446280963,
    92.581785359941));
#3449 = CARTESIAN_POINT('',(14.168926542344,-5.510507273641,
    92.368508725079));
#3450 = CARTESIAN_POINT('',(14.155830136872,-5.455224853375,
    92.158966237536));
#3451 = CARTESIAN_POINT('',(14.138829984072,-5.361891855747,
    91.886963792726));
#3452 = CARTESIAN_POINT('',(14.134642006615,-5.337084212638,
    91.819956153414));
#3453 = CARTESIAN_POINT('',(14.130491902907,-5.31066952326,
    91.753554494086));
#3454 = CARTESIAN_POINT('',(14.126382698576,-5.282666835972,
    91.687807224798));
#3455 = CARTESIAN_POINT('',(14.122317376381,-5.253097263945,
    91.622762069684));
#3456 = CARTESIAN_POINT('',(14.113538282226,-5.185125037403,
    91.4822965632));
#3457 = CARTESIAN_POINT('',(14.108843394134,-5.146099600995,
    91.40717835373));
#3458 = CARTESIAN_POINT('',(14.104219103321,-5.104946172414,
    91.333189700717));
#3459 = CARTESIAN_POINT('',(14.099670189582,-5.061707434939,
    91.26040708089));
#3460 = CARTESIAN_POINT('',(14.095201321122,-5.016430258652,
    91.188905185536));
#3461 = CARTESIAN_POINT('',(14.086037801978,-4.917642997972,
    91.04228887923));
#3462 = CARTESIAN_POINT('',(14.081359070911,-4.863758785418,
    90.967429182158));
#3463 = CARTESIAN_POINT('',(14.076786772318,-4.80757908539,
    90.894272404676));
#3464 = CARTESIAN_POINT('',(14.072326610205,-4.749176414786,
    90.822909810855));
#3465 = CARTESIAN_POINT('',(14.067984081616,-4.688629784793,
    90.753429353445));
#3466 = CARTESIAN_POINT('',(14.05910031588,-4.556823868633,
    90.611289101663));
#3467 = CARTESIAN_POINT('',(14.054586342887,-4.485108197185,
    90.53906553378));
#3468 = CARTESIAN_POINT('',(14.050229666523,-4.410993477367,
    90.469358711957));
#3469 = CARTESIAN_POINT('',(14.046037073832,-4.334606373594,
    90.402277228897));
#3470 = CARTESIAN_POINT('',(14.042014906225,-4.256085193608,
    90.337922547187));
#3471 = CARTESIAN_POINT('',(14.031607141304,-4.038228019171,
    90.171398308444));
#3472 = CARTESIAN_POINT('',(14.025557589674,-3.895088054466,
    90.074605482356));
#3473 = CARTESIAN_POINT('',(14.020050136303,-3.746929613433,
    89.986486228431));
#3474 = CARTESIAN_POINT('',(14.015108814647,-3.594619329064,
    89.907425081935));
#3475 = CARTESIAN_POINT('',(14.010748883703,-3.439119043566,
    89.837666186822));
#3476 = CARTESIAN_POINT('',(14.004198603876,-3.165346033575,
    89.732861709593));
#3477 = CARTESIAN_POINT('',(14.001739098236,-3.048083563961,
    89.693509619364));
#3478 = CARTESIAN_POINT('',(13.999598792425,-2.929992786393,
    89.659264726388));
#3479 = CARTESIAN_POINT('',(13.997775420136,-2.811413130776,
    89.63009076975));
#3480 = CARTESIAN_POINT('',(13.996263870433,-2.692589536974,
    89.605905974509));
#3481 = CARTESIAN_POINT('',(13.99409050441,-2.478090227368,
    89.571132118136));
#3482 = CARTESIAN_POINT('',(13.993320142596,-2.382441564257,
    89.558806329121));
#3483 = CARTESIAN_POINT('',(13.992745107468,-2.286800250149,
    89.549605767075));
#3484 = CARTESIAN_POINT('',(13.992362806194,-2.191187674675,
    89.543488946683));
#3485 = CARTESIAN_POINT('',(13.992171616654,-2.0955950597,
    89.540429914048));
#3486 = CARTESIAN_POINT('',(13.992171616595,-1.904404976004,
    89.540429913094));
#3487 = CARTESIAN_POINT('',(13.992362806075,-1.808812360957,
    89.54348894478));
#3488 = CARTESIAN_POINT('',(13.99274510729,-1.713199785413,
    89.549605764223));
#3489 = CARTESIAN_POINT('',(13.993320142358,-1.617558471236,
    89.558806325317));
#3490 = CARTESIAN_POINT('',(13.994090504112,-1.521909808046,
    89.571132113374));
#3491 = CARTESIAN_POINT('',(13.996263870001,-1.307410498139,
    89.605905967598));
#3492 = CARTESIAN_POINT('',(13.997775419629,-1.188586904106,
    89.630090761652));
#3493 = CARTESIAN_POINT('',(13.999598791845,-1.070007248213,
    89.659264717103));
#3494 = CARTESIAN_POINT('',(14.001739097582,-0.951916470313,
    89.693509608896));
#3495 = CARTESIAN_POINT('',(14.004198603148,-0.8346540003,
    89.732861697954));
#3496 = CARTESIAN_POINT('',(14.010748882803,-0.560880989316,
    89.837666172428));
#3497 = CARTESIAN_POINT('',(14.015108813649,-0.405380703163,
    89.907425065963));
#3498 = CARTESIAN_POINT('',(14.020050135209,-0.253070418008,
    89.986486210922));
#3499 = CARTESIAN_POINT('',(14.025557588487,-0.104911976066,
    90.074605463374));
#3500 = CARTESIAN_POINT('',(14.03160714003,3.822798965521E-02,
    90.171398288058));
#3501 = CARTESIAN_POINT('',(14.042014904817,0.256085165806,
    90.337922524661));
#3502 = CARTESIAN_POINT('',(14.046037072375,0.334606346432,
    90.402277205583));
#3503 = CARTESIAN_POINT('',(14.050229665019,0.410993450877,
    90.469358687879));
#3504 = CARTESIAN_POINT('',(14.054586341336,0.485108171397,
    90.539065508964));
#3505 = CARTESIAN_POINT('',(14.059100314285,0.556823843574,
    90.611289076136));
#3506 = CARTESIAN_POINT('',(14.067984079939,0.688629761162,
    90.753429326607));
#3507 = CARTESIAN_POINT('',(14.072326608489,0.749176391849,
    90.822909783411));
#3508 = CARTESIAN_POINT('',(14.076786770567,0.807579063169,
    90.894272376649));
#3509 = CARTESIAN_POINT('',(14.081359069124,0.863758763931,
    90.96742915357));
#3510 = CARTESIAN_POINT('',(14.086037800158,0.917642977237,
    91.042288850106));
#3511 = CARTESIAN_POINT('',(14.09520131924,1.016430239387,
    91.188905155429));
#3512 = CARTESIAN_POINT('',(14.099670187672,1.061707416389,
    91.26040705033));
#3513 = CARTESIAN_POINT('',(14.104219101384,1.104946154594,
    91.333189669725));
#3514 = CARTESIAN_POINT('',(14.108843392172,1.146099583917,
    91.407178322327));
#3515 = CARTESIAN_POINT('',(14.113538280239,1.185125021078,
    91.48229653141));
#3516 = CARTESIAN_POINT('',(14.122317374352,1.253097249028,
    91.622762037216));
#3517 = CARTESIAN_POINT('',(14.126382696528,1.282666821707,
    91.687807192034));
#3518 = CARTESIAN_POINT('',(14.130491900841,1.310669509653,
    91.753554461042));
#3519 = CARTESIAN_POINT('',(14.134642004533,1.337084199696,
    91.819956120107));
#3520 = CARTESIAN_POINT('',(14.138829981974,1.361891843477,
    91.886963759172));
#3521 = CARTESIAN_POINT('',(14.155830134717,1.45522484383,
    92.158966203049));
#3522 = CARTESIAN_POINT('',(14.168926540154,1.510507266196,
    92.36850869004));
#3523 = CARTESIAN_POINT('',(14.182256329808,1.550446275655,
    92.581785324503));
#3524 = CARTESIAN_POINT('',(14.195731913493,1.57475034583,
    92.797394663474));
#3525 = CARTESIAN_POINT('',(14.209264450553,1.583288941932,
    93.013915256432));
#3526 = CARTESIAN_POINT('',(14.232741962684,1.570806666045,
    93.389555450526));
#3527 = CARTESIAN_POINT('',(14.242702182115,1.55691576132,
    93.548918961424));
#3528 = CARTESIAN_POINT('',(14.252608610533,1.534458320615,
    93.707421816102));
#3529 = CARTESIAN_POINT('',(14.262425527942,1.503504721964,
    93.864492494657));
#3530 = CARTESIAN_POINT('',(14.272117707838,1.464176523129,
    94.019567372989));
#3531 = CARTESIAN_POINT('',(14.285015167406,1.39987081776,
    94.225926726074));
#3532 = CARTESIAN_POINT('',(14.288359972973,1.382073175748,
    94.279443615151));
#3533 = CARTESIAN_POINT('',(14.291683419002,1.363261341128,
    94.33261875161));
#3534 = CARTESIAN_POINT('',(14.294984004328,1.343443676992,
    94.385428116822));
#3535 = CARTESIAN_POINT('',(14.298260242964,1.322629330664,
    94.437847935013));
#3536 = CARTESIAN_POINT('',(14.305411585284,1.274664128445,
    94.552269412119));
#3537 = CARTESIAN_POINT('',(14.309275323079,1.247078799979,
    94.614089216841));
#3538 = CARTESIAN_POINT('',(14.313099334425,1.218089406645,
    94.675273398385));
#3539 = CARTESIAN_POINT('',(14.316881115737,1.187714747447,
    94.73578189937));
#3540 = CARTESIAN_POINT('',(14.320618202906,1.155975262051,
    94.795575294077));
#3541 = CARTESIAN_POINT('',(14.328409500486,1.086122764517,
    94.920236055363));
#3542 = CARTESIAN_POINT('',(14.332452622112,1.047693709271,
    94.984926001368));
#3543 = CARTESIAN_POINT('',(14.336434206347,1.007636139265,
    95.048631349126));
#3544 = CARTESIAN_POINT('',(14.340350996023,0.965982967862,
    95.111299983945));
#3545 = CARTESIAN_POINT('',(14.344199806637,0.922769747563,
    95.172880953774));
#3546 = CARTESIAN_POINT('',(14.351853176647,0.832139916132,
    95.295334873939));
#3547 = CARTESIAN_POINT('',(14.355654004476,0.784643489054,
    95.356148119195));
#3548 = CARTESIAN_POINT('',(14.359376648748,0.73558651793,
    95.415710427548));
#3549 = CARTESIAN_POINT('',(14.363017842756,0.685013550146,
    95.473969531671));
#3550 = CARTESIAN_POINT('',(14.366574414172,0.632972551323,
    95.530874674339));
#3551 = CARTESIAN_POINT('',(14.37360471599,0.524630846262,
    95.643359503417));
#3552 = CARTESIAN_POINT('',(14.377073706498,0.46825384448,
    95.698863351556));
#3553 = CARTESIAN_POINT('',(14.380446918639,0.410439281837,
    95.752834745805));
#3554 = CARTESIAN_POINT('',(14.383721144789,0.351247723025,
    95.805222364211));
#3555 = CARTESIAN_POINT('',(14.386893307646,0.290744915564,
    95.855976969915));
#3556 = CARTESIAN_POINT('',(14.393191358463,0.163962392066,
    95.956745782993));
#3557 = CARTESIAN_POINT('',(14.396305721081,9.754731292592E-02,
    96.006575584876));
#3558 = CARTESIAN_POINT('',(14.399300151349,2.983964127021E-02,
    96.054486469171));
#3559 = CARTESIAN_POINT('',(14.40217137347,-3.906853236563E-02,
    96.100426023104));
#3560 = CARTESIAN_POINT('',(14.40491637068,-0.109075452233,
    96.144345978457));
#3561 = CARTESIAN_POINT('',(14.412089801897,-0.303738240456,
    96.259120877934));
#3562 = CARTESIAN_POINT('',(14.416256764013,-0.430419637644,
    96.32579227179));
#3563 = CARTESIAN_POINT('',(14.420018318099,-0.559492620422,
    96.385977137171));
#3564 = CARTESIAN_POINT('',(14.423363421285,-0.69023817596,
    96.43949878814));
#3565 = CARTESIAN_POINT('',(14.426289225855,-0.821849403112,
    96.486311661267));
#3566 = CARTESIAN_POINT('',(14.43067261201,-1.05162348555,
    96.556445839746));
#3567 = CARTESIAN_POINT('',(14.432314623027,-1.149752759956,
    96.582718016014));
#3568 = CARTESIAN_POINT('',(14.433730272974,-1.247634056231,
    96.605368415173));
#3569 = CARTESIAN_POINT('',(14.434926223355,-1.34503190775,
    96.624503621258));
#3570 = CARTESIAN_POINT('',(14.435911185591,-1.441848665165,
    96.640263017038));
#3571 = CARTESIAN_POINT('',(14.437323586554,-1.615780224249,
    96.662861432448));
#3572 = CARTESIAN_POINT('',(14.437821962039,-1.693096709938,
    96.670835440204));
#3573 = CARTESIAN_POINT('',(14.438192131623,-1.770077286628,
    96.676758153556));
#3574 = CARTESIAN_POINT('',(14.438437571716,-1.846805445328,
    96.680685195039));
#3575 = CARTESIAN_POINT('',(14.438560330711,-1.923401082415,
    96.682649338953));
#3576 = CARTESIAN_POINT('',(14.438560330758,-2.,96.682649339717));
#3577 = ORIENTED_EDGE('',*,*,#3578,.F.);
#3578 = EDGE_CURVE('',#3126,#3392,#3579,.T.);
#3579 = B_SPLINE_CURVE_WITH_KNOTS('',8,(#3580,#3581,#3582,#3583,#3584,
    #3585,#3586,#3587,#3588,#3589,#3590,#3591,#3592,#3593,#3594,#3595,
    #3596,#3597,#3598,#3599,#3600,#3601,#3602,#3603,#3604,#3605,#3606,
    #3607,#3608,#3609,#3610,#3611,#3612,#3613,#3614,#3615,#3616,#3617,
    #3618,#3619,#3620,#3621,#3622,#3623,#3624,#3625,#3626,#3627,#3628,
    #3629,#3630,#3631,#3632,#3633,#3634,#3635,#3636,#3637,#3638,#3639,
    #3640,#3641,#3642,#3643,#3644,#3645,#3646,#3647,#3648,#3649,#3650,
    #3651,#3652,#3653,#3654,#3655,#3656,#3657,#3658,#3659,#3660,#3661,
    #3662,#3663,#3664,#3665,#3666,#3667,#3668,#3669,#3670,#3671,#3672,
    #3673,#3674,#3675,#3676,#3677,#3678,#3679),.UNSPECIFIED.,.F.,.F.,(9,
    7,7,7,7,7,7,7,7,7,7,7,7,7,9),(0.,5.324548745266E-02,0.185517795505,
    0.335327090659,0.391525359928,0.434173178004,0.4562814494,
    0.50014471044,0.544017672598,0.5661370852,0.608435425253,
    0.664629374956,0.814426089208,0.94763184967,1.),.UNSPECIFIED.);
#3580 = CARTESIAN_POINT('',(15.817606839386,-3.923619735338,
    90.081709430371));
#3581 = CARTESIAN_POINT('',(15.754627867377,-3.91810942751,
    90.078731472909));
#3582 = CARTESIAN_POINT('',(15.691940964514,-3.909712866925,
    90.073881871358));
#3583 = CARTESIAN_POINT('',(15.629738591732,-3.898536193409,
    90.067267037444));
#3584 = CARTESIAN_POINT('',(15.568157767062,-3.884743828226,
    90.059053422125));
#3585 = CARTESIAN_POINT('',(15.507291300886,-3.868526588125,
    90.049435156103));
#3586 = CARTESIAN_POINT('',(15.447196062765,-3.850077655937,
    90.038610112284));
#3587 = CARTESIAN_POINT('',(15.387898279857,-3.829576407755,
    90.026764390167));
#3588 = CARTESIAN_POINT('',(15.184064317602,-3.751543236126,
    89.982517980523));
#3589 = CARTESIAN_POINT('',(15.04398780999,-3.684343740497,
    89.945779106154));
#3590 = CARTESIAN_POINT('',(14.908368364952,-3.607811293904,
    89.906303616034));
#3591 = CARTESIAN_POINT('',(14.776742437163,-3.523411195082,
    89.865901598331));
#3592 = CARTESIAN_POINT('',(14.648818953789,-3.432109304026,
    89.825802657758));
#3593 = CARTESIAN_POINT('',(14.524320158399,-3.334508129807,
    89.78693231986));
#3594 = CARTESIAN_POINT('',(14.40295225632,-3.230848463764,
    89.749981923261));
#3595 = CARTESIAN_POINT('',(14.15009466274,-2.996495617319,
    89.676608528579));
#3596 = CARTESIAN_POINT('',(14.019843415396,-2.864455566376,
    89.641034382952));
#3597 = CARTESIAN_POINT('',(13.89336342252,-2.724907616394,
    89.609795570738));
#3598 = CARTESIAN_POINT('',(13.770768419993,-2.577779163431,
    89.583789234203));
#3599 = CARTESIAN_POINT('',(13.6524429614,-2.422945153704,
    89.564001598984));
#3600 = CARTESIAN_POINT('',(13.538995606453,-2.260274641265,
    89.551530780074));
#3601 = CARTESIAN_POINT('',(13.431278223462,-2.0895986699,89.54763806531
    ));
#3602 = CARTESIAN_POINT('',(13.292660550482,-1.84340411758,
    89.556341546725));
#3603 = CARTESIAN_POINT('',(13.255835825863,-1.775096411743,
    89.560153363651));
#3604 = CARTESIAN_POINT('',(13.220067864196,-1.705635547358,
    89.565486909301));
#3605 = CARTESIAN_POINT('',(13.185436766971,-1.635024932287,
    89.572432460898));
#3606 = CARTESIAN_POINT('',(13.152034946433,-1.563278844283,
    89.5810853014));
#3607 = CARTESIAN_POINT('',(13.119966321116,-1.490423276673,
    89.591544644438));
#3608 = CARTESIAN_POINT('',(13.089345511385,-1.416496784043,
    89.603912559248));
#3609 = CARTESIAN_POINT('',(13.038252688173,-1.284676619504,
    89.629205864586));
#3610 = CARTESIAN_POINT('',(13.01711549069,-1.227219165084,
    89.641277057737));
#3611 = CARTESIAN_POINT('',(12.996940204863,-1.1692039771,
    89.654550831268));
#3612 = CARTESIAN_POINT('',(12.977786716937,-1.110665067944,
    89.669071335494));
#3613 = CARTESIAN_POINT('',(12.959718674084,-1.051645992344,
    89.684880858122));
#3614 = CARTESIAN_POINT('',(12.942802121428,-0.992200389745,
    89.702018167524));
#3615 = CARTESIAN_POINT('',(12.927104139063,-0.932392526685,
    89.720516856015));
#3616 = CARTESIAN_POINT('',(12.905220076955,-0.841145256909,
    89.7507128476));
#3617 = CARTESIAN_POINT('',(12.898094164642,-0.809916032707,
    89.761394881148));
#3618 = CARTESIAN_POINT('',(12.891323066772,-0.778621042639,
    89.772453325785));
#3619 = CARTESIAN_POINT('',(12.884916051495,-0.747272028734,
    89.783891162524));
#3620 = CARTESIAN_POINT('',(12.878882230939,-0.715881605555,
    89.795710707355));
#3621 = CARTESIAN_POINT('',(12.873230461681,-0.684463266772,
    89.807913507238));
#3622 = CARTESIAN_POINT('',(12.867969245215,-0.65303139174,
    89.82050023608));
#3623 = CARTESIAN_POINT('',(12.853459097568,-0.559243214391,
    89.859204038678));
#3624 = CARTESIAN_POINT('',(12.845379383832,-0.496883872576,
    89.886450965204));
#3625 = CARTESIAN_POINT('',(12.838932252521,-0.434651970743,
    89.915205559019));
#3626 = CARTESIAN_POINT('',(12.834172855796,-0.372681103038,
    89.945449379641));
#3627 = CARTESIAN_POINT('',(12.831144449592,-0.311108914557,
    89.977149492822));
#3628 = CARTESIAN_POINT('',(12.829876110542,-0.250076302271,
    90.010256605984));
#3629 = CARTESIAN_POINT('',(12.830380452902,-0.189726615948,
    90.044703203652));
#3630 = CARTESIAN_POINT('',(12.834922740306,-7.066993793432E-02,
    90.116108057471));
#3631 = CARTESIAN_POINT('',(12.838961921451,-1.195142618008E-02,
    90.153073997532));
#3632 = CARTESIAN_POINT('',(12.844763537841,4.580523294734E-02,
    90.191212489978));
#3633 = CARTESIAN_POINT('',(12.852304304333,0.102474235007,
    90.230429203452));
#3634 = CARTESIAN_POINT('',(12.861545287296,0.157947997173,
    90.270624008562));
#3635 = CARTESIAN_POINT('',(12.872434190186,0.212135741043,
    90.311692498121));
#3636 = CARTESIAN_POINT('',(12.884907639134,0.264962075458,
    90.35352750737));
#3637 = CARTESIAN_POINT('',(12.90594469815,0.342281661896,
    90.417444375835));
#3638 = CARTESIAN_POINT('',(12.913380803595,0.36783778701,
    90.439036800859));
#3639 = CARTESIAN_POINT('',(12.921192863134,0.393027024911,
    90.46078486702));
#3640 = CARTESIAN_POINT('',(12.929371588425,0.417843749595,
    90.482675876307));
#3641 = CARTESIAN_POINT('',(12.937907419944,0.442283538349,
    90.50469751477));
#3642 = CARTESIAN_POINT('',(12.946790622422,0.466343071321,
    90.526837892337));
#3643 = CARTESIAN_POINT('',(12.956011380279,0.490020031079,
    90.549085582625));
#3644 = CARTESIAN_POINT('',(12.98381924958,0.557855505649,
    90.614157628295));
#3645 = CARTESIAN_POINT('',(13.003276724095,0.6009926134,90.65723698719)
  );
#3646 = CARTESIAN_POINT('',(13.023864147813,0.642716729729,
    90.700592979508));
#3647 = CARTESIAN_POINT('',(13.045513894159,0.683031117783,
    90.744157262007));
#3648 = CARTESIAN_POINT('',(13.068160098251,0.721948186149,
    90.787868154718));
#3649 = CARTESIAN_POINT('',(13.091739876382,0.75948777543,
    90.831670887528));
#3650 = CARTESIAN_POINT('',(13.116194545499,0.795675444833,
    90.875517846766));
#3651 = CARTESIAN_POINT('',(13.175050764984,0.876859826911,
    90.977625469241));
#3652 = CARTESIAN_POINT('',(13.210077554735,0.920840714999,
    91.035883675185));
#3653 = CARTESIAN_POINT('',(13.246427504226,0.96255726465,
    91.094052692643));
#3654 = CARTESIAN_POINT('',(13.283987458651,1.002087520965,
    91.152054101389));
#3655 = CARTESIAN_POINT('',(13.322655537981,1.039512341668,
    91.209821544517));
#3656 = CARTESIAN_POINT('',(13.362341858839,1.074914006268,
    91.267300465006));
#3657 = CARTESIAN_POINT('',(13.402969256384,1.108374825223,
    91.324447842293));
#3658 = CARTESIAN_POINT('',(13.555113588889,1.224214614485,
    91.532601776152));
#3659 = CARTESIAN_POINT('',(13.671856868665,1.295138983959,
    91.681212201807));
#3660 = CARTESIAN_POINT('',(13.793595331776,1.354427296748,
    91.826635592151));
#3661 = CARTESIAN_POINT('',(13.919529498415,1.403316805674,
    91.968452992081));
#3662 = CARTESIAN_POINT('',(14.049095236367,1.442869799777,
    92.106281141667));
#3663 = CARTESIAN_POINT('',(14.181947959901,1.474034913203,
    92.239777168325));
#3664 = CARTESIAN_POINT('',(14.318007500643,1.497642714391,
    92.368585306697));
#3665 = CARTESIAN_POINT('',(14.581668319917,1.529442565931,
    92.602104709642));
#3666 = CARTESIAN_POINT('',(14.70816206388,1.539006617209,
    92.707571941032));
#3667 = CARTESIAN_POINT('',(14.837423008985,1.54379561752,
    92.808442824312));
#3668 = CARTESIAN_POINT('',(14.969763731009,1.544297803485,
    92.904158720961));
#3669 = CARTESIAN_POINT('',(15.105465691416,1.541040589351,
    92.993715634179));
#3670 = CARTESIAN_POINT('',(15.244810029104,1.534650778705,
    93.075631408494));
#3671 = CARTESIAN_POINT('',(15.38824721131,1.526035267278,
    93.147674124468));
#3672 = CARTESIAN_POINT('',(15.59484588258,1.512463972367,
    93.229758841545));
#3673 = CARTESIAN_POINT('',(15.653841028183,1.50846396308,93.25087200648
    ));
#3674 = CARTESIAN_POINT('',(15.713527087186,1.504363916388,
    93.269725391105));
#3675 = CARTESIAN_POINT('',(15.773873740224,1.500241242085,
    93.286084829538));
#3676 = CARTESIAN_POINT('',(15.834821285759,1.496178302997,
    93.299701457586));
#3677 = CARTESIAN_POINT('',(15.896276064352,1.492256973467,
    93.31033213945));
#3678 = CARTESIAN_POINT('',(15.958103355961,1.488550001615,
    93.317769848775));
#3679 = CARTESIAN_POINT('',(16.020117750251,1.485109175347,
    93.32188400401));
#3680 = CONICAL_SURFACE('',#3681,4.2,4.363708136004E-02);
#3681 = AXIS2_PLACEMENT_3D('',#3682,#3683,#3684);
#3682 = CARTESIAN_POINT('',(0.,-2.,94.));
#3683 = DIRECTION('',(-0.998052578483,-0.,6.237828615518E-02));
#3684 = DIRECTION('',(6.237828615518E-02,0.,0.998052578483));
#3685 = ADVANCED_FACE('',(#3686),#4341,.F.);
#3686 = FACE_BOUND('',#3687,.F.);
#3687 = EDGE_LOOP('',(#3688,#3689,#3699,#3730,#3750,#3953,#4026,#4229,
    #4276,#4277,#4278,#4279,#4310,#4340));
#3688 = ORIENTED_EDGE('',*,*,#3319,.T.);
#3689 = ORIENTED_EDGE('',*,*,#3690,.T.);
#3690 = EDGE_CURVE('',#3320,#3691,#3693,.T.);
#3691 = VERTEX_POINT('',#3692);
#3692 = CARTESIAN_POINT('',(6.792475692092,-0.35960544857,
    58.100052163766));
#3693 = ( BOUNDED_CURVE() B_SPLINE_CURVE(4,(#3694,#3695,#3696,#3697,
#3698),.UNSPECIFIED.,.F.,.F.) B_SPLINE_CURVE_WITH_KNOTS((5,5),(0.,1.),
.PIECEWISE_BEZIER_KNOTS.) CURVE() GEOMETRIC_REPRESENTATION_ITEM() 
RATIONAL_B_SPLINE_CURVE((1.,1.,1.,1.,1.)) REPRESENTATION_ITEM('') );
#3694 = CARTESIAN_POINT('',(7.5,-2.,94.));
#3695 = CARTESIAN_POINT('',(9.197447536974,-3.138190334012,
    83.63686069662));
#3696 = CARTESIAN_POINT('',(1.980011025009,-0.68173722024,
    74.551570059168));
#3697 = CARTESIAN_POINT('',(7.151032379437,-1.039736650846,
    63.705209307384));
#3698 = CARTESIAN_POINT('',(7.,-2.68036448894E-15,54.));
#3699 = ORIENTED_EDGE('',*,*,#3700,.T.);
#3700 = EDGE_CURVE('',#3691,#3701,#3703,.T.);
#3701 = VERTEX_POINT('',#3702);
#3702 = CARTESIAN_POINT('',(6.134848647437,-3.370998661826,54.));
#3703 = B_SPLINE_CURVE_WITH_KNOTS('',7,(#3704,#3705,#3706,#3707,#3708,
    #3709,#3710,#3711,#3712,#3713,#3714,#3715,#3716,#3717,#3718,#3719,
    #3720,#3721,#3722,#3723,#3724,#3725,#3726,#3727,#3728,#3729),
  .UNSPECIFIED.,.F.,.F.,(8,6,6,6,8),(0.,0.161012822068,0.453602325431,
    0.693283121033,1.),.UNSPECIFIED.);
#3704 = CARTESIAN_POINT('',(6.792475692092,-0.35960544857,
    58.100052163766));
#3705 = CARTESIAN_POINT('',(6.797148908318,-0.476746172735,
    58.052433699178));
#3706 = CARTESIAN_POINT('',(6.799619652987,-0.592304923298,
    58.001387664063));
#3707 = CARTESIAN_POINT('',(6.799970647897,-0.706119088335,
    57.947034881673));
#3708 = CARTESIAN_POINT('',(6.79829688595,-0.818048299902,
    57.889498066397));
#3709 = CARTESIAN_POINT('',(6.794702245945,-0.92797196355,
    57.828898009996));
#3710 = CARTESIAN_POINT('',(6.789296107371,-1.035786787834,
    57.765349767833));
#3711 = CARTESIAN_POINT('',(6.769276815913,-1.333330516219,
    57.578314496029));
#3712 = CARTESIAN_POINT('',(6.750753027909,-1.517959348929,
    57.448309312231));
#3713 = CARTESIAN_POINT('',(6.727289450578,-1.694830686172,
    57.309545138169));
#3714 = CARTESIAN_POINT('',(6.699579438826,-1.863547643224,57.1625540695
    ));
#3715 = CARTESIAN_POINT('',(6.668320980313,-2.023758822926,
    57.007786186246));
#3716 = CARTESIAN_POINT('',(6.634207016739,-2.175131447031,
    56.845584316377));
#3717 = CARTESIAN_POINT('',(6.568201935645,-2.433788301002,
    56.537346758689));
#3718 = CARTESIAN_POINT('',(6.537031892865,-2.544065661969,
    56.393726724919));
#3719 = CARTESIAN_POINT('',(6.504793012822,-2.647957866512,
    56.245400561937));
#3720 = CARTESIAN_POINT('',(6.471874927174,-2.745213088028,
    56.09248258072));
#3721 = CARTESIAN_POINT('',(6.438683983224,-2.835527817877,
    55.935091915354));
#3722 = CARTESIAN_POINT('',(6.405642497012,-2.918552332283,
    55.773357597841));
#3723 = CARTESIAN_POINT('',(6.331640364451,-3.090301225086,
    55.395079145058));
#3724 = CARTESIAN_POINT('',(6.291046951242,-3.174130925566,
    55.175844438769));
#3725 = CARTESIAN_POINT('',(6.252320996033,-3.244508764968,
    54.950107916517));
#3726 = CARTESIAN_POINT('',(6.2164378279,-3.300385150245,54.718508118524
    ));
#3727 = CARTESIAN_POINT('',(6.184385663684,-3.340675030192,
    54.481985909287));
#3728 = CARTESIAN_POINT('',(6.157011775362,-3.36439178779,
    54.241867020126));
#3729 = CARTESIAN_POINT('',(6.134848647437,-3.370998661826,54.));
#3730 = ORIENTED_EDGE('',*,*,#3731,.F.);
#3731 = EDGE_CURVE('',#3732,#3701,#3734,.T.);
#3732 = VERTEX_POINT('',#3733);
#3733 = CARTESIAN_POINT('',(-5.671697838198,-4.102662992762,54.));
#3734 = B_SPLINE_CURVE_WITH_KNOTS('',14,(#3735,#3736,#3737,#3738,#3739,
    #3740,#3741,#3742,#3743,#3744,#3745,#3746,#3747,#3748,#3749),
  .UNSPECIFIED.,.T.,.F.,(15,15),(0.,1.),.PIECEWISE_BEZIER_KNOTS.);
#3735 = CARTESIAN_POINT('',(7.,-2.68036448894E-15,54.));
#3736 = CARTESIAN_POINT('',(7.000000000001,3.141592653592,
    54.000000000004));
#3737 = CARTESIAN_POINT('',(5.4815994716,6.283186466812,53.999999999986)
  );
#3738 = CARTESIAN_POINT('',(2.444796473688,8.629735426014,
    54.000000000025));
#3739 = CARTESIAN_POINT('',(-1.656274303174,9.386283170777,
    53.999999999983));
#3740 = CARTESIAN_POINT('',(-5.913429622821,8.042838027079,
    53.999999999969));
#3741 = CARTESIAN_POINT('',(-9.16329191161,4.661196716839,
    54.000000000112));
#3742 = CARTESIAN_POINT('',(-10.38680021434,1.058086951389E-10,
    53.999999999813));
#3743 = CARTESIAN_POINT('',(-9.163291911608,-4.661196717034,
    54.000000000216));
#3744 = CARTESIAN_POINT('',(-5.913429622823,-8.04283802693,
    53.999999999813));
#3745 = CARTESIAN_POINT('',(-1.656274303172,-9.386283170872,
    54.000000000125));
#3746 = CARTESIAN_POINT('',(2.444796473687,-8.629735425967,
    53.999999999937));
#3747 = CARTESIAN_POINT('',(5.4815994716,-6.28318646683,54.000000000023)
  );
#3748 = CARTESIAN_POINT('',(7.000000000001,-3.141592653588,
    53.999999999995));
#3749 = CARTESIAN_POINT('',(7.,1.764458431842E-15,54.));
#3750 = ORIENTED_EDGE('',*,*,#3751,.F.);
#3751 = EDGE_CURVE('',#3752,#3732,#3754,.T.);
#3752 = VERTEX_POINT('',#3753);
#3753 = CARTESIAN_POINT('',(-6.13484870281,-3.370998645325,
    54.000000018237));
#3754 = B_SPLINE_CURVE_WITH_KNOTS('',8,(#3755,#3756,#3757,#3758,#3759,
    #3760,#3761,#3762,#3763,#3764,#3765,#3766,#3767,#3768,#3769,#3770,
    #3771,#3772,#3773,#3774,#3775,#3776,#3777,#3778,#3779,#3780,#3781,
    #3782,#3783,#3784,#3785,#3786,#3787,#3788,#3789,#3790,#3791,#3792,
    #3793,#3794,#3795,#3796,#3797,#3798,#3799,#3800,#3801,#3802,#3803,
    #3804,#3805,#3806,#3807,#3808,#3809,#3810,#3811,#3812,#3813,#3814,
    #3815,#3816,#3817,#3818,#3819,#3820,#3821,#3822,#3823,#3824,#3825,
    #3826,#3827,#3828,#3829,#3830,#3831,#3832,#3833,#3834,#3835,#3836,
    #3837,#3838,#3839,#3840,#3841,#3842,#3843,#3844,#3845,#3846,#3847,
    #3848,#3849,#3850,#3851,#3852,#3853,#3854,#3855,#3856,#3857,#3858,
    #3859,#3860,#3861,#3862,#3863,#3864,#3865,#3866,#3867,#3868,#3869,
    #3870,#3871,#3872,#3873,#3874,#3875,#3876,#3877,#3878,#3879,#3880,
    #3881,#3882,#3883,#3884,#3885,#3886,#3887,#3888,#3889,#3890,#3891,
    #3892,#3893,#3894,#3895,#3896,#3897,#3898,#3899,#3900,#3901,#3902,
    #3903,#3904,#3905,#3906,#3907,#3908,#3909,#3910,#3911,#3912,#3913,
    #3914,#3915,#3916,#3917,#3918,#3919,#3920,#3921,#3922,#3923,#3924,
    #3925,#3926,#3927,#3928,#3929,#3930,#3931,#3932,#3933,#3934,#3935,
    #3936,#3937,#3938,#3939,#3940,#3941,#3942,#3943,#3944,#3945,#3946,
    #3947,#3948,#3949,#3950,#3951,#3952),.UNSPECIFIED.,.F.,.F.,(9,7,7,7,
    7,7,7,7,7,7,7,7,7,7,7,7,7,7,7,7,7,7,7,7,7,7,7,7,9),(0.,
    9.019731164246E-04,1.295239842585E-03,1.426328752169E-03,
    1.540738792739E-03,1.560636566477E-03,1.596134691862E-03,
    3.05954609611E-03,2.682717102045E-02,9.659965038502E-02,
    0.185707139333,0.255023218726,0.3133672875,0.360827683034,
    0.397463297978,0.50221856302,0.592097365631,0.626566687378,
    0.669690225081,0.723669487386,0.788580430945,0.868873620797,
    0.982166601057,0.98871683919,0.989948827203,0.990862402471,
    0.993417470317,0.996215005363,1.),.UNSPECIFIED.);
#3755 = CARTESIAN_POINT('',(6.529770327113,2.522320256264,54.));
#3756 = CARTESIAN_POINT('',(6.57066293303,2.416457678323,54.000000040864
    ));
#3757 = CARTESIAN_POINT('',(6.609593726923,2.309838438675,
    54.000000089067));
#3758 = CARTESIAN_POINT('',(6.64654654653,2.20250439019,54.000000141855)
  );
#3759 = CARTESIAN_POINT('',(6.68150627759,2.094497943239,54.000000198766
    ));
#3760 = CARTESIAN_POINT('',(6.714458853839,1.985862065697,54.00000026163
    ));
#3761 = CARTESIAN_POINT('',(6.745391257016,1.876640282939,
    54.000000334569));
#3762 = CARTESIAN_POINT('',(6.774291516855,1.766876677844,
    54.000000423999));
#3763 = CARTESIAN_POINT('',(6.812858639757,1.608541399479,
    54.000000588604));
#3764 = CARTESIAN_POINT('',(6.82418020483,1.560372308553,54.000000650425
    ));
#3765 = CARTESIAN_POINT('',(6.835112514326,1.512112280346,
    54.000000715331));
#3766 = CARTESIAN_POINT('',(6.845654718035,1.463764985368,54.00000078251
    ));
#3767 = CARTESIAN_POINT('',(6.855806007523,1.415334102306,
    54.000000859096));
#3768 = CARTESIAN_POINT('',(6.865565616137,1.366823318024,
    54.000000960165));
#3769 = CARTESIAN_POINT('',(6.874932818996,1.318236327564,
    54.000001108743));
#3770 = CARTESIAN_POINT('',(6.886898304354,1.253357002897,
    54.000001411482));
#3771 = CARTESIAN_POINT('',(6.889845999324,1.237129114818,
    54.000001501783));
#3772 = CARTESIAN_POINT('',(6.892749992532,1.220893307577,
    54.000001602093));
#3773 = CARTESIAN_POINT('',(6.895610259211,1.204649718317,
    54.000001714212));
#3774 = CARTESIAN_POINT('',(6.898426775205,1.188398483652,
    54.000001846354));
#3775 = CARTESIAN_POINT('',(6.901199516963,1.172139739667,54.00000201314
    ));
#3776 = CARTESIAN_POINT('',(6.903928461548,1.155873621922,
    54.000002235598));
#3777 = CARTESIAN_POINT('',(6.908957074496,1.12539742113,54.000002807864
    ));
#3778 = CARTESIAN_POINT('',(6.911267116168,1.111189491171,
    54.000017415753));
#3779 = CARTESIAN_POINT('',(6.913543747652,1.096976246752,54.00002674386
    ));
#3780 = CARTESIAN_POINT('',(6.915786985906,1.082757581776,
    54.000021516678));
#3781 = CARTESIAN_POINT('',(6.917996828839,1.068533512868,
    54.000002804175));
#3782 = CARTESIAN_POINT('',(6.920173255311,1.054304179376,
    53.999982021791));
#3783 = CARTESIAN_POINT('',(6.922316225132,1.04006984337,53.99998093044)
  );
#3784 = CARTESIAN_POINT('',(6.924792547537,1.023354503143,
    54.000040455124));
#3785 = CARTESIAN_POINT('',(6.925022883182,1.021795180178,54.0000509229)
  );
#3786 = CARTESIAN_POINT('',(6.925163837067,1.020837719927,
    54.000064251755));
#3787 = CARTESIAN_POINT('',(6.925251613574,1.020239854087,
    54.000080751751));
#3788 = CARTESIAN_POINT('',(6.925311470405,1.01983224686,54.000099831095
    ));
#3789 = CARTESIAN_POINT('',(6.92535771858,1.019518494962,54.000119996146
    ));
#3790 = CARTESIAN_POINT('',(6.925393722434,1.019275127617,
    54.000138851404));
#3791 = CARTESIAN_POINT('',(6.925444328175,1.018931241908,
    54.000178518518));
#3792 = CARTESIAN_POINT('',(6.925460117854,1.018823890078,
    54.000204058406));
#3793 = CARTESIAN_POINT('',(6.925466498041,1.018780508381,
    54.000228047534));
#3794 = CARTESIAN_POINT('',(6.925468842343,1.018764574494,
    54.000244744697));
#3795 = CARTESIAN_POINT('',(6.925470165723,1.018755577023,
    54.000253595976));
#3796 = CARTESIAN_POINT('',(6.925471338086,1.018747600229,
    54.000260481012));
#3797 = CARTESIAN_POINT('',(6.925472014285,1.018743002906,
    54.000270948734));
#3798 = CARTESIAN_POINT('',(6.925483258493,1.018666512707,
    54.000460698709));
#3799 = CARTESIAN_POINT('',(6.92534558969,1.019602407864,54.000748743461
    ));
#3800 = CARTESIAN_POINT('',(6.925176812152,1.020748830684,
    54.001129007567));
#3801 = CARTESIAN_POINT('',(6.925037211278,1.02169453196,54.001431807295
    ));
#3802 = CARTESIAN_POINT('',(6.924949505586,1.022287323695,
    54.001607572395));
#3803 = CARTESIAN_POINT('',(6.924903477447,1.022599025241,54.00171060971
    ));
#3804 = CARTESIAN_POINT('',(6.924851935277,1.022948422119,
    54.001819884275));
#3805 = CARTESIAN_POINT('',(6.922308133653,1.040140463998,
    54.007154593024));
#3806 = CARTESIAN_POINT('',(6.920075626184,1.054902478685,
    54.011449126675));
#3807 = CARTESIAN_POINT('',(6.916283155793,1.079983140254,
    54.019406254515));
#3808 = CARTESIAN_POINT('',(6.909775857597,1.121942519079,
    54.031799412953));
#3809 = CARTESIAN_POINT('',(6.900368716144,1.180928366414,
    54.049942582842));
#3810 = CARTESIAN_POINT('',(6.887531662513,1.251901183734,
    54.071223664701));
#3811 = CARTESIAN_POINT('',(6.873293979144,1.32396213137,54.092848350507
    ));
#3812 = CARTESIAN_POINT('',(6.82714178849,1.547962134406,54.159833794987
    ));
#3813 = CARTESIAN_POINT('',(6.787632181726,1.714214861193,
    54.209075706066));
#3814 = CARTESIAN_POINT('',(6.743073897937,1.879462460268,
    54.257565544759));
#3815 = CARTESIAN_POINT('',(6.693509426592,2.043532929298,54.30527610645
    ));
#3816 = CARTESIAN_POINT('',(6.638988148124,2.206256369454,
    54.352181724691));
#3817 = CARTESIAN_POINT('',(6.5795662944,2.367465031549,54.398258129214)
  );
#3818 = CARTESIAN_POINT('',(6.515306909204,2.526993362166,
    54.443482303943));
#3819 = CARTESIAN_POINT('',(6.358124254382,2.886059549896,
    54.544472453398));
#3820 = CARTESIAN_POINT('',(6.262191424675,3.084436205266,
    54.599687393067));
#3821 = CARTESIAN_POINT('',(6.158627241484,3.279467221681,
    54.653431329249));
#3822 = CARTESIAN_POINT('',(6.047594018426,3.470821376093,
    54.705662151564));
#3823 = CARTESIAN_POINT('',(5.929270337544,3.658177162844,
    54.756340997886));
#3824 = CARTESIAN_POINT('',(5.803850926001,3.841222939885,
    54.805431778206));
#3825 = CARTESIAN_POINT('',(5.671546532788,4.019657074987,
    54.852900698492));
#3826 = CARTESIAN_POINT('',(5.424485692051,4.328176630987,
    54.934355012877));
#3827 = CARTESIAN_POINT('',(5.312357604975,4.460199388275,
    54.968993698148));
#3828 = CARTESIAN_POINT('',(5.196306073051,4.589119509929,55.00261711776
    ));
#3829 = CARTESIAN_POINT('',(5.076442534821,4.71480499875,55.035211333521
    ));
#3830 = CARTESIAN_POINT('',(4.952883338515,4.837128714233,
    55.066763191661));
#3831 = CARTESIAN_POINT('',(4.825749742047,4.95596837257,55.097260322833
    ));
#3832 = CARTESIAN_POINT('',(4.695167913018,5.071206546647,
    55.126691142109));
#3833 = CARTESIAN_POINT('',(4.448564753619,5.276601683406,
    55.178910460525));
#3834 = CARTESIAN_POINT('',(4.333510015782,5.367841755053,
    55.202012959675));
#3835 = CARTESIAN_POINT('',(4.216182790827,5.456383864286,55.22434588316
    ));
#3836 = CARTESIAN_POINT('',(4.096663135389,5.542163838148,
    55.245903108497));
#3837 = CARTESIAN_POINT('',(3.975033087121,5.625120347423,
    55.266678853994));
#3838 = CARTESIAN_POINT('',(3.851376664688,5.705194906641,
    55.286667678752));
#3839 = CARTESIAN_POINT('',(3.72577986777,5.782331874071,55.305864482664
    ));
#3840 = CARTESIAN_POINT('',(3.494656231169,5.916793509916,55.33923213592
    ));
#3841 = CARTESIAN_POINT('',(3.389755847312,5.975129902705,
    55.353672527339));
#3842 = CARTESIAN_POINT('',(3.283676837307,6.031459247766,
    55.367583113344));
#3843 = CARTESIAN_POINT('',(3.176467184738,6.085754524108,
    55.380961464547));
#3844 = CARTESIAN_POINT('',(3.068175544959,6.137990072076,
    55.393805289502));
#3845 = CARTESIAN_POINT('',(2.958851245096,6.188141593349,
    55.406112434707));
#3846 = CARTESIAN_POINT('',(2.848544284044,6.236186150945,
    55.417880884598));
#3847 = CARTESIAN_POINT('',(2.651437792795,6.317545648904,
    55.437775781128));
#3848 = CARTESIAN_POINT('',(2.565014856472,6.351720843406,
    55.446120695487));
#3849 = CARTESIAN_POINT('',(2.478059811414,6.384617838878,55.45414263992
    ));
#3850 = CARTESIAN_POINT('',(2.390596124986,6.4162272299,55.461840796747)
  );
#3851 = CARTESIAN_POINT('',(2.302647444008,6.446540119472,55.46921439532
    ));
#3852 = CARTESIAN_POINT('',(2.214237594749,6.475548119013,
    55.476262712026));
#3853 = CARTESIAN_POINT('',(2.125390582935,6.503243348366,
    55.482985070284));
#3854 = CARTESIAN_POINT('',(1.780902072529,6.605034919945,
    55.507668799147));
#3855 = CARTESIAN_POINT('',(1.522293235155,6.669658664786,
    55.523286722934));
#3856 = CARTESIAN_POINT('',(1.260874037438,6.723316347692,
    55.536219649423));
#3857 = CARTESIAN_POINT('',(0.997219844144,6.765870334285,
    55.546455885925));
#3858 = CARTESIAN_POINT('',(0.731911231584,6.797218715119,55.5539869068)
  );
#3859 = CARTESIAN_POINT('',(0.465533790203,6.81729534235,55.558807250695
    ));
#3860 = CARTESIAN_POINT('',(0.198677927166,6.826069866418,
    55.560914417795));
#3861 = CARTESIAN_POINT('',(-0.296920521343,6.821383845581,
    55.559789125762));
#3862 = CARTESIAN_POINT('',(-0.525698545627,6.810904011827,
    55.557272524426));
#3863 = CARTESIAN_POINT('',(-0.754020278761,6.792112081207,
    55.552759231266));
#3864 = CARTESIAN_POINT('',(-0.981513273995,6.765031243328,
    55.546251170864));
#3865 = CARTESIAN_POINT('',(-1.207807762966,6.729704067662,
    55.537751924176));
#3866 = CARTESIAN_POINT('',(-1.432536655696,6.686192503543,
    55.527266728532));
#3867 = CARTESIAN_POINT('',(-1.655335540593,6.634577880168,
    55.514802477636));
#3868 = CARTESIAN_POINT('',(-1.960409139146,6.552097265963,
    55.494831863976));
#3869 = CARTESIAN_POINT('',(-2.044638806813,6.52805658834,
    55.489006181657));
#3870 = CARTESIAN_POINT('',(-2.128511409693,6.502844528917,
    55.482891155905));
#3871 = CARTESIAN_POINT('',(-2.212006800149,6.47646714489,
    55.476487304629));
#3872 = CARTESIAN_POINT('',(-2.295104960661,6.448930895459,
    55.469795182343));
#3873 = CARTESIAN_POINT('',(-2.377786003829,6.420242641828,
    55.462815380168));
#3874 = CARTESIAN_POINT('',(-2.460030172373,6.390409647207,
    55.455548525834));
#3875 = CARTESIAN_POINT('',(-2.644139943321,6.320693847837,
    55.438545648275));
#3876 = CARTESIAN_POINT('',(-2.745747607884,6.280168368512,
    55.428647764739));
#3877 = CARTESIAN_POINT('',(-2.846602377612,6.23787815995,55.41830293267
    ));
#3878 = CARTESIAN_POINT('',(-2.946666221995,6.193839186901,
    55.407512544385));
#3879 = CARTESIAN_POINT('',(-3.045901535218,6.148068357749,
    55.396278084919));
#3880 = CARTESIAN_POINT('',(-3.144271136158,6.100583524514,
    55.384601132019));
#3881 = CARTESIAN_POINT('',(-3.241738268393,6.051403482852,
    55.372483356149));
#3882 = CARTESIAN_POINT('',(-3.459094538241,5.93689032467,
    55.344208683734));
#3883 = CARTESIAN_POINT('',(-3.57845171613,5.870607377045,
    55.327802908202));
#3884 = CARTESIAN_POINT('',(-3.696266813429,5.801737889151,
    55.310712645902));
#3885 = CARTESIAN_POINT('',(-3.812469859752,5.730322771864,
    55.292941591453));
#3886 = CARTESIAN_POINT('',(-3.926992234758,5.656405086962,
    55.274493682084));
#3887 = CARTESIAN_POINT('',(-4.03976666815,5.580030047121,
    55.255373097635));
#3888 = CARTESIAN_POINT('',(-4.150727239674,5.501245015921,
    55.235584260558));
#3889 = CARTESIAN_POINT('',(-4.390982431416,5.322520710535,
    55.190537461611));
#3890 = CARTESIAN_POINT('',(-4.519439641209,5.221528205666,
    55.164983510273));
#3891 = CARTESIAN_POINT('',(-4.645068606671,5.117208224505,
    55.138478070361));
#3892 = CARTESIAN_POINT('',(-4.76776046596,5.009650955715,
    55.111029801671));
#3893 = CARTESIAN_POINT('',(-4.887409897217,4.898950545344,
    55.082647935338));
#3894 = CARTESIAN_POINT('',(-5.003915118571,4.785205096829,
    55.053342273837));
#3895 = CARTESIAN_POINT('',(-5.117177888137,4.668516670995,
    55.023123190975));
#3896 = CARTESIAN_POINT('',(-5.363078701134,4.401141418235,
    54.953505053138));
#3897 = CARTESIAN_POINT('',(-5.493948705517,4.248949565641,
    54.913627385755));
#3898 = CARTESIAN_POINT('',(-5.619534082784,4.092616761771,
    54.872389725009));
#3899 = CARTESIAN_POINT('',(-5.739665320648,3.9323515262,54.829814320178
    ));
#3900 = CARTESIAN_POINT('',(-5.854182894054,3.768369795537,
    54.785924824838));
#3901 = CARTESIAN_POINT('',(-5.962937330303,3.600894854374,
    54.740746547134));
#3902 = CARTESIAN_POINT('',(-6.065789274184,3.430157266241,
    54.694306700057));
#3903 = CARTESIAN_POINT('',(-6.299222109774,3.011217508982,
    54.579369813426));
#3904 = CARTESIAN_POINT('',(-6.423830124556,2.760011328697,
    54.509649728406));
#3905 = CARTESIAN_POINT('',(-6.53606788196,2.503447452018,
    54.437559172106));
#3906 = CARTESIAN_POINT('',(-6.635618244614,2.242216823107,
    54.36318506245));
#3907 = CARTESIAN_POINT('',(-6.722210630863,1.977025693833,
    54.286626715451));
#3908 = CARTESIAN_POINT('',(-6.795620058254,1.708596760791,
    54.207991030223));
#3909 = CARTESIAN_POINT('',(-6.855668329001,1.437670116732,
    54.127390725617));
#3910 = CARTESIAN_POINT('',(-6.904920390015,1.149233229305,
    54.040198086404));
#3911 = CARTESIAN_POINT('',(-6.907567282772,1.133462216959,
    54.035426780943));
#3912 = CARTESIAN_POINT('',(-6.910169056576,1.117685561727,
    54.030649168778));
#3913 = CARTESIAN_POINT('',(-6.912725674668,1.101903494885,
    54.025864989755));
#3914 = CARTESIAN_POINT('',(-6.915237118763,1.086116125888,
    54.021074389136));
#3915 = CARTESIAN_POINT('',(-6.917703389051,1.070323442368,
    54.016277917594));
#3916 = CARTESIAN_POINT('',(-6.920124504196,1.05452531014,
    54.011476531215));
#3917 = CARTESIAN_POINT('',(-6.922947385851,1.035749041161,
    54.005767864337));
#3918 = CARTESIAN_POINT('',(-6.923375810431,1.032889168532,
    54.005083360314));
#3919 = CARTESIAN_POINT('',(-6.923795691507,1.030076129195,
    54.004333134616));
#3920 = CARTESIAN_POINT('',(-6.924214300961,1.027261614536,
    54.003381515583));
#3921 = CARTESIAN_POINT('',(-6.924636266125,1.02441473345,
    54.002242104706));
#3922 = CARTESIAN_POINT('',(-6.925063569785,1.021522012331,
    54.001077776628));
#3923 = CARTESIAN_POINT('',(-6.925495550177,1.018587395081,
    54.000200679146));
#3924 = CARTESIAN_POINT('',(-6.926250250368,1.013440863211,
    53.99997698469));
#3925 = CARTESIAN_POINT('',(-6.926534572649,1.01141631142,54.00003954629
    ));
#3926 = CARTESIAN_POINT('',(-6.926919653247,1.008974712786,
    54.000025663091));
#3927 = CARTESIAN_POINT('',(-6.927626751907,1.004053316694,
    53.99998459187));
#3928 = CARTESIAN_POINT('',(-6.929187985926,0.993133817642,
    53.999987869909));
#3929 = CARTESIAN_POINT('',(-6.932401824074,0.971222863343,
    54.000017122724));
#3930 = CARTESIAN_POINT('',(-6.938016691215,0.931789750132,
    54.000000910684));
#3931 = CARTESIAN_POINT('',(-6.968869286051,0.684511459886,
    53.99999978629));
#3932 = CARTESIAN_POINT('',(-6.986137054149,0.501679913032,
    54.000000328842));
#3933 = CARTESIAN_POINT('',(-6.99792200183,0.318358401708,
    54.000000234921));
#3934 = CARTESIAN_POINT('',(-7.004208399352,0.134738855266,
    53.999999902397));
#3935 = CARTESIAN_POINT('',(-7.004988561103,-4.89866217273E-02,
    53.999999932409));
#3936 = CARTESIAN_POINT('',(-7.000262776247,-0.2326257644,
    54.000000178506));
#3937 = CARTESIAN_POINT('',(-6.990039382205,-0.415986159829,
    54.000000046807));
#3938 = CARTESIAN_POINT('',(-6.957140285796,-0.799119903265,
    54.000000047625));
#3939 = CARTESIAN_POINT('',(-6.933374747963,-0.998801394834,
    54.000000049856));
#3940 = CARTESIAN_POINT('',(-6.903060162999,-1.197666719477,
    54.000000052925));
#3941 = CARTESIAN_POINT('',(-6.866229703877,-1.395465189248,
    54.000000056065));
#3942 = CARTESIAN_POINT('',(-6.82292792103,-1.591948440125,
    54.000000058705));
#3943 = CARTESIAN_POINT('',(-6.773210742347,-1.786870432012,
    54.000000060469));
#3944 = CARTESIAN_POINT('',(-6.717145473176,-1.979987448737,
    54.00000006118));
#3945 = CARTESIAN_POINT('',(-6.570473544521,-2.429571886487,
    54.000000060414));
#3946 = CARTESIAN_POINT('',(-6.474652985641,-2.684361261587,
    54.000000057919));
#3947 = CARTESIAN_POINT('',(-6.367552586455,-2.934792062892,
    54.000000053043));
#3948 = CARTESIAN_POINT('',(-6.249410715805,-3.180280393089,
    54.000000045766));
#3949 = CARTESIAN_POINT('',(-6.120487794077,-3.420288559548,
    54.000000036318));
#3950 = CARTESIAN_POINT('',(-5.981053442665,-3.654321015859,
    54.000000025134));
#3951 = CARTESIAN_POINT('',(-5.831373633435,-3.881920303378,
    54.000000012799));
#3952 = CARTESIAN_POINT('',(-5.671697838198,-4.102662992762,54.));
#3953 = ORIENTED_EDGE('',*,*,#3954,.T.);
#3954 = EDGE_CURVE('',#3752,#3955,#3957,.T.);
#3955 = VERTEX_POINT('',#3956);
#3956 = CARTESIAN_POINT('',(-4.288628787231,5.398545720161,
    55.209697165066));
#3957 = B_SPLINE_CURVE_WITH_KNOTS('',7,(#3958,#3959,#3960,#3961,#3962,
    #3963,#3964,#3965,#3966,#3967,#3968,#3969,#3970,#3971,#3972,#3973,
    #3974,#3975,#3976,#3977,#3978,#3979,#3980,#3981,#3982,#3983,#3984,
    #3985,#3986,#3987,#3988,#3989,#3990,#3991,#3992,#3993,#3994,#3995,
    #3996,#3997,#3998,#3999,#4000,#4001,#4002,#4003,#4004,#4005,#4006,
    #4007,#4008,#4009,#4010,#4011,#4012,#4013,#4014,#4015,#4016,#4017,
    #4018,#4019,#4020,#4021,#4022,#4023,#4024,#4025),.UNSPECIFIED.,.F.,
  .F.,(8,6,6,6,6,6,6,6,6,6,6,8),(0.,7.651800433491E-02,0.207999516293,
    0.297726590845,0.387962035605,0.472722988541,0.528214987267,
    0.597426223896,0.730633145152,0.820139622787,0.892649930839,1.),
  .UNSPECIFIED.);
#3958 = CARTESIAN_POINT('',(-6.134848653355,-3.370998660062,54.));
#3959 = CARTESIAN_POINT('',(-6.149543412664,-3.366618122006,
    54.160364444823));
#3960 = CARTESIAN_POINT('',(-6.166530911101,-3.354715331931,
    54.319983070517));
#3961 = CARTESIAN_POINT('',(-6.185656451538,-3.335443362658,
    54.478308291801));
#3962 = CARTESIAN_POINT('',(-6.206702956159,-3.309044075768,
    54.634891038115));
#3963 = CARTESIAN_POINT('',(-6.22941454766,-3.275806056145,
    54.789367066029));
#3964 = CARTESIAN_POINT('',(-6.253516410728,-3.236033309607,
    54.94144579585));
#3965 = CARTESIAN_POINT('',(-6.322057254792,-3.110967794421,
    55.34771292611));
#3966 = CARTESIAN_POINT('',(-6.368646407535,-3.013539530691,
    55.596647863633));
#3967 = CARTESIAN_POINT('',(-6.41713976023,-2.899184617002,
    55.836915822411));
#3968 = CARTESIAN_POINT('',(-6.466136731736,-2.769222030185,
    56.067972733256));
#3969 = CARTESIAN_POINT('',(-6.514322736843,-2.624751511029,
    56.289401688863));
#3970 = CARTESIAN_POINT('',(-6.560490838011,-2.46663243032,
    56.500885464862));
#3971 = CARTESIAN_POINT('',(-6.632823611738,-2.178456959705,
    56.839483156765));
#3972 = CARTESIAN_POINT('',(-6.660672710815,-2.055482743239,
    56.972006192716));
#3973 = CARTESIAN_POINT('',(-6.686657601573,-1.926618062546,
    57.099589504918));
#3974 = CARTESIAN_POINT('',(-6.710403009117,-1.792047577773,
    57.222054649146));
#3975 = CARTESIAN_POINT('',(-6.731532491978,-1.65195929428,
    57.339177338029));
#3976 = CARTESIAN_POINT('',(-6.749670783411,-1.506553371829,
    57.45069564945));
#3977 = CARTESIAN_POINT('',(-6.779308753857,-1.204689148369,
    57.662530597978));
#3978 = CARTESIAN_POINT('',(-6.790769060314,-1.048185353083,
    57.762771615011));
#3979 = CARTESIAN_POINT('',(-6.798451301508,-0.886779713512,
    57.856723267465));
#3980 = CARTESIAN_POINT('',(-6.801983251656,-0.720778128756,
    57.94401714792));
#3981 = CARTESIAN_POINT('',(-6.801010980452,-0.550562566255,
    58.0242501169));
#3982 = CARTESIAN_POINT('',(-6.795222176362,-0.376608617787,
    58.097010451974));
#3983 = CARTESIAN_POINT('',(-6.774195213235,-3.314988983559E-02,
    58.222872498815));
#3984 = CARTESIAN_POINT('',(-6.759550283281,0.136007408771,
    58.27690758146));
#3985 = CARTESIAN_POINT('',(-6.740249592503,0.307426240007,
    58.323672237771));
#3986 = CARTESIAN_POINT('',(-6.716161936761,0.480520760548,58.3628738704
    ));
#3987 = CARTESIAN_POINT('',(-6.687234685672,0.654657352114,
    58.394280226748));
#3988 = CARTESIAN_POINT('',(-6.653510813623,0.82915280636,
    58.417737955201));
#3989 = CARTESIAN_POINT('',(-6.590033307261,1.117264655866,
    58.443322754069));
#3990 = CARTESIAN_POINT('',(-6.562926771265,1.231110823699,
    58.45001968718));
#3991 = CARTESIAN_POINT('',(-6.533871066804,1.344609839165,
    58.453276837623));
#3992 = CARTESIAN_POINT('',(-6.502924080077,1.457573145209,
    58.453100162771));
#3993 = CARTESIAN_POINT('',(-6.470158144579,1.569823304623,
    58.449513464491));
#3994 = CARTESIAN_POINT('',(-6.435658678681,1.681193696615,
    58.442556353685));
#3995 = CARTESIAN_POINT('',(-6.354453132045,1.929140635412,
    58.419468009714));
#3996 = CARTESIAN_POINT('',(-6.306835526843,2.065148471575,
    58.401493129938));
#3997 = CARTESIAN_POINT('',(-6.256856689581,2.199254530129,
    58.378460927005));
#3998 = CARTESIAN_POINT('',(-6.204721288917,2.3312125564,58.350503371462
    ));
#3999 = CARTESIAN_POINT('',(-6.150645798244,2.460821797476,
    58.317770582143));
#4000 = CARTESIAN_POINT('',(-6.094852313762,2.587921566892,
    58.280420355393));
#4001 = CARTESIAN_POINT('',(-5.927299688889,2.951935040766,
    58.15813324932));
#4002 = CARTESIAN_POINT('',(-5.81154239606,3.181617114685,
    58.061164751054));
#4003 = CARTESIAN_POINT('',(-5.691784709858,3.400763170064,
    57.948766441868));
#4004 = CARTESIAN_POINT('',(-5.569542694624,3.609024610053,
    57.821930752863));
#4005 = CARTESIAN_POINT('',(-5.446311672544,3.806255752683,
    57.681458185488));
#4006 = CARTESIAN_POINT('',(-5.323552980291,3.992461130537,
    57.527899565114));
#4007 = CARTESIAN_POINT('',(-5.121595806149,4.285454452343,
    57.249421555226));
#4008 = CARTESIAN_POINT('',(-5.041351004498,4.398209175425,
    57.131677964815));
#4009 = CARTESIAN_POINT('',(-4.962481562162,4.505988580997,
    57.008146450371));
#4010 = CARTESIAN_POINT('',(-4.885499818604,4.608751554524,
    56.878843081079));
#4011 = CARTESIAN_POINT('',(-4.81098185571,4.70641013245,56.743768397903
    ));
#4012 = CARTESIAN_POINT('',(-4.739568907626,4.798833396889,
    56.602910244208));
#4013 = CARTESIAN_POINT('',(-4.617195262134,4.956324593552,
    56.337426267813));
#4014 = CARTESIAN_POINT('',(-4.564936072391,5.023241308807,
    56.214819417902));
#4015 = CARTESIAN_POINT('',(-4.515564596422,5.086486480064,
    56.088426303191));
#4016 = CARTESIAN_POINT('',(-4.469504095593,5.145910776274,
    55.958296678728));
#4017 = CARTESIAN_POINT('',(-4.427210730704,5.201328921216,
    55.824537604359));
#4018 = CARTESIAN_POINT('',(-4.389144472,5.252532007074,55.68733460047)
  );
#4019 = CARTESIAN_POINT('',(-4.306241867385,5.368544306908,
    55.339194451473));
#4020 = CARTESIAN_POINT('',(-4.266859864386,5.428183529594,
    55.124164996364));
#4021 = CARTESIAN_POINT('',(-4.239136830674,5.477248240708,
    54.903437028445));
#4022 = CARTESIAN_POINT('',(-4.224141850357,5.515069050147,
    54.678706654524));
#4023 = CARTESIAN_POINT('',(-4.222229690779,5.54122139012,
    54.451830298544));
#4024 = CARTESIAN_POINT('',(-4.232910914759,5.555552478278,
    54.224849951762));
#4025 = CARTESIAN_POINT('',(-4.254989375084,5.558332980643,54.));
#4026 = ORIENTED_EDGE('',*,*,#4027,.F.);
#4027 = EDGE_CURVE('',#4028,#3955,#4030,.T.);
#4028 = VERTEX_POINT('',#4029);
#4029 = CARTESIAN_POINT('',(4.288628781641,5.39854572386,55.209697149175
    ));
#4030 = B_SPLINE_CURVE_WITH_KNOTS('',8,(#4031,#4032,#4033,#4034,#4035,
    #4036,#4037,#4038,#4039,#4040,#4041,#4042,#4043,#4044,#4045,#4046,
    #4047,#4048,#4049,#4050,#4051,#4052,#4053,#4054,#4055,#4056,#4057,
    #4058,#4059,#4060,#4061,#4062,#4063,#4064,#4065,#4066,#4067,#4068,
    #4069,#4070,#4071,#4072,#4073,#4074,#4075,#4076,#4077,#4078,#4079,
    #4080,#4081,#4082,#4083,#4084,#4085,#4086,#4087,#4088,#4089,#4090,
    #4091,#4092,#4093,#4094,#4095,#4096,#4097,#4098,#4099,#4100,#4101,
    #4102,#4103,#4104,#4105,#4106,#4107,#4108,#4109,#4110,#4111,#4112,
    #4113,#4114,#4115,#4116,#4117,#4118,#4119,#4120,#4121,#4122,#4123,
    #4124,#4125,#4126,#4127,#4128,#4129,#4130,#4131,#4132,#4133,#4134,
    #4135,#4136,#4137,#4138,#4139,#4140,#4141,#4142,#4143,#4144,#4145,
    #4146,#4147,#4148,#4149,#4150,#4151,#4152,#4153,#4154,#4155,#4156,
    #4157,#4158,#4159,#4160,#4161,#4162,#4163,#4164,#4165,#4166,#4167,
    #4168,#4169,#4170,#4171,#4172,#4173,#4174,#4175,#4176,#4177,#4178,
    #4179,#4180,#4181,#4182,#4183,#4184,#4185,#4186,#4187,#4188,#4189,
    #4190,#4191,#4192,#4193,#4194,#4195,#4196,#4197,#4198,#4199,#4200,
    #4201,#4202,#4203,#4204,#4205,#4206,#4207,#4208,#4209,#4210,#4211,
    #4212,#4213,#4214,#4215,#4216,#4217,#4218,#4219,#4220,#4221,#4222,
    #4223,#4224,#4225,#4226,#4227,#4228),.UNSPECIFIED.,.F.,.F.,(9,7,7,7,
    7,7,7,7,7,7,7,7,7,7,7,7,7,7,7,7,7,7,7,7,7,7,7,7,9),(0.,
    9.019731164246E-04,1.295239842585E-03,1.426328752169E-03,
    1.540738792739E-03,1.560636566477E-03,1.596134691862E-03,
    3.05954609611E-03,2.682717102045E-02,9.659965038502E-02,
    0.185707139333,0.255023218726,0.3133672875,0.360827683034,
    0.397463297978,0.50221856302,0.592097365631,0.626566687378,
    0.669690225081,0.723669487386,0.788580430945,0.868873620797,
    0.982166601057,0.98871683919,0.989948827203,0.990862402471,
    0.993417470317,0.996215005363,1.),.UNSPECIFIED.);
#4031 = CARTESIAN_POINT('',(6.529770327113,2.522320256264,54.));
#4032 = CARTESIAN_POINT('',(6.57066293303,2.416457678323,54.000000040864
    ));
#4033 = CARTESIAN_POINT('',(6.609593726923,2.309838438675,
    54.000000089067));
#4034 = CARTESIAN_POINT('',(6.64654654653,2.20250439019,54.000000141855)
  );
#4035 = CARTESIAN_POINT('',(6.68150627759,2.094497943239,54.000000198766
    ));
#4036 = CARTESIAN_POINT('',(6.714458853839,1.985862065697,54.00000026163
    ));
#4037 = CARTESIAN_POINT('',(6.745391257016,1.876640282939,
    54.000000334569));
#4038 = CARTESIAN_POINT('',(6.774291516855,1.766876677844,
    54.000000423999));
#4039 = CARTESIAN_POINT('',(6.812858639757,1.608541399479,
    54.000000588604));
#4040 = CARTESIAN_POINT('',(6.82418020483,1.560372308553,54.000000650425
    ));
#4041 = CARTESIAN_POINT('',(6.835112514326,1.512112280346,
    54.000000715331));
#4042 = CARTESIAN_POINT('',(6.845654718035,1.463764985368,54.00000078251
    ));
#4043 = CARTESIAN_POINT('',(6.855806007523,1.415334102306,
    54.000000859096));
#4044 = CARTESIAN_POINT('',(6.865565616137,1.366823318024,
    54.000000960165));
#4045 = CARTESIAN_POINT('',(6.874932818996,1.318236327564,
    54.000001108743));
#4046 = CARTESIAN_POINT('',(6.886898304354,1.253357002897,
    54.000001411482));
#4047 = CARTESIAN_POINT('',(6.889845999324,1.237129114818,
    54.000001501783));
#4048 = CARTESIAN_POINT('',(6.892749992532,1.220893307577,
    54.000001602093));
#4049 = CARTESIAN_POINT('',(6.895610259211,1.204649718317,
    54.000001714212));
#4050 = CARTESIAN_POINT('',(6.898426775205,1.188398483652,
    54.000001846354));
#4051 = CARTESIAN_POINT('',(6.901199516963,1.172139739667,54.00000201314
    ));
#4052 = CARTESIAN_POINT('',(6.903928461548,1.155873621922,
    54.000002235598));
#4053 = CARTESIAN_POINT('',(6.908957074496,1.12539742113,54.000002807864
    ));
#4054 = CARTESIAN_POINT('',(6.911267116168,1.111189491171,
    54.000017415753));
#4055 = CARTESIAN_POINT('',(6.913543747652,1.096976246752,54.00002674386
    ));
#4056 = CARTESIAN_POINT('',(6.915786985906,1.082757581776,
    54.000021516678));
#4057 = CARTESIAN_POINT('',(6.917996828839,1.068533512868,
    54.000002804175));
#4058 = CARTESIAN_POINT('',(6.920173255311,1.054304179376,
    53.999982021791));
#4059 = CARTESIAN_POINT('',(6.922316225132,1.04006984337,53.99998093044)
  );
#4060 = CARTESIAN_POINT('',(6.924792547537,1.023354503143,
    54.000040455124));
#4061 = CARTESIAN_POINT('',(6.925022883182,1.021795180178,54.0000509229)
  );
#4062 = CARTESIAN_POINT('',(6.925163837067,1.020837719927,
    54.000064251755));
#4063 = CARTESIAN_POINT('',(6.925251613574,1.020239854087,
    54.000080751751));
#4064 = CARTESIAN_POINT('',(6.925311470405,1.01983224686,54.000099831095
    ));
#4065 = CARTESIAN_POINT('',(6.92535771858,1.019518494962,54.000119996146
    ));
#4066 = CARTESIAN_POINT('',(6.925393722434,1.019275127617,
    54.000138851404));
#4067 = CARTESIAN_POINT('',(6.925444328175,1.018931241908,
    54.000178518518));
#4068 = CARTESIAN_POINT('',(6.925460117854,1.018823890078,
    54.000204058406));
#4069 = CARTESIAN_POINT('',(6.925466498041,1.018780508381,
    54.000228047534));
#4070 = CARTESIAN_POINT('',(6.925468842343,1.018764574494,
    54.000244744697));
#4071 = CARTESIAN_POINT('',(6.925470165723,1.018755577023,
    54.000253595976));
#4072 = CARTESIAN_POINT('',(6.925471338086,1.018747600229,
    54.000260481012));
#4073 = CARTESIAN_POINT('',(6.925472014285,1.018743002906,
    54.000270948734));
#4074 = CARTESIAN_POINT('',(6.925483258493,1.018666512707,
    54.000460698709));
#4075 = CARTESIAN_POINT('',(6.92534558969,1.019602407864,54.000748743461
    ));
#4076 = CARTESIAN_POINT('',(6.925176812152,1.020748830684,
    54.001129007567));
#4077 = CARTESIAN_POINT('',(6.925037211278,1.02169453196,54.001431807295
    ));
#4078 = CARTESIAN_POINT('',(6.924949505586,1.022287323695,
    54.001607572395));
#4079 = CARTESIAN_POINT('',(6.924903477447,1.022599025241,54.00171060971
    ));
#4080 = CARTESIAN_POINT('',(6.924851935277,1.022948422119,
    54.001819884275));
#4081 = CARTESIAN_POINT('',(6.922308133653,1.040140463998,
    54.007154593024));
#4082 = CARTESIAN_POINT('',(6.920075626184,1.054902478685,
    54.011449126675));
#4083 = CARTESIAN_POINT('',(6.916283155793,1.079983140254,
    54.019406254515));
#4084 = CARTESIAN_POINT('',(6.909775857597,1.121942519079,
    54.031799412953));
#4085 = CARTESIAN_POINT('',(6.900368716144,1.180928366414,
    54.049942582842));
#4086 = CARTESIAN_POINT('',(6.887531662513,1.251901183734,
    54.071223664701));
#4087 = CARTESIAN_POINT('',(6.873293979144,1.32396213137,54.092848350507
    ));
#4088 = CARTESIAN_POINT('',(6.82714178849,1.547962134406,54.159833794987
    ));
#4089 = CARTESIAN_POINT('',(6.787632181726,1.714214861193,
    54.209075706066));
#4090 = CARTESIAN_POINT('',(6.743073897937,1.879462460268,
    54.257565544759));
#4091 = CARTESIAN_POINT('',(6.693509426592,2.043532929298,54.30527610645
    ));
#4092 = CARTESIAN_POINT('',(6.638988148124,2.206256369454,
    54.352181724691));
#4093 = CARTESIAN_POINT('',(6.5795662944,2.367465031549,54.398258129214)
  );
#4094 = CARTESIAN_POINT('',(6.515306909204,2.526993362166,
    54.443482303943));
#4095 = CARTESIAN_POINT('',(6.358124254382,2.886059549896,
    54.544472453398));
#4096 = CARTESIAN_POINT('',(6.262191424675,3.084436205266,
    54.599687393067));
#4097 = CARTESIAN_POINT('',(6.158627241484,3.279467221681,
    54.653431329249));
#4098 = CARTESIAN_POINT('',(6.047594018426,3.470821376093,
    54.705662151564));
#4099 = CARTESIAN_POINT('',(5.929270337544,3.658177162844,
    54.756340997886));
#4100 = CARTESIAN_POINT('',(5.803850926001,3.841222939885,
    54.805431778206));
#4101 = CARTESIAN_POINT('',(5.671546532788,4.019657074987,
    54.852900698492));
#4102 = CARTESIAN_POINT('',(5.424485692051,4.328176630987,
    54.934355012877));
#4103 = CARTESIAN_POINT('',(5.312357604975,4.460199388275,
    54.968993698148));
#4104 = CARTESIAN_POINT('',(5.196306073051,4.589119509929,55.00261711776
    ));
#4105 = CARTESIAN_POINT('',(5.076442534821,4.71480499875,55.035211333521
    ));
#4106 = CARTESIAN_POINT('',(4.952883338515,4.837128714233,
    55.066763191661));
#4107 = CARTESIAN_POINT('',(4.825749742047,4.95596837257,55.097260322833
    ));
#4108 = CARTESIAN_POINT('',(4.695167913018,5.071206546647,
    55.126691142109));
#4109 = CARTESIAN_POINT('',(4.448564753619,5.276601683406,
    55.178910460525));
#4110 = CARTESIAN_POINT('',(4.333510015782,5.367841755053,
    55.202012959675));
#4111 = CARTESIAN_POINT('',(4.216182790827,5.456383864286,55.22434588316
    ));
#4112 = CARTESIAN_POINT('',(4.096663135389,5.542163838148,
    55.245903108497));
#4113 = CARTESIAN_POINT('',(3.975033087121,5.625120347423,
    55.266678853994));
#4114 = CARTESIAN_POINT('',(3.851376664688,5.705194906641,
    55.286667678752));
#4115 = CARTESIAN_POINT('',(3.72577986777,5.782331874071,55.305864482664
    ));
#4116 = CARTESIAN_POINT('',(3.494656231169,5.916793509916,55.33923213592
    ));
#4117 = CARTESIAN_POINT('',(3.389755847312,5.975129902705,
    55.353672527339));
#4118 = CARTESIAN_POINT('',(3.283676837307,6.031459247766,
    55.367583113344));
#4119 = CARTESIAN_POINT('',(3.176467184738,6.085754524108,
    55.380961464547));
#4120 = CARTESIAN_POINT('',(3.068175544959,6.137990072076,
    55.393805289502));
#4121 = CARTESIAN_POINT('',(2.958851245096,6.188141593349,
    55.406112434707));
#4122 = CARTESIAN_POINT('',(2.848544284044,6.236186150945,
    55.417880884598));
#4123 = CARTESIAN_POINT('',(2.651437792795,6.317545648904,
    55.437775781128));
#4124 = CARTESIAN_POINT('',(2.565014856472,6.351720843406,
    55.446120695487));
#4125 = CARTESIAN_POINT('',(2.478059811414,6.384617838878,55.45414263992
    ));
#4126 = CARTESIAN_POINT('',(2.390596124986,6.4162272299,55.461840796747)
  );
#4127 = CARTESIAN_POINT('',(2.302647444008,6.446540119472,55.46921439532
    ));
#4128 = CARTESIAN_POINT('',(2.214237594749,6.475548119013,
    55.476262712026));
#4129 = CARTESIAN_POINT('',(2.125390582935,6.503243348366,
    55.482985070284));
#4130 = CARTESIAN_POINT('',(1.780902072529,6.605034919945,
    55.507668799147));
#4131 = CARTESIAN_POINT('',(1.522293235155,6.669658664786,
    55.523286722934));
#4132 = CARTESIAN_POINT('',(1.260874037438,6.723316347692,
    55.536219649423));
#4133 = CARTESIAN_POINT('',(0.997219844144,6.765870334285,
    55.546455885925));
#4134 = CARTESIAN_POINT('',(0.731911231584,6.797218715119,55.5539869068)
  );
#4135 = CARTESIAN_POINT('',(0.465533790203,6.81729534235,55.558807250695
    ));
#4136 = CARTESIAN_POINT('',(0.198677927166,6.826069866418,
    55.560914417795));
#4137 = CARTESIAN_POINT('',(-0.296920521343,6.821383845581,
    55.559789125762));
#4138 = CARTESIAN_POINT('',(-0.525698545627,6.810904011827,
    55.557272524426));
#4139 = CARTESIAN_POINT('',(-0.754020278761,6.792112081207,
    55.552759231266));
#4140 = CARTESIAN_POINT('',(-0.981513273995,6.765031243328,
    55.546251170864));
#4141 = CARTESIAN_POINT('',(-1.207807762966,6.729704067662,
    55.537751924176));
#4142 = CARTESIAN_POINT('',(-1.432536655696,6.686192503543,
    55.527266728532));
#4143 = CARTESIAN_POINT('',(-1.655335540593,6.634577880168,
    55.514802477636));
#4144 = CARTESIAN_POINT('',(-1.960409139146,6.552097265963,
    55.494831863976));
#4145 = CARTESIAN_POINT('',(-2.044638806813,6.52805658834,
    55.489006181657));
#4146 = CARTESIAN_POINT('',(-2.128511409693,6.502844528917,
    55.482891155905));
#4147 = CARTESIAN_POINT('',(-2.212006800149,6.47646714489,
    55.476487304629));
#4148 = CARTESIAN_POINT('',(-2.295104960661,6.448930895459,
    55.469795182343));
#4149 = CARTESIAN_POINT('',(-2.377786003829,6.420242641828,
    55.462815380168));
#4150 = CARTESIAN_POINT('',(-2.460030172373,6.390409647207,
    55.455548525834));
#4151 = CARTESIAN_POINT('',(-2.644139943321,6.320693847837,
    55.438545648275));
#4152 = CARTESIAN_POINT('',(-2.745747607884,6.280168368512,
    55.428647764739));
#4153 = CARTESIAN_POINT('',(-2.846602377612,6.23787815995,55.41830293267
    ));
#4154 = CARTESIAN_POINT('',(-2.946666221995,6.193839186901,
    55.407512544385));
#4155 = CARTESIAN_POINT('',(-3.045901535218,6.148068357749,
    55.396278084919));
#4156 = CARTESIAN_POINT('',(-3.144271136158,6.100583524514,
    55.384601132019));
#4157 = CARTESIAN_POINT('',(-3.241738268393,6.051403482852,
    55.372483356149));
#4158 = CARTESIAN_POINT('',(-3.459094538241,5.93689032467,
    55.344208683734));
#4159 = CARTESIAN_POINT('',(-3.57845171613,5.870607377045,
    55.327802908202));
#4160 = CARTESIAN_POINT('',(-3.696266813429,5.801737889151,
    55.310712645902));
#4161 = CARTESIAN_POINT('',(-3.812469859752,5.730322771864,
    55.292941591453));
#4162 = CARTESIAN_POINT('',(-3.926992234758,5.656405086962,
    55.274493682084));
#4163 = CARTESIAN_POINT('',(-4.03976666815,5.580030047121,
    55.255373097635));
#4164 = CARTESIAN_POINT('',(-4.150727239674,5.501245015921,
    55.235584260558));
#4165 = CARTESIAN_POINT('',(-4.390982431416,5.322520710535,
    55.190537461611));
#4166 = CARTESIAN_POINT('',(-4.519439641209,5.221528205666,
    55.164983510273));
#4167 = CARTESIAN_POINT('',(-4.645068606671,5.117208224505,
    55.138478070361));
#4168 = CARTESIAN_POINT('',(-4.76776046596,5.009650955715,
    55.111029801671));
#4169 = CARTESIAN_POINT('',(-4.887409897217,4.898950545344,
    55.082647935338));
#4170 = CARTESIAN_POINT('',(-5.003915118571,4.785205096829,
    55.053342273837));
#4171 = CARTESIAN_POINT('',(-5.117177888137,4.668516670995,
    55.023123190975));
#4172 = CARTESIAN_POINT('',(-5.363078701134,4.401141418235,
    54.953505053138));
#4173 = CARTESIAN_POINT('',(-5.493948705517,4.248949565641,
    54.913627385755));
#4174 = CARTESIAN_POINT('',(-5.619534082784,4.092616761771,
    54.872389725009));
#4175 = CARTESIAN_POINT('',(-5.739665320648,3.9323515262,54.829814320178
    ));
#4176 = CARTESIAN_POINT('',(-5.854182894054,3.768369795537,
    54.785924824838));
#4177 = CARTESIAN_POINT('',(-5.962937330303,3.600894854374,
    54.740746547134));
#4178 = CARTESIAN_POINT('',(-6.065789274184,3.430157266241,
    54.694306700057));
#4179 = CARTESIAN_POINT('',(-6.299222109774,3.011217508982,
    54.579369813426));
#4180 = CARTESIAN_POINT('',(-6.423830124556,2.760011328697,
    54.509649728406));
#4181 = CARTESIAN_POINT('',(-6.53606788196,2.503447452018,
    54.437559172106));
#4182 = CARTESIAN_POINT('',(-6.635618244614,2.242216823107,
    54.36318506245));
#4183 = CARTESIAN_POINT('',(-6.722210630863,1.977025693833,
    54.286626715451));
#4184 = CARTESIAN_POINT('',(-6.795620058254,1.708596760791,
    54.207991030223));
#4185 = CARTESIAN_POINT('',(-6.855668329001,1.437670116732,
    54.127390725617));
#4186 = CARTESIAN_POINT('',(-6.904920390015,1.149233229305,
    54.040198086404));
#4187 = CARTESIAN_POINT('',(-6.907567282772,1.133462216959,
    54.035426780943));
#4188 = CARTESIAN_POINT('',(-6.910169056576,1.117685561727,
    54.030649168778));
#4189 = CARTESIAN_POINT('',(-6.912725674668,1.101903494885,
    54.025864989755));
#4190 = CARTESIAN_POINT('',(-6.915237118763,1.086116125888,
    54.021074389136));
#4191 = CARTESIAN_POINT('',(-6.917703389051,1.070323442368,
    54.016277917594));
#4192 = CARTESIAN_POINT('',(-6.920124504196,1.05452531014,
    54.011476531215));
#4193 = CARTESIAN_POINT('',(-6.922947385851,1.035749041161,
    54.005767864337));
#4194 = CARTESIAN_POINT('',(-6.923375810431,1.032889168532,
    54.005083360314));
#4195 = CARTESIAN_POINT('',(-6.923795691507,1.030076129195,
    54.004333134616));
#4196 = CARTESIAN_POINT('',(-6.924214300961,1.027261614536,
    54.003381515583));
#4197 = CARTESIAN_POINT('',(-6.924636266125,1.02441473345,
    54.002242104706));
#4198 = CARTESIAN_POINT('',(-6.925063569785,1.021522012331,
    54.001077776628));
#4199 = CARTESIAN_POINT('',(-6.925495550177,1.018587395081,
    54.000200679146));
#4200 = CARTESIAN_POINT('',(-6.926250250368,1.013440863211,
    53.99997698469));
#4201 = CARTESIAN_POINT('',(-6.926534572649,1.01141631142,54.00003954629
    ));
#4202 = CARTESIAN_POINT('',(-6.926919653247,1.008974712786,
    54.000025663091));
#4203 = CARTESIAN_POINT('',(-6.927626751907,1.004053316694,
    53.99998459187));
#4204 = CARTESIAN_POINT('',(-6.929187985926,0.993133817642,
    53.999987869909));
#4205 = CARTESIAN_POINT('',(-6.932401824074,0.971222863343,
    54.000017122724));
#4206 = CARTESIAN_POINT('',(-6.938016691215,0.931789750132,
    54.000000910684));
#4207 = CARTESIAN_POINT('',(-6.968869286051,0.684511459886,
    53.99999978629));
#4208 = CARTESIAN_POINT('',(-6.986137054149,0.501679913032,
    54.000000328842));
#4209 = CARTESIAN_POINT('',(-6.99792200183,0.318358401708,
    54.000000234921));
#4210 = CARTESIAN_POINT('',(-7.004208399352,0.134738855266,
    53.999999902397));
#4211 = CARTESIAN_POINT('',(-7.004988561103,-4.89866217273E-02,
    53.999999932409));
#4212 = CARTESIAN_POINT('',(-7.000262776247,-0.2326257644,
    54.000000178506));
#4213 = CARTESIAN_POINT('',(-6.990039382205,-0.415986159829,
    54.000000046807));
#4214 = CARTESIAN_POINT('',(-6.957140285796,-0.799119903265,
    54.000000047625));
#4215 = CARTESIAN_POINT('',(-6.933374747963,-0.998801394834,
    54.000000049856));
#4216 = CARTESIAN_POINT('',(-6.903060162999,-1.197666719477,
    54.000000052925));
#4217 = CARTESIAN_POINT('',(-6.866229703877,-1.395465189248,
    54.000000056065));
#4218 = CARTESIAN_POINT('',(-6.82292792103,-1.591948440125,
    54.000000058705));
#4219 = CARTESIAN_POINT('',(-6.773210742347,-1.786870432012,
    54.000000060469));
#4220 = CARTESIAN_POINT('',(-6.717145473176,-1.979987448737,
    54.00000006118));
#4221 = CARTESIAN_POINT('',(-6.570473544521,-2.429571886487,
    54.000000060414));
#4222 = CARTESIAN_POINT('',(-6.474652985641,-2.684361261587,
    54.000000057919));
#4223 = CARTESIAN_POINT('',(-6.367552586455,-2.934792062892,
    54.000000053043));
#4224 = CARTESIAN_POINT('',(-6.249410715805,-3.180280393089,
    54.000000045766));
#4225 = CARTESIAN_POINT('',(-6.120487794077,-3.420288559548,
    54.000000036318));
#4226 = CARTESIAN_POINT('',(-5.981053442665,-3.654321015859,
    54.000000025134));
#4227 = CARTESIAN_POINT('',(-5.831373633435,-3.881920303378,
    54.000000012799));
#4228 = CARTESIAN_POINT('',(-5.671697838198,-4.102662992762,54.));
#4229 = ORIENTED_EDGE('',*,*,#4230,.T.);
#4230 = EDGE_CURVE('',#4028,#3691,#4231,.T.);
#4231 = B_SPLINE_CURVE_WITH_KNOTS('',7,(#4232,#4233,#4234,#4235,#4236,
    #4237,#4238,#4239,#4240,#4241,#4242,#4243,#4244,#4245,#4246,#4247,
    #4248,#4249,#4250,#4251,#4252,#4253,#4254,#4255,#4256,#4257,#4258,
    #4259,#4260,#4261,#4262,#4263,#4264,#4265,#4266,#4267,#4268,#4269,
    #4270,#4271,#4272,#4273,#4274,#4275),.UNSPECIFIED.,.F.,.F.,(8,6,6,6,
    6,6,6,8),(0.,7.3904471713E-02,0.17124691581,0.286657098786,
    0.435503409658,0.64441414594,0.847040966684,1.),.UNSPECIFIED.);
#4232 = CARTESIAN_POINT('',(4.254989375443,5.558332980688,54.));
#4233 = CARTESIAN_POINT('',(4.245509398302,5.557139097628,
    54.096545338477));
#4234 = CARTESIAN_POINT('',(4.238136367232,5.553816367003,54.19342446544
    ));
#4235 = CARTESIAN_POINT('',(4.232956610061,5.548347756529,
    54.290500907366));
#4236 = CARTESIAN_POINT('',(4.230038273715,5.540725010804,
    54.387630358492));
#4237 = CARTESIAN_POINT('',(4.229427702451,5.530950319996,
    54.484660621518));
#4238 = CARTESIAN_POINT('',(4.231145816077,5.519037988549,
    54.581431548321));
#4239 = CARTESIAN_POINT('',(4.240503979732,5.486547336101,
    54.804672649488));
#4240 = CARTESIAN_POINT('',(4.249850195133,5.464415299497,
    54.930851167543));
#4241 = CARTESIAN_POINT('',(4.263207963165,5.438685014662,
    55.055915851037));
#4242 = CARTESIAN_POINT('',(4.280475999981,5.409452013209,55.17952578966
    ));
#4243 = CARTESIAN_POINT('',(4.301484604677,5.376834399586,
    55.301388595524));
#4244 = CARTESIAN_POINT('',(4.326013354847,5.340964912894,
    55.421255152124));
#4245 = CARTESIAN_POINT('',(4.386763364667,5.255765626434,
    55.678412310083));
#4246 = CARTESIAN_POINT('',(4.424312845297,5.205169516576,
    55.814819566827));
#4247 = CARTESIAN_POINT('',(4.466050378966,5.150408310633,
    55.947842903184));
#4248 = CARTESIAN_POINT('',(4.511526165162,5.091687435998,
    56.077296699787));
#4249 = CARTESIAN_POINT('',(4.56029303617,5.0291896481,56.203072763532)
  );
#4250 = CARTESIAN_POINT('',(4.611935062095,4.963062939489,
    56.325119684107));
#4251 = CARTESIAN_POINT('',(4.735909721363,4.803579364061,
    56.596020622705));
#4252 = CARTESIAN_POINT('',(4.809884226472,4.707906968615,
    56.742357438913));
#4253 = CARTESIAN_POINT('',(4.887215687561,4.606598772035,
    56.882472035835));
#4254 = CARTESIAN_POINT('',(4.967187492813,4.499801098112,
    57.016377982396));
#4255 = CARTESIAN_POINT('',(5.049158212988,4.387611314129,57.14407376415
    ));
#4256 = CARTESIAN_POINT('',(5.132559776482,4.270073236091,
    57.265539533059));
#4257 = CARTESIAN_POINT('',(5.335247972762,3.974642548557,
    57.542402209841));
#4258 = CARTESIAN_POINT('',(5.455365429634,3.791635173926,
    57.691617827946));
#4259 = CARTESIAN_POINT('',(5.57584806414,3.598077270245,57.828274782642
    ));
#4260 = CARTESIAN_POINT('',(5.695327863266,3.393968420985,
    57.951849455177));
#4261 = CARTESIAN_POINT('',(5.812404737051,3.179448760522,
    58.061588061691));
#4262 = CARTESIAN_POINT('',(5.925658500466,2.954848024997,
    58.156561273381));
#4263 = CARTESIAN_POINT('',(6.138467755548,2.493775850377,
    58.312602700748));
#4264 = CARTESIAN_POINT('',(6.238366675498,2.25779168973,58.374630272248
    ));
#4265 = CARTESIAN_POINT('',(6.331931686683,2.013764425641,
    58.420802503121));
#4266 = CARTESIAN_POINT('',(6.417788349843,1.762937602324,58.45017049775
    ));
#4267 = CARTESIAN_POINT('',(6.494722116978,1.506922826571,
    58.461966101627));
#4268 = CARTESIAN_POINT('',(6.561794402508,1.247764525711,
    58.455776803195));
#4269 = CARTESIAN_POINT('',(6.661294238663,0.791943638821,
    58.413734468824));
#4270 = CARTESIAN_POINT('',(6.69820507772,0.595436685865,58.385515935345
    ));
#4271 = CARTESIAN_POINT('',(6.729003281797,0.399562227066,58.34723836559
    ));
#4272 = CARTESIAN_POINT('',(6.753656231581,0.20528633175,58.299148622484
    ));
#4273 = CARTESIAN_POINT('',(6.772281361398,1.348549877487E-02,
    58.24161192314));
#4274 = CARTESIAN_POINT('',(6.785112964374,-0.175048343744,
    58.175075824609));
#4275 = CARTESIAN_POINT('',(6.792475692092,-0.35960544857,
    58.100052163766));
#4276 = ORIENTED_EDGE('',*,*,#3690,.F.);
#4277 = ORIENTED_EDGE('',*,*,#3356,.F.);
#4278 = ORIENTED_EDGE('',*,*,#3068,.T.);
#4279 = ORIENTED_EDGE('',*,*,#4280,.T.);
#4280 = EDGE_CURVE('',#3069,#4281,#4283,.T.);
#4281 = VERTEX_POINT('',#4282);
#4282 = CARTESIAN_POINT('',(-7.709621710641,-2.,89.658440937634));
#4283 = B_SPLINE_CURVE_WITH_KNOTS('',7,(#4284,#4285,#4286,#4287,#4288,
    #4289,#4290,#4291,#4292,#4293,#4294,#4295,#4296,#4297,#4298,#4299,
    #4300,#4301,#4302,#4303,#4304,#4305,#4306,#4307,#4308,#4309),
  .UNSPECIFIED.,.F.,.F.,(8,6,6,6,8),(0.,0.209977562493,0.467271547715,
    0.665133123471,1.),.UNSPECIFIED.);
#4284 = CARTESIAN_POINT('',(-6.40599581727,1.900412485991,94.));
#4285 = CARTESIAN_POINT('',(-6.419507516709,1.920003746518,
    93.796310571552));
#4286 = CARTESIAN_POINT('',(-6.437838364837,1.927015619894,
    93.592252673416));
#4287 = CARTESIAN_POINT('',(-6.4610856799,1.92156688054,93.389120795489)
  );
#4288 = CARTESIAN_POINT('',(-6.489117827818,1.904013404602,
    93.188019886438));
#4289 = CARTESIAN_POINT('',(-6.521617767346,1.874835604256,
    92.989883980051));
#4290 = CARTESIAN_POINT('',(-6.558137754006,1.834566171899,
    92.795497341463));
#4291 = CARTESIAN_POINT('',(-6.64721245186,1.721500994296,
    92.372728939046));
#4292 = CARTESIAN_POINT('',(-6.701524459168,1.643421154617,
    92.146563340053));
#4293 = CARTESIAN_POINT('',(-6.760212414977,1.550465129466,
    91.927953951293));
#4294 = CARTESIAN_POINT('',(-6.822264982302,1.443497259255,
    91.717620203188));
#4295 = CARTESIAN_POINT('',(-6.886659027239,1.323261764925,
    91.516147207549));
#4296 = CARTESIAN_POINT('',(-6.952417205909,1.190332873714,
    91.324048032266));
#4297 = CARTESIAN_POINT('',(-7.069517161879,0.933331393697,
    91.001666093296));
#4298 = CARTESIAN_POINT('',(-7.120664103055,0.814341142207,
    90.86739915415));
#4299 = CARTESIAN_POINT('',(-7.171625751118,0.688257336099,
    90.739240392976));
#4300 = CARTESIAN_POINT('',(-7.221962849495,0.55524257281,
    90.617494254234));
#4301 = CARTESIAN_POINT('',(-7.27122600405,0.415464454839,
    90.502523260487));
#4302 = CARTESIAN_POINT('',(-7.318959149725,0.269108173068,
    90.394739273097));
#4303 = CARTESIAN_POINT('',(-7.442126234965,-0.142090464154,
    90.125122777459));
#4304 = CARTESIAN_POINT('',(-7.513956516711,-0.419144045518,
    89.977321263145));
#4305 = CARTESIAN_POINT('',(-7.577793808338,-0.713311963201,
    89.853862731073));
#4306 = CARTESIAN_POINT('',(-7.631167011811,-1.0223680245,
    89.757775653283));
#4307 = CARTESIAN_POINT('',(-7.671830561975,-1.343083515323,
    89.691903614476));
#4308 = CARTESIAN_POINT('',(-7.698117628811,-1.671021226202,
    89.658657029587));
#4309 = CARTESIAN_POINT('',(-7.709621710641,-2.,89.658440937634));
#4310 = ORIENTED_EDGE('',*,*,#4311,.T.);
#4311 = EDGE_CURVE('',#4281,#3089,#4312,.T.);
#4312 = B_SPLINE_CURVE_WITH_KNOTS('',6,(#4313,#4314,#4315,#4316,#4317,
    #4318,#4319,#4320,#4321,#4322,#4323,#4324,#4325,#4326,#4327,#4328,
    #4329,#4330,#4331,#4332,#4333,#4334,#4335,#4336,#4337,#4338,#4339),
  .UNSPECIFIED.,.F.,.F.,(7,5,5,5,5,7),(0.,0.206891104977,0.42115744805,
    0.689409935336,0.901921982371,1.),.UNSPECIFIED.);
#4313 = CARTESIAN_POINT('',(-7.709621710641,-2.,89.658440937634));
#4314 = CARTESIAN_POINT('',(-7.717934541391,-2.237719524897,
    89.658284789942));
#4315 = CARTESIAN_POINT('',(-7.71831150409,-2.476096902881,
    89.67586795182));
#4316 = CARTESIAN_POINT('',(-7.710570684666,-2.712535315965,
    89.711382181483));
#4317 = CARTESIAN_POINT('',(-7.695004591541,-2.944767438798,
    89.764313930579));
#4318 = CARTESIAN_POINT('',(-7.672218870703,-3.170809875433,
    89.833736840518));
#4319 = CARTESIAN_POINT('',(-7.612792678341,-3.614874174684,
    90.005974760016));
#4320 = CARTESIAN_POINT('',(-7.575674508344,-3.83241693361,
    90.109929102164));
#4321 = CARTESIAN_POINT('',(-7.53252720399,-4.039953045926,
    90.228896062739));
#4322 = CARTESIAN_POINT('',(-7.484341983867,-4.23641634172,
    90.361405480968));
#4323 = CARTESIAN_POINT('',(-7.432057950601,-4.421090021073,
    90.506076381246));
#4324 = CARTESIAN_POINT('',(-7.306984068266,-4.809360800469,
    90.856594552248));
#4325 = CARTESIAN_POINT('',(-7.232370805678,-5.00592642042,
    91.06860431911));
#4326 = CARTESIAN_POINT('',(-7.154289202112,-5.182449793457,
    91.295550583047));
#4327 = CARTESIAN_POINT('',(-7.074209997516,-5.338266615108,
    91.535455246009));
#4328 = CARTESIAN_POINT('',(-6.993443531896,-5.472816762553,
    91.786530823511));
#4329 = CARTESIAN_POINT('',(-6.849614463109,-5.674663183787,
    92.253931766989));
#4330 = CARTESIAN_POINT('',(-6.786380925804,-5.750095841096,
    92.466570640476));
#4331 = CARTESIAN_POINT('',(-6.724098326394,-5.811411748832,
    92.684481119174));
#4332 = CARTESIAN_POINT('',(-6.663387291849,-5.858177593116,
    92.906841837879));
#4333 = CARTESIAN_POINT('',(-6.60489591118,-5.889923498275,
    93.13275772658));
#4334 = CARTESIAN_POINT('',(-6.523640153678,-5.913622016744,
    93.466714198625));
#4335 = CARTESIAN_POINT('',(-6.498599378285,-5.917797008407,
    93.572714656684));
#4336 = CARTESIAN_POINT('',(-6.474244006237,-5.918613730172,
    93.679158540508));
#4337 = CARTESIAN_POINT('',(-6.450643914698,-5.916021168228,
    93.785935874235));
#4338 = CARTESIAN_POINT('',(-6.427870538741,-5.909969489802,
    93.892926584543));
#4339 = CARTESIAN_POINT('',(-6.40599581727,-5.900412485991,94.));
#4340 = ORIENTED_EDGE('',*,*,#3097,.T.);
#4341 = ( BOUNDED_SURFACE() B_SPLINE_SURFACE(14,4,(
    (#4342,#4343,#4344,#4345,#4346)
    ,(#4347,#4348,#4349,#4350,#4351)
    ,(#4352,#4353,#4354,#4355,#4356)
    ,(#4357,#4358,#4359,#4360,#4361)
    ,(#4362,#4363,#4364,#4365,#4366)
    ,(#4367,#4368,#4369,#4370,#4371)
    ,(#4372,#4373,#4374,#4375,#4376)
    ,(#4377,#4378,#4379,#4380,#4381)
    ,(#4382,#4383,#4384,#4385,#4386)
    ,(#4387,#4388,#4389,#4390,#4391)
    ,(#4392,#4393,#4394,#4395,#4396)
    ,(#4397,#4398,#4399,#4400,#4401)
    ,(#4402,#4403,#4404,#4405,#4406)
    ,(#4407,#4408,#4409,#4410,#4411)
    ,(#4412,#4413,#4414,#4415,#4416
)),.UNSPECIFIED.,.T.,.F.,.F.) B_SPLINE_SURFACE_WITH_KNOTS((15,15),(5,5),
  (0.,1.),(0.,1.),.PIECEWISE_BEZIER_KNOTS.) 
GEOMETRIC_REPRESENTATION_ITEM() RATIONAL_B_SPLINE_SURFACE((
    (1.,1.,1.,1.,1.)
    ,(1.,1.,1.,1.,1.)
    ,(1.,1.,1.,1.,1.)
    ,(1.,1.,1.,1.,1.)
    ,(1.,1.,1.,1.,1.)
    ,(1.,1.,1.,1.,1.)
    ,(1.,1.,1.,1.,1.)
    ,(1.,1.,1.,1.,1.)
    ,(1.,1.,1.,1.,1.)
    ,(1.,1.,1.,1.,1.)
    ,(1.,1.,1.,1.,1.)
    ,(1.,1.,1.,1.,1.)
    ,(1.,1.,1.,1.,1.)
    ,(1.,1.,1.,1.,1.)
,(1.,1.,1.,1.,1.))) REPRESENTATION_ITEM('') SURFACE() );
#4342 = CARTESIAN_POINT('',(7.5,-2.,94.));
#4343 = CARTESIAN_POINT('',(9.197447536974,-3.138190334012,
    83.63686069662));
#4344 = CARTESIAN_POINT('',(1.980011025009,-0.68173722024,
    74.551570059168));
#4345 = CARTESIAN_POINT('',(7.151032379437,-1.039736650846,
    63.705209307384));
#4346 = CARTESIAN_POINT('',(7.,-2.68036448894E-15,54.));
#4347 = CARTESIAN_POINT('',(7.500000000001,1.365992128848,
    93.999999999992));
#4348 = CARTESIAN_POINT('',(9.197447536976,0.989614467983,
    83.636860696542));
#4349 = CARTESIAN_POINT('',(1.980011025005,0.206889649788,74.55157005926
    ));
#4350 = CARTESIAN_POINT('',(7.151032379443,2.169639176129,
    63.705209307341));
#4351 = CARTESIAN_POINT('',(7.000000000001,3.141592653592,
    54.000000000004));
#4352 = CARTESIAN_POINT('',(5.873142290999,4.731985500157,
    94.000000000046));
#4353 = CARTESIAN_POINT('',(7.202389079819,5.117420793625,
    83.636860696989));
#4354 = CARTESIAN_POINT('',(1.55051819837,1.095516847832,74.551570058744
    ));
#4355 = CARTESIAN_POINT('',(5.599870758908,5.379016187765,
    63.705209307594));
#4356 = CARTESIAN_POINT('',(5.4815994716,6.283186466812,53.999999999986)
  );
#4357 = CARTESIAN_POINT('',(2.619424793239,7.246145099298,93.99999999984
    ));
#4358 = CARTESIAN_POINT('',(3.212269615052,8.20060092869,83.636860695563
    ));
#4359 = CARTESIAN_POINT('',(0.691531995913,1.759258677807,
    74.551570060347));
#4360 = CARTESIAN_POINT('',(2.497545534992,7.776194414476,
    63.705209306756));
#4361 = CARTESIAN_POINT('',(2.444796473688,8.629735426014,
    54.000000000025));
#4362 = CARTESIAN_POINT('',(-1.774579610548,8.056731968695,
    94.000000000411));
#4363 = CARTESIAN_POINT('',(-2.17621371577,9.19464495599,83.636860698843
    ));
#4364 = CARTESIAN_POINT('',(-0.468491625689,1.973254802929,
    74.551570056761));
#4365 = CARTESIAN_POINT('',(-1.692010167463,8.549065474454,
    63.705209308782));
#4366 = CARTESIAN_POINT('',(-1.656274303174,9.386283170777,
    53.999999999983));
#4367 = CARTESIAN_POINT('',(-6.335817453012,6.61732645758,
    93.999999999191));
#4368 = CARTESIAN_POINT('',(-7.769779817039,7.429464066428,
    83.636860692965));
#4369 = CARTESIAN_POINT('',(-1.672665121472,1.593249631992,
    74.551570063028));
#4370 = CARTESIAN_POINT('',(-6.041018100656,7.176634085403,
    63.705209304929));
#4371 = CARTESIAN_POINT('',(-5.913429622821,8.042838027079,
    53.999999999969));
#4372 = CARTESIAN_POINT('',(-9.817812762456,2.994139339473,
    94.000000001255));
#4373 = CARTESIAN_POINT('',(-12.03984237475,2.986254274812,
    83.63686070145));
#4374 = CARTESIAN_POINT('',(-2.591917001192,0.636722906848,
    74.551570054145));
#4375 = CARTESIAN_POINT('',(-9.360999594931,3.722030299103,
    63.705209310879));
#4376 = CARTESIAN_POINT('',(-9.16329191161,4.661196716839,
    54.000000000112));
#4377 = CARTESIAN_POINT('',(-11.12871451534,-1.999999999887,
    93.999999998444));
#4378 = CARTESIAN_POINT('',(-13.64743572115,-3.138190333733,
    83.636860691424));
#4379 = CARTESIAN_POINT('',(-2.937996991594,-0.681737220308,
    74.551570064563));
#4380 = CARTESIAN_POINT('',(-10.6109063784,-1.039736650826,
    63.705209303311));
#4381 = CARTESIAN_POINT('',(-10.38680021434,1.058086951389E-10,
    53.999999999813));
#4382 = CARTESIAN_POINT('',(-9.817812762461,-6.99413933968,
    94.000000001555));
#4383 = CARTESIAN_POINT('',(-12.03984237475,-9.262634943347,
    83.636860701204));
#4384 = CARTESIAN_POINT('',(-2.591917001199,-2.000197347203,
    74.551570054355));
#4385 = CARTESIAN_POINT('',(-9.36099959494,-5.801503600832,
    63.70520931128));
#4386 = CARTESIAN_POINT('',(-9.163291911608,-4.661196717034,
    54.000000000216));
#4387 = CARTESIAN_POINT('',(-6.335817453005,-10.61732645742,
    93.999999998749));
#4388 = CARTESIAN_POINT('',(-7.769779817047,-13.70584473406,
    83.636860693309));
#4389 = CARTESIAN_POINT('',(-1.672665121462,-2.956724072568,
    74.551570062714));
#4390 = CARTESIAN_POINT('',(-6.041018100643,-9.256107387063,
    63.705209304347));
#4391 = CARTESIAN_POINT('',(-5.913429622823,-8.04283802693,
    53.999999999813));
#4392 = CARTESIAN_POINT('',(-1.774579610555,-12.05673196879,
    94.000000000803));
#4393 = CARTESIAN_POINT('',(-2.176213715763,-15.47102562425,
    83.636860698557));
#4394 = CARTESIAN_POINT('',(-0.468491625697,-3.336729243349,
    74.551570057047));
#4395 = CARTESIAN_POINT('',(-1.692010167475,-10.62853877616,
    63.705209309283));
#4396 = CARTESIAN_POINT('',(-1.656274303172,-9.386283170872,
    54.000000000125));
#4397 = CARTESIAN_POINT('',(2.619424793243,-11.24614509925,93.9999999996
    ));
#4398 = CARTESIAN_POINT('',(3.212269615049,-14.47698159659,
    83.636860695726));
#4399 = CARTESIAN_POINT('',(0.691531995916,-3.122733118316,
    74.551570060166));
#4400 = CARTESIAN_POINT('',(2.497545535,-9.855667716156,63.705209306461)
  );
#4401 = CARTESIAN_POINT('',(2.444796473687,-8.629735425967,
    53.999999999937));
#4402 = CARTESIAN_POINT('',(5.873142290997,-8.731985500175,
    94.000000000145));
#4403 = CARTESIAN_POINT('',(7.20238907982,-11.39380146169,
    83.636860696926));
#4404 = CARTESIAN_POINT('',(1.550518198369,-2.458991288301,
    74.551570058821));
#4405 = CARTESIAN_POINT('',(5.599870758905,-7.458489489461,
    63.705209307713));
#4406 = CARTESIAN_POINT('',(5.4815994716,-6.28318646683,54.000000000023)
  );
#4407 = CARTESIAN_POINT('',(7.500000000002,-5.365992128844,
    93.999999999968));
#4408 = CARTESIAN_POINT('',(9.197447536975,-7.265995135999,
    83.636860696555));
#4409 = CARTESIAN_POINT('',(1.980011025005,-1.570364090269,
    74.551570059243));
#4410 = CARTESIAN_POINT('',(7.151032379444,-4.24911247782,
    63.705209307313));
#4411 = CARTESIAN_POINT('',(7.000000000001,-3.141592653588,
    53.999999999995));
#4412 = CARTESIAN_POINT('',(7.5,-2.,94.));
#4413 = CARTESIAN_POINT('',(9.197447536974,-3.138190334012,
    83.63686069662));
#4414 = CARTESIAN_POINT('',(1.980011025009,-0.68173722024,
    74.551570059168));
#4415 = CARTESIAN_POINT('',(7.151032379437,-1.039736650846,
    63.705209307384));
#4416 = CARTESIAN_POINT('',(7.,1.764458431842E-15,54.));
#4417 = ADVANCED_FACE('',(#4418),#4750,.T.);
#4418 = FACE_BOUND('',#4419,.T.);
#4419 = EDGE_LOOP('',(#4420,#4519,#4561,#4567,#4568,#4569,#4570,#4571,
    #4655));
#4420 = ORIENTED_EDGE('',*,*,#4421,.F.);
#4421 = EDGE_CURVE('',#4422,#4424,#4426,.T.);
#4422 = VERTEX_POINT('',#4423);
#4423 = CARTESIAN_POINT('',(-13.99829208947,-2.83218131764,
    89.638357591567));
#4424 = VERTEX_POINT('',#4425);
#4425 = CARTESIAN_POINT('',(-14.43856033075,-2.,96.682649339717));
#4426 = B_SPLINE_CURVE_WITH_KNOTS('',6,(#4427,#4428,#4429,#4430,#4431,
    #4432,#4433,#4434,#4435,#4436,#4437,#4438,#4439,#4440,#4441,#4442,
    #4443,#4444,#4445,#4446,#4447,#4448,#4449,#4450,#4451,#4452,#4453,
    #4454,#4455,#4456,#4457,#4458,#4459,#4460,#4461,#4462,#4463,#4464,
    #4465,#4466,#4467,#4468,#4469,#4470,#4471,#4472,#4473,#4474,#4475,
    #4476,#4477,#4478,#4479,#4480,#4481,#4482,#4483,#4484,#4485,#4486,
    #4487,#4488,#4489,#4490,#4491,#4492,#4493,#4494,#4495,#4496,#4497,
    #4498,#4499,#4500,#4501,#4502,#4503,#4504,#4505,#4506,#4507,#4508,
    #4509,#4510,#4511,#4512,#4513,#4514,#4515,#4516,#4517,#4518),
  .UNSPECIFIED.,.F.,.F.,(7,5,5,5,5,5,5,5,5,5,5,5,5,5,5,5,5,5,7),(0.,
    5.383723832981E-02,0.120811703299,0.211845364928,0.265201621377,
    0.313472325686,0.357753650314,0.395132286492,0.508233220421,
    0.591828918111,0.621334398356,0.65674474914,0.696102675649,
    0.736480885531,0.777936509221,0.821605318738,0.897675393133,
    0.954301156297,1.),.UNSPECIFIED.);
#4427 = CARTESIAN_POINT('',(-13.99217161662,-2.,89.540429913571));
#4428 = CARTESIAN_POINT('',(-13.99217161662,-2.09560033826,
    89.540429913571));
#4429 = CARTESIAN_POINT('',(-13.99236282756,-2.191191460617,
    89.543489288595));
#4430 = CARTESIAN_POINT('',(-13.99274512119,-2.286801750571,
    89.549605986742));
#4431 = CARTESIAN_POINT('',(-13.99332014468,-2.382442399787,
    89.558806362507));
#4432 = CARTESIAN_POINT('',(-13.99409051728,-2.478091495158,
    89.571132324155));
#4433 = CARTESIAN_POINT('',(-13.99626387021,-2.692589519417,
    89.605905971053));
#4434 = CARTESIAN_POINT('',(-13.99777541988,-2.811413113336,
    89.630090765701));
#4435 = CARTESIAN_POINT('',(-13.99959879213,-2.929992769089,
    89.659264721746));
#4436 = CARTESIAN_POINT('',(-14.0017390979,-3.048083546825,
    89.69350961413));
#4437 = CARTESIAN_POINT('',(-14.00419860351,-3.165346016637,
    89.732861703774));
#4438 = CARTESIAN_POINT('',(-14.01074888325,-3.439119027125,
    89.837666179625));
#4439 = CARTESIAN_POINT('',(-14.01510881414,-3.594619312951,
    89.907425073949));
#4440 = CARTESIAN_POINT('',(-14.02005013575,-3.746929597713,
    89.986486219677));
#4441 = CARTESIAN_POINT('',(-14.02555758908,-3.8950880392,
    90.074605472865));
#4442 = CARTESIAN_POINT('',(-14.03160714066,-4.038228004413,
    90.171398298251));
#4443 = CARTESIAN_POINT('',(-14.04201490552,-4.256085179707,
    90.337922535924));
#4444 = CARTESIAN_POINT('',(-14.0460370731,-4.334606360013,
    90.40227721724));
#4445 = CARTESIAN_POINT('',(-14.05022966577,-4.410993464122,
    90.469358699918));
#4446 = CARTESIAN_POINT('',(-14.05458634211,-4.485108184291,
    90.539065521372));
#4447 = CARTESIAN_POINT('',(-14.05910031508,-4.556823856103,
    90.6112890889));
#4448 = CARTESIAN_POINT('',(-14.06798408077,-4.688629772977,
    90.753429340026));
#4449 = CARTESIAN_POINT('',(-14.07232660934,-4.749176403318,
    90.822909797133));
#4450 = CARTESIAN_POINT('',(-14.07678677144,-4.807579074279,
    90.894272390662));
#4451 = CARTESIAN_POINT('',(-14.08135907001,-4.863758774675,
    90.967429167864));
#4452 = CARTESIAN_POINT('',(-14.08603780106,-4.917642987604,
    91.042288864668));
#4453 = CARTESIAN_POINT('',(-14.09520132018,-5.016430249019,
    91.188905170482));
#4454 = CARTESIAN_POINT('',(-14.09967018862,-5.061707425664,
    91.26040706561));
#4455 = CARTESIAN_POINT('',(-14.10421910235,-5.104946163504,
    91.333189685221));
#4456 = CARTESIAN_POINT('',(-14.10884339315,-5.146099592456,
    91.407178338028));
#4457 = CARTESIAN_POINT('',(-14.11353828123,-5.18512502924,
    91.482296547305));
#4458 = CARTESIAN_POINT('',(-14.12231737536,-5.253097256487,
    91.62276205345));
#4459 = CARTESIAN_POINT('',(-14.12638269755,-5.282666828839,
    91.687807208416));
#4460 = CARTESIAN_POINT('',(-14.13049190187,-5.310669516457,
    91.753554477564));
#4461 = CARTESIAN_POINT('',(-14.13464200557,-5.337084206167,
    91.81995613676));
#4462 = CARTESIAN_POINT('',(-14.13882998302,-5.361891849612,
    91.886963775949));
#4463 = CARTESIAN_POINT('',(-14.15583013579,-5.455224848602,
    92.158966220292));
#4464 = CARTESIAN_POINT('',(-14.16892654124,-5.510507269919,
    92.36850870756));
#4465 = CARTESIAN_POINT('',(-14.18225633091,-5.550446278309,
    92.581785342222));
#4466 = CARTESIAN_POINT('',(-14.1957319146,-5.574750347403,
    92.797394681314));
#4467 = CARTESIAN_POINT('',(-14.20926445167,-5.583288942422,
    93.013915274314));
#4468 = CARTESIAN_POINT('',(-14.23274196379,-5.570806664652,
    93.389555468346));
#4469 = CARTESIAN_POINT('',(-14.24270218322,-5.556915759129,
    93.548918979174));
#4470 = CARTESIAN_POINT('',(-14.25260861163,-5.534458317629,
    93.707421833741));
#4471 = CARTESIAN_POINT('',(-14.26242552903,-5.503504718192,
    93.864492512141));
#4472 = CARTESIAN_POINT('',(-14.27211770891,-5.46417651858,
    94.019567390276));
#4473 = CARTESIAN_POINT('',(-14.28501516846,-5.399870812177,
    94.22592674304));
#4474 = CARTESIAN_POINT('',(-14.28835997402,-5.382073169897,
    94.279443632028));
#4475 = CARTESIAN_POINT('',(-14.29168342005,-5.363261335011,
    94.332618768394));
#4476 = CARTESIAN_POINT('',(-14.29498400537,-5.34344367061,
    94.385428133507));
#4477 = CARTESIAN_POINT('',(-14.298260244,-5.32262932402,94.437847951594
    ));
#4478 = CARTESIAN_POINT('',(-14.3054115863,-5.274664121227,
    94.552269428461));
#4479 = CARTESIAN_POINT('',(-14.30927532409,-5.247078792451,
    94.614089233046));
#4480 = CARTESIAN_POINT('',(-14.31309933542,-5.218089398811,
    94.675273414445));
#4481 = CARTESIAN_POINT('',(-14.31688111673,-5.18771473931,
    94.735781915279));
#4482 = CARTESIAN_POINT('',(-14.32061820389,-5.155975253614,
    94.795575309827));
#4483 = CARTESIAN_POINT('',(-14.32840950144,-5.086122755456,
    94.920236070765));
#4484 = CARTESIAN_POINT('',(-14.33245262306,-5.047693699885,
    94.984926016578));
#4485 = CARTESIAN_POINT('',(-14.33643420728,-5.00763612956,
    95.048631364136));
#4486 = CARTESIAN_POINT('',(-14.34035099694,-4.965982957843,
    95.111299998747));
#4487 = CARTESIAN_POINT('',(-14.34419980754,-4.922769737236,
    95.172880968361));
#4488 = CARTESIAN_POINT('',(-14.35185317753,-4.832139905191,
    95.295334888073));
#4489 = CARTESIAN_POINT('',(-14.35565400534,-4.784643477807,
    95.356148133093));
#4490 = CARTESIAN_POINT('',(-14.3593766496,-4.735586506384,
    95.415710441202));
#4491 = CARTESIAN_POINT('',(-14.36301784359,-4.685013538308,
    95.473969545072));
#4492 = CARTESIAN_POINT('',(-14.36657441499,-4.632972539201,
    95.53087468748));
#4493 = CARTESIAN_POINT('',(-14.37360471677,-4.524630833575,
    95.643359516018));
#4494 = CARTESIAN_POINT('',(-14.37707370726,-4.468253831513,
    95.698863363878));
#4495 = CARTESIAN_POINT('',(-14.38044691939,-4.410439268599,
    95.752834757839));
#4496 = CARTESIAN_POINT('',(-14.38372114552,-4.351247709525,
    95.80522237595));
#4497 = CARTESIAN_POINT('',(-14.38689330836,-4.290744901811,
    95.85597698135));
#4498 = CARTESIAN_POINT('',(-14.39319135913,-4.163962377805,
    95.956745793798));
#4499 = CARTESIAN_POINT('',(-14.39630572173,-4.09754729841,
    96.006575595353));
#4500 = CARTESIAN_POINT('',(-14.39930015198,-4.029839626511,
    96.054486479311));
#4501 = CARTESIAN_POINT('',(-14.40217137408,-3.960931452646,
    96.100426032899));
#4502 = CARTESIAN_POINT('',(-14.40491637127,-3.890924532563,
    96.1443459879));
#4503 = CARTESIAN_POINT('',(-14.41208980242,-3.69626174372,
    96.259120886431));
#4504 = CARTESIAN_POINT('',(-14.4162567645,-3.569580346155,
    96.325792279673));
#4505 = CARTESIAN_POINT('',(-14.42001831855,-3.440507363052,
    96.385977144414));
#4506 = CARTESIAN_POINT('',(-14.42336342169,-3.309761807254,
    96.439498794718));
#4507 = CARTESIAN_POINT('',(-14.42628922622,-3.178150579909,
    96.486311667168));
#4508 = CARTESIAN_POINT('',(-14.4306726123,-2.948376497172,
    96.556445844485));
#4509 = CARTESIAN_POINT('',(-14.43231462329,-2.85024722263,
    96.582718020263));
#4510 = CARTESIAN_POINT('',(-14.43373027321,-2.752365926252,
    96.60536841893));
#4511 = CARTESIAN_POINT('',(-14.43492622355,-2.654968074651,
    96.624503624526));
#4512 = CARTESIAN_POINT('',(-14.43591118576,-2.558151317167,
    96.640263019822));
#4513 = CARTESIAN_POINT('',(-14.43732358667,-2.384219758463,
    96.662861434301));
#4514 = CARTESIAN_POINT('',(-14.43782196213,-2.306903286925,
    96.670835441738));
#4515 = CARTESIAN_POINT('',(-14.43819213166,-2.229922692044,
    96.676758154194));
#4516 = CARTESIAN_POINT('',(-14.43843757173,-2.153194523643,
    96.680685195248));
#4517 = CARTESIAN_POINT('',(-14.43856033075,-2.076598917595,
    96.682649339717));
#4518 = CARTESIAN_POINT('',(-14.43856033075,-2.,96.682649339717));
#4519 = ORIENTED_EDGE('',*,*,#4520,.F.);
#4520 = EDGE_CURVE('',#4521,#4422,#4523,.T.);
#4521 = VERTEX_POINT('',#4522);
#4522 = CARTESIAN_POINT('',(-13.38210656884,-2.,89.551889337231));
#4523 = B_SPLINE_CURVE_WITH_KNOTS('',6,(#4524,#4525,#4526,#4527,#4528,
    #4529,#4530,#4531,#4532,#4533,#4534,#4535,#4536,#4537,#4538,#4539,
    #4540,#4541,#4542,#4543,#4544,#4545,#4546,#4547,#4548,#4549,#4550,
    #4551,#4552,#4553,#4554,#4555,#4556,#4557,#4558,#4559,#4560),
  .UNSPECIFIED.,.F.,.F.,(7,5,5,5,5,5,5,7),(0.,0.114958736311,
    0.213229124628,0.318086325752,0.429583468522,0.611804931802,
    0.838891746255,1.),.UNSPECIFIED.);
#4524 = CARTESIAN_POINT('',(-13.38210656884,-2.,89.551889337231));
#4525 = CARTESIAN_POINT('',(-13.41669752302,-2.058463680834,
    89.551239582913));
#4526 = CARTESIAN_POINT('',(-13.45205060896,-2.115975571185,
    89.551712358431));
#4527 = CARTESIAN_POINT('',(-13.4881144521,-2.172540600152,
    89.553241733213));
#4528 = CARTESIAN_POINT('',(-13.52484446465,-2.228165138859,
    89.555766115907));
#4529 = CARTESIAN_POINT('',(-13.56220284568,-2.282857000463,
    89.559228254382));
#4530 = CARTESIAN_POINT('',(-13.63260435218,-2.382588414487,
    89.567291173796));
#4531 = CARTESIAN_POINT('',(-13.6654862819,-2.427876142581,
    89.571653516631));
#4532 = CARTESIAN_POINT('',(-13.69878475399,-2.472494067548,
    89.57662917472));
#4533 = CARTESIAN_POINT('',(-13.73248283234,-2.516447236352,
    89.582186629681));
#4534 = CARTESIAN_POINT('',(-13.76656626095,-2.559740299802,
    89.588295934254));
#4535 = CARTESIAN_POINT('',(-13.83779024502,-2.647872588629,
    89.602006068512));
#4536 = CARTESIAN_POINT('',(-13.87498239079,-2.692620682277,
    89.609679205195));
#4537 = CARTESIAN_POINT('',(-13.91258573671,-2.736626931646,
    89.617913705862));
#4538 = CARTESIAN_POINT('',(-13.95058895363,-2.779895079226,
    89.626676112052));
#4539 = CARTESIAN_POINT('',(-13.98898354773,-2.822427471852,
    89.635933923339));
#4540 = CARTESIAN_POINT('',(-14.06899988466,-2.908669425807,
    89.655992883287));
#4541 = CARTESIAN_POINT('',(-14.11067187876,-2.952282634403,
    89.666854280568));
#4542 = CARTESIAN_POINT('',(-14.15277292274,-2.995065960928,
    89.67820201609));
#4543 = CARTESIAN_POINT('',(-14.19529945524,-3.037017667829,
    89.689997807342));
#4544 = CARTESIAN_POINT('',(-14.23825127368,-3.078133005558,
    89.702202862381));
#4545 = CARTESIAN_POINT('',(-14.35252854879,-3.184220054014,
    89.735329420662));
#4546 = CARTESIAN_POINT('',(-14.42456617311,-3.247777843392,
    89.756867701609));
#4547 = CARTESIAN_POINT('',(-14.49776583557,-3.309046798376,
    89.779219365473));
#4548 = CARTESIAN_POINT('',(-14.57216170987,-3.367962791244,
    89.802199597078));
#4549 = CARTESIAN_POINT('',(-14.64781383548,-3.424417866883,
    89.825593546005));
#4550 = CARTESIAN_POINT('',(-14.82078888856,-3.545335783959,
    89.878478849041));
#4551 = CARTESIAN_POINT('',(-14.91880526096,-3.608308263984,
    89.908036214956));
#4552 = CARTESIAN_POINT('',(-15.01914364682,-3.666914501265,
    89.937319704078));
#4553 = CARTESIAN_POINT('',(-15.12201456965,-3.720624194177,
    89.965678314918));
#4554 = CARTESIAN_POINT('',(-15.22761310549,-3.768613405484,
    89.992157792006));
#4555 = CARTESIAN_POINT('',(-15.41311522301,-3.83892560971,
    90.03209564396));
#4556 = CARTESIAN_POINT('',(-15.49154444969,-3.864645293326,
    90.04709667565));
#4557 = CARTESIAN_POINT('',(-15.57141709072,-3.886478304703,
    90.060072140416));
#4558 = CARTESIAN_POINT('',(-15.65260783465,-3.903903234513,
    90.070488536655));
#4559 = CARTESIAN_POINT('',(-15.73484362894,-3.916378417294,
    90.077795976209));
#4560 = CARTESIAN_POINT('',(-15.81760683939,-3.923619735338,
    90.081709430371));
#4561 = ORIENTED_EDGE('',*,*,#4562,.F.);
#4562 = EDGE_CURVE('',#4281,#4521,#4563,.T.);
#4563 = LINE('',#4564,#4565);
#4564 = CARTESIAN_POINT('',(0.261988801852,-2.,89.808179170372));
#4565 = VECTOR('',#4566,1.);
#4566 = DIRECTION('',(-0.999823628519,-1.068461071872E-17,
    -1.878062443584E-02));
#4567 = ORIENTED_EDGE('',*,*,#4311,.T.);
#4568 = ORIENTED_EDGE('',*,*,#3088,.F.);
#4569 = ORIENTED_EDGE('',*,*,#4280,.T.);
#4570 = ORIENTED_EDGE('',*,*,#4562,.T.);
#4571 = ORIENTED_EDGE('',*,*,#4572,.F.);
#4572 = EDGE_CURVE('',#4573,#4521,#4575,.T.);
#4573 = VERTEX_POINT('',#4574);
#4574 = CARTESIAN_POINT('',(-14.1590904997,1.462475898155,
    92.211131947335));
#4575 = B_SPLINE_CURVE_WITH_KNOTS('',8,(#4576,#4577,#4578,#4579,#4580,
    #4581,#4582,#4583,#4584,#4585,#4586,#4587,#4588,#4589,#4590,#4591,
    #4592,#4593,#4594,#4595,#4596,#4597,#4598,#4599,#4600,#4601,#4602,
    #4603,#4604,#4605,#4606,#4607,#4608,#4609,#4610,#4611,#4612,#4613,
    #4614,#4615,#4616,#4617,#4618,#4619,#4620,#4621,#4622,#4623,#4624,
    #4625,#4626,#4627,#4628,#4629,#4630,#4631,#4632,#4633,#4634,#4635,
    #4636,#4637,#4638,#4639,#4640,#4641,#4642,#4643,#4644,#4645,#4646,
    #4647,#4648,#4649,#4650,#4651,#4652,#4653,#4654),.UNSPECIFIED.,.F.,
  .F.,(9,7,7,7,7,7,7,7,7,7,7,9),(0.,7.898412370141E-02,0.275196288174,
    0.497422742774,0.580787010134,0.644050597335,0.676845910635,
    0.741912480623,0.798098393333,0.825525549229,0.873988511105,1.),
  .UNSPECIFIED.);
#4576 = CARTESIAN_POINT('',(-16.02011775024,1.485109175347,
    93.321884004011));
#4577 = CARTESIAN_POINT('',(-15.95706345405,1.488607699862,
    93.317700859665));
#4578 = CARTESIAN_POINT('',(-15.89420346126,1.492381317084,
    93.310081819345));
#4579 = CARTESIAN_POINT('',(-15.83173216981,1.496375621218,
    93.299164286769));
#4580 = CARTESIAN_POINT('',(-15.76978987739,1.500513785254,
    93.285167187455));
#4581 = CARTESIAN_POINT('',(-15.70847330539,1.504709449035,
    93.268347228286));
#4582 = CARTESIAN_POINT('',(-15.64784331531,1.508876047561,
    93.248966153069));
#4583 = CARTESIAN_POINT('',(-15.5879298176,1.512932579527,
    93.227268994092));
#4584 = CARTESIAN_POINT('',(-15.38167945408,1.526427700828,
    93.144360164283));
#4585 = CARTESIAN_POINT('',(-15.23940393694,1.534895316978,
    93.072437137463));
#4586 = CARTESIAN_POINT('',(-15.1011527684,1.541138814819,
    92.990854071183));
#4587 = CARTESIAN_POINT('',(-14.96648432919,1.544278504655,
    92.901771870873));
#4588 = CARTESIAN_POINT('',(-14.83512076649,1.543701610267,
    92.806631661015));
#4589 = CARTESIAN_POINT('',(-14.70678754204,1.538891575074,
    92.706410458199));
#4590 = CARTESIAN_POINT('',(-14.58118192305,1.529368885302,
    92.601656591032));
#4591 = CARTESIAN_POINT('',(-14.31836417821,1.497702691861,
    92.368920776199));
#4592 = CARTESIAN_POINT('',(-14.18228580536,1.4741099324,92.24011262247)
  );
#4593 = CARTESIAN_POINT('',(-14.04941463428,1.442960164371,
    92.106614958902));
#4594 = CARTESIAN_POINT('',(-13.91983058336,1.403422783251,
    91.968783848127));
#4595 = CARTESIAN_POINT('',(-13.79387800536,1.354549145412,
    91.826962302355));
#4596 = CARTESIAN_POINT('',(-13.67212078315,1.295276953123,
    91.681533607288));
#4597 = CARTESIAN_POINT('',(-13.55535813311,1.224368917004,
    91.532916619711));
#4598 = CARTESIAN_POINT('',(-13.40318620571,1.108551924414,
    91.32475203054));
#4599 = CARTESIAN_POINT('',(-13.36255135533,1.075097521358,
    91.267601835274));
#4600 = CARTESIAN_POINT('',(-13.32285742469,1.039702297738,
    91.210119877345));
#4601 = CARTESIAN_POINT('',(-13.2841815606,1.002283930898,
    91.152349158967));
#4602 = CARTESIAN_POINT('',(-13.24661362853,0.962760123407,
    91.094344214961));
#4603 = CARTESIAN_POINT('',(-13.21025549186,0.921049991969,
    91.036171376354));
#4604 = CARTESIAN_POINT('',(-13.17522029105,0.877075456336,
    90.977909033984));
#4605 = CARTESIAN_POINT('',(-13.11614198514,0.795616687006,
    90.875434616067));
#4606 = CARTESIAN_POINT('',(-13.09148725069,0.759126591627,
    90.831225217764));
#4607 = CARTESIAN_POINT('',(-13.06772208313,0.721262021692,
    90.787060883586));
#4608 = CARTESIAN_POINT('',(-13.04490666164,0.68199678864,
    90.742990450826));
#4609 = CARTESIAN_POINT('',(-13.02310550531,0.641310625077,
    90.699070157794));
#4610 = CARTESIAN_POINT('',(-13.00238619745,0.599190974118,
    90.655363383942));
#4611 = CARTESIAN_POINT('',(-12.98281810993,0.555634778725,
    90.611940389989));
#4612 = CARTESIAN_POINT('',(-12.95496020561,0.487330679347,
    90.546554906137));
#4613 = CARTESIAN_POINT('',(-12.94577754571,0.463627603531,
    90.524328978363));
#4614 = CARTESIAN_POINT('',(-12.93693293515,0.439542525354,
    90.502211219871));
#4615 = CARTESIAN_POINT('',(-12.92843617105,0.41507783106,
    90.480213075411));
#4616 = CARTESIAN_POINT('',(-12.9202969648,0.390236911566,
    90.458346449281));
#4617 = CARTESIAN_POINT('',(-12.91252484655,0.365024262651,
    90.43662366527));
#4618 = CARTESIAN_POINT('',(-12.90512906962,0.339445585146,
    90.415057426601));
#4619 = CARTESIAN_POINT('',(-12.88420943169,0.262046959639,
    90.351209384742));
#4620 = CARTESIAN_POINT('',(-12.87181495028,0.209166047993,
    90.309420028384));
#4621 = CARTESIAN_POINT('',(-12.86100698153,0.154927249989,
    90.268401223233));
#4622 = CARTESIAN_POINT('',(-12.85184852639,9.940659927365E-02,
    90.228260109263));
#4623 = CARTESIAN_POINT('',(-12.84439141508,4.269545552578E-02,
    90.189100940735));
#4624 = CARTESIAN_POINT('',(-12.83867404622,-1.509810335547E-02,
    90.151023576941));
#4625 = CARTESIAN_POINT('',(-12.83471912598,-7.384788906338E-02,
    90.114121972956));
#4626 = CARTESIAN_POINT('',(-12.83064228077,-0.184839399289,
    90.047707623467));
#4627 = CARTESIAN_POINT('',(-12.83007057514,-0.236882557246,
    90.017869257835));
#4628 = CARTESIAN_POINT('',(-12.83081975361,-0.289445477232,
    89.98902283065));
#4629 = CARTESIAN_POINT('',(-12.83288300877,-0.342436333139,
    89.96121288936));
#4630 = CARTESIAN_POINT('',(-12.83624427313,-0.395764066891,
    89.93447407809));
#4631 = CARTESIAN_POINT('',(-12.84087922973,-0.449338775264,
    89.908831944037));
#4632 = CARTESIAN_POINT('',(-12.84675632268,-0.503072096698,
    89.884303743861));
#4633 = CARTESIAN_POINT('',(-12.85729457567,-0.583142756126,
    89.849474345365));
#4634 = CARTESIAN_POINT('',(-12.86103853383,-0.609426077714,
    89.83831682953));
#4635 = CARTESIAN_POINT('',(-12.86506526035,-0.635718066352,
    89.827427536538));
#4636 = CARTESIAN_POINT('',(-12.86937017359,-0.662009624397,
    89.816806866707));
#4637 = CARTESIAN_POINT('',(-12.87394849231,-0.688292053086,
    89.806454786719));
#4638 = CARTESIAN_POINT('',(-12.87879523567,-0.714557052536,
    89.796370829614));
#4639 = CARTESIAN_POINT('',(-12.88390522319,-0.740796721749,
    89.786554094792));
#4640 = CARTESIAN_POINT('',(-12.89875790761,-0.813310253336,
    89.760127188218));
#4641 = CARTESIAN_POINT('',(-12.90904796753,-0.859514316838,
    89.744081479785));
#4642 = CARTESIAN_POINT('',(-12.92011407283,-0.905574958445,
    89.728858923564));
#4643 = CARTESIAN_POINT('',(-12.93192616408,-0.951455692233,
    89.71444893479));
#4644 = CARTESIAN_POINT('',(-12.94445382083,-0.997124205841,
    89.700838134476));
#4645 = CARTESIAN_POINT('',(-12.95766677826,-1.04255222929,
    89.688010940788));
#4646 = CARTESIAN_POINT('',(-12.97153544385,-1.0877154038,
    89.675950160424));
#4647 = CARTESIAN_POINT('',(-13.02372326615,-1.249282504212,
    89.635223052954));
#4648 = CARTESIAN_POINT('',(-13.06563923302,-1.363989616039,
    89.610880164439));
#4649 = CARTESIAN_POINT('',(-13.11129439053,-1.47642621845,
    89.591261357769));
#4650 = CARTESIAN_POINT('',(-13.16024453956,-1.586390485188,
    89.576007066107));
#4651 = CARTESIAN_POINT('',(-13.21209732645,-1.693757271939,
    89.56476326405));
#4652 = CARTESIAN_POINT('',(-13.26652148415,-1.798469550101,
    89.557194843889));
#4653 = CARTESIAN_POINT('',(-13.3232541941,-1.90053103378,
    89.552994816553));
#4654 = CARTESIAN_POINT('',(-13.38210656884,-2.,89.551889337231));
#4655 = ORIENTED_EDGE('',*,*,#4656,.F.);
#4656 = EDGE_CURVE('',#4424,#4573,#4657,.T.);
#4657 = B_SPLINE_CURVE_WITH_KNOTS('',6,(#4658,#4659,#4660,#4661,#4662,
    #4663,#4664,#4665,#4666,#4667,#4668,#4669,#4670,#4671,#4672,#4673,
    #4674,#4675,#4676,#4677,#4678,#4679,#4680,#4681,#4682,#4683,#4684,
    #4685,#4686,#4687,#4688,#4689,#4690,#4691,#4692,#4693,#4694,#4695,
    #4696,#4697,#4698,#4699,#4700,#4701,#4702,#4703,#4704,#4705,#4706,
    #4707,#4708,#4709,#4710,#4711,#4712,#4713,#4714,#4715,#4716,#4717,
    #4718,#4719,#4720,#4721,#4722,#4723,#4724,#4725,#4726,#4727,#4728,
    #4729,#4730,#4731,#4732,#4733,#4734,#4735,#4736,#4737,#4738,#4739,
    #4740,#4741,#4742,#4743,#4744,#4745,#4746,#4747,#4748,#4749),
  .UNSPECIFIED.,.F.,.F.,(7,5,5,5,5,5,5,5,5,5,5,5,5,5,5,5,5,5,7),(0.,
    4.569889301109E-02,0.102324727441,0.177896241356,0.221569148807,
    0.262533573767,0.302913112849,0.341779666338,0.377190252015,
    0.406695780425,0.492258344706,0.605850961595,0.643721649867,
    0.687511668724,0.735784043746,0.788649510412,0.879695033547,
    0.946162104379,1.),.UNSPECIFIED.);
#4658 = CARTESIAN_POINT('',(-14.43856033075,-2.,96.682649339717));
#4659 = CARTESIAN_POINT('',(-14.43856033075,-1.923401082303,
    96.682649339717));
#4660 = CARTESIAN_POINT('',(-14.43843757173,-1.84680547604,
    96.680685195243));
#4661 = CARTESIAN_POINT('',(-14.43819213166,-1.770077308672,
    96.676758154167));
#4662 = CARTESIAN_POINT('',(-14.43782196214,-1.693096717008,
    96.670835441895));
#4663 = CARTESIAN_POINT('',(-14.43732358672,-1.615780251371,
    96.662861435168));
#4664 = CARTESIAN_POINT('',(-14.43591118589,-1.441848694727,
    96.640263021876));
#4665 = CARTESIAN_POINT('',(-14.43492622367,-1.345031934975,
    96.624503626369));
#4666 = CARTESIAN_POINT('',(-14.43373027334,-1.247634084273,
    96.605368421067));
#4667 = CARTESIAN_POINT('',(-14.43231462348,-1.149752790775,
    96.58271802335));
#4668 = CARTESIAN_POINT('',(-14.43067261258,-1.051623519568,
    96.556445849009));
#4669 = CARTESIAN_POINT('',(-14.42630569893,-0.822712905854,
    96.486575230589));
#4670 = CARTESIAN_POINT('',(-14.42340176094,-0.691963604943,
    96.440112222691));
#4671 = CARTESIAN_POINT('',(-14.42008404129,-0.562063596711,
    96.387028708215));
#4672 = CARTESIAN_POINT('',(-14.41635526969,-0.433803869506,
    96.327368362627));
#4673 = CARTESIAN_POINT('',(-14.41222618167,-0.307890733466,
    96.261302954414));
#4674 = CARTESIAN_POINT('',(-14.40510246481,-0.113878270181,
    96.14732348464));
#4675 = CARTESIAN_POINT('',(-14.40236443547,-4.380347464894E-02,
    96.103515015216));
#4676 = CARTESIAN_POINT('',(-14.39950002415,2.517713214198E-02,
    96.057684434055));
#4677 = CARTESIAN_POINT('',(-14.39651223908,9.29614073291E-02,
    96.009879872958));
#4678 = CARTESIAN_POINT('',(-14.39340434969,0.159456918635,
    95.960153642658));
#4679 = CARTESIAN_POINT('',(-14.38715512633,0.285664874661,
    95.860166068945));
#4680 = CARTESIAN_POINT('',(-14.38402783196,0.345541708995,
    95.81012935901));
#4681 = CARTESIAN_POINT('',(-14.38080070221,0.404142122931,
    95.75849528306));
#4682 = CARTESIAN_POINT('',(-14.37747670012,0.461402422884,
    95.705311249519));
#4683 = CARTESIAN_POINT('',(-14.37405891359,0.517263891192,95.6506266651
    ));
#4684 = CARTESIAN_POINT('',(-14.36709228928,0.625304836411,
    95.539160676184));
#4685 = CARTESIAN_POINT('',(-14.3635460168,0.677525200078,
    95.482420316484));
#4686 = CARTESIAN_POINT('',(-14.35991480879,0.728282207117,
    95.424320988226));
#4687 = CARTESIAN_POINT('',(-14.35620183079,0.777527625573,
    95.364913340273));
#4688 = CARTESIAN_POINT('',(-14.35241034314,0.825216661546,
    95.304249537833));
#4689 = CARTESIAN_POINT('',(-14.34482193838,0.915672256703,
    95.18283506167));
#4690 = CARTESIAN_POINT('',(-14.3410305459,0.958556201161,
    95.122172781988));
#4691 = CARTESIAN_POINT('',(-14.33717251445,0.999922811468,
    95.060444278914));
#4692 = CARTESIAN_POINT('',(-14.33325090448,1.039737623737,
    94.997698519373));
#4693 = CARTESIAN_POINT('',(-14.32926884588,1.077968691286,
    94.933985581726));
#4694 = CARTESIAN_POINT('',(-14.3215494006,1.147948458373,
    94.810474457191));
#4695 = CARTESIAN_POINT('',(-14.3178217404,1.179971265299,
    94.750831894074));
#4696 = CARTESIAN_POINT('',(-14.31404897664,1.210632716911,
    94.690467673899));
#4697 = CARTESIAN_POINT('',(-14.31023356835,1.239912167018,
    94.629421141317));
#4698 = CARTESIAN_POINT('',(-14.3063780144,1.267790611739,
    94.567732278129));
#4699 = CARTESIAN_POINT('',(-14.29924091475,1.316298293677,
    94.453538683607));
#4700 = CARTESIAN_POINT('',(-14.29597086469,1.337361139916,
    94.401217882718));
#4701 = CARTESIAN_POINT('',(-14.29267617157,1.357429178984,
    94.348502792703));
#4702 = CARTESIAN_POINT('',(-14.28935831899,1.37649314586,
    94.295417151426));
#4703 = CARTESIAN_POINT('',(-14.28601880593,1.394544559741,
    94.241984942549));
#4704 = CARTESIAN_POINT('',(-14.27291652999,1.460964098668,
    94.032348527519));
#4705 = CARTESIAN_POINT('',(-14.26300440393,1.501773206109,
    93.873754510484));
#4706 = CARTESIAN_POINT('',(-14.25295986159,1.533814675749,
    93.713041833139));
#4707 = CARTESIAN_POINT('',(-14.24282065724,1.556956562854,93.5508145635
    ));
#4708 = CARTESIAN_POINT('',(-14.23262509157,1.57112308946,
    93.387685512701));
#4709 = CARTESIAN_POINT('',(-14.20885288883,1.583159782816,
    93.007330268995));
#4710 = CARTESIAN_POINT('',(-14.19526222629,1.574171459268,
    92.78987966833));
#4711 = CARTESIAN_POINT('',(-14.18173097609,1.549281497536,
    92.573379665158));
#4712 = CARTESIAN_POINT('',(-14.16834912849,1.508625245782,
    92.359270103473));
#4713 = CARTESIAN_POINT('',(-14.15520538171,1.452501753837,
    92.148970155092));
#4714 = CARTESIAN_POINT('',(-14.13811271698,1.35769316263,91.87548751932
    ));
#4715 = CARTESIAN_POINT('',(-14.1338750607,1.332322743432,
    91.807685018781));
#4716 = CARTESIAN_POINT('',(-14.12967665139,1.30530492778,
    91.740510469834));
#4717 = CARTESIAN_POINT('',(-14.12552063184,1.27665972383,
    91.674014157065));
#4718 = CARTESIAN_POINT('',(-14.12141009923,1.246409316316,
    91.608245635271));
#4719 = CARTESIAN_POINT('',(-14.11265120609,1.177771473085,
    91.468103345052));
#4720 = CARTESIAN_POINT('',(-14.10801919902,1.138851246598,
    91.393991231928));
#4721 = CARTESIAN_POINT('',(-14.10345680472,1.097855012424,
    91.320992923134));
#4722 = CARTESIAN_POINT('',(-14.0989686365,1.054824406062,
    91.249182231698));
#4723 = CARTESIAN_POINT('',(-14.09455920019,1.009805073174,
    91.178631250627));
#4724 = CARTESIAN_POINT('',(-14.08546374631,0.911081593253,
    91.033103988547));
#4725 = CARTESIAN_POINT('',(-14.08079560734,0.856960258836,
    90.958413765125));
#4726 = CARTESIAN_POINT('',(-14.07623437804,0.800549067564,
    90.885434096331));
#4727 = CARTESIAN_POINT('',(-14.07178575103,0.741920934611,
    90.814256064076));
#4728 = CARTESIAN_POINT('',(-14.06745521068,0.681155289091,
    90.744967418492));
#4729 = CARTESIAN_POINT('',(-14.05864054483,0.549543833353,
    90.603932764929));
#4730 = CARTESIAN_POINT('',(-14.05418101048,0.478289235605,
    90.532580215371));
#4731 = CARTESIAN_POINT('',(-14.04987632558,0.404687476619,
    90.463705256876));
#4732 = CARTESIAN_POINT('',(-14.04573307288,0.328862274051,
    90.397413213744));
#4733 = CARTESIAN_POINT('',(-14.04175740296,0.250948597823,
    90.333802495062));
#4734 = CARTESIAN_POINT('',(-14.03140622506,3.356584859589E-02,
    90.168183648682));
#4735 = CARTESIAN_POINT('',(-14.0253705285,-0.109734425058,
    90.071612503634));
#4736 = CARTESIAN_POINT('',(-14.01987763164,-0.258036143945,
    89.983726153949));
#4737 = CARTESIAN_POINT('',(-14.01495146546,-0.410470375646,
    89.904907495005));
#4738 = CARTESIAN_POINT('',(-14.01060712138,-0.566073809539,
    89.835397989721));
#4739 = CARTESIAN_POINT('',(-14.00410563227,-0.839095841912,
    89.731374164008));
#4740 = CARTESIAN_POINT('',(-14.00167435224,-0.955494905681,
    89.69247368346));
#4741 = CARTESIAN_POINT('',(-13.99955740625,-1.072702218614,
    89.658602547578));
#4742 = CARTESIAN_POINT('',(-13.99775253659,-1.1903871844,
    89.629724633144));
#4743 = CARTESIAN_POINT('',(-13.99625474434,-1.308311161032,
    89.605759957162));
#4744 = CARTESIAN_POINT('',(-13.99409050451,-1.521909759074,
    89.571132119869));
#4745 = CARTESIAN_POINT('',(-13.99332014264,-1.617558426608,
    89.558806329893));
#4746 = CARTESIAN_POINT('',(-13.99274510746,-1.713199746391,
    89.549605767047));
#4747 = CARTESIAN_POINT('',(-13.99236280616,-1.808812328589,
    89.543488946196));
#4748 = CARTESIAN_POINT('',(-13.99217161662,-1.904404950902,
    89.540429913571));
#4749 = CARTESIAN_POINT('',(-13.99217161662,-2.,89.540429913571));
#4750 = CONICAL_SURFACE('',#4751,4.2,4.363708136004E-02);
#4751 = AXIS2_PLACEMENT_3D('',#4752,#4753,#4754);
#4752 = CARTESIAN_POINT('',(0.,-2.,94.));
#4753 = DIRECTION('',(0.998052578483,-0.,6.237828615518E-02));
#4754 = DIRECTION('',(6.237828615518E-02,0.,-0.998052578483));
#4755 = ADVANCED_FACE('',(#4756),#4795,.T.);
#4756 = FACE_BOUND('',#4757,.T.);
#4757 = EDGE_LOOP('',(#4758,#4769,#4770,#4777,#4778,#4779,#4788));
#4758 = ORIENTED_EDGE('',*,*,#4759,.T.);
#4759 = EDGE_CURVE('',#4760,#4762,#4764,.T.);
#4760 = VERTEX_POINT('',#4761);
#4761 = CARTESIAN_POINT('',(18.669254105222,-2.,90.020892327936));
#4762 = VERTEX_POINT('',#4763);
#4763 = CARTESIAN_POINT('',(16.,-2.,97.));
#4764 = CIRCLE('',#4765,4.);
#4765 = AXIS2_PLACEMENT_3D('',#4766,#4767,#4768);
#4766 = CARTESIAN_POINT('',(16.,-2.,93.));
#4767 = DIRECTION('',(-2.449293598295E-16,-1.,0.));
#4768 = DIRECTION('',(1.,-2.449293598295E-16,0.));
#4769 = ORIENTED_EDGE('',*,*,#4759,.F.);
#4770 = ORIENTED_EDGE('',*,*,#4771,.T.);
#4771 = EDGE_CURVE('',#4760,#3392,#4772,.T.);
#4772 = CIRCLE('',#4773,3.125083567346);
#4773 = AXIS2_PLACEMENT_3D('',#4774,#4775,#4776);
#4774 = CARTESIAN_POINT('',(15.94648826239,-0.715718297356,
    90.859530495593));
#4775 = DIRECTION('',(2.143239898445E-02,-0.514377575627,0.857295959378)
  );
#4776 = DIRECTION('',(0.,-0.857492925713,-0.514495755428));
#4777 = ORIENTED_EDGE('',*,*,#3391,.T.);
#4778 = ORIENTED_EDGE('',*,*,#3123,.T.);
#4779 = ORIENTED_EDGE('',*,*,#4780,.T.);
#4780 = EDGE_CURVE('',#3126,#4781,#4783,.T.);
#4781 = VERTEX_POINT('',#4782);
#4782 = CARTESIAN_POINT('',(15.94648826239,-3.395455348615,
    89.251688264837));
#4783 = CIRCLE('',#4784,3.125083567346);
#4784 = AXIS2_PLACEMENT_3D('',#4785,#4786,#4787);
#4785 = CARTESIAN_POINT('',(15.94648826239,-0.715718297356,
    90.859530495593));
#4786 = DIRECTION('',(2.143239898445E-02,-0.514377575627,0.857295959378)
  );
#4787 = DIRECTION('',(0.,-0.857492925713,-0.514495755428));
#4788 = ORIENTED_EDGE('',*,*,#4789,.T.);
#4789 = EDGE_CURVE('',#4781,#4760,#4790,.T.);
#4790 = CIRCLE('',#4791,3.125083567346);
#4791 = AXIS2_PLACEMENT_3D('',#4792,#4793,#4794);
#4792 = CARTESIAN_POINT('',(15.94648826239,-0.715718297356,
    90.859530495593));
#4793 = DIRECTION('',(2.143239898445E-02,-0.514377575627,0.857295959378)
  );
#4794 = DIRECTION('',(0.,-0.857492925713,-0.514495755428));
#4795 = SPHERICAL_SURFACE('',#4796,4.);
#4796 = AXIS2_PLACEMENT_3D('',#4797,#4798,#4799);
#4797 = CARTESIAN_POINT('',(16.,-2.,93.));
#4798 = DIRECTION('',(0.,0.,1.));
#4799 = DIRECTION('',(1.,0.,-0.));
#4800 = ADVANCED_FACE('',(#4801),#4832,.T.);
#4801 = FACE_BOUND('',#4802,.T.);
#4802 = EDGE_LOOP('',(#4803,#4814,#4820,#4821,#4822,#4823,#4824,#4825));
#4803 = ORIENTED_EDGE('',*,*,#4804,.T.);
#4804 = EDGE_CURVE('',#4805,#4807,#4809,.T.);
#4805 = VERTEX_POINT('',#4806);
#4806 = CARTESIAN_POINT('',(17.909095225209,10.,74.787808769382));
#4807 = VERTEX_POINT('',#4808);
#4808 = CARTESIAN_POINT('',(15.53395564814,7.000568711067,
    73.047528485449));
#4809 = CIRCLE('',#4810,2.547537907396);
#4810 = AXIS2_PLACEMENT_3D('',#4811,#4812,#4813);
#4811 = CARTESIAN_POINT('',(15.53395564814,9.185064444643,
    74.358225925594));
#4812 = DIRECTION('',(2.143239898445E-02,-0.514377575627,0.857295959378)
  );
#4813 = DIRECTION('',(0.,-0.857492925713,-0.514495755428));
#4814 = ORIENTED_EDGE('',*,*,#4815,.F.);
#4815 = EDGE_CURVE('',#4781,#4807,#4816,.T.);
#4816 = LINE('',#4817,#4818);
#4817 = CARTESIAN_POINT('',(16.,-4.74397736228,91.353613582632));
#4818 = VECTOR('',#4819,1.);
#4819 = DIRECTION('',(-2.142275746905E-02,0.539863987428,-0.84147961386)
  );
#4820 = ORIENTED_EDGE('',*,*,#4780,.F.);
#4821 = ORIENTED_EDGE('',*,*,#3578,.T.);
#4822 = ORIENTED_EDGE('',*,*,#4771,.F.);
#4823 = ORIENTED_EDGE('',*,*,#4789,.F.);
#4824 = ORIENTED_EDGE('',*,*,#4815,.T.);
#4825 = ORIENTED_EDGE('',*,*,#4826,.T.);
#4826 = EDGE_CURVE('',#4807,#4805,#4827,.T.);
#4827 = CIRCLE('',#4828,2.547537907396);
#4828 = AXIS2_PLACEMENT_3D('',#4829,#4830,#4831);
#4829 = CARTESIAN_POINT('',(15.53395564814,9.185064444643,
    74.358225925594));
#4830 = DIRECTION('',(2.143239898445E-02,-0.514377575627,0.857295959378)
  );
#4831 = DIRECTION('',(0.,-0.857492925713,-0.514495755428));
#4832 = CONICAL_SURFACE('',#4833,3.2,2.999635861587E-02);
#4833 = AXIS2_PLACEMENT_3D('',#4834,#4835,#4836);
#4834 = CARTESIAN_POINT('',(16.,-2.,93.));
#4835 = DIRECTION('',(2.143239898445E-02,-0.514377575627,0.857295959378)
  );
#4836 = DIRECTION('',(0.,-0.857492925713,-0.514495755428));
#4837 = ADVANCED_FACE('',(#4838),#5226,.T.);
#4838 = FACE_BOUND('',#4839,.T.);
#4839 = EDGE_LOOP('',(#4840,#5083,#5138,#5146,#5153,#5154,#5155,#5164,
    #5171,#5172));
#4840 = ORIENTED_EDGE('',*,*,#4841,.F.);
#4841 = EDGE_CURVE('',#4842,#4844,#4846,.T.);
#4842 = VERTEX_POINT('',#4843);
#4843 = CARTESIAN_POINT('',(7.660281721085,4.415597713526,
    57.321193218432));
#4844 = VERTEX_POINT('',#4845);
#4845 = CARTESIAN_POINT('',(7.77727563162,3.859876643413,50.282059778472
    ));
#4846 = B_SPLINE_CURVE_WITH_KNOTS('',7,(#4847,#4848,#4849,#4850,#4851,
    #4852,#4853,#4854,#4855,#4856,#4857,#4858,#4859,#4860,#4861,#4862,
    #4863,#4864,#4865,#4866,#4867,#4868,#4869,#4870,#4871,#4872,#4873,
    #4874,#4875,#4876,#4877,#4878,#4879,#4880,#4881,#4882,#4883,#4884,
    #4885,#4886,#4887,#4888,#4889,#4890,#4891,#4892,#4893,#4894,#4895,
    #4896,#4897,#4898,#4899,#4900,#4901,#4902,#4903,#4904,#4905,#4906,
    #4907,#4908,#4909,#4910,#4911,#4912,#4913,#4914,#4915,#4916,#4917,
    #4918,#4919,#4920,#4921,#4922,#4923,#4924,#4925,#4926,#4927,#4928,
    #4929,#4930,#4931,#4932,#4933,#4934,#4935,#4936,#4937,#4938,#4939,
    #4940,#4941,#4942,#4943,#4944,#4945,#4946,#4947,#4948,#4949,#4950,
    #4951,#4952,#4953,#4954,#4955,#4956,#4957,#4958,#4959,#4960,#4961,
    #4962,#4963,#4964,#4965,#4966,#4967,#4968,#4969,#4970,#4971,#4972,
    #4973,#4974,#4975,#4976,#4977,#4978,#4979,#4980,#4981,#4982,#4983,
    #4984,#4985,#4986,#4987,#4988,#4989,#4990,#4991,#4992,#4993,#4994,
    #4995,#4996,#4997,#4998,#4999,#5000,#5001,#5002,#5003,#5004,#5005,
    #5006,#5007,#5008,#5009,#5010,#5011,#5012,#5013,#5014,#5015,#5016,
    #5017,#5018,#5019,#5020,#5021,#5022,#5023,#5024,#5025,#5026,#5027,
    #5028,#5029,#5030,#5031,#5032,#5033,#5034,#5035,#5036,#5037,#5038,
    #5039,#5040,#5041,#5042,#5043,#5044,#5045,#5046,#5047,#5048,#5049,
    #5050,#5051,#5052,#5053,#5054,#5055,#5056,#5057,#5058,#5059,#5060,
    #5061,#5062,#5063,#5064,#5065,#5066,#5067,#5068,#5069,#5070,#5071,
    #5072,#5073,#5074,#5075,#5076,#5077,#5078,#5079,#5080,#5081,#5082),
  .UNSPECIFIED.,.T.,.F.,(8,6,6,6,6,6,6,6,6,6,6,6,6,6,6,6,6,6,6,6,6,6,6,6
    ,6,6,6,6,6,6,6,6,6,6,6,6,6,6,6,8),(0.,9.891193272124E-02,
    0.116466577587,0.133062424897,0.148713193635,0.164427701616,
    0.180776831191,0.209954261196,0.249703367313,0.290046909018,
    0.319223625605,0.335572355408,0.35128647913,0.366936865166,
    0.383532306662,0.401086522269,0.419119925597,0.436662419575,
    0.452254562541,0.500003744079,0.547752925617,0.563345068582,
    0.58088756256,0.598920965888,0.616475181493,0.633070622987,
    0.648721009019,0.664435132732,0.680783862515,0.709960579,
    0.749708713039,0.790051268334,0.81922727152,0.835575601562,
    0.851289341034,0.866939344376,0.883534380069,0.901088166426,
    0.98538317109,1.),.UNSPECIFIED.);
#4847 = CARTESIAN_POINT('',(7.337966526892,5.946594894483,54.));
#4848 = CARTESIAN_POINT('',(7.337966526892,5.946594894483,
    54.394403238934));
#4849 = CARTESIAN_POINT('',(7.346646356905,5.905365701945,
    54.788902707591));
#4850 = CARTESIAN_POINT('',(7.364013133322,5.822873513925,
    55.177913367873));
#4851 = CARTESIAN_POINT('',(7.389873749522,5.700035587012,
    55.556084298478));
#4852 = CARTESIAN_POINT('',(7.423878999209,5.538510650976,
    55.918288978281));
#4853 = CARTESIAN_POINT('',(7.465520561403,5.340713230561,
    56.259630046857));
#4854 = CARTESIAN_POINT('',(7.522699432923,5.06911359084,56.631676090853
    ));
#4855 = CARTESIAN_POINT('',(7.531536107865,5.027139384867,
    56.686956563333));
#4856 = CARTESIAN_POINT('',(7.540587199655,4.984146698863,
    56.741415523086));
#4857 = CARTESIAN_POINT('',(7.549848657765,4.940154772844,
    56.795028805223));
#4858 = CARTESIAN_POINT('',(7.55931624583,4.895183729534,56.847772722543
    ));
#4859 = CARTESIAN_POINT('',(7.568985541654,4.849254574371,
    56.899624065535));
#4860 = CARTESIAN_POINT('',(7.588179451109,4.758083504456,
    56.998714120676));
#4861 = CARTESIAN_POINT('',(7.597683105325,4.712941146934,
    57.046050081722));
#4862 = CARTESIAN_POINT('',(7.607359017607,4.666980563595,
    57.092548786365));
#4863 = CARTESIAN_POINT('',(7.617203116916,4.620221091877,
    57.138191440937));
#4864 = CARTESIAN_POINT('',(7.627211143416,4.572682966001,
    57.182959657261));
#4865 = CARTESIAN_POINT('',(7.637378648475,4.524387316969,
    57.226835452646));
#4866 = CARTESIAN_POINT('',(7.657435517407,4.429117189543,
    57.310320287196));
#4867 = CARTESIAN_POINT('',(7.667307713754,4.382224256893,
    57.350029998387));
#4868 = CARTESIAN_POINT('',(7.677313711611,4.334695767074,
    57.388915640195));
#4869 = CARTESIAN_POINT('',(7.687449411583,4.286551192208,
    57.426962809896));
#4870 = CARTESIAN_POINT('',(7.697710486977,4.237811084084,
    57.464157445312));
#4871 = CARTESIAN_POINT('',(7.708092383805,4.188497074153,57.50048582481
    ));
#4872 = CARTESIAN_POINT('',(7.729131011595,4.088563592149,
    57.571527678174));
#4873 = CARTESIAN_POINT('',(7.73978861737,4.037939964716,57.606233957895
    ));
#4874 = CARTESIAN_POINT('',(7.750558333353,3.986783813797,
    57.640039816296));
#4875 = CARTESIAN_POINT('',(7.761434952901,3.935119870947,
    57.672932104836));
#4876 = CARTESIAN_POINT('',(7.772412867476,3.882974776714,
    57.704898116609));
#4877 = CARTESIAN_POINT('',(7.783486066649,3.830377080642,
    57.735925586339));
#4878 = CARTESIAN_POINT('',(7.80626098354,3.722196225409,57.79729444142)
  );
#4879 = CARTESIAN_POINT('',(7.817969889714,3.666578921085,
    57.827557317413));
#4880 = CARTESIAN_POINT('',(7.829767644463,3.610539586025,
    57.856778462557));
#4881 = CARTESIAN_POINT('',(7.841646238933,3.554116262296,
    57.884945186277));
#4882 = CARTESIAN_POINT('',(7.853596852221,3.497350849178,
    57.912045560048));
#4883 = CARTESIAN_POINT('',(7.865609836041,3.440289176031,
    57.938069014199));
#4884 = CARTESIAN_POINT('',(7.899206225204,3.280706327507,
    58.007512327347));
#4885 = CARTESIAN_POINT('',(7.920906327278,3.177630842653,
    58.048567134605));
#4886 = CARTESIAN_POINT('',(7.942711149307,3.074057938019,
    58.086112013834));
#4887 = CARTESIAN_POINT('',(7.964547052038,2.970337400046,
    58.120107488212));
#4888 = CARTESIAN_POINT('',(7.986332520113,2.866856426688,
    58.150555080889));
#4889 = CARTESIAN_POINT('',(8.007984548619,2.764009291283,
    58.177507741105));
#4890 = CARTESIAN_POINT('',(8.05864448886,2.523374575139,58.233168391082
    ));
#4891 = CARTESIAN_POINT('',(8.087485944503,2.386377660838,
    58.258986195981));
#4892 = CARTESIAN_POINT('',(8.115742313327,2.252159908922,
    58.278745729467));
#4893 = CARTESIAN_POINT('',(8.143339793753,2.121071876903,
    58.293004131957));
#4894 = CARTESIAN_POINT('',(8.170405288056,1.992510778958,
    58.302359947667));
#4895 = CARTESIAN_POINT('',(8.197175080055,1.865354266964,58.30713079921
    ));
#4896 = CARTESIAN_POINT('',(8.251071095527,1.609348193474,
    58.307543813603));
#4897 = CARTESIAN_POINT('',(8.278219982772,1.480390979057,
    58.303048605675));
#4898 = CARTESIAN_POINT('',(8.305658273229,1.350059099386,
    58.293849754048));
#4899 = CARTESIAN_POINT('',(8.333638009889,1.217155350253,
    58.279628026884));
#4900 = CARTESIAN_POINT('',(8.362298744433,1.081016861168,
    58.259757455376));
#4901 = CARTESIAN_POINT('',(8.391565775693,0.941998462685,
    58.233649219746));
#4902 = CARTESIAN_POINT('',(8.442663341958,0.699285022927,
    58.177507746405));
#4903 = CARTESIAN_POINT('',(8.464315370476,0.596437887463,
    58.150555086738));
#4904 = CARTESIAN_POINT('',(8.486100838577,0.492956913987,
    58.120107494606));
#4905 = CARTESIAN_POINT('',(8.507936741345,0.389236375838,
    58.086112020764));
#4906 = CARTESIAN_POINT('',(8.529741563421,0.285663470977,
    58.048567142056));
#4907 = CARTESIAN_POINT('',(8.551441665552,0.182587985852,58.0075123353)
  );
#4908 = CARTESIAN_POINT('',(8.585038054802,2.300513691644E-02,
    57.938069022936));
#4909 = CARTESIAN_POINT('',(8.597051038647,-3.40565363496E-02,
    57.912045569081));
#4910 = CARTESIAN_POINT('',(8.609001651963,-9.082194959685E-02,
    57.884945195602));
#4911 = CARTESIAN_POINT('',(8.620880246461,-0.147245273465,
    57.85677847217));
#4912 = CARTESIAN_POINT('',(8.632678001242,-0.203284608673,
    57.827557327311));
#4913 = CARTESIAN_POINT('',(8.644386907448,-0.258901913155,
    57.797294451598));
#4914 = CARTESIAN_POINT('',(8.667161824404,-0.367082768693,
    57.735925597067));
#4915 = CARTESIAN_POINT('',(8.678235023608,-0.419680464914,
    57.704898127607));
#4916 = CARTESIAN_POINT('',(8.689212938216,-0.471825559302,
    57.672932116102));
#4917 = CARTESIAN_POINT('',(8.700089557798,-0.523489502313,
    57.640039827826));
#4918 = CARTESIAN_POINT('',(8.710859273816,-0.5746456534,57.606233969685
    ));
#4919 = CARTESIAN_POINT('',(8.721516879628,-0.625269281006,
    57.57152769022));
#4920 = CARTESIAN_POINT('',(8.742555507492,-0.72520276336,
    57.500485837366));
#4921 = CARTESIAN_POINT('',(8.752937404356,-0.774516773466,
    57.46415745812));
#4922 = CARTESIAN_POINT('',(8.763198479789,-0.823256881772,
    57.426962822954));
#4923 = CARTESIAN_POINT('',(8.7733341798,-0.871401456824,57.3889156535)
  );
#4924 = CARTESIAN_POINT('',(8.783340177697,-0.918929946835,
    57.350030011934));
#4925 = CARTESIAN_POINT('',(8.793212374086,-0.965822879681,
    57.310320300981));
#4926 = CARTESIAN_POINT('',(8.813269243103,-1.061093007516,
    57.226835466917));
#4927 = CARTESIAN_POINT('',(8.823436748208,-1.109388656761,
    57.18295967178));
#4928 = CARTESIAN_POINT('',(8.833444774754,-1.156926782856,
    57.138191455699));
#4929 = CARTESIAN_POINT('',(8.84328887411,-1.203686254798,
    57.092548801366));
#4930 = CARTESIAN_POINT('',(8.85296478644,-1.249646838365,
    57.046050096958));
#4931 = CARTESIAN_POINT('',(8.862468440704,-1.294789196119,
    56.998714136141));
#4932 = CARTESIAN_POINT('',(8.881662350262,-1.385960266519,
    56.899624081466));
#4933 = CARTESIAN_POINT('',(8.891331646139,-1.431889421936,
    56.847772738708));
#4934 = CARTESIAN_POINT('',(8.900799234259,-1.476860465503,
    56.795028821618));
#4935 = CARTESIAN_POINT('',(8.910060692423,-1.520852391785,
    56.741415539706));
#4936 = CARTESIAN_POINT('',(8.91911178427,-1.563845078056,
    56.686956580173));
#4937 = CARTESIAN_POINT('',(8.927948459269,-1.6058192843,56.631676107907
    ));
#4938 = CARTESIAN_POINT('',(8.945420507522,-1.688811513505,
    56.517990646955));
#4939 = CARTESIAN_POINT('',(8.954043794645,-1.729772127338,
    56.459541542549));
#4940 = CARTESIAN_POINT('',(8.962432517059,-1.769618558803,
    56.400278177542));
#4941 = CARTESIAN_POINT('',(8.970582666635,-1.808331769288,
    56.340227752891));
#4942 = CARTESIAN_POINT('',(8.97849042415,-1.845893617487,
    56.279417945238));
#4943 = CARTESIAN_POINT('',(8.986152159288,-1.88228685939,
    56.217876906912));
#4944 = CARTESIAN_POINT('',(9.00077492347,-1.951744989259,
    56.095084035301));
#4945 = CARTESIAN_POINT('',(9.007749349426,-1.984873512548,
    56.03386990483));
#4946 = CARTESIAN_POINT('',(9.014484537958,-2.016865658075,
    55.972017230526));
#4947 = CARTESIAN_POINT('',(9.020977485594,-2.047707159344,
    55.909552726681));
#4948 = CARTESIAN_POINT('',(9.027225355933,-2.077384543454,
    55.846503465874));
#4949 = CARTESIAN_POINT('',(9.033225479646,-2.105885131093,
    55.782896878968));
#4950 = CARTESIAN_POINT('',(9.044085965918,-2.157472440887,
    55.661755199705));
#4951 = CARTESIAN_POINT('',(9.04899888098,-2.180808787429,55.60433128438
    ));
#4952 = CARTESIAN_POINT('',(9.053712342329,-2.203197728835,
    55.546508518528));
#4953 = CARTESIAN_POINT('',(9.058224698355,-2.224631419961,
    55.488306589054));
#4954 = CARTESIAN_POINT('',(9.062534403176,-2.245102517858,
    55.429745360378));
#4955 = CARTESIAN_POINT('',(9.06664001663,-2.264604181769,
    55.370844874434));
#4956 = CARTESIAN_POINT('',(9.082484089662,-2.339863528671,
    55.130272229606));
#4957 = CARTESIAN_POINT('',(9.092501582864,-2.387446621378,
    54.945924264639));
#4958 = CARTESIAN_POINT('',(9.100554149491,-2.425696312858,
    54.759166291445));
#4959 = CARTESIAN_POINT('',(9.106612887765,-2.454475319657,
    54.570591333698));
#4960 = CARTESIAN_POINT('',(9.110658517288,-2.473692059892,
    54.380799765529));
#4961 = CARTESIAN_POINT('',(9.112681367813,-2.483300599888,
    54.190398473994));
#4962 = CARTESIAN_POINT('',(9.112681368206,-2.483300601751,
    53.809601569079));
#4963 = CARTESIAN_POINT('',(9.110658518072,-2.473692063618,
    53.619200277447));
#4964 = CARTESIAN_POINT('',(9.10661288894,-2.45447532524,53.429408709081
    ));
#4965 = CARTESIAN_POINT('',(9.100554151055,-2.425696320287,
    53.24083375104));
#4966 = CARTESIAN_POINT('',(9.092501584813,-2.387446630634,
    53.054075777456));
#4967 = CARTESIAN_POINT('',(9.082484091991,-2.339863539732,
    52.869727812002));
#4968 = CARTESIAN_POINT('',(9.066640019455,-2.264604195183,
    52.629155166405));
#4969 = CARTESIAN_POINT('',(9.062534406121,-2.245102531849,
    52.570254680262));
#4970 = CARTESIAN_POINT('',(9.058224701421,-2.224631434525,
    52.511693451376));
#4971 = CARTESIAN_POINT('',(9.053712345515,-2.203197743968,
    52.453491521684));
#4972 = CARTESIAN_POINT('',(9.048998884285,-2.180808803128,
    52.395668755603));
#4973 = CARTESIAN_POINT('',(9.044085969342,-2.157472457148,
    52.338244840039));
#4974 = CARTESIAN_POINT('',(9.033225483319,-2.10588514854,
    52.217103160249));
#4975 = CARTESIAN_POINT('',(9.027225359737,-2.077384561523,
    52.153496573052));
#4976 = CARTESIAN_POINT('',(9.020977489528,-2.047707178031,
    52.090447311942));
#4977 = CARTESIAN_POINT('',(9.014484542021,-2.016865677373,
    52.027982807782));
#4978 = CARTESIAN_POINT('',(9.007749353616,-1.984873532451,
    51.966130133151));
#4979 = CARTESIAN_POINT('',(9.000774927787,-1.95174500976,
    51.904916002341));
#4980 = CARTESIAN_POINT('',(8.986152163857,-1.882286881094,
    51.78212313002));
#4981 = CARTESIAN_POINT('',(8.978490428846,-1.845893639793,
    51.720582091323));
#4982 = CARTESIAN_POINT('',(8.970582671456,-1.80833179219,
    51.659772283287));
#4983 = CARTESIAN_POINT('',(8.962432522004,-1.769618582292,
    51.59972185824));
#4984 = CARTESIAN_POINT('',(8.954043799712,-1.729772151407,
    51.540458492825));
#4985 = CARTESIAN_POINT('',(8.94542051271,-1.688811538146,
    51.482009388001));
#4986 = CARTESIAN_POINT('',(8.92794846469,-1.605819310053,
    51.368323926201));
#4987 = CARTESIAN_POINT('',(8.919111789806,-1.563845104351,
    51.313043453507));
#4988 = CARTESIAN_POINT('',(8.910060698071,-1.520852418614,
    51.258584493534));
#4989 = CARTESIAN_POINT('',(8.900799240017,-1.476860492857,
    51.204971211173));
#4990 = CARTESIAN_POINT('',(8.891331652006,-1.431889449805,
    51.152227293623));
#4991 = CARTESIAN_POINT('',(8.881662356236,-1.385960294895,
    51.100375950395));
#4992 = CARTESIAN_POINT('',(8.862468446882,-1.294789225465,
    51.001285894789));
#4993 = CARTESIAN_POINT('',(8.852964792716,-1.249646868176,
    50.953949933513));
#4994 = CARTESIAN_POINT('',(8.843288880482,-1.203686285064,
    50.907451228636));
#4995 = CARTESIAN_POINT('',(8.83344478122,-1.15692681357,50.861808573825
    ));
#4996 = CARTESIAN_POINT('',(8.823436754766,-1.109388687913,
    50.817040357258));
#4997 = CARTESIAN_POINT('',(8.813269249752,-1.061093039095,
    50.773164561625));
#4998 = CARTESIAN_POINT('',(8.793212380906,-0.965822912078,
    50.689679726589));
#4999 = CARTESIAN_POINT('',(8.7833401846,-0.918929979624,50.649970015159
    ));
#5000 = CARTESIAN_POINT('',(8.773334186783,-0.871401489996,
    50.611084373109));
#5001 = CARTESIAN_POINT('',(8.763198486851,-0.823256915317,
    50.573037203163));
#5002 = CARTESIAN_POINT('',(8.752937411495,-0.774516807374,
    50.535842567497));
#5003 = CARTESIAN_POINT('',(8.742555514704,-0.72520279762,
    50.499514187745));
#5004 = CARTESIAN_POINT('',(8.721516886987,-0.625269315964,
    50.428472333873));
#5005 = CARTESIAN_POINT('',(8.710859281249,-0.574645688705,
    50.393766053895));
#5006 = CARTESIAN_POINT('',(8.700089565301,-0.523489537954,
    50.359960195234));
#5007 = CARTESIAN_POINT('',(8.689212945788,-0.471825595266,
    50.32706790643));
#5008 = CARTESIAN_POINT('',(8.678235031245,-0.419680501188,
    50.29510189439));
#5009 = CARTESIAN_POINT('',(8.667161832103,-0.367082805264,
    50.264074424388));
#5010 = CARTESIAN_POINT('',(8.644386915276,-0.258901950336,
    50.202705568758));
#5011 = CARTESIAN_POINT('',(8.632678009136,-0.203284646169,
    50.172442692485));
#5012 = CARTESIAN_POINT('',(8.620880254417,-0.147245311257,
    50.143221547057));
#5013 = CARTESIAN_POINT('',(8.609001659978,-9.082198766817E-02,
    50.115054823049));
#5014 = CARTESIAN_POINT('',(8.597051046717,-3.405657467971E-02,
    50.087954448986));
#5015 = CARTESIAN_POINT('',(8.585038062921,2.300509834929E-02,
    50.061930994538));
#5016 = CARTESIAN_POINT('',(8.551441673845,0.182587946462,
    49.992487680606));
#5017 = CARTESIAN_POINT('',(8.529741571828,0.285663431044,
    49.951432872845));
#5018 = CARTESIAN_POINT('',(8.507936749847,0.389236335451,
    49.913887993095));
#5019 = CARTESIAN_POINT('',(8.486100847153,0.492956873249,
    49.879892518182));
#5020 = CARTESIAN_POINT('',(8.464315379102,0.596437846489,
    49.849444924959));
#5021 = CARTESIAN_POINT('',(8.442663350609,0.699284981833,
    49.822492264195));
#5022 = CARTESIAN_POINT('',(8.392003410396,0.939919697844,
    49.766831612956));
#5023 = CARTESIAN_POINT('',(8.363161954757,1.076916612131,
    49.741013807334));
#5024 = CARTESIAN_POINT('',(8.334905585921,1.2111343641,49.721254273144)
  );
#5025 = CARTESIAN_POINT('',(8.307308105483,1.342222396181,
    49.706995869989));
#5026 = CARTESIAN_POINT('',(8.280242611184,1.470783494101,
    49.697640053642));
#5027 = CARTESIAN_POINT('',(8.253472819217,1.597940005943,
    49.692869201473));
#5028 = CARTESIAN_POINT('',(8.199576803743,1.853946079448,
    49.692456185771));
#5029 = CARTESIAN_POINT('',(8.172427916463,1.982903294024,
    49.696951393065));
#5030 = CARTESIAN_POINT('',(8.144989626001,2.11323517372,49.706150244048
    ));
#5031 = CARTESIAN_POINT('',(8.117009889355,2.246138922788,49.72037197054
    ));
#5032 = CARTESIAN_POINT('',(8.088349154824,2.38227741181,49.740242541332
    ));
#5033 = CARTESIAN_POINT('',(8.059082123563,2.521295810301,
    49.766350776228));
#5034 = CARTESIAN_POINT('',(8.007984557271,2.76400925019,49.822492248295
    ));
#5035 = CARTESIAN_POINT('',(7.986332528739,2.866856385713,
    49.849444907413));
#5036 = CARTESIAN_POINT('',(7.964547060614,2.970337359308,
    49.879892498999));
#5037 = CARTESIAN_POINT('',(7.942711157809,3.074057897632,
    49.913887972306));
#5038 = CARTESIAN_POINT('',(7.920906335685,3.177630802721,
    49.951432850494));
#5039 = CARTESIAN_POINT('',(7.899206233497,3.280706288117,
    49.992487656746));
#5040 = CARTESIAN_POINT('',(7.86560984416,3.440289137464,50.061930968327
    ));
#5041 = CARTESIAN_POINT('',(7.85359686029,3.497350810848,50.087954421886
    ));
#5042 = CARTESIAN_POINT('',(7.841646246948,3.554116224225,
    50.115054795072));
#5043 = CARTESIAN_POINT('',(7.82976765242,3.610539548232,50.143221518216
    ));
#5044 = CARTESIAN_POINT('',(7.817969897608,3.666578883589,
    50.172442662791));
#5045 = CARTESIAN_POINT('',(7.806260991368,3.722196188227,
    50.202705538225));
#5046 = CARTESIAN_POINT('',(7.783486074348,3.830377044071,
    50.264074392206));
#5047 = CARTESIAN_POINT('',(7.772412875113,3.88297474044,50.295101861394
    ));
#5048 = CARTESIAN_POINT('',(7.761434960472,3.935119834983,
    50.327067872632));
#5049 = CARTESIAN_POINT('',(7.750558340857,3.986783778157,
    50.359960160644));
#5050 = CARTESIAN_POINT('',(7.739788624803,4.03793992941,50.393766018525
    ));
#5051 = CARTESIAN_POINT('',(7.729131018955,4.08856355719,50.428472297734
    ));
#5052 = CARTESIAN_POINT('',(7.708092391017,4.188497039894,
    50.499514150078));
#5053 = CARTESIAN_POINT('',(7.697710494116,4.237811050176,
    50.535842529071));
#5054 = CARTESIAN_POINT('',(7.687449418645,4.286551158664,
    50.573037163987));
#5055 = CARTESIAN_POINT('',(7.677313718594,4.334695733902,
    50.611084333196));
#5056 = CARTESIAN_POINT('',(7.667307720657,4.382224224104,50.64996997452
    ));
#5057 = CARTESIAN_POINT('',(7.657435524227,4.429117157145,
    50.689679685234));
#5058 = CARTESIAN_POINT('',(7.637378655123,4.52438728539,50.773164518812
    ));
#5059 = CARTESIAN_POINT('',(7.627211149974,4.572682934849,
    50.817040313702));
#5060 = CARTESIAN_POINT('',(7.617203123382,4.620221061163,
    50.861808529539));
#5061 = CARTESIAN_POINT('',(7.607359023979,4.666980533328,
    50.907451183634));
#5062 = CARTESIAN_POINT('',(7.597683111601,4.712941117123,
    50.953949887807));
#5063 = CARTESIAN_POINT('',(7.588179457288,4.75808347511,51.001285848394
    ));
#5064 = CARTESIAN_POINT('',(7.568985547628,4.849254545995,
    51.100375902604));
#5065 = CARTESIAN_POINT('',(7.559316251697,4.895183701665,
    51.152227245126));
#5066 = CARTESIAN_POINT('',(7.549848663523,4.940154745491,
    51.204971161986));
#5067 = CARTESIAN_POINT('',(7.540587205303,4.984146672035,
    51.258584443673));
#5068 = CARTESIAN_POINT('',(7.531536113401,5.027139358572,
    51.313043402987));
#5069 = CARTESIAN_POINT('',(7.522699438345,5.069113565087,
    51.368323875039));
#5070 = CARTESIAN_POINT('',(7.472694673445,5.306636198362,
    51.693690117485));
#5071 = CARTESIAN_POINT('',(7.436337330209,5.479333578735,
    51.981385729019));
#5072 = CARTESIAN_POINT('',(7.405447840376,5.626058655441,
    52.284717182314));
#5073 = CARTESIAN_POINT('',(7.380359389191,5.745228798569,
    52.600702558659));
#5074 = CARTESIAN_POINT('',(7.361319941103,5.835666176987,52.92621484558
    ));
#5075 = CARTESIAN_POINT('',(7.348493612732,5.896591236747,
    53.257988738082));
#5076 = CARTESIAN_POINT('',(7.340808643652,5.933094839881,
    53.650636512116));
#5077 = CARTESIAN_POINT('',(7.33986169643,5.937592839185,53.708747603931
    ));
#5078 = CARTESIAN_POINT('',(7.339103798652,5.941192853632,
    53.766928365358));
#5079 = CARTESIAN_POINT('',(7.338535205335,5.943893671884,
    53.825161405934));
#5080 = CARTESIAN_POINT('',(7.33815608647,5.945694486494,53.883429315333
    ));
#5081 = CARTESIAN_POINT('',(7.337966527013,5.946594893913,53.94171466337
    ));
#5082 = CARTESIAN_POINT('',(7.337966526892,5.946594894483,54.));
#5083 = ORIENTED_EDGE('',*,*,#5084,.F.);
#5084 = EDGE_CURVE('',#5085,#4842,#5087,.T.);
#5085 = VERTEX_POINT('',#5086);
#5086 = CARTESIAN_POINT('',(5.58894316491,5.726327560528,54.));
#5087 = B_SPLINE_CURVE_WITH_KNOTS('',7,(#5088,#5089,#5090,#5091,#5092,
    #5093,#5094,#5095,#5096,#5097,#5098,#5099,#5100,#5101,#5102,#5103,
    #5104,#5105,#5106,#5107,#5108,#5109,#5110,#5111,#5112,#5113,#5114,
    #5115,#5116,#5117,#5118,#5119,#5120,#5121,#5122,#5123,#5124,#5125,
    #5126,#5127,#5128,#5129,#5130,#5131,#5132,#5133,#5134,#5135,#5136,
    #5137),.UNSPECIFIED.,.F.,.F.,(8,6,6,6,6,6,6,6,8),(0.,0.106879129985,
    0.221287655988,0.35350327004,0.508700599182,0.680683228133,
    0.910766495594,0.968990592639,1.),.UNSPECIFIED.);
#5088 = CARTESIAN_POINT('',(5.58894316491,5.726327560528,54.));
#5089 = CARTESIAN_POINT('',(5.59689569539,5.727329080991,54.108427104767
    ));
#5090 = CARTESIAN_POINT('',(5.60824592909,5.725663663962,54.216306444727
    ));
#5091 = CARTESIAN_POINT('',(5.622909934495,5.721376043757,
    54.323292572886));
#5092 = CARTESIAN_POINT('',(5.640763251625,5.714546998917,
    54.429091014438));
#5093 = CARTESIAN_POINT('',(5.6616524968,5.705283863127,54.533454247604)
  );
#5094 = CARTESIAN_POINT('',(5.685406967405,5.693711036145,
    54.636177684479));
#5095 = CARTESIAN_POINT('',(5.740156395872,5.665241258371,
    54.845123064689));
#5096 = CARTESIAN_POINT('',(5.771544815661,5.648025990981,
    54.951086532374));
#5097 = CARTESIAN_POINT('',(5.805803203716,5.628474964581,
    55.054805178896));
#5098 = CARTESIAN_POINT('',(5.84271701216,5.606754483324,55.156152590076
    ));
#5099 = CARTESIAN_POINT('',(5.882077787314,5.583029887996,
    55.255049334694));
#5100 = CARTESIAN_POINT('',(5.923691509455,5.557458560515,55.35145548559
    ));
#5101 = CARTESIAN_POINT('',(6.017883319556,5.498661987038,
    55.553887030797));
#5102 = CARTESIAN_POINT('',(6.071154697211,5.464868177315,
    55.659063834643));
#5103 = CARTESIAN_POINT('',(6.126937821979,5.429021352283,55.76089074228
    ));
#5104 = CARTESIAN_POINT('',(6.184994519085,5.391324666118,
    55.859392386803));
#5105 = CARTESIAN_POINT('',(6.245114417293,5.351962759237,
    55.954616606202));
#5106 = CARTESIAN_POINT('',(6.307117683654,5.311099943375,
    56.046630205127));
#5107 = CARTESIAN_POINT('',(6.445677131176,5.219317879908,
    56.239849132006));
#5108 = CARTESIAN_POINT('',(6.522879094715,5.167892114489,
    56.339858130609));
#5109 = CARTESIAN_POINT('',(6.602224189484,5.114833452329,
    56.435671989962));
#5110 = CARTESIAN_POINT('',(6.683507721158,5.06035090442,56.527415630397
    ));
#5111 = CARTESIAN_POINT('',(6.766560243042,5.004633194498,
    56.615209731016));
#5112 = CARTESIAN_POINT('',(6.851248038661,4.947851822711,
    56.699171845621));
#5113 = CARTESIAN_POINT('',(7.033024858673,4.826237248402,
    56.868342127631));
#5114 = CARTESIAN_POINT('',(7.130452998519,4.761205399683,
    56.952691650491));
#5115 = CARTESIAN_POINT('',(7.229622812482,4.69528449005,57.032621758268
    ));
#5116 = CARTESIAN_POINT('',(7.330431682719,4.628687914901,
    57.108259487948));
#5117 = CARTESIAN_POINT('',(7.432808346627,4.561631959541,
    57.179711900665));
#5118 = CARTESIAN_POINT('',(7.536720620817,4.494350060401,
    57.247068072914));
#5119 = CARTESIAN_POINT('',(7.78329482431,4.337168183039,57.395114215651
    ));
#5120 = CARTESIAN_POINT('',(7.927003715292,4.247422804584,
    57.472511288448));
#5121 = CARTESIAN_POINT('',(8.073579835083,4.158405146089,
    57.542904152334));
#5122 = CARTESIAN_POINT('',(8.223242603651,4.070896343125,
    57.606341651988));
#5123 = CARTESIAN_POINT('',(8.376259038442,3.986165320816,
    57.662664098424));
#5124 = CARTESIAN_POINT('',(8.53295552589,3.906023235147,57.711605399679
    ));
#5125 = CARTESIAN_POINT('',(8.735270907235,3.81581092323,57.762827972651
    ));
#5126 = CARTESIAN_POINT('',(8.776418205866,3.798121265558,
    57.772652128438));
#5127 = CARTESIAN_POINT('',(8.817865839383,3.781020023887,
    57.781944012846));
#5128 = CARTESIAN_POINT('',(8.859620824164,3.764577027098,
    57.790688609112));
#5129 = CARTESIAN_POINT('',(8.901686097057,3.748871944279,
    57.798868349139));
#5130 = CARTESIAN_POINT('',(8.944060345081,3.733993860413,
    57.806463625846));
#5131 = CARTESIAN_POINT('',(9.00946731898,3.712609658782,57.817175919256
    ));
#5132 = CARTESIAN_POINT('',(9.032282189692,3.705440927802,57.82072669912
    ));
#5133 = CARTESIAN_POINT('',(9.055181226936,3.698549767435,
    57.824102318503));
#5134 = CARTESIAN_POINT('',(9.078162277423,3.691951788616,
    57.827299384979));
#5135 = CARTESIAN_POINT('',(9.1012222549,3.685663104913,57.830314440291)
  );
#5136 = CARTESIAN_POINT('',(9.124357140149,3.679700332529,
    57.833143960351));
#5137 = CARTESIAN_POINT('',(9.147561980989,3.674080590302,
    57.835784355243));
#5138 = ORIENTED_EDGE('',*,*,#5139,.F.);
#5139 = EDGE_CURVE('',#5140,#5085,#5142,.T.);
#5140 = VERTEX_POINT('',#5141);
#5141 = CARTESIAN_POINT('',(4.254989375442,5.558332980688,54.));
#5142 = LINE('',#5143,#5144);
#5143 = CARTESIAN_POINT('',(-1.030052405249,4.892748924934,54.));
#5144 = VECTOR('',#5145,1.);
#5145 = DIRECTION('',(0.992162994517,0.124950359385,2.011502659275E-17)
  );
#5146 = ORIENTED_EDGE('',*,*,#5147,.F.);
#5147 = EDGE_CURVE('',#4028,#5140,#5148,.T.);
#5148 = CIRCLE('',#5149,4.562533135953);
#5149 = AXIS2_PLACEMENT_3D('',#5150,#5151,#5152);
#5150 = CARTESIAN_POINT('',(5.194919010553,1.093667160117,54.));
#5151 = DIRECTION('',(-0.978549784987,-0.20601048105,0.));
#5152 = DIRECTION('',(0.20601048105,-0.978549784987,0.));
#5153 = ORIENTED_EDGE('',*,*,#4230,.T.);
#5154 = ORIENTED_EDGE('',*,*,#3700,.T.);
#5155 = ORIENTED_EDGE('',*,*,#5156,.F.);
#5156 = EDGE_CURVE('',#5157,#3701,#5159,.T.);
#5157 = VERTEX_POINT('',#5158);
#5158 = CARTESIAN_POINT('',(5.425164728473,-1.328782123914E-15,
    49.57647339005));
#5159 = CIRCLE('',#5160,4.562533135953);
#5160 = AXIS2_PLACEMENT_3D('',#5161,#5162,#5163);
#5161 = CARTESIAN_POINT('',(5.194919010553,1.093667160117,54.));
#5162 = DIRECTION('',(-0.978549784987,-0.20601048105,0.));
#5163 = DIRECTION('',(0.20601048105,-0.978549784987,0.));
#5164 = ORIENTED_EDGE('',*,*,#5165,.F.);
#5165 = EDGE_CURVE('',#5140,#5157,#5166,.T.);
#5166 = CIRCLE('',#5167,4.562533135953);
#5167 = AXIS2_PLACEMENT_3D('',#5168,#5169,#5170);
#5168 = CARTESIAN_POINT('',(5.194919010553,1.093667160117,54.));
#5169 = DIRECTION('',(-0.978549784987,-0.20601048105,0.));
#5170 = DIRECTION('',(0.20601048105,-0.978549784987,0.));
#5171 = ORIENTED_EDGE('',*,*,#5139,.T.);
#5172 = ORIENTED_EDGE('',*,*,#5173,.F.);
#5173 = EDGE_CURVE('',#4844,#5085,#5174,.T.);
#5174 = B_SPLINE_CURVE_WITH_KNOTS('',8,(#5175,#5176,#5177,#5178,#5179,
    #5180,#5181,#5182,#5183,#5184,#5185,#5186,#5187,#5188,#5189,#5190,
    #5191,#5192,#5193,#5194,#5195,#5196,#5197,#5198,#5199,#5200,#5201,
    #5202,#5203,#5204,#5205,#5206,#5207,#5208,#5209,#5210,#5211,#5212,
    #5213,#5214,#5215,#5216,#5217,#5218,#5219,#5220,#5221,#5222,#5223,
    #5224,#5225),.UNSPECIFIED.,.F.,.F.,(9,7,7,7,7,7,7,9),(0.,
    0.170316799141,0.289937161968,0.518035897593,0.713912496418,
    0.807294550508,0.954543208976,1.),.UNSPECIFIED.);
#5175 = CARTESIAN_POINT('',(9.278801039885,3.050695060543,
    49.939567644967));
#5176 = CARTESIAN_POINT('',(9.155703472024,3.081933414507,
    49.944638142162));
#5177 = CARTESIAN_POINT('',(9.034747916871,3.123184095373,
    49.953400001327));
#5178 = CARTESIAN_POINT('',(8.916047361501,3.172112918801,
    49.965748798106));
#5179 = CARTESIAN_POINT('',(8.799577540735,3.226651721687,
    49.981583623876));
#5180 = CARTESIAN_POINT('',(8.685299384211,3.285376395039,50.00080422199
    ));
#5181 = CARTESIAN_POINT('',(8.573060517837,3.347251801494,
    50.023331126788));
#5182 = CARTESIAN_POINT('',(8.462589903632,3.411632299914,
    50.049155353152));
#5183 = CARTESIAN_POINT('',(8.276834229474,3.524913604102,
    50.098932042499));
#5184 = CARTESIAN_POINT('',(8.200976968398,3.57264884036,50.121123239954
    ));
#5185 = CARTESIAN_POINT('',(8.125844308622,3.621204170858,
    50.144977197707));
#5186 = CARTESIAN_POINT('',(8.051398257857,3.670436840615,
    50.170506534722));
#5187 = CARTESIAN_POINT('',(7.977612783652,3.720229769402,
    50.197727893707));
#5188 = CARTESIAN_POINT('',(7.904469534977,3.770484444169,
    50.226662014613));
#5189 = CARTESIAN_POINT('',(7.831955322321,3.821116562539,
    50.257334375692));
#5190 = CARTESIAN_POINT('',(7.622969958432,3.969185570285,
    50.351638655546));
#5191 = CARTESIAN_POINT('',(7.488177794112,4.067396814746,
    50.419915564751));
#5192 = CARTESIAN_POINT('',(7.35560721218,4.166198418787,50.494824113894
    ));
#5193 = CARTESIAN_POINT('',(7.225322335779,4.265193809513,
    50.576620069262));
#5194 = CARTESIAN_POINT('',(7.097481876636,4.364011973654,50.6655942935)
  );
#5195 = CARTESIAN_POINT('',(6.972321965243,4.462281795919,
    50.762072849356));
#5196 = CARTESIAN_POINT('',(6.850155871887,4.559622274705,
    50.866430760451));
#5197 = CARTESIAN_POINT('',(6.629378222469,4.738061433856,
    51.075907588365));
#5198 = CARTESIAN_POINT('',(6.52992888396,4.819470233907,51.17878749935)
  );
#5199 = CARTESIAN_POINT('',(6.433256943088,4.899605541352,
    51.288067446669));
#5200 = CARTESIAN_POINT('',(6.339699732592,4.978156295286,
    51.404037903615));
#5201 = CARTESIAN_POINT('',(6.249695575563,5.054742761744,
    51.526968451168));
#5202 = CARTESIAN_POINT('',(6.163776931013,5.128916547309,
    51.657096284019));
#5203 = CARTESIAN_POINT('',(6.082565562293,5.200161641976,
    51.794616171214));
#5204 = CARTESIAN_POINT('',(5.970634882747,5.300188349542,
    52.008825610643));
#5205 = CARTESIAN_POINT('',(5.935738437732,5.331675643078,
    52.079677880314));
#5206 = CARTESIAN_POINT('',(5.90216011514,5.362292427464,52.152234873329
    ));
#5207 = CARTESIAN_POINT('',(5.869987035351,5.39196656424,52.226492959181
    ));
#5208 = CARTESIAN_POINT('',(5.839311920961,5.420620992674,
    52.302436727005));
#5209 = CARTESIAN_POINT('',(5.810231300438,5.448175001508,
    52.380037028657));
#5210 = CARTESIAN_POINT('',(5.782843711767,5.474545500702,
    52.459249021781));
#5211 = CARTESIAN_POINT('',(5.716887388388,5.539231407447,
    52.667357776205));
#5212 = CARTESIAN_POINT('',(5.680960137488,5.575683826134,52.79862492832
    ));
#5213 = CARTESIAN_POINT('',(5.649889453868,5.608642181036,
    52.933482796638));
#5214 = CARTESIAN_POINT('',(5.624066178849,5.637763575324,
    53.071513348797));
#5215 = CARTESIAN_POINT('',(5.603831575712,5.662739297014,
    53.212201274562));
#5216 = CARTESIAN_POINT('',(5.589451973589,5.683314549823,
    53.354923642173));
#5217 = CARTESIAN_POINT('',(5.581085174154,5.699314201377,
    53.498937329146));
#5218 = CARTESIAN_POINT('',(5.578014222162,5.714181575256,
    53.687949919539));
#5219 = CARTESIAN_POINT('',(5.577863507067,5.717246822364,
    53.732579724998));
#5220 = CARTESIAN_POINT('',(5.57828676947,5.719868522297,53.777230300498
    ));
#5221 = CARTESIAN_POINT('',(5.579283162214,5.722045844652,
    53.821878621077));
#5222 = CARTESIAN_POINT('',(5.580850697324,5.723778896463,
    53.866501980202));
#5223 = CARTESIAN_POINT('',(5.582986246015,5.725068722202,
    53.911077989772));
#5224 = CARTESIAN_POINT('',(5.585685538682,5.725917303775,
    53.955584580118));
#5225 = CARTESIAN_POINT('',(5.58894316491,5.726327560528,54.));
#5226 = CONICAL_SURFACE('',#5227,5.,8.221842814688E-02);
#5227 = AXIS2_PLACEMENT_3D('',#5228,#5229,#5230);
#5228 = CARTESIAN_POINT('',(0.,0.,54.));
#5229 = DIRECTION('',(-0.978549784987,-0.20601048105,-0.));
#5230 = DIRECTION('',(-0.20601048105,0.978549784987,0.));
#5231 = ADVANCED_FACE('',(#5232),#5263,.T.);
#5232 = FACE_BOUND('',#5233,.T.);
#5233 = EDGE_LOOP('',(#5234,#5243,#5244,#5245));
#5234 = ORIENTED_EDGE('',*,*,#5235,.T.);
#5235 = EDGE_CURVE('',#5236,#3955,#5238,.T.);
#5236 = VERTEX_POINT('',#5237);
#5237 = CARTESIAN_POINT('',(-4.254989375084,5.558332980643,54.));
#5238 = CIRCLE('',#5239,4.562533135953);
#5239 = AXIS2_PLACEMENT_3D('',#5240,#5241,#5242);
#5240 = CARTESIAN_POINT('',(-5.194919010553,1.093667160117,54.));
#5241 = DIRECTION('',(0.978549784987,-0.20601048105,0.));
#5242 = DIRECTION('',(0.20601048105,0.978549784987,0.));
#5243 = ORIENTED_EDGE('',*,*,#4027,.F.);
#5244 = ORIENTED_EDGE('',*,*,#5147,.T.);
#5245 = ORIENTED_EDGE('',*,*,#5246,.T.);
#5246 = EDGE_CURVE('',#5140,#5236,#5247,.T.);
#5247 = B_SPLINE_CURVE_WITH_KNOTS('',14,(#5248,#5249,#5250,#5251,#5252,
    #5253,#5254,#5255,#5256,#5257,#5258,#5259,#5260,#5261,#5262),
  .UNSPECIFIED.,.T.,.F.,(15,15),(0.,1.),.PIECEWISE_BEZIER_KNOTS.);
#5248 = CARTESIAN_POINT('',(7.,-2.68036448894E-15,54.));
#5249 = CARTESIAN_POINT('',(7.000000000001,3.141592653592,
    54.000000000004));
#5250 = CARTESIAN_POINT('',(5.4815994716,6.283186466812,53.999999999986)
  );
#5251 = CARTESIAN_POINT('',(2.444796473688,8.629735426014,
    54.000000000025));
#5252 = CARTESIAN_POINT('',(-1.656274303174,9.386283170777,
    53.999999999983));
#5253 = CARTESIAN_POINT('',(-5.913429622821,8.042838027079,
    53.999999999969));
#5254 = CARTESIAN_POINT('',(-9.16329191161,4.661196716839,
    54.000000000112));
#5255 = CARTESIAN_POINT('',(-10.38680021434,1.058086951389E-10,
    53.999999999813));
#5256 = CARTESIAN_POINT('',(-9.163291911608,-4.661196717034,
    54.000000000216));
#5257 = CARTESIAN_POINT('',(-5.913429622823,-8.04283802693,
    53.999999999813));
#5258 = CARTESIAN_POINT('',(-1.656274303172,-9.386283170872,
    54.000000000125));
#5259 = CARTESIAN_POINT('',(2.444796473687,-8.629735425967,
    53.999999999937));
#5260 = CARTESIAN_POINT('',(5.4815994716,-6.28318646683,54.000000000023)
  );
#5261 = CARTESIAN_POINT('',(7.000000000001,-3.141592653588,
    53.999999999995));
#5262 = CARTESIAN_POINT('',(7.,1.764458431842E-15,54.));
#5263 = SPHERICAL_SURFACE('',#5264,7.);
#5264 = AXIS2_PLACEMENT_3D('',#5265,#5266,#5267);
#5265 = CARTESIAN_POINT('',(0.,0.,54.));
#5266 = DIRECTION('',(0.,0.,1.));
#5267 = DIRECTION('',(1.,0.,-0.));
#5268 = ADVANCED_FACE('',(#5269),#5761,.T.);
#5269 = FACE_BOUND('',#5270,.T.);
#5270 = EDGE_LOOP('',(#5271,#5334,#5340,#5341,#5342,#5349,#5350,#5417,
    #5534,#5646));
#5271 = ORIENTED_EDGE('',*,*,#5272,.F.);
#5272 = EDGE_CURVE('',#5273,#5275,#5277,.T.);
#5273 = VERTEX_POINT('',#5274);
#5274 = CARTESIAN_POINT('',(-9.112681368009,-2.48330060082,54.));
#5275 = VERTEX_POINT('',#5276);
#5276 = CARTESIAN_POINT('',(-8.168828609942,2.,58.298602415936));
#5277 = B_SPLINE_CURVE_WITH_KNOTS('',7,(#5278,#5279,#5280,#5281,#5282,
    #5283,#5284,#5285,#5286,#5287,#5288,#5289,#5290,#5291,#5292,#5293,
    #5294,#5295,#5296,#5297,#5298,#5299,#5300,#5301,#5302,#5303,#5304,
    #5305,#5306,#5307,#5308,#5309,#5310,#5311,#5312,#5313,#5314,#5315,
    #5316,#5317,#5318,#5319,#5320,#5321,#5322,#5323,#5324,#5325,#5326,
    #5327,#5328,#5329,#5330,#5331,#5332,#5333),.UNSPECIFIED.,.F.,.F.,(8,
    6,6,6,6,6,6,6,6,8),(0.,0.377611113901,0.444628599248,0.50798573136,
    0.567734884511,0.627727371765,0.690142621982,0.801531829956,
    0.953279994453,1.),.UNSPECIFIED.);
#5278 = CARTESIAN_POINT('',(-9.112681368009,-2.48330060082,54.));
#5279 = CARTESIAN_POINT('',(-9.112681368009,-2.48330060082,
    54.394403238934));
#5280 = CARTESIAN_POINT('',(-9.104001538004,-2.442071408279,
    54.78890270759));
#5281 = CARTESIAN_POINT('',(-9.086634761572,-2.359579220264,
    55.177913367875));
#5282 = CARTESIAN_POINT('',(-9.060774145387,-2.236741293346,
    55.556084298476));
#5283 = CARTESIAN_POINT('',(-9.026768895691,-2.075216357313,
    55.918288978282));
#5284 = CARTESIAN_POINT('',(-8.9851273335,-1.877418936897,
    56.259630046857));
#5285 = CARTESIAN_POINT('',(-8.927948461979,-1.605819297176,
    56.631676090853));
#5286 = CARTESIAN_POINT('',(-8.919111787038,-1.563845091203,
    56.686956563333));
#5287 = CARTESIAN_POINT('',(-8.910060695247,-1.5208524052,
    56.741415523086));
#5288 = CARTESIAN_POINT('',(-8.900799237138,-1.47686047918,
    56.795028805223));
#5289 = CARTESIAN_POINT('',(-8.891331649073,-1.43188943587,
    56.847772722543));
#5290 = CARTESIAN_POINT('',(-8.881662353249,-1.385960280707,
    56.899624065535));
#5291 = CARTESIAN_POINT('',(-8.862468443793,-1.294789210792,
    56.998714120676));
#5292 = CARTESIAN_POINT('',(-8.852964789578,-1.24964685327,
    57.046050081722));
#5293 = CARTESIAN_POINT('',(-8.843288877296,-1.203686269931,
    57.092548786365));
#5294 = CARTESIAN_POINT('',(-8.833444777987,-1.156926798213,
    57.138191440937));
#5295 = CARTESIAN_POINT('',(-8.823436751487,-1.109388672337,
    57.182959657261));
#5296 = CARTESIAN_POINT('',(-8.813269246428,-1.061093023305,
    57.226835452646));
#5297 = CARTESIAN_POINT('',(-8.793212377496,-0.965822895879,
    57.310320287196));
#5298 = CARTESIAN_POINT('',(-8.783340181148,-0.918929963229,
    57.350029998387));
#5299 = CARTESIAN_POINT('',(-8.773334183292,-0.87140147341,
    57.388915640195));
#5300 = CARTESIAN_POINT('',(-8.76319848332,-0.823256898544,
    57.426962809896));
#5301 = CARTESIAN_POINT('',(-8.752937407925,-0.77451679042,
    57.464157445312));
#5302 = CARTESIAN_POINT('',(-8.742555511098,-0.72520278049,
    57.50048582481));
#5303 = CARTESIAN_POINT('',(-8.721516883307,-0.625269298485,
    57.571527678174));
#5304 = CARTESIAN_POINT('',(-8.710859277532,-0.574645671052,
    57.606233957895));
#5305 = CARTESIAN_POINT('',(-8.700089561549,-0.523489520134,
    57.640039816296));
#5306 = CARTESIAN_POINT('',(-8.689212942002,-0.471825577284,
    57.672932104836));
#5307 = CARTESIAN_POINT('',(-8.678235027427,-0.419680483051,
    57.704898116609));
#5308 = CARTESIAN_POINT('',(-8.667161828254,-0.367082786979,
    57.735925586339));
#5309 = CARTESIAN_POINT('',(-8.644386911362,-0.258901931745,
    57.79729444142));
#5310 = CARTESIAN_POINT('',(-8.632678005189,-0.203284627421,
    57.827557317413));
#5311 = CARTESIAN_POINT('',(-8.620880250439,-0.147245292361,
    57.856778462557));
#5312 = CARTESIAN_POINT('',(-8.60900165597,-9.082196863236E-02,
    57.884945186277));
#5313 = CARTESIAN_POINT('',(-8.597051042682,-3.40565555145E-02,
    57.912045560048));
#5314 = CARTESIAN_POINT('',(-8.585038058862,2.300511763291E-02,
    57.938069014199));
#5315 = CARTESIAN_POINT('',(-8.551441669699,0.182587966157,
    58.007512327347));
#5316 = CARTESIAN_POINT('',(-8.529741567624,0.285663451011,
    58.048567134605));
#5317 = CARTESIAN_POINT('',(-8.507936745596,0.389236355645,
    58.086112013834));
#5318 = CARTESIAN_POINT('',(-8.486100842865,0.492956893618,
    58.120107488212));
#5319 = CARTESIAN_POINT('',(-8.464315374789,0.596437866976,
    58.150555080889));
#5320 = CARTESIAN_POINT('',(-8.442663346283,0.69928500238,
    58.177507741105));
#5321 = CARTESIAN_POINT('',(-8.392003406042,0.939919718525,
    58.233168391082));
#5322 = CARTESIAN_POINT('',(-8.3631619504,1.076916632826,58.258986195981
    ));
#5323 = CARTESIAN_POINT('',(-8.334905581576,1.21113438474,
    58.278745729468));
#5324 = CARTESIAN_POINT('',(-8.30730810115,1.342222416763,
    58.293004131956));
#5325 = CARTESIAN_POINT('',(-8.280242606846,1.470783514705,
    58.302359947668));
#5326 = CARTESIAN_POINT('',(-8.253472814848,1.5979400267,58.30713079921)
  );
#5327 = CARTESIAN_POINT('',(-8.218489674463,1.764109943525,
    58.307398881004));
#5328 = CARTESIAN_POINT('',(-8.210255607752,1.803221760401,
    58.307029154374));
#5329 = CARTESIAN_POINT('',(-8.202014492552,1.842367057601,
    58.306226926534));
#5330 = CARTESIAN_POINT('',(-8.193758415401,1.881583424072,
    58.304989603668));
#5331 = CARTESIAN_POINT('',(-8.185479870573,1.920906512007,
    58.303311912445));
#5332 = CARTESIAN_POINT('',(-8.177171962791,1.960369073966,
    58.301186147004));
#5333 = CARTESIAN_POINT('',(-8.168828609942,2.,58.298602415936));
#5334 = ORIENTED_EDGE('',*,*,#5335,.F.);
#5335 = EDGE_CURVE('',#3752,#5273,#5336,.T.);
#5336 = LINE('',#5337,#5338);
#5337 = CARTESIAN_POINT('',(-1.030052405249,-4.892748924934,54.));
#5338 = VECTOR('',#5339,1.);
#5339 = DIRECTION('',(-0.958325431658,0.285678782968,2.011502659275E-17)
  );
#5340 = ORIENTED_EDGE('',*,*,#3954,.T.);
#5341 = ORIENTED_EDGE('',*,*,#5235,.F.);
#5342 = ORIENTED_EDGE('',*,*,#5343,.F.);
#5343 = EDGE_CURVE('',#3752,#5236,#5344,.T.);
#5344 = CIRCLE('',#5345,4.562533135953);
#5345 = AXIS2_PLACEMENT_3D('',#5346,#5347,#5348);
#5346 = CARTESIAN_POINT('',(-5.194919010553,1.093667160117,54.));
#5347 = DIRECTION('',(0.978549784987,-0.20601048105,0.));
#5348 = DIRECTION('',(0.20601048105,0.978549784987,0.));
#5349 = ORIENTED_EDGE('',*,*,#5335,.T.);
#5350 = ORIENTED_EDGE('',*,*,#5351,.F.);
#5351 = EDGE_CURVE('',#5352,#5273,#5354,.T.);
#5352 = VERTEX_POINT('',#5353);
#5353 = CARTESIAN_POINT('',(-8.168828609942,2.,49.701397584064));
#5354 = B_SPLINE_CURVE_WITH_KNOTS('',7,(#5355,#5356,#5357,#5358,#5359,
    #5360,#5361,#5362,#5363,#5364,#5365,#5366,#5367,#5368,#5369,#5370,
    #5371,#5372,#5373,#5374,#5375,#5376,#5377,#5378,#5379,#5380,#5381,
    #5382,#5383,#5384,#5385,#5386,#5387,#5388,#5389,#5390,#5391,#5392,
    #5393,#5394,#5395,#5396,#5397,#5398,#5399,#5400,#5401,#5402,#5403,
    #5404,#5405,#5406,#5407,#5408,#5409,#5410,#5411,#5412,#5413,#5414,
    #5415,#5416),.UNSPECIFIED.,.F.,.F.,(8,6,6,6,6,6,6,6,6,6,8),(0.,
    4.583946664076E-02,0.198159825881,0.310498931998,0.372975137523,
    0.431983656231,0.492696819318,0.556681419623,0.624476874829,
    0.812253156732,1.),.UNSPECIFIED.);
#5355 = CARTESIAN_POINT('',(-8.168828609942,2.,49.701397584064));
#5356 = CARTESIAN_POINT('',(-8.177014932041,1.961114970028,
    49.698862481555));
#5357 = CARTESIAN_POINT('',(-8.185167136264,1.922391999975,
    49.696768265634));
#5358 = CARTESIAN_POINT('',(-8.193290961551,1.883803829861,
    49.69510559806));
#5359 = CARTESIAN_POINT('',(-8.201392904065,1.845319602914,
    49.693867159988));
#5360 = CARTESIAN_POINT('',(-8.20948003281,1.806905741375,
    49.693047880846));
#5361 = CARTESIAN_POINT('',(-8.217559805249,1.768526822292,
    49.692645167222));
#5362 = CARTESIAN_POINT('',(-8.252489242762,1.602611994106,
    49.692705534572));
#5363 = CARTESIAN_POINT('',(-8.279352197832,1.475012957524,
    49.697352312619));
#5364 = CARTESIAN_POINT('',(-8.306506810089,1.346028549302,
    49.706611314044));
#5365 = CARTESIAN_POINT('',(-8.334194090021,1.214513969631,
    49.720798524926));
#5366 = CARTESIAN_POINT('',(-8.362545487215,1.079844832954,
    49.740518279754));
#5367 = CARTESIAN_POINT('',(-8.391488363731,0.942366169502,
    49.766336835994));
#5368 = CARTESIAN_POINT('',(-8.442434979415,0.700369745007,
    49.822189759606));
#5369 = CARTESIAN_POINT('',(-8.464271695581,0.596645343217,
    49.849345091551));
#5370 = CARTESIAN_POINT('',(-8.486244607474,0.492274011725,
    49.880055429079));
#5371 = CARTESIAN_POINT('',(-8.508268533306,0.387660364022,
    49.914375258595));
#5372 = CARTESIAN_POINT('',(-8.530259843037,0.283201642798,
    49.952305824341));
#5373 = CARTESIAN_POINT('',(-8.552143102225,0.179256161658,
    49.993805994771));
#5374 = CARTESIAN_POINT('',(-8.58592674457,1.878386052038E-02,
    50.063845269213));
#5375 = CARTESIAN_POINT('',(-8.59794794185,-3.831682656353E-02,
    50.089963440558));
#5376 = CARTESIAN_POINT('',(-8.609906120003,-9.511817279E-02,
    50.117160152669));
#5377 = CARTESIAN_POINT('',(-8.621791641109,-0.151574398042,
    50.145424748965));
#5378 = CARTESIAN_POINT('',(-8.633595694292,-0.207643650662,
    50.174745221764));
#5379 = CARTESIAN_POINT('',(-8.645310279479,-0.263287930302,
    50.205108807333));
#5380 = CARTESIAN_POINT('',(-8.667901260875,-0.370595091932,
    50.266153870733));
#5381 = CARTESIAN_POINT('',(-8.678787973439,-0.422306976608,
    50.296723984394));
#5382 = CARTESIAN_POINT('',(-8.689582246769,-0.473579774926,
    50.32820164664));
#5383 = CARTESIAN_POINT('',(-8.700278374181,-0.524386380133,
    50.360575169735));
#5384 = CARTESIAN_POINT('',(-8.710871024388,-0.574701468616,
    50.393832453471));
#5385 = CARTESIAN_POINT('',(-8.7213552415,-0.6245014999,50.427960985172)
  );
#5386 = CARTESIAN_POINT('',(-8.742397252984,-0.724451054449,
    50.498945398195));
#5387 = CARTESIAN_POINT('',(-8.752948360084,-0.774568813171,
    50.535851523907));
#5388 = CARTESIAN_POINT('',(-8.763374722691,-0.824094035556,
    50.573652295059));
#5389 = CARTESIAN_POINT('',(-8.773671567681,-0.873004049258,
    50.612333286446));
#5390 = CARTESIAN_POINT('',(-8.783834373441,-0.921277376621,
    50.651879663178));
#5391 = CARTESIAN_POINT('',(-8.79385885088,-0.968893644453,
    50.69227627444));
#5392 = CARTESIAN_POINT('',(-8.814155478604,-1.065302626143,
    50.77696091577));
#5393 = CARTESIAN_POINT('',(-8.824411838736,-1.114020336769,
    50.821341264362));
#5394 = CARTESIAN_POINT('',(-8.834505238293,-1.161963984668,
    50.866630667885));
#5395 = CARTESIAN_POINT('',(-8.84443110614,-1.209111856938,
    50.912810579673));
#5396 = CARTESIAN_POINT('',(-8.854185066531,-1.255443168796,
    50.959862031526));
#5397 = CARTESIAN_POINT('',(-8.863762939115,-1.300938063571,
    51.007765633714));
#5398 = CARTESIAN_POINT('',(-8.883118261738,-1.392875846031,
    51.108140177188));
#5399 = CARTESIAN_POINT('',(-8.892873603413,-1.439213718985,
    51.160713212305));
#5400 = CARTESIAN_POINT('',(-8.902422009811,-1.484568649377,
    51.214197104433));
#5401 = CARTESIAN_POINT('',(-8.911758920673,-1.528918975971,
    51.26856777844));
#5402 = CARTESIAN_POINT('',(-8.920879969624,-1.572243958488,
    51.323800659954));
#5403 = CARTESIAN_POINT('',(-8.929780984176,-1.61452377761,
    51.379870675361));
#5404 = CARTESIAN_POINT('',(-8.962491087715,-1.769896769423,
    51.594299847023));
#5405 = CARTESIAN_POINT('',(-8.984805880786,-1.875892036507,
    51.758074984631));
#5406 = CARTESIAN_POINT('',(-9.005317156786,-1.973320597507,
    51.927532270884));
#5407 = CARTESIAN_POINT('',(-9.023950958722,-2.061831156701,
    52.102100233171));
#5408 = CARTESIAN_POINT('',(-9.040643563004,-2.141121027042,
    52.281184797444));
#5409 = CARTESIAN_POINT('',(-9.055341216104,-2.210934879266,
    52.464170770934));
#5410 = CARTESIAN_POINT('',(-9.080658050452,-2.331189842424,
    52.836642690005));
#5411 = CARTESIAN_POINT('',(-9.091278188143,-2.381635496456,
    53.026133161697));
#5412 = CARTESIAN_POINT('',(-9.099817690912,-2.422198134606,
    53.218255315664));
#5413 = CARTESIAN_POINT('',(-9.106244046727,-2.452723324725,
    53.41236221104));
#5414 = CARTESIAN_POINT('',(-9.110535565954,-2.473108041055,
    53.607798382931));
#5415 = CARTESIAN_POINT('',(-9.112681368009,-2.48330060082,
    53.803900829659));
#5416 = CARTESIAN_POINT('',(-9.112681368009,-2.48330060082,54.));
#5417 = ORIENTED_EDGE('',*,*,#5418,.F.);
#5418 = EDGE_CURVE('',#5419,#5352,#5421,.T.);
#5419 = VERTEX_POINT('',#5420);
#5420 = CARTESIAN_POINT('',(-7.777275628481,3.85987664102,
    50.282059777019));
#5421 = B_SPLINE_CURVE_WITH_KNOTS('',6,(#5422,#5423,#5424,#5425,#5426,
    #5427,#5428,#5429,#5430,#5431,#5432,#5433,#5434,#5435,#5436,#5437,
    #5438,#5439,#5440,#5441,#5442,#5443,#5444,#5445,#5446,#5447,#5448,
    #5449,#5450,#5451,#5452,#5453,#5454,#5455,#5456,#5457,#5458,#5459,
    #5460,#5461,#5462,#5463,#5464,#5465,#5466,#5467,#5468,#5469,#5470,
    #5471,#5472,#5473,#5474,#5475,#5476,#5477,#5478,#5479,#5480,#5481,
    #5482,#5483,#5484,#5485,#5486,#5487,#5488,#5489,#5490,#5491,#5492,
    #5493,#5494,#5495,#5496,#5497,#5498,#5499,#5500,#5501,#5502,#5503,
    #5504,#5505,#5506,#5507,#5508,#5509,#5510,#5511,#5512,#5513,#5514,
    #5515,#5516,#5517,#5518,#5519,#5520,#5521,#5522,#5523,#5524,#5525,
    #5526,#5527,#5528,#5529,#5530,#5531,#5532,#5533),.UNSPECIFIED.,.F.,
  .F.,(7,5,5,5,5,5,5,5,5,5,5,5,5,5,5,5,5,5,5,5,5,5,7),(0.,
    5.901655541546E-02,0.120264738869,0.15490632124,0.187717726653,
    0.221156146854,0.256044943212,0.293172663558,0.331040652305,
    0.367386811002,0.399944498392,0.499885398325,0.599826294201,
    0.63238397214,0.668730103858,0.706598024511,0.743725591426,
    0.778614073086,0.812051855841,0.844861946693,0.879500529679,
    0.940733680015,1.),.UNSPECIFIED.);
#5422 = CARTESIAN_POINT('',(-8.168828609942,2.,58.298602415936));
#5423 = CARTESIAN_POINT('',(-8.146471483564,2.106196350296,
    58.291678964051));
#5424 = CARTESIAN_POINT('',(-8.123845288321,2.213670777712,
    58.281370725471));
#5425 = CARTESIAN_POINT('',(-8.10083712591,2.322959549145,
    58.267471627134));
#5426 = CARTESIAN_POINT('',(-8.077390528974,2.434330884602,
    58.249648864199));
#5427 = CARTESIAN_POINT('',(-8.05355542853,2.547547611707,
    58.227572566993));
#5428 = CARTESIAN_POINT('',(-8.004454605205,2.780776522501,
    58.173633929368));
#5429 = CARTESIAN_POINT('',(-7.97915893409,2.900930960296,58.1414220207)
  );
#5430 = CARTESIAN_POINT('',(-7.953702188794,3.021850500453,
    58.104286002955));
#5431 = CARTESIAN_POINT('',(-7.928234858792,3.142820317963,
    58.062162993118));
#5432 = CARTESIAN_POINT('',(-7.902891351628,3.263201976993,
    58.015110245045));
#5433 = CARTESIAN_POINT('',(-7.86358235089,3.449919730498,
    57.933889018072));
#5434 = CARTESIAN_POINT('',(-7.849455229648,3.517023556399,
    57.90299976822));
#5435 = CARTESIAN_POINT('',(-7.835420795846,3.583687116956,
    57.870579081268));
#5436 = CARTESIAN_POINT('',(-7.821495871036,3.649830509803,
    57.836647147128));
#5437 = CARTESIAN_POINT('',(-7.807695298591,3.715383228916,
    57.801226712614));
#5438 = CARTESIAN_POINT('',(-7.781090558768,3.841755743078,
    57.729403837508));
#5439 = CARTESIAN_POINT('',(-7.768272442222,3.90264179667,
    57.693152404711));
#5440 = CARTESIAN_POINT('',(-7.755588650559,3.962889807071,
    57.655606964058));
#5441 = CARTESIAN_POINT('',(-7.743049270205,4.022451863751,
    57.616788878828));
#5442 = CARTESIAN_POINT('',(-7.73066347422,4.081284394682,
    57.576720516441));
#5443 = CARTESIAN_POINT('',(-7.705981974804,4.198521516905,
    57.493340841967));
#5444 = CARTESIAN_POINT('',(-7.693692606905,4.256896014428,
    57.449982277939));
#5445 = CARTESIAN_POINT('',(-7.681580260059,4.314429661946,
    57.405374018091));
#5446 = CARTESIAN_POINT('',(-7.669653143984,4.371083463303,
    57.359541701715));
#5447 = CARTESIAN_POINT('',(-7.657918903202,4.426821107015,
    57.312511817784));
#5448 = CARTESIAN_POINT('',(-7.6343501725,4.538772577851,57.214020264281
    ));
#5449 = CARTESIAN_POINT('',(-7.622533451473,4.594902002729,
    57.162454951655));
#5450 = CARTESIAN_POINT('',(-7.610942631245,4.649958398811,
    57.109646341314));
#5451 = CARTESIAN_POINT('',(-7.599585383049,4.703905327745,
    57.055626284372));
#5452 = CARTESIAN_POINT('',(-7.588468938618,4.756708438789,
    57.000427580919));
#5453 = CARTESIAN_POINT('',(-7.566033753517,4.86327556802,
    56.884124632712));
#5454 = CARTESIAN_POINT('',(-7.554747837257,4.916883670253,
    56.822868736631));
#5455 = CARTESIAN_POINT('',(-7.543750550213,4.969120783712,
    56.760356980794));
#5456 = CARTESIAN_POINT('',(-7.533049656738,5.01995002772,
    56.696631198372));
#5457 = CARTESIAN_POINT('',(-7.522652476736,5.06933663273,
    56.631734366678));
#5458 = CARTESIAN_POINT('',(-7.502278183817,5.166114524093,
    56.498370437649));
#5459 = CARTESIAN_POINT('',(-7.492313588407,5.213446352293,
    56.429857929933));
#5460 = CARTESIAN_POINT('',(-7.482679406911,5.259208714399,
    56.360219912904));
#5461 = CARTESIAN_POINT('',(-7.473382506801,5.303368989921,
    56.289504320635));
#5462 = CARTESIAN_POINT('',(-7.464429315543,5.345896648397,
    56.217760192381));
#5463 = CARTESIAN_POINT('',(-7.447568080932,5.425987512801,
    56.07523770874));
#5464 = CARTESIAN_POINT('',(-7.439632495451,5.463681543834,
    56.004536372535));
#5465 = CARTESIAN_POINT('',(-7.432024362577,5.499820174983,
    55.932978005885));
#5466 = CARTESIAN_POINT('',(-7.424748611518,5.534379992513,
    55.860607739433));
#5467 = CARTESIAN_POINT('',(-7.417809802265,5.567339336467,
    55.787471492551));
#5468 = CARTESIAN_POINT('',(-7.405302144942,5.626750708749,
    55.647458640821));
#5469 = CARTESIAN_POINT('',(-7.399665887067,5.653522933658,
    55.580724133117));
#5470 = CARTESIAN_POINT('',(-7.394306364669,5.67898066505,
    55.513446017042));
#5471 = CARTESIAN_POINT('',(-7.389226349404,5.703110737555,
    55.445658263027));
#5472 = CARTESIAN_POINT('',(-7.384428371886,5.725901130768,
    55.377395245112));
#5473 = CARTESIAN_POINT('',(-7.36605936831,5.813153897751,
    55.097795618243));
#5474 = CARTESIAN_POINT('',(-7.35488298484,5.866241719238,
    54.882744980469));
#5475 = CARTESIAN_POINT('',(-7.346452156772,5.906288152559,
    54.664552888587));
#5476 = CARTESIAN_POINT('',(-7.340811302293,5.933082211336,
    54.44425121266));
#5477 = CARTESIAN_POINT('',(-7.337982710958,5.946518020174,
    54.222887755979));
#5478 = CARTESIAN_POINT('',(-7.337950453822,5.946671241573,53.7801590114
    ));
#5479 = CARTESIAN_POINT('',(-7.340746787219,5.933388657935,
    53.558785906495));
#5480 = CARTESIAN_POINT('',(-7.346355537586,5.906747093694,
    53.338464926583));
#5481 = CARTESIAN_POINT('',(-7.35475456798,5.866851699319,
    53.120243947608));
#5482 = CARTESIAN_POINT('',(-7.365899611141,5.813912744307,
    52.905154984236));
#5483 = CARTESIAN_POINT('',(-7.384227868186,5.726853523344,
    52.625492338436));
#5484 = CARTESIAN_POINT('',(-7.389015896792,5.704110387465,
    52.557212869394));
#5485 = CARTESIAN_POINT('',(-7.394086032495,5.680027242875,
    52.489407692651));
#5486 = CARTESIAN_POINT('',(-7.399435749792,5.654616085713,
    52.422111190368));
#5487 = CARTESIAN_POINT('',(-7.405062282106,5.627890057224,
    52.355357341826));
#5488 = CARTESIAN_POINT('',(-7.417549532666,5.568575617064,
    52.215301591219));
#5489 = CARTESIAN_POINT('',(-7.424477681247,5.535666911303,
    52.142141552876));
#5490 = CARTESIAN_POINT('',(-7.431742883774,5.501157199297,
    52.06974632978));
#5491 = CARTESIAN_POINT('',(-7.439340587263,5.465068107727,
    51.998161855606));
#5492 = CARTESIAN_POINT('',(-7.447265869494,5.427423017127,
    51.927433276314));
#5493 = CARTESIAN_POINT('',(-7.464106328925,5.347430834831,
    51.784852957316));
#5494 = CARTESIAN_POINT('',(-7.473049058923,5.304952867343,
    51.713078138948));
#5495 = CARTESIAN_POINT('',(-7.482335649425,5.260841562459,
    51.642330657835));
#5496 = CARTESIAN_POINT('',(-7.491959680945,5.215127412739,
    51.572659572555));
#5497 = CARTESIAN_POINT('',(-7.501914294096,5.16784300027,
    51.504112837472));
#5498 = CARTESIAN_POINT('',(-7.522269142491,5.071157470393,
    51.370679023562));
#5499 = CARTESIAN_POINT('',(-7.532656852051,5.021815849983,
    51.305746572993));
#5500 = CARTESIAN_POINT('',(-7.543348450514,4.971030757282,
    51.241984092254));
#5501 = CARTESIAN_POINT('',(-7.554336626102,4.918836923241,
    51.179434579046));
#5502 = CARTESIAN_POINT('',(-7.565613623013,4.865271187914,
    51.118139887545));
#5503 = CARTESIAN_POINT('',(-7.588031844248,4.758784637047,
    51.001759992001));
#5504 = CARTESIAN_POINT('',(-7.599140218387,4.706019859888,
    50.94652324415));
#5505 = CARTESIAN_POINT('',(-7.610489579046,4.652110396759,
    50.89246425134));
#5506 = CARTESIAN_POINT('',(-7.622072702897,4.597090558464,
    50.839615831412));
#5507 = CARTESIAN_POINT('',(-7.633881928082,4.540996738837,
    50.788009853552));
#5508 = CARTESIAN_POINT('',(-7.657436275917,4.429113586619,
    50.689437504879));
#5509 = CARTESIAN_POINT('',(-7.669163608741,4.373408755707,
    50.642367535116));
#5510 = CARTESIAN_POINT('',(-7.681084016111,4.316786820696,
    50.596494356168));
#5511 = CARTESIAN_POINT('',(-7.693189864528,4.25928404072,
    50.551844472022));
#5512 = CARTESIAN_POINT('',(-7.705472957295,4.200939350075,
    50.508443537635));
#5513 = CARTESIAN_POINT('',(-7.730142240277,4.083760255908,
    50.424979343321));
#5514 = CARTESIAN_POINT('',(-7.74252207972,4.024956018555,
    50.384868806924));
#5515 = CARTESIAN_POINT('',(-7.75505574162,3.965421124531,
    50.346007809154));
#5516 = CARTESIAN_POINT('',(-7.767734071512,3.905199057546,
    50.308418734412));
#5517 = CARTESIAN_POINT('',(-7.78054700544,3.844337621385,
    50.272122966239));
#5518 = CARTESIAN_POINT('',(-7.807141083611,3.718015750072,
    50.200209272298));
#5519 = CARTESIAN_POINT('',(-7.820936199879,3.652488947798,
    50.164742140658));
#5520 = CARTESIAN_POINT('',(-7.834856029884,3.586369755279,
    50.130762644678));
#5521 = CARTESIAN_POINT('',(-7.848885771896,3.519728480719,
    50.098293563813));
#5522 = CARTESIAN_POINT('',(-7.863008652796,3.452644796446,
    50.067355138304));
#5523 = CARTESIAN_POINT('',(-7.902303325332,3.2659951019,49.986004103646
    ));
#5524 = CARTESIAN_POINT('',(-7.927637665392,3.145656986615,
    49.938867840024));
#5525 = CARTESIAN_POINT('',(-7.953097730221,3.024721678676,
    49.896657814409));
#5526 = CARTESIAN_POINT('',(-7.978549543879,2.9038255638,49.859432118393
    ));
#5527 = CARTESIAN_POINT('',(-8.003842759141,2.783682791305,
    49.827129574735));
#5528 = CARTESIAN_POINT('',(-8.05305092792,2.549943989608,
    49.772895376246));
#5529 = CARTESIAN_POINT('',(-8.076993442135,2.436217047088,
    49.750653414021));
#5530 = CARTESIAN_POINT('',(-8.100544833634,2.324347937458,
    49.732705113947));
#5531 = CARTESIAN_POINT('',(-8.123653689519,2.214580872017,
    49.718716609779));
#5532 = CARTESIAN_POINT('',(-8.146376893899,2.106645651205,
    49.708350328041));
#5533 = CARTESIAN_POINT('',(-8.168828609942,2.,49.701397584064));
#5534 = ORIENTED_EDGE('',*,*,#5535,.F.);
#5535 = EDGE_CURVE('',#5536,#5419,#5538,.T.);
#5536 = VERTEX_POINT('',#5537);
#5537 = CARTESIAN_POINT('',(-7.660281723793,4.415597712669,
    57.32119321241));
#5538 = B_SPLINE_CURVE_WITH_KNOTS('',8,(#5539,#5540,#5541,#5542,#5543,
    #5544,#5545,#5546,#5547,#5548,#5549,#5550,#5551,#5552,#5553,#5554,
    #5555,#5556,#5557,#5558,#5559,#5560,#5561,#5562,#5563,#5564,#5565,
    #5566,#5567,#5568,#5569,#5570,#5571,#5572,#5573,#5574,#5575,#5576,
    #5577,#5578,#5579,#5580,#5581,#5582,#5583,#5584,#5585,#5586,#5587,
    #5588,#5589,#5590,#5591,#5592,#5593,#5594,#5595,#5596,#5597,#5598,
    #5599,#5600,#5601,#5602,#5603,#5604,#5605,#5606,#5607,#5608,#5609,
    #5610,#5611,#5612,#5613,#5614,#5615,#5616,#5617,#5618,#5619,#5620,
    #5621,#5622,#5623,#5624,#5625,#5626,#5627,#5628,#5629,#5630,#5631,
    #5632,#5633,#5634,#5635,#5636,#5637,#5638,#5639,#5640,#5641,#5642,
    #5643,#5644,#5645),.UNSPECIFIED.,.F.,.F.,(9,7,7,7,7,7,7,7,7,7,7,7,7,
    7,7,9),(0.,8.922857795094E-02,0.151897409933,0.271397811037,
    0.374017109046,0.422939751642,0.448629958434,0.500101845782,
    0.551196580494,0.576880775243,0.626216284601,0.689775211458,
    0.84785088662,0.957453358201,0.985013656706,1.),.UNSPECIFIED.);
#5539 = CARTESIAN_POINT('',(-9.147561980989,3.674080590302,
    57.835784355243));
#5540 = CARTESIAN_POINT('',(-9.024780889252,3.703815682679,
    57.821813538995));
#5541 = CARTESIAN_POINT('',(-8.904288650819,3.742865609119,
    57.802699175482));
#5542 = CARTESIAN_POINT('',(-8.786188656066,3.788941769641,
    57.778914242021));
#5543 = CARTESIAN_POINT('',(-8.670447928146,3.840017381459,
    57.750881981032));
#5544 = CARTESIAN_POINT('',(-8.557020393989,3.894701598621,
    57.71892346735));
#5545 = CARTESIAN_POINT('',(-8.445748439737,3.951984172454,
    57.68327449229));
#5546 = CARTESIAN_POINT('',(-8.336359196081,4.011228160788,
    57.644036257564));
#5547 = CARTESIAN_POINT('',(-8.152644771931,4.114813527431,
    57.570997737999));
#5548 = CARTESIAN_POINT('',(-8.077686497782,4.158278575785,
    57.539099888681));
#5549 = CARTESIAN_POINT('',(-8.003509479816,4.202294607685,
    57.505456064182));
#5550 = CARTESIAN_POINT('',(-7.930075791146,4.246718557494,
    57.470074948513));
#5551 = CARTESIAN_POINT('',(-7.857359657986,4.291432116315,
    57.432957621271));
#5552 = CARTESIAN_POINT('',(-7.785343167484,4.336334689762,
    57.394098458788));
#5553 = CARTESIAN_POINT('',(-7.71401375901,4.381338988266,
    57.353485101565));
#5554 = CARTESIAN_POINT('',(-7.50864366842,4.512235447841,
    57.230270437929));
#5555 = CARTESIAN_POINT('',(-7.376436476204,4.59816807481,
    57.143018192229));
#5556 = CARTESIAN_POINT('',(-7.246670202945,4.683649212656,
    57.04920083623));
#5557 = CARTESIAN_POINT('',(-7.119416349542,4.768247244141,
    56.948630241217));
#5558 = CARTESIAN_POINT('',(-6.994842179294,4.851550536031,
    56.841082750293));
#5559 = CARTESIAN_POINT('',(-6.87319349402,4.933142034225,
    56.726302534568));
#5560 = CARTESIAN_POINT('',(-6.754794784205,5.012587441199,
    56.60398953604));
#5561 = CARTESIAN_POINT('',(-6.541521758025,5.155379639967,
    56.361938199112));
#5562 = CARTESIAN_POINT('',(-6.44573698218,5.219381767359,
    56.244333589738));
#5563 = CARTESIAN_POINT('',(-6.352936126847,5.2811294185,56.120703223868
    ));
#5564 = CARTESIAN_POINT('',(-6.263465121741,5.340270696825,
    55.990820323118));
#5565 = CARTESIAN_POINT('',(-6.177769962461,5.396389423981,
    55.854492839511));
#5566 = CARTESIAN_POINT('',(-6.096389480239,5.449006938487,
    55.711574572276));
#5567 = CARTESIAN_POINT('',(-6.019950184182,5.497584688001,55.5619747542
    ));
#5568 = CARTESIAN_POINT('',(-5.915416233935,5.5624769314,55.33114764751)
  );
#5569 = CARTESIAN_POINT('',(-5.882961010705,5.582368421457,
    55.255119739772));
#5570 = CARTESIAN_POINT('',(-5.851877216924,5.601136193991,
    55.177589249332));
#5571 = CARTESIAN_POINT('',(-5.822251617161,5.618709800642,
    55.098573953606));
#5572 = CARTESIAN_POINT('',(-5.794176173235,5.635015794374,
    55.018104215195));
#5573 = CARTESIAN_POINT('',(-5.767746187541,5.649979287772,
    54.936224654676));
#5574 = CARTESIAN_POINT('',(-5.743058446366,5.663525511355,
    54.852995823386));
#5575 = CARTESIAN_POINT('',(-5.708210876624,5.681912132703,
    54.724123352532));
#5576 = CARTESIAN_POINT('',(-5.696719523694,5.687831869486,
    54.67940088451));
#5577 = CARTESIAN_POINT('',(-5.685749313186,5.693329999285,
    54.634340319165));
#5578 = CARTESIAN_POINT('',(-5.67531417622,5.698396112346,
    54.588954927795));
#5579 = CARTESIAN_POINT('',(-5.665427825703,5.703020088447,
    54.543259481103));
#5580 = CARTESIAN_POINT('',(-5.65610361576,5.707192213256,
    54.497270324328));
#5581 = CARTESIAN_POINT('',(-5.647354401159,5.710903294685,
    54.451005452376));
#5582 = CARTESIAN_POINT('',(-5.62283932588,5.72063929015,54.311277205691
    ));
#5583 = CARTESIAN_POINT('',(-5.608841353506,5.725249525179,
    54.217029526118));
#5584 = CARTESIAN_POINT('',(-5.597299952276,5.727905120541,
    54.121914511797));
#5585 = CARTESIAN_POINT('',(-5.588302080514,5.728548412998,
    54.026119632378));
#5586 = CARTESIAN_POINT('',(-5.581916800601,5.727137148775,
    53.929847109205));
#5587 = CARTESIAN_POINT('',(-5.578191897345,5.723647192457,
    53.833314162934));
#5588 = CARTESIAN_POINT('',(-5.577150496374,5.718075235894,
    53.736753261135));
#5589 = CARTESIAN_POINT('',(-5.58041287241,5.702863713335,
    53.544777394343));
#5590 = CARTESIAN_POINT('',(-5.58467786638,5.693252712139,
    53.449339760358));
#5591 = CARTESIAN_POINT('',(-5.59157890282,5.681627411616,53.35434186498
    ));
#5592 = CARTESIAN_POINT('',(-5.60108560327,5.668026826768,
    53.260006756973));
#5593 = CARTESIAN_POINT('',(-5.613144220053,5.652507543279,
    53.166538888875));
#5594 = CARTESIAN_POINT('',(-5.62768088392,5.635141181287,
    53.074124873037));
#5595 = CARTESIAN_POINT('',(-5.644604851692,5.61601185917,
    52.982934237648));
#5596 = CARTESIAN_POINT('',(-5.67346663947,5.584758860555,
    52.847972640876));
#5597 = CARTESIAN_POINT('',(-5.683699002895,5.573881687166,
    52.803169940147));
#5598 = CARTESIAN_POINT('',(-5.694496037857,5.562593624392,
    52.75872984818));
#5599 = CARTESIAN_POINT('',(-5.7058443529,5.550906521269,52.714668309395
    ));
#5600 = CARTESIAN_POINT('',(-5.717730109212,5.538832485787,
    52.670999541874));
#5601 = CARTESIAN_POINT('',(-5.7301391584,5.52638378206,52.627736134186)
  );
#5602 = CARTESIAN_POINT('',(-5.74305718027,5.513572727487,
    52.584889142207));
#5603 = CARTESIAN_POINT('',(-5.78223350325,5.475131006605,
    52.460983852687));
#5604 = CARTESIAN_POINT('',(-5.809821624105,5.448559280923,
    52.381073526743));
#5605 = CARTESIAN_POINT('',(-5.839132915572,5.42078277309,
    52.302801626092));
#5606 = CARTESIAN_POINT('',(-5.87006629943,5.391886721398,
    52.226214294289));
#5607 = CARTESIAN_POINT('',(-5.902522758973,5.361953916763,
    52.151341439028));
#5608 = CARTESIAN_POINT('',(-5.936407211157,5.331063377268,
    52.078198770694));
#5609 = CARTESIAN_POINT('',(-5.971630378737,5.299289022704,
    52.006789840923));
#5610 = CARTESIAN_POINT('',(-6.055108204596,5.224711790833,
    51.847337083958));
#5611 = CARTESIAN_POINT('',(-6.104188117018,5.181373987081,
    51.760440168787));
#5612 = CARTESIAN_POINT('',(-6.155177488632,5.136827720009,
    51.676396281267));
#5613 = CARTESIAN_POINT('',(-6.207916801692,5.091204955284,
    51.595170802758));
#5614 = CARTESIAN_POINT('',(-6.262261068783,5.044626310694,
    51.516717520161));
#5615 = CARTESIAN_POINT('',(-6.318080969867,4.997200524765,
    51.440980595714));
#5616 = CARTESIAN_POINT('',(-6.375263989313,4.949023925362,
    51.367896536795));
#5617 = CARTESIAN_POINT('',(-6.579088844158,4.778701249477,
    51.122056613782));
#5618 = CARTESIAN_POINT('',(-6.732165914102,4.653213887517,
    50.96287041395));
#5619 = CARTESIAN_POINT('',(-6.891594204167,4.52490708756,
    50.818560457677));
#5620 = CARTESIAN_POINT('',(-7.05635345762,4.394794501798,
    50.688196459693));
#5621 = CARTESIAN_POINT('',(-7.225663273491,4.263775626,50.570939712012)
  );
#5622 = CARTESIAN_POINT('',(-7.399027593629,4.132695792192,
    50.466057970626));
#5623 = CARTESIAN_POINT('',(-7.576223779502,4.002364090904,
    50.372893147795));
#5624 = CARTESIAN_POINT('',(-7.883241612435,3.784739843441,
    50.234082221334));
#5625 = CARTESIAN_POINT('',(-8.010726978361,3.696646918393,
    50.182715865191));
#5626 = CARTESIAN_POINT('',(-8.140157493232,3.60986239049,
    50.136576874583));
#5627 = CARTESIAN_POINT('',(-8.271678451226,3.524827260935,
    50.095534485143));
#5628 = CARTESIAN_POINT('',(-8.405444842693,3.442212439363,
    50.059535217532));
#5629 = CARTESIAN_POINT('',(-8.541636577436,3.362955523674,
    50.028563856642));
#5630 = CARTESIAN_POINT('',(-8.68054840888,3.288425599465,
    50.002633623478));
#5631 = CARTESIAN_POINT('',(-8.858630929635,3.203907625828,
    49.976609463264));
#5632 = CARTESIAN_POINT('',(-8.894616017606,3.1873731506,49.971706794911
    ));
#5633 = CARTESIAN_POINT('',(-8.930810386018,3.171323792659,
    49.967132256362));
#5634 = CARTESIAN_POINT('',(-8.967218654375,3.155802002779,
    49.962888202052));
#5635 = CARTESIAN_POINT('',(-9.003843456191,3.140855223922,
    49.958977450963));
#5636 = CARTESIAN_POINT('',(-9.0406853846,3.126535715879,49.955403125646
    ));
#5637 = CARTESIAN_POINT('',(-9.077742937966,3.112900379918,
    49.95216849124));
#5638 = CARTESIAN_POINT('',(-9.135278353901,3.093001555032,
    49.947704389157));
#5639 = CARTESIAN_POINT('',(-9.155606434206,3.086213021341,
    49.946233402648));
#5640 = CARTESIAN_POINT('',(-9.175995899749,3.07965505193,
    49.944864406151));
#5641 = CARTESIAN_POINT('',(-9.196445447684,3.073337987174,
    49.943597947704));
#5642 = CARTESIAN_POINT('',(-9.216953278979,3.067272438257,
    49.942434552198));
#5643 = CARTESIAN_POINT('',(-9.237517098413,3.061469287174,
    49.941374721373));
#5644 = CARTESIAN_POINT('',(-9.25813411458,3.055939686731,
    49.940418933816));
#5645 = CARTESIAN_POINT('',(-9.278801039886,3.050695060543,
    49.939567644968));
#5646 = ORIENTED_EDGE('',*,*,#5647,.F.);
#5647 = EDGE_CURVE('',#5275,#5536,#5648,.T.);
#5648 = B_SPLINE_CURVE_WITH_KNOTS('',6,(#5649,#5650,#5651,#5652,#5653,
    #5654,#5655,#5656,#5657,#5658,#5659,#5660,#5661,#5662,#5663,#5664,
    #5665,#5666,#5667,#5668,#5669,#5670,#5671,#5672,#5673,#5674,#5675,
    #5676,#5677,#5678,#5679,#5680,#5681,#5682,#5683,#5684,#5685,#5686,
    #5687,#5688,#5689,#5690,#5691,#5692,#5693,#5694,#5695,#5696,#5697,
    #5698,#5699,#5700,#5701,#5702,#5703,#5704,#5705,#5706,#5707,#5708,
    #5709,#5710,#5711,#5712,#5713,#5714,#5715,#5716,#5717,#5718,#5719,
    #5720,#5721,#5722,#5723,#5724,#5725,#5726,#5727,#5728,#5729,#5730,
    #5731,#5732,#5733,#5734,#5735,#5736,#5737,#5738,#5739,#5740,#5741,
    #5742,#5743,#5744,#5745,#5746,#5747,#5748,#5749,#5750,#5751,#5752,
    #5753,#5754,#5755,#5756,#5757,#5758,#5759,#5760),.UNSPECIFIED.,.F.,
  .F.,(7,5,5,5,5,5,5,5,5,5,5,5,5,5,5,5,5,5,5,5,5,5,7),(0.,
    5.901655541546E-02,0.120264738869,0.15490632124,0.187717726653,
    0.221156146854,0.256044943212,0.293172663558,0.331040652305,
    0.367386811002,0.399944498392,0.499885398325,0.599826294201,
    0.63238397214,0.668730103858,0.706598024511,0.743725591426,
    0.778614073086,0.812051855841,0.844861946693,0.879500529679,
    0.940733680015,1.),.UNSPECIFIED.);
#5649 = CARTESIAN_POINT('',(-8.168828609942,2.,58.298602415936));
#5650 = CARTESIAN_POINT('',(-8.146471483564,2.106196350296,
    58.291678964051));
#5651 = CARTESIAN_POINT('',(-8.123845288321,2.213670777712,
    58.281370725471));
#5652 = CARTESIAN_POINT('',(-8.10083712591,2.322959549145,
    58.267471627134));
#5653 = CARTESIAN_POINT('',(-8.077390528974,2.434330884602,
    58.249648864199));
#5654 = CARTESIAN_POINT('',(-8.05355542853,2.547547611707,
    58.227572566993));
#5655 = CARTESIAN_POINT('',(-8.004454605205,2.780776522501,
    58.173633929368));
#5656 = CARTESIAN_POINT('',(-7.97915893409,2.900930960296,58.1414220207)
  );
#5657 = CARTESIAN_POINT('',(-7.953702188794,3.021850500453,
    58.104286002955));
#5658 = CARTESIAN_POINT('',(-7.928234858792,3.142820317963,
    58.062162993118));
#5659 = CARTESIAN_POINT('',(-7.902891351628,3.263201976993,
    58.015110245045));
#5660 = CARTESIAN_POINT('',(-7.86358235089,3.449919730498,
    57.933889018072));
#5661 = CARTESIAN_POINT('',(-7.849455229648,3.517023556399,
    57.90299976822));
#5662 = CARTESIAN_POINT('',(-7.835420795846,3.583687116956,
    57.870579081268));
#5663 = CARTESIAN_POINT('',(-7.821495871036,3.649830509803,
    57.836647147128));
#5664 = CARTESIAN_POINT('',(-7.807695298591,3.715383228916,
    57.801226712614));
#5665 = CARTESIAN_POINT('',(-7.781090558768,3.841755743078,
    57.729403837508));
#5666 = CARTESIAN_POINT('',(-7.768272442222,3.90264179667,
    57.693152404711));
#5667 = CARTESIAN_POINT('',(-7.755588650559,3.962889807071,
    57.655606964058));
#5668 = CARTESIAN_POINT('',(-7.743049270205,4.022451863751,
    57.616788878828));
#5669 = CARTESIAN_POINT('',(-7.73066347422,4.081284394682,
    57.576720516441));
#5670 = CARTESIAN_POINT('',(-7.705981974804,4.198521516905,
    57.493340841967));
#5671 = CARTESIAN_POINT('',(-7.693692606905,4.256896014428,
    57.449982277939));
#5672 = CARTESIAN_POINT('',(-7.681580260059,4.314429661946,
    57.405374018091));
#5673 = CARTESIAN_POINT('',(-7.669653143984,4.371083463303,
    57.359541701715));
#5674 = CARTESIAN_POINT('',(-7.657918903202,4.426821107015,
    57.312511817784));
#5675 = CARTESIAN_POINT('',(-7.6343501725,4.538772577851,57.214020264281
    ));
#5676 = CARTESIAN_POINT('',(-7.622533451473,4.594902002729,
    57.162454951655));
#5677 = CARTESIAN_POINT('',(-7.610942631245,4.649958398811,
    57.109646341314));
#5678 = CARTESIAN_POINT('',(-7.599585383049,4.703905327745,
    57.055626284372));
#5679 = CARTESIAN_POINT('',(-7.588468938618,4.756708438789,
    57.000427580919));
#5680 = CARTESIAN_POINT('',(-7.566033753517,4.86327556802,
    56.884124632712));
#5681 = CARTESIAN_POINT('',(-7.554747837257,4.916883670253,
    56.822868736631));
#5682 = CARTESIAN_POINT('',(-7.543750550213,4.969120783712,
    56.760356980794));
#5683 = CARTESIAN_POINT('',(-7.533049656738,5.01995002772,
    56.696631198372));
#5684 = CARTESIAN_POINT('',(-7.522652476736,5.06933663273,
    56.631734366678));
#5685 = CARTESIAN_POINT('',(-7.502278183817,5.166114524093,
    56.498370437649));
#5686 = CARTESIAN_POINT('',(-7.492313588407,5.213446352293,
    56.429857929933));
#5687 = CARTESIAN_POINT('',(-7.482679406911,5.259208714399,
    56.360219912904));
#5688 = CARTESIAN_POINT('',(-7.473382506801,5.303368989921,
    56.289504320635));
#5689 = CARTESIAN_POINT('',(-7.464429315543,5.345896648397,
    56.217760192381));
#5690 = CARTESIAN_POINT('',(-7.447568080932,5.425987512801,
    56.07523770874));
#5691 = CARTESIAN_POINT('',(-7.439632495451,5.463681543834,
    56.004536372535));
#5692 = CARTESIAN_POINT('',(-7.432024362577,5.499820174983,
    55.932978005885));
#5693 = CARTESIAN_POINT('',(-7.424748611518,5.534379992513,
    55.860607739433));
#5694 = CARTESIAN_POINT('',(-7.417809802265,5.567339336467,
    55.787471492551));
#5695 = CARTESIAN_POINT('',(-7.405302144942,5.626750708749,
    55.647458640821));
#5696 = CARTESIAN_POINT('',(-7.399665887067,5.653522933658,
    55.580724133117));
#5697 = CARTESIAN_POINT('',(-7.394306364669,5.67898066505,
    55.513446017042));
#5698 = CARTESIAN_POINT('',(-7.389226349404,5.703110737555,
    55.445658263027));
#5699 = CARTESIAN_POINT('',(-7.384428371886,5.725901130768,
    55.377395245112));
#5700 = CARTESIAN_POINT('',(-7.36605936831,5.813153897751,
    55.097795618243));
#5701 = CARTESIAN_POINT('',(-7.35488298484,5.866241719238,
    54.882744980469));
#5702 = CARTESIAN_POINT('',(-7.346452156772,5.906288152559,
    54.664552888587));
#5703 = CARTESIAN_POINT('',(-7.340811302293,5.933082211336,
    54.44425121266));
#5704 = CARTESIAN_POINT('',(-7.337982710958,5.946518020174,
    54.222887755979));
#5705 = CARTESIAN_POINT('',(-7.337950453822,5.946671241573,53.7801590114
    ));
#5706 = CARTESIAN_POINT('',(-7.340746787219,5.933388657935,
    53.558785906495));
#5707 = CARTESIAN_POINT('',(-7.346355537586,5.906747093694,
    53.338464926583));
#5708 = CARTESIAN_POINT('',(-7.35475456798,5.866851699319,
    53.120243947608));
#5709 = CARTESIAN_POINT('',(-7.365899611141,5.813912744307,
    52.905154984236));
#5710 = CARTESIAN_POINT('',(-7.384227868186,5.726853523344,
    52.625492338436));
#5711 = CARTESIAN_POINT('',(-7.389015896792,5.704110387465,
    52.557212869394));
#5712 = CARTESIAN_POINT('',(-7.394086032495,5.680027242875,
    52.489407692651));
#5713 = CARTESIAN_POINT('',(-7.399435749792,5.654616085713,
    52.422111190368));
#5714 = CARTESIAN_POINT('',(-7.405062282106,5.627890057224,
    52.355357341826));
#5715 = CARTESIAN_POINT('',(-7.417549532666,5.568575617064,
    52.215301591219));
#5716 = CARTESIAN_POINT('',(-7.424477681247,5.535666911303,
    52.142141552876));
#5717 = CARTESIAN_POINT('',(-7.431742883774,5.501157199297,
    52.06974632978));
#5718 = CARTESIAN_POINT('',(-7.439340587263,5.465068107727,
    51.998161855606));
#5719 = CARTESIAN_POINT('',(-7.447265869494,5.427423017127,
    51.927433276314));
#5720 = CARTESIAN_POINT('',(-7.464106328925,5.347430834831,
    51.784852957316));
#5721 = CARTESIAN_POINT('',(-7.473049058923,5.304952867343,
    51.713078138948));
#5722 = CARTESIAN_POINT('',(-7.482335649425,5.260841562459,
    51.642330657835));
#5723 = CARTESIAN_POINT('',(-7.491959680945,5.215127412739,
    51.572659572555));
#5724 = CARTESIAN_POINT('',(-7.501914294096,5.16784300027,
    51.504112837472));
#5725 = CARTESIAN_POINT('',(-7.522269142491,5.071157470393,
    51.370679023562));
#5726 = CARTESIAN_POINT('',(-7.532656852051,5.021815849983,
    51.305746572993));
#5727 = CARTESIAN_POINT('',(-7.543348450514,4.971030757282,
    51.241984092254));
#5728 = CARTESIAN_POINT('',(-7.554336626102,4.918836923241,
    51.179434579046));
#5729 = CARTESIAN_POINT('',(-7.565613623013,4.865271187914,
    51.118139887545));
#5730 = CARTESIAN_POINT('',(-7.588031844248,4.758784637047,
    51.001759992001));
#5731 = CARTESIAN_POINT('',(-7.599140218387,4.706019859888,
    50.94652324415));
#5732 = CARTESIAN_POINT('',(-7.610489579046,4.652110396759,
    50.89246425134));
#5733 = CARTESIAN_POINT('',(-7.622072702897,4.597090558464,
    50.839615831412));
#5734 = CARTESIAN_POINT('',(-7.633881928082,4.540996738837,
    50.788009853552));
#5735 = CARTESIAN_POINT('',(-7.657436275917,4.429113586619,
    50.689437504879));
#5736 = CARTESIAN_POINT('',(-7.669163608741,4.373408755707,
    50.642367535116));
#5737 = CARTESIAN_POINT('',(-7.681084016111,4.316786820696,
    50.596494356168));
#5738 = CARTESIAN_POINT('',(-7.693189864528,4.25928404072,
    50.551844472022));
#5739 = CARTESIAN_POINT('',(-7.705472957295,4.200939350075,
    50.508443537635));
#5740 = CARTESIAN_POINT('',(-7.730142240277,4.083760255908,
    50.424979343321));
#5741 = CARTESIAN_POINT('',(-7.74252207972,4.024956018555,
    50.384868806924));
#5742 = CARTESIAN_POINT('',(-7.75505574162,3.965421124531,
    50.346007809154));
#5743 = CARTESIAN_POINT('',(-7.767734071512,3.905199057546,
    50.308418734412));
#5744 = CARTESIAN_POINT('',(-7.78054700544,3.844337621385,
    50.272122966239));
#5745 = CARTESIAN_POINT('',(-7.807141083611,3.718015750072,
    50.200209272298));
#5746 = CARTESIAN_POINT('',(-7.820936199879,3.652488947798,
    50.164742140658));
#5747 = CARTESIAN_POINT('',(-7.834856029884,3.586369755279,
    50.130762644678));
#5748 = CARTESIAN_POINT('',(-7.848885771896,3.519728480719,
    50.098293563813));
#5749 = CARTESIAN_POINT('',(-7.863008652796,3.452644796446,
    50.067355138304));
#5750 = CARTESIAN_POINT('',(-7.902303325332,3.2659951019,49.986004103646
    ));
#5751 = CARTESIAN_POINT('',(-7.927637665392,3.145656986615,
    49.938867840024));
#5752 = CARTESIAN_POINT('',(-7.953097730221,3.024721678676,
    49.896657814409));
#5753 = CARTESIAN_POINT('',(-7.978549543879,2.9038255638,49.859432118393
    ));
#5754 = CARTESIAN_POINT('',(-8.003842759141,2.783682791305,
    49.827129574735));
#5755 = CARTESIAN_POINT('',(-8.05305092792,2.549943989608,
    49.772895376246));
#5756 = CARTESIAN_POINT('',(-8.076993442135,2.436217047088,
    49.750653414021));
#5757 = CARTESIAN_POINT('',(-8.100544833634,2.324347937458,
    49.732705113947));
#5758 = CARTESIAN_POINT('',(-8.123653689519,2.214580872017,
    49.718716609779));
#5759 = CARTESIAN_POINT('',(-8.146376893899,2.106645651205,
    49.708350328041));
#5760 = CARTESIAN_POINT('',(-8.168828609942,2.,49.701397584064));
#5761 = CONICAL_SURFACE('',#5762,5.,8.221842814688E-02);
#5762 = AXIS2_PLACEMENT_3D('',#5763,#5764,#5765);
#5763 = CARTESIAN_POINT('',(0.,0.,54.));
#5764 = DIRECTION('',(0.978549784987,-0.20601048105,-0.));
#5765 = DIRECTION('',(-0.20601048105,-0.978549784987,0.));
#5766 = ADVANCED_FACE('',(#5767),#5788,.T.);
#5767 = FACE_BOUND('',#5768,.T.);
#5768 = EDGE_LOOP('',(#5769,#5770));
#5769 = ORIENTED_EDGE('',*,*,#3751,.F.);
#5770 = ORIENTED_EDGE('',*,*,#5771,.T.);
#5771 = EDGE_CURVE('',#3752,#3732,#5772,.T.);
#5772 = B_SPLINE_CURVE_WITH_KNOTS('',14,(#5773,#5774,#5775,#5776,#5777,
    #5778,#5779,#5780,#5781,#5782,#5783,#5784,#5785,#5786,#5787),
  .UNSPECIFIED.,.T.,.F.,(15,15),(0.,1.),.PIECEWISE_BEZIER_KNOTS.);
#5773 = CARTESIAN_POINT('',(7.,-2.68036448894E-15,54.));
#5774 = CARTESIAN_POINT('',(7.000000000001,3.141592653592,
    54.000000000004));
#5775 = CARTESIAN_POINT('',(5.4815994716,6.283186466812,53.999999999986)
  );
#5776 = CARTESIAN_POINT('',(2.444796473688,8.629735426014,
    54.000000000025));
#5777 = CARTESIAN_POINT('',(-1.656274303174,9.386283170777,
    53.999999999983));
#5778 = CARTESIAN_POINT('',(-5.913429622821,8.042838027079,
    53.999999999969));
#5779 = CARTESIAN_POINT('',(-9.16329191161,4.661196716839,
    54.000000000112));
#5780 = CARTESIAN_POINT('',(-10.38680021434,1.058086951389E-10,
    53.999999999813));
#5781 = CARTESIAN_POINT('',(-9.163291911608,-4.661196717034,
    54.000000000216));
#5782 = CARTESIAN_POINT('',(-5.913429622823,-8.04283802693,
    53.999999999813));
#5783 = CARTESIAN_POINT('',(-1.656274303172,-9.386283170872,
    54.000000000125));
#5784 = CARTESIAN_POINT('',(2.444796473687,-8.629735425967,
    53.999999999937));
#5785 = CARTESIAN_POINT('',(5.4815994716,-6.28318646683,54.000000000023)
  );
#5786 = CARTESIAN_POINT('',(7.000000000001,-3.141592653588,
    53.999999999995));
#5787 = CARTESIAN_POINT('',(7.,1.764458431842E-15,54.));
#5788 = SPHERICAL_SURFACE('',#5789,7.);
#5789 = AXIS2_PLACEMENT_3D('',#5790,#5791,#5792);
#5790 = CARTESIAN_POINT('',(0.,0.,54.));
#5791 = DIRECTION('',(0.,0.,1.));
#5792 = DIRECTION('',(1.,0.,-0.));
#5793 = ADVANCED_FACE('',(#5794),#5812,.T.);
#5794 = FACE_BOUND('',#5795,.T.);
#5795 = EDGE_LOOP('',(#5796,#5797,#5798,#5799,#5800,#5801,#5802,#5811));
#5796 = ORIENTED_EDGE('',*,*,#5156,.T.);
#5797 = ORIENTED_EDGE('',*,*,#3731,.F.);
#5798 = ORIENTED_EDGE('',*,*,#5771,.F.);
#5799 = ORIENTED_EDGE('',*,*,#5343,.T.);
#5800 = ORIENTED_EDGE('',*,*,#5246,.F.);
#5801 = ORIENTED_EDGE('',*,*,#5165,.T.);
#5802 = ORIENTED_EDGE('',*,*,#5803,.F.);
#5803 = EDGE_CURVE('',#5804,#5157,#5806,.T.);
#5804 = VERTEX_POINT('',#5805);
#5805 = CARTESIAN_POINT('',(4.286263797016E-16,-1.049831847863E-31,47.)
  );
#5806 = CIRCLE('',#5807,7.);
#5807 = AXIS2_PLACEMENT_3D('',#5808,#5809,#5810);
#5808 = CARTESIAN_POINT('',(0.,0.,54.));
#5809 = DIRECTION('',(-2.449293598295E-16,-1.,0.));
#5810 = DIRECTION('',(1.,-2.449293598295E-16,0.));
#5811 = ORIENTED_EDGE('',*,*,#5803,.T.);
#5812 = SPHERICAL_SURFACE('',#5813,7.);
#5813 = AXIS2_PLACEMENT_3D('',#5814,#5815,#5816);
#5814 = CARTESIAN_POINT('',(0.,0.,54.));
#5815 = DIRECTION('',(0.,0.,1.));
#5816 = DIRECTION('',(1.,0.,-0.));
#5817 = ADVANCED_FACE('',(#5818),#5848,.T.);
#5818 = FACE_BOUND('',#5819,.T.);
#5819 = EDGE_LOOP('',(#5820,#5829,#5830,#5831,#5840,#5847));
#5820 = ORIENTED_EDGE('',*,*,#5821,.T.);
#5821 = EDGE_CURVE('',#4424,#5822,#5824,.T.);
#5822 = VERTEX_POINT('',#5823);
#5823 = CARTESIAN_POINT('',(-16.,-2.,97.));
#5824 = CIRCLE('',#5825,4.);
#5825 = AXIS2_PLACEMENT_3D('',#5826,#5827,#5828);
#5826 = CARTESIAN_POINT('',(-16.,-2.,93.));
#5827 = DIRECTION('',(-2.449293598295E-16,-1.,0.));
#5828 = DIRECTION('',(1.,-2.449293598295E-16,0.));
#5829 = ORIENTED_EDGE('',*,*,#5821,.F.);
#5830 = ORIENTED_EDGE('',*,*,#4656,.T.);
#5831 = ORIENTED_EDGE('',*,*,#5832,.T.);
#5832 = EDGE_CURVE('',#4573,#5833,#5835,.T.);
#5833 = VERTEX_POINT('',#5834);
#5834 = CARTESIAN_POINT('',(-15.94648826239,-3.395455348615,
    89.251688264837));
#5835 = CIRCLE('',#5836,3.125083567346);
#5836 = AXIS2_PLACEMENT_3D('',#5837,#5838,#5839);
#5837 = CARTESIAN_POINT('',(-15.94648826239,-0.715718297356,
    90.859530495593));
#5838 = DIRECTION('',(-2.143239898445E-02,-0.514377575627,0.857295959378
    ));
#5839 = DIRECTION('',(0.,-0.857492925713,-0.514495755428));
#5840 = ORIENTED_EDGE('',*,*,#5841,.T.);
#5841 = EDGE_CURVE('',#5833,#4422,#5842,.T.);
#5842 = CIRCLE('',#5843,3.125083567346);
#5843 = AXIS2_PLACEMENT_3D('',#5844,#5845,#5846);
#5844 = CARTESIAN_POINT('',(-15.94648826239,-0.715718297356,
    90.859530495593));
#5845 = DIRECTION('',(-2.143239898445E-02,-0.514377575627,0.857295959378
    ));
#5846 = DIRECTION('',(0.,-0.857492925713,-0.514495755428));
#5847 = ORIENTED_EDGE('',*,*,#4421,.T.);
#5848 = SPHERICAL_SURFACE('',#5849,4.);
#5849 = AXIS2_PLACEMENT_3D('',#5850,#5851,#5852);
#5850 = CARTESIAN_POINT('',(-16.,-2.,93.));
#5851 = DIRECTION('',(0.,0.,1.));
#5852 = DIRECTION('',(1.,0.,-0.));
#5853 = ADVANCED_FACE('',(#5854),#5885,.T.);
#5854 = FACE_BOUND('',#5855,.T.);
#5855 = EDGE_LOOP('',(#5856,#5867,#5873,#5874,#5875,#5876,#5877,#5878));
#5856 = ORIENTED_EDGE('',*,*,#5857,.T.);
#5857 = EDGE_CURVE('',#5858,#5860,#5862,.T.);
#5858 = VERTEX_POINT('',#5859);
#5859 = CARTESIAN_POINT('',(-13.18324886723,10.,74.905954928331));
#5860 = VERTEX_POINT('',#5861);
#5861 = CARTESIAN_POINT('',(-15.53395564814,7.000568711067,
    73.047528485449));
#5862 = CIRCLE('',#5863,2.547537907396);
#5863 = AXIS2_PLACEMENT_3D('',#5864,#5865,#5866);
#5864 = CARTESIAN_POINT('',(-15.53395564814,9.185064444643,
    74.358225925594));
#5865 = DIRECTION('',(-2.143239898445E-02,-0.514377575627,0.857295959378
    ));
#5866 = DIRECTION('',(0.,-0.857492925713,-0.514495755428));
#5867 = ORIENTED_EDGE('',*,*,#5868,.F.);
#5868 = EDGE_CURVE('',#5833,#5860,#5869,.T.);
#5869 = LINE('',#5870,#5871);
#5870 = CARTESIAN_POINT('',(-16.,-4.74397736228,91.353613582632));
#5871 = VECTOR('',#5872,1.);
#5872 = DIRECTION('',(2.142275746905E-02,0.539863987428,-0.84147961386)
  );
#5873 = ORIENTED_EDGE('',*,*,#5832,.F.);
#5874 = ORIENTED_EDGE('',*,*,#4572,.T.);
#5875 = ORIENTED_EDGE('',*,*,#4520,.T.);
#5876 = ORIENTED_EDGE('',*,*,#5841,.F.);
#5877 = ORIENTED_EDGE('',*,*,#5868,.T.);
#5878 = ORIENTED_EDGE('',*,*,#5879,.T.);
#5879 = EDGE_CURVE('',#5860,#5858,#5880,.T.);
#5880 = CIRCLE('',#5881,2.547537907396);
#5881 = AXIS2_PLACEMENT_3D('',#5882,#5883,#5884);
#5882 = CARTESIAN_POINT('',(-15.53395564814,9.185064444643,
    74.358225925594));
#5883 = DIRECTION('',(-2.143239898445E-02,-0.514377575627,0.857295959378
    ));
#5884 = DIRECTION('',(0.,-0.857492925713,-0.514495755428));
#5885 = CONICAL_SURFACE('',#5886,3.2,2.999635861587E-02);
#5886 = AXIS2_PLACEMENT_3D('',#5887,#5888,#5889);
#5887 = CARTESIAN_POINT('',(-16.,-2.,93.));
#5888 = DIRECTION('',(-2.143239898445E-02,-0.514377575627,0.857295959378
    ));
#5889 = DIRECTION('',(0.,-0.857492925713,-0.514495755428));
#5890 = ADVANCED_FACE('',(#5891),#5921,.T.);
#5891 = FACE_BOUND('',#5892,.T.);
#5892 = EDGE_LOOP('',(#5893,#5894,#5903,#5912,#5919,#5920));
#5893 = ORIENTED_EDGE('',*,*,#4804,.F.);
#5894 = ORIENTED_EDGE('',*,*,#5895,.F.);
#5895 = EDGE_CURVE('',#5896,#4805,#5898,.T.);
#5896 = VERTEX_POINT('',#5897);
#5897 = CARTESIAN_POINT('',(16.818333511063,10.,70.305190776027));
#5898 = CIRCLE('',#5899,3.);
#5899 = AXIS2_PLACEMENT_3D('',#5900,#5901,#5902);
#5900 = CARTESIAN_POINT('',(15.5,10.,73.));
#5901 = DIRECTION('',(-2.449293598295E-16,-1.,0.));
#5902 = DIRECTION('',(1.,-2.449293598295E-16,0.));
#5903 = ORIENTED_EDGE('',*,*,#5904,.T.);
#5904 = EDGE_CURVE('',#5896,#5905,#5907,.T.);
#5905 = VERTEX_POINT('',#5906);
#5906 = CARTESIAN_POINT('',(15.210955987428,9.361986299538,
    70.082913769389));
#5907 = CIRCLE('',#5908,2.463869498428);
#5908 = AXIS2_PLACEMENT_3D('',#5909,#5910,#5911);
#5909 = CARTESIAN_POINT('',(15.210955987428,11.15617605029,
    71.771562946567));
#5910 = DIRECTION('',(0.168880132368,-0.675520529473,0.717740562565));
#5911 = DIRECTION('',(0.,-0.728199992693,-0.685364699005));
#5912 = ORIENTED_EDGE('',*,*,#5913,.T.);
#5913 = EDGE_CURVE('',#5905,#5896,#5914,.T.);
#5914 = CIRCLE('',#5915,2.463869498428);
#5915 = AXIS2_PLACEMENT_3D('',#5916,#5917,#5918);
#5916 = CARTESIAN_POINT('',(15.210955987428,11.15617605029,
    71.771562946567));
#5917 = DIRECTION('',(0.168880132368,-0.675520529473,0.717740562565));
#5918 = DIRECTION('',(0.,-0.728199992693,-0.685364699005));
#5919 = ORIENTED_EDGE('',*,*,#5895,.T.);
#5920 = ORIENTED_EDGE('',*,*,#4826,.F.);
#5921 = SPHERICAL_SURFACE('',#5922,3.);
#5922 = AXIS2_PLACEMENT_3D('',#5923,#5924,#5925);
#5923 = CARTESIAN_POINT('',(15.5,10.,73.));
#5924 = DIRECTION('',(0.,0.,1.));
#5925 = DIRECTION('',(1.,0.,-0.));
#5926 = ADVANCED_FACE('',(#5927,#5931),#5950,.T.);
#5927 = FACE_BOUND('',#5928,.T.);
#5928 = VERTEX_LOOP('',#5929);
#5929 = VERTEX_POINT('',#5930);
#5930 = CARTESIAN_POINT('',(9.5,2.,58.5));
#5931 = FACE_BOUND('',#5932,.T.);
#5932 = EDGE_LOOP('',(#5933,#5942,#5943));
#5933 = ORIENTED_EDGE('',*,*,#5934,.T.);
#5934 = EDGE_CURVE('',#5935,#4842,#5937,.T.);
#5935 = VERTEX_POINT('',#5936);
#5936 = CARTESIAN_POINT('',(9.5,4.451324012711,57.773726352653));
#5937 = CIRCLE('',#5938,3.954946106855);
#5938 = AXIS2_PLACEMENT_3D('',#5939,#5940,#5941);
#5939 = CARTESIAN_POINT('',(9.5,4.140059924399,53.831047900705));
#5940 = DIRECTION('',(0.,-0.996898148653,7.870248542001E-02));
#5941 = DIRECTION('',(0.,-7.870248542001E-02,-0.996898148653));
#5942 = ORIENTED_EDGE('',*,*,#4841,.T.);
#5943 = ORIENTED_EDGE('',*,*,#5944,.T.);
#5944 = EDGE_CURVE('',#4844,#5935,#5945,.T.);
#5945 = CIRCLE('',#5946,3.954946106855);
#5946 = AXIS2_PLACEMENT_3D('',#5947,#5948,#5949);
#5947 = CARTESIAN_POINT('',(9.5,4.140059924399,53.831047900705));
#5948 = DIRECTION('',(0.,-0.996898148653,7.870248542001E-02));
#5949 = DIRECTION('',(0.,-7.870248542001E-02,-0.996898148653));
#5950 = SPHERICAL_SURFACE('',#5951,4.5);
#5951 = AXIS2_PLACEMENT_3D('',#5952,#5953,#5954);
#5952 = CARTESIAN_POINT('',(9.5,2.,54.));
#5953 = DIRECTION('',(0.,0.,1.));
#5954 = DIRECTION('',(1.,0.,-0.));
#5955 = ADVANCED_FACE('',(#5956),#6511,.T.);
#5956 = FACE_BOUND('',#5957,.T.);
#5957 = EDGE_LOOP('',(#5958,#5969,#5977,#6040,#6050,#6123,#6134,#6207,
    #6286,#6292,#6293,#6294,#6295,#6296,#6297,#6318,#6326,#6337,#6356,
    #6357,#6366));
#5958 = ORIENTED_EDGE('',*,*,#5959,.T.);
#5959 = EDGE_CURVE('',#5960,#5962,#5964,.T.);
#5960 = VERTEX_POINT('',#5961);
#5961 = CARTESIAN_POINT('',(11.827435135737,37.845661784932,
    48.906707731918));
#5962 = VERTEX_POINT('',#5963);
#5963 = CARTESIAN_POINT('',(9.5,38.278365446995,54.387620767721));
#5964 = CIRCLE('',#5965,3.241615953375);
#5965 = AXIS2_PLACEMENT_3D('',#5966,#5967,#5968);
#5966 = CARTESIAN_POINT('',(9.5,38.023242214687,51.156059825156));
#5967 = DIRECTION('',(0.,-0.996898148653,7.870248542001E-02));
#5968 = DIRECTION('',(0.,-7.870248542001E-02,-0.996898148653));
#5969 = ORIENTED_EDGE('',*,*,#5970,.F.);
#5970 = EDGE_CURVE('',#5971,#5962,#5973,.T.);
#5971 = VERTEX_POINT('',#5972);
#5972 = CARTESIAN_POINT('',(9.5,37.222013943122,54.49336213839));
#5973 = LINE('',#5974,#5975);
#5974 = CARTESIAN_POINT('',(9.5,2.31480994168,57.987592594614));
#5975 = VECTOR('',#5976,1.);
#5976 = DIRECTION('',(5.139281445681E-18,0.995027278953,
    -9.960278178533E-02));
#5977 = ORIENTED_EDGE('',*,*,#5978,.T.);
#5978 = EDGE_CURVE('',#5971,#5979,#5981,.T.);
#5979 = VERTEX_POINT('',#5980);
#5980 = CARTESIAN_POINT('',(12.102208203952,36.,53.331127004491));
#5981 = B_SPLINE_CURVE_WITH_KNOTS('',8,(#5982,#5983,#5984,#5985,#5986,
    #5987,#5988,#5989,#5990,#5991,#5992,#5993,#5994,#5995,#5996,#5997,
    #5998,#5999,#6000,#6001,#6002,#6003,#6004,#6005,#6006,#6007,#6008,
    #6009,#6010,#6011,#6012,#6013,#6014,#6015,#6016,#6017,#6018,#6019,
    #6020,#6021,#6022,#6023,#6024,#6025,#6026,#6027,#6028,#6029,#6030,
    #6031,#6032,#6033,#6034,#6035,#6036,#6037,#6038,#6039),
  .UNSPECIFIED.,.F.,.F.,(9,7,7,7,7,7,7,7,9),(0.,0.153302453632,
    0.238683894446,0.316079066611,0.436865194983,0.512973473257,
    0.619195393385,0.909086950685,1.),.UNSPECIFIED.);
#5982 = CARTESIAN_POINT('',(9.5,37.222013943122,54.49336213839));
#5983 = CARTESIAN_POINT('',(9.550526420849,37.281562873573,
    54.487401257466));
#5984 = CARTESIAN_POINT('',(9.604470488642,37.339273750623,
    54.480726263941));
#5985 = CARTESIAN_POINT('',(9.661894835457,37.394922673193,
    54.473145211377));
#5986 = CARTESIAN_POINT('',(9.722834490464,37.448219963611,
    54.46444546833));
#5987 = CARTESIAN_POINT('',(9.787283624181,37.498816890134,
    54.454392148051));
#5988 = CARTESIAN_POINT('',(9.855182476763,37.546313730676,
    54.442732843235));
#5989 = CARTESIAN_POINT('',(9.926404470329,37.590269177718,
    54.429208665796));
#5990 = CARTESIAN_POINT('',(10.042146455924,37.652456635369,
    54.404862560055));
#5991 = CARTESIAN_POINT('',(10.084507516633,37.67345238024,
    54.395499863757));
#5992 = CARTESIAN_POINT('',(10.127781972357,37.69311372593,
    54.385443363311));
#5993 = CARTESIAN_POINT('',(10.171912390069,37.71135180468,
    54.374655005472));
#5994 = CARTESIAN_POINT('',(10.216827525174,37.72807654493,
    54.363101336444));
#5995 = CARTESIAN_POINT('',(10.26244122788,37.743199742176,
    54.350756015084));
#5996 = CARTESIAN_POINT('',(10.308651349575,37.75663812982,
    54.337602326114));
#5997 = CARTESIAN_POINT('',(10.397658989041,37.778902422751,
    54.310975448447));
#5998 = CARTESIAN_POINT('',(10.440375776424,37.788043340595,
    54.297646043945));
#5999 = CARTESIAN_POINT('',(10.483394521843,37.795681912251,
    54.283645827601));
#6000 = CARTESIAN_POINT('',(10.526615180082,37.801769210787,
    54.268980532549));
#6001 = CARTESIAN_POINT('',(10.569932599101,37.806266349414,
    54.253664305838));
#6002 = CARTESIAN_POINT('',(10.613236968908,37.809146157259,
    54.237720737004));
#6003 = CARTESIAN_POINT('',(10.656414270451,37.810394855129,
    54.221183886631));
#6004 = CARTESIAN_POINT('',(10.766348899959,37.809418933537,
    54.177436420915));
#6005 = CARTESIAN_POINT('',(10.832788544854,37.80485434461,
    54.149426037685));
#6006 = CARTESIAN_POINT('',(10.89819271989,37.796319952517,
    54.12024810187));
#6007 = CARTESIAN_POINT('',(10.962167636395,37.783914089896,
    54.090113425216));
#6008 = CARTESIAN_POINT('',(11.024392218882,37.76780727,54.059253843554)
  );
#6009 = CARTESIAN_POINT('',(11.084611687176,37.748221921773,
    54.027912224129));
#6010 = CARTESIAN_POINT('',(11.142631158103,37.725418024023,
    53.996332331277));
#6011 = CARTESIAN_POINT('',(11.233392475745,37.683469832564,
    53.944847364685));
#6012 = CARTESIAN_POINT('',(11.267558493332,37.666086047363,
    53.924937546829));
#6013 = CARTESIAN_POINT('',(11.300781345948,37.647599390122,
    53.905072013603));
#6014 = CARTESIAN_POINT('',(11.333045000709,37.628076647312,
    53.885300290548));
#6015 = CARTESIAN_POINT('',(11.364342099848,37.60758410359,
    53.865668219512));
#6016 = CARTESIAN_POINT('',(11.394672695167,37.586186360557,
    53.84621766614));
#6017 = CARTESIAN_POINT('',(11.42404298248,37.563945155515,
    53.82698622735));
#6018 = CARTESIAN_POINT('',(11.492130402875,37.508780158129,
    53.781518145268));
#6019 = CARTESIAN_POINT('',(11.529943524173,37.475115070994,
    53.755523310214));
#6020 = CARTESIAN_POINT('',(11.565938691463,37.440077669598,
    53.730110206218));
#6021 = CARTESIAN_POINT('',(11.600161245209,37.403813646521,
    53.705354879886));
#6022 = CARTESIAN_POINT('',(11.63266449288,37.366458394137,
    53.681322011951));
#6023 = CARTESIAN_POINT('',(11.663507627007,37.328135762594,
    53.65806527736));
#6024 = CARTESIAN_POINT('',(11.692753643227,37.288956817799,
    53.635627705363));
#6025 = CARTESIAN_POINT('',(11.796100828442,37.140022713129,
    53.555132331898));
#6026 = CARTESIAN_POINT('',(11.860249862856,37.025475156571,
    53.502624466051));
#6027 = CARTESIAN_POINT('',(11.914315586635,36.907305201389,
    53.457136427984));
#6028 = CARTESIAN_POINT('',(11.959466908006,36.787072622457,
    53.419005972669));
#6029 = CARTESIAN_POINT('',(11.996792340266,36.666032075448,
    53.38825040799));
#6030 = CARTESIAN_POINT('',(12.027238986623,36.54492950912,
    53.364627280329));
#6031 = CARTESIAN_POINT('',(12.051556022811,36.424005000018,
    53.347880361013));
#6032 = CARTESIAN_POINT('',(12.07608868103,36.265277934976,
    53.334724971458));
#6033 = CARTESIAN_POINT('',(12.08139070953,36.227392906751,
    53.332246446707));
#6034 = CARTESIAN_POINT('',(12.086152985791,36.189514489994,
    53.330425568434));
#6035 = CARTESIAN_POINT('',(12.090387954474,36.15163760301,
    53.329259135103));
#6036 = CARTESIAN_POINT('',(12.094105348729,36.113755512305,
    53.328745396105));
#6037 = CARTESIAN_POINT('',(12.097312164493,36.07586050373,
    53.328884166118));
#6038 = CARTESIAN_POINT('',(12.100012634775,36.037944553636,
    53.329676939466));
#6039 = CARTESIAN_POINT('',(12.102208203952,36.000000000014,
    53.331127004489));
#6040 = ORIENTED_EDGE('',*,*,#6041,.T.);
#6041 = EDGE_CURVE('',#5979,#6042,#6044,.T.);
#6042 = VERTEX_POINT('',#6043);
#6043 = CARTESIAN_POINT('',(12.107203346366,35.866013858669,
    53.3398348083));
#6044 = B_SPLINE_CURVE_WITH_KNOTS('',4,(#6045,#6046,#6047,#6048,#6049),
  .UNSPECIFIED.,.F.,.F.,(5,5),(0.,1.),.PIECEWISE_BEZIER_KNOTS.);
#6045 = CARTESIAN_POINT('',(12.102208203952,36.000000000014,
    53.331127004489));
#6046 = CARTESIAN_POINT('',(12.104143758183,35.966549110801,
    53.33240534248));
#6047 = CARTESIAN_POINT('',(12.105621506168,35.933072843151,
    53.334279580189));
#6048 = CARTESIAN_POINT('',(12.106643134938,35.899562466787,
    53.336753598947));
#6049 = CARTESIAN_POINT('',(12.107203346366,35.866013858669,
    53.3398348083));
#6050 = ORIENTED_EDGE('',*,*,#6051,.F.);
#6051 = EDGE_CURVE('',#6052,#6042,#6054,.T.);
#6052 = VERTEX_POINT('',#6053);
#6053 = CARTESIAN_POINT('',(11.900652103109,34.771150204227,
    53.704332614868));
#6054 = B_SPLINE_CURVE_WITH_KNOTS('',7,(#6055,#6056,#6057,#6058,#6059,
    #6060,#6061,#6062,#6063,#6064,#6065,#6066,#6067,#6068,#6069,#6070,
    #6071,#6072,#6073,#6074,#6075,#6076,#6077,#6078,#6079,#6080,#6081,
    #6082,#6083,#6084,#6085,#6086,#6087,#6088,#6089,#6090,#6091,#6092,
    #6093,#6094,#6095,#6096,#6097,#6098,#6099,#6100,#6101,#6102,#6103,
    #6104,#6105,#6106,#6107,#6108,#6109,#6110,#6111,#6112,#6113,#6114,
    #6115,#6116,#6117,#6118,#6119,#6120,#6121,#6122),.UNSPECIFIED.,.F.,
  .F.,(8,6,6,6,6,6,6,6,6,6,6,8),(0.,0.151499981162,0.209699314376,
    0.242885243332,0.311699544054,0.38987566874,0.428671682067,
    0.501611403595,0.598594915054,0.688458136312,0.776222246068,1.),
  .UNSPECIFIED.);
#6055 = CARTESIAN_POINT('',(9.5,34.701809350411,54.745636014103));
#6056 = CARTESIAN_POINT('',(9.559350703399,34.631860384117,
    54.752637944375));
#6057 = CARTESIAN_POINT('',(9.623520658992,34.564239298486,
    54.758162091576));
#6058 = CARTESIAN_POINT('',(9.692621576482,34.499259622951,
    54.761815013957));
#6059 = CARTESIAN_POINT('',(9.766705092988,34.437369356009,
    54.763130992224));
#6060 = CARTESIAN_POINT('',(9.845723571454,34.379128186184,
    54.761572391776));
#6061 = CARTESIAN_POINT('',(9.929493878973,34.325186282969,
    54.756556230851));
#6062 = CARTESIAN_POINT('',(10.051535110968,34.257471216683,
    54.744030638301));
#6063 = CARTESIAN_POINT('',(10.08604808837,34.239422703966,
    54.739959875733));
#6064 = CARTESIAN_POINT('',(10.121178078251,34.222161836437,
    54.735263097296));
#6065 = CARTESIAN_POINT('',(10.156893723642,34.205733544069,
    54.729909488181));
#6066 = CARTESIAN_POINT('',(10.193156699214,34.19018390802,
    54.723870291348));
#6067 = CARTESIAN_POINT('',(10.229921100863,34.175559098688,
    54.71712011055));
#6068 = CARTESIAN_POINT('',(10.288351394125,34.154118198396,
    54.705371949542));
#6069 = CARTESIAN_POINT('',(10.309715376909,34.14664743068,
    54.700867835511));
#6070 = CARTESIAN_POINT('',(10.331214657375,34.139500521381,
    54.696121953892));
#6071 = CARTESIAN_POINT('',(10.352838301365,34.132685684483,
    54.691131038961));
#6072 = CARTESIAN_POINT('',(10.374574566846,34.126210837189,
    54.685892476628));
#6073 = CARTESIAN_POINT('',(10.396410903904,34.120083599917,
    54.680404304442));
#6074 = CARTESIAN_POINT('',(10.463793565526,34.102341854747,
    54.662764635833));
#6075 = CARTESIAN_POINT('',(10.509630715438,34.091897201356,
    54.649784127272));
#6076 = CARTESIAN_POINT('',(10.55571953489,34.083043639142,
    54.635714469465));
#6077 = CARTESIAN_POINT('',(10.601927354203,34.075836261792,
    54.620559950243));
#6078 = CARTESIAN_POINT('',(10.648115449825,34.070316536275,
    54.60434055071));
#6079 = CARTESIAN_POINT('',(10.694139790531,34.066509885474,
    54.587094134244));
#6080 = CARTESIAN_POINT('',(10.791782653174,34.062052783175,
    54.54818501387));
#6081 = CARTESIAN_POINT('',(10.843322167441,34.061901697741,
    54.526236021042));
#6082 = CARTESIAN_POINT('',(10.894249342907,34.063980904171,
    54.503116672026));
#6083 = CARTESIAN_POINT('',(10.944369610115,34.068268580461,
    54.478932403617));
#6084 = CARTESIAN_POINT('',(10.993513543703,34.074714748124,
    54.453804935878));
#6085 = CARTESIAN_POINT('',(11.041535592424,34.083245827389,
    54.427868133621));
#6086 = CARTESIAN_POINT('',(11.111526668018,34.098991561889,
    54.388061122798));
#6087 = CARTESIAN_POINT('',(11.134435799394,34.104705085694,
    54.374692829016));
#6088 = CARTESIAN_POINT('',(11.157026685269,34.110898577255,
    54.361175643375));
#6089 = CARTESIAN_POINT('',(11.179287651974,34.11756030577,
    54.347525962114));
#6090 = CARTESIAN_POINT('',(11.201208870193,34.124677996188,
    54.333759920896));
#6091 = CARTESIAN_POINT('',(11.222782354966,34.132238829208,
    54.319893394805));
#6092 = CARTESIAN_POINT('',(11.283896593107,34.155252454448,
    54.279712216333));
#6093 = CARTESIAN_POINT('',(11.322539234991,34.171794725103,
    54.253182674406));
#6094 = CARTESIAN_POINT('',(11.359890338732,34.189769472127,
    54.226454936602));
#6095 = CARTESIAN_POINT('',(11.395929850979,34.209087908001,
    54.199624097935));
#6096 = CARTESIAN_POINT('',(11.43065386336,34.229662058506,
    54.172777548595));
#6097 = CARTESIAN_POINT('',(11.464071258192,34.251407582415,
    54.145993738142));
#6098 = CARTESIAN_POINT('',(11.538920459054,34.304614232084,
    54.083902334644));
#6099 = CARTESIAN_POINT('',(11.579358594044,34.336911900228,
    54.04869895601));
#6100 = CARTESIAN_POINT('',(11.617564141633,34.37095863229,
    54.013888335154));
#6101 = CARTESIAN_POINT('',(11.653603211935,34.4065853318,53.97960666582
    ));
#6102 = CARTESIAN_POINT('',(11.687553996978,34.44363732786,
    53.945969225513));
#6103 = CARTESIAN_POINT('',(11.719502124967,34.481976933847,
    53.913070796879));
#6104 = CARTESIAN_POINT('',(11.777364890022,34.558094419752,
    53.851256961408));
#6105 = CARTESIAN_POINT('',(11.803547654764,34.595703270961,
    53.822229443662));
#6106 = CARTESIAN_POINT('',(11.828154111372,34.634216718306,
    53.793964488662));
#6107 = CARTESIAN_POINT('',(11.851251795889,34.673545736427,
    53.766514294766));
#6108 = CARTESIAN_POINT('',(11.87290585255,34.713608245784,
    53.739922731612));
#6109 = CARTESIAN_POINT('',(11.89317890854,34.754329242398,
    53.714225765834));
#6110 = CARTESIAN_POINT('',(11.930640288989,34.835987614726,
    53.665256699827));
#6111 = CARTESIAN_POINT('',(11.947888801728,34.876895956984,
    53.641943044349));
#6112 = CARTESIAN_POINT('',(11.963931914832,34.91830185987,53.6195380906
    ));
#6113 = CARTESIAN_POINT('',(11.978821311042,34.960144241915,
    53.598064193928));
#6114 = CARTESIAN_POINT('',(11.99260527097,35.002365325293,
    53.577538988615));
#6115 = CARTESIAN_POINT('',(12.005329016099,35.044910926443,
    53.55797548171));
#6116 = CARTESIAN_POINT('',(12.046882678295,35.196911176181,
    53.491973533876));
#6117 = CARTESIAN_POINT('',(12.070117895076,35.307889786313,
    53.450865852277));
#6118 = CARTESIAN_POINT('',(12.087427357624,35.419786763852,
    53.416224230039));
#6119 = CARTESIAN_POINT('',(12.099391669628,35.531880383513,
    53.388018007522));
#6120 = CARTESIAN_POINT('',(12.106493329521,35.643685199873,
    53.366032353948));
#6121 = CARTESIAN_POINT('',(12.109056200752,35.755054526918,
    53.350025661215));
#6122 = CARTESIAN_POINT('',(12.107203346366,35.866013858669,
    53.3398348083));
#6123 = ORIENTED_EDGE('',*,*,#6124,.T.);
#6124 = EDGE_CURVE('',#6052,#6125,#6127,.T.);
#6125 = VERTEX_POINT('',#6126);
#6126 = CARTESIAN_POINT('',(12.25797015804,27.43811126554,
    54.100706114581));
#6127 = B_SPLINE_CURVE_WITH_KNOTS('',5,(#6128,#6129,#6130,#6131,#6132,
    #6133),.UNSPECIFIED.,.F.,.F.,(6,6),(0.,1.),
  .PIECEWISE_BEZIER_KNOTS.);
#6128 = CARTESIAN_POINT('',(11.840992582718,35.906257734563,
    53.642081054156));
#6129 = CARTESIAN_POINT('',(11.947677522441,33.897468671908,
    53.752558097885));
#6130 = CARTESIAN_POINT('',(12.049440195342,31.888388705222,
    53.861608648168));
#6131 = CARTESIAN_POINT('',(12.146665877089,29.879082913092,
    53.969825497221));
#6132 = CARTESIAN_POINT('',(12.239746301229,27.869601614802,
    54.077625404248));
#6133 = CARTESIAN_POINT('',(12.329042437607,25.859983556224,
    54.185314343441));
#6134 = ORIENTED_EDGE('',*,*,#6135,.T.);
#6135 = EDGE_CURVE('',#6125,#6136,#6138,.T.);
#6136 = VERTEX_POINT('',#6137);
#6137 = CARTESIAN_POINT('',(12.589386828973,26.,53.749836375536));
#6138 = B_SPLINE_CURVE_WITH_KNOTS('',7,(#6139,#6140,#6141,#6142,#6143,
    #6144,#6145,#6146,#6147,#6148,#6149,#6150,#6151,#6152,#6153,#6154,
    #6155,#6156,#6157,#6158,#6159,#6160,#6161,#6162,#6163,#6164,#6165,
    #6166,#6167,#6168,#6169,#6170,#6171,#6172,#6173,#6174,#6175,#6176,
    #6177,#6178,#6179,#6180,#6181,#6182,#6183,#6184,#6185,#6186,#6187,
    #6188,#6189,#6190,#6191,#6192,#6193,#6194,#6195,#6196,#6197,#6198,
    #6199,#6200,#6201,#6202,#6203,#6204,#6205,#6206),.UNSPECIFIED.,.F.,
  .F.,(8,6,6,6,6,6,6,6,6,6,6,8),(0.,0.178900039334,0.23867054178,
    0.271763160103,0.338957854832,0.413366706266,0.450384748511,
    0.52215135617,0.626381104785,0.726374719378,0.907491042776,1.),
  .UNSPECIFIED.);
#6139 = CARTESIAN_POINT('',(9.5,27.405498079999,55.476000813819));
#6140 = CARTESIAN_POINT('',(9.576212492381,27.510045501208,
    55.465535559046));
#6141 = CARTESIAN_POINT('',(9.660191349998,27.611059333968,
    55.453462398099));
#6142 = CARTESIAN_POINT('',(9.752229255053,27.70799318815,
    55.439110822424));
#6143 = CARTESIAN_POINT('',(9.852539774378,27.799934884379,
    55.421683295673));
#6144 = CARTESIAN_POINT('',(9.961140306182,27.885667258728,
    55.400227849361));
#6145 = CARTESIAN_POINT('',(10.07777121309,27.96371049388,
    55.373673054175));
#6146 = CARTESIAN_POINT('',(10.243306245093,28.055277091309,
    55.329984364758));
#6147 = CARTESIAN_POINT('',(10.285575711203,28.077148536009,
    55.318356573439));
#6148 = CARTESIAN_POINT('',(10.32862718634,28.097892643866,
    55.306004919719));
#6149 = CARTESIAN_POINT('',(10.372418468328,28.117437380155,
    55.292894042808));
#6150 = CARTESIAN_POINT('',(10.416896569955,28.135708449857,
    55.278992303743));
#6151 = CARTESIAN_POINT('',(10.46199678263,28.152631405103,
    55.26427379475));
#6152 = CARTESIAN_POINT('',(10.532913589721,28.1767168036,
    55.240109006278));
#6153 = CARTESIAN_POINT('',(10.558352313959,28.184864442784,
    55.231241840556));
#6154 = CARTESIAN_POINT('',(10.583944568937,28.192564130246,
    55.222115718169));
#6155 = CARTESIAN_POINT('',(10.609675863952,28.199803840921,
    55.212728460811));
#6156 = CARTESIAN_POINT('',(10.635530561409,28.206572064604,
    55.203078845139));
#6157 = CARTESIAN_POINT('',(10.661491876824,28.212857805949,
    55.193166602766));
#6158 = CARTESIAN_POINT('',(10.740436512729,28.230412844581,
    55.162333701739));
#6159 = CARTESIAN_POINT('',(10.793703411872,28.240144361535,
    55.140592727913));
#6160 = CARTESIAN_POINT('',(10.847182875267,28.247756565771,
    55.117779901119));
#6161 = CARTESIAN_POINT('',(10.900706956311,28.253178153289,
    55.0939221091));
#6162 = CARTESIAN_POINT('',(10.95410075072,28.256359157773,
    55.069065391908));
#6163 = CARTESIAN_POINT('',(11.007183684487,28.257275022723,
    55.043277608794));
#6164 = CARTESIAN_POINT('',(11.118003777186,28.254441992422,
    54.987165926774));
#6165 = CARTESIAN_POINT('',(11.175643512195,28.250181275537,
    54.956644815366));
#6166 = CARTESIAN_POINT('',(11.232435455625,28.243154356613,
    54.925213407603));
#6167 = CARTESIAN_POINT('',(11.288161150233,28.233410789548,
    54.893013065301));
#6168 = CARTESIAN_POINT('',(11.342635741376,28.221037074103,
    54.860196677266));
#6169 = CARTESIAN_POINT('',(11.395705485622,28.206149881564,
    54.826924461185));
#6170 = CARTESIAN_POINT('',(11.472886046503,28.180302215143,
    54.776661492415));
#6171 = CARTESIAN_POINT('',(11.498150553347,28.171126973608,
    54.759889262907));
#6172 = CARTESIAN_POINT('',(11.523024925416,28.161380155095,
    54.743062068496));
#6173 = CARTESIAN_POINT('',(11.547497917688,28.151079292825,
    54.726198378363));
#6174 = CARTESIAN_POINT('',(11.571560656745,28.140242572907,
    54.709316035672));
#6175 = CARTESIAN_POINT('',(11.595206402916,28.128888553286,
    54.692432153879));
#6176 = CARTESIAN_POINT('',(11.663454335875,28.094057196971,
    54.642858933119));
#6177 = CARTESIAN_POINT('',(11.706891274149,28.069204993837,
    54.610211285255));
#6178 = CARTESIAN_POINT('',(11.748709511981,28.042614362076,
    54.577736809239));
#6179 = CARTESIAN_POINT('',(11.788902443303,28.014420544828,
    54.545540363747));
#6180 = CARTESIAN_POINT('',(11.827483595042,27.984754954947,
    54.513714330326));
#6181 = CARTESIAN_POINT('',(11.864481750906,27.95374119035,
    54.48233801737));
#6182 = CARTESIAN_POINT('',(11.95142792392,27.87465277461,54.40665636678
    ));
#6183 = CARTESIAN_POINT('',(11.999654367462,27.825215079543,
    54.362930534331));
#6184 = CARTESIAN_POINT('',(12.044748739192,27.773514293466,
    54.320493291912));
#6185 = CARTESIAN_POINT('',(12.086863157171,27.719857768275,
    54.279501600549));
#6186 = CARTESIAN_POINT('',(12.126161478298,27.664520492633,
    54.240077951676));
#6187 = CARTESIAN_POINT('',(12.162812252479,27.607741706138,
    54.202312661657));
#6188 = CARTESIAN_POINT('',(12.229762377989,27.494059393444,
    54.13168468252));
#6189 = CARTESIAN_POINT('',(12.260253934944,27.437264416358,
    54.098691183084));
#6190 = CARTESIAN_POINT('',(12.288601464874,27.379518548696,
    54.067342395767));
#6191 = CARTESIAN_POINT('',(12.314939563005,27.320992031644,
    54.037681881002));
#6192 = CARTESIAN_POINT('',(12.339393602775,27.261842416624,
    54.009739934695));
#6193 = CARTESIAN_POINT('',(12.362081036052,27.202213600784,
    53.983533491003));
#6194 = CARTESIAN_POINT('',(12.421206890223,27.03359663989,
    53.914748620671));
#6195 = CARTESIAN_POINT('',(12.453878621445,26.923781367523,
    53.876125106458));
#6196 = CARTESIAN_POINT('',(12.481748707597,26.813640702694,
    53.843258544263));
#6197 = CARTESIAN_POINT('',(12.505381312979,26.703877424568,
    53.816058214186));
#6198 = CARTESIAN_POINT('',(12.525289769489,26.594973989583,
    53.794273835897));
#6199 = CARTESIAN_POINT('',(12.541908081443,26.487043512654,
    53.777612372763));
#6200 = CARTESIAN_POINT('',(12.562532406366,26.325271687506,
    53.759843927678));
#6201 = CARTESIAN_POINT('',(12.568732537827,26.270790302409,
    53.755114011867));
#6202 = CARTESIAN_POINT('',(12.574204447146,26.216491015325,
    53.751630506796));
#6203 = CARTESIAN_POINT('',(12.578984028735,26.162325595012,
    53.749369719107));
#6204 = CARTESIAN_POINT('',(12.583098022542,26.108233263241,
    53.748317152391));
#6205 = CARTESIAN_POINT('',(12.586563413166,26.054147025214,
    53.748469456278));
#6206 = CARTESIAN_POINT('',(12.589386828973,26.,53.749836375536));
#6207 = ORIENTED_EDGE('',*,*,#6208,.F.);
#6208 = EDGE_CURVE('',#6209,#6136,#6211,.T.);
#6209 = VERTEX_POINT('',#6210);
#6210 = CARTESIAN_POINT('',(9.5,24.518524526449,55.764988465672));
#6211 = B_SPLINE_CURVE_WITH_KNOTS('',7,(#6212,#6213,#6214,#6215,#6216,
    #6217,#6218,#6219,#6220,#6221,#6222,#6223,#6224,#6225,#6226,#6227,
    #6228,#6229,#6230,#6231,#6232,#6233,#6234,#6235,#6236,#6237,#6238,
    #6239,#6240,#6241,#6242,#6243,#6244,#6245,#6246,#6247,#6248,#6249,
    #6250,#6251,#6252,#6253,#6254,#6255,#6256,#6257,#6258,#6259,#6260,
    #6261,#6262,#6263,#6264,#6265,#6266,#6267,#6268,#6269,#6270,#6271,
    #6272,#6273,#6274,#6275,#6276,#6277,#6278,#6279,#6280,#6281,#6282,
    #6283,#6284,#6285),.UNSPECIFIED.,.F.,.F.,(8,6,6,6,6,6,6,6,6,6,6,6,8)
  ,(0.,0.168751429377,0.224784918945,0.255829644804,0.319169654506,
    0.38418407026,0.416113521522,0.474949862456,0.546676383931,
    0.733490803343,0.838939964139,0.960018546076,1.),.UNSPECIFIED.);
#6212 = CARTESIAN_POINT('',(9.5,24.518524526449,55.764988465672));
#6213 = CARTESIAN_POINT('',(9.578279497837,24.411141610909,
    55.775737554999));
#6214 = CARTESIAN_POINT('',(9.664745560903,24.307080026428,
    55.784120289741));
#6215 = CARTESIAN_POINT('',(9.759709574883,24.206777841726,
    55.789332719089));
#6216 = CARTESIAN_POINT('',(9.863397436398,24.111037333422,
    55.790361048054));
#6217 = CARTESIAN_POINT('',(9.975819586401,24.020948168657,
    55.785971059049));
#6218 = CARTESIAN_POINT('',(10.096686857763,23.937847741642,
    55.774752888913));
#6219 = CARTESIAN_POINT('',(10.268101761815,23.838571470535,
    55.748735700125));
#6220 = CARTESIAN_POINT('',(10.311674692085,23.814780218192,
    55.741336388553));
#6221 = CARTESIAN_POINT('',(10.35605636983,23.792007262711,
    55.732972032659));
#6222 = CARTESIAN_POINT('',(10.401201826298,23.770319724179,
    55.723592342042));
#6223 = CARTESIAN_POINT('',(10.447054700129,23.749787690388,
    55.713150416762));
#6224 = CARTESIAN_POINT('',(10.493546255456,23.73048242009,
    55.701605234225));
#6225 = CARTESIAN_POINT('',(10.566660896327,23.7024974859,
    55.681898316002));
#6226 = CARTESIAN_POINT('',(10.592898120572,23.692918630661,
    55.674523953474));
#6227 = CARTESIAN_POINT('',(10.619291878801,23.683750228486,
    55.666795397134));
#6228 = CARTESIAN_POINT('',(10.645826763249,23.67500416769,
    55.658708087283));
#6229 = CARTESIAN_POINT('',(10.672486152332,23.66669197695,
    55.650258555873));
#6230 = CARTESIAN_POINT('',(10.699252210643,23.6588248253,
    55.641444426511));
#6231 = CARTESIAN_POINT('',(10.780894977845,23.636292370268,
    55.613534596866));
#6232 = CARTESIAN_POINT('',(10.836056168252,23.623066584106,
    55.593279531902));
#6233 = CARTESIAN_POINT('',(10.891416977828,23.611829718408,
    55.571493189628));
#6234 = CARTESIAN_POINT('',(10.946796380598,23.602660172326,
    55.548190357762));
#6235 = CARTESIAN_POINT('',(11.002006151877,23.595617383189,
    55.52341034459));
#6236 = CARTESIAN_POINT('',(11.056852213196,23.590738020281,
    55.497220681885));
#6237 = CARTESIAN_POINT('',(11.166854743607,23.5852548075,
    55.441494009495));
#6238 = CARTESIAN_POINT('',(11.221993757345,23.58476676967,
    55.411880407177));
#6239 = CARTESIAN_POINT('',(11.276337101832,23.586579542214,
    55.380986906357));
#6240 = CARTESIAN_POINT('',(11.329697436043,23.590673276685,
    55.348939035254));
#6241 = CARTESIAN_POINT('',(11.381914117392,23.597001005719,
    55.315877146752));
#6242 = CARTESIAN_POINT('',(11.432851324587,23.605492849625,
    55.281952600349));
#6243 = CARTESIAN_POINT('',(11.506728323485,23.621250001732,
    55.230317346735));
#6244 = CARTESIAN_POINT('',(11.530726350177,23.626940818839,
    55.21313961626));
#6245 = CARTESIAN_POINT('',(11.554378281884,23.633122289734,
    55.195808741227));
#6246 = CARTESIAN_POINT('',(11.57767389767,23.639783481451,
    55.178342355342));
#6247 = CARTESIAN_POINT('',(11.600604734337,23.646912912628,
    55.160757737469));
#6248 = CARTESIAN_POINT('',(11.623164086425,23.654498553515,
    55.143071811633));
#6249 = CARTESIAN_POINT('',(11.686223431569,23.677323351505,
    55.092555176109));
#6250 = CARTESIAN_POINT('',(11.725820839532,23.693625417662,
    55.059521634025));
#6251 = CARTESIAN_POINT('',(11.764109005486,23.711356957411,
    55.026302236144));
#6252 = CARTESIAN_POINT('',(11.801075152502,23.730438637541,
    54.992991710377));
#6253 = CARTESIAN_POINT('',(11.836720923619,23.750791299432,
    54.959676838117));
#6254 = CARTESIAN_POINT('',(11.87105935413,23.772338399813,
    54.926435495186));
#6255 = CARTESIAN_POINT('',(11.944405649974,23.822645179549,
    54.852984208498));
#6256 = CARTESIAN_POINT('',(11.982786061489,23.851949180923,
    54.812845375541));
#6257 = CARTESIAN_POINT('',(12.019295488531,23.882792043055,
    54.773040270686));
#6258 = CARTESIAN_POINT('',(12.053988335221,23.91505242095,
    54.733674626702));
#6259 = CARTESIAN_POINT('',(12.086927855001,23.948617896352,
    54.694839073313));
#6260 = CARTESIAN_POINT('',(12.11818300595,23.983386836886,
    54.656609378145));
#6261 = CARTESIAN_POINT('',(12.225029790327,24.112729966059,
    54.521213249416));
#6262 = CARTESIAN_POINT('',(12.291210817608,24.213648853564,
    54.428010321531));
#6263 = CARTESIAN_POINT('',(12.347784764293,24.32055807433,
    54.340366978822));
#6264 = CARTESIAN_POINT('',(12.395890662004,24.432244342099,
    54.259000270399));
#6265 = CARTESIAN_POINT('',(12.436568847972,24.547640246884,
    54.184369040745));
#6266 = CARTESIAN_POINT('',(12.470698906976,24.665852155678,
    54.116718916777));
#6267 = CARTESIAN_POINT('',(12.515015450469,24.85411784652,
    54.021936073868));
#6268 = CARTESIAN_POINT('',(12.529148042299,24.922688716002,
    53.990006205221));
#6269 = CARTESIAN_POINT('',(12.541553248069,24.991747647892,
    53.960371215217));
#6270 = CARTESIAN_POINT('',(12.552345970853,25.061138108134,
    53.933045859488));
#6271 = CARTESIAN_POINT('',(12.561630077069,25.130706293291,
    53.908028581915));
#6272 = CARTESIAN_POINT('',(12.569500086621,25.200307377237,
    53.88530036597));
#6273 = CARTESIAN_POINT('',(12.583551374624,25.349624851248,
    53.841318168709));
#6274 = CARTESIAN_POINT('',(12.58931038984,25.429321035511,
    53.820779085489));
#6275 = CARTESIAN_POINT('',(12.59344435835,25.508696220979,
    53.803163554963));
#6276 = CARTESIAN_POINT('',(12.596069048729,25.587608206373,
    53.788383160015));
#6277 = CARTESIAN_POINT('',(12.597280642421,25.666004133478,
    53.776329130185));
#6278 = CARTESIAN_POINT('',(12.59714756396,25.743919970308,
    53.766896447923));
#6279 = CARTESIAN_POINT('',(12.595226224047,25.847058240538,
    53.757735687269));
#6280 = CARTESIAN_POINT('',(12.594606259055,25.872620777998,
    53.755739152102));
#6281 = CARTESIAN_POINT('',(12.593844479678,25.898147229783,
    53.75401730929));
#6282 = CARTESIAN_POINT('',(12.592941616898,25.923642546672,
    53.752567787251));
#6283 = CARTESIAN_POINT('',(12.591897934433,25.949112266394,
    53.751388677443));
#6284 = CARTESIAN_POINT('',(12.590713228731,25.974562513627,
    53.75047853436));
#6285 = CARTESIAN_POINT('',(12.589386828973,26.,53.749836375536));
#6286 = ORIENTED_EDGE('',*,*,#6287,.F.);
#6287 = EDGE_CURVE('',#5935,#6209,#6288,.T.);
#6288 = LINE('',#6289,#6290);
#6289 = CARTESIAN_POINT('',(9.5,2.31480994168,57.987592594614));
#6290 = VECTOR('',#6291,1.);
#6291 = DIRECTION('',(5.139281445681E-18,0.995027278953,
    -9.960278178533E-02));
#6292 = ORIENTED_EDGE('',*,*,#5944,.F.);
#6293 = ORIENTED_EDGE('',*,*,#5173,.T.);
#6294 = ORIENTED_EDGE('',*,*,#5084,.T.);
#6295 = ORIENTED_EDGE('',*,*,#5934,.F.);
#6296 = ORIENTED_EDGE('',*,*,#6287,.T.);
#6297 = ORIENTED_EDGE('',*,*,#6298,.F.);
#6298 = EDGE_CURVE('',#6299,#6209,#6301,.T.);
#6299 = VERTEX_POINT('',#6300);
#6300 = CARTESIAN_POINT('',(9.5,27.405498079999,55.476000813819));
#6301 = B_SPLINE_CURVE_WITH_KNOTS('',8,(#6302,#6303,#6304,#6305,#6306,
    #6307,#6308,#6309,#6310,#6311,#6312,#6313,#6314,#6315,#6316,#6317),
  .UNSPECIFIED.,.F.,.F.,(9,7,9),(0.,0.497992443334,1.),.UNSPECIFIED.);
#6302 = CARTESIAN_POINT('',(9.5,27.405498079999,55.476000813819));
#6303 = CARTESIAN_POINT('',(9.380693708783,27.241835080784,
    55.492383570696));
#6304 = CARTESIAN_POINT('',(9.280321647534,27.070089091753,
    55.504866497622));
#6305 = CARTESIAN_POINT('',(9.197790567672,26.892445849099,
    55.51586308659));
#6306 = CARTESIAN_POINT('',(9.132490938678,26.71060664274,
    55.526974854715));
#6307 = CARTESIAN_POINT('',(9.083814882368,26.526016428516,
    55.53935116088));
#6308 = CARTESIAN_POINT('',(9.051344374136,26.339811735374,
    55.553645199703));
#6309 = CARTESIAN_POINT('',(9.034801912117,26.152882944207,
    55.570161942202));
#6310 = CARTESIAN_POINT('',(9.033748363353,25.777283753693,
    55.607688909946));
#6311 = CARTESIAN_POINT('',(9.049498120819,25.589149756167,
    55.628680513192));
#6312 = CARTESIAN_POINT('',(9.08145101243,25.402057085005,
    55.651754870771));
#6313 = CARTESIAN_POINT('',(9.12991164878,25.216847337725,
    55.676423113367));
#6314 = CARTESIAN_POINT('',(9.195323759556,25.034547339464,
    55.701799354782));
#6315 = CARTESIAN_POINT('',(9.278316496556,24.856400142651,
    55.726446569672));
#6316 = CARTESIAN_POINT('',(9.379506095823,24.683816679474,
    55.748442629596));
#6317 = CARTESIAN_POINT('',(9.5,24.518524526449,55.764988465672));
#6318 = ORIENTED_EDGE('',*,*,#6319,.T.);
#6319 = EDGE_CURVE('',#6299,#6320,#6322,.T.);
#6320 = VERTEX_POINT('',#6321);
#6321 = CARTESIAN_POINT('',(9.5,30.121994722723,55.20407799517));
#6322 = LINE('',#6323,#6324);
#6323 = CARTESIAN_POINT('',(9.5,2.31480994168,57.987592594614));
#6324 = VECTOR('',#6325,1.);
#6325 = DIRECTION('',(5.139281445681E-18,0.995027278953,
    -9.960278178533E-02));
#6326 = ORIENTED_EDGE('',*,*,#6327,.F.);
#6327 = EDGE_CURVE('',#6328,#6320,#6330,.T.);
#6328 = VERTEX_POINT('',#6329);
#6329 = CARTESIAN_POINT('',(9.458370823117,34.752631487284,
    54.740286126238));
#6330 = B_SPLINE_CURVE_WITH_KNOTS('',5,(#6331,#6332,#6333,#6334,#6335,
    #6336),.UNSPECIFIED.,.F.,.F.,(6,6),(0.,1.),
  .PIECEWISE_BEZIER_KNOTS.);
#6331 = CARTESIAN_POINT('',(9.448386170337,35.885097473984,
    54.626781654905));
#6332 = CARTESIAN_POINT('',(9.458503283562,34.73248231366,
    54.742321467983));
#6333 = CARTESIAN_POINT('',(9.468738831273,33.579864553908,
    54.85782134344));
#6334 = CARTESIAN_POINT('',(9.479074899498,32.427244075027,
    54.973280682878));
#6335 = CARTESIAN_POINT('',(9.489498723641,31.274620818251,
    55.088699484549));
#6336 = CARTESIAN_POINT('',(9.5,30.121994722746,55.204077995168));
#6337 = ORIENTED_EDGE('',*,*,#6338,.F.);
#6338 = EDGE_CURVE('',#5971,#6328,#6339,.T.);
#6339 = B_SPLINE_CURVE_WITH_KNOTS('',8,(#6340,#6341,#6342,#6343,#6344,
    #6345,#6346,#6347,#6348,#6349,#6350,#6351,#6352,#6353,#6354,#6355),
  .UNSPECIFIED.,.F.,.F.,(9,7,9),(0.,0.498359851438,1.),.UNSPECIFIED.);
#6340 = CARTESIAN_POINT('',(9.5,37.222013943122,54.49336213839));
#6341 = CARTESIAN_POINT('',(9.382748275683,37.083824563005,
    54.507194971885));
#6342 = CARTESIAN_POINT('',(9.284193784204,36.936081926981,
    54.517147554056));
#6343 = CARTESIAN_POINT('',(9.203243288346,36.78148170785,
    54.525663926393));
#6344 = CARTESIAN_POINT('',(9.139311274774,36.622049310164,
    54.534364091574));
#6345 = CARTESIAN_POINT('',(9.091726168975,36.459496089811,
    54.544407401395));
#6346 = CARTESIAN_POINT('',(9.060020534501,36.295119702263,
    54.556429024131));
#6347 = CARTESIAN_POINT('',(9.043860222842,36.129910239159,
    54.570725826318));
#6348 = CARTESIAN_POINT('',(9.042888885228,35.797988997833,
    54.603883275913));
#6349 = CARTESIAN_POINT('',(9.058286992487,35.631969951058,
    54.622703842819));
#6350 = CARTESIAN_POINT('',(9.089464984116,35.467066651548,
    54.643637375457));
#6351 = CARTESIAN_POINT('',(9.136801617099,35.304218420364,
    54.666187331062));
#6352 = CARTESIAN_POINT('',(9.200803301865,35.144618264432,
    54.68945953205));
#6353 = CARTESIAN_POINT('',(9.282180420661,34.98977981134,
    54.711951539387));
#6354 = CARTESIAN_POINT('',(9.381529472794,34.841435175209,54.7316593917
    ));
#6355 = CARTESIAN_POINT('',(9.5,34.701809350411,54.745636014103));
#6356 = ORIENTED_EDGE('',*,*,#5970,.T.);
#6357 = ORIENTED_EDGE('',*,*,#6358,.T.);
#6358 = EDGE_CURVE('',#5962,#6359,#6361,.T.);
#6359 = VERTEX_POINT('',#6360);
#6360 = CARTESIAN_POINT('',(7.172564846462,37.845661786531,
    48.906707736733));
#6361 = CIRCLE('',#6362,3.241615953375);
#6362 = AXIS2_PLACEMENT_3D('',#6363,#6364,#6365);
#6363 = CARTESIAN_POINT('',(9.5,38.023242214687,51.156059825156));
#6364 = DIRECTION('',(0.,-0.996898148653,7.870248542001E-02));
#6365 = DIRECTION('',(0.,-7.870248542001E-02,-0.996898148653));
#6366 = ORIENTED_EDGE('',*,*,#6367,.T.);
#6367 = EDGE_CURVE('',#6359,#5960,#6368,.T.);
#6368 = B_SPLINE_CURVE_WITH_KNOTS('',8,(#6369,#6370,#6371,#6372,#6373,
    #6374,#6375,#6376,#6377,#6378,#6379,#6380,#6381,#6382,#6383,#6384,
    #6385,#6386,#6387,#6388,#6389,#6390,#6391,#6392,#6393,#6394,#6395,
    #6396,#6397,#6398,#6399,#6400,#6401,#6402,#6403,#6404,#6405,#6406,
    #6407,#6408,#6409,#6410,#6411,#6412,#6413,#6414,#6415,#6416,#6417,
    #6418,#6419,#6420,#6421,#6422,#6423,#6424,#6425,#6426,#6427,#6428,
    #6429,#6430,#6431,#6432,#6433,#6434,#6435,#6436,#6437,#6438,#6439,
    #6440,#6441,#6442,#6443,#6444,#6445,#6446,#6447,#6448,#6449,#6450,
    #6451,#6452,#6453,#6454,#6455,#6456,#6457,#6458,#6459,#6460,#6461,
    #6462,#6463,#6464,#6465,#6466,#6467,#6468,#6469,#6470,#6471,#6472,
    #6473,#6474,#6475,#6476,#6477,#6478,#6479,#6480,#6481,#6482,#6483,
    #6484,#6485,#6486,#6487,#6488,#6489,#6490,#6491,#6492,#6493,#6494,
    #6495,#6496,#6497,#6498,#6499,#6500,#6501,#6502,#6503,#6504,#6505,
    #6506,#6507,#6508,#6509,#6510),.UNSPECIFIED.,.F.,.F.,(9,7,7,7,7,7,7,
    7,7,7,7,7,7,7,7,7,7,7,7,7,9),(0.,1.409948929232E-02,
    2.410659503008E-02,4.618625611529E-02,0.114750192081,0.302651677409,
    0.370861949606,0.427371041166,0.452670173063,0.467796150259,
    0.499601155252,0.543004314881,0.565065668443,0.610442996585,
    0.679134248313,0.807082444738,0.878409225095,0.953885501715,
    0.976976175837,0.987977707725,1.),.UNSPECIFIED.);
#6369 = CARTESIAN_POINT('',(6.301197278811,39.993111328798,
    50.91274349811));
#6370 = CARTESIAN_POINT('',(6.301426883127,39.982080782026,
    50.897647877613));
#6371 = CARTESIAN_POINT('',(6.301693036922,39.969642249494,
    50.883435098702));
#6372 = CARTESIAN_POINT('',(6.302014252082,39.956620806634,
    50.869665402586));
#6373 = CARTESIAN_POINT('',(6.302398344412,39.94342963891,50.8561240916)
  );
#6374 = CARTESIAN_POINT('',(6.302846595733,39.930196912866,
    50.842739768528));
#6375 = CARTESIAN_POINT('',(6.303357915984,39.91689264719,
    50.829502575937));
#6376 = CARTESIAN_POINT('',(6.303933005318,39.903455583765,
    50.816382435492));
#6377 = CARTESIAN_POINT('',(6.305036667236,39.880313226349,
    50.793924622178));
#6378 = CARTESIAN_POINT('',(6.305529715768,39.87065123209,
    50.784608142387));
#6379 = CARTESIAN_POINT('',(6.306057968157,39.860945354362,
    50.775296079954));
#6380 = CARTESIAN_POINT('',(6.306621615928,39.851204355084,
    50.765987729164));
#6381 = CARTESIAN_POINT('',(6.307220772497,39.841434890654,
    50.756683021414));
#6382 = CARTESIAN_POINT('',(6.3078555099,39.831641922919,50.747382100074
    ));
#6383 = CARTESIAN_POINT('',(6.308525895528,39.821829130143,
    50.738084895344));
#6384 = CARTESIAN_POINT('',(6.310790040221,39.790310837129,
    50.708284000386));
#6385 = CARTESIAN_POINT('',(6.312519182189,39.768579569848,
    50.687830185831));
#6386 = CARTESIAN_POINT('',(6.314420167248,39.746821991505,
    50.667412942682));
#6387 = CARTESIAN_POINT('',(6.316493488825,39.725046958886,
    50.647024003978));
#6388 = CARTESIAN_POINT('',(6.318739553156,39.703259723835,
    50.626658885847));
#6389 = CARTESIAN_POINT('',(6.321158758662,39.681464307517,
    50.606314364173));
#6390 = CARTESIAN_POINT('',(6.323751522854,39.659664235308,
    50.585987690663));
#6391 = CARTESIAN_POINT('',(6.335109791069,39.570158044422,
    50.502608496013));
#6392 = CARTESIAN_POINT('',(6.345378821867,39.502431962758,
    50.439698496062));
#6393 = CARTESIAN_POINT('',(6.357337646344,39.43475404387,
    50.376902696043));
#6394 = CARTESIAN_POINT('',(6.370999928886,39.367149205171,
    50.314227137353));
#6395 = CARTESIAN_POINT('',(6.386382273521,39.299642052064,
    50.251680031948));
#6396 = CARTESIAN_POINT('',(6.403504450712,39.232259106957,
    50.189269426778));
#6397 = CARTESIAN_POINT('',(6.422389384112,39.165019733514,
    50.127013038093));
#6398 = CARTESIAN_POINT('',(6.499723404491,38.91413462834,
    49.894774785369));
#6399 = CARTESIAN_POINT('',(6.569759502234,38.731788041091,
    49.726093015335));
#6400 = CARTESIAN_POINT('',(6.65374169054,38.551124520522,
    49.558995341031));
#6401 = CARTESIAN_POINT('',(6.752502982966,38.372588999744,
    49.393900039026));
#6402 = CARTESIAN_POINT('',(6.867041373062,38.196898424396,
    49.231445063113));
#6403 = CARTESIAN_POINT('',(6.998673723527,38.025068428028,
    49.072574010296));
#6404 = CARTESIAN_POINT('',(7.148913982681,37.858403329144,
    48.918485101338));
#6405 = CARTESIAN_POINT('',(7.38266122857,37.640792050526,
    48.717302021643));
#6406 = CARTESIAN_POINT('',(7.447683556317,37.583789600129,
    48.664603634079));
#6407 = CARTESIAN_POINT('',(7.515588675764,37.527834448171,
    48.612874121377));
#6408 = CARTESIAN_POINT('',(7.586491719715,37.473044918201,
    48.562222772162));
#6409 = CARTESIAN_POINT('',(7.660506876081,37.419563851028,
    48.512781551354));
#6410 = CARTESIAN_POINT('',(7.737747050967,37.367558799036,
    48.464705275751));
#6411 = CARTESIAN_POINT('',(7.818324879199,37.317222907713,
    48.418172426553));
#6412 = CARTESIAN_POINT('',(7.971970263252,37.228640837957,
    48.33628358842));
#6413 = CARTESIAN_POINT('',(8.043940847202,37.189810107938,
    48.300387115702));
#6414 = CARTESIAN_POINT('',(8.118330813911,37.15240870982,
    48.265812157639));
#6415 = CARTESIAN_POINT('',(8.195185721148,37.116584561264,
    48.232695419457));
#6416 = CARTESIAN_POINT('',(8.274529361255,37.082507127953,
    48.201193527158));
#6417 = CARTESIAN_POINT('',(8.356358923455,37.050364178445,
    48.171480027181));
#6418 = CARTESIAN_POINT('',(8.440638661894,37.02035724804,
    48.143741193196));
#6419 = CARTESIAN_POINT('',(8.566086817775,36.98031178093,
    48.106722698131));
#6420 = CARTESIAN_POINT('',(8.605354785921,36.968398685619,
    48.095710110221));
#6421 = CARTESIAN_POINT('',(8.645087446887,36.956975659157,
    48.085150561103));
#6422 = CARTESIAN_POINT('',(8.685273959902,36.946062258032,
    48.075062126722));
#6423 = CARTESIAN_POINT('',(8.725900962426,36.93567819762,
    48.065463029974));
#6424 = CARTESIAN_POINT('',(8.766952362174,36.925843088016,
    48.056371396521));
#6425 = CARTESIAN_POINT('',(8.808409129131,36.916576169856,
    48.047805010601));
#6426 = CARTESIAN_POINT('',(8.875264580605,36.902706334813,
    48.034983675793));
#6427 = CARTESIAN_POINT('',(8.900417055757,36.897726348095,
    48.030380157342));
#6428 = CARTESIAN_POINT('',(8.925701748707,36.89296012009,
    48.025974240536));
#6429 = CARTESIAN_POINT('',(8.951113513076,36.888411531544,
    48.021769512392));
#6430 = CARTESIAN_POINT('',(8.976646820443,36.884084313858,
    48.017769421887));
#6431 = CARTESIAN_POINT('',(9.002295760341,36.879982049086,
    48.013977279961));
#6432 = CARTESIAN_POINT('',(9.028054040263,36.876108169933,
    48.010396259513));
#6433 = CARTESIAN_POINT('',(9.108292133435,36.864807577677,
    47.99994997645));
#6434 = CARTESIAN_POINT('',(9.163126210421,36.858172925719,
    47.993816900424));
#6435 = CARTESIAN_POINT('',(9.218351402713,36.852592707086,
    47.988658546823));
#6436 = CARTESIAN_POINT('',(9.273897816202,36.848092792354,
    47.984498828292));
#6437 = CARTESIAN_POINT('',(9.329691427212,36.844693569716,
    47.981356590026));
#6438 = CARTESIAN_POINT('',(9.385654033137,36.842409295211,
    47.979245009173));
#6439 = CARTESIAN_POINT('',(9.441703203085,36.841247442963,
    47.978170994225));
#6440 = CARTESIAN_POINT('',(9.574240340952,36.841154304629,
    47.978084897251));
#6441 = CARTESIAN_POINT('',(9.650743154548,36.843191014528,
    47.979967629675));
#6442 = CARTESIAN_POINT('',(9.727033444261,36.847319215981,
    47.983783734496));
#6443 = CARTESIAN_POINT('',(9.802902856361,36.853513509413,
    47.989509734335));
#6444 = CARTESIAN_POINT('',(9.878161298461,36.861725741082,
    47.997101119742));
#6445 = CARTESIAN_POINT('',(9.952636329544,36.871888679362,
    48.006495747324));
#6446 = CARTESIAN_POINT('',(10.026172549995,36.883919691022,
    48.017617237861));
#6447 = CARTESIAN_POINT('',(10.135460828742,36.904741209705,
    48.036864721225));
#6448 = CARTESIAN_POINT('',(10.172015551578,36.912216865529,
    48.043775247768));
#6449 = CARTESIAN_POINT('',(10.208278846151,36.920139460585,
    48.051098932208));
#6450 = CARTESIAN_POINT('',(10.244236279976,36.928496572803,
    48.058824292715));
#6451 = CARTESIAN_POINT('',(10.279875197404,36.937275429827,
    48.066939523723));
#6452 = CARTESIAN_POINT('',(10.315184614966,36.946463056402,
    48.075432632162));
#6453 = CARTESIAN_POINT('',(10.350155116717,36.956046421767,
    48.084291573706));
#6454 = CARTESIAN_POINT('',(10.455995048482,36.986511689747,
    48.112453949007));
#6455 = CARTESIAN_POINT('',(10.525739486941,37.008629221506,
    48.132899641964));
#6456 = CARTESIAN_POINT('',(10.593949673518,37.032253371991,
    48.15473812226));
#6457 = CARTESIAN_POINT('',(10.660584660835,37.057274323475,
    48.177867886866));
#6458 = CARTESIAN_POINT('',(10.725622379493,37.083586416581,
    48.202191277359));
#6459 = CARTESIAN_POINT('',(10.789057072011,37.111090316023,
    48.227616481938));
#6460 = CARTESIAN_POINT('',(10.850896726752,37.139695176353,
    48.254059537439));
#6461 = CARTESIAN_POINT('',(11.002386571274,37.214167469761,
    48.322903888048));
#6462 = CARTESIAN_POINT('',(11.089980078699,37.261342103252,
    48.366513736483));
#6463 = CARTESIAN_POINT('',(11.17402477595,37.310570221067,
    48.412022194145));
#6464 = CARTESIAN_POINT('',(11.254616973197,37.361608180096,
    48.459204092926));
#6465 = CARTESIAN_POINT('',(11.33186376922,37.414243521945,
    48.507863096601));
#6466 = CARTESIAN_POINT('',(11.405881271659,37.468295313654,
    48.557832018326));
#6467 = CARTESIAN_POINT('',(11.476792817268,37.523614488425,
    48.608973138126));
#6468 = CARTESIAN_POINT('',(11.671265587162,37.685267827904,
    48.758419207317));
#6469 = CARTESIAN_POINT('',(11.787379290567,37.794364247256,
    48.85927935196));
#6470 = CARTESIAN_POINT('',(11.893929460478,37.90661567745,
    48.963059073129));
#6471 = CARTESIAN_POINT('',(11.991554304194,38.021428244608,
    49.069210088347));
#6472 = CARTESIAN_POINT('',(12.080798146283,38.138327508148,
    49.177294852508));
#6473 = CARTESIAN_POINT('',(12.162146011664,38.256945848357,
    49.286974870388));
#6474 = CARTESIAN_POINT('',(12.236018407997,38.377022250261,
    49.398010823712));
#6475 = CARTESIAN_POINT('',(12.339998867941,38.56605624289,
    49.57283067571));
#6476 = CARTESIAN_POINT('',(12.374997433162,38.634102505192,
    49.635763812295));
#6477 = CARTESIAN_POINT('',(12.407835657667,38.702494782272,
    49.699021304615));
#6478 = CARTESIAN_POINT('',(12.438565780644,38.771197453015,
    49.762570998143));
#6479 = CARTESIAN_POINT('',(12.467234025083,38.840177996963,
    49.826383860764));
#6480 = CARTESIAN_POINT('',(12.493881312702,38.909406678665,
    49.890434001075));
#6481 = CARTESIAN_POINT('',(12.518543978885,38.978856232029,
    49.954698686689));
#6482 = CARTESIAN_POINT('',(12.565286199554,39.122198532761,
    50.087368034966));
#6483 = CARTESIAN_POINT('',(12.587131450613,39.196113641066,
    50.155794404681));
#6484 = CARTESIAN_POINT('',(12.606828507531,39.270214493728,
    50.224416384531));
#6485 = CARTESIAN_POINT('',(12.624409495657,39.344476416434,
    50.293207941095));
#6486 = CARTESIAN_POINT('',(12.639901856317,39.418863542554,
    50.362158119321));
#6487 = CARTESIAN_POINT('',(12.653328321132,39.493344253739,
    50.431254312807));
#6488 = CARTESIAN_POINT('',(12.664707203825,39.567889623048,
    50.500483841258));
#6489 = CARTESIAN_POINT('',(12.676914550023,39.665199781897,
    50.591148303348));
#6490 = CARTESIAN_POINT('',(12.679584161847,39.687992770061,
    50.612406080952));
#6491 = CARTESIAN_POINT('',(12.682064112418,39.710780155639,
    50.633683689184));
#6492 = CARTESIAN_POINT('',(12.684354886666,39.733557511516,
    50.654984712412));
#6493 = CARTESIAN_POINT('',(12.686456940824,39.756319950146,
    50.676313142384));
#6494 = CARTESIAN_POINT('',(12.688370739806,39.779061116643,
    50.697674452483));
#6495 = CARTESIAN_POINT('',(12.690096878669,39.801769545814,
    50.719079463588));
#6496 = CARTESIAN_POINT('',(12.692369738468,39.835215308052,
    50.75078109734));
#6497 = CARTESIAN_POINT('',(12.6930599186,39.845982528692,
    50.761014040248));
#6498 = CARTESIAN_POINT('',(12.693707047699,39.856720788403,
    50.771251367735));
#6499 = CARTESIAN_POINT('',(12.694311268946,39.867423919996,
    50.781493966178));
#6500 = CARTESIAN_POINT('',(12.694872706069,39.878083149915,
    50.791741764212));
#6501 = CARTESIAN_POINT('',(12.695391545543,39.888686487014,
    50.801994365895));
#6502 = CARTESIAN_POINT('',(12.695868144453,39.899217195948,
    50.812252623642));
#6503 = CARTESIAN_POINT('',(12.696778546238,39.921053631993,
    50.833742427913));
#6504 = CARTESIAN_POINT('',(12.697202361697,39.932295280493,
    50.844930512497));
#6505 = CARTESIAN_POINT('',(12.69757814958,39.943389732973,
    50.856139833158));
#6506 = CARTESIAN_POINT('',(12.69790709284,39.954311937249,
    50.867386006925));
#6507 = CARTESIAN_POINT('',(12.69818998336,39.964962054802,
    50.878673806532));
#6508 = CARTESIAN_POINT('',(12.698428685219,39.975185328327,
    50.889981034061));
#6509 = CARTESIAN_POINT('',(12.698628485392,39.984740770871,
    50.901288148935));
#6510 = CARTESIAN_POINT('',(12.698802721189,39.993111328798,
    50.91274349811));
#6511 = CONICAL_SURFACE('',#6512,4.,2.098424884378E-02);
#6512 = AXIS2_PLACEMENT_3D('',#6513,#6514,#6515);
#6513 = CARTESIAN_POINT('',(9.5,2.,54.));
#6514 = DIRECTION('',(-0.,-0.996898148653,7.870248542001E-02));
#6515 = DIRECTION('',(0.,7.870248542001E-02,0.996898148653));
#6516 = ADVANCED_FACE('',(#6517),#6559,.T.);
#6517 = FACE_BOUND('',#6518,.T.);
#6518 = EDGE_LOOP('',(#6519,#6528,#6529,#6530,#6539,#6546,#6547,#6556,
    #6557,#6558));
#6519 = ORIENTED_EDGE('',*,*,#6520,.T.);
#6520 = EDGE_CURVE('',#5275,#6521,#6523,.T.);
#6521 = VERTEX_POINT('',#6522);
#6522 = CARTESIAN_POINT('',(-9.5,2.,58.5));
#6523 = CIRCLE('',#6524,4.5);
#6524 = AXIS2_PLACEMENT_3D('',#6525,#6526,#6527);
#6525 = CARTESIAN_POINT('',(-9.5,2.,54.));
#6526 = DIRECTION('',(-2.449293598295E-16,-1.,0.));
#6527 = DIRECTION('',(1.,-2.449293598295E-16,0.));
#6528 = ORIENTED_EDGE('',*,*,#6520,.F.);
#6529 = ORIENTED_EDGE('',*,*,#5647,.T.);
#6530 = ORIENTED_EDGE('',*,*,#6531,.T.);
#6531 = EDGE_CURVE('',#5536,#6532,#6534,.T.);
#6532 = VERTEX_POINT('',#6533);
#6533 = CARTESIAN_POINT('',(-9.5,4.451324012711,57.773726352653));
#6534 = CIRCLE('',#6535,3.954946106855);
#6535 = AXIS2_PLACEMENT_3D('',#6536,#6537,#6538);
#6536 = CARTESIAN_POINT('',(-9.5,4.140059924399,53.831047900705));
#6537 = DIRECTION('',(0.,-0.996898148653,7.870248542001E-02));
#6538 = DIRECTION('',(0.,-7.870248542001E-02,-0.996898148653));
#6539 = ORIENTED_EDGE('',*,*,#6540,.T.);
#6540 = EDGE_CURVE('',#6532,#5419,#6541,.T.);
#6541 = CIRCLE('',#6542,3.954946106855);
#6542 = AXIS2_PLACEMENT_3D('',#6543,#6544,#6545);
#6543 = CARTESIAN_POINT('',(-9.5,4.140059924399,53.831047900705));
#6544 = DIRECTION('',(0.,-0.996898148653,7.870248542001E-02));
#6545 = DIRECTION('',(0.,-7.870248542001E-02,-0.996898148653));
#6546 = ORIENTED_EDGE('',*,*,#5418,.T.);
#6547 = ORIENTED_EDGE('',*,*,#6548,.F.);
#6548 = EDGE_CURVE('',#6549,#5352,#6551,.T.);
#6549 = VERTEX_POINT('',#6550);
#6550 = CARTESIAN_POINT('',(-9.5,2.,49.5));
#6551 = CIRCLE('',#6552,4.5);
#6552 = AXIS2_PLACEMENT_3D('',#6553,#6554,#6555);
#6553 = CARTESIAN_POINT('',(-9.5,2.,54.));
#6554 = DIRECTION('',(-2.449293598295E-16,-1.,0.));
#6555 = DIRECTION('',(1.,-2.449293598295E-16,0.));
#6556 = ORIENTED_EDGE('',*,*,#6548,.T.);
#6557 = ORIENTED_EDGE('',*,*,#5351,.T.);
#6558 = ORIENTED_EDGE('',*,*,#5272,.T.);
#6559 = SPHERICAL_SURFACE('',#6560,4.5);
#6560 = AXIS2_PLACEMENT_3D('',#6561,#6562,#6563);
#6561 = CARTESIAN_POINT('',(-9.5,2.,54.));
#6562 = DIRECTION('',(0.,0.,1.));
#6563 = DIRECTION('',(1.,0.,-0.));
#6564 = ADVANCED_FACE('',(#6565),#7197,.T.);
#6565 = FACE_BOUND('',#6566,.T.);
#6566 = EDGE_LOOP('',(#6567,#6578,#6586,#6609,#6619,#6641,#6652,#6660,
    #6683,#6693,#6715,#6721,#6722,#6723,#6724,#6725,#6879,#6890,#7042,
    #7043,#7052));
#6567 = ORIENTED_EDGE('',*,*,#6568,.T.);
#6568 = EDGE_CURVE('',#6569,#6571,#6573,.T.);
#6569 = VERTEX_POINT('',#6570);
#6570 = CARTESIAN_POINT('',(-7.172564864259,37.845661784934,
    48.90670773192));
#6571 = VERTEX_POINT('',#6572);
#6572 = CARTESIAN_POINT('',(-9.5,38.278365446995,54.387620767721));
#6573 = CIRCLE('',#6574,3.241615953375);
#6574 = AXIS2_PLACEMENT_3D('',#6575,#6576,#6577);
#6575 = CARTESIAN_POINT('',(-9.5,38.023242214687,51.156059825156));
#6576 = DIRECTION('',(0.,-0.996898148653,7.870248542001E-02));
#6577 = DIRECTION('',(0.,-7.870248542001E-02,-0.996898148653));
#6578 = ORIENTED_EDGE('',*,*,#6579,.F.);
#6579 = EDGE_CURVE('',#6580,#6571,#6582,.T.);
#6580 = VERTEX_POINT('',#6581);
#6581 = CARTESIAN_POINT('',(-9.5,37.222013943122,54.49336213839));
#6582 = LINE('',#6583,#6584);
#6583 = CARTESIAN_POINT('',(-9.5,2.31480994168,57.987592594614));
#6584 = VECTOR('',#6585,1.);
#6585 = DIRECTION('',(5.139281445681E-18,0.995027278953,
    -9.960278178533E-02));
#6586 = ORIENTED_EDGE('',*,*,#6587,.T.);
#6587 = EDGE_CURVE('',#6580,#6588,#6590,.T.);
#6588 = VERTEX_POINT('',#6589);
#6589 = CARTESIAN_POINT('',(-9.043796006265,36.,54.583747750885));
#6590 = B_SPLINE_CURVE_WITH_KNOTS('',5,(#6591,#6592,#6593,#6594,#6595,
    #6596,#6597,#6598,#6599,#6600,#6601,#6602,#6603,#6604,#6605,#6606,
    #6607,#6608),.UNSPECIFIED.,.F.,.F.,(6,4,4,4,6),(0.,0.219787348719,
    0.42065233323,0.645011929179,1.),.UNSPECIFIED.);
#6591 = CARTESIAN_POINT('',(-9.5,37.222013943122,54.49336213839));
#6592 = CARTESIAN_POINT('',(-9.459898128845,37.174751075571,
    54.498093177611));
#6593 = CARTESIAN_POINT('',(-9.422160880865,37.126233261347,
    54.50233116209));
#6594 = CARTESIAN_POINT('',(-9.386754624519,37.076628566111,
    54.506205531643));
#6595 = CARTESIAN_POINT('',(-9.353641426077,37.026079039574,
    54.509827124395));
#6596 = CARTESIAN_POINT('',(-9.294573737519,36.927745755016,
    54.516451253443));
#6597 = CARTESIAN_POINT('',(-9.268249199755,36.880099676148,
    54.519480410255));
#6598 = CARTESIAN_POINT('',(-9.243774185653,36.831851774648,
    54.522446053076));
#6599 = CARTESIAN_POINT('',(-9.221119738465,36.783080164087,
    54.52540743827));
#6600 = CARTESIAN_POINT('',(-9.176958653312,36.678865281688,
    54.531769420953));
#6601 = CARTESIAN_POINT('',(-9.155896581234,36.623309818712,
    54.535181092098));
#6602 = CARTESIAN_POINT('',(-9.137036129853,36.567278864033,
    54.538714741735));
#6603 = CARTESIAN_POINT('',(-9.120346853216,36.510855723838,
    54.542422692305));
#6604 = CARTESIAN_POINT('',(-9.082795718158,36.36433444173,
    54.552544615587));
#6605 = CARTESIAN_POINT('',(-9.065162557833,36.27375950699,
    54.559277320768));
#6606 = CARTESIAN_POINT('',(-9.052809912992,36.182677386598,
    54.566691215403));
#6607 = CARTESIAN_POINT('',(-9.045689010988,36.091345808986,
    54.574851454461));
#6608 = CARTESIAN_POINT('',(-9.043796006265,36.000000000073,
    54.583747750878));
#6609 = ORIENTED_EDGE('',*,*,#6610,.T.);
#6610 = EDGE_CURVE('',#6588,#6611,#6613,.T.);
#6611 = VERTEX_POINT('',#6612);
#6612 = CARTESIAN_POINT('',(-9.043376147173,35.964494018643,
    54.587250167972));
#6613 = B_SPLINE_CURVE_WITH_KNOTS('',4,(#6614,#6615,#6616,#6617,#6618),
  .UNSPECIFIED.,.F.,.F.,(5,5),(0.,1.),.PIECEWISE_BEZIER_KNOTS.);
#6614 = CARTESIAN_POINT('',(-9.043796006265,36.000000000073,
    54.583747750878));
#6615 = CARTESIAN_POINT('',(-9.043612052029,35.991123398646,
    54.584612255538));
#6616 = CARTESIAN_POINT('',(-9.043480758703,35.982246679009,
    54.585484171218));
#6617 = CARTESIAN_POINT('',(-9.043402122298,35.973370124885,
    54.586363484601));
#6618 = CARTESIAN_POINT('',(-9.043376147173,35.964494018643,
    54.587250167972));
#6619 = ORIENTED_EDGE('',*,*,#6620,.F.);
#6620 = EDGE_CURVE('',#6621,#6611,#6623,.T.);
#6621 = VERTEX_POINT('',#6622);
#6622 = CARTESIAN_POINT('',(-9.458370826537,34.752631509908,
    54.740286130859));
#6623 = B_SPLINE_CURVE_WITH_KNOTS('',4,(#6624,#6625,#6626,#6627,#6628,
    #6629,#6630,#6631,#6632,#6633,#6634,#6635,#6636,#6637,#6638,#6639,
    #6640),.UNSPECIFIED.,.F.,.F.,(5,3,3,3,3,5),(0.,0.212407688605,
    0.408893237673,0.627623990384,0.879342399453,1.),.UNSPECIFIED.);
#6624 = CARTESIAN_POINT('',(-9.5,34.701809350411,54.745636014103));
#6625 = CARTESIAN_POINT('',(-9.44970296484,34.761087933741,
    54.739702195077));
#6626 = CARTESIAN_POINT('',(-9.403379209843,34.822256658242,
    54.732557681385));
#6627 = CARTESIAN_POINT('',(-9.360942569767,34.884963390693,
    54.72459706335));
#6628 = CARTESIAN_POINT('',(-9.286526277278,35.008167948016,
    54.708242349688));
#6629 = CARTESIAN_POINT('',(-9.254002616296,35.068477200421,
    54.699926119886));
#6630 = CARTESIAN_POINT('',(-9.224631865008,35.129697578685,
    54.691375317254));
#6631 = CARTESIAN_POINT('',(-9.169076915266,35.260681347275,
    54.673138495256));
#6632 = CARTESIAN_POINT('',(-9.143630589345,35.330625758734,
    54.663434205754));
#6633 = CARTESIAN_POINT('',(-9.121905759366,35.401308810492,
    54.653847221904));
#6634 = CARTESIAN_POINT('',(-9.083042097774,35.554563257309,
    54.633761745653));
#6635 = CARTESIAN_POINT('',(-9.06708940222,35.637318183482,
    54.623344544114));
#6636 = CARTESIAN_POINT('',(-9.05587832893,35.720572044398,
    54.613457482489));
#6637 = CARTESIAN_POINT('',(-9.046255053348,35.844127449569,
    54.599729210652));
#6638 = CARTESIAN_POINT('',(-9.044218182583,35.884223098303,
    54.595420511078));
#6639 = CARTESIAN_POINT('',(-9.043258680767,35.924353912115,
    54.591259985342));
#6640 = CARTESIAN_POINT('',(-9.043376147173,35.964494018643,
    54.587250167972));
#6641 = ORIENTED_EDGE('',*,*,#6642,.F.);
#6642 = EDGE_CURVE('',#6643,#6621,#6645,.T.);
#6643 = VERTEX_POINT('',#6644);
#6644 = CARTESIAN_POINT('',(-9.5,30.121994722723,55.20407799517));
#6645 = B_SPLINE_CURVE_WITH_KNOTS('',5,(#6646,#6647,#6648,#6649,#6650,
    #6651),.UNSPECIFIED.,.F.,.F.,(6,6),(0.,1.),
  .PIECEWISE_BEZIER_KNOTS.);
#6646 = CARTESIAN_POINT('',(-9.5,30.121994722755,55.204077995167));
#6647 = CARTESIAN_POINT('',(-9.489498723641,31.274620818262,
    55.088699484548));
#6648 = CARTESIAN_POINT('',(-9.479074899504,32.427244075043,
    54.973280682878));
#6649 = CARTESIAN_POINT('',(-9.468738831267,33.579864553928,
    54.857821343437));
#6650 = CARTESIAN_POINT('',(-9.458503283562,34.73248231368,
    54.742321467982));
#6651 = CARTESIAN_POINT('',(-9.448386170336,35.885097474007,
    54.626781654903));
#6652 = ORIENTED_EDGE('',*,*,#6653,.F.);
#6653 = EDGE_CURVE('',#6654,#6643,#6656,.T.);
#6654 = VERTEX_POINT('',#6655);
#6655 = CARTESIAN_POINT('',(-9.5,27.405498079999,55.476000813819));
#6656 = LINE('',#6657,#6658);
#6657 = CARTESIAN_POINT('',(-9.5,2.31480994168,57.987592594614));
#6658 = VECTOR('',#6659,1.);
#6659 = DIRECTION('',(5.139281445681E-18,0.995027278953,
    -9.960278178533E-02));
#6660 = ORIENTED_EDGE('',*,*,#6661,.T.);
#6661 = EDGE_CURVE('',#6654,#6662,#6664,.T.);
#6662 = VERTEX_POINT('',#6663);
#6663 = CARTESIAN_POINT('',(-9.034606826264,26.,55.585468337883));
#6664 = B_SPLINE_CURVE_WITH_KNOTS('',5,(#6665,#6666,#6667,#6668,#6669,
    #6670,#6671,#6672,#6673,#6674,#6675,#6676,#6677,#6678,#6679,#6680,
    #6681,#6682),.UNSPECIFIED.,.F.,.F.,(6,4,4,4,6),(0.,0.218399146766,
    0.419840939016,0.642601502123,1.),.UNSPECIFIED.);
#6665 = CARTESIAN_POINT('',(-9.5,27.405498079999,55.476000813819));
#6666 = CARTESIAN_POINT('',(-9.459277209747,27.34963502432,
    55.481592736636));
#6667 = CARTESIAN_POINT('',(-9.420949220013,27.292717292448,
    55.486690373061));
#6668 = CARTESIAN_POINT('',(-9.384974014493,27.234879981063,
    55.491421456852));
#6669 = CARTESIAN_POINT('',(-9.351310147101,27.176238388367,
    55.495895119199));
#6670 = CARTESIAN_POINT('',(-9.290960842237,27.062145832419,
    55.504174263998));
#6671 = CARTESIAN_POINT('',(-9.263936993168,27.006801563997,
    55.50800488259));
#6672 = CARTESIAN_POINT('',(-9.238813662187,26.950930815084,
    55.511764926105));
#6673 = CARTESIAN_POINT('',(-9.215562519412,26.894600494553,
    55.515514378932));
#6674 = CARTESIAN_POINT('',(-9.170489142156,26.775133167077,
    55.523490527963));
#6675 = CARTESIAN_POINT('',(-9.149078746939,26.711907399919,
    55.527725944629));
#6676 = CARTESIAN_POINT('',(-9.12989344018,26.648270430571,
    55.532074313726));
#6677 = CARTESIAN_POINT('',(-9.112905534655,26.584293500021,
    55.53658739687));
#6678 = CARTESIAN_POINT('',(-9.074328891144,26.416951714362,
    55.548867915651));
#6679 = CARTESIAN_POINT('',(-9.056165562964,26.313154059855,
    55.556953805571));
#6680 = CARTESIAN_POINT('',(-9.04351411979,26.208908596996,
    55.565716709577));
#6681 = CARTESIAN_POINT('',(-9.036329146432,26.104451742615,
    55.57522497948));
#6682 = CARTESIAN_POINT('',(-9.034606826264,26.000000000006,
    55.585468337882));
#6683 = ORIENTED_EDGE('',*,*,#6684,.T.);
#6684 = EDGE_CURVE('',#6662,#6685,#6687,.T.);
#6685 = VERTEX_POINT('',#6686);
#6686 = CARTESIAN_POINT('',(-9.034277252794,25.965837385609,
    55.588850088559));
#6687 = B_SPLINE_CURVE_WITH_KNOTS('',4,(#6688,#6689,#6690,#6691,#6692),
  .UNSPECIFIED.,.F.,.F.,(5,5),(0.,1.),.PIECEWISE_BEZIER_KNOTS.);
#6688 = CARTESIAN_POINT('',(-9.034606826264,26.000000000006,
    55.585468337882));
#6689 = CARTESIAN_POINT('',(-9.034465994343,25.991459114371,
    55.586305924221));
#6690 = CARTESIAN_POINT('',(-9.034364122423,25.982918280084,
    55.587148751246));
#6691 = CARTESIAN_POINT('',(-9.034301208084,25.974377652309,
    55.587996811127));
#6692 = CARTESIAN_POINT('',(-9.034277252794,25.965837385609,
    55.588850088559));
#6693 = ORIENTED_EDGE('',*,*,#6694,.F.);
#6694 = EDGE_CURVE('',#6695,#6685,#6697,.T.);
#6695 = VERTEX_POINT('',#6696);
#6696 = CARTESIAN_POINT('',(-9.5,24.518524526449,55.764988465672));
#6697 = B_SPLINE_CURVE_WITH_KNOTS('',4,(#6698,#6699,#6700,#6701,#6702,
    #6703,#6704,#6705,#6706,#6707,#6708,#6709,#6710,#6711,#6712,#6713,
    #6714),.UNSPECIFIED.,.F.,.F.,(5,3,3,3,3,5),(0.,0.212067606706,
    0.409905590316,0.627813965325,0.880184515818,1.),.UNSPECIFIED.);
#6698 = CARTESIAN_POINT('',(-9.5,24.518524526449,55.764988465672));
#6699 = CARTESIAN_POINT('',(-9.44891397043,24.588603754728,
    55.757973496104));
#6700 = CARTESIAN_POINT('',(-9.401845561294,24.660254301881,
    55.749811620266));
#6701 = CARTESIAN_POINT('',(-9.35869132171,24.733203734257,
    55.740875846645));
#6702 = CARTESIAN_POINT('',(-9.282647074872,24.87634274621,
    55.722623399578));
#6703 = CARTESIAN_POINT('',(-9.249263441556,24.946387661303,
    55.713373157387));
#6704 = CARTESIAN_POINT('',(-9.219116897293,25.017233224475,
    55.703899195679));
#6705 = CARTESIAN_POINT('',(-9.162429509321,25.167529746705,
    55.683841050554));
#6706 = CARTESIAN_POINT('',(-9.13656508022,25.24712349965,
    55.673242286932));
#6707 = CARTESIAN_POINT('',(-9.114460521901,25.327366397609,
    55.662762398544));
#6708 = CARTESIAN_POINT('',(-9.074745901553,25.50163449385,
    55.640674305737));
#6709 = CARTESIAN_POINT('',(-9.058399721203,25.595831104526,
    55.629150336864));
#6710 = CARTESIAN_POINT('',(-9.046930731973,25.690482392915,
    55.618152410105));
#6711 = CARTESIAN_POINT('',(-9.037164476697,25.830434022407,
    55.6028191168));
#6712 = CARTESIAN_POINT('',(-9.03511293897,25.875543174295,
    55.598018437732));
#6713 = CARTESIAN_POINT('',(-9.034150601628,25.920685156371,
    55.593361350279));
#6714 = CARTESIAN_POINT('',(-9.034277252794,25.965837385609,
    55.588850088559));
#6715 = ORIENTED_EDGE('',*,*,#6716,.F.);
#6716 = EDGE_CURVE('',#6532,#6695,#6717,.T.);
#6717 = LINE('',#6718,#6719);
#6718 = CARTESIAN_POINT('',(-9.5,2.31480994168,57.987592594614));
#6719 = VECTOR('',#6720,1.);
#6720 = DIRECTION('',(5.139281445681E-18,0.995027278953,
    -9.960278178533E-02));
#6721 = ORIENTED_EDGE('',*,*,#6531,.F.);
#6722 = ORIENTED_EDGE('',*,*,#5535,.T.);
#6723 = ORIENTED_EDGE('',*,*,#6540,.F.);
#6724 = ORIENTED_EDGE('',*,*,#6716,.T.);
#6725 = ORIENTED_EDGE('',*,*,#6726,.F.);
#6726 = EDGE_CURVE('',#6727,#6695,#6729,.T.);
#6727 = VERTEX_POINT('',#6728);
#6728 = CARTESIAN_POINT('',(-12.25797015556,27.438111255138,
    54.100706115929));
#6729 = B_SPLINE_CURVE_WITH_KNOTS('',8,(#6730,#6731,#6732,#6733,#6734,
    #6735,#6736,#6737,#6738,#6739,#6740,#6741,#6742,#6743,#6744,#6745,
    #6746,#6747,#6748,#6749,#6750,#6751,#6752,#6753,#6754,#6755,#6756,
    #6757,#6758,#6759,#6760,#6761,#6762,#6763,#6764,#6765,#6766,#6767,
    #6768,#6769,#6770,#6771,#6772,#6773,#6774,#6775,#6776,#6777,#6778,
    #6779,#6780,#6781,#6782,#6783,#6784,#6785,#6786,#6787,#6788,#6789,
    #6790,#6791,#6792,#6793,#6794,#6795,#6796,#6797,#6798,#6799,#6800,
    #6801,#6802,#6803,#6804,#6805,#6806,#6807,#6808,#6809,#6810,#6811,
    #6812,#6813,#6814,#6815,#6816,#6817,#6818,#6819,#6820,#6821,#6822,
    #6823,#6824,#6825,#6826,#6827,#6828,#6829,#6830,#6831,#6832,#6833,
    #6834,#6835,#6836,#6837,#6838,#6839,#6840,#6841,#6842,#6843,#6844,
    #6845,#6846,#6847,#6848,#6849,#6850,#6851,#6852,#6853,#6854,#6855,
    #6856,#6857,#6858,#6859,#6860,#6861,#6862,#6863,#6864,#6865,#6866,
    #6867,#6868,#6869,#6870,#6871,#6872,#6873,#6874,#6875,#6876,#6877,
    #6878),.UNSPECIFIED.,.F.,.F.,(9,7,7,7,7,7,7,7,7,7,7,7,7,7,7,7,7,7,7,
    7,7,9),(0.,8.573610939345E-02,0.114260596719,0.13012995388,
    0.162434149551,0.1981157014,0.215904106869,0.250194052821,
    0.300164077671,0.352868432794,0.47040458101,0.562592810497,
    0.617594248183,0.715283966568,0.752437671005,0.783155438134,
    0.799860380756,0.833798373298,0.866753564969,0.882936917047,
    0.912211338781,1.),.UNSPECIFIED.);
#6730 = CARTESIAN_POINT('',(-9.5,27.405498079999,55.476000813819));
#6731 = CARTESIAN_POINT('',(-9.566705599545,27.497004054869,
    55.466841015048));
#6732 = CARTESIAN_POINT('',(-9.639239370232,27.585858221047,
    55.456474580897));
#6733 = CARTESIAN_POINT('',(-9.71778443263,27.671718847906,
    55.444482067626));
#6734 = CARTESIAN_POINT('',(-9.802484297555,27.754061053582,
    55.43038044715));
#6735 = CARTESIAN_POINT('',(-9.893398896375,27.832199646903,
    55.413612807576));
#6736 = CARTESIAN_POINT('',(-9.99046967028,27.905307347992,
    55.393553686631));
#6737 = CARTESIAN_POINT('',(-10.09349371853,27.972428387544,
    55.369530037991));
#6738 = CARTESIAN_POINT('',(-10.23824275241,28.052469205065,
    55.33131855906));
#6739 = CARTESIAN_POINT('',(-10.27498441527,28.07166212573,
    55.321268077924));
#6740 = CARTESIAN_POINT('',(-10.31231198843,28.09002443804,
    55.310683488952));
#6741 = CARTESIAN_POINT('',(-10.35020061693,28.107512186483,
    55.29954274019));
#6742 = CARTESIAN_POINT('',(-10.38862025203,28.124080043235,
    55.287825364436));
#6743 = CARTESIAN_POINT('',(-10.42753530658,28.139682082642,
    55.275513217809));
#6744 = CARTESIAN_POINT('',(-10.46690431035,28.154272555697,
    55.262591218315));
#6745 = CARTESIAN_POINT('',(-10.52880819204,28.175336251455,
    55.241513476476));
#6746 = CARTESIAN_POINT('',(-10.55106247735,28.182538924373,
    55.233786706329));
#6747 = CARTESIAN_POINT('',(-10.57343407514,28.18940682072,
    55.225865799351));
#6748 = CARTESIAN_POINT('',(-10.59591406319,28.195932334883,
    55.217749259293));
#6749 = CARTESIAN_POINT('',(-10.61849294331,28.202108118199,
    55.209436068291));
#6750 = CARTESIAN_POINT('',(-10.64116064137,28.207927078951,
    55.200925686862));
#6751 = CARTESIAN_POINT('',(-10.66390650725,28.213382382371,
    55.192218053904));
#6752 = CARTESIAN_POINT('',(-10.73315783123,28.228818786159,
    55.165187354616));
#6753 = CARTESIAN_POINT('',(-10.7798787859,28.237637248971,
    55.146243733124));
#6754 = CARTESIAN_POINT('',(-10.82678138817,28.244866814848,
    55.126489195089));
#6755 = CARTESIAN_POINT('',(-10.87376065976,28.250460196768,
    55.105938561478));
#6756 = CARTESIAN_POINT('',(-10.92070792627,28.254380398868,
    55.084616019237));
#6757 = CARTESIAN_POINT('',(-10.96751130861,28.256602270409,
    55.062556139162));
#6758 = CARTESIAN_POINT('',(-11.01405621451,28.257114059729,
    55.039804893771));
#6759 = CARTESIAN_POINT('',(-11.11122241073,28.254598931612,
    54.990591670897));
#6760 = CARTESIAN_POINT('',(-11.16177226106,28.251196113892,
    54.963984796753));
#6761 = CARTESIAN_POINT('',(-11.21171588409,28.245714292249,
    54.936678863468));
#6762 = CARTESIAN_POINT('',(-11.26091192734,28.238179178081,
    54.90876055492));
#6763 = CARTESIAN_POINT('',(-11.30923623897,28.228635859278,
    54.880322844493));
#6764 = CARTESIAN_POINT('',(-11.35658092406,28.217146242538,
    54.851463411422));
#6765 = CARTESIAN_POINT('',(-11.40285340085,28.203786495665,
    54.822283057137));
#6766 = CARTESIAN_POINT('',(-11.4704702587,28.181095711182,
    54.778227803201));
#6767 = CARTESIAN_POINT('',(-11.49268094645,28.173103408789,
    54.763515975278));
#6768 = CARTESIAN_POINT('',(-11.51459880872,28.164678061149,
    54.748760610242));
#6769 = CARTESIAN_POINT('',(-11.53621645351,28.155830616998,
    54.733973414865));
#6770 = CARTESIAN_POINT('',(-11.5575277179,28.146572388528,
    54.719165790955));
#6771 = CARTESIAN_POINT('',(-11.57852757744,28.136914944549,
    54.70434879602));
#6772 = CARTESIAN_POINT('',(-11.59921205558,28.126870003657,
    54.689533103934));
#6773 = CARTESIAN_POINT('',(-11.65883694697,28.096361836904,
    54.646191663343));
#6774 = CARTESIAN_POINT('',(-11.6969114472,28.074878667431,
    54.617698052923));
#6775 = CARTESIAN_POINT('',(-11.73378227908,28.052083568264,
    54.589320393108));
#6776 = CARTESIAN_POINT('',(-11.7694424217,28.028060337128,
    54.561125061325));
#6777 = CARTESIAN_POINT('',(-11.80389538673,28.002891349926,
    54.533172335228));
#6778 = CARTESIAN_POINT('',(-11.83715341701,27.976656090477,
    54.505516174271));
#6779 = CARTESIAN_POINT('',(-11.86923568524,27.949429680256,
    54.478204001276));
#6780 = CARTESIAN_POINT('',(-11.9452413146,27.880261516768,
    54.412035573299));
#6781 = CARTESIAN_POINT('',(-11.98786405192,27.837290272475,
    54.373617419323));
#6782 = CARTESIAN_POINT('',(-12.02811827889,27.792578235242,
    54.336143259013));
#6783 = CARTESIAN_POINT('',(-12.06609695641,27.746321439938,
    54.299715911273));
#6784 = CARTESIAN_POINT('',(-12.1018997875,27.69870012634,
    54.264420639988));
#6785 = CARTESIAN_POINT('',(-12.13563057287,27.649877469158,
    54.230326017054));
#6786 = CARTESIAN_POINT('',(-12.1673945664,27.599998308058,
    54.197484785395));
#6787 = CARTESIAN_POINT('',(-12.22883327465,27.495597130564,
    54.132658257731));
#6788 = CARTESIAN_POINT('',(-12.25829316085,27.440979798196,
    54.100824158718));
#6789 = CARTESIAN_POINT('',(-12.28579706856,27.385486953868,
    54.07047872282));
#6790 = CARTESIAN_POINT('',(-12.31145787291,27.329260521724,
    54.04165954375));
#6791 = CARTESIAN_POINT('',(-12.33538144625,27.272433913005,
    54.014394624402));
#6792 = CARTESIAN_POINT('',(-12.35766777168,27.215131778654,
    53.988702023667));
#6793 = CARTESIAN_POINT('',(-12.37841146892,27.157468878301,
    53.964590036721));
#6794 = CARTESIAN_POINT('',(-12.44072101015,26.97037867902,
    53.891808939408));
#6795 = CARTESIAN_POINT('',(-12.47653030693,26.839870958133,
    53.849395810914));
#6796 = CARTESIAN_POINT('',(-12.50604526377,26.709358154933,
    53.81489520963));
#6797 = CARTESIAN_POINT('',(-12.5301240539,26.579849202848,
    53.788088838819));
#6798 = CARTESIAN_POINT('',(-12.54953691642,26.451940405353,
    53.768498457113));
#6799 = CARTESIAN_POINT('',(-12.56491933352,26.325454494387,
    53.755585861108));
#6800 = CARTESIAN_POINT('',(-12.57667819372,26.199798829235,
    53.749074257213));
#6801 = CARTESIAN_POINT('',(-12.59151104241,25.975844093768,
    53.748832798086));
#6802 = CARTESIAN_POINT('',(-12.59591817027,25.877382070853,
    53.752649332475));
#6803 = CARTESIAN_POINT('',(-12.59829100535,25.778546346996,
    53.760393091032));
#6804 = CARTESIAN_POINT('',(-12.59861335804,25.679016942015,
    53.772172639464));
#6805 = CARTESIAN_POINT('',(-12.59678024648,25.578596035887,
    53.788192949412));
#6806 = CARTESIAN_POINT('',(-12.59261478052,25.477323211703,
    53.808692694389));
#6807 = CARTESIAN_POINT('',(-12.5858947149,25.37544650506,
    53.833858389107));
#6808 = CARTESIAN_POINT('',(-12.57069501973,25.212481830118,
    53.881631147942));
#6809 = CARTESIAN_POINT('',(-12.56401810145,25.15151188494,
    53.901177075849));
#6810 = CARTESIAN_POINT('',(-12.55629088596,25.090547125145,
    53.922439371142));
#6811 = CARTESIAN_POINT('',(-12.5474554231,25.029675873294,
    53.945432235096));
#6812 = CARTESIAN_POINT('',(-12.53744905128,24.968992255919,
    53.970161318487));
#6813 = CARTESIAN_POINT('',(-12.52620400571,24.908593421372,
    53.996623760914));
#6814 = CARTESIAN_POINT('',(-12.51364655595,24.848577563569,
    54.024808986122));
#6815 = CARTESIAN_POINT('',(-12.47491708695,24.683301170026,
    54.107791037833));
#6816 = CARTESIAN_POINT('',(-12.4457617143,24.579157184553,
    54.166223441691));
#6817 = CARTESIAN_POINT('',(-12.41175963564,24.477045473634,
    54.229945539151));
#6818 = CARTESIAN_POINT('',(-12.37237277233,24.377504595799,
    54.298823518475));
#6819 = CARTESIAN_POINT('',(-12.32698470634,24.281165031691,
    54.372622040205));
#6820 = CARTESIAN_POINT('',(-12.27491321108,24.188738057468,
    54.450986236312));
#6821 = CARTESIAN_POINT('',(-12.21540329845,24.101022632794,
    54.533436176102));
#6822 = CARTESIAN_POINT('',(-12.12175564422,23.987732372396,
    54.652072847317));
#6823 = CARTESIAN_POINT('',(-12.09475619557,23.957344224536,
    54.685255462027));
#6824 = CARTESIAN_POINT('',(-12.06651630068,23.92783778103,
    54.71889483482));
#6825 = CARTESIAN_POINT('',(-12.03699327506,23.899273952506,
    54.752946188434));
#6826 = CARTESIAN_POINT('',(-12.00614683559,23.871719146063,
    54.787357513687));
#6827 = CARTESIAN_POINT('',(-11.97394024481,23.845244589063,
    54.822069480768));
#6828 = CARTESIAN_POINT('',(-11.94034145533,23.819925652934,
    54.857015350521));
#6829 = CARTESIAN_POINT('',(-11.87637289523,23.775928725814,
    54.921145277038));
#6830 = CARTESIAN_POINT('',(-11.84645310207,23.756860912016,
    54.950277659231));
#6831 = CARTESIAN_POINT('',(-11.81555130005,23.738682664848,
    54.97947535192));
#6832 = CARTESIAN_POINT('',(-11.78365811249,23.72144147579,
    55.008690698145));
#6833 = CARTESIAN_POINT('',(-11.75076950637,23.705186476071,
    55.037871425624));
#6834 = CARTESIAN_POINT('',(-11.71688793819,23.689967514226,
    55.066961007983));
#6835 = CARTESIAN_POINT('',(-11.6820234997,23.675834233645,
    55.095899025987));
#6836 = CARTESIAN_POINT('',(-11.62671083611,23.655765985786,
    55.14024140633));
#6837 = CARTESIAN_POINT('',(-11.60694170211,23.649032210394,
    55.155797510586));
#6838 = CARTESIAN_POINT('',(-11.58689077203,23.642641793779,
    55.171279356311));
#6839 = CARTESIAN_POINT('',(-11.56656204995,23.636602427716,
    55.186676276972));
#6840 = CARTESIAN_POINT('',(-11.54596043373,23.630921525935,
    55.201977424743));
#6841 = CARTESIAN_POINT('',(-11.525091715,23.62560622412,55.217171770498
    ));
#6842 = CARTESIAN_POINT('',(-11.50396257918,23.62066337991,
    55.232248103818));
#6843 = CARTESIAN_POINT('',(-11.4391406918,23.606827679433,
    55.277561421085));
#6844 = CARTESIAN_POINT('',(-11.39465183449,23.599118870646,
    55.307397809249));
#6845 = CARTESIAN_POINT('',(-11.3491850171,23.593028895873,
    55.336604449973));
#6846 = CARTESIAN_POINT('',(-11.30282278567,23.588604071025,
    55.365085224865));
#6847 = CARTESIAN_POINT('',(-11.25565995825,23.585879686265,
    55.392749090612));
#6848 = CARTESIAN_POINT('',(-11.20780433443,23.584878413693,
    55.419511524947));
#6849 = CARTESIAN_POINT('',(-11.15937740482,23.585608715025,
    55.445295972607));
#6850 = CARTESIAN_POINT('',(-11.06306770738,23.590446703344,
    55.494058190962));
#6851 = CARTESIAN_POINT('',(-11.01520078394,23.594456417352,
    55.517100170222));
#6852 = CARTESIAN_POINT('',(-10.96703799069,23.600085995502,
    55.539099393427));
#6853 = CARTESIAN_POINT('',(-10.91870076549,23.607315824011,
    55.560009916452));
#6854 = CARTESIAN_POINT('',(-10.87030778287,23.616114492443,
    55.579800303259));
#6855 = CARTESIAN_POINT('',(-10.82197445321,23.626440215066,
    55.598452242449));
#6856 = CARTESIAN_POINT('',(-10.77381242183,23.638242252186,
    55.615959163817));
#6857 = CARTESIAN_POINT('',(-10.70241492285,23.657954334351,
    55.640361577725));
#6858 = CARTESIAN_POINT('',(-10.67896665818,23.664788698852,
    55.648123480722));
#6859 = CARTESIAN_POINT('',(-10.65559620411,23.671958652303,
    55.655611372013));
#6860 = CARTESIAN_POINT('',(-10.63231488166,23.679457241979,
    55.662826606859));
#6861 = CARTESIAN_POINT('',(-10.60913340302,23.687277335145,
    55.669771087667));
#6862 = CARTESIAN_POINT('',(-10.58606187156,23.695411619048,
    55.676447263988));
#6863 = CARTESIAN_POINT('',(-10.56310978181,23.703852600922,
    55.682858132521));
#6864 = CARTESIAN_POINT('',(-10.49899961353,23.728402599107,
    55.700130487725));
#6865 = CARTESIAN_POINT('',(-10.4581334274,23.745191162247,
    55.71039685518));
#6866 = CARTESIAN_POINT('',(-10.41773918803,23.762913756741,
    55.719826957515));
#6867 = CARTESIAN_POINT('',(-10.37786186835,23.781525529629,
    55.728445637356));
#6868 = CARTESIAN_POINT('',(-10.33854006101,23.800981998028,
    55.736281017164));
#6869 = CARTESIAN_POINT('',(-10.29980635206,23.821239731506,
    55.743363554472));
#6870 = CARTESIAN_POINT('',(-10.26168769468,23.842257034462,
    55.74972509713));
#6871 = CARTESIAN_POINT('',(-10.11180435315,23.929181715563,
    55.772409757186));
#6872 = CARTESIAN_POINT('',(-10.00525513428,24.000772634949,
    55.783209547515));
#6873 = CARTESIAN_POINT('',(-9.904946828443,24.07778303132,
    55.788722053269));
#6874 = CARTESIAN_POINT('',(-9.811100438885,24.159350569131,
    55.789834053902));
#6875 = CARTESIAN_POINT('',(-9.72378349548,24.24473582575,
    55.787357251832));
#6876 = CARTESIAN_POINT('',(-9.642935663234,24.333332412974,
    55.782004835955));
#6877 = CARTESIAN_POINT('',(-9.568405733804,24.424686326941,
    55.774381721422));
#6878 = CARTESIAN_POINT('',(-9.5,24.518524526449,55.764988465672));
#6879 = ORIENTED_EDGE('',*,*,#6880,.T.);
#6880 = EDGE_CURVE('',#6727,#6881,#6883,.T.);
#6881 = VERTEX_POINT('',#6882);
#6882 = CARTESIAN_POINT('',(-11.90065209492,34.771150217458,
    53.704332614239));
#6883 = B_SPLINE_CURVE_WITH_KNOTS('',5,(#6884,#6885,#6886,#6887,#6888,
    #6889),.UNSPECIFIED.,.F.,.F.,(6,6),(0.,1.),
  .PIECEWISE_BEZIER_KNOTS.);
#6884 = CARTESIAN_POINT('',(-12.3290424376,25.859983556232,
    54.185314343441));
#6885 = CARTESIAN_POINT('',(-12.23974630122,27.869601614947,
    54.07762540424));
#6886 = CARTESIAN_POINT('',(-12.14666587676,29.879082912949,
    53.969825497285));
#6887 = CARTESIAN_POINT('',(-12.04944019569,31.888388705151,
    53.861608648113));
#6888 = CARTESIAN_POINT('',(-11.94767752243,33.897468672088,
    53.752558097876));
#6889 = CARTESIAN_POINT('',(-11.84099258271,35.906257734552,
    53.642081054156));
#6890 = ORIENTED_EDGE('',*,*,#6891,.F.);
#6891 = EDGE_CURVE('',#6580,#6881,#6892,.T.);
#6892 = B_SPLINE_CURVE_WITH_KNOTS('',8,(#6893,#6894,#6895,#6896,#6897,
    #6898,#6899,#6900,#6901,#6902,#6903,#6904,#6905,#6906,#6907,#6908,
    #6909,#6910,#6911,#6912,#6913,#6914,#6915,#6916,#6917,#6918,#6919,
    #6920,#6921,#6922,#6923,#6924,#6925,#6926,#6927,#6928,#6929,#6930,
    #6931,#6932,#6933,#6934,#6935,#6936,#6937,#6938,#6939,#6940,#6941,
    #6942,#6943,#6944,#6945,#6946,#6947,#6948,#6949,#6950,#6951,#6952,
    #6953,#6954,#6955,#6956,#6957,#6958,#6959,#6960,#6961,#6962,#6963,
    #6964,#6965,#6966,#6967,#6968,#6969,#6970,#6971,#6972,#6973,#6974,
    #6975,#6976,#6977,#6978,#6979,#6980,#6981,#6982,#6983,#6984,#6985,
    #6986,#6987,#6988,#6989,#6990,#6991,#6992,#6993,#6994,#6995,#6996,
    #6997,#6998,#6999,#7000,#7001,#7002,#7003,#7004,#7005,#7006,#7007,
    #7008,#7009,#7010,#7011,#7012,#7013,#7014,#7015,#7016,#7017,#7018,
    #7019,#7020,#7021,#7022,#7023,#7024,#7025,#7026,#7027,#7028,#7029,
    #7030,#7031,#7032,#7033,#7034,#7035,#7036,#7037,#7038,#7039,#7040,
    #7041),.UNSPECIFIED.,.F.,.F.,(9,7,7,7,7,7,7,7,7,7,7,7,7,7,7,7,7,7,7,
    7,7,9),(0.,7.3743312468E-02,0.1022613419,0.11854526751,
    0.152385815425,0.191184412925,0.210450339128,0.247095587897,
    0.298366161365,0.352868329049,0.469249888752,0.603166679527,
    0.647281899871,0.734174459409,0.779450751618,0.801542666607,
    0.815082530041,0.844492934296,0.878895327886,0.895360350409,
    0.924389596032,1.),.UNSPECIFIED.);
#6893 = CARTESIAN_POINT('',(-9.5,37.222013943122,54.49336213839));
#6894 = CARTESIAN_POINT('',(-9.550454481329,37.281478087803,
    54.487409744569));
#6895 = CARTESIAN_POINT('',(-9.604316929806,37.339109461695,
    54.480745264223));
#6896 = CARTESIAN_POINT('',(-9.661649663521,37.39468504978,
    54.473177576561));
#6897 = CARTESIAN_POINT('',(-9.7224875707,37.447916477608,
    54.464494986964));
#6898 = CARTESIAN_POINT('',(-9.786824955996,37.498456682565,
    54.454463676152));
#6899 = CARTESIAN_POINT('',(-9.85460257332,37.545907905712,
    54.442832389612));
#6900 = CARTESIAN_POINT('',(-9.925694845217,37.589831004187,
    54.429343367253));
#6901 = CARTESIAN_POINT('',(-10.02859284576,37.645195919574,
    54.407719054828));
#6902 = CARTESIAN_POINT('',(-10.0577487557,37.66003525525,54.40137481643
    ));
#6903 = CARTESIAN_POINT('',(-10.08735040289,37.674245998786,
    54.394703280843));
#6904 = CARTESIAN_POINT('',(-10.11738024956,37.687799114391,
    54.387691481753));
#6905 = CARTESIAN_POINT('',(-10.14781760595,37.700665065378,
    54.380327377451));
#6906 = CARTESIAN_POINT('',(-10.17863842038,37.71281425665,
    54.37260022445));
#6907 = CARTESIAN_POINT('',(-10.20981506938,37.724217477182,
    54.364500951113));
#6908 = CARTESIAN_POINT('',(-10.25930340794,37.740915473347,
    54.351181314657));
#6909 = CARTESIAN_POINT('',(-10.27739643428,37.746732168845,
    54.346216513208));
#6910 = CARTESIAN_POINT('',(-10.29558932736,37.752291062645,
    54.341126790426));
#6911 = CARTESIAN_POINT('',(-10.31387581282,37.75758697735,
    54.335911081776));
#6912 = CARTESIAN_POINT('',(-10.33224924131,37.762614924516,
    54.330568594688));
#6913 = CARTESIAN_POINT('',(-10.35070258845,37.767370104652,
    54.325098808555));
#6914 = CARTESIAN_POINT('',(-10.36922845491,37.77184790722,
    54.319501474737));
#6915 = CARTESIAN_POINT('',(-10.42645326866,37.784763862929,
    54.301879464596));
#6916 = CARTESIAN_POINT('',(-10.46537023618,37.792267629203,
    54.289430726204));
#6917 = CARTESIAN_POINT('',(-10.5044964207,37.798515181616,
    54.276432082658));
#6918 = CARTESIAN_POINT('',(-10.54375492362,37.803472778714,
    54.262890487257));
#6919 = CARTESIAN_POINT('',(-10.58306579151,37.807113937377,
    54.248818747163));
#6920 = CARTESIAN_POINT('',(-10.62234631162,37.80942040476,
    54.234236105223));
#6921 = CARTESIAN_POINT('',(-10.66151130752,37.81038313024,
    54.219168821811));
#6922 = CARTESIAN_POINT('',(-10.74514398454,37.809567685578,
    54.185859107256));
#6923 = CARTESIAN_POINT('',(-10.78955614449,37.80736715221,
    54.167471633942));
#6924 = CARTESIAN_POINT('',(-10.8335762529,37.803402853485,
    54.148539513107));
#6925 = CARTESIAN_POINT('',(-10.87708294375,37.797693698692,
    54.129120913409));
#6926 = CARTESIAN_POINT('',(-10.91996680905,37.79027437856,
    54.109279784831));
#6927 = CARTESIAN_POINT('',(-10.96213006142,37.781193453645,
    54.089084647744));
#6928 = CARTESIAN_POINT('',(-11.00348619663,37.770511442707,
    54.068607381973));
#6929 = CARTESIAN_POINT('',(-11.06405725593,37.752234626613,
    54.037650440013));
#6930 = CARTESIAN_POINT('',(-11.08393852359,37.745792481214,
    54.027326806375));
#6931 = CARTESIAN_POINT('',(-11.10359509788,37.738980985191,
    54.016959803776));
#6932 = CARTESIAN_POINT('',(-11.12301951103,37.731808909237,
    54.006557952789));
#6933 = CARTESIAN_POINT('',(-11.1422051888,37.724285284451,
    53.996129605729));
#6934 = CARTESIAN_POINT('',(-11.16114645041,37.716419402333,
    53.985682946652));
#6935 = CARTESIAN_POINT('',(-11.17983850861,37.708220814791,
    53.975225991357));
#6936 = CARTESIAN_POINT('',(-11.2333497681,37.683490833414,
    53.944872009958));
#6937 = CARTESIAN_POINT('',(-11.26750550312,37.666114083474,
    53.924968769347));
#6938 = CARTESIAN_POINT('',(-11.30071871965,37.647635125251,
    53.905109732021));
#6939 = CARTESIAN_POINT('',(-11.3329733916,37.628120679154,
    53.885344377926));
#6940 = CARTESIAN_POINT('',(-11.36426215816,37.607636965421,
    53.865718508293));
#6941 = CARTESIAN_POINT('',(-11.39458506011,37.586248524486,
    53.846273953434));
#6942 = CARTESIAN_POINT('',(-11.42394827617,37.56401703734,
    53.827048280548));
#6943 = CARTESIAN_POINT('',(-11.49211786216,37.50879708373,
    53.781528180671));
#6944 = CARTESIAN_POINT('',(-11.53001163468,37.475060158043,
    53.755477765179));
#6945 = CARTESIAN_POINT('',(-11.56607969496,37.439945115058,
    53.730011599439));
#6946 = CARTESIAN_POINT('',(-11.60036768781,37.403598569794,
    53.705206205156));
#6947 = CARTESIAN_POINT('',(-11.63292928349,37.366156752726,
    53.681126645496));
#6948 = CARTESIAN_POINT('',(-11.66382407639,37.327744256443,
    53.657826889249));
#6949 = CARTESIAN_POINT('',(-11.69311548384,37.288472782307,
    53.635350174975));
#6950 = CARTESIAN_POINT('',(-11.7503710928,37.205883710752,
    53.590745812143));
#6951 = CARTESIAN_POINT('',(-11.77813180788,37.162472392978,
    53.568732323738));
#6952 = CARTESIAN_POINT('',(-11.80422837926,37.118325431004,
    53.54772987539));
#6953 = CARTESIAN_POINT('',(-11.82873613263,37.073553261257,
    53.527770738025));
#6954 = CARTESIAN_POINT('',(-11.85172802064,37.028256703301,
    53.508879074104));
#6955 = CARTESIAN_POINT('',(-11.87327451333,36.982526403767,
    53.491071523687));
#6956 = CARTESIAN_POINT('',(-11.89344348859,36.936442280276,
    53.474357790487));
#6957 = CARTESIAN_POINT('',(-11.95256575943,36.791057945942,
    53.425394299083));
#6958 = CARTESIAN_POINT('',(-11.98683604133,36.69076967894,
    53.397059872001));
#6959 = CARTESIAN_POINT('',(-12.01574731763,36.589882041151,
    53.373770368437));
#6960 = CARTESIAN_POINT('',(-12.03985457021,36.488875493674,
    53.35545235787));
#6961 = CARTESIAN_POINT('',(-12.0596370383,36.38801394791,
    53.341954894902));
#6962 = CARTESIAN_POINT('',(-12.07546646902,36.287321604279,
    53.333132422683));
#6963 = CARTESIAN_POINT('',(-12.08758485064,36.186685994895,
    53.328913429952));
#6964 = CARTESIAN_POINT('',(-12.10588713488,35.970009723603,
    53.329775573846));
#6965 = CARTESIAN_POINT('',(-12.11090624622,35.853880214999,
    53.336353860072));
#6966 = CARTESIAN_POINT('',(-12.11129521628,35.737354455797,
    53.349085104638));
#6967 = CARTESIAN_POINT('',(-12.10695774663,35.620275995492,
    53.368137634365));
#6968 = CARTESIAN_POINT('',(-12.09757314241,35.502700538171,
    53.393807693341));
#6969 = CARTESIAN_POINT('',(-12.08265603482,35.385074579836,
    53.426355249793));
#6970 = CARTESIAN_POINT('',(-12.06161139066,35.268102686535,
    53.465870127823));
#6971 = CARTESIAN_POINT('',(-12.0245628988,35.114668866207,
    53.527511375207));
#6972 = CARTESIAN_POINT('',(-12.01464175252,35.076816713206,
    53.543529756081));
#6973 = CARTESIAN_POINT('',(-12.00395436828,35.039162776287,
    53.560288970083));
#6974 = CARTESIAN_POINT('',(-11.99247389726,35.001739468991,
    53.577783583946));
#6975 = CARTESIAN_POINT('',(-11.98017199384,34.964581040971,
    53.596005925677));
#6976 = CARTESIAN_POINT('',(-11.96701869111,34.927723427333,
    53.614946047442));
#6977 = CARTESIAN_POINT('',(-11.95298227638,34.891204097977,
    53.634591688444));
#6978 = CARTESIAN_POINT('',(-11.90857642997,34.783873608159,
    53.69498459053));
#6979 = CARTESIAN_POINT('',(-11.87557992041,34.714179757455,
    53.737703985393));
#6980 = CARTESIAN_POINT('',(-11.83877285021,34.646236741705,
    53.782992292324));
#6981 = CARTESIAN_POINT('',(-11.79786561593,34.580372168222,
    53.830705141085));
#6982 = CARTESIAN_POINT('',(-11.75255589951,34.516974452382,
    53.880634444334));
#6983 = CARTESIAN_POINT('',(-11.70253628495,34.456487339325,
    53.932500372979));
#6984 = CARTESIAN_POINT('',(-11.64749939046,34.399409359728,
    53.985948783812));
#6985 = CARTESIAN_POINT('',(-11.55568988264,34.318624095301,
    54.069006779852));
#6986 = CARTESIAN_POINT('',(-11.52280397437,34.292035778809,
    54.09776453424));
#6987 = CARTESIAN_POINT('',(-11.48844655426,34.266615259916,
    54.126762700719));
#6988 = CARTESIAN_POINT('',(-11.45258818053,34.242453679298,
    54.155925031552));
#6989 = CARTESIAN_POINT('',(-11.41520922403,34.219649066795,
    54.185164457978));
#6990 = CARTESIAN_POINT('',(-11.37630288559,34.198304079628,
    54.214383855028));
#6991 = CARTESIAN_POINT('',(-11.33587821344,34.178523740636,
    54.243476806353));
#6992 = CARTESIAN_POINT('',(-11.27351125446,34.151576387433,
    54.286406073711));
#6993 = CARTESIAN_POINT('',(-11.25270522514,34.143137398605,
    54.300425891852));
#6994 = CARTESIAN_POINT('',(-11.23154884152,34.135108525912,
    54.314374215705));
#6995 = CARTESIAN_POINT('',(-11.21004715724,34.127502059435,
    54.328236928483));
#6996 = CARTESIAN_POINT('',(-11.18820659577,34.120330123043,
    54.34199948971));
#6997 = CARTESIAN_POINT('',(-11.16603507546,34.113604534005,
    54.355647020562));
#6998 = CARTESIAN_POINT('',(-11.14354213457,34.107336662597,
    54.36916438921));
#6999 = CARTESIAN_POINT('',(-11.1067633296,34.097982928515,
    54.39073177374));
#7000 = CARTESIAN_POINT('',(-11.09267108654,34.094604527102,
    54.398872638537));
#7001 = CARTESIAN_POINT('',(-11.07846491864,34.091404595882,
    54.406955345489));
#7002 = CARTESIAN_POINT('',(-11.0641476479,34.088385522408,
    54.414976367309));
#7003 = CARTESIAN_POINT('',(-11.04972232683,34.085549573374,
    54.422932194486));
#7004 = CARTESIAN_POINT('',(-11.03519223842,34.082898894625,
    54.430819335284));
#7005 = CARTESIAN_POINT('',(-11.02056089614,34.08043551115,
    54.438634315743));
#7006 = CARTESIAN_POINT('',(-10.97383899622,34.073221493448,
    54.463184618957));
#7007 = CARTESIAN_POINT('',(-10.94138430379,34.069174044985,
    54.47963968551));
#7008 = CARTESIAN_POINT('',(-10.90850831041,34.066038593328,
    54.495702596606));
#7009 = CARTESIAN_POINT('',(-10.87525474146,34.063830924564,
    54.51133923783));
#7010 = CARTESIAN_POINT('',(-10.84167075729,34.062562664881,
    54.526517980766));
#7011 = CARTESIAN_POINT('',(-10.80780700653,34.062240946225,
    54.541210000681));
#7012 = CARTESIAN_POINT('',(-10.77371767944,34.062868071948,
    54.555389594208));
#7013 = CARTESIAN_POINT('',(-10.69938879437,34.066281305669,
    54.584995424109));
#7014 = CARTESIAN_POINT('',(-10.65908256587,34.069416061375,
    54.600226679604));
#7015 = CARTESIAN_POINT('',(-10.61863527192,34.073841017692,
    54.614691902628));
#7016 = CARTESIAN_POINT('',(-10.57813799206,34.07954244801,
    54.628364847144));
#7017 = CARTESIAN_POINT('',(-10.53767920764,34.086498248218,
    54.641228550705));
#7018 = CARTESIAN_POINT('',(-10.49734452024,34.094678853915,
    54.653274503196));
#7019 = CARTESIAN_POINT('',(-10.45721637008,34.104048157626,
    54.66450181557));
#7020 = CARTESIAN_POINT('',(-10.39830503584,34.11959752337,
    54.679900814431));
#7021 = CARTESIAN_POINT('',(-10.37930091024,34.124893578386,
    54.684699252271));
#7022 = CARTESIAN_POINT('',(-10.36036957029,34.130448086695,
    54.689312518492));
#7023 = CARTESIAN_POINT('',(-10.34151881363,34.136256399514,
    54.693741747392));
#7024 = CARTESIAN_POINT('',(-10.322756043,34.142313723657,
    54.697988391183));
#7025 = CARTESIAN_POINT('',(-10.30408826617,34.14861512153,54.70205422)
  );
#7026 = CARTESIAN_POINT('',(-10.28552209596,34.155155511137,
    54.705941321893));
#7027 = CARTESIAN_POINT('',(-10.2345201051,34.173873081709,
    54.716194527611));
#7028 = CARTESIAN_POINT('',(-10.20231168347,34.186543256032,
    54.722188724862));
#7029 = CARTESIAN_POINT('',(-10.17047223866,34.199911981353,
    54.727647636367));
#7030 = CARTESIAN_POINT('',(-10.13903143751,34.213950565046,
    54.732586530718));
#7031 = CARTESIAN_POINT('',(-10.10801508883,34.228630226813,
    54.737022515877));
#7032 = CARTESIAN_POINT('',(-10.07744537172,34.243922495928,
    54.740974051742));
#7033 = CARTESIAN_POINT('',(-10.04734106395,34.259799608504,
    54.744460462703));
#7034 = CARTESIAN_POINT('',(-9.940560091915,34.319042747701,
    54.755422093284));
#7035 = CARTESIAN_POINT('',(-9.8667028254,34.365616694977,
    54.760317189399));
#7036 = CARTESIAN_POINT('',(-9.79636599484,34.415505979487,
    54.762546549188));
#7037 = CARTESIAN_POINT('',(-9.729685216605,34.468295263606,
    54.762473707968));
#7038 = CARTESIAN_POINT('',(-9.666724171758,34.523612008675,
    54.760446123064));
#7039 = CARTESIAN_POINT('',(-9.607487823484,34.581134236765,
    54.756781926866));
#7040 = CARTESIAN_POINT('',(-9.551936379582,34.640598684712,
    54.751763235645));
#7041 = CARTESIAN_POINT('',(-9.5,34.701809350411,54.745636014103));
#7042 = ORIENTED_EDGE('',*,*,#6579,.T.);
#7043 = ORIENTED_EDGE('',*,*,#7044,.T.);
#7044 = EDGE_CURVE('',#6571,#7045,#7047,.T.);
#7045 = VERTEX_POINT('',#7046);
#7046 = CARTESIAN_POINT('',(-11.82743515353,37.845661786531,
    48.906707736733));
#7047 = CIRCLE('',#7048,3.241615953375);
#7048 = AXIS2_PLACEMENT_3D('',#7049,#7050,#7051);
#7049 = CARTESIAN_POINT('',(-9.5,38.023242214687,51.156059825156));
#7050 = DIRECTION('',(0.,-0.996898148653,7.870248542001E-02));
#7051 = DIRECTION('',(0.,-7.870248542001E-02,-0.996898148653));
#7052 = ORIENTED_EDGE('',*,*,#7053,.T.);
#7053 = EDGE_CURVE('',#7045,#6569,#7054,.T.);
#7054 = B_SPLINE_CURVE_WITH_KNOTS('',8,(#7055,#7056,#7057,#7058,#7059,
    #7060,#7061,#7062,#7063,#7064,#7065,#7066,#7067,#7068,#7069,#7070,
    #7071,#7072,#7073,#7074,#7075,#7076,#7077,#7078,#7079,#7080,#7081,
    #7082,#7083,#7084,#7085,#7086,#7087,#7088,#7089,#7090,#7091,#7092,
    #7093,#7094,#7095,#7096,#7097,#7098,#7099,#7100,#7101,#7102,#7103,
    #7104,#7105,#7106,#7107,#7108,#7109,#7110,#7111,#7112,#7113,#7114,
    #7115,#7116,#7117,#7118,#7119,#7120,#7121,#7122,#7123,#7124,#7125,
    #7126,#7127,#7128,#7129,#7130,#7131,#7132,#7133,#7134,#7135,#7136,
    #7137,#7138,#7139,#7140,#7141,#7142,#7143,#7144,#7145,#7146,#7147,
    #7148,#7149,#7150,#7151,#7152,#7153,#7154,#7155,#7156,#7157,#7158,
    #7159,#7160,#7161,#7162,#7163,#7164,#7165,#7166,#7167,#7168,#7169,
    #7170,#7171,#7172,#7173,#7174,#7175,#7176,#7177,#7178,#7179,#7180,
    #7181,#7182,#7183,#7184,#7185,#7186,#7187,#7188,#7189,#7190,#7191,
    #7192,#7193,#7194,#7195,#7196),.UNSPECIFIED.,.F.,.F.,(9,7,7,7,7,7,7,
    7,7,7,7,7,7,7,7,7,7,7,7,7,9),(0.,1.409948929274E-02,
    2.410659503077E-02,4.618625611665E-02,0.114750192085,0.302651677418,
    0.370861949617,0.427371041179,0.452670173077,0.467796150273,
    0.499601155267,0.543004314897,0.56506566846,0.610442996603,
    0.679134248333,0.807082444761,0.878409225121,0.953885501743,
    0.976976175865,0.987977707754,1.),.UNSPECIFIED.);
#7055 = CARTESIAN_POINT('',(-12.69880272118,39.993111328798,
    50.91274349811));
#7056 = CARTESIAN_POINT('',(-12.69857311687,39.982080782026,
    50.897647877612));
#7057 = CARTESIAN_POINT('',(-12.69830696307,39.969642249494,
    50.883435098702));
#7058 = CARTESIAN_POINT('',(-12.69798574791,39.956620806634,
    50.869665402587));
#7059 = CARTESIAN_POINT('',(-12.69760165558,39.94342963891,50.8561240916
    ));
#7060 = CARTESIAN_POINT('',(-12.69715340426,39.930196912866,
    50.842739768528));
#7061 = CARTESIAN_POINT('',(-12.69664208401,39.91689264719,
    50.829502575936));
#7062 = CARTESIAN_POINT('',(-12.69606699468,39.903455583765,
    50.816382435492));
#7063 = CARTESIAN_POINT('',(-12.69496333276,39.880313226349,
    50.793924622178));
#7064 = CARTESIAN_POINT('',(-12.69447028423,39.87065123209,
    50.784608142387));
#7065 = CARTESIAN_POINT('',(-12.69394203184,39.860945354362,
    50.775296079954));
#7066 = CARTESIAN_POINT('',(-12.69337838407,39.851204355084,
    50.765987729164));
#7067 = CARTESIAN_POINT('',(-12.6927792275,39.841434890654,
    50.756683021414));
#7068 = CARTESIAN_POINT('',(-12.6921444901,39.831641922919,
    50.747382100073));
#7069 = CARTESIAN_POINT('',(-12.69147410447,39.821829130142,
    50.738084895344));
#7070 = CARTESIAN_POINT('',(-12.68920995977,39.790310837129,
    50.708284000386));
#7071 = CARTESIAN_POINT('',(-12.68748081781,39.768579569848,
    50.687830185831));
#7072 = CARTESIAN_POINT('',(-12.68557983275,39.746821991505,
    50.667412942681));
#7073 = CARTESIAN_POINT('',(-12.68350651117,39.725046958886,
    50.647024003978));
#7074 = CARTESIAN_POINT('',(-12.68126044684,39.703259723835,
    50.626658885846));
#7075 = CARTESIAN_POINT('',(-12.67884124133,39.681464307516,
    50.606314364172));
#7076 = CARTESIAN_POINT('',(-12.67624847714,39.659664235308,
    50.585987690663));
#7077 = CARTESIAN_POINT('',(-12.66489020893,39.570158044421,
    50.502608496013));
#7078 = CARTESIAN_POINT('',(-12.65462117813,39.502431962759,
    50.439698496063));
#7079 = CARTESIAN_POINT('',(-12.64266235365,39.434754043869,
    50.376902696042));
#7080 = CARTESIAN_POINT('',(-12.62900007111,39.367149205171,
    50.314227137353));
#7081 = CARTESIAN_POINT('',(-12.61361772648,39.299642052065,
    50.251680031949));
#7082 = CARTESIAN_POINT('',(-12.59649554928,39.232259106956,
    50.189269426777));
#7083 = CARTESIAN_POINT('',(-12.57761061588,39.165019733514,
    50.127013038093));
#7084 = CARTESIAN_POINT('',(-12.5002765955,38.91413462834,
    49.894774785369));
#7085 = CARTESIAN_POINT('',(-12.43024049776,38.731788041091,
    49.726093015335));
#7086 = CARTESIAN_POINT('',(-12.34625830946,38.551124520522,
    49.558995341031));
#7087 = CARTESIAN_POINT('',(-12.24749701703,38.372588999745,
    49.393900039026));
#7088 = CARTESIAN_POINT('',(-12.13295862693,38.196898424395,
    49.231445063113));
#7089 = CARTESIAN_POINT('',(-12.00132627647,38.025068428028,
    49.072574010296));
#7090 = CARTESIAN_POINT('',(-11.85108601731,37.858403329144,
    48.918485101338));
#7091 = CARTESIAN_POINT('',(-11.61733877143,37.640792050526,
    48.717302021643));
#7092 = CARTESIAN_POINT('',(-11.55231644368,37.583789600129,
    48.664603634079));
#7093 = CARTESIAN_POINT('',(-11.48441132423,37.527834448171,
    48.612874121377));
#7094 = CARTESIAN_POINT('',(-11.41350828028,37.473044918201,
    48.562222772162));
#7095 = CARTESIAN_POINT('',(-11.33949312391,37.419563851028,
    48.512781551354));
#7096 = CARTESIAN_POINT('',(-11.26225294903,37.367558799036,
    48.464705275751));
#7097 = CARTESIAN_POINT('',(-11.1816751208,37.317222907713,
    48.418172426553));
#7098 = CARTESIAN_POINT('',(-11.02802973674,37.228640837957,
    48.33628358842));
#7099 = CARTESIAN_POINT('',(-10.95605915279,37.189810107938,
    48.300387115702));
#7100 = CARTESIAN_POINT('',(-10.88166918608,37.15240870982,
    48.265812157639));
#7101 = CARTESIAN_POINT('',(-10.80481427885,37.116584561264,
    48.232695419457));
#7102 = CARTESIAN_POINT('',(-10.72547063874,37.082507127953,
    48.201193527158));
#7103 = CARTESIAN_POINT('',(-10.64364107654,37.050364178445,
    48.171480027181));
#7104 = CARTESIAN_POINT('',(-10.5593613381,37.02035724804,
    48.143741193196));
#7105 = CARTESIAN_POINT('',(-10.43391318222,36.98031178093,
    48.106722698131));
#7106 = CARTESIAN_POINT('',(-10.39464521407,36.968398685619,
    48.095710110221));
#7107 = CARTESIAN_POINT('',(-10.35491255311,36.956975659157,
    48.085150561103));
#7108 = CARTESIAN_POINT('',(-10.31472604009,36.946062258032,
    48.075062126722));
#7109 = CARTESIAN_POINT('',(-10.27409903757,36.93567819762,
    48.065463029974));
#7110 = CARTESIAN_POINT('',(-10.23304763782,36.925843088016,
    48.056371396521));
#7111 = CARTESIAN_POINT('',(-10.19159087086,36.916576169856,
    48.047805010601));
#7112 = CARTESIAN_POINT('',(-10.12473541939,36.902706334813,
    48.034983675793));
#7113 = CARTESIAN_POINT('',(-10.09958294424,36.897726348095,
    48.030380157342));
#7114 = CARTESIAN_POINT('',(-10.07429825129,36.89296012009,
    48.025974240536));
#7115 = CARTESIAN_POINT('',(-10.04888648692,36.888411531544,
    48.021769512392));
#7116 = CARTESIAN_POINT('',(-10.02335317955,36.884084313858,
    48.017769421887));
#7117 = CARTESIAN_POINT('',(-9.997704239659,36.879982049086,
    48.013977279961));
#7118 = CARTESIAN_POINT('',(-9.971945959737,36.876108169933,
    48.010396259513));
#7119 = CARTESIAN_POINT('',(-9.891707866565,36.864807577677,
    47.99994997645));
#7120 = CARTESIAN_POINT('',(-9.836873789579,36.858172925719,
    47.993816900424));
#7121 = CARTESIAN_POINT('',(-9.781648597287,36.852592707085,
    47.988658546823));
#7122 = CARTESIAN_POINT('',(-9.726102183798,36.848092792354,
    47.984498828292));
#7123 = CARTESIAN_POINT('',(-9.670308572788,36.844693569716,
    47.981356590026));
#7124 = CARTESIAN_POINT('',(-9.614345966863,36.842409295211,
    47.979245009173));
#7125 = CARTESIAN_POINT('',(-9.558296796915,36.841247442963,
    47.978170994225));
#7126 = CARTESIAN_POINT('',(-9.425759659048,36.841154304629,
    47.978084897251));
#7127 = CARTESIAN_POINT('',(-9.349256845452,36.843191014528,
    47.979967629675));
#7128 = CARTESIAN_POINT('',(-9.272966555739,36.847319215981,
    47.983783734496));
#7129 = CARTESIAN_POINT('',(-9.197097143639,36.853513509413,
    47.989509734335));
#7130 = CARTESIAN_POINT('',(-9.121838701539,36.861725741082,
    47.997101119742));
#7131 = CARTESIAN_POINT('',(-9.047363670456,36.871888679362,
    48.006495747324));
#7132 = CARTESIAN_POINT('',(-8.973827450005,36.883919691022,
    48.017617237861));
#7133 = CARTESIAN_POINT('',(-8.864539171258,36.904741209705,
    48.036864721225));
#7134 = CARTESIAN_POINT('',(-8.827984448422,36.912216865529,
    48.043775247768));
#7135 = CARTESIAN_POINT('',(-8.791721153849,36.920139460585,
    48.051098932208));
#7136 = CARTESIAN_POINT('',(-8.755763720024,36.928496572803,
    48.058824292715));
#7137 = CARTESIAN_POINT('',(-8.720124802596,36.937275429827,
    48.066939523723));
#7138 = CARTESIAN_POINT('',(-8.684815385034,36.946463056402,
    48.075432632162));
#7139 = CARTESIAN_POINT('',(-8.649844883283,36.956046421767,
    48.084291573706));
#7140 = CARTESIAN_POINT('',(-8.544004951518,36.986511689747,
    48.112453949007));
#7141 = CARTESIAN_POINT('',(-8.474260513059,37.008629221506,
    48.132899641964));
#7142 = CARTESIAN_POINT('',(-8.406050326482,37.032253371991,
    48.15473812226));
#7143 = CARTESIAN_POINT('',(-8.339415339165,37.057274323475,
    48.177867886866));
#7144 = CARTESIAN_POINT('',(-8.274377620507,37.083586416581,
    48.202191277359));
#7145 = CARTESIAN_POINT('',(-8.210942927989,37.111090316023,
    48.227616481938));
#7146 = CARTESIAN_POINT('',(-8.149103273248,37.139695176353,
    48.254059537439));
#7147 = CARTESIAN_POINT('',(-7.997613428726,37.214167469761,
    48.322903888048));
#7148 = CARTESIAN_POINT('',(-7.910019921301,37.261342103252,
    48.366513736483));
#7149 = CARTESIAN_POINT('',(-7.82597522405,37.310570221067,
    48.412022194145));
#7150 = CARTESIAN_POINT('',(-7.745383026803,37.361608180096,
    48.459204092926));
#7151 = CARTESIAN_POINT('',(-7.66813623078,37.414243521945,
    48.507863096601));
#7152 = CARTESIAN_POINT('',(-7.594118728341,37.468295313654,
    48.557832018326));
#7153 = CARTESIAN_POINT('',(-7.523207182732,37.523614488425,
    48.608973138126));
#7154 = CARTESIAN_POINT('',(-7.328734412838,37.685267827904,
    48.758419207317));
#7155 = CARTESIAN_POINT('',(-7.212620709433,37.794364247256,
    48.85927935196));
#7156 = CARTESIAN_POINT('',(-7.106070539522,37.90661567745,
    48.963059073129));
#7157 = CARTESIAN_POINT('',(-7.008445695806,38.021428244608,
    49.069210088347));
#7158 = CARTESIAN_POINT('',(-6.919201853717,38.138327508148,
    49.177294852508));
#7159 = CARTESIAN_POINT('',(-6.837853988336,38.256945848357,
    49.286974870388));
#7160 = CARTESIAN_POINT('',(-6.763981592003,38.377022250261,
    49.398010823712));
#7161 = CARTESIAN_POINT('',(-6.660001132059,38.56605624289,
    49.57283067571));
#7162 = CARTESIAN_POINT('',(-6.625002566838,38.634102505192,
    49.635763812295));
#7163 = CARTESIAN_POINT('',(-6.592164342333,38.702494782272,
    49.699021304615));
#7164 = CARTESIAN_POINT('',(-6.561434219356,38.771197453015,
    49.762570998143));
#7165 = CARTESIAN_POINT('',(-6.532765974917,38.840177996963,
    49.826383860764));
#7166 = CARTESIAN_POINT('',(-6.506118687298,38.909406678665,
    49.890434001075));
#7167 = CARTESIAN_POINT('',(-6.481456021115,38.978856232029,
    49.954698686689));
#7168 = CARTESIAN_POINT('',(-6.434713800446,39.122198532762,
    50.087368034967));
#7169 = CARTESIAN_POINT('',(-6.412868549388,39.196113641066,
    50.155794404681));
#7170 = CARTESIAN_POINT('',(-6.393171492469,39.270214493729,
    50.224416384532));
#7171 = CARTESIAN_POINT('',(-6.375590504343,39.344476416434,
    50.293207941095));
#7172 = CARTESIAN_POINT('',(-6.360098143683,39.418863542553,
    50.362158119321));
#7173 = CARTESIAN_POINT('',(-6.346671678868,39.493344253739,
    50.431254312807));
#7174 = CARTESIAN_POINT('',(-6.335292796175,39.567889623048,
    50.500483841258));
#7175 = CARTESIAN_POINT('',(-6.323085449977,39.665199781897,
    50.591148303348));
#7176 = CARTESIAN_POINT('',(-6.320415838153,39.687992770061,
    50.612406080952));
#7177 = CARTESIAN_POINT('',(-6.317935887582,39.710780155639,
    50.633683689184));
#7178 = CARTESIAN_POINT('',(-6.315645113334,39.733557511516,
    50.654984712412));
#7179 = CARTESIAN_POINT('',(-6.313543059176,39.756319950146,
    50.676313142383));
#7180 = CARTESIAN_POINT('',(-6.311629260194,39.779061116643,
    50.697674452483));
#7181 = CARTESIAN_POINT('',(-6.309903121331,39.801769545814,
    50.719079463588));
#7182 = CARTESIAN_POINT('',(-6.307630261532,39.835215308052,
    50.75078109734));
#7183 = CARTESIAN_POINT('',(-6.3069400814,39.845982528692,
    50.761014040248));
#7184 = CARTESIAN_POINT('',(-6.306292952301,39.856720788403,
    50.771251367735));
#7185 = CARTESIAN_POINT('',(-6.305688731054,39.867423919996,
    50.781493966178));
#7186 = CARTESIAN_POINT('',(-6.305127293931,39.878083149915,
    50.791741764212));
#7187 = CARTESIAN_POINT('',(-6.304608454457,39.888686487014,
    50.801994365895));
#7188 = CARTESIAN_POINT('',(-6.304131855547,39.899217195948,
    50.812252623642));
#7189 = CARTESIAN_POINT('',(-6.303221453763,39.921053631965,
    50.833742427886));
#7190 = CARTESIAN_POINT('',(-6.302797638312,39.932295280126,
    50.844930512041));
#7191 = CARTESIAN_POINT('',(-6.302421850404,39.943389733711,
    50.856139834093));
#7192 = CARTESIAN_POINT('',(-6.302092907162,39.95431193708,
    50.867386006674));
#7193 = CARTESIAN_POINT('',(-6.301810016654,39.964962054116,
    50.878673805657));
#7194 = CARTESIAN_POINT('',(-6.301571314767,39.97518532911,
    50.889981035117));
#7195 = CARTESIAN_POINT('',(-6.301371514614,39.984740770516,
    50.90128814845));
#7196 = CARTESIAN_POINT('',(-6.301197278811,39.993111328798,
    50.91274349811));
#7197 = CONICAL_SURFACE('',#7198,4.,2.098424884378E-02);
#7198 = AXIS2_PLACEMENT_3D('',#7199,#7200,#7201);
#7199 = CARTESIAN_POINT('',(-9.5,2.,54.));
#7200 = DIRECTION('',(-0.,-0.996898148653,7.870248542001E-02));
#7201 = DIRECTION('',(0.,7.870248542001E-02,0.996898148653));
#7202 = ADVANCED_FACE('',(#7203),#7233,.T.);
#7203 = FACE_BOUND('',#7204,.T.);
#7204 = EDGE_LOOP('',(#7205,#7206,#7215,#7224,#7231,#7232));
#7205 = ORIENTED_EDGE('',*,*,#5857,.F.);
#7206 = ORIENTED_EDGE('',*,*,#7207,.F.);
#7207 = EDGE_CURVE('',#7208,#5858,#7210,.T.);
#7208 = VERTEX_POINT('',#7209);
#7209 = CARTESIAN_POINT('',(-13.11836359678,10.,71.175771932328));
#7210 = CIRCLE('',#7211,3.);
#7211 = AXIS2_PLACEMENT_3D('',#7212,#7213,#7214);
#7212 = CARTESIAN_POINT('',(-15.5,10.,73.));
#7213 = DIRECTION('',(-2.449293598295E-16,-1.,0.));
#7214 = DIRECTION('',(1.,-2.449293598295E-16,0.));
#7215 = ORIENTED_EDGE('',*,*,#7216,.T.);
#7216 = EDGE_CURVE('',#7208,#7217,#7219,.T.);
#7217 = VERTEX_POINT('',#7218);
#7218 = CARTESIAN_POINT('',(-15.21095598742,9.361986299538,
    70.082913769389));
#7219 = CIRCLE('',#7220,2.463869498428);
#7220 = AXIS2_PLACEMENT_3D('',#7221,#7222,#7223);
#7221 = CARTESIAN_POINT('',(-15.21095598742,11.15617605029,
    71.771562946567));
#7222 = DIRECTION('',(-0.168880132368,-0.675520529473,0.717740562565));
#7223 = DIRECTION('',(0.,-0.728199992693,-0.685364699005));
#7224 = ORIENTED_EDGE('',*,*,#7225,.T.);
#7225 = EDGE_CURVE('',#7217,#7208,#7226,.T.);
#7226 = CIRCLE('',#7227,2.463869498428);
#7227 = AXIS2_PLACEMENT_3D('',#7228,#7229,#7230);
#7228 = CARTESIAN_POINT('',(-15.21095598742,11.15617605029,
    71.771562946567));
#7229 = DIRECTION('',(-0.168880132368,-0.675520529473,0.717740562565));
#7230 = DIRECTION('',(0.,-0.728199992693,-0.685364699005));
#7231 = ORIENTED_EDGE('',*,*,#7207,.T.);
#7232 = ORIENTED_EDGE('',*,*,#5879,.F.);
#7233 = SPHERICAL_SURFACE('',#7234,3.);
#7234 = AXIS2_PLACEMENT_3D('',#7235,#7236,#7237);
#7235 = CARTESIAN_POINT('',(-15.5,10.,73.));
#7236 = DIRECTION('',(0.,0.,1.));
#7237 = DIRECTION('',(1.,0.,-0.));
#7238 = ADVANCED_FACE('',(#7239),#7268,.T.);
#7239 = FACE_BOUND('',#7240,.T.);
#7240 = EDGE_LOOP('',(#7241,#7252,#7258,#7259,#7260,#7261));
#7241 = ORIENTED_EDGE('',*,*,#7242,.T.);
#7242 = EDGE_CURVE('',#7243,#7245,#7247,.T.);
#7243 = VERTEX_POINT('',#7244);
#7244 = CARTESIAN_POINT('',(13.441853411492,26.,57.574549246063));
#7245 = VERTEX_POINT('',#7246);
#7246 = CARTESIAN_POINT('',(11.74623708256,23.536237954159,
    55.654682927373));
#7247 = CIRCLE('',#7248,2.03077963532);
#7248 = AXIS2_PLACEMENT_3D('',#7249,#7250,#7251);
#7249 = CARTESIAN_POINT('',(11.74623708256,25.01505166976,57.04650760088
    ));
#7250 = DIRECTION('',(0.168880132368,-0.675520529473,0.717740562565));
#7251 = DIRECTION('',(0.,-0.728199992693,-0.685364699005));
#7252 = ORIENTED_EDGE('',*,*,#7253,.F.);
#7253 = EDGE_CURVE('',#5905,#7245,#7254,.T.);
#7254 = LINE('',#7255,#7256);
#7255 = CARTESIAN_POINT('',(15.5,8.179500018268,71.286588252488));
#7256 = VECTOR('',#7257,1.);
#7257 = DIRECTION('',(-0.168842515677,0.690738952544,-0.703115854136));
#7258 = ORIENTED_EDGE('',*,*,#5904,.F.);
#7259 = ORIENTED_EDGE('',*,*,#5913,.F.);
#7260 = ORIENTED_EDGE('',*,*,#7253,.T.);
#7261 = ORIENTED_EDGE('',*,*,#7262,.T.);
#7262 = EDGE_CURVE('',#7245,#7243,#7263,.T.);
#7263 = CIRCLE('',#7264,2.03077963532);
#7264 = AXIS2_PLACEMENT_3D('',#7265,#7266,#7267);
#7265 = CARTESIAN_POINT('',(11.74623708256,25.01505166976,57.04650760088
    ));
#7266 = DIRECTION('',(0.168880132368,-0.675520529473,0.717740562565));
#7267 = DIRECTION('',(0.,-0.728199992693,-0.685364699005));
#7268 = CONICAL_SURFACE('',#7269,2.5,2.11068816123E-02);
#7269 = AXIS2_PLACEMENT_3D('',#7270,#7271,#7272);
#7270 = CARTESIAN_POINT('',(15.5,10.,73.));
#7271 = DIRECTION('',(0.168880132368,-0.675520529473,0.717740562565));
#7272 = DIRECTION('',(0.,-0.728199992693,-0.685364699005));
#7273 = ADVANCED_FACE('',(#7274),#7313,.T.);
#7274 = FACE_BOUND('',#7275,.T.);
#7275 = EDGE_LOOP('',(#7276,#7287,#7288,#7297,#7304,#7305,#7306));
#7276 = ORIENTED_EDGE('',*,*,#7277,.T.);
#7277 = EDGE_CURVE('',#7278,#7280,#7282,.T.);
#7278 = VERTEX_POINT('',#7279);
#7279 = CARTESIAN_POINT('',(12.671455105453,40.,48.906707733236));
#7280 = VERTEX_POINT('',#7281);
#7281 = CARTESIAN_POINT('',(9.5,40.,54.8));
#7282 = CIRCLE('',#7283,3.8);
#7283 = AXIS2_PLACEMENT_3D('',#7284,#7285,#7286);
#7284 = CARTESIAN_POINT('',(9.5,40.,51.));
#7285 = DIRECTION('',(-2.449293598295E-16,-1.,0.));
#7286 = DIRECTION('',(1.,-2.449293598295E-16,0.));
#7287 = ORIENTED_EDGE('',*,*,#7277,.F.);
#7288 = ORIENTED_EDGE('',*,*,#7289,.T.);
#7289 = EDGE_CURVE('',#7278,#7290,#7292,.T.);
#7290 = VERTEX_POINT('',#7291);
#7291 = CARTESIAN_POINT('',(6.328544894547,40.,48.906707733236));
#7292 = CIRCLE('',#7293,3.171455105453);
#7293 = AXIS2_PLACEMENT_3D('',#7294,#7295,#7296);
#7294 = CARTESIAN_POINT('',(9.5,40.,48.906707733236));
#7295 = DIRECTION('',(0.,0.,1.));
#7296 = DIRECTION('',(0.,-1.,0.));
#7297 = ORIENTED_EDGE('',*,*,#7298,.T.);
#7298 = EDGE_CURVE('',#7290,#6359,#7299,.T.);
#7299 = CIRCLE('',#7300,3.171455105453);
#7300 = AXIS2_PLACEMENT_3D('',#7301,#7302,#7303);
#7301 = CARTESIAN_POINT('',(9.5,40.,48.906707733236));
#7302 = DIRECTION('',(0.,0.,1.));
#7303 = DIRECTION('',(0.,-1.,0.));
#7304 = ORIENTED_EDGE('',*,*,#6358,.F.);
#7305 = ORIENTED_EDGE('',*,*,#5959,.F.);
#7306 = ORIENTED_EDGE('',*,*,#7307,.T.);
#7307 = EDGE_CURVE('',#5960,#7278,#7308,.T.);
#7308 = CIRCLE('',#7309,3.171455105453);
#7309 = AXIS2_PLACEMENT_3D('',#7310,#7311,#7312);
#7310 = CARTESIAN_POINT('',(9.5,40.,48.906707733236));
#7311 = DIRECTION('',(0.,0.,1.));
#7312 = DIRECTION('',(0.,-1.,0.));
#7313 = SPHERICAL_SURFACE('',#7314,3.8);
#7314 = AXIS2_PLACEMENT_3D('',#7315,#7316,#7317);
#7315 = CARTESIAN_POINT('',(9.5,40.,51.));
#7316 = DIRECTION('',(0.,0.,1.));
#7317 = DIRECTION('',(1.,0.,-0.));
#7318 = ADVANCED_FACE('',(#7319),#7455,.T.);
#7319 = FACE_BOUND('',#7320,.T.);
#7320 = EDGE_LOOP('',(#7321,#7332,#7338,#7339,#7340,#7341,#7342,#7343,
    #7352,#7361,#7410));
#7321 = ORIENTED_EDGE('',*,*,#7322,.T.);
#7322 = EDGE_CURVE('',#7323,#7325,#7327,.T.);
#7323 = VERTEX_POINT('',#7324);
#7324 = CARTESIAN_POINT('',(8.238096175952,42.296002859185,
    8.461495655492));
#7325 = VERTEX_POINT('',#7326);
#7326 = CARTESIAN_POINT('',(6.880070514079,40.,8.461495634205));
#7327 = CIRCLE('',#7328,2.619929485921);
#7328 = AXIS2_PLACEMENT_3D('',#7329,#7330,#7331);
#7329 = CARTESIAN_POINT('',(9.5,40.,8.461495634206));
#7330 = DIRECTION('',(0.,0.,1.));
#7331 = DIRECTION('',(0.,-1.,0.));
#7332 = ORIENTED_EDGE('',*,*,#7333,.F.);
#7333 = EDGE_CURVE('',#7290,#7325,#7334,.T.);
#7334 = LINE('',#7335,#7336);
#7335 = CARTESIAN_POINT('',(6.3,40.,51.));
#7336 = VECTOR('',#7337,1.);
#7337 = DIRECTION('',(1.363509596943E-02,3.339635327005E-18,
    -0.999907037758));
#7338 = ORIENTED_EDGE('',*,*,#7289,.F.);
#7339 = ORIENTED_EDGE('',*,*,#7307,.F.);
#7340 = ORIENTED_EDGE('',*,*,#6367,.F.);
#7341 = ORIENTED_EDGE('',*,*,#7298,.F.);
#7342 = ORIENTED_EDGE('',*,*,#7333,.T.);
#7343 = ORIENTED_EDGE('',*,*,#7344,.T.);
#7344 = EDGE_CURVE('',#7325,#7345,#7347,.T.);
#7345 = VERTEX_POINT('',#7346);
#7346 = CARTESIAN_POINT('',(12.119929485921,40.,8.461495634206));
#7347 = CIRCLE('',#7348,2.619929485921);
#7348 = AXIS2_PLACEMENT_3D('',#7349,#7350,#7351);
#7349 = CARTESIAN_POINT('',(9.5,40.,8.461495634206));
#7350 = DIRECTION('',(0.,0.,1.));
#7351 = DIRECTION('',(0.,-1.,0.));
#7352 = ORIENTED_EDGE('',*,*,#7353,.T.);
#7353 = EDGE_CURVE('',#7345,#7354,#7356,.T.);
#7354 = VERTEX_POINT('',#7355);
#7355 = CARTESIAN_POINT('',(10.761903869265,42.296002865384,
    8.461495627492));
#7356 = CIRCLE('',#7357,2.619929485921);
#7357 = AXIS2_PLACEMENT_3D('',#7358,#7359,#7360);
#7358 = CARTESIAN_POINT('',(9.5,40.,8.461495634206));
#7359 = DIRECTION('',(0.,0.,1.));
#7360 = DIRECTION('',(0.,-1.,0.));
#7361 = ORIENTED_EDGE('',*,*,#7362,.T.);
#7362 = EDGE_CURVE('',#7354,#7363,#7365,.T.);
#7363 = VERTEX_POINT('',#7364);
#7364 = CARTESIAN_POINT('',(9.5,42.623266961073,8.706243812046));
#7365 = B_SPLINE_CURVE_WITH_KNOTS('',8,(#7366,#7367,#7368,#7369,#7370,
    #7371,#7372,#7373,#7374,#7375,#7376,#7377,#7378,#7379,#7380,#7381,
    #7382,#7383,#7384,#7385,#7386,#7387,#7388,#7389,#7390,#7391,#7392,
    #7393,#7394,#7395,#7396,#7397,#7398,#7399,#7400,#7401,#7402,#7403,
    #7404,#7405,#7406,#7407,#7408,#7409),.UNSPECIFIED.,.F.,.F.,(9,7,7,7,
    7,7,9),(0.,7.465997893807E-02,0.124596593454,0.323089522098,
    0.704863775107,0.815004382951,1.),.UNSPECIFIED.);
#7366 = CARTESIAN_POINT('',(11.986475815984,40.759893424454,7.));
#7367 = CARTESIAN_POINT('',(11.983135460959,40.772202542398,
    7.029556317478));
#7368 = CARTESIAN_POINT('',(11.979311659263,40.785830646129,
    7.058715994328));
#7369 = CARTESIAN_POINT('',(11.975006641542,40.80067404817,7.08742667665
    ));
#7370 = CARTESIAN_POINT('',(11.970227400186,40.816610698511,
    7.115659820512));
#7371 = CARTESIAN_POINT('',(11.964983872954,40.833514691478,
    7.143404342958));
#7372 = CARTESIAN_POINT('',(11.959287161402,40.851266731618,
    7.170662026336));
#7373 = CARTESIAN_POINT('',(11.953147784154,40.869760558577,
    7.19744467596));
#7374 = CARTESIAN_POINT('',(11.942177040684,40.901710385795,
    7.241382852876));
#7375 = CARTESIAN_POINT('',(11.93758576808,40.914806447315,
    7.258789065542));
#7376 = CARTESIAN_POINT('',(11.932802763306,40.928166289896,
    7.275997998772));
#7377 = CARTESIAN_POINT('',(11.927830387319,40.94176492759,
    7.293016173154));
#7378 = CARTESIAN_POINT('',(11.922670745879,40.955579614179,
    7.309850300194));
#7379 = CARTESIAN_POINT('',(11.917325689556,40.969589843168,
    7.326507282326));
#7380 = CARTESIAN_POINT('',(11.911796813723,40.983777347791,
    7.342994212902));
#7381 = CARTESIAN_POINT('',(11.883383406698,41.055160925556,
    7.424205253533));
#7382 = CARTESIAN_POINT('',(11.857819250001,41.114687468087,
    7.486456903168));
#7383 = CARTESIAN_POINT('',(11.829446897528,41.175765297072,
    7.546622124466));
#7384 = CARTESIAN_POINT('',(11.79829357118,41.237780816794,
    7.605001011225));
#7385 = CARTESIAN_POINT('',(11.764372160921,41.30029655004,
    7.661790497271));
#7386 = CARTESIAN_POINT('',(11.727675278644,41.362991073792,
    7.717139608735));
#7387 = CARTESIAN_POINT('',(11.688160303603,41.425638666809,
    7.771163326634));
#7388 = CARTESIAN_POINT('',(11.564134836111,41.608170801957,
    7.92551883391));
#7389 = CARTESIAN_POINT('',(11.471995830614,41.727156549261,
    8.022264738628));
#7390 = CARTESIAN_POINT('',(11.368886041153,41.843720048253,
    8.114809906398));
#7391 = CARTESIAN_POINT('',(11.25430996372,41.956710970945,
    8.202927617127));
#7392 = CARTESIAN_POINT('',(11.127831459555,42.064747378572,
    8.286111223482));
#7393 = CARTESIAN_POINT('',(10.989115304775,42.166278751654,
    8.363515755807));
#7394 = CARTESIAN_POINT('',(10.838001376287,42.259519919315,
    8.434084092684));
#7395 = CARTESIAN_POINT('',(10.627342397023,42.36637192074,
    8.514522111364));
#7396 = CARTESIAN_POINT('',(10.579169318165,42.389425593467,
    8.53184558137));
#7397 = CARTESIAN_POINT('',(10.5300021783,42.411556690781,8.548448609335
    ));
#7398 = CARTESIAN_POINT('',(10.479858713642,42.43271090814,
    8.564295364486));
#7399 = CARTESIAN_POINT('',(10.428763068658,42.452832429257,
    8.579348563576));
#7400 = CARTESIAN_POINT('',(10.37674656772,42.471864822964,8.59357015185
    ));
#7401 = CARTESIAN_POINT('',(10.323848486753,42.48975194007,
    8.606921984021));
#7402 = CARTESIAN_POINT('',(10.179867441505,42.53446660037,
    8.640268713126));
#7403 = CARTESIAN_POINT('',(10.087230616861,42.55911960844,
    8.658619675176));
#7404 = CARTESIAN_POINT('',(9.992476154307,42.580119042854,
    8.674227642188));
#7405 = CARTESIAN_POINT('',(9.89592358262,42.597215675567,8.686920614802
    ));
#7406 = CARTESIAN_POINT('',(9.797944629816,42.610199323899,
    8.696552842554));
#7407 = CARTESIAN_POINT('',(9.698965636132,42.618912319012,
    8.703014396021));
#7408 = CARTESIAN_POINT('',(9.599469906138,42.623266961073,
    8.706243812046));
#7409 = CARTESIAN_POINT('',(9.5,42.623266961073,8.706243812046));
#7410 = ORIENTED_EDGE('',*,*,#7411,.T.);
#7411 = EDGE_CURVE('',#7363,#7323,#7412,.T.);
#7412 = B_SPLINE_CURVE_WITH_KNOTS('',6,(#7413,#7414,#7415,#7416,#7417,
    #7418,#7419,#7420,#7421,#7422,#7423,#7424,#7425,#7426,#7427,#7428,
    #7429,#7430,#7431,#7432,#7433,#7434,#7435,#7436,#7437,#7438,#7439,
    #7440,#7441,#7442,#7443,#7444,#7445,#7446,#7447,#7448,#7449,#7450,
    #7451,#7452,#7453,#7454),.UNSPECIFIED.,.F.,.F.,(7,5,5,5,5,5,5,5,7),(
    0.,0.185578508131,0.29455697152,0.478666243421,0.677207859434,
    0.842691322668,0.886900669587,0.940544043491,1.),.UNSPECIFIED.);
#7413 = CARTESIAN_POINT('',(9.5,42.623266961073,8.706243812046));
#7414 = CARTESIAN_POINT('',(9.367008598974,42.623266961073,
    8.706243812046));
#7415 = CARTESIAN_POINT('',(9.233968521718,42.615093508355,
    8.700182354056));
#7416 = CARTESIAN_POINT('',(9.10241198974,42.598736088031,8.688051727756
    ));
#7417 = CARTESIAN_POINT('',(8.973591089627,42.574615645709,8.67014717779
    ));
#7418 = CARTESIAN_POINT('',(8.848499673459,42.54338136981,8.646917939494
    ));
#7419 = CARTESIAN_POINT('',(8.657074585643,42.483764320351,
    8.602456083016));
#7420 = CARTESIAN_POINT('',(8.587776798289,42.459518653123,
    8.584351472923));
#7421 = CARTESIAN_POINT('',(8.520133070243,42.43323308691,8.56469377224)
  );
#7422 = CARTESIAN_POINT('',(8.454233999303,42.40506181053,8.543587341492
    ));
#7423 = CARTESIAN_POINT('',(8.390138092613,42.37515626906,8.52113309809)
  );
#7424 = CARTESIAN_POINT('',(8.222696788145,42.290442455417,
    8.457365572165));
#7425 = CARTESIAN_POINT('',(8.122773725439,42.23268821112,8.413729637568
    ));
#7426 = CARTESIAN_POINT('',(8.028233104365,42.171063903196,
    8.366946761194));
#7427 = CARTESIAN_POINT('',(7.939071249404,42.10617769541,8.317394723446
    ));
#7428 = CARTESIAN_POINT('',(7.855196826415,42.038560999885,
    8.265370661194));
#7429 = CARTESIAN_POINT('',(7.69157293399,41.893264832576,8.152501718041
    ));
#7430 = CARTESIAN_POINT('',(7.612684351866,41.815232607386,
    8.091300055444));
#7431 = CARTESIAN_POINT('',(7.539622674853,41.735110030535,
    8.027700969627));
#7432 = CARTESIAN_POINT('',(7.472224203438,41.653415591876,
    7.961848653655));
#7433 = CARTESIAN_POINT('',(7.410326909134,41.570643734039,
    7.893798265985));
#7434 = CARTESIAN_POINT('',(7.30666825977,41.417978596356,7.76467424547)
  );
#7435 = CARTESIAN_POINT('',(7.263294726211,41.348272535542,
    7.704355184443));
#7436 = CARTESIAN_POINT('',(7.223557638792,41.278562391591,
    7.642289845971));
#7437 = CARTESIAN_POINT('',(7.187425759291,41.20929424971,7.578281864865
    ));
#7438 = CARTESIAN_POINT('',(7.154896155513,41.14107234196,7.512070076542
    ));
#7439 = CARTESIAN_POINT('',(7.118294542506,41.057349152797,
    7.424537260883));
#7440 = CARTESIAN_POINT('',(7.110838920253,41.039853677282,
    7.405880397822));
#7441 = CARTESIAN_POINT('',(7.103645644011,41.022535881981,7.38700982614
    ));
#7442 = CARTESIAN_POINT('',(7.096716613726,41.005422200659,
    7.367913388134));
#7443 = CARTESIAN_POINT('',(7.090054346244,40.988543629928,
    7.348578078911));
#7444 = CARTESIAN_POINT('',(7.075905508228,40.951783795594,
    7.305222037439));
#7445 = CARTESIAN_POINT('',(7.068546839924,40.932031820125,
    7.281083240358));
#7446 = CARTESIAN_POINT('',(7.06159083673,40.912742180392,7.256547364392
    ));
#7447 = CARTESIAN_POINT('',(7.055045322378,40.893993968466,
    7.231590402479));
#7448 = CARTESIAN_POINT('',(7.048919631234,40.875881190745,
    7.206191878447));
#7449 = CARTESIAN_POINT('',(7.03690944504,40.839258576545,7.151678680038
    ));
#7450 = CARTESIAN_POINT('',(7.031123147294,40.820919145974,
    7.122460068616));
#7451 = CARTESIAN_POINT('',(7.025877951357,40.803638549226,
    7.092664311401));
#7452 = CARTESIAN_POINT('',(7.021189697746,40.787593650511,7.06229367822
    ));
#7453 = CARTESIAN_POINT('',(7.017070720629,40.772962315955,
    7.031380664751));
#7454 = CARTESIAN_POINT('',(7.013524184016,40.759893424454,7.));
#7455 = CONICAL_SURFACE('',#7456,3.2,1.36355185015E-02);
#7456 = AXIS2_PLACEMENT_3D('',#7457,#7458,#7459);
#7457 = CARTESIAN_POINT('',(9.5,40.,51.));
#7458 = DIRECTION('',(-0.,-0.,1.));
#7459 = DIRECTION('',(-1.,0.,-0.));
#7460 = ADVANCED_FACE('',(#7461),#7493,.T.);
#7461 = FACE_BOUND('',#7462,.T.);
#7462 = EDGE_LOOP('',(#7463,#7472,#7473,#7474,#7475,#7484,#7491,#7492));
#7463 = ORIENTED_EDGE('',*,*,#7464,.T.);
#7464 = EDGE_CURVE('',#5979,#7465,#7467,.T.);
#7465 = VERTEX_POINT('',#7466);
#7466 = CARTESIAN_POINT('',(11.,36.,57.));
#7467 = CIRCLE('',#7468,2.);
#7468 = AXIS2_PLACEMENT_3D('',#7469,#7470,#7471);
#7469 = CARTESIAN_POINT('',(11.,36.,55.));
#7470 = DIRECTION('',(-2.449293598295E-16,-1.,0.));
#7471 = DIRECTION('',(1.,-2.449293598295E-16,0.));
#7472 = ORIENTED_EDGE('',*,*,#7464,.F.);
#7473 = ORIENTED_EDGE('',*,*,#5978,.F.);
#7474 = ORIENTED_EDGE('',*,*,#6338,.T.);
#7475 = ORIENTED_EDGE('',*,*,#7476,.F.);
#7476 = EDGE_CURVE('',#7477,#6328,#7479,.T.);
#7477 = VERTEX_POINT('',#7478);
#7478 = CARTESIAN_POINT('',(11.056509415274,35.033515962532,
    56.75006151072));
#7479 = CIRCLE('',#7480,1.645207532219);
#7480 = AXIS2_PLACEMENT_3D('',#7481,#7482,#7483);
#7481 = CARTESIAN_POINT('',(11.056509415274,34.869811694515,
    55.113018830549));
#7482 = DIRECTION('',(4.96903995E-02,-0.99380799,9.938079899999E-02));
#7483 = DIRECTION('',(0.,-9.9503719021E-02,-0.99503719021));
#7484 = ORIENTED_EDGE('',*,*,#7485,.F.);
#7485 = EDGE_CURVE('',#6052,#7477,#7486,.T.);
#7486 = CIRCLE('',#7487,1.645207532219);
#7487 = AXIS2_PLACEMENT_3D('',#7488,#7489,#7490);
#7488 = CARTESIAN_POINT('',(11.056509415274,34.869811694515,
    55.113018830549));
#7489 = DIRECTION('',(4.96903995E-02,-0.99380799,9.938079899999E-02));
#7490 = DIRECTION('',(0.,-9.9503719021E-02,-0.99503719021));
#7491 = ORIENTED_EDGE('',*,*,#6051,.T.);
#7492 = ORIENTED_EDGE('',*,*,#6041,.F.);
#7493 = SPHERICAL_SURFACE('',#7494,2.);
#7494 = AXIS2_PLACEMENT_3D('',#7495,#7496,#7497);
#7495 = CARTESIAN_POINT('',(11.,36.,55.));
#7496 = DIRECTION('',(0.,0.,1.));
#7497 = DIRECTION('',(1.,0.,-0.));
#7498 = ADVANCED_FACE('',(#7499),#7528,.T.);
#7499 = FACE_BOUND('',#7500,.T.);
#7500 = EDGE_LOOP('',(#7501,#7509,#7510,#7511,#7521));
#7501 = ORIENTED_EDGE('',*,*,#7502,.T.);
#7502 = EDGE_CURVE('',#7503,#7477,#7505,.T.);
#7503 = VERTEX_POINT('',#7504);
#7504 = CARTESIAN_POINT('',(11.421474462541,27.763267320807,
    57.77051464138));
#7505 = LINE('',#7506,#7507);
#7506 = CARTESIAN_POINT('',(11.5,26.199007438042,57.99007438042));
#7507 = VECTOR('',#7508,1.);
#7508 = DIRECTION('',(-4.965118442079E-02,0.989071306413,-0.138826188871
    ));
#7509 = ORIENTED_EDGE('',*,*,#7476,.T.);
#7510 = ORIENTED_EDGE('',*,*,#6327,.T.);
#7511 = ORIENTED_EDGE('',*,*,#7512,.T.);
#7512 = EDGE_CURVE('',#6320,#7513,#7515,.T.);
#7513 = VERTEX_POINT('',#7514);
#7514 = CARTESIAN_POINT('',(9.524605536944,27.438632050212,
    55.472596434793));
#7515 = B_SPLINE_CURVE_WITH_KNOTS('',4,(#7516,#7517,#7518,#7519,#7520),
  .UNSPECIFIED.,.F.,.F.,(5,5),(0.,1.),.PIECEWISE_BEZIER_KNOTS.);
#7516 = CARTESIAN_POINT('',(9.5,30.121994722746,55.204077995168));
#7517 = CARTESIAN_POINT('',(9.509696154071,29.057739309806,
    55.310610551512));
#7518 = CARTESIAN_POINT('',(9.519462723706,27.993481319745,
    55.417106465357));
#7519 = CARTESIAN_POINT('',(9.529289535084,26.92922070571,
    55.523566011204));
#7520 = CARTESIAN_POINT('',(9.539169580045,25.864957455326,
    55.629989763242));
#7521 = ORIENTED_EDGE('',*,*,#7522,.F.);
#7522 = EDGE_CURVE('',#7503,#7513,#7523,.T.);
#7523 = CIRCLE('',#7524,1.937179570033);
#7524 = AXIS2_PLACEMENT_3D('',#7525,#7526,#7527);
#7525 = CARTESIAN_POINT('',(11.421474462541,27.570510749177,
    55.842948925082));
#7526 = DIRECTION('',(4.96903995E-02,-0.99380799,9.938079899999E-02));
#7527 = DIRECTION('',(8.673617379884E-19,-9.9503719021E-02,
    -0.99503719021));
#7528 = CONICAL_SURFACE('',#7529,2.,3.97313999379E-02);
#7529 = AXIS2_PLACEMENT_3D('',#7530,#7531,#7532);
#7530 = CARTESIAN_POINT('',(11.5,26.,56.));
#7531 = DIRECTION('',(4.96903995E-02,-0.99380799,9.938079899999E-02));
#7532 = DIRECTION('',(0.,9.9503719021E-02,0.99503719021));
#7533 = ADVANCED_FACE('',(#7534),#7609,.T.);
#7534 = FACE_BOUND('',#7535,.T.);
#7535 = EDGE_LOOP('',(#7536,#7537,#7538));
#7536 = ORIENTED_EDGE('',*,*,#7512,.F.);
#7537 = ORIENTED_EDGE('',*,*,#6319,.F.);
#7538 = ORIENTED_EDGE('',*,*,#7539,.T.);
#7539 = EDGE_CURVE('',#6299,#7513,#7540,.T.);
#7540 = B_SPLINE_CURVE_WITH_KNOTS('',7,(#7541,#7542,#7543,#7544,#7545,
    #7546,#7547,#7548,#7549,#7550,#7551,#7552,#7553,#7554,#7555,#7556,
    #7557,#7558,#7559,#7560,#7561,#7562,#7563,#7564,#7565,#7566,#7567,
    #7568,#7569,#7570,#7571,#7572,#7573,#7574,#7575,#7576,#7577,#7578,
    #7579,#7580,#7581,#7582,#7583,#7584,#7585,#7586,#7587,#7588,#7589,
    #7590,#7591,#7592,#7593,#7594,#7595,#7596,#7597,#7598,#7599,#7600,
    #7601,#7602,#7603,#7604,#7605,#7606,#7607,#7608),.UNSPECIFIED.,.F.,
  .F.,(8,6,6,6,6,6,6,6,6,6,6,8),(0.,0.178900039334,0.23867054178,
    0.271763160103,0.338957854832,0.413366706266,0.450384748511,
    0.52215135617,0.626381104785,0.726374719378,0.907491042776,1.),
  .UNSPECIFIED.);
#7541 = CARTESIAN_POINT('',(9.5,27.405498079999,55.476000813819));
#7542 = CARTESIAN_POINT('',(9.576212492381,27.510045501208,
    55.465535559046));
#7543 = CARTESIAN_POINT('',(9.660191349998,27.611059333968,
    55.453462398099));
#7544 = CARTESIAN_POINT('',(9.752229255053,27.70799318815,
    55.439110822424));
#7545 = CARTESIAN_POINT('',(9.852539774378,27.799934884379,
    55.421683295673));
#7546 = CARTESIAN_POINT('',(9.961140306182,27.885667258728,
    55.400227849361));
#7547 = CARTESIAN_POINT('',(10.07777121309,27.96371049388,
    55.373673054175));
#7548 = CARTESIAN_POINT('',(10.243306245093,28.055277091309,
    55.329984364758));
#7549 = CARTESIAN_POINT('',(10.285575711203,28.077148536009,
    55.318356573439));
#7550 = CARTESIAN_POINT('',(10.32862718634,28.097892643866,
    55.306004919719));
#7551 = CARTESIAN_POINT('',(10.372418468328,28.117437380155,
    55.292894042808));
#7552 = CARTESIAN_POINT('',(10.416896569955,28.135708449857,
    55.278992303743));
#7553 = CARTESIAN_POINT('',(10.46199678263,28.152631405103,
    55.26427379475));
#7554 = CARTESIAN_POINT('',(10.532913589721,28.1767168036,
    55.240109006278));
#7555 = CARTESIAN_POINT('',(10.558352313959,28.184864442784,
    55.231241840556));
#7556 = CARTESIAN_POINT('',(10.583944568937,28.192564130246,
    55.222115718169));
#7557 = CARTESIAN_POINT('',(10.609675863952,28.199803840921,
    55.212728460811));
#7558 = CARTESIAN_POINT('',(10.635530561409,28.206572064604,
    55.203078845139));
#7559 = CARTESIAN_POINT('',(10.661491876824,28.212857805949,
    55.193166602766));
#7560 = CARTESIAN_POINT('',(10.740436512729,28.230412844581,
    55.162333701739));
#7561 = CARTESIAN_POINT('',(10.793703411872,28.240144361535,
    55.140592727913));
#7562 = CARTESIAN_POINT('',(10.847182875267,28.247756565771,
    55.117779901119));
#7563 = CARTESIAN_POINT('',(10.900706956311,28.253178153289,
    55.0939221091));
#7564 = CARTESIAN_POINT('',(10.95410075072,28.256359157773,
    55.069065391908));
#7565 = CARTESIAN_POINT('',(11.007183684487,28.257275022723,
    55.043277608794));
#7566 = CARTESIAN_POINT('',(11.118003777186,28.254441992422,
    54.987165926774));
#7567 = CARTESIAN_POINT('',(11.175643512195,28.250181275537,
    54.956644815366));
#7568 = CARTESIAN_POINT('',(11.232435455625,28.243154356613,
    54.925213407603));
#7569 = CARTESIAN_POINT('',(11.288161150233,28.233410789548,
    54.893013065301));
#7570 = CARTESIAN_POINT('',(11.342635741376,28.221037074103,
    54.860196677266));
#7571 = CARTESIAN_POINT('',(11.395705485622,28.206149881564,
    54.826924461185));
#7572 = CARTESIAN_POINT('',(11.472886046503,28.180302215143,
    54.776661492415));
#7573 = CARTESIAN_POINT('',(11.498150553347,28.171126973608,
    54.759889262907));
#7574 = CARTESIAN_POINT('',(11.523024925416,28.161380155095,
    54.743062068496));
#7575 = CARTESIAN_POINT('',(11.547497917688,28.151079292825,
    54.726198378363));
#7576 = CARTESIAN_POINT('',(11.571560656745,28.140242572907,
    54.709316035672));
#7577 = CARTESIAN_POINT('',(11.595206402916,28.128888553286,
    54.692432153879));
#7578 = CARTESIAN_POINT('',(11.663454335875,28.094057196971,
    54.642858933119));
#7579 = CARTESIAN_POINT('',(11.706891274149,28.069204993837,
    54.610211285255));
#7580 = CARTESIAN_POINT('',(11.748709511981,28.042614362076,
    54.577736809239));
#7581 = CARTESIAN_POINT('',(11.788902443303,28.014420544828,
    54.545540363747));
#7582 = CARTESIAN_POINT('',(11.827483595042,27.984754954947,
    54.513714330326));
#7583 = CARTESIAN_POINT('',(11.864481750906,27.95374119035,
    54.48233801737));
#7584 = CARTESIAN_POINT('',(11.95142792392,27.87465277461,54.40665636678
    ));
#7585 = CARTESIAN_POINT('',(11.999654367462,27.825215079543,
    54.362930534331));
#7586 = CARTESIAN_POINT('',(12.044748739192,27.773514293466,
    54.320493291912));
#7587 = CARTESIAN_POINT('',(12.086863157171,27.719857768275,
    54.279501600549));
#7588 = CARTESIAN_POINT('',(12.126161478298,27.664520492633,
    54.240077951676));
#7589 = CARTESIAN_POINT('',(12.162812252479,27.607741706138,
    54.202312661657));
#7590 = CARTESIAN_POINT('',(12.229762377989,27.494059393444,
    54.13168468252));
#7591 = CARTESIAN_POINT('',(12.260253934944,27.437264416358,
    54.098691183084));
#7592 = CARTESIAN_POINT('',(12.288601464874,27.379518548696,
    54.067342395767));
#7593 = CARTESIAN_POINT('',(12.314939563005,27.320992031644,
    54.037681881002));
#7594 = CARTESIAN_POINT('',(12.339393602775,27.261842416624,
    54.009739934695));
#7595 = CARTESIAN_POINT('',(12.362081036052,27.202213600784,
    53.983533491003));
#7596 = CARTESIAN_POINT('',(12.421206890223,27.03359663989,
    53.914748620671));
#7597 = CARTESIAN_POINT('',(12.453878621445,26.923781367523,
    53.876125106458));
#7598 = CARTESIAN_POINT('',(12.481748707597,26.813640702694,
    53.843258544263));
#7599 = CARTESIAN_POINT('',(12.505381312979,26.703877424568,
    53.816058214186));
#7600 = CARTESIAN_POINT('',(12.525289769489,26.594973989583,
    53.794273835897));
#7601 = CARTESIAN_POINT('',(12.541908081443,26.487043512654,
    53.777612372763));
#7602 = CARTESIAN_POINT('',(12.562532406366,26.325271687506,
    53.759843927678));
#7603 = CARTESIAN_POINT('',(12.568732537827,26.270790302409,
    53.755114011867));
#7604 = CARTESIAN_POINT('',(12.574204447146,26.216491015325,
    53.751630506796));
#7605 = CARTESIAN_POINT('',(12.578984028735,26.162325595012,
    53.749369719107));
#7606 = CARTESIAN_POINT('',(12.583098022542,26.108233263241,
    53.748317152391));
#7607 = CARTESIAN_POINT('',(12.586563413166,26.054147025214,
    53.748469456278));
#7608 = CARTESIAN_POINT('',(12.589386828973,26.,53.749836375536));
#7609 = CONICAL_SURFACE('',#7610,4.,2.098424884378E-02);
#7610 = AXIS2_PLACEMENT_3D('',#7611,#7612,#7613);
#7611 = CARTESIAN_POINT('',(9.5,2.,54.));
#7612 = DIRECTION('',(-0.,-0.996898148653,7.870248542001E-02));
#7613 = DIRECTION('',(0.,7.870248542001E-02,0.996898148653));
#7614 = ADVANCED_FACE('',(#7615),#7639,.T.);
#7615 = FACE_BOUND('',#7616,.T.);
#7616 = EDGE_LOOP('',(#7617,#7618,#7625,#7626,#7633,#7634,#7635,#7636,
    #7637,#7638));
#7617 = ORIENTED_EDGE('',*,*,#7242,.F.);
#7618 = ORIENTED_EDGE('',*,*,#7619,.F.);
#7619 = EDGE_CURVE('',#6136,#7243,#7620,.T.);
#7620 = CIRCLE('',#7621,2.5);
#7621 = AXIS2_PLACEMENT_3D('',#7622,#7623,#7624);
#7622 = CARTESIAN_POINT('',(11.5,26.,56.));
#7623 = DIRECTION('',(-2.449293598295E-16,-1.,0.));
#7624 = DIRECTION('',(1.,-2.449293598295E-16,0.));
#7625 = ORIENTED_EDGE('',*,*,#6135,.F.);
#7626 = ORIENTED_EDGE('',*,*,#7627,.T.);
#7627 = EDGE_CURVE('',#6125,#7503,#7628,.T.);
#7628 = CIRCLE('',#7629,1.937179570033);
#7629 = AXIS2_PLACEMENT_3D('',#7630,#7631,#7632);
#7630 = CARTESIAN_POINT('',(11.421474462541,27.570510749177,
    55.842948925082));
#7631 = DIRECTION('',(4.96903995E-02,-0.99380799,9.938079899999E-02));
#7632 = DIRECTION('',(8.673617379884E-19,-9.9503719021E-02,
    -0.99503719021));
#7633 = ORIENTED_EDGE('',*,*,#7522,.T.);
#7634 = ORIENTED_EDGE('',*,*,#7539,.F.);
#7635 = ORIENTED_EDGE('',*,*,#6298,.T.);
#7636 = ORIENTED_EDGE('',*,*,#6208,.T.);
#7637 = ORIENTED_EDGE('',*,*,#7619,.T.);
#7638 = ORIENTED_EDGE('',*,*,#7262,.F.);
#7639 = SPHERICAL_SURFACE('',#7640,2.5);
#7640 = AXIS2_PLACEMENT_3D('',#7641,#7642,#7643);
#7641 = CARTESIAN_POINT('',(11.5,26.,56.));
#7642 = DIRECTION('',(0.,0.,1.));
#7643 = DIRECTION('',(1.,0.,-0.));
#7644 = ADVANCED_FACE('',(#7645),#7651,.T.);
#7645 = FACE_BOUND('',#7646,.T.);
#7646 = EDGE_LOOP('',(#7647,#7648,#7649,#7650));
#7647 = ORIENTED_EDGE('',*,*,#7485,.T.);
#7648 = ORIENTED_EDGE('',*,*,#7502,.F.);
#7649 = ORIENTED_EDGE('',*,*,#7627,.F.);
#7650 = ORIENTED_EDGE('',*,*,#6124,.F.);
#7651 = CONICAL_SURFACE('',#7652,2.,3.97313999379E-02);
#7652 = AXIS2_PLACEMENT_3D('',#7653,#7654,#7655);
#7653 = CARTESIAN_POINT('',(11.5,26.,56.));
#7654 = DIRECTION('',(4.96903995E-02,-0.99380799,9.938079899999E-02));
#7655 = DIRECTION('',(0.,9.9503719021E-02,0.99503719021));
#7656 = ADVANCED_FACE('',(#7657),#7696,.T.);
#7657 = FACE_BOUND('',#7658,.T.);
#7658 = EDGE_LOOP('',(#7659,#7670,#7671,#7680,#7687,#7688,#7689));
#7659 = ORIENTED_EDGE('',*,*,#7660,.T.);
#7660 = EDGE_CURVE('',#7661,#7663,#7665,.T.);
#7661 = VERTEX_POINT('',#7662);
#7662 = CARTESIAN_POINT('',(-6.328544894547,40.,48.906707733236));
#7663 = VERTEX_POINT('',#7664);
#7664 = CARTESIAN_POINT('',(-9.5,40.,54.8));
#7665 = CIRCLE('',#7666,3.8);
#7666 = AXIS2_PLACEMENT_3D('',#7667,#7668,#7669);
#7667 = CARTESIAN_POINT('',(-9.5,40.,51.));
#7668 = DIRECTION('',(-2.449293598295E-16,-1.,0.));
#7669 = DIRECTION('',(1.,-2.449293598295E-16,0.));
#7670 = ORIENTED_EDGE('',*,*,#7660,.F.);
#7671 = ORIENTED_EDGE('',*,*,#7672,.T.);
#7672 = EDGE_CURVE('',#7661,#7673,#7675,.T.);
#7673 = VERTEX_POINT('',#7674);
#7674 = CARTESIAN_POINT('',(-12.67145510545,40.,48.906707733236));
#7675 = CIRCLE('',#7676,3.171455105453);
#7676 = AXIS2_PLACEMENT_3D('',#7677,#7678,#7679);
#7677 = CARTESIAN_POINT('',(-9.5,40.,48.906707733236));
#7678 = DIRECTION('',(0.,0.,1.));
#7679 = DIRECTION('',(0.,-1.,0.));
#7680 = ORIENTED_EDGE('',*,*,#7681,.T.);
#7681 = EDGE_CURVE('',#7673,#7045,#7682,.T.);
#7682 = CIRCLE('',#7683,3.171455105453);
#7683 = AXIS2_PLACEMENT_3D('',#7684,#7685,#7686);
#7684 = CARTESIAN_POINT('',(-9.5,40.,48.906707733236));
#7685 = DIRECTION('',(0.,0.,1.));
#7686 = DIRECTION('',(0.,-1.,0.));
#7687 = ORIENTED_EDGE('',*,*,#7044,.F.);
#7688 = ORIENTED_EDGE('',*,*,#6568,.F.);
#7689 = ORIENTED_EDGE('',*,*,#7690,.T.);
#7690 = EDGE_CURVE('',#6569,#7661,#7691,.T.);
#7691 = CIRCLE('',#7692,3.171455105453);
#7692 = AXIS2_PLACEMENT_3D('',#7693,#7694,#7695);
#7693 = CARTESIAN_POINT('',(-9.5,40.,48.906707733236));
#7694 = DIRECTION('',(0.,0.,1.));
#7695 = DIRECTION('',(0.,-1.,0.));
#7696 = SPHERICAL_SURFACE('',#7697,3.8);
#7697 = AXIS2_PLACEMENT_3D('',#7698,#7699,#7700);
#7698 = CARTESIAN_POINT('',(-9.5,40.,51.));
#7699 = DIRECTION('',(0.,0.,1.));
#7700 = DIRECTION('',(1.,0.,-0.));
#7701 = ADVANCED_FACE('',(#7702),#7838,.T.);
#7702 = FACE_BOUND('',#7703,.T.);
#7703 = EDGE_LOOP('',(#7704,#7715,#7721,#7722,#7723,#7724,#7725,#7726,
    #7735,#7744,#7793));
#7704 = ORIENTED_EDGE('',*,*,#7705,.T.);
#7705 = EDGE_CURVE('',#7706,#7708,#7710,.T.);
#7706 = VERTEX_POINT('',#7707);
#7707 = CARTESIAN_POINT('',(-10.76190382406,42.296002859173,
    8.46149565549));
#7708 = VERTEX_POINT('',#7709);
#7709 = CARTESIAN_POINT('',(-12.11992948592,40.,8.461495634206));
#7710 = CIRCLE('',#7711,2.619929485921);
#7711 = AXIS2_PLACEMENT_3D('',#7712,#7713,#7714);
#7712 = CARTESIAN_POINT('',(-9.5,40.,8.461495634206));
#7713 = DIRECTION('',(0.,0.,1.));
#7714 = DIRECTION('',(0.,-1.,0.));
#7715 = ORIENTED_EDGE('',*,*,#7716,.F.);
#7716 = EDGE_CURVE('',#7673,#7708,#7717,.T.);
#7717 = LINE('',#7718,#7719);
#7718 = CARTESIAN_POINT('',(-12.7,40.,51.));
#7719 = VECTOR('',#7720,1.);
#7720 = DIRECTION('',(1.363509596943E-02,3.339635327005E-18,
    -0.999907037758));
#7721 = ORIENTED_EDGE('',*,*,#7672,.F.);
#7722 = ORIENTED_EDGE('',*,*,#7690,.F.);
#7723 = ORIENTED_EDGE('',*,*,#7053,.F.);
#7724 = ORIENTED_EDGE('',*,*,#7681,.F.);
#7725 = ORIENTED_EDGE('',*,*,#7716,.T.);
#7726 = ORIENTED_EDGE('',*,*,#7727,.T.);
#7727 = EDGE_CURVE('',#7708,#7728,#7730,.T.);
#7728 = VERTEX_POINT('',#7729);
#7729 = CARTESIAN_POINT('',(-6.880070514079,40.,8.461495634206));
#7730 = CIRCLE('',#7731,2.619929485921);
#7731 = AXIS2_PLACEMENT_3D('',#7732,#7733,#7734);
#7732 = CARTESIAN_POINT('',(-9.5,40.,8.461495634206));
#7733 = DIRECTION('',(0.,0.,1.));
#7734 = DIRECTION('',(0.,-1.,0.));
#7735 = ORIENTED_EDGE('',*,*,#7736,.T.);
#7736 = EDGE_CURVE('',#7728,#7737,#7739,.T.);
#7737 = VERTEX_POINT('',#7738);
#7738 = CARTESIAN_POINT('',(-8.238096130725,42.296002865378,
    8.461495627489));
#7739 = CIRCLE('',#7740,2.619929485921);
#7740 = AXIS2_PLACEMENT_3D('',#7741,#7742,#7743);
#7741 = CARTESIAN_POINT('',(-9.5,40.,8.461495634206));
#7742 = DIRECTION('',(0.,0.,1.));
#7743 = DIRECTION('',(0.,-1.,0.));
#7744 = ORIENTED_EDGE('',*,*,#7745,.T.);
#7745 = EDGE_CURVE('',#7737,#7746,#7748,.T.);
#7746 = VERTEX_POINT('',#7747);
#7747 = CARTESIAN_POINT('',(-9.5,42.623266961073,8.706243812046));
#7748 = B_SPLINE_CURVE_WITH_KNOTS('',8,(#7749,#7750,#7751,#7752,#7753,
    #7754,#7755,#7756,#7757,#7758,#7759,#7760,#7761,#7762,#7763,#7764,
    #7765,#7766,#7767,#7768,#7769,#7770,#7771,#7772,#7773,#7774,#7775,
    #7776,#7777,#7778,#7779,#7780,#7781,#7782,#7783,#7784,#7785,#7786,
    #7787,#7788,#7789,#7790,#7791,#7792),.UNSPECIFIED.,.F.,.F.,(9,7,7,7,
    7,7,9),(0.,7.465997893809E-02,0.124596593454,0.323089522099,
    0.704863775107,0.815004382951,1.),.UNSPECIFIED.);
#7749 = CARTESIAN_POINT('',(-7.013524184016,40.759893424454,7.));
#7750 = CARTESIAN_POINT('',(-7.016864539041,40.772202542398,
    7.029556317478));
#7751 = CARTESIAN_POINT('',(-7.020688340737,40.785830646129,
    7.058715994328));
#7752 = CARTESIAN_POINT('',(-7.024993358458,40.80067404817,7.08742667665
    ));
#7753 = CARTESIAN_POINT('',(-7.029772599814,40.816610698511,
    7.115659820512));
#7754 = CARTESIAN_POINT('',(-7.035016127046,40.833514691478,
    7.143404342958));
#7755 = CARTESIAN_POINT('',(-7.040712838598,40.851266731618,
    7.170662026336));
#7756 = CARTESIAN_POINT('',(-7.046852215846,40.869760558577,
    7.19744467596));
#7757 = CARTESIAN_POINT('',(-7.057822959316,40.901710385795,
    7.241382852876));
#7758 = CARTESIAN_POINT('',(-7.06241423192,40.914806447315,
    7.258789065542));
#7759 = CARTESIAN_POINT('',(-7.067197236694,40.928166289896,
    7.275997998772));
#7760 = CARTESIAN_POINT('',(-7.072169612681,40.94176492759,
    7.293016173154));
#7761 = CARTESIAN_POINT('',(-7.077329254121,40.955579614179,
    7.309850300194));
#7762 = CARTESIAN_POINT('',(-7.082674310444,40.969589843168,
    7.326507282326));
#7763 = CARTESIAN_POINT('',(-7.088203186277,40.983777347791,
    7.342994212902));
#7764 = CARTESIAN_POINT('',(-7.116616593302,41.055160925557,
    7.424205253533));
#7765 = CARTESIAN_POINT('',(-7.142180749999,41.114687468087,
    7.486456903168));
#7766 = CARTESIAN_POINT('',(-7.170553102472,41.175765297073,
    7.546622124466));
#7767 = CARTESIAN_POINT('',(-7.20170642882,41.237780816794,
    7.605001011225));
#7768 = CARTESIAN_POINT('',(-7.235627839078,41.30029655004,
    7.661790497271));
#7769 = CARTESIAN_POINT('',(-7.272324721357,41.362991073792,
    7.717139608735));
#7770 = CARTESIAN_POINT('',(-7.311839696397,41.425638666809,
    7.771163326634));
#7771 = CARTESIAN_POINT('',(-7.435865163889,41.608170801957,
    7.92551883391));
#7772 = CARTESIAN_POINT('',(-7.528004169387,41.727156549261,
    8.022264738628));
#7773 = CARTESIAN_POINT('',(-7.631113958844,41.843720048252,
    8.114809906398));
#7774 = CARTESIAN_POINT('',(-7.745690036284,41.956710970946,
    8.202927617127));
#7775 = CARTESIAN_POINT('',(-7.872168540442,42.064747378572,
    8.286111223482));
#7776 = CARTESIAN_POINT('',(-8.010884695226,42.166278751654,
    8.363515755807));
#7777 = CARTESIAN_POINT('',(-8.161998623713,42.259519919315,
    8.434084092684));
#7778 = CARTESIAN_POINT('',(-8.372657602977,42.36637192074,
    8.514522111364));
#7779 = CARTESIAN_POINT('',(-8.420830681835,42.389425593467,
    8.53184558137));
#7780 = CARTESIAN_POINT('',(-8.4699978217,42.411556690781,8.548448609335
    ));
#7781 = CARTESIAN_POINT('',(-8.520141286358,42.43271090814,
    8.564295364486));
#7782 = CARTESIAN_POINT('',(-8.571236931342,42.452832429257,
    8.579348563576));
#7783 = CARTESIAN_POINT('',(-8.62325343228,42.471864822964,8.59357015185
    ));
#7784 = CARTESIAN_POINT('',(-8.676151513247,42.48975194007,
    8.606921984021));
#7785 = CARTESIAN_POINT('',(-8.820132558495,42.53446660037,
    8.640268713126));
#7786 = CARTESIAN_POINT('',(-8.912769383139,42.55911960844,
    8.658619675176));
#7787 = CARTESIAN_POINT('',(-9.007523845693,42.580119042854,
    8.674227642188));
#7788 = CARTESIAN_POINT('',(-9.10407641738,42.597215675567,
    8.686920614802));
#7789 = CARTESIAN_POINT('',(-9.202055370184,42.610199323899,
    8.696552842554));
#7790 = CARTESIAN_POINT('',(-9.301034363868,42.618912319012,
    8.703014396021));
#7791 = CARTESIAN_POINT('',(-9.400530093862,42.623266961073,
    8.706243812046));
#7792 = CARTESIAN_POINT('',(-9.5,42.623266961073,8.706243812046));
#7793 = ORIENTED_EDGE('',*,*,#7794,.T.);
#7794 = EDGE_CURVE('',#7746,#7706,#7795,.T.);
#7795 = B_SPLINE_CURVE_WITH_KNOTS('',6,(#7796,#7797,#7798,#7799,#7800,
    #7801,#7802,#7803,#7804,#7805,#7806,#7807,#7808,#7809,#7810,#7811,
    #7812,#7813,#7814,#7815,#7816,#7817,#7818,#7819,#7820,#7821,#7822,
    #7823,#7824,#7825,#7826,#7827,#7828,#7829,#7830,#7831,#7832,#7833,
    #7834,#7835,#7836,#7837),.UNSPECIFIED.,.F.,.F.,(7,5,5,5,5,5,5,5,7),(
    0.,0.185578508131,0.29455697152,0.478666243421,0.677207859434,
    0.842691322668,0.886900669586,0.940544043491,1.),.UNSPECIFIED.);
#7796 = CARTESIAN_POINT('',(-9.5,42.623266961073,8.706243812046));
#7797 = CARTESIAN_POINT('',(-9.632991401026,42.623266961073,
    8.706243812046));
#7798 = CARTESIAN_POINT('',(-9.766031478282,42.615093508355,
    8.700182354056));
#7799 = CARTESIAN_POINT('',(-9.897588010259,42.598736088031,
    8.688051727756));
#7800 = CARTESIAN_POINT('',(-10.02640891037,42.574615645709,
    8.67014717779));
#7801 = CARTESIAN_POINT('',(-10.15150032654,42.54338136981,
    8.646917939494));
#7802 = CARTESIAN_POINT('',(-10.34292541435,42.483764320351,
    8.602456083016));
#7803 = CARTESIAN_POINT('',(-10.41222320171,42.459518653123,
    8.584351472923));
#7804 = CARTESIAN_POINT('',(-10.47986692975,42.43323308691,8.56469377224
    ));
#7805 = CARTESIAN_POINT('',(-10.54576600069,42.40506181053,
    8.543587341492));
#7806 = CARTESIAN_POINT('',(-10.60986190738,42.37515626906,8.52113309809
    ));
#7807 = CARTESIAN_POINT('',(-10.77730321185,42.290442455417,
    8.457365572165));
#7808 = CARTESIAN_POINT('',(-10.87722627456,42.23268821112,
    8.413729637568));
#7809 = CARTESIAN_POINT('',(-10.97176689563,42.171063903196,
    8.366946761194));
#7810 = CARTESIAN_POINT('',(-11.06092875059,42.10617769541,
    8.317394723446));
#7811 = CARTESIAN_POINT('',(-11.14480317358,42.038560999885,
    8.265370661194));
#7812 = CARTESIAN_POINT('',(-11.30842706601,41.893264832576,
    8.152501718041));
#7813 = CARTESIAN_POINT('',(-11.38731564813,41.815232607386,
    8.091300055444));
#7814 = CARTESIAN_POINT('',(-11.46037732514,41.735110030535,
    8.027700969627));
#7815 = CARTESIAN_POINT('',(-11.52777579656,41.653415591876,
    7.961848653655));
#7816 = CARTESIAN_POINT('',(-11.58967309086,41.570643734039,
    7.893798265985));
#7817 = CARTESIAN_POINT('',(-11.69333174023,41.417978596356,
    7.76467424547));
#7818 = CARTESIAN_POINT('',(-11.73670527378,41.348272535541,
    7.704355184443));
#7819 = CARTESIAN_POINT('',(-11.7764423612,41.278562391591,
    7.642289845971));
#7820 = CARTESIAN_POINT('',(-11.8125742407,41.20929424971,7.578281864865
    ));
#7821 = CARTESIAN_POINT('',(-11.84510384448,41.14107234196,
    7.512070076542));
#7822 = CARTESIAN_POINT('',(-11.88170545749,41.057349152797,
    7.424537260883));
#7823 = CARTESIAN_POINT('',(-11.88916107974,41.039853677282,
    7.405880397822));
#7824 = CARTESIAN_POINT('',(-11.89635435598,41.022535881981,
    7.38700982614));
#7825 = CARTESIAN_POINT('',(-11.90328338627,41.005422200659,
    7.367913388134));
#7826 = CARTESIAN_POINT('',(-11.90994565375,40.988543629928,
    7.348578078911));
#7827 = CARTESIAN_POINT('',(-11.92409449177,40.951783795594,
    7.305222037439));
#7828 = CARTESIAN_POINT('',(-11.93145316007,40.932031820125,
    7.281083240358));
#7829 = CARTESIAN_POINT('',(-11.93840916327,40.912742180392,
    7.256547364392));
#7830 = CARTESIAN_POINT('',(-11.94495467762,40.893993968466,
    7.231590402479));
#7831 = CARTESIAN_POINT('',(-11.95108036876,40.875881190745,
    7.206191878447));
#7832 = CARTESIAN_POINT('',(-11.96309055496,40.839258576545,
    7.151678680038));
#7833 = CARTESIAN_POINT('',(-11.9688768527,40.820919145974,
    7.122460068616));
#7834 = CARTESIAN_POINT('',(-11.97412204864,40.803638549226,
    7.092664311401));
#7835 = CARTESIAN_POINT('',(-11.97881030225,40.787593650511,
    7.06229367822));
#7836 = CARTESIAN_POINT('',(-11.98292927937,40.772962315955,
    7.031380664751));
#7837 = CARTESIAN_POINT('',(-11.98647581598,40.759893424454,7.));
#7838 = CONICAL_SURFACE('',#7839,3.2,1.36355185015E-02);
#7839 = AXIS2_PLACEMENT_3D('',#7840,#7841,#7842);
#7840 = CARTESIAN_POINT('',(-9.5,40.,51.));
#7841 = DIRECTION('',(-0.,-0.,1.));
#7842 = DIRECTION('',(-1.,0.,-0.));
#7843 = ADVANCED_FACE('',(#7844),#7876,.T.);
#7844 = FACE_BOUND('',#7845,.T.);
#7845 = EDGE_LOOP('',(#7846,#7855,#7856,#7857,#7858,#7867,#7874,#7875));
#7846 = ORIENTED_EDGE('',*,*,#7847,.T.);
#7847 = EDGE_CURVE('',#6588,#7848,#7850,.T.);
#7848 = VERTEX_POINT('',#7849);
#7849 = CARTESIAN_POINT('',(-11.,36.,57.));
#7850 = CIRCLE('',#7851,2.);
#7851 = AXIS2_PLACEMENT_3D('',#7852,#7853,#7854);
#7852 = CARTESIAN_POINT('',(-11.,36.,55.));
#7853 = DIRECTION('',(-2.449293598295E-16,-1.,0.));
#7854 = DIRECTION('',(1.,-2.449293598295E-16,0.));
#7855 = ORIENTED_EDGE('',*,*,#7847,.F.);
#7856 = ORIENTED_EDGE('',*,*,#6587,.F.);
#7857 = ORIENTED_EDGE('',*,*,#6891,.T.);
#7858 = ORIENTED_EDGE('',*,*,#7859,.F.);
#7859 = EDGE_CURVE('',#7860,#6881,#7862,.T.);
#7860 = VERTEX_POINT('',#7861);
#7861 = CARTESIAN_POINT('',(-11.05650941527,35.033515962532,
    56.75006151072));
#7862 = CIRCLE('',#7863,1.645207532219);
#7863 = AXIS2_PLACEMENT_3D('',#7864,#7865,#7866);
#7864 = CARTESIAN_POINT('',(-11.05650941527,34.869811694515,
    55.113018830549));
#7865 = DIRECTION('',(-4.96903995E-02,-0.99380799,9.938079899999E-02));
#7866 = DIRECTION('',(0.,-9.9503719021E-02,-0.99503719021));
#7867 = ORIENTED_EDGE('',*,*,#7868,.F.);
#7868 = EDGE_CURVE('',#6621,#7860,#7869,.T.);
#7869 = CIRCLE('',#7870,1.645207532219);
#7870 = AXIS2_PLACEMENT_3D('',#7871,#7872,#7873);
#7871 = CARTESIAN_POINT('',(-11.05650941527,34.869811694515,
    55.113018830549));
#7872 = DIRECTION('',(-4.96903995E-02,-0.99380799,9.938079899999E-02));
#7873 = DIRECTION('',(0.,-9.9503719021E-02,-0.99503719021));
#7874 = ORIENTED_EDGE('',*,*,#6620,.T.);
#7875 = ORIENTED_EDGE('',*,*,#6610,.F.);
#7876 = SPHERICAL_SURFACE('',#7877,2.);
#7877 = AXIS2_PLACEMENT_3D('',#7878,#7879,#7880);
#7878 = CARTESIAN_POINT('',(-11.,36.,55.));
#7879 = DIRECTION('',(0.,0.,1.));
#7880 = DIRECTION('',(1.,0.,-0.));
#7881 = ADVANCED_FACE('',(#7882),#7901,.T.);
#7882 = FACE_BOUND('',#7883,.T.);
#7883 = EDGE_LOOP('',(#7884,#7892,#7893,#7894));
#7884 = ORIENTED_EDGE('',*,*,#7885,.T.);
#7885 = EDGE_CURVE('',#7886,#7860,#7888,.T.);
#7886 = VERTEX_POINT('',#7887);
#7887 = CARTESIAN_POINT('',(-11.42147446254,27.763267320807,
    57.77051464138));
#7888 = LINE('',#7889,#7890);
#7889 = CARTESIAN_POINT('',(-11.5,26.199007438042,57.99007438042));
#7890 = VECTOR('',#7891,1.);
#7891 = DIRECTION('',(4.965118442079E-02,0.989071306413,-0.138826188871)
  );
#7892 = ORIENTED_EDGE('',*,*,#7859,.T.);
#7893 = ORIENTED_EDGE('',*,*,#6880,.F.);
#7894 = ORIENTED_EDGE('',*,*,#7895,.F.);
#7895 = EDGE_CURVE('',#7886,#6727,#7896,.T.);
#7896 = CIRCLE('',#7897,1.937179570033);
#7897 = AXIS2_PLACEMENT_3D('',#7898,#7899,#7900);
#7898 = CARTESIAN_POINT('',(-11.42147446254,27.570510749177,
    55.842948925082));
#7899 = DIRECTION('',(-4.96903995E-02,-0.99380799,9.938079899999E-02));
#7900 = DIRECTION('',(-8.673617379884E-19,-9.9503719021E-02,
    -0.99503719021));
#7901 = CONICAL_SURFACE('',#7902,2.,3.97313999379E-02);
#7902 = AXIS2_PLACEMENT_3D('',#7903,#7904,#7905);
#7903 = CARTESIAN_POINT('',(-11.5,26.,56.));
#7904 = DIRECTION('',(-4.96903995E-02,-0.99380799,9.938079899999E-02));
#7905 = DIRECTION('',(0.,9.9503719021E-02,0.99503719021));
#7906 = ADVANCED_FACE('',(#7907),#8101,.T.);
#7907 = FACE_BOUND('',#7908,.T.);
#7908 = EDGE_LOOP('',(#7909,#7920,#7927,#7928,#8082,#8089,#8090,#8091,
    #8092,#8093,#8094));
#7909 = ORIENTED_EDGE('',*,*,#7910,.F.);
#7910 = EDGE_CURVE('',#7911,#7913,#7915,.T.);
#7911 = VERTEX_POINT('',#7912);
#7912 = CARTESIAN_POINT('',(-10.46397611845,26.,58.27522625619));
#7913 = VERTEX_POINT('',#7914);
#7914 = CARTESIAN_POINT('',(-11.74623708256,23.536237954159,
    55.654682927373));
#7915 = CIRCLE('',#7916,2.03077963532);
#7916 = AXIS2_PLACEMENT_3D('',#7917,#7918,#7919);
#7917 = CARTESIAN_POINT('',(-11.74623708256,25.01505166976,
    57.04650760088));
#7918 = DIRECTION('',(-0.168880132368,-0.675520529473,0.717740562565));
#7919 = DIRECTION('',(0.,-0.728199992693,-0.685364699005));
#7920 = ORIENTED_EDGE('',*,*,#7921,.F.);
#7921 = EDGE_CURVE('',#6662,#7911,#7922,.T.);
#7922 = CIRCLE('',#7923,2.5);
#7923 = AXIS2_PLACEMENT_3D('',#7924,#7925,#7926);
#7924 = CARTESIAN_POINT('',(-11.5,26.,56.));
#7925 = DIRECTION('',(-2.449293598295E-16,-1.,0.));
#7926 = DIRECTION('',(1.,-2.449293598295E-16,0.));
#7927 = ORIENTED_EDGE('',*,*,#6661,.F.);
#7928 = ORIENTED_EDGE('',*,*,#7929,.T.);
#7929 = EDGE_CURVE('',#6654,#7930,#7932,.T.);
#7930 = VERTEX_POINT('',#7931);
#7931 = CARTESIAN_POINT('',(-9.524605536945,27.438632050214,
    55.472596434799));
#7932 = B_SPLINE_CURVE_WITH_KNOTS('',8,(#7933,#7934,#7935,#7936,#7937,
    #7938,#7939,#7940,#7941,#7942,#7943,#7944,#7945,#7946,#7947,#7948,
    #7949,#7950,#7951,#7952,#7953,#7954,#7955,#7956,#7957,#7958,#7959,
    #7960,#7961,#7962,#7963,#7964,#7965,#7966,#7967,#7968,#7969,#7970,
    #7971,#7972,#7973,#7974,#7975,#7976,#7977,#7978,#7979,#7980,#7981,
    #7982,#7983,#7984,#7985,#7986,#7987,#7988,#7989,#7990,#7991,#7992,
    #7993,#7994,#7995,#7996,#7997,#7998,#7999,#8000,#8001,#8002,#8003,
    #8004,#8005,#8006,#8007,#8008,#8009,#8010,#8011,#8012,#8013,#8014,
    #8015,#8016,#8017,#8018,#8019,#8020,#8021,#8022,#8023,#8024,#8025,
    #8026,#8027,#8028,#8029,#8030,#8031,#8032,#8033,#8034,#8035,#8036,
    #8037,#8038,#8039,#8040,#8041,#8042,#8043,#8044,#8045,#8046,#8047,
    #8048,#8049,#8050,#8051,#8052,#8053,#8054,#8055,#8056,#8057,#8058,
    #8059,#8060,#8061,#8062,#8063,#8064,#8065,#8066,#8067,#8068,#8069,
    #8070,#8071,#8072,#8073,#8074,#8075,#8076,#8077,#8078,#8079,#8080,
    #8081),.UNSPECIFIED.,.F.,.F.,(9,7,7,7,7,7,7,7,7,7,7,7,7,7,7,7,7,7,7,
    7,7,9),(0.,8.573610939345E-02,0.114260596719,0.13012995388,
    0.162434149551,0.1981157014,0.215904106869,0.250194052821,
    0.300164077671,0.352868432794,0.47040458101,0.562592810497,
    0.617594248183,0.715283966568,0.752437671005,0.783155438134,
    0.799860380756,0.833798373298,0.866753564969,0.882936917047,
    0.912211338781,1.),.UNSPECIFIED.);
#7933 = CARTESIAN_POINT('',(-9.5,27.405498079999,55.476000813819));
#7934 = CARTESIAN_POINT('',(-9.566705599545,27.497004054869,
    55.466841015048));
#7935 = CARTESIAN_POINT('',(-9.639239370232,27.585858221047,
    55.456474580897));
#7936 = CARTESIAN_POINT('',(-9.71778443263,27.671718847906,
    55.444482067626));
#7937 = CARTESIAN_POINT('',(-9.802484297555,27.754061053582,
    55.43038044715));
#7938 = CARTESIAN_POINT('',(-9.893398896375,27.832199646903,
    55.413612807576));
#7939 = CARTESIAN_POINT('',(-9.99046967028,27.905307347992,
    55.393553686631));
#7940 = CARTESIAN_POINT('',(-10.09349371853,27.972428387544,
    55.369530037991));
#7941 = CARTESIAN_POINT('',(-10.23824275241,28.052469205065,
    55.33131855906));
#7942 = CARTESIAN_POINT('',(-10.27498441527,28.07166212573,
    55.321268077924));
#7943 = CARTESIAN_POINT('',(-10.31231198843,28.09002443804,
    55.310683488952));
#7944 = CARTESIAN_POINT('',(-10.35020061693,28.107512186483,
    55.29954274019));
#7945 = CARTESIAN_POINT('',(-10.38862025203,28.124080043235,
    55.287825364436));
#7946 = CARTESIAN_POINT('',(-10.42753530658,28.139682082642,
    55.275513217809));
#7947 = CARTESIAN_POINT('',(-10.46690431035,28.154272555697,
    55.262591218315));
#7948 = CARTESIAN_POINT('',(-10.52880819204,28.175336251455,
    55.241513476476));
#7949 = CARTESIAN_POINT('',(-10.55106247735,28.182538924373,
    55.233786706329));
#7950 = CARTESIAN_POINT('',(-10.57343407514,28.18940682072,
    55.225865799351));
#7951 = CARTESIAN_POINT('',(-10.59591406319,28.195932334883,
    55.217749259293));
#7952 = CARTESIAN_POINT('',(-10.61849294331,28.202108118199,
    55.209436068291));
#7953 = CARTESIAN_POINT('',(-10.64116064137,28.207927078951,
    55.200925686862));
#7954 = CARTESIAN_POINT('',(-10.66390650725,28.213382382371,
    55.192218053904));
#7955 = CARTESIAN_POINT('',(-10.73315783123,28.228818786159,
    55.165187354616));
#7956 = CARTESIAN_POINT('',(-10.7798787859,28.237637248971,
    55.146243733124));
#7957 = CARTESIAN_POINT('',(-10.82678138817,28.244866814848,
    55.126489195089));
#7958 = CARTESIAN_POINT('',(-10.87376065976,28.250460196768,
    55.105938561478));
#7959 = CARTESIAN_POINT('',(-10.92070792627,28.254380398868,
    55.084616019237));
#7960 = CARTESIAN_POINT('',(-10.96751130861,28.256602270409,
    55.062556139162));
#7961 = CARTESIAN_POINT('',(-11.01405621451,28.257114059729,
    55.039804893771));
#7962 = CARTESIAN_POINT('',(-11.11122241073,28.254598931612,
    54.990591670897));
#7963 = CARTESIAN_POINT('',(-11.16177226106,28.251196113892,
    54.963984796753));
#7964 = CARTESIAN_POINT('',(-11.21171588409,28.245714292249,
    54.936678863468));
#7965 = CARTESIAN_POINT('',(-11.26091192734,28.238179178081,
    54.90876055492));
#7966 = CARTESIAN_POINT('',(-11.30923623897,28.228635859278,
    54.880322844493));
#7967 = CARTESIAN_POINT('',(-11.35658092406,28.217146242538,
    54.851463411422));
#7968 = CARTESIAN_POINT('',(-11.40285340085,28.203786495665,
    54.822283057137));
#7969 = CARTESIAN_POINT('',(-11.4704702587,28.181095711182,
    54.778227803201));
#7970 = CARTESIAN_POINT('',(-11.49268094645,28.173103408789,
    54.763515975278));
#7971 = CARTESIAN_POINT('',(-11.51459880872,28.164678061149,
    54.748760610242));
#7972 = CARTESIAN_POINT('',(-11.53621645351,28.155830616998,
    54.733973414865));
#7973 = CARTESIAN_POINT('',(-11.5575277179,28.146572388528,
    54.719165790955));
#7974 = CARTESIAN_POINT('',(-11.57852757744,28.136914944549,
    54.70434879602));
#7975 = CARTESIAN_POINT('',(-11.59921205558,28.126870003657,
    54.689533103934));
#7976 = CARTESIAN_POINT('',(-11.65883694697,28.096361836904,
    54.646191663343));
#7977 = CARTESIAN_POINT('',(-11.6969114472,28.074878667431,
    54.617698052923));
#7978 = CARTESIAN_POINT('',(-11.73378227908,28.052083568264,
    54.589320393108));
#7979 = CARTESIAN_POINT('',(-11.7694424217,28.028060337128,
    54.561125061325));
#7980 = CARTESIAN_POINT('',(-11.80389538673,28.002891349926,
    54.533172335228));
#7981 = CARTESIAN_POINT('',(-11.83715341701,27.976656090477,
    54.505516174271));
#7982 = CARTESIAN_POINT('',(-11.86923568524,27.949429680256,
    54.478204001276));
#7983 = CARTESIAN_POINT('',(-11.9452413146,27.880261516768,
    54.412035573299));
#7984 = CARTESIAN_POINT('',(-11.98786405192,27.837290272475,
    54.373617419323));
#7985 = CARTESIAN_POINT('',(-12.02811827889,27.792578235242,
    54.336143259013));
#7986 = CARTESIAN_POINT('',(-12.06609695641,27.746321439938,
    54.299715911273));
#7987 = CARTESIAN_POINT('',(-12.1018997875,27.69870012634,
    54.264420639988));
#7988 = CARTESIAN_POINT('',(-12.13563057287,27.649877469158,
    54.230326017054));
#7989 = CARTESIAN_POINT('',(-12.1673945664,27.599998308058,
    54.197484785395));
#7990 = CARTESIAN_POINT('',(-12.22883327465,27.495597130564,
    54.132658257731));
#7991 = CARTESIAN_POINT('',(-12.25829316085,27.440979798196,
    54.100824158718));
#7992 = CARTESIAN_POINT('',(-12.28579706856,27.385486953868,
    54.07047872282));
#7993 = CARTESIAN_POINT('',(-12.31145787291,27.329260521724,
    54.04165954375));
#7994 = CARTESIAN_POINT('',(-12.33538144625,27.272433913005,
    54.014394624402));
#7995 = CARTESIAN_POINT('',(-12.35766777168,27.215131778654,
    53.988702023667));
#7996 = CARTESIAN_POINT('',(-12.37841146892,27.157468878301,
    53.964590036721));
#7997 = CARTESIAN_POINT('',(-12.44072101015,26.97037867902,
    53.891808939408));
#7998 = CARTESIAN_POINT('',(-12.47653030693,26.839870958133,
    53.849395810914));
#7999 = CARTESIAN_POINT('',(-12.50604526377,26.709358154933,
    53.81489520963));
#8000 = CARTESIAN_POINT('',(-12.5301240539,26.579849202848,
    53.788088838819));
#8001 = CARTESIAN_POINT('',(-12.54953691642,26.451940405353,
    53.768498457113));
#8002 = CARTESIAN_POINT('',(-12.56491933352,26.325454494387,
    53.755585861108));
#8003 = CARTESIAN_POINT('',(-12.57667819372,26.199798829235,
    53.749074257213));
#8004 = CARTESIAN_POINT('',(-12.59151104241,25.975844093768,
    53.748832798086));
#8005 = CARTESIAN_POINT('',(-12.59591817027,25.877382070853,
    53.752649332475));
#8006 = CARTESIAN_POINT('',(-12.59829100535,25.778546346996,
    53.760393091032));
#8007 = CARTESIAN_POINT('',(-12.59861335804,25.679016942015,
    53.772172639464));
#8008 = CARTESIAN_POINT('',(-12.59678024648,25.578596035887,
    53.788192949412));
#8009 = CARTESIAN_POINT('',(-12.59261478052,25.477323211703,
    53.808692694389));
#8010 = CARTESIAN_POINT('',(-12.5858947149,25.37544650506,
    53.833858389107));
#8011 = CARTESIAN_POINT('',(-12.57069501973,25.212481830118,
    53.881631147942));
#8012 = CARTESIAN_POINT('',(-12.56401810145,25.15151188494,
    53.901177075849));
#8013 = CARTESIAN_POINT('',(-12.55629088596,25.090547125145,
    53.922439371142));
#8014 = CARTESIAN_POINT('',(-12.5474554231,25.029675873294,
    53.945432235096));
#8015 = CARTESIAN_POINT('',(-12.53744905128,24.968992255919,
    53.970161318487));
#8016 = CARTESIAN_POINT('',(-12.52620400571,24.908593421372,
    53.996623760914));
#8017 = CARTESIAN_POINT('',(-12.51364655595,24.848577563569,
    54.024808986122));
#8018 = CARTESIAN_POINT('',(-12.47491708695,24.683301170026,
    54.107791037833));
#8019 = CARTESIAN_POINT('',(-12.4457617143,24.579157184553,
    54.166223441691));
#8020 = CARTESIAN_POINT('',(-12.41175963564,24.477045473634,
    54.229945539151));
#8021 = CARTESIAN_POINT('',(-12.37237277233,24.377504595799,
    54.298823518475));
#8022 = CARTESIAN_POINT('',(-12.32698470634,24.281165031691,
    54.372622040205));
#8023 = CARTESIAN_POINT('',(-12.27491321108,24.188738057468,
    54.450986236312));
#8024 = CARTESIAN_POINT('',(-12.21540329845,24.101022632794,
    54.533436176102));
#8025 = CARTESIAN_POINT('',(-12.12175564422,23.987732372396,
    54.652072847317));
#8026 = CARTESIAN_POINT('',(-12.09475619557,23.957344224536,
    54.685255462027));
#8027 = CARTESIAN_POINT('',(-12.06651630068,23.92783778103,
    54.71889483482));
#8028 = CARTESIAN_POINT('',(-12.03699327506,23.899273952506,
    54.752946188434));
#8029 = CARTESIAN_POINT('',(-12.00614683559,23.871719146063,
    54.787357513687));
#8030 = CARTESIAN_POINT('',(-11.97394024481,23.845244589063,
    54.822069480768));
#8031 = CARTESIAN_POINT('',(-11.94034145533,23.819925652934,
    54.857015350521));
#8032 = CARTESIAN_POINT('',(-11.87637289523,23.775928725814,
    54.921145277038));
#8033 = CARTESIAN_POINT('',(-11.84645310207,23.756860912016,
    54.950277659231));
#8034 = CARTESIAN_POINT('',(-11.81555130005,23.738682664848,
    54.97947535192));
#8035 = CARTESIAN_POINT('',(-11.78365811249,23.72144147579,
    55.008690698145));
#8036 = CARTESIAN_POINT('',(-11.75076950637,23.705186476071,
    55.037871425624));
#8037 = CARTESIAN_POINT('',(-11.71688793819,23.689967514226,
    55.066961007983));
#8038 = CARTESIAN_POINT('',(-11.6820234997,23.675834233645,
    55.095899025987));
#8039 = CARTESIAN_POINT('',(-11.62671083611,23.655765985786,
    55.14024140633));
#8040 = CARTESIAN_POINT('',(-11.60694170211,23.649032210394,
    55.155797510586));
#8041 = CARTESIAN_POINT('',(-11.58689077203,23.642641793779,
    55.171279356311));
#8042 = CARTESIAN_POINT('',(-11.56656204995,23.636602427716,
    55.186676276972));
#8043 = CARTESIAN_POINT('',(-11.54596043373,23.630921525935,
    55.201977424743));
#8044 = CARTESIAN_POINT('',(-11.525091715,23.62560622412,55.217171770498
    ));
#8045 = CARTESIAN_POINT('',(-11.50396257918,23.62066337991,
    55.232248103818));
#8046 = CARTESIAN_POINT('',(-11.4391406918,23.606827679433,
    55.277561421085));
#8047 = CARTESIAN_POINT('',(-11.39465183449,23.599118870646,
    55.307397809249));
#8048 = CARTESIAN_POINT('',(-11.3491850171,23.593028895873,
    55.336604449973));
#8049 = CARTESIAN_POINT('',(-11.30282278567,23.588604071025,
    55.365085224865));
#8050 = CARTESIAN_POINT('',(-11.25565995825,23.585879686265,
    55.392749090612));
#8051 = CARTESIAN_POINT('',(-11.20780433443,23.584878413693,
    55.419511524947));
#8052 = CARTESIAN_POINT('',(-11.15937740482,23.585608715025,
    55.445295972607));
#8053 = CARTESIAN_POINT('',(-11.06306770738,23.590446703344,
    55.494058190962));
#8054 = CARTESIAN_POINT('',(-11.01520078394,23.594456417352,
    55.517100170222));
#8055 = CARTESIAN_POINT('',(-10.96703799069,23.600085995502,
    55.539099393427));
#8056 = CARTESIAN_POINT('',(-10.91870076549,23.607315824011,
    55.560009916452));
#8057 = CARTESIAN_POINT('',(-10.87030778287,23.616114492443,
    55.579800303259));
#8058 = CARTESIAN_POINT('',(-10.82197445321,23.626440215066,
    55.598452242449));
#8059 = CARTESIAN_POINT('',(-10.77381242183,23.638242252186,
    55.615959163817));
#8060 = CARTESIAN_POINT('',(-10.70241492285,23.657954334351,
    55.640361577725));
#8061 = CARTESIAN_POINT('',(-10.67896665818,23.664788698852,
    55.648123480722));
#8062 = CARTESIAN_POINT('',(-10.65559620411,23.671958652303,
    55.655611372013));
#8063 = CARTESIAN_POINT('',(-10.63231488166,23.679457241979,
    55.662826606859));
#8064 = CARTESIAN_POINT('',(-10.60913340302,23.687277335145,
    55.669771087667));
#8065 = CARTESIAN_POINT('',(-10.58606187156,23.695411619048,
    55.676447263988));
#8066 = CARTESIAN_POINT('',(-10.56310978181,23.703852600922,
    55.682858132521));
#8067 = CARTESIAN_POINT('',(-10.49899961353,23.728402599107,
    55.700130487725));
#8068 = CARTESIAN_POINT('',(-10.4581334274,23.745191162247,
    55.71039685518));
#8069 = CARTESIAN_POINT('',(-10.41773918803,23.762913756741,
    55.719826957515));
#8070 = CARTESIAN_POINT('',(-10.37786186835,23.781525529629,
    55.728445637356));
#8071 = CARTESIAN_POINT('',(-10.33854006101,23.800981998028,
    55.736281017164));
#8072 = CARTESIAN_POINT('',(-10.29980635206,23.821239731506,
    55.743363554472));
#8073 = CARTESIAN_POINT('',(-10.26168769468,23.842257034462,
    55.74972509713));
#8074 = CARTESIAN_POINT('',(-10.11180435315,23.929181715563,
    55.772409757186));
#8075 = CARTESIAN_POINT('',(-10.00525513428,24.000772634949,
    55.783209547515));
#8076 = CARTESIAN_POINT('',(-9.904946828443,24.07778303132,
    55.788722053269));
#8077 = CARTESIAN_POINT('',(-9.811100438885,24.159350569131,
    55.789834053902));
#8078 = CARTESIAN_POINT('',(-9.72378349548,24.24473582575,
    55.787357251832));
#8079 = CARTESIAN_POINT('',(-9.642935663234,24.333332412974,
    55.782004835955));
#8080 = CARTESIAN_POINT('',(-9.568405733804,24.424686326941,
    55.774381721422));
#8081 = CARTESIAN_POINT('',(-9.5,24.518524526449,55.764988465672));
#8082 = ORIENTED_EDGE('',*,*,#8083,.T.);
#8083 = EDGE_CURVE('',#7930,#7886,#8084,.T.);
#8084 = CIRCLE('',#8085,1.937179570033);
#8085 = AXIS2_PLACEMENT_3D('',#8086,#8087,#8088);
#8086 = CARTESIAN_POINT('',(-11.42147446254,27.570510749177,
    55.842948925082));
#8087 = DIRECTION('',(-4.96903995E-02,-0.99380799,9.938079899999E-02));
#8088 = DIRECTION('',(-8.673617379884E-19,-9.9503719021E-02,
    -0.99503719021));
#8089 = ORIENTED_EDGE('',*,*,#7895,.T.);
#8090 = ORIENTED_EDGE('',*,*,#6726,.T.);
#8091 = ORIENTED_EDGE('',*,*,#6694,.T.);
#8092 = ORIENTED_EDGE('',*,*,#6684,.F.);
#8093 = ORIENTED_EDGE('',*,*,#7921,.T.);
#8094 = ORIENTED_EDGE('',*,*,#8095,.F.);
#8095 = EDGE_CURVE('',#7913,#7911,#8096,.T.);
#8096 = CIRCLE('',#8097,2.03077963532);
#8097 = AXIS2_PLACEMENT_3D('',#8098,#8099,#8100);
#8098 = CARTESIAN_POINT('',(-11.74623708256,25.01505166976,
    57.04650760088));
#8099 = DIRECTION('',(-0.168880132368,-0.675520529473,0.717740562565));
#8100 = DIRECTION('',(0.,-0.728199992693,-0.685364699005));
#8101 = SPHERICAL_SURFACE('',#8102,2.5);
#8102 = AXIS2_PLACEMENT_3D('',#8103,#8104,#8105);
#8103 = CARTESIAN_POINT('',(-11.5,26.,56.));
#8104 = DIRECTION('',(0.,0.,1.));
#8105 = DIRECTION('',(1.,0.,-0.));
#8106 = ADVANCED_FACE('',(#8107),#8119,.T.);
#8107 = FACE_BOUND('',#8108,.T.);
#8108 = EDGE_LOOP('',(#8109,#8110,#8118));
#8109 = ORIENTED_EDGE('',*,*,#6653,.T.);
#8110 = ORIENTED_EDGE('',*,*,#8111,.F.);
#8111 = EDGE_CURVE('',#7930,#6643,#8112,.T.);
#8112 = B_SPLINE_CURVE_WITH_KNOTS('',4,(#8113,#8114,#8115,#8116,#8117),
  .UNSPECIFIED.,.F.,.F.,(5,5),(0.,1.),.PIECEWISE_BEZIER_KNOTS.);
#8113 = CARTESIAN_POINT('',(-9.539169580045,25.864957455304,
    55.629989763244));
#8114 = CARTESIAN_POINT('',(-9.529289535085,26.929220705696,
    55.523566011205));
#8115 = CARTESIAN_POINT('',(-9.519462723706,27.993481319738,
    55.417106465358));
#8116 = CARTESIAN_POINT('',(-9.509696154071,29.057739309808,
    55.310610551512));
#8117 = CARTESIAN_POINT('',(-9.5,30.121994722755,55.204077995167));
#8118 = ORIENTED_EDGE('',*,*,#7929,.F.);
#8119 = CONICAL_SURFACE('',#8120,4.,2.098424884378E-02);
#8120 = AXIS2_PLACEMENT_3D('',#8121,#8122,#8123);
#8121 = CARTESIAN_POINT('',(-9.5,2.,54.));
#8122 = DIRECTION('',(-0.,-0.996898148653,7.870248542001E-02));
#8123 = DIRECTION('',(0.,7.870248542001E-02,0.996898148653));
#8124 = ADVANCED_FACE('',(#8125),#8132,.T.);
#8125 = FACE_BOUND('',#8126,.T.);
#8126 = EDGE_LOOP('',(#8127,#8128,#8129,#8130,#8131));
#8127 = ORIENTED_EDGE('',*,*,#7868,.T.);
#8128 = ORIENTED_EDGE('',*,*,#7885,.F.);
#8129 = ORIENTED_EDGE('',*,*,#8083,.F.);
#8130 = ORIENTED_EDGE('',*,*,#8111,.T.);
#8131 = ORIENTED_EDGE('',*,*,#6642,.T.);
#8132 = CONICAL_SURFACE('',#8133,2.,3.97313999379E-02);
#8133 = AXIS2_PLACEMENT_3D('',#8134,#8135,#8136);
#8134 = CARTESIAN_POINT('',(-11.5,26.,56.));
#8135 = DIRECTION('',(-4.96903995E-02,-0.99380799,9.938079899999E-02));
#8136 = DIRECTION('',(0.,9.9503719021E-02,0.99503719021));
#8137 = ADVANCED_FACE('',(#8138),#8151,.T.);
#8138 = FACE_BOUND('',#8139,.T.);
#8139 = EDGE_LOOP('',(#8140,#8141,#8147,#8148,#8149,#8150));
#8140 = ORIENTED_EDGE('',*,*,#7910,.T.);
#8141 = ORIENTED_EDGE('',*,*,#8142,.F.);
#8142 = EDGE_CURVE('',#7217,#7913,#8143,.T.);
#8143 = LINE('',#8144,#8145);
#8144 = CARTESIAN_POINT('',(-15.5,8.179500018268,71.286588252488));
#8145 = VECTOR('',#8146,1.);
#8146 = DIRECTION('',(0.168842515677,0.690738952544,-0.703115854136));
#8147 = ORIENTED_EDGE('',*,*,#7216,.F.);
#8148 = ORIENTED_EDGE('',*,*,#7225,.F.);
#8149 = ORIENTED_EDGE('',*,*,#8142,.T.);
#8150 = ORIENTED_EDGE('',*,*,#8095,.T.);
#8151 = CONICAL_SURFACE('',#8152,2.5,2.11068816123E-02);
#8152 = AXIS2_PLACEMENT_3D('',#8153,#8154,#8155);
#8153 = CARTESIAN_POINT('',(-15.5,10.,73.));
#8154 = DIRECTION('',(-0.168880132368,-0.675520529473,0.717740562565));
#8155 = DIRECTION('',(0.,-0.728199992693,-0.685364699005));
#8156 = ADVANCED_FACE('',(#8157),#8284,.T.);
#8157 = FACE_BOUND('',#8158,.T.);
#8158 = EDGE_LOOP('',(#8159,#8168,#8169,#8170,#8179,#8246,#8255));
#8159 = ORIENTED_EDGE('',*,*,#8160,.T.);
#8160 = EDGE_CURVE('',#8161,#7345,#8163,.T.);
#8161 = VERTEX_POINT('',#8162);
#8162 = CARTESIAN_POINT('',(11.597373357321,40.,4.855));
#8163 = CIRCLE('',#8164,3.);
#8164 = AXIS2_PLACEMENT_3D('',#8165,#8166,#8167);
#8165 = CARTESIAN_POINT('',(9.5,40.,7.));
#8166 = DIRECTION('',(-2.449293598295E-16,-1.,0.));
#8167 = DIRECTION('',(1.,-2.449293598295E-16,0.));
#8168 = ORIENTED_EDGE('',*,*,#7344,.F.);
#8169 = ORIENTED_EDGE('',*,*,#7322,.F.);
#8170 = ORIENTED_EDGE('',*,*,#8171,.F.);
#8171 = EDGE_CURVE('',#8172,#7323,#8174,.T.);
#8172 = VERTEX_POINT('',#8173);
#8173 = CARTESIAN_POINT('',(7.528640192539,41.033059518845,
    4.988401496309));
#8174 = CIRCLE('',#8175,2.5);
#8175 = AXIS2_PLACEMENT_3D('',#8176,#8177,#8178);
#8176 = CARTESIAN_POINT('',(9.5,41.558471083077,6.433283242517));
#8177 = DIRECTION('',(0.,0.939793423488,-0.341743063087));
#8178 = DIRECTION('',(0.,0.341743063087,0.939793423488));
#8179 = ORIENTED_EDGE('',*,*,#8180,.F.);
#8180 = EDGE_CURVE('',#8181,#8172,#8183,.T.);
#8181 = VERTEX_POINT('',#8182);
#8182 = CARTESIAN_POINT('',(8.47541635637,37.549193338483,5.605806661517
    ));
#8183 = B_SPLINE_CURVE_WITH_KNOTS('',6,(#8184,#8185,#8186,#8187,#8188,
    #8189,#8190,#8191,#8192,#8193,#8194,#8195,#8196,#8197,#8198,#8199,
    #8200,#8201,#8202,#8203,#8204,#8205,#8206,#8207,#8208,#8209,#8210,
    #8211,#8212,#8213,#8214,#8215,#8216,#8217,#8218,#8219,#8220,#8221,
    #8222,#8223,#8224,#8225,#8226,#8227,#8228,#8229,#8230,#8231,#8232,
    #8233,#8234,#8235,#8236,#8237,#8238,#8239,#8240,#8241,#8242,#8243,
    #8244,#8245),.UNSPECIFIED.,.F.,.F.,(7,5,5,5,5,5,5,5,5,5,5,5,7),(0.,
    7.62131416392E-02,0.141774522924,0.200371957755,0.25337658274,
    0.431737844001,0.609106367731,0.661597316318,0.719941418683,
    0.785415457479,0.861030818358,0.915813681629,1.),.UNSPECIFIED.);
#8184 = CARTESIAN_POINT('',(8.475417291335,37.549192738483,
    5.605807029138));
#8185 = CARTESIAN_POINT('',(8.397611083575,37.599123691157,
    5.575214243791));
#8186 = CARTESIAN_POINT('',(8.324329459719,37.652625208125,
    5.543181303142));
#8187 = CARTESIAN_POINT('',(8.255498410276,37.709204444373,
    5.510212664056));
#8188 = CARTESIAN_POINT('',(8.190967542144,37.768432580067,
    5.476742430665));
#8189 = CARTESIAN_POINT('',(8.130535480257,37.829957732522,
    5.443130443975));
#8190 = CARTESIAN_POINT('',(8.025320070368,37.948194662703,
    5.380864448788));
#8191 = CARTESIAN_POINT('',(7.979537626259,38.004368767341,
    5.352178836799));
#8192 = CARTESIAN_POINT('',(7.936488090273,38.061866181874,
    5.323785468419));
#8193 = CARTESIAN_POINT('',(7.896035790678,38.120536304197,
    5.295840522144));
#8194 = CARTESIAN_POINT('',(7.858049429394,38.180252056128,
    5.268475398994));
#8195 = CARTESIAN_POINT('',(7.790541581264,38.295124859286,
    5.217957499432));
#8196 = CARTESIAN_POINT('',(7.760551058257,38.350089868188,
    5.194667168186));
#8197 = CARTESIAN_POINT('',(7.732341388245,38.405729323751,
    5.172007789518));
#8198 = CARTESIAN_POINT('',(7.705829985329,38.461975616985,
    5.150047625115));
#8199 = CARTESIAN_POINT('',(7.680940305015,38.518769179894,
    5.128845335629));
#8200 = CARTESIAN_POINT('',(7.636489587942,38.627879716594,
    5.090003578211));
#8201 = CARTESIAN_POINT('',(7.616646956365,38.68010583827,5.072217573359
    ));
#8202 = CARTESIAN_POINT('',(7.598021021244,38.732698072163,
    5.055130279016));
#8203 = CARTESIAN_POINT('',(7.580563681529,38.785620965324,
    5.038774395733));
#8204 = CARTESIAN_POINT('',(7.564230967148,38.838842327968,
    5.023178232793));
#8205 = CARTESIAN_POINT('',(7.497673559951,39.072330835095,
    4.958521367866));
#8206 = CARTESIAN_POINT('',(7.458649392895,39.255370622303,
    4.917554160341));
#8207 = CARTESIAN_POINT('',(7.430385074559,39.440356951909,
    4.886384953763));
#8208 = CARTESIAN_POINT('',(7.411890918165,39.626466251348,
    4.865474743152));
#8209 = CARTESIAN_POINT('',(7.402626642679,39.813147586862,4.855));
#8210 = CARTESIAN_POINT('',(7.402626642679,40.185812414866,4.855));
#8211 = CARTESIAN_POINT('',(7.411788056428,40.371455243456,
    4.865358454344));
#8212 = CARTESIAN_POINT('',(7.430077080465,40.556534501108,
    4.886036701624));
#8213 = CARTESIAN_POINT('',(7.458021728596,40.7405095455,4.916861906769)
  );
#8214 = CARTESIAN_POINT('',(7.496590597063,40.92257336022,4.957384019806
    ));
#8215 = CARTESIAN_POINT('',(7.562274464647,41.154650084813,
    5.021301013299));
#8216 = CARTESIAN_POINT('',(7.578335037203,41.207385184536,
    5.036667471345));
#8217 = CARTESIAN_POINT('',(7.595495016917,41.259830139074,
    5.052781198633));
#8218 = CARTESIAN_POINT('',(7.613796844712,41.311953878782,
    5.069614966757));
#8219 = CARTESIAN_POINT('',(7.633286931395,41.363722226648,
    5.087137356477));
#8220 = CARTESIAN_POINT('',(7.677055799997,41.472202361578,
    5.125514859214));
#8221 = CARTESIAN_POINT('',(7.701625919599,41.528820819257,
    5.146523293954));
#8222 = CARTESIAN_POINT('',(7.727795800897,41.584902769774,
    5.168289003173));
#8223 = CARTESIAN_POINT('',(7.75564050609,41.640389992933,5.190754787587
    ));
#8224 = CARTESIAN_POINT('',(7.785241056571,41.695216491463,
    5.213854126854));
#8225 = CARTESIAN_POINT('',(7.851971790747,41.81001067508,5.264056735207
    ));
#8226 = CARTESIAN_POINT('',(7.889578250687,41.869784799556,
    5.291302972104));
#8227 = CARTESIAN_POINT('',(7.929629960174,41.928529018531,
    5.319140986902));
#8228 = CARTESIAN_POINT('',(7.972257141946,41.986118465334,
    5.347441726366));
#8229 = CARTESIAN_POINT('',(8.017594682131,42.042405288553,
    5.376051855942));
#8230 = CARTESIAN_POINT('',(8.121433166506,42.16052230134,5.437981159317
    ));
#8231 = CARTESIAN_POINT('',(8.180875637537,42.221849613236,
    5.471337201928));
#8232 = CARTESIAN_POINT('',(8.244331124494,42.280948310051,
    5.504587557545));
#8233 = CARTESIAN_POINT('',(8.311998187403,42.337480766515,
    5.537386656993));
#8234 = CARTESIAN_POINT('',(8.384029204512,42.391035633985,
    5.569317627325));
#8235 = CARTESIAN_POINT('',(8.515915217818,42.477439218513,
    5.622048425305));
#8236 = CARTESIAN_POINT('',(8.573649472537,42.511922197337,
    5.643488035769));
#8237 = CARTESIAN_POINT('',(8.633733422493,42.544405282053,5.66402875444
    ));
#8238 = CARTESIAN_POINT('',(8.696150418262,42.57467477443,5.683457602179
    ));
#8239 = CARTESIAN_POINT('',(8.760827337958,42.602500900305,
    5.701547292223));
#8240 = CARTESIAN_POINT('',(8.930257327972,42.666303413134,
    5.743459998829));
#8241 = CARTESIAN_POINT('',(9.037989596385,42.69867722719,5.765174699347
    ));
#8242 = CARTESIAN_POINT('',(9.150097031395,42.723833370754,
    5.782324662187));
#8243 = CARTESIAN_POINT('',(9.265516417752,42.740979722885,
    5.794112358559));
#8244 = CARTESIAN_POINT('',(9.382792032717,42.749545416973,5.8));
#8245 = CARTESIAN_POINT('',(9.5,42.749545416973,5.8));
#8246 = ORIENTED_EDGE('',*,*,#8247,.F.);
#8247 = EDGE_CURVE('',#8248,#8181,#8250,.T.);
#8248 = VERTEX_POINT('',#8249);
#8249 = CARTESIAN_POINT('',(10.52458364363,37.549193338483,
    5.605806661517));
#8250 = CIRCLE('',#8251,1.26806446997);
#8251 = AXIS2_PLACEMENT_3D('',#8252,#8253,#8254);
#8252 = CARTESIAN_POINT('',(9.5,38.0775,5.0775));
#8253 = DIRECTION('',(0.,-0.707106781187,-0.707106781187));
#8254 = DIRECTION('',(0.,0.707106781187,-0.707106781187));
#8255 = ORIENTED_EDGE('',*,*,#8256,.T.);
#8256 = EDGE_CURVE('',#8248,#8161,#8257,.T.);
#8257 = B_SPLINE_CURVE_WITH_KNOTS('',7,(#8258,#8259,#8260,#8261,#8262,
    #8263,#8264,#8265,#8266,#8267,#8268,#8269,#8270,#8271,#8272,#8273,
    #8274,#8275,#8276,#8277,#8278,#8279,#8280,#8281,#8282,#8283),
  .UNSPECIFIED.,.F.,.F.,(8,6,6,6,8),(0.,0.177104434251,0.329902976328,
    0.522679328519,1.),.UNSPECIFIED.);
#8258 = CARTESIAN_POINT('',(10.524582708665,37.549192738483,
    5.605807029138));
#8259 = CARTESIAN_POINT('',(10.591498026824,37.592134628087,
    5.579496455422));
#8260 = CARTESIAN_POINT('',(10.655159471275,37.637643936909,
    5.55215036122));
#8261 = CARTESIAN_POINT('',(10.715610065597,37.685436332794,
    5.524059854611));
#8262 = CARTESIAN_POINT('',(10.772925808263,37.73525525745,
    5.495485486627));
#8263 = CARTESIAN_POINT('',(10.827208345769,37.786875628341,
    5.466656157318));
#8264 = CARTESIAN_POINT('',(10.878577645767,37.840107540583,
    5.437768021817));
#8265 = CARTESIAN_POINT('',(10.96908358956,37.941986383655,
    5.384149185915));
#8266 = CARTESIAN_POINT('',(11.008926079916,37.990253747489,
    5.35939545472));
#8267 = CARTESIAN_POINT('',(11.046773654857,38.039501017376,
    5.33482905534));
#8268 = CARTESIAN_POINT('',(11.082705922359,38.089637373724,
    5.310544687973));
#8269 = CARTESIAN_POINT('',(11.116800541427,38.140582252888,
    5.286625776143));
#8270 = CARTESIAN_POINT('',(11.149133178732,38.192265379746,
    5.263145342363));
#8271 = CARTESIAN_POINT('',(11.218439442584,38.310687925634,
    5.211176401539));
#8272 = CARTESIAN_POINT('',(11.254411138898,38.377823662659,
    5.182987153515));
#8273 = CARTESIAN_POINT('',(11.287839537162,38.445912623669,
    5.155727083998));
#8274 = CARTESIAN_POINT('',(11.318859203719,38.514846051939,
    5.129506068297));
#8275 = CARTESIAN_POINT('',(11.347593397526,38.584527723862,
    5.104417770212));
#8276 = CARTESIAN_POINT('',(11.374155179412,38.654873851122,
    5.080541499498));
#8277 = CARTESIAN_POINT('',(11.459294852024,38.901460636808,
    5.001992079268));
#8278 = CARTESIAN_POINT('',(11.507239189777,39.080684937539,
    4.95389931035));
#8279 = CARTESIAN_POINT('',(11.544077437742,39.262432923834,
    4.914660637635));
#8280 = CARTESIAN_POINT('',(11.570919757581,39.445839772138,
    4.884908448371));
#8281 = CARTESIAN_POINT('',(11.588553816996,39.630227768592,
    4.864972342854));
#8282 = CARTESIAN_POINT('',(11.597373357321,39.815092737376,4.855));
#8283 = CARTESIAN_POINT('',(11.597373357321,40.,4.855));
#8284 = SPHERICAL_SURFACE('',#8285,3.);
#8285 = AXIS2_PLACEMENT_3D('',#8286,#8287,#8288);
#8286 = CARTESIAN_POINT('',(9.5,40.,7.));
#8287 = DIRECTION('',(0.,0.,1.));
#8288 = DIRECTION('',(1.,0.,-0.));
#8289 = ADVANCED_FACE('',(#8290),#8379,.T.);
#8290 = FACE_BOUND('',#8291,.T.);
#8291 = EDGE_LOOP('',(#8292,#8293,#8301,#8310,#8378));
#8292 = ORIENTED_EDGE('',*,*,#7411,.F.);
#8293 = ORIENTED_EDGE('',*,*,#8294,.T.);
#8294 = EDGE_CURVE('',#7363,#8295,#8297,.T.);
#8295 = VERTEX_POINT('',#8296);
#8296 = CARTESIAN_POINT('',(9.5,49.977121764564,6.032114792595));
#8297 = LINE('',#8298,#8299);
#8298 = CARTESIAN_POINT('',(9.5,40.854357657717,9.349483558721));
#8299 = VECTOR('',#8300,1.);
#8300 = DIRECTION('',(0.,0.939793423488,-0.341743063087));
#8301 = ORIENTED_EDGE('',*,*,#8302,.F.);
#8302 = EDGE_CURVE('',#8303,#8295,#8305,.T.);
#8303 = VERTEX_POINT('',#8304);
#8304 = CARTESIAN_POINT('',(7.191629804401,49.450806661351,
    4.584748258341));
#8305 = CIRCLE('',#8306,2.5);
#8306 = AXIS2_PLACEMENT_3D('',#8307,#8308,#8309);
#8307 = CARTESIAN_POINT('',(9.5,49.122764106847,3.682631233874));
#8308 = DIRECTION('',(0.,0.939793423488,-0.341743063087));
#8309 = DIRECTION('',(0.,0.341743063087,0.939793423488));
#8310 = ORIENTED_EDGE('',*,*,#8311,.F.);
#8311 = EDGE_CURVE('',#8172,#8303,#8312,.T.);
#8312 = B_SPLINE_CURVE_WITH_KNOTS('',8,(#8313,#8314,#8315,#8316,#8317,
    #8318,#8319,#8320,#8321,#8322,#8323,#8324,#8325,#8326,#8327,#8328,
    #8329,#8330,#8331,#8332,#8333,#8334,#8335,#8336,#8337,#8338,#8339,
    #8340,#8341,#8342,#8343,#8344,#8345,#8346,#8347,#8348,#8349,#8350,
    #8351,#8352,#8353,#8354,#8355,#8356,#8357,#8358,#8359,#8360,#8361,
    #8362,#8363,#8364,#8365,#8366,#8367,#8368,#8369,#8370,#8371,#8372,
    #8373,#8374,#8375,#8376,#8377),.UNSPECIFIED.,.F.,.F.,(9,7,7,7,7,7,7,
    7,7,9),(0.,0.308231293985,0.595052543217,0.7105254459,0.795704834966
    ,0.841928876343,0.876084171346,0.915251347577,0.934166909847,1.),
  .UNSPECIFIED.);
#8313 = CARTESIAN_POINT('',(7.832612866739,39.363419142822,
    5.249404398466));
#8314 = CARTESIAN_POINT('',(7.731542154076,39.834180772286,
    5.174485008266));
#8315 = CARTESIAN_POINT('',(7.640857553616,40.311713924617,
    5.099222487161));
#8316 = CARTESIAN_POINT('',(7.559413574036,40.79089381625,5.024589008711
    ));
#8317 = CARTESIAN_POINT('',(7.486089092346,41.268900007304,
    4.951182894324));
#8318 = CARTESIAN_POINT('',(7.419820750271,41.745067988098,
    4.879293692676));
#8319 = CARTESIAN_POINT('',(7.359664826722,42.220542038164,
    4.808978620809));
#8320 = CARTESIAN_POINT('',(7.30487745605,42.697735122762,4.740230421409
    ));
#8321 = CARTESIAN_POINT('',(7.208592991361,43.627997148487,
    4.611050852699));
#8322 = CARTESIAN_POINT('',(7.167845399512,44.066834741631,
    4.552263061823));
#8323 = CARTESIAN_POINT('',(7.131347041533,44.503829108201,
    4.496202674169));
#8324 = CARTESIAN_POINT('',(7.098507928168,44.945010151331,
    4.442647807569));
#8325 = CARTESIAN_POINT('',(7.069401245704,45.392901185783,
    4.392289807887));
#8326 = CARTESIAN_POINT('',(7.044664796919,45.845308507111,
    4.346998540161));
#8327 = CARTESIAN_POINT('',(7.025199526457,46.295756208904,
    4.310013329819));
#8328 = CARTESIAN_POINT('',(7.007306563191,46.91381372531,4.275384102194
    ));
#8329 = CARTESIAN_POINT('',(7.003250652709,47.089879722509,4.26742328919
    ));
#8330 = CARTESIAN_POINT('',(7.000317824106,47.266034139803,
    4.261602619617));
#8331 = CARTESIAN_POINT('',(6.998646460021,47.443057447627,
    4.258257266178));
#8332 = CARTESIAN_POINT('',(6.998469428898,47.621115526206,
    4.257896500408));
#8333 = CARTESIAN_POINT('',(7.00011701198,47.799846541635,4.261204059821
    ));
#8334 = CARTESIAN_POINT('',(7.004044645275,47.978500246538,4.2690277203)
  );
#8335 = CARTESIAN_POINT('',(7.0159682564,48.287155253748,4.292171988943)
  );
#8336 = CARTESIAN_POINT('',(7.02262727958,48.41764433619,4.304988902418)
  );
#8337 = CARTESIAN_POINT('',(7.031187951044,48.548246063577,
    4.321269666923));
#8338 = CARTESIAN_POINT('',(7.042069084875,48.679196372802,
    4.341634081636));
#8339 = CARTESIAN_POINT('',(7.055839994756,48.810371626234,
    4.366844089179));
#8340 = CARTESIAN_POINT('',(7.073263954624,48.9413672747,4.397804336461)
  );
#8341 = CARTESIAN_POINT('',(7.095395387458,49.071594412531,
    4.435533232356));
#8342 = CARTESIAN_POINT('',(7.139178889202,49.270282166987,
    4.505779370726));
#8343 = CARTESIAN_POINT('',(7.156480579007,49.340021677398,
    4.532883880901));
#8344 = CARTESIAN_POINT('',(7.175913507843,49.409314926283,
    4.562514916074));
#8345 = CARTESIAN_POINT('',(7.197742202552,49.47790400669,4.594792855417
    ));
#8346 = CARTESIAN_POINT('',(7.222269300817,49.545563196399,
    4.629819075694));
#8347 = CARTESIAN_POINT('',(7.249841884981,49.61209577116,4.667666925444
    ));
#8348 = CARTESIAN_POINT('',(7.280859208553,49.677330531988,
    4.708370418805));
#8349 = CARTESIAN_POINT('',(7.341586394632,49.788251125095,
    4.784082855516));
#8350 = CARTESIAN_POINT('',(7.369489874016,49.834533117688,
    4.817762303071));
#8351 = CARTESIAN_POINT('',(7.39960238477,49.879786338277,4.852851888544
    ));
#8352 = CARTESIAN_POINT('',(7.432026397908,49.923863520335,
    4.889224731897));
#8353 = CARTESIAN_POINT('',(7.466851544385,49.966643790553,
    4.926722786805));
#8354 = CARTESIAN_POINT('',(7.504148122772,50.008028629634,
    4.965157467616));
#8355 = CARTESIAN_POINT('',(7.54395929444,50.047937820114,5.00431229264)
  );
#8356 = CARTESIAN_POINT('',(7.634836451615,50.130302923279,5.08939879415
    ));
#8357 = CARTESIAN_POINT('',(7.686604551664,50.172189951967,
    5.135395657162));
#8358 = CARTESIAN_POINT('',(7.741622655694,50.211913993484,
    5.181607602479));
#8359 = CARTESIAN_POINT('',(7.799865690527,50.249440204517,
    5.227670443223));
#8360 = CARTESIAN_POINT('',(7.861251805914,50.284749126507,
    5.273201576383));
#8361 = CARTESIAN_POINT('',(7.92563705992,50.317834439898,5.317815223237
    ));
#8362 = CARTESIAN_POINT('',(7.992810104301,50.348700718394,
    5.361137669775));
#8363 = CARTESIAN_POINT('',(8.096136862694,50.391202589686,
    5.422953959344));
#8364 = CARTESIAN_POINT('',(8.130392619897,50.404538467307,
    5.442716578474));
#8365 = CARTESIAN_POINT('',(8.165236648655,50.417374672142,
    5.462078147104));
#8366 = CARTESIAN_POINT('',(8.200649962518,50.429716914867,
    5.481007850189));
#8367 = CARTESIAN_POINT('',(8.236612081424,50.441570760758,
    5.499476275051));
#8368 = CARTESIAN_POINT('',(8.273101031704,50.452941629694,
    5.517455411379));
#8369 = CARTESIAN_POINT('',(8.310093346079,50.463834796157,
    5.534918651235));
#8370 = CARTESIAN_POINT('',(8.477975895652,50.510522872765,
    5.610736031396));
#8371 = CARTESIAN_POINT('',(8.61409789063,50.541041966226,5.663039850109
    ));
#8372 = CARTESIAN_POINT('',(8.755111937826,50.566110457838,
    5.707823702715));
#8373 = CARTESIAN_POINT('',(8.900110615801,50.58595204391,5.744357462367
    ));
#8374 = CARTESIAN_POINT('',(9.048121525292,50.600726277461,
    5.772102310105));
#8375 = CARTESIAN_POINT('',(9.198130194467,50.610536741109,
    5.790705928974));
#8376 = CARTESIAN_POINT('',(9.349101556575,50.6154374442,5.8));
#8377 = CARTESIAN_POINT('',(9.5,50.6154374442,5.8));
#8378 = ORIENTED_EDGE('',*,*,#8171,.T.);
#8379 = CYLINDRICAL_SURFACE('',#8380,2.5);
#8380 = AXIS2_PLACEMENT_3D('',#8381,#8382,#8383);
#8381 = CARTESIAN_POINT('',(9.5,40.,7.));
#8382 = DIRECTION('',(0.,0.939793423488,-0.341743063087));
#8383 = DIRECTION('',(0.,0.341743063087,0.939793423488));
#8384 = ADVANCED_FACE('',(#8385),#8466,.T.);
#8385 = FACE_BOUND('',#8386,.T.);
#8386 = EDGE_LOOP('',(#8387,#8396,#8397,#8398,#8407));
#8387 = ORIENTED_EDGE('',*,*,#8388,.F.);
#8388 = EDGE_CURVE('',#8295,#8389,#8391,.T.);
#8389 = VERTEX_POINT('',#8390);
#8390 = CARTESIAN_POINT('',(11.808370196373,49.450806661226,
    4.584748257677));
#8391 = CIRCLE('',#8392,2.5);
#8392 = AXIS2_PLACEMENT_3D('',#8393,#8394,#8395);
#8393 = CARTESIAN_POINT('',(9.5,49.122764106847,3.682631233874));
#8394 = DIRECTION('',(0.,0.939793423488,-0.341743063087));
#8395 = DIRECTION('',(0.,0.341743063087,0.939793423488));
#8396 = ORIENTED_EDGE('',*,*,#8294,.F.);
#8397 = ORIENTED_EDGE('',*,*,#7362,.F.);
#8398 = ORIENTED_EDGE('',*,*,#8399,.T.);
#8399 = EDGE_CURVE('',#7354,#8400,#8402,.T.);
#8400 = VERTEX_POINT('',#8401);
#8401 = CARTESIAN_POINT('',(11.471359800381,41.03305954722,
    4.988401503943));
#8402 = CIRCLE('',#8403,2.5);
#8403 = AXIS2_PLACEMENT_3D('',#8404,#8405,#8406);
#8404 = CARTESIAN_POINT('',(9.5,41.558471083077,6.433283242517));
#8405 = DIRECTION('',(0.,0.939793423488,-0.341743063087));
#8406 = DIRECTION('',(0.,0.341743063087,0.939793423488));
#8407 = ORIENTED_EDGE('',*,*,#8408,.F.);
#8408 = EDGE_CURVE('',#8389,#8400,#8409,.T.);
#8409 = B_SPLINE_CURVE_WITH_KNOTS('',7,(#8410,#8411,#8412,#8413,#8414,
    #8415,#8416,#8417,#8418,#8419,#8420,#8421,#8422,#8423,#8424,#8425,
    #8426,#8427,#8428,#8429,#8430,#8431,#8432,#8433,#8434,#8435,#8436,
    #8437,#8438,#8439,#8440,#8441,#8442,#8443,#8444,#8445,#8446,#8447,
    #8448,#8449,#8450,#8451,#8452,#8453,#8454,#8455,#8456,#8457,#8458,
    #8459,#8460,#8461,#8462,#8463,#8464,#8465),.UNSPECIFIED.,.F.,.F.,(8,
    6,6,6,6,6,6,6,6,8),(0.,6.564243626854E-02,8.450321870915E-02,
    0.123556966052,0.157123617705,0.203136566056,0.28807879205,
    0.402136516384,0.656707959891,1.),.UNSPECIFIED.);
#8410 = CARTESIAN_POINT('',(9.5,50.6154374442,5.8));
#8411 = CARTESIAN_POINT('',(9.672455363914,50.6154374442,5.8));
#8412 = CARTESIAN_POINT('',(9.84500795274,50.608903173412,5.787607905299
    ));
#8413 = CARTESIAN_POINT('',(10.01600078789,50.595820139891,
    5.762798952988));
#8414 = CARTESIAN_POINT('',(10.183777980509,50.576083947929,
    5.725915971747));
#8415 = CARTESIAN_POINT('',(10.346738198282,50.549487974354,
    5.677669920996));
#8416 = CARTESIAN_POINT('',(10.503393842635,50.515703941841,
    5.619149637446));
#8417 = CARTESIAN_POINT('',(10.695259613576,50.462346140004,
    5.532501202976));
#8418 = CARTESIAN_POINT('',(10.73744541987,50.449806792924,
    5.512440147514));
#8419 = CARTESIAN_POINT('',(10.7789534178,50.436629141458,5.491697951573
    ));
#8420 = CARTESIAN_POINT('',(10.819746657164,50.422804688276,
    5.470317748806));
#8421 = CARTESIAN_POINT('',(10.859791174979,50.408324645253,
    5.448345477602));
#8422 = CARTESIAN_POINT('',(10.899055995477,50.393179933469,
    5.425829881088));
#8423 = CARTESIAN_POINT('',(11.017143719356,50.344606366278,
    5.35518269301));
#8424 = CARTESIAN_POINT('',(11.093436013655,50.308910464438,
    5.305359399979));
#8425 = CARTESIAN_POINT('',(11.165935502344,50.270252323748,
    5.253906882226));
#8426 = CARTESIAN_POINT('',(11.234333116603,50.228628085286,
    5.20143400422));
#8427 = CARTESIAN_POINT('',(11.298451057146,50.184057173813,
    5.148563599576));
#8428 = CARTESIAN_POINT('',(11.358228621907,50.136588286428,
    5.09589182992));
#8429 = CARTESIAN_POINT('',(11.461392525424,50.043087281113,
    4.999301488571));
#8430 = CARTESIAN_POINT('',(11.505812290604,49.997871209482,
    4.955276515292));
#8431 = CARTESIAN_POINT('',(11.546976928009,49.950758651585,
    4.912240544905));
#8432 = CARTESIAN_POINT('',(11.58496479195,49.901878124685,
    4.870517638994));
#8433 = CARTESIAN_POINT('',(11.619900310203,49.851395256018,
    4.830376339045));
#8434 = CARTESIAN_POINT('',(11.651936119361,49.799522807061,
    4.792025449729));
#8435 = CARTESIAN_POINT('',(11.721409611417,49.6738893309,4.705709164306
    ));
#8436 = CARTESIAN_POINT('',(11.756356577924,49.599305339008,
    4.659562393344));
#8437 = CARTESIAN_POINT('',(11.786815496714,49.523016615919,
    4.61721479941));
#8438 = CARTESIAN_POINT('',(11.813400067417,49.44530476614,
    4.578597348178));
#8439 = CARTESIAN_POINT('',(11.836626657583,49.366505499049,
    4.543570182813));
#8440 = CARTESIAN_POINT('',(11.856932556226,49.287017929758,
    4.511949756197));
#8441 = CARTESIAN_POINT('',(11.907468101515,49.060172915184,
    4.431057263442));
#8442 = CARTESIAN_POINT('',(11.931824797586,48.911099160616,
    4.389059732117));
#8443 = CARTESIAN_POINT('',(11.950258174907,48.761156534243,
    4.355868185835));
#8444 = CARTESIAN_POINT('',(11.964276917982,48.611262133919,
    4.329851329142));
#8445 = CARTESIAN_POINT('',(11.974933311032,48.461893258223,
    4.309669410512));
#8446 = CARTESIAN_POINT('',(11.982950857013,48.31284747435,
    4.294263986939));
#8447 = CARTESIAN_POINT('',(11.996706353219,47.962009971249,
    4.267577804339));
#8448 = CARTESIAN_POINT('',(12.000722626923,47.759600565277,
    4.25951695427));
#8449 = CARTESIAN_POINT('',(12.001900874085,47.557344663893,
    4.257153795439));
#8450 = CARTESIAN_POINT('',(12.000881803433,47.356330216594,
    4.25920873906));
#8451 = CARTESIAN_POINT('',(11.998108089929,47.156767358449,
    4.264742710091));
#8452 = CARTESIAN_POINT('',(11.993838060812,46.957694204382,
    4.273155857902));
#8453 = CARTESIAN_POINT('',(11.975436541523,46.308714129168,
    4.308809251004));
#8454 = CARTESIAN_POINT('',(11.955624048676,45.851473006735,
    4.346501020011));
#8455 = CARTESIAN_POINT('',(11.930433895462,45.394091027304,
    4.392554133977));
#8456 = CARTESIAN_POINT('',(11.900847414321,44.943050420476,
    4.44343688882));
#8457 = CARTESIAN_POINT('',(11.867467716247,44.498619279775,
    4.497510511956));
#8458 = CARTESIAN_POINT('',(11.829943224382,44.054367405237,
    4.554657574917));
#8459 = CARTESIAN_POINT('',(11.728567950354,42.988349459675,
    4.698134380624));
#8460 = CARTESIAN_POINT('',(11.662483758101,42.383755749774,
    4.784315161759));
#8461 = CARTESIAN_POINT('',(11.587924358238,41.781613377176,
    4.873146083849));
#8462 = CARTESIAN_POINT('',(11.503297044748,41.176555396714,
    4.964808305645));
#8463 = CARTESIAN_POINT('',(11.406567747492,40.567754721071,
    5.058942697535));
#8464 = CARTESIAN_POINT('',(11.295385024508,39.9596007098,5.154525044137
    ));
#8465 = CARTESIAN_POINT('',(11.167387133261,39.363419142822,
    5.249404398466));
#8466 = CYLINDRICAL_SURFACE('',#8467,2.5);
#8467 = AXIS2_PLACEMENT_3D('',#8468,#8469,#8470);
#8468 = CARTESIAN_POINT('',(9.5,40.,7.));
#8469 = DIRECTION('',(0.,0.939793423488,-0.341743063087));
#8470 = DIRECTION('',(0.,0.341743063087,0.939793423488));
#8471 = ADVANCED_FACE('',(#8472),#8524,.T.);
#8472 = FACE_BOUND('',#8473,.T.);
#8473 = EDGE_LOOP('',(#8474,#8475,#8476,#8523));
#8474 = ORIENTED_EDGE('',*,*,#7353,.F.);
#8475 = ORIENTED_EDGE('',*,*,#8160,.F.);
#8476 = ORIENTED_EDGE('',*,*,#8477,.F.);
#8477 = EDGE_CURVE('',#8400,#8161,#8478,.T.);
#8478 = B_SPLINE_CURVE_WITH_KNOTS('',7,(#8479,#8480,#8481,#8482,#8483,
    #8484,#8485,#8486,#8487,#8488,#8489,#8490,#8491,#8492,#8493,#8494,
    #8495,#8496,#8497,#8498,#8499,#8500,#8501,#8502,#8503,#8504,#8505,
    #8506,#8507,#8508,#8509,#8510,#8511,#8512,#8513,#8514,#8515,#8516,
    #8517,#8518,#8519,#8520,#8521,#8522),.UNSPECIFIED.,.F.,.F.,(8,6,6,6,
    6,6,6,8),(0.,7.242438937319E-02,0.148182904216,0.244896723732,
    0.378440759719,0.494386123192,0.640023874173,1.),.UNSPECIFIED.);
#8479 = CARTESIAN_POINT('',(9.5,42.749545416973,5.8));
#8480 = CARTESIAN_POINT('',(9.549105101667,42.749545416973,5.8));
#8481 = CARTESIAN_POINT('',(9.598212921693,42.748083729563,
    5.798995284585));
#8482 = CARTESIAN_POINT('',(9.647204637616,42.745160239693,5.79698566292
    ));
#8483 = CARTESIAN_POINT('',(9.695967859054,42.740787453015,
    5.793983240027));
#8484 = CARTESIAN_POINT('',(9.744396671312,42.734989229036,
    5.790011128571));
#8485 = CARTESIAN_POINT('',(9.792391678981,42.72779951427,5.785102160639
    ));
#8486 = CARTESIAN_POINT('',(9.889513671596,42.710329561398,
    5.773225819931));
#8487 = CARTESIAN_POINT('',(9.938594984092,42.699921560413,
    5.766173562742));
#8488 = CARTESIAN_POINT('',(9.987001382789,42.688085348729,
    5.758187513156));
#8489 = CARTESIAN_POINT('',(10.034647026767,42.674877286173,
    5.749322500954));
#8490 = CARTESIAN_POINT('',(10.081461381835,42.660359223856,
    5.739638904854));
#8491 = CARTESIAN_POINT('',(10.127387763922,42.644595911913,
    5.72920005687));
#8492 = CARTESIAN_POINT('',(10.229821670872,42.606022217482,
    5.703860491613));
#8493 = CARTESIAN_POINT('',(10.285741457569,42.582468858426,
    5.688524352644));
#8494 = CARTESIAN_POINT('',(10.340056979072,42.557125792932,
    5.672192922836));
#8495 = CARTESIAN_POINT('',(10.392715626691,42.530125836796,
    5.654997500652));
#8496 = CARTESIAN_POINT('',(10.443691668646,42.501596927119,
    5.637065101643));
#8497 = CARTESIAN_POINT('',(10.492981472165,42.471657890669,
    5.618514570133));
#8498 = CARTESIAN_POINT('',(10.606349413912,42.397272426134,
    5.573131733924));
#8499 = CARTESIAN_POINT('',(10.668900219984,42.351650615985,
    5.545840296732));
#8500 = CARTESIAN_POINT('',(10.728299770219,42.303822003233,
    5.517858441023));
#8501 = CARTESIAN_POINT('',(10.784626563401,42.25403277847,
    5.489436468344));
#8502 = CARTESIAN_POINT('',(10.837982313773,42.202498782826,
    5.460794115399));
#8503 = CARTESIAN_POINT('',(10.88848529412,42.149402189346,
    5.432119749353));
#8504 = CARTESIAN_POINT('',(10.977745742389,42.047558132717,
    5.378781771633));
#8505 = CARTESIAN_POINT('',(11.01716871806,41.999165719939,
    5.354090942032));
#8506 = CARTESIAN_POINT('',(11.054613891931,41.949810001427,
    5.329601859413));
#8507 = CARTESIAN_POINT('',(11.090160476473,41.899580029125,
    5.305407386361));
#8508 = CARTESIAN_POINT('',(11.123885593557,41.84855482707,
    5.281589332793));
#8509 = CARTESIAN_POINT('',(11.155864257454,41.796803366943,
    5.258219325802));
#8510 = CARTESIAN_POINT('',(11.224235275511,41.678541811214,
    5.206645918323));
#8511 = CARTESIAN_POINT('',(11.259657931145,41.611651056129,
    5.178739538764));
#8512 = CARTESIAN_POINT('',(11.292580872199,41.543830065643,
    5.151764489292));
#8513 = CARTESIAN_POINT('',(11.323135501777,41.475184487648,
    5.125827288473));
#8514 = CARTESIAN_POINT('',(11.351442152071,41.40580792019,
    5.101018807402));
#8515 = CARTESIAN_POINT('',(11.37761115782,41.335782001023,
    5.077416052135));
#8516 = CARTESIAN_POINT('',(11.461393448453,41.090659275024,
    4.999885174171));
#8517 = CARTESIAN_POINT('',(11.508583139086,40.912656948079,
    4.952467179567));
#8518 = CARTESIAN_POINT('',(11.544860786251,40.732193080669,
    4.913792166086));
#8519 = CARTESIAN_POINT('',(11.571305755218,40.550109112493,
    4.884472124007));
#8520 = CARTESIAN_POINT('',(11.588682473721,40.367064966159,
    4.864826845193));
#8521 = CARTESIAN_POINT('',(11.597373357321,40.1835534376,4.855));
#8522 = CARTESIAN_POINT('',(11.597373357321,40.,4.855));
#8523 = ORIENTED_EDGE('',*,*,#8399,.F.);
#8524 = SPHERICAL_SURFACE('',#8525,3.);
#8525 = AXIS2_PLACEMENT_3D('',#8526,#8527,#8528);
#8526 = CARTESIAN_POINT('',(9.5,40.,7.));
#8527 = DIRECTION('',(0.,0.,1.));
#8528 = DIRECTION('',(1.,0.,-0.));
#8529 = ADVANCED_FACE('',(#8530),#8657,.T.);
#8530 = FACE_BOUND('',#8531,.T.);
#8531 = EDGE_LOOP('',(#8532,#8541,#8542,#8543,#8552,#8619,#8628));
#8532 = ORIENTED_EDGE('',*,*,#8533,.T.);
#8533 = EDGE_CURVE('',#8534,#7728,#8536,.T.);
#8534 = VERTEX_POINT('',#8535);
#8535 = CARTESIAN_POINT('',(-7.402626642679,40.,4.855));
#8536 = CIRCLE('',#8537,3.);
#8537 = AXIS2_PLACEMENT_3D('',#8538,#8539,#8540);
#8538 = CARTESIAN_POINT('',(-9.5,40.,7.));
#8539 = DIRECTION('',(-2.449293598295E-16,-1.,0.));
#8540 = DIRECTION('',(1.,-2.449293598295E-16,0.));
#8541 = ORIENTED_EDGE('',*,*,#7727,.F.);
#8542 = ORIENTED_EDGE('',*,*,#7705,.F.);
#8543 = ORIENTED_EDGE('',*,*,#8544,.F.);
#8544 = EDGE_CURVE('',#8545,#7706,#8547,.T.);
#8545 = VERTEX_POINT('',#8546);
#8546 = CARTESIAN_POINT('',(-11.47135980746,41.033059518845,
    4.988401496309));
#8547 = CIRCLE('',#8548,2.5);
#8548 = AXIS2_PLACEMENT_3D('',#8549,#8550,#8551);
#8549 = CARTESIAN_POINT('',(-9.5,41.558471083077,6.433283242517));
#8550 = DIRECTION('',(0.,0.939793423488,-0.341743063087));
#8551 = DIRECTION('',(0.,0.341743063087,0.939793423488));
#8552 = ORIENTED_EDGE('',*,*,#8553,.F.);
#8553 = EDGE_CURVE('',#8554,#8545,#8556,.T.);
#8554 = VERTEX_POINT('',#8555);
#8555 = CARTESIAN_POINT('',(-10.52458364363,37.549193338483,
    5.605806661517));
#8556 = B_SPLINE_CURVE_WITH_KNOTS('',6,(#8557,#8558,#8559,#8560,#8561,
    #8562,#8563,#8564,#8565,#8566,#8567,#8568,#8569,#8570,#8571,#8572,
    #8573,#8574,#8575,#8576,#8577,#8578,#8579,#8580,#8581,#8582,#8583,
    #8584,#8585,#8586,#8587,#8588,#8589,#8590,#8591,#8592,#8593,#8594,
    #8595,#8596,#8597,#8598,#8599,#8600,#8601,#8602,#8603,#8604,#8605,
    #8606,#8607,#8608,#8609,#8610,#8611,#8612,#8613,#8614,#8615,#8616,
    #8617,#8618),.UNSPECIFIED.,.F.,.F.,(7,5,5,5,5,5,5,5,5,5,5,5,7),(0.,
    7.621314164034E-02,0.141774522926,0.200371957758,0.253376582743,
    0.431737844007,0.609106367735,0.661597316321,0.719941418686,
    0.785415457482,0.861030818359,0.91581368163,1.),.UNSPECIFIED.);
#8557 = CARTESIAN_POINT('',(-10.52458270866,37.549192738483,
    5.605807029138));
#8558 = CARTESIAN_POINT('',(-10.60238891642,37.599123691157,
    5.575214243791));
#8559 = CARTESIAN_POINT('',(-10.67567054028,37.652625208125,
    5.543181303142));
#8560 = CARTESIAN_POINT('',(-10.74450158972,37.709204444373,
    5.510212664056));
#8561 = CARTESIAN_POINT('',(-10.80903245785,37.768432580067,
    5.476742430665));
#8562 = CARTESIAN_POINT('',(-10.86946451974,37.829957732522,
    5.443130443975));
#8563 = CARTESIAN_POINT('',(-10.97467992963,37.948194662703,
    5.380864448788));
#8564 = CARTESIAN_POINT('',(-11.02046237374,38.004368767341,
    5.352178836799));
#8565 = CARTESIAN_POINT('',(-11.06351190972,38.061866181874,
    5.323785468419));
#8566 = CARTESIAN_POINT('',(-11.10396420932,38.120536304197,
    5.295840522144));
#8567 = CARTESIAN_POINT('',(-11.1419505706,38.180252056128,
    5.268475398994));
#8568 = CARTESIAN_POINT('',(-11.20945841873,38.295124859286,
    5.217957499432));
#8569 = CARTESIAN_POINT('',(-11.23944894174,38.350089868188,
    5.194667168186));
#8570 = CARTESIAN_POINT('',(-11.26765861175,38.405729323751,
    5.172007789518));
#8571 = CARTESIAN_POINT('',(-11.29417001467,38.461975616985,
    5.150047625115));
#8572 = CARTESIAN_POINT('',(-11.31905969498,38.518769179894,
    5.128845335629));
#8573 = CARTESIAN_POINT('',(-11.36351041205,38.627879716594,
    5.090003578211));
#8574 = CARTESIAN_POINT('',(-11.38335304363,38.68010583827,
    5.072217573359));
#8575 = CARTESIAN_POINT('',(-11.40197897875,38.732698072163,
    5.055130279016));
#8576 = CARTESIAN_POINT('',(-11.41943631847,38.785620965324,
    5.038774395733));
#8577 = CARTESIAN_POINT('',(-11.43576903285,38.838842327968,
    5.023178232793));
#8578 = CARTESIAN_POINT('',(-11.50232644004,39.072330835095,
    4.958521367866));
#8579 = CARTESIAN_POINT('',(-11.5413506071,39.255370622305,
    4.917554160341));
#8580 = CARTESIAN_POINT('',(-11.56961492544,39.440356951906,
    4.886384953764));
#8581 = CARTESIAN_POINT('',(-11.58810908183,39.626466251352,
    4.865474743152));
#8582 = CARTESIAN_POINT('',(-11.59737335732,39.813147586858,4.855));
#8583 = CARTESIAN_POINT('',(-11.59737335732,40.185812414865,4.855));
#8584 = CARTESIAN_POINT('',(-11.58821194357,40.371455243457,
    4.865358454344));
#8585 = CARTESIAN_POINT('',(-11.56992291953,40.556534501107,
    4.886036701624));
#8586 = CARTESIAN_POINT('',(-11.5419782714,40.7405095455,4.916861906769)
  );
#8587 = CARTESIAN_POINT('',(-11.50340940293,40.92257336022,
    4.957384019806));
#8588 = CARTESIAN_POINT('',(-11.43772553535,41.154650084813,
    5.021301013299));
#8589 = CARTESIAN_POINT('',(-11.42166496279,41.207385184536,
    5.036667471345));
#8590 = CARTESIAN_POINT('',(-11.40450498308,41.259830139074,
    5.052781198633));
#8591 = CARTESIAN_POINT('',(-11.38620315528,41.311953878782,
    5.069614966757));
#8592 = CARTESIAN_POINT('',(-11.3667130686,41.363722226648,
    5.087137356477));
#8593 = CARTESIAN_POINT('',(-11.3229442,41.472202361578,5.125514859214)
  );
#8594 = CARTESIAN_POINT('',(-11.2983740804,41.528820819257,
    5.146523293954));
#8595 = CARTESIAN_POINT('',(-11.2722041991,41.584902769774,
    5.168289003173));
#8596 = CARTESIAN_POINT('',(-11.24435949391,41.640389992933,
    5.190754787587));
#8597 = CARTESIAN_POINT('',(-11.21475894342,41.695216491463,
    5.213854126854));
#8598 = CARTESIAN_POINT('',(-11.14802820925,41.81001067508,
    5.264056735207));
#8599 = CARTESIAN_POINT('',(-11.11042174931,41.869784799556,
    5.291302972104));
#8600 = CARTESIAN_POINT('',(-11.07037003982,41.928529018531,
    5.319140986902));
#8601 = CARTESIAN_POINT('',(-11.02774285805,41.986118465334,
    5.347441726366));
#8602 = CARTESIAN_POINT('',(-10.98240531786,42.042405288553,
    5.376051855942));
#8603 = CARTESIAN_POINT('',(-10.87856683349,42.16052230134,
    5.437981159317));
#8604 = CARTESIAN_POINT('',(-10.81912436246,42.221849613236,
    5.471337201928));
#8605 = CARTESIAN_POINT('',(-10.7556688755,42.280948310051,
    5.504587557545));
#8606 = CARTESIAN_POINT('',(-10.68800181259,42.337480766515,
    5.537386656993));
#8607 = CARTESIAN_POINT('',(-10.61597079548,42.391035633985,
    5.569317627325));
#8608 = CARTESIAN_POINT('',(-10.48408478218,42.477439218513,
    5.622048425305));
#8609 = CARTESIAN_POINT('',(-10.42635052746,42.511922197337,
    5.643488035769));
#8610 = CARTESIAN_POINT('',(-10.3662665775,42.544405282053,5.66402875444
    ));
#8611 = CARTESIAN_POINT('',(-10.30384958173,42.57467477443,
    5.683457602179));
#8612 = CARTESIAN_POINT('',(-10.23917266204,42.602500900305,
    5.701547292223));
#8613 = CARTESIAN_POINT('',(-10.06974267202,42.666303413134,
    5.743459998829));
#8614 = CARTESIAN_POINT('',(-9.962010403616,42.69867722719,
    5.765174699347));
#8615 = CARTESIAN_POINT('',(-9.849902968605,42.723833370754,
    5.782324662187));
#8616 = CARTESIAN_POINT('',(-9.734483582248,42.740979722885,
    5.794112358559));
#8617 = CARTESIAN_POINT('',(-9.617207967283,42.749545416973,5.8));
#8618 = CARTESIAN_POINT('',(-9.5,42.749545416973,5.8));
#8619 = ORIENTED_EDGE('',*,*,#8620,.F.);
#8620 = EDGE_CURVE('',#8621,#8554,#8623,.T.);
#8621 = VERTEX_POINT('',#8622);
#8622 = CARTESIAN_POINT('',(-8.47541635637,37.549193338483,
    5.605806661517));
#8623 = CIRCLE('',#8624,1.26806446997);
#8624 = AXIS2_PLACEMENT_3D('',#8625,#8626,#8627);
#8625 = CARTESIAN_POINT('',(-9.5,38.0775,5.0775));
#8626 = DIRECTION('',(0.,-0.707106781187,-0.707106781187));
#8627 = DIRECTION('',(0.,0.707106781187,-0.707106781187));
#8628 = ORIENTED_EDGE('',*,*,#8629,.T.);
#8629 = EDGE_CURVE('',#8621,#8534,#8630,.T.);
#8630 = B_SPLINE_CURVE_WITH_KNOTS('',7,(#8631,#8632,#8633,#8634,#8635,
    #8636,#8637,#8638,#8639,#8640,#8641,#8642,#8643,#8644,#8645,#8646,
    #8647,#8648,#8649,#8650,#8651,#8652,#8653,#8654,#8655,#8656),
  .UNSPECIFIED.,.F.,.F.,(8,6,6,6,8),(0.,0.17710443425,0.329902976328,
    0.522679328518,1.),.UNSPECIFIED.);
#8631 = CARTESIAN_POINT('',(-8.475417291335,37.549192738483,
    5.605807029138));
#8632 = CARTESIAN_POINT('',(-8.408501973176,37.592134628087,
    5.579496455422));
#8633 = CARTESIAN_POINT('',(-8.344840528725,37.637643936909,
    5.55215036122));
#8634 = CARTESIAN_POINT('',(-8.284389934403,37.685436332794,
    5.524059854611));
#8635 = CARTESIAN_POINT('',(-8.227074191737,37.73525525745,
    5.495485486627));
#8636 = CARTESIAN_POINT('',(-8.172791654231,37.786875628341,
    5.466656157318));
#8637 = CARTESIAN_POINT('',(-8.121422354233,37.840107540583,
    5.437768021817));
#8638 = CARTESIAN_POINT('',(-8.03091641044,37.941986383655,
    5.384149185915));
#8639 = CARTESIAN_POINT('',(-7.991073920084,37.990253747489,
    5.35939545472));
#8640 = CARTESIAN_POINT('',(-7.953226345143,38.039501017376,
    5.33482905534));
#8641 = CARTESIAN_POINT('',(-7.917294077641,38.089637373724,
    5.310544687973));
#8642 = CARTESIAN_POINT('',(-7.883199458573,38.140582252888,
    5.286625776143));
#8643 = CARTESIAN_POINT('',(-7.850866821268,38.192265379746,
    5.263145342363));
#8644 = CARTESIAN_POINT('',(-7.781560557416,38.310687925634,
    5.211176401539));
#8645 = CARTESIAN_POINT('',(-7.745588861102,38.377823662659,
    5.182987153515));
#8646 = CARTESIAN_POINT('',(-7.712160462838,38.445912623669,
    5.155727083998));
#8647 = CARTESIAN_POINT('',(-7.681140796281,38.514846051939,
    5.129506068297));
#8648 = CARTESIAN_POINT('',(-7.652406602474,38.584527723862,
    5.104417770212));
#8649 = CARTESIAN_POINT('',(-7.625844820588,38.654873851122,
    5.080541499498));
#8650 = CARTESIAN_POINT('',(-7.540705147976,38.901460636808,
    5.001992079268));
#8651 = CARTESIAN_POINT('',(-7.492760810223,39.080684937538,
    4.953899310351));
#8652 = CARTESIAN_POINT('',(-7.455922562258,39.262432923837,
    4.914660637635));
#8653 = CARTESIAN_POINT('',(-7.42908024242,39.445839772134,
    4.884908448371));
#8654 = CARTESIAN_POINT('',(-7.411446183003,39.630227768594,
    4.864972342854));
#8655 = CARTESIAN_POINT('',(-7.402626642679,39.815092737375,4.855));
#8656 = CARTESIAN_POINT('',(-7.402626642679,40.,4.855));
#8657 = SPHERICAL_SURFACE('',#8658,3.);
#8658 = AXIS2_PLACEMENT_3D('',#8659,#8660,#8661);
#8659 = CARTESIAN_POINT('',(-9.5,40.,7.));
#8660 = DIRECTION('',(0.,0.,1.));
#8661 = DIRECTION('',(1.,0.,-0.));
#8662 = ADVANCED_FACE('',(#8663),#8752,.T.);
#8663 = FACE_BOUND('',#8664,.T.);
#8664 = EDGE_LOOP('',(#8665,#8666,#8674,#8683,#8751));
#8665 = ORIENTED_EDGE('',*,*,#7794,.F.);
#8666 = ORIENTED_EDGE('',*,*,#8667,.T.);
#8667 = EDGE_CURVE('',#7746,#8668,#8670,.T.);
#8668 = VERTEX_POINT('',#8669);
#8669 = CARTESIAN_POINT('',(-9.5,49.977121764564,6.032114792595));
#8670 = LINE('',#8671,#8672);
#8671 = CARTESIAN_POINT('',(-9.5,40.854357657717,9.349483558721));
#8672 = VECTOR('',#8673,1.);
#8673 = DIRECTION('',(0.,0.939793423488,-0.341743063087));
#8674 = ORIENTED_EDGE('',*,*,#8675,.F.);
#8675 = EDGE_CURVE('',#8676,#8668,#8678,.T.);
#8676 = VERTEX_POINT('',#8677);
#8677 = CARTESIAN_POINT('',(-11.8083701956,49.450806661351,
    4.584748258341));
#8678 = CIRCLE('',#8679,2.5);
#8679 = AXIS2_PLACEMENT_3D('',#8680,#8681,#8682);
#8680 = CARTESIAN_POINT('',(-9.5,49.122764106847,3.682631233874));
#8681 = DIRECTION('',(0.,0.939793423488,-0.341743063087));
#8682 = DIRECTION('',(0.,0.341743063087,0.939793423488));
#8683 = ORIENTED_EDGE('',*,*,#8684,.F.);
#8684 = EDGE_CURVE('',#8545,#8676,#8685,.T.);
#8685 = B_SPLINE_CURVE_WITH_KNOTS('',8,(#8686,#8687,#8688,#8689,#8690,
    #8691,#8692,#8693,#8694,#8695,#8696,#8697,#8698,#8699,#8700,#8701,
    #8702,#8703,#8704,#8705,#8706,#8707,#8708,#8709,#8710,#8711,#8712,
    #8713,#8714,#8715,#8716,#8717,#8718,#8719,#8720,#8721,#8722,#8723,
    #8724,#8725,#8726,#8727,#8728,#8729,#8730,#8731,#8732,#8733,#8734,
    #8735,#8736,#8737,#8738,#8739,#8740,#8741,#8742,#8743,#8744,#8745,
    #8746,#8747,#8748,#8749,#8750),.UNSPECIFIED.,.F.,.F.,(9,7,7,7,7,7,7,
    7,7,9),(0.,0.30823129393,0.595052543168,0.710525445865,
    0.795704834942,0.841928876325,0.876084171331,0.915251347568,
    0.934166909839,1.),.UNSPECIFIED.);
#8686 = CARTESIAN_POINT('',(-11.16738713326,39.363419142822,
    5.249404398466));
#8687 = CARTESIAN_POINT('',(-11.26845784592,39.834180772296,
    5.174485008265));
#8688 = CARTESIAN_POINT('',(-11.35914244638,40.311713924616,
    5.099222487161));
#8689 = CARTESIAN_POINT('',(-11.44058642596,40.790893816244,
    5.024589008712));
#8690 = CARTESIAN_POINT('',(-11.51391090765,41.2689000073,4.951182894325
    ));
#8691 = CARTESIAN_POINT('',(-11.58017924973,41.745067988102,
    4.879293692675));
#8692 = CARTESIAN_POINT('',(-11.64033517327,42.220542038172,
    4.808978620808));
#8693 = CARTESIAN_POINT('',(-11.69512254395,42.697735122756,
    4.74023042141));
#8694 = CARTESIAN_POINT('',(-11.79140700864,43.627997148584,
    4.611050852686));
#8695 = CARTESIAN_POINT('',(-11.83215460049,44.066834741671,
    4.552263061819));
#8696 = CARTESIAN_POINT('',(-11.86865295845,44.503829108061,
    4.496202674189));
#8697 = CARTESIAN_POINT('',(-11.90149207183,44.945010151281,
    4.442647807571));
#8698 = CARTESIAN_POINT('',(-11.9305987543,45.392901185843,
    4.392289807879));
#8699 = CARTESIAN_POINT('',(-11.95533520308,45.845308507151,
    4.346998540158));
#8700 = CARTESIAN_POINT('',(-11.97480047354,46.295756208913,
    4.310013329818));
#8701 = CARTESIAN_POINT('',(-11.9926934368,46.913813725323,
    4.275384102193));
#8702 = CARTESIAN_POINT('',(-11.99674934729,47.08987972251,4.26742328919
    ));
#8703 = CARTESIAN_POINT('',(-11.99968217589,47.266034139787,
    4.261602619617));
#8704 = CARTESIAN_POINT('',(-12.00135353997,47.44305744762,
    4.258257266178));
#8705 = CARTESIAN_POINT('',(-12.0015305711,47.621115526213,
    4.257896500408));
#8706 = CARTESIAN_POINT('',(-11.99988298802,47.799846541637,
    4.261204059821));
#8707 = CARTESIAN_POINT('',(-11.99595535472,47.97850024654,4.2690277203)
  );
#8708 = CARTESIAN_POINT('',(-11.9840317436,48.287155253748,
    4.292171988943));
#8709 = CARTESIAN_POINT('',(-11.97737272042,48.41764433619,
    4.304988902418));
#8710 = CARTESIAN_POINT('',(-11.96881204895,48.548246063574,
    4.321269666922));
#8711 = CARTESIAN_POINT('',(-11.95793091512,48.679196372803,
    4.341634081636));
#8712 = CARTESIAN_POINT('',(-11.94416000524,48.810371626238,
    4.366844089179));
#8713 = CARTESIAN_POINT('',(-11.92673604537,48.941367274699,
    4.397804336461));
#8714 = CARTESIAN_POINT('',(-11.90460461254,49.07159441253,
    4.435533232356));
#8715 = CARTESIAN_POINT('',(-11.86082111079,49.270282166986,
    4.505779370725));
#8716 = CARTESIAN_POINT('',(-11.84351942099,49.340021677398,
    4.532883880901));
#8717 = CARTESIAN_POINT('',(-11.82408649215,49.409314926283,
    4.562514916074));
#8718 = CARTESIAN_POINT('',(-11.80225779744,49.47790400669,
    4.594792855417));
#8719 = CARTESIAN_POINT('',(-11.77773069918,49.545563196399,
    4.629819075694));
#8720 = CARTESIAN_POINT('',(-11.75015811501,49.61209577116,
    4.667666925444));
#8721 = CARTESIAN_POINT('',(-11.71914079144,49.677330531988,
    4.708370418805));
#8722 = CARTESIAN_POINT('',(-11.65841360536,49.788251125095,
    4.784082855516));
#8723 = CARTESIAN_POINT('',(-11.63051012598,49.834533117689,
    4.817762303071));
#8724 = CARTESIAN_POINT('',(-11.60039761523,49.879786338277,
    4.852851888544));
#8725 = CARTESIAN_POINT('',(-11.56797360209,49.923863520335,
    4.889224731897));
#8726 = CARTESIAN_POINT('',(-11.53314845561,49.966643790553,
    4.926722786805));
#8727 = CARTESIAN_POINT('',(-11.49585187722,50.008028629634,
    4.965157467616));
#8728 = CARTESIAN_POINT('',(-11.45604070556,50.047937820114,
    5.00431229264));
#8729 = CARTESIAN_POINT('',(-11.36516354838,50.130302923279,
    5.08939879415));
#8730 = CARTESIAN_POINT('',(-11.31339544833,50.172189951967,
    5.135395657162));
#8731 = CARTESIAN_POINT('',(-11.2583773443,50.211913993484,
    5.181607602479));
#8732 = CARTESIAN_POINT('',(-11.20013430947,50.249440204517,
    5.227670443223));
#8733 = CARTESIAN_POINT('',(-11.13874819408,50.284749126507,
    5.273201576383));
#8734 = CARTESIAN_POINT('',(-11.07436294008,50.317834439898,
    5.317815223236));
#8735 = CARTESIAN_POINT('',(-11.0071898957,50.348700718394,
    5.361137669775));
#8736 = CARTESIAN_POINT('',(-10.9038631373,50.391202589686,
    5.422953959344));
#8737 = CARTESIAN_POINT('',(-10.8696073801,50.404538467307,
    5.442716578474));
#8738 = CARTESIAN_POINT('',(-10.83476335134,50.417374672142,
    5.462078147104));
#8739 = CARTESIAN_POINT('',(-10.79935003748,50.429716914867,
    5.481007850189));
#8740 = CARTESIAN_POINT('',(-10.76338791857,50.441570760758,
    5.499476275051));
#8741 = CARTESIAN_POINT('',(-10.72689896829,50.452941629694,
    5.517455411379));
#8742 = CARTESIAN_POINT('',(-10.68990665392,50.463834796157,
    5.534918651235));
#8743 = CARTESIAN_POINT('',(-10.52202410434,50.510522872765,
    5.610736031396));
#8744 = CARTESIAN_POINT('',(-10.38590210937,50.541041966226,
    5.663039850109));
#8745 = CARTESIAN_POINT('',(-10.24488806217,50.566110457838,
    5.707823702715));
#8746 = CARTESIAN_POINT('',(-10.09988938419,50.58595204391,
    5.744357462367));
#8747 = CARTESIAN_POINT('',(-9.951878474708,50.600726277461,
    5.772102310105));
#8748 = CARTESIAN_POINT('',(-9.801869805533,50.610536741109,
    5.790705928974));
#8749 = CARTESIAN_POINT('',(-9.650898443425,50.6154374442,5.8));
#8750 = CARTESIAN_POINT('',(-9.5,50.6154374442,5.8));
#8751 = ORIENTED_EDGE('',*,*,#8544,.T.);
#8752 = CYLINDRICAL_SURFACE('',#8753,2.5);
#8753 = AXIS2_PLACEMENT_3D('',#8754,#8755,#8756);
#8754 = CARTESIAN_POINT('',(-9.5,40.,7.));
#8755 = DIRECTION('',(0.,0.939793423488,-0.341743063087));
#8756 = DIRECTION('',(0.,0.341743063087,0.939793423488));
#8757 = ADVANCED_FACE('',(#8758),#8839,.T.);
#8758 = FACE_BOUND('',#8759,.T.);
#8759 = EDGE_LOOP('',(#8760,#8769,#8770,#8771,#8780));
#8760 = ORIENTED_EDGE('',*,*,#8761,.F.);
#8761 = EDGE_CURVE('',#8668,#8762,#8764,.T.);
#8762 = VERTEX_POINT('',#8763);
#8763 = CARTESIAN_POINT('',(-7.191629803626,49.450806661223,
    4.584748257675));
#8764 = CIRCLE('',#8765,2.5);
#8765 = AXIS2_PLACEMENT_3D('',#8766,#8767,#8768);
#8766 = CARTESIAN_POINT('',(-9.5,49.122764106847,3.682631233874));
#8767 = DIRECTION('',(0.,0.939793423488,-0.341743063087));
#8768 = DIRECTION('',(0.,0.341743063087,0.939793423488));
#8769 = ORIENTED_EDGE('',*,*,#8667,.F.);
#8770 = ORIENTED_EDGE('',*,*,#7745,.F.);
#8771 = ORIENTED_EDGE('',*,*,#8772,.T.);
#8772 = EDGE_CURVE('',#7737,#8773,#8775,.T.);
#8773 = VERTEX_POINT('',#8774);
#8774 = CARTESIAN_POINT('',(-7.528640199619,41.03305954722,
    4.988401503943));
#8775 = CIRCLE('',#8776,2.5);
#8776 = AXIS2_PLACEMENT_3D('',#8777,#8778,#8779);
#8777 = CARTESIAN_POINT('',(-9.5,41.558471083077,6.433283242517));
#8778 = DIRECTION('',(0.,0.939793423488,-0.341743063087));
#8779 = DIRECTION('',(0.,0.341743063087,0.939793423488));
#8780 = ORIENTED_EDGE('',*,*,#8781,.F.);
#8781 = EDGE_CURVE('',#8762,#8773,#8782,.T.);
#8782 = B_SPLINE_CURVE_WITH_KNOTS('',7,(#8783,#8784,#8785,#8786,#8787,
    #8788,#8789,#8790,#8791,#8792,#8793,#8794,#8795,#8796,#8797,#8798,
    #8799,#8800,#8801,#8802,#8803,#8804,#8805,#8806,#8807,#8808,#8809,
    #8810,#8811,#8812,#8813,#8814,#8815,#8816,#8817,#8818,#8819,#8820,
    #8821,#8822,#8823,#8824,#8825,#8826,#8827,#8828,#8829,#8830,#8831,
    #8832,#8833,#8834,#8835,#8836,#8837,#8838),.UNSPECIFIED.,.F.,.F.,(8,
    6,6,6,6,6,6,6,6,8),(0.,6.564243629576E-02,8.450321874419E-02,
    0.123556966103,0.15712361777,0.203136566127,0.288078792104,
    0.402136516408,0.656707959883,1.),.UNSPECIFIED.);
#8783 = CARTESIAN_POINT('',(-9.5,50.6154374442,5.8));
#8784 = CARTESIAN_POINT('',(-9.327544636086,50.6154374442,5.8));
#8785 = CARTESIAN_POINT('',(-9.15499204726,50.608903173412,
    5.787607905299));
#8786 = CARTESIAN_POINT('',(-8.98399921211,50.595820139891,
    5.762798952988));
#8787 = CARTESIAN_POINT('',(-8.816222019491,50.576083947929,
    5.725915971747));
#8788 = CARTESIAN_POINT('',(-8.653261801718,50.549487974354,
    5.677669920996));
#8789 = CARTESIAN_POINT('',(-8.496606157365,50.515703941841,
    5.619149637446));
#8790 = CARTESIAN_POINT('',(-8.304740386424,50.462346140004,
    5.532501202976));
#8791 = CARTESIAN_POINT('',(-8.26255458013,50.449806792924,
    5.512440147514));
#8792 = CARTESIAN_POINT('',(-8.2210465822,50.436629141458,5.491697951573
    ));
#8793 = CARTESIAN_POINT('',(-8.180253342836,50.422804688276,
    5.470317748806));
#8794 = CARTESIAN_POINT('',(-8.140208825021,50.408324645253,
    5.448345477602));
#8795 = CARTESIAN_POINT('',(-8.100944004523,50.393179933469,
    5.425829881088));
#8796 = CARTESIAN_POINT('',(-7.982856280644,50.344606366278,
    5.35518269301));
#8797 = CARTESIAN_POINT('',(-7.906563986345,50.308910464438,
    5.305359399979));
#8798 = CARTESIAN_POINT('',(-7.834064497656,50.270252323748,
    5.253906882226));
#8799 = CARTESIAN_POINT('',(-7.765666883397,50.228628085286,
    5.20143400422));
#8800 = CARTESIAN_POINT('',(-7.701548942854,50.184057173813,
    5.148563599576));
#8801 = CARTESIAN_POINT('',(-7.641771378093,50.136588286428,
    5.09589182992));
#8802 = CARTESIAN_POINT('',(-7.538607474577,50.043087281113,
    4.999301488572));
#8803 = CARTESIAN_POINT('',(-7.494187709396,49.997871209482,
    4.955276515292));
#8804 = CARTESIAN_POINT('',(-7.453023071991,49.950758651585,
    4.912240544905));
#8805 = CARTESIAN_POINT('',(-7.415035208049,49.901878124685,
    4.870517638994));
#8806 = CARTESIAN_POINT('',(-7.380099689797,49.851395256018,
    4.830376339045));
#8807 = CARTESIAN_POINT('',(-7.348063880639,49.799522807061,
    4.792025449729));
#8808 = CARTESIAN_POINT('',(-7.278590388595,49.673889330921,
    4.70570916432));
#8809 = CARTESIAN_POINT('',(-7.243643422076,49.599305339013,
    4.659562393345));
#8810 = CARTESIAN_POINT('',(-7.213184503279,49.523016615903,4.6172147994
    ));
#8811 = CARTESIAN_POINT('',(-7.186599932577,49.445304766118,
    4.578597348169));
#8812 = CARTESIAN_POINT('',(-7.163373342418,49.366505499047,
    4.543570182814));
#8813 = CARTESIAN_POINT('',(-7.14306744378,49.287017929784,
    4.511949756206));
#8814 = CARTESIAN_POINT('',(-7.092531898485,49.060172915184,
    4.431057263443));
#8815 = CARTESIAN_POINT('',(-7.068175202415,48.911099160616,
    4.389059732117));
#8816 = CARTESIAN_POINT('',(-7.049741825093,48.761156534243,
    4.355868185835));
#8817 = CARTESIAN_POINT('',(-7.035723082018,48.611262133918,
    4.329851329142));
#8818 = CARTESIAN_POINT('',(-7.025066688968,48.461893258222,
    4.309669410512));
#8819 = CARTESIAN_POINT('',(-7.017049142987,48.312847474352,
    4.294263986939));
#8820 = CARTESIAN_POINT('',(-7.003293646782,47.962009971259,
    4.26757780434));
#8821 = CARTESIAN_POINT('',(-6.999277373077,47.759600565275,
    4.259516954268));
#8822 = CARTESIAN_POINT('',(-6.998099125915,47.557344663868,
    4.257153795439));
#8823 = CARTESIAN_POINT('',(-6.999118196568,47.35633021661,
    4.259208739061));
#8824 = CARTESIAN_POINT('',(-7.001891910069,47.156767358475,
    4.264742710088));
#8825 = CARTESIAN_POINT('',(-7.006161939189,46.957694204354,
    4.273155857904));
#8826 = CARTESIAN_POINT('',(-7.024563458476,46.308714129171,
    4.308809251003));
#8827 = CARTESIAN_POINT('',(-7.044375951326,45.851473006683,
    4.346501020015));
#8828 = CARTESIAN_POINT('',(-7.069566104538,45.394091027318,
    4.392554133979));
#8829 = CARTESIAN_POINT('',(-7.099152585677,44.943050420523,
    4.443436888813));
#8830 = CARTESIAN_POINT('',(-7.132532283749,44.498619279804,
    4.497510511951));
#8831 = CARTESIAN_POINT('',(-7.170056775625,44.05436740517,
    4.554657574926));
#8832 = CARTESIAN_POINT('',(-7.271432049647,42.988349459674,
    4.698134380624));
#8833 = CARTESIAN_POINT('',(-7.337516241898,42.383755749778,
    4.784315161759));
#8834 = CARTESIAN_POINT('',(-7.412075641765,41.781613377161,
    4.873146083851));
#8835 = CARTESIAN_POINT('',(-7.496702955247,41.176555396746,
    4.96480830564));
#8836 = CARTESIAN_POINT('',(-7.593432252512,40.56775472105,
    5.058942697538));
#8837 = CARTESIAN_POINT('',(-7.704614975492,39.959600709801,
    5.154525044137));
#8838 = CARTESIAN_POINT('',(-7.832612866739,39.363419142822,
    5.249404398466));
#8839 = CYLINDRICAL_SURFACE('',#8840,2.5);
#8840 = AXIS2_PLACEMENT_3D('',#8841,#8842,#8843);
#8841 = CARTESIAN_POINT('',(-9.5,40.,7.));
#8842 = DIRECTION('',(0.,0.939793423488,-0.341743063087));
#8843 = DIRECTION('',(0.,0.341743063087,0.939793423488));
#8844 = ADVANCED_FACE('',(#8845),#8897,.T.);
#8845 = FACE_BOUND('',#8846,.T.);
#8846 = EDGE_LOOP('',(#8847,#8848,#8849,#8896));
#8847 = ORIENTED_EDGE('',*,*,#7736,.F.);
#8848 = ORIENTED_EDGE('',*,*,#8533,.F.);
#8849 = ORIENTED_EDGE('',*,*,#8850,.F.);
#8850 = EDGE_CURVE('',#8773,#8534,#8851,.T.);
#8851 = B_SPLINE_CURVE_WITH_KNOTS('',7,(#8852,#8853,#8854,#8855,#8856,
    #8857,#8858,#8859,#8860,#8861,#8862,#8863,#8864,#8865,#8866,#8867,
    #8868,#8869,#8870,#8871,#8872,#8873,#8874,#8875,#8876,#8877,#8878,
    #8879,#8880,#8881,#8882,#8883,#8884,#8885,#8886,#8887,#8888,#8889,
    #8890,#8891,#8892,#8893,#8894,#8895),.UNSPECIFIED.,.F.,.F.,(8,6,6,6,
    6,6,6,8),(0.,7.242438937321E-02,0.148182904216,0.244896723732,
    0.378440759719,0.494386123192,0.640023874173,1.),.UNSPECIFIED.);
#8852 = CARTESIAN_POINT('',(-9.5,42.749545416973,5.8));
#8853 = CARTESIAN_POINT('',(-9.450894898333,42.749545416973,5.8));
#8854 = CARTESIAN_POINT('',(-9.401787078307,42.748083729563,
    5.798995284585));
#8855 = CARTESIAN_POINT('',(-9.352795362384,42.745160239693,
    5.79698566292));
#8856 = CARTESIAN_POINT('',(-9.304032140946,42.740787453015,
    5.793983240027));
#8857 = CARTESIAN_POINT('',(-9.255603328688,42.734989229036,
    5.790011128571));
#8858 = CARTESIAN_POINT('',(-9.207608321019,42.72779951427,
    5.785102160639));
#8859 = CARTESIAN_POINT('',(-9.110486328404,42.710329561398,
    5.773225819931));
#8860 = CARTESIAN_POINT('',(-9.061405015908,42.699921560413,
    5.766173562742));
#8861 = CARTESIAN_POINT('',(-9.012998617211,42.688085348729,
    5.758187513156));
#8862 = CARTESIAN_POINT('',(-8.965352973233,42.674877286173,
    5.749322500954));
#8863 = CARTESIAN_POINT('',(-8.918538618165,42.660359223856,
    5.739638904854));
#8864 = CARTESIAN_POINT('',(-8.872612236078,42.644595911913,
    5.72920005687));
#8865 = CARTESIAN_POINT('',(-8.770178329128,42.606022217482,
    5.703860491613));
#8866 = CARTESIAN_POINT('',(-8.714258542431,42.582468858426,
    5.688524352644));
#8867 = CARTESIAN_POINT('',(-8.659943020928,42.557125792932,
    5.672192922836));
#8868 = CARTESIAN_POINT('',(-8.607284373309,42.530125836796,
    5.654997500652));
#8869 = CARTESIAN_POINT('',(-8.556308331354,42.501596927119,
    5.637065101643));
#8870 = CARTESIAN_POINT('',(-8.507018527835,42.471657890669,
    5.618514570133));
#8871 = CARTESIAN_POINT('',(-8.393650586088,42.397272426134,
    5.573131733924));
#8872 = CARTESIAN_POINT('',(-8.331099780016,42.351650615985,
    5.545840296732));
#8873 = CARTESIAN_POINT('',(-8.271700229781,42.303822003233,
    5.517858441023));
#8874 = CARTESIAN_POINT('',(-8.215373436599,42.25403277847,
    5.489436468344));
#8875 = CARTESIAN_POINT('',(-8.162017686227,42.202498782826,
    5.460794115399));
#8876 = CARTESIAN_POINT('',(-8.11151470588,42.149402189346,
    5.432119749353));
#8877 = CARTESIAN_POINT('',(-8.022254257611,42.047558132717,
    5.378781771633));
#8878 = CARTESIAN_POINT('',(-7.98283128194,41.999165719939,
    5.354090942031));
#8879 = CARTESIAN_POINT('',(-7.945386108069,41.949810001427,
    5.329601859413));
#8880 = CARTESIAN_POINT('',(-7.909839523527,41.899580029125,
    5.305407386361));
#8881 = CARTESIAN_POINT('',(-7.876114406443,41.84855482707,
    5.281589332793));
#8882 = CARTESIAN_POINT('',(-7.844135742546,41.796803366943,
    5.258219325802));
#8883 = CARTESIAN_POINT('',(-7.775764724489,41.678541811214,
    5.206645918323));
#8884 = CARTESIAN_POINT('',(-7.740342068855,41.611651056129,
    5.178739538764));
#8885 = CARTESIAN_POINT('',(-7.707419127801,41.543830065643,
    5.151764489292));
#8886 = CARTESIAN_POINT('',(-7.676864498223,41.475184487648,
    5.125827288473));
#8887 = CARTESIAN_POINT('',(-7.648557847929,41.40580792019,
    5.101018807402));
#8888 = CARTESIAN_POINT('',(-7.62238884218,41.335782001023,
    5.077416052135));
#8889 = CARTESIAN_POINT('',(-7.538606551547,41.090659275024,
    4.999885174172));
#8890 = CARTESIAN_POINT('',(-7.491416860914,40.912656948078,
    4.952467179567));
#8891 = CARTESIAN_POINT('',(-7.455139213749,40.73219308067,
    4.913792166086));
#8892 = CARTESIAN_POINT('',(-7.428694244782,40.550109112492,
    4.884472124007));
#8893 = CARTESIAN_POINT('',(-7.41131752628,40.36706496616,4.864826845193
    ));
#8894 = CARTESIAN_POINT('',(-7.402626642679,40.1835534376,4.855));
#8895 = CARTESIAN_POINT('',(-7.402626642679,40.,4.855));
#8896 = ORIENTED_EDGE('',*,*,#8772,.F.);
#8897 = SPHERICAL_SURFACE('',#8898,3.);
#8898 = AXIS2_PLACEMENT_3D('',#8899,#8900,#8901);
#8899 = CARTESIAN_POINT('',(-9.5,40.,7.));
#8900 = DIRECTION('',(0.,0.,1.));
#8901 = DIRECTION('',(1.,0.,-0.));
#8902 = ADVANCED_FACE('',(#8903),#8924,.T.);
#8903 = FACE_BOUND('',#8904,.T.);
#8904 = EDGE_LOOP('',(#8905,#8906,#8907,#8914,#8915,#8916,#8917));
#8905 = ORIENTED_EDGE('',*,*,#8180,.T.);
#8906 = ORIENTED_EDGE('',*,*,#8311,.T.);
#8907 = ORIENTED_EDGE('',*,*,#8908,.F.);
#8908 = EDGE_CURVE('',#8389,#8303,#8909,.T.);
#8909 = CIRCLE('',#8910,2.8);
#8910 = AXIS2_PLACEMENT_3D('',#8911,#8912,#8913);
#8911 = CARTESIAN_POINT('',(9.5,49.450806661517,3.));
#8912 = DIRECTION('',(0.,1.,0.));
#8913 = DIRECTION('',(0.,-0.,1.));
#8914 = ORIENTED_EDGE('',*,*,#8408,.T.);
#8915 = ORIENTED_EDGE('',*,*,#8477,.T.);
#8916 = ORIENTED_EDGE('',*,*,#8256,.F.);
#8917 = ORIENTED_EDGE('',*,*,#8918,.T.);
#8918 = EDGE_CURVE('',#8248,#8181,#8919,.T.);
#8919 = CIRCLE('',#8920,2.8);
#8920 = AXIS2_PLACEMENT_3D('',#8921,#8922,#8923);
#8921 = CARTESIAN_POINT('',(9.5,37.549193338483,3.));
#8922 = DIRECTION('',(0.,1.,0.));
#8923 = DIRECTION('',(0.,-0.,1.));
#8924 = CYLINDRICAL_SURFACE('',#8925,2.8);
#8925 = AXIS2_PLACEMENT_3D('',#8926,#8927,#8928);
#8926 = CARTESIAN_POINT('',(9.5,36.,3.));
#8927 = DIRECTION('',(0.,1.,0.));
#8928 = DIRECTION('',(0.,-0.,1.));
#8929 = ADVANCED_FACE('',(#8930,#8934),#8938,.T.);
#8930 = FACE_BOUND('',#8931,.T.);
#8931 = VERTEX_LOOP('',#8932);
#8932 = VERTEX_POINT('',#8933);
#8933 = CARTESIAN_POINT('',(9.5,36.,-0.2));
#8934 = FACE_BOUND('',#8935,.T.);
#8935 = EDGE_LOOP('',(#8936,#8937));
#8936 = ORIENTED_EDGE('',*,*,#8918,.F.);
#8937 = ORIENTED_EDGE('',*,*,#8247,.T.);
#8938 = SPHERICAL_SURFACE('',#8939,3.2);
#8939 = AXIS2_PLACEMENT_3D('',#8940,#8941,#8942);
#8940 = CARTESIAN_POINT('',(9.5,36.,3.));
#8941 = DIRECTION('',(0.,0.,1.));
#8942 = DIRECTION('',(1.,0.,-0.));
#8943 = ADVANCED_FACE('',(#8944,#8948,#8959),#8964,.T.);
#8944 = FACE_BOUND('',#8945,.T.);
#8945 = VERTEX_LOOP('',#8946);
#8946 = VERTEX_POINT('',#8947);
#8947 = CARTESIAN_POINT('',(9.5,51.,6.2));
#8948 = FACE_BOUND('',#8949,.T.);
#8949 = EDGE_LOOP('',(#8950));
#8950 = ORIENTED_EDGE('',*,*,#8951,.T.);
#8951 = EDGE_CURVE('',#8952,#8952,#8954,.T.);
#8952 = VERTEX_POINT('',#8953);
#8953 = CARTESIAN_POINT('',(9.5,53.093182416909,5.420451893664));
#8954 = CIRCLE('',#8955,2.616719086382);
#8955 = AXIS2_PLACEMENT_3D('',#8956,#8957,#8958);
#8956 = CARTESIAN_POINT('',(9.5,52.832809136181,2.816719086382));
#8957 = DIRECTION('',(0.,-0.99503719021,9.9503719021E-02));
#8958 = DIRECTION('',(0.,-9.9503719021E-02,-0.99503719021));
#8959 = FACE_BOUND('',#8960,.T.);
#8960 = EDGE_LOOP('',(#8961,#8962,#8963));
#8961 = ORIENTED_EDGE('',*,*,#8302,.T.);
#8962 = ORIENTED_EDGE('',*,*,#8388,.T.);
#8963 = ORIENTED_EDGE('',*,*,#8908,.T.);
#8964 = SPHERICAL_SURFACE('',#8965,3.2);
#8965 = AXIS2_PLACEMENT_3D('',#8966,#8967,#8968);
#8966 = CARTESIAN_POINT('',(9.5,51.,3.));
#8967 = DIRECTION('',(0.,0.,1.));
#8968 = DIRECTION('',(1.,0.,-0.));
#8969 = ADVANCED_FACE('',(#8970),#8991,.T.);
#8970 = FACE_BOUND('',#8971,.T.);
#8971 = EDGE_LOOP('',(#8972,#8973,#8974,#8981,#8982,#8983,#8984));
#8972 = ORIENTED_EDGE('',*,*,#8553,.T.);
#8973 = ORIENTED_EDGE('',*,*,#8684,.T.);
#8974 = ORIENTED_EDGE('',*,*,#8975,.F.);
#8975 = EDGE_CURVE('',#8762,#8676,#8976,.T.);
#8976 = CIRCLE('',#8977,2.8);
#8977 = AXIS2_PLACEMENT_3D('',#8978,#8979,#8980);
#8978 = CARTESIAN_POINT('',(-9.5,49.450806661517,3.));
#8979 = DIRECTION('',(0.,1.,0.));
#8980 = DIRECTION('',(0.,-0.,1.));
#8981 = ORIENTED_EDGE('',*,*,#8781,.T.);
#8982 = ORIENTED_EDGE('',*,*,#8850,.T.);
#8983 = ORIENTED_EDGE('',*,*,#8629,.F.);
#8984 = ORIENTED_EDGE('',*,*,#8985,.T.);
#8985 = EDGE_CURVE('',#8621,#8554,#8986,.T.);
#8986 = CIRCLE('',#8987,2.8);
#8987 = AXIS2_PLACEMENT_3D('',#8988,#8989,#8990);
#8988 = CARTESIAN_POINT('',(-9.5,37.549193338483,3.));
#8989 = DIRECTION('',(0.,1.,0.));
#8990 = DIRECTION('',(0.,-0.,1.));
#8991 = CYLINDRICAL_SURFACE('',#8992,2.8);
#8992 = AXIS2_PLACEMENT_3D('',#8993,#8994,#8995);
#8993 = CARTESIAN_POINT('',(-9.5,36.,3.));
#8994 = DIRECTION('',(0.,1.,0.));
#8995 = DIRECTION('',(0.,-0.,1.));
#8996 = ADVANCED_FACE('',(#8997,#9001),#9005,.T.);
#8997 = FACE_BOUND('',#8998,.T.);
#8998 = VERTEX_LOOP('',#8999);
#8999 = VERTEX_POINT('',#9000);
#9000 = CARTESIAN_POINT('',(-9.5,36.,-0.2));
#9001 = FACE_BOUND('',#9002,.T.);
#9002 = EDGE_LOOP('',(#9003,#9004));
#9003 = ORIENTED_EDGE('',*,*,#8985,.F.);
#9004 = ORIENTED_EDGE('',*,*,#8620,.T.);
#9005 = SPHERICAL_SURFACE('',#9006,3.2);
#9006 = AXIS2_PLACEMENT_3D('',#9007,#9008,#9009);
#9007 = CARTESIAN_POINT('',(-9.5,36.,3.));
#9008 = DIRECTION('',(0.,0.,1.));
#9009 = DIRECTION('',(1.,0.,-0.));
#9010 = ADVANCED_FACE('',(#9011,#9015,#9026),#9031,.T.);
#9011 = FACE_BOUND('',#9012,.T.);
#9012 = VERTEX_LOOP('',#9013);
#9013 = VERTEX_POINT('',#9014);
#9014 = CARTESIAN_POINT('',(-9.5,51.,6.2));
#9015 = FACE_BOUND('',#9016,.T.);
#9016 = EDGE_LOOP('',(#9017));
#9017 = ORIENTED_EDGE('',*,*,#9018,.T.);
#9018 = EDGE_CURVE('',#9019,#9019,#9021,.T.);
#9019 = VERTEX_POINT('',#9020);
#9020 = CARTESIAN_POINT('',(-9.5,53.093182416909,5.420451893664));
#9021 = CIRCLE('',#9022,2.616719086382);
#9022 = AXIS2_PLACEMENT_3D('',#9023,#9024,#9025);
#9023 = CARTESIAN_POINT('',(-9.5,52.832809136181,2.816719086382));
#9024 = DIRECTION('',(0.,-0.99503719021,9.9503719021E-02));
#9025 = DIRECTION('',(0.,-9.9503719021E-02,-0.99503719021));
#9026 = FACE_BOUND('',#9027,.T.);
#9027 = EDGE_LOOP('',(#9028,#9029,#9030));
#9028 = ORIENTED_EDGE('',*,*,#8675,.T.);
#9029 = ORIENTED_EDGE('',*,*,#8761,.T.);
#9030 = ORIENTED_EDGE('',*,*,#8975,.T.);
#9031 = SPHERICAL_SURFACE('',#9032,3.2);
#9032 = AXIS2_PLACEMENT_3D('',#9033,#9034,#9035);
#9033 = CARTESIAN_POINT('',(-9.5,51.,3.));
#9034 = DIRECTION('',(0.,0.,1.));
#9035 = DIRECTION('',(1.,0.,-0.));
#9036 = ADVANCED_FACE('',(#9037),#9056,.T.);
#9037 = FACE_BOUND('',#9038,.T.);
#9038 = EDGE_LOOP('',(#9039,#9048,#9054,#9055));
#9039 = ORIENTED_EDGE('',*,*,#9040,.T.);
#9040 = EDGE_CURVE('',#9041,#9041,#9043,.T.);
#9041 = VERTEX_POINT('',#9042);
#9042 = CARTESIAN_POINT('',(9.5,55.242775608389,4.987289934999));
#9043 = CIRCLE('',#9044,2.399599345061);
#9044 = AXIS2_PLACEMENT_3D('',#9045,#9046,#9047);
#9045 = CARTESIAN_POINT('',(9.5,55.004006549395,2.599599345061));
#9046 = DIRECTION('',(0.,-0.99503719021,9.9503719021E-02));
#9047 = DIRECTION('',(0.,-9.9503719021E-02,-0.99503719021));
#9048 = ORIENTED_EDGE('',*,*,#9049,.F.);
#9049 = EDGE_CURVE('',#8952,#9041,#9050,.T.);
#9050 = LINE('',#9051,#9052);
#9051 = CARTESIAN_POINT('',(9.5,51.278610413259,5.786104132588));
#9052 = VECTOR('',#9053,1.);
#9053 = DIRECTION('',(2.42516203838E-17,0.980295206686,-0.197538117203)
  );
#9054 = ORIENTED_EDGE('',*,*,#8951,.F.);
#9055 = ORIENTED_EDGE('',*,*,#9049,.T.);
#9056 = CONICAL_SURFACE('',#9057,2.8,9.91772610794E-02);
#9057 = AXIS2_PLACEMENT_3D('',#9058,#9059,#9060);
#9058 = CARTESIAN_POINT('',(9.5,51.,3.));
#9059 = DIRECTION('',(-0.,-0.99503719021,9.9503719021E-02));
#9060 = DIRECTION('',(0.,9.9503719021E-02,0.99503719021));
#9061 = ADVANCED_FACE('',(#9062),#9081,.T.);
#9062 = FACE_BOUND('',#9063,.T.);
#9063 = EDGE_LOOP('',(#9064,#9073,#9079,#9080));
#9064 = ORIENTED_EDGE('',*,*,#9065,.T.);
#9065 = EDGE_CURVE('',#9066,#9066,#9068,.T.);
#9066 = VERTEX_POINT('',#9067);
#9067 = CARTESIAN_POINT('',(-9.5,55.242775608389,4.987289934999));
#9068 = CIRCLE('',#9069,2.399599345061);
#9069 = AXIS2_PLACEMENT_3D('',#9070,#9071,#9072);
#9070 = CARTESIAN_POINT('',(-9.5,55.004006549395,2.599599345061));
#9071 = DIRECTION('',(0.,-0.99503719021,9.9503719021E-02));
#9072 = DIRECTION('',(0.,-9.9503719021E-02,-0.99503719021));
#9073 = ORIENTED_EDGE('',*,*,#9074,.F.);
#9074 = EDGE_CURVE('',#9019,#9066,#9075,.T.);
#9075 = LINE('',#9076,#9077);
#9076 = CARTESIAN_POINT('',(-9.5,51.278610413259,5.786104132588));
#9077 = VECTOR('',#9078,1.);
#9078 = DIRECTION('',(2.42516203838E-17,0.980295206686,-0.197538117203)
  );
#9079 = ORIENTED_EDGE('',*,*,#9018,.F.);
#9080 = ORIENTED_EDGE('',*,*,#9074,.T.);
#9081 = CONICAL_SURFACE('',#9082,2.8,9.91772610794E-02);
#9082 = AXIS2_PLACEMENT_3D('',#9083,#9084,#9085);
#9083 = CARTESIAN_POINT('',(-9.5,51.,3.));
#9084 = DIRECTION('',(-0.,-0.99503719021,9.9503719021E-02));
#9085 = DIRECTION('',(0.,9.9503719021E-02,0.99503719021));
#9086 = ADVANCED_FACE('',(#9087,#9091),#9094,.T.);
#9087 = FACE_BOUND('',#9088,.T.);
#9088 = VERTEX_LOOP('',#9089);
#9089 = VERTEX_POINT('',#9090);
#9090 = CARTESIAN_POINT('',(9.5,56.,5.1));
#9091 = FACE_BOUND('',#9092,.T.);
#9092 = EDGE_LOOP('',(#9093));
#9093 = ORIENTED_EDGE('',*,*,#9040,.F.);
#9094 = SPHERICAL_SURFACE('',#9095,2.6);
#9095 = AXIS2_PLACEMENT_3D('',#9096,#9097,#9098);
#9096 = CARTESIAN_POINT('',(9.5,56.,2.5));
#9097 = DIRECTION('',(0.,0.,1.));
#9098 = DIRECTION('',(1.,0.,-0.));
#9099 = ADVANCED_FACE('',(#9100,#9104),#9107,.T.);
#9100 = FACE_BOUND('',#9101,.T.);
#9101 = VERTEX_LOOP('',#9102);
#9102 = VERTEX_POINT('',#9103);
#9103 = CARTESIAN_POINT('',(-9.5,56.,5.1));
#9104 = FACE_BOUND('',#9105,.T.);
#9105 = EDGE_LOOP('',(#9106));
#9106 = ORIENTED_EDGE('',*,*,#9065,.F.);
#9107 = SPHERICAL_SURFACE('',#9108,2.6);
#9108 = AXIS2_PLACEMENT_3D('',#9109,#9110,#9111);
#9109 = CARTESIAN_POINT('',(-9.5,56.,2.5));
#9110 = DIRECTION('',(0.,0.,1.));
#9111 = DIRECTION('',(1.,0.,-0.));
#9112 = MANIFOLD_SOLID_BREP('',#9113);
#9113 = CLOSED_SHELL('',(#9114,#9159,#9225,#9261,#9316,#9410,#9438,#9522
    ,#9714,#10145,#10270,#10306,#10343,#10510,#10547,#10705,#10734,
    #10770,#10807,#10843,#10879,#10916,#10940,#10976,#11013,#11049,
    #11084,#11120,#11156,#11191,#11227,#11367,#11507,#11543,#11578,
    #11711,#11806,#11893,#11951,#12084,#12179,#12266,#12324,#12359,
    #12379,#12406,#12420,#12446,#12473,#12487,#12513,#12533,#12558,
    #12583,#12596));
#9114 = ADVANCED_FACE('',(#9115),#9154,.T.);
#9115 = FACE_BOUND('',#9116,.T.);
#9116 = EDGE_LOOP('',(#9117,#9128,#9137,#9138,#9147));
#9117 = ORIENTED_EDGE('',*,*,#9118,.T.);
#9118 = EDGE_CURVE('',#9119,#9121,#9123,.T.);
#9119 = VERTEX_POINT('',#9120);
#9120 = CARTESIAN_POINT('',(52.71565024807,3.404072714339,149.3225));
#9121 = VERTEX_POINT('',#9122);
#9122 = CARTESIAN_POINT('',(55.730303203642,6.,149.84168545713));
#9123 = CIRCLE('',#9124,3.920944989008);
#9124 = AXIS2_PLACEMENT_3D('',#9125,#9126,#9127);
#9125 = CARTESIAN_POINT('',(52.,7.184291258244,150.07854370878));
#9126 = DIRECTION('',(0.,-0.196116135138,0.980580675691));
#9127 = DIRECTION('',(0.,-0.980580675691,-0.196116135138));
#9128 = ORIENTED_EDGE('',*,*,#9129,.T.);
#9129 = EDGE_CURVE('',#9121,#9130,#9132,.T.);
#9130 = VERTEX_POINT('',#9131);
#9131 = CARTESIAN_POINT('',(52.,6.,163.2));
#9132 = CIRCLE('',#9133,7.2);
#9133 = AXIS2_PLACEMENT_3D('',#9134,#9135,#9136);
#9134 = CARTESIAN_POINT('',(52.,6.,156.));
#9135 = DIRECTION('',(-2.449293598295E-16,-1.,0.));
#9136 = DIRECTION('',(1.,-2.449293598295E-16,0.));
#9137 = ORIENTED_EDGE('',*,*,#9129,.F.);
#9138 = ORIENTED_EDGE('',*,*,#9139,.T.);
#9139 = EDGE_CURVE('',#9121,#9140,#9142,.T.);
#9140 = VERTEX_POINT('',#9141);
#9141 = CARTESIAN_POINT('',(51.28434975193,3.404072714339,149.3225));
#9142 = CIRCLE('',#9143,3.920944989008);
#9143 = AXIS2_PLACEMENT_3D('',#9144,#9145,#9146);
#9144 = CARTESIAN_POINT('',(52.,7.184291258244,150.07854370878));
#9145 = DIRECTION('',(0.,-0.196116135138,0.980580675691));
#9146 = DIRECTION('',(0.,-0.980580675691,-0.196116135138));
#9147 = ORIENTED_EDGE('',*,*,#9148,.F.);
#9148 = EDGE_CURVE('',#9119,#9140,#9149,.T.);
#9149 = CIRCLE('',#9150,2.692766931987);
#9150 = AXIS2_PLACEMENT_3D('',#9151,#9152,#9153);
#9151 = CARTESIAN_POINT('',(52.,6.,149.3225));
#9152 = DIRECTION('',(0.,0.,-1.));
#9153 = DIRECTION('',(0.,1.,0.));
#9154 = SPHERICAL_SURFACE('',#9155,7.2);
#9155 = AXIS2_PLACEMENT_3D('',#9156,#9157,#9158);
#9156 = CARTESIAN_POINT('',(52.,6.,156.));
#9157 = DIRECTION('',(0.,0.,1.));
#9158 = DIRECTION('',(1.,0.,-0.));
#9159 = ADVANCED_FACE('',(#9160),#9220,.T.);
#9160 = FACE_BOUND('',#9161,.T.);
#9161 = EDGE_LOOP('',(#9162,#9173,#9182,#9203,#9204,#9205));
#9162 = ORIENTED_EDGE('',*,*,#9163,.T.);
#9163 = EDGE_CURVE('',#9164,#9166,#9168,.T.);
#9164 = VERTEX_POINT('',#9165);
#9165 = CARTESIAN_POINT('',(54.618068758008,4.760039670027,
    148.77988098991));
#9166 = VERTEX_POINT('',#9167);
#9167 = CARTESIAN_POINT('',(55.708722988212,7.5,149.32787305591));
#9168 = CIRCLE('',#9169,3.712275142542);
#9169 = AXIS2_PLACEMENT_3D('',#9170,#9171,#9172);
#9170 = CARTESIAN_POINT('',(52.,7.340793643094,149.29603178453));
#9171 = DIRECTION('',(0.,-0.196116135138,0.980580675691));
#9172 = DIRECTION('',(0.,-0.980580675691,-0.196116135138));
#9173 = ORIENTED_EDGE('',*,*,#9174,.T.);
#9174 = EDGE_CURVE('',#9166,#9175,#9177,.T.);
#9175 = VERTEX_POINT('',#9176);
#9176 = CARTESIAN_POINT('',(49.381931241992,4.760039670027,
    148.77988098991));
#9177 = CIRCLE('',#9178,3.712275142542);
#9178 = AXIS2_PLACEMENT_3D('',#9179,#9180,#9181);
#9179 = CARTESIAN_POINT('',(52.,7.340793643094,149.29603178453));
#9180 = DIRECTION('',(0.,-0.196116135138,0.980580675691));
#9181 = DIRECTION('',(0.,-0.980580675691,-0.196116135138));
#9182 = ORIENTED_EDGE('',*,*,#9183,.F.);
#9183 = EDGE_CURVE('',#9140,#9175,#9184,.T.);
#9184 = B_SPLINE_CURVE_WITH_KNOTS('',5,(#9185,#9186,#9187,#9188,#9189,
    #9190,#9191,#9192,#9193,#9194,#9195,#9196,#9197,#9198,#9199,#9200,
    #9201,#9202),.UNSPECIFIED.,.F.,.F.,(6,4,4,4,6),(0.,0.226541122983,
    0.458391203447,0.719010972142,1.),.UNSPECIFIED.);
#9185 = CARTESIAN_POINT('',(51.284349751935,3.404072714339,149.3225));
#9186 = CARTESIAN_POINT('',(51.171581007835,3.430817089918,
    149.31397332674));
#9187 = CARTESIAN_POINT('',(51.060418923191,3.462739558599,
    149.30371559397));
#9188 = CARTESIAN_POINT('',(50.951274514615,3.499668045985,
    149.29171776327));
#9189 = CARTESIAN_POINT('',(50.844521196225,3.541368773168,
    149.27796596479));
#9190 = CARTESIAN_POINT('',(50.63403019487,3.634825907462,
    149.24655505918));
#9191 = CARTESIAN_POINT('',(50.530419866641,3.686795925461,
    149.22881165399));
#9192 = CARTESIAN_POINT('',(50.430022300012,3.743160410526,
    149.20919302604));
#9193 = CARTESIAN_POINT('',(50.333141347152,3.803563090224,
    149.18767370339));
#9194 = CARTESIAN_POINT('',(50.135363746251,3.939603244461,
    149.13786193252));
#9195 = CARTESIAN_POINT('',(50.035459281633,4.016201974133,
    149.10906006372));
#9196 = CARTESIAN_POINT('',(49.940673116882,4.096846200125,
    149.07777292797));
#9197 = CARTESIAN_POINT('',(49.851270342649,4.180923152229,
    149.0439449731));
#9198 = CARTESIAN_POINT('',(49.677045263309,4.361433341083,
    148.96822728373));
#9199 = CARTESIAN_POINT('',(49.593127356335,4.45831834497,148.9259142621
    ));
#9200 = CARTESIAN_POINT('',(49.515906600329,4.557628257846,
    148.88048657113));
#9201 = CARTESIAN_POINT('',(49.445500876654,4.658501507414,
    148.83184581708));
#9202 = CARTESIAN_POINT('',(49.38193124199,4.76003967003,148.77988098991
    ));
#9203 = ORIENTED_EDGE('',*,*,#9139,.F.);
#9204 = ORIENTED_EDGE('',*,*,#9118,.F.);
#9205 = ORIENTED_EDGE('',*,*,#9206,.F.);
#9206 = EDGE_CURVE('',#9164,#9119,#9207,.T.);
#9207 = B_SPLINE_CURVE_WITH_KNOTS('',6,(#9208,#9209,#9210,#9211,#9212,
    #9213,#9214,#9215,#9216,#9217,#9218,#9219),.UNSPECIFIED.,.F.,.F.,(7,
    5,7),(0.,0.541859125918,1.),.UNSPECIFIED.);
#9208 = CARTESIAN_POINT('',(54.61806875801,4.76003967003,148.77988098991
    ));
#9209 = CARTESIAN_POINT('',(54.515915688142,4.596873166484,
    148.86338574259));
#9210 = CARTESIAN_POINT('',(54.396815826581,4.435354077838,
    148.93865058662));
#9211 = CARTESIAN_POINT('',(54.260840278958,4.27870046105,
    149.00607518668));
#9212 = CARTESIAN_POINT('',(54.108514600518,4.129965702404,
    149.06599581412));
#9213 = CARTESIAN_POINT('',(53.940867925884,3.991989296578,
    149.11868525722));
#9214 = CARTESIAN_POINT('',(53.606146214762,3.761844330506,
    149.2029452173));
#9215 = CARTESIAN_POINT('',(53.442968583884,3.665880432349,
    149.23652511535));
#9216 = CARTESIAN_POINT('',(53.270964482487,3.580940805604,
    149.26519040361));
#9217 = CARTESIAN_POINT('',(53.091382006973,3.508339260313,
    149.28903904982));
#9218 = CARTESIAN_POINT('',(52.905698354814,3.449144759661,
    149.30813007753));
#9219 = CARTESIAN_POINT('',(52.715650248065,3.404072714339,149.3225));
#9220 = CONICAL_SURFACE('',#9221,5.5,0.255761501847);
#9221 = AXIS2_PLACEMENT_3D('',#9222,#9223,#9224);
#9222 = CARTESIAN_POINT('',(52.,6.,156.));
#9223 = DIRECTION('',(-0.,-0.196116135138,0.980580675691));
#9224 = DIRECTION('',(0.,-0.980580675691,-0.196116135138));
#9225 = ADVANCED_FACE('',(#9226),#9256,.T.);
#9226 = FACE_BOUND('',#9227,.T.);
#9227 = EDGE_LOOP('',(#9228,#9239,#9246,#9247,#9248,#9249));
#9228 = ORIENTED_EDGE('',*,*,#9229,.F.);
#9229 = EDGE_CURVE('',#9230,#9232,#9234,.T.);
#9230 = VERTEX_POINT('',#9231);
#9231 = CARTESIAN_POINT('',(54.500120996689,5.55216990967,
    146.40349029724));
#9232 = VERTEX_POINT('',#9233);
#9233 = CARTESIAN_POINT('',(49.499879003095,5.552169909767,
    146.40349029742));
#9234 = CIRCLE('',#9235,2.539912742788);
#9235 = AXIS2_PLACEMENT_3D('',#9236,#9237,#9238);
#9236 = CARTESIAN_POINT('',(52.,6.,146.40349028846));
#9237 = DIRECTION('',(0.,0.,-1.));
#9238 = DIRECTION('',(0.,1.,0.));
#9239 = ORIENTED_EDGE('',*,*,#9240,.T.);
#9240 = EDGE_CURVE('',#9230,#9164,#9241,.T.);
#9241 = CIRCLE('',#9242,2.852304331589);
#9242 = AXIS2_PLACEMENT_3D('',#9243,#9244,#9245);
#9243 = CARTESIAN_POINT('',(52.,5.118,147.706));
#9244 = DIRECTION('',(0.,-0.948683298051,-0.316227766017));
#9245 = DIRECTION('',(0.,0.316227766017,-0.948683298051));
#9246 = ORIENTED_EDGE('',*,*,#9206,.T.);
#9247 = ORIENTED_EDGE('',*,*,#9148,.T.);
#9248 = ORIENTED_EDGE('',*,*,#9183,.T.);
#9249 = ORIENTED_EDGE('',*,*,#9250,.T.);
#9250 = EDGE_CURVE('',#9175,#9232,#9251,.T.);
#9251 = CIRCLE('',#9252,2.852304331589);
#9252 = AXIS2_PLACEMENT_3D('',#9253,#9254,#9255);
#9253 = CARTESIAN_POINT('',(52.,5.118,147.706));
#9254 = DIRECTION('',(0.,-0.948683298051,-0.316227766017));
#9255 = DIRECTION('',(0.,0.316227766017,-0.948683298051));
#9256 = SPHERICAL_SURFACE('',#9257,3.);
#9257 = AXIS2_PLACEMENT_3D('',#9258,#9259,#9260);
#9258 = CARTESIAN_POINT('',(52.,6.,148.));
#9259 = DIRECTION('',(0.,0.,1.));
#9260 = DIRECTION('',(1.,0.,-0.));
#9261 = ADVANCED_FACE('',(#9262),#9311,.T.);
#9262 = FACE_BOUND('',#9263,.T.);
#9263 = EDGE_LOOP('',(#9264,#9273,#9274,#9275,#9300));
#9264 = ORIENTED_EDGE('',*,*,#9265,.T.);
#9265 = EDGE_CURVE('',#9266,#9166,#9268,.T.);
#9266 = VERTEX_POINT('',#9267);
#9267 = CARTESIAN_POINT('',(54.083087552663,7.5,145.32183287916));
#9268 = CIRCLE('',#9269,3.8);
#9269 = AXIS2_PLACEMENT_3D('',#9270,#9271,#9272);
#9270 = CARTESIAN_POINT('',(52.,7.5,148.5));
#9271 = DIRECTION('',(-2.449293598295E-16,-1.,0.));
#9272 = DIRECTION('',(1.,-2.449293598295E-16,0.));
#9273 = ORIENTED_EDGE('',*,*,#9163,.F.);
#9274 = ORIENTED_EDGE('',*,*,#9240,.F.);
#9275 = ORIENTED_EDGE('',*,*,#9276,.T.);
#9276 = EDGE_CURVE('',#9230,#9277,#9279,.T.);
#9277 = VERTEX_POINT('',#9278);
#9278 = CARTESIAN_POINT('',(54.547196064613,6.,146.11215741548));
#9279 = B_SPLINE_CURVE_WITH_KNOTS('',7,(#9280,#9281,#9282,#9283,#9284,
    #9285,#9286,#9287,#9288,#9289,#9290,#9291,#9292,#9293,#9294,#9295,
    #9296,#9297,#9298,#9299),.UNSPECIFIED.,.F.,.F.,(8,6,6,8),(0.,
    9.226008417392E-02,0.432668343066,1.),.UNSPECIFIED.);
#9280 = CARTESIAN_POINT('',(53.628697502777,4.103333333333,148.));
#9281 = CARTESIAN_POINT('',(53.643164985631,4.114753278338,
    147.96954681332));
#9282 = CARTESIAN_POINT('',(53.658101187383,4.126793288929,
    147.93936501718));
#9283 = CARTESIAN_POINT('',(53.673445888091,4.13943217129,
    147.90944888014));
#9284 = CARTESIAN_POINT('',(53.689143406237,4.152650413535,
    147.87979181791));
#9285 = CARTESIAN_POINT('',(53.705142598736,4.16643018571,
    147.85038639339));
#9286 = CARTESIAN_POINT('',(53.72139686093,4.180755339791,
    147.82122431668));
#9287 = CARTESIAN_POINT('',(53.798622723133,4.250425243109,
    147.68556246028));
#9288 = CARTESIAN_POINT('',(53.862239715773,4.312430091279,
    147.58208986806));
#9289 = CARTESIAN_POINT('',(53.9266574569,4.3809475967,147.48130300481)
  );
#9290 = CARTESIAN_POINT('',(53.990456616836,4.45549641118,
    147.38287619493));
#9291 = CARTESIAN_POINT('',(54.052572685636,4.535652913911,
    147.28656373321));
#9292 = CARTESIAN_POINT('',(54.112182183227,4.621076437401,
    147.19216320739));
#9293 = CARTESIAN_POINT('',(54.262647663242,4.862222502678,
    146.94501661485));
#9294 = CARTESIAN_POINT('',(54.347749116795,5.026696606478,
    146.79548003495));
#9295 = CARTESIAN_POINT('',(54.42067345733,5.203459865956,
    146.65019887853));
#9296 = CARTESIAN_POINT('',(54.479059947064,5.391040414509,
    146.5090743657));
#9297 = CARTESIAN_POINT('',(54.520779224612,5.587710761835,
    146.37217405154));
#9298 = CARTESIAN_POINT('',(54.544006344867,5.791475475196,
    146.2397462053));
#9299 = CARTESIAN_POINT('',(54.547196064613,6.,146.11215741548));
#9300 = ORIENTED_EDGE('',*,*,#9301,.T.);
#9301 = EDGE_CURVE('',#9277,#9266,#9302,.T.);
#9302 = B_SPLINE_CURVE_WITH_KNOTS('',7,(#9303,#9304,#9305,#9306,#9307,
    #9308,#9309,#9310),.UNSPECIFIED.,.F.,.F.,(8,8),(0.,1.),
  .PIECEWISE_BEZIER_KNOTS.);
#9303 = CARTESIAN_POINT('',(54.547196064613,6.,146.11215741548));
#9304 = CARTESIAN_POINT('',(54.550478520073,6.214587023177,
    145.98085919709));
#9305 = CARTESIAN_POINT('',(54.532542129092,6.434237348391,
    145.85467197891));
#9306 = CARTESIAN_POINT('',(54.491700711041,6.656334824954,
    145.73404704042));
#9307 = CARTESIAN_POINT('',(54.426633665233,6.877770159563,
    145.61963074308));
#9308 = CARTESIAN_POINT('',(54.336591131534,7.094958048113,
    145.51218307463));
#9309 = CARTESIAN_POINT('',(54.221569278436,7.303803757228,
    145.41259889249));
#9310 = CARTESIAN_POINT('',(54.083087552663,7.5,145.32183287916));
#9311 = SPHERICAL_SURFACE('',#9312,3.8);
#9312 = AXIS2_PLACEMENT_3D('',#9313,#9314,#9315);
#9313 = CARTESIAN_POINT('',(52.,7.5,148.5));
#9314 = DIRECTION('',(0.,0.,1.));
#9315 = DIRECTION('',(1.,0.,-0.));
#9316 = ADVANCED_FACE('',(#9317),#9405,.T.);
#9317 = FACE_BOUND('',#9318,.T.);
#9318 = EDGE_LOOP('',(#9319,#9320,#9321,#9404));
#9319 = ORIENTED_EDGE('',*,*,#9174,.F.);
#9320 = ORIENTED_EDGE('',*,*,#9265,.F.);
#9321 = ORIENTED_EDGE('',*,*,#9322,.T.);
#9322 = EDGE_CURVE('',#9266,#9232,#9323,.T.);
#9323 = B_SPLINE_CURVE_WITH_KNOTS('',7,(#9324,#9325,#9326,#9327,#9328,
    #9329,#9330,#9331,#9332,#9333,#9334,#9335,#9336,#9337,#9338,#9339,
    #9340,#9341,#9342,#9343,#9344,#9345,#9346,#9347,#9348,#9349,#9350,
    #9351,#9352,#9353,#9354,#9355,#9356,#9357,#9358,#9359,#9360,#9361,
    #9362,#9363,#9364,#9365,#9366,#9367,#9368,#9369,#9370,#9371,#9372,
    #9373,#9374,#9375,#9376,#9377,#9378,#9379,#9380,#9381,#9382,#9383,
    #9384,#9385,#9386,#9387,#9388,#9389,#9390,#9391,#9392,#9393,#9394,
    #9395,#9396,#9397,#9398,#9399,#9400,#9401,#9402,#9403),
  .UNSPECIFIED.,.F.,.F.,(8,6,6,6,6,6,6,6,6,6,6,6,6,8),(0.,
    5.131058522245E-02,0.127491116413,0.202583789057,0.261251744232,
    0.320438694919,0.342833320857,0.395533580161,0.505378052242,
    0.592721042911,0.69653418679,0.869497572013,0.972391025982,1.),
  .UNSPECIFIED.);
#9324 = CARTESIAN_POINT('',(54.083087552663,7.5,145.32183287916));
#9325 = CARTESIAN_POINT('',(54.042679920466,7.557248171715,
    145.29534823173));
#9326 = CARTESIAN_POINT('',(54.000279707105,7.613412542107,
    145.26961752601));
#9327 = CARTESIAN_POINT('',(53.955927244722,7.668384470481,
    145.24466516457));
#9328 = CARTESIAN_POINT('',(53.909674218017,7.722054223436,
    145.22051570966));
#9329 = CARTESIAN_POINT('',(53.861585102434,7.774312630228,
    145.19719339075));
#9330 = CARTESIAN_POINT('',(53.811738602349,7.825052738127,
    145.17472161209));
#9331 = CARTESIAN_POINT('',(53.683753211,7.94709776359,145.12105432357)
  );
#9332 = CARTESIAN_POINT('',(53.603601595135,8.016459415525,
    145.09090561016));
#9333 = CARTESIAN_POINT('',(53.520094434751,8.081906488478,
    145.06275439863));
#9334 = CARTESIAN_POINT('',(53.433616709774,8.143124172215,
    145.03666487519));
#9335 = CARTESIAN_POINT('',(53.344623105677,8.199849897727,
    145.01268316349));
#9336 = CARTESIAN_POINT('',(53.253624715447,8.251891014248,
    144.99083243628));
#9337 = CARTESIAN_POINT('',(53.070010766302,8.345720280546,
    144.95166385653));
#9338 = CARTESIAN_POINT('',(52.977414197793,8.387655921583,
    144.93428086005));
#9339 = CARTESIAN_POINT('',(52.88389410783,8.424836232868,144.9189588483
    ));
#9340 = CARTESIAN_POINT('',(52.789940585031,8.457269094841,
    144.90565530117));
#9341 = CARTESIAN_POINT('',(52.695945499121,8.485060588755,
    144.89429643226));
#9342 = CARTESIAN_POINT('',(52.602171264285,8.508374855733,
    144.88479347449));
#9343 = CARTESIAN_POINT('',(52.435763077587,8.542223258982,
    144.87102421565));
#9344 = CARTESIAN_POINT('',(52.362983025275,8.554439205055,
    144.86606641599));
#9345 = CARTESIAN_POINT('',(52.290450809468,8.564107945273,
    144.86214889175));
#9346 = CARTESIAN_POINT('',(52.218154692232,8.57131027721,144.8592338356
    ));
#9347 = CARTESIAN_POINT('',(52.146039290886,8.576108435402,
    144.85729289386));
#9348 = CARTESIAN_POINT('',(52.074019024178,8.578535691641,
    144.85631104262));
#9349 = CARTESIAN_POINT('',(51.929336499679,8.578648848277,
    144.85626526946));
#9350 = CARTESIAN_POINT('',(51.856682858737,8.576292608176,
    144.85721839375));
#9351 = CARTESIAN_POINT('',(51.783935031056,8.571524381204,
    144.85914717813));
#9352 = CARTESIAN_POINT('',(51.711004540164,8.56431069501,
    144.86206673229));
#9353 = CARTESIAN_POINT('',(51.637833884477,8.554587918041,
    144.86600603173));
#9354 = CARTESIAN_POINT('',(51.564410622726,8.542273052218,
    144.87100389555));
#9355 = CARTESIAN_POINT('',(51.462915440896,8.521608338031,
    144.87941022482));
#9356 = CARTESIAN_POINT('',(51.43502502676,8.515552696514,
    144.88187532483));
#9357 = CARTESIAN_POINT('',(51.407107940199,8.509109350785,
    144.88450023936));
#9358 = CARTESIAN_POINT('',(51.379168086274,8.502273867282,
    144.88728723971));
#9359 = CARTESIAN_POINT('',(51.351210561896,8.495042028013,
    144.89023856679));
#9360 = CARTESIAN_POINT('',(51.323241655826,8.487409830546,
    144.89335643118));
#9361 = CARTESIAN_POINT('',(51.229441708071,8.460461926991,
    144.90437717739));
#9362 = CARTESIAN_POINT('',(51.163588990758,8.43931167579,
    144.91304594827));
#9363 = CARTESIAN_POINT('',(51.097813600103,8.415876203805,
    144.92267655498));
#9364 = CARTESIAN_POINT('',(51.032247316546,8.39012233292,144.9332928443
    ));
#9365 = CARTESIAN_POINT('',(50.967044076525,8.362035220239,
    144.94491315786));
#9366 = CARTESIAN_POINT('',(50.902373251402,8.331623340801,
    144.95754820956));
#9367 = CARTESIAN_POINT('',(50.705098816937,8.230766310204,
    144.99965157061));
#9368 = CARTESIAN_POINT('',(50.574837394175,8.152651416526,
    145.03252411938));
#9369 = CARTESIAN_POINT('',(50.449256826132,8.064903606547,
    145.06982802057));
#9370 = CARTESIAN_POINT('',(50.329852292507,7.968220896066,
    145.11145416347));
#9371 = CARTESIAN_POINT('',(50.217777878205,7.863557822741,
    145.15720964036));
#9372 = CARTESIAN_POINT('',(50.113897654656,7.75198344257,
    145.20685994486));
#9373 = CARTESIAN_POINT('',(49.943196677404,7.541336541151,
    145.30249027304));
#9374 = CARTESIAN_POINT('',(49.873117738401,7.444353078048,
    145.34715316556));
#9375 = CARTESIAN_POINT('',(49.808850072656,7.344227430353,
    145.39400065799));
#9376 = CARTESIAN_POINT('',(49.750562856434,7.241495992192,
    145.44291275234));
#9377 = CARTESIAN_POINT('',(49.698340236912,7.13667888792,
    145.49377328178));
#9378 = CARTESIAN_POINT('',(49.652199949622,7.030270542027,
    145.54647269714));
#9379 = CARTESIAN_POINT('',(49.564450512286,6.794925937098,
    145.66561078721));
#9380 = CARTESIAN_POINT('',(49.525336586505,6.665525355348,
    145.73276633606));
#9381 = CARTESIAN_POINT('',(49.494698800187,6.535307950417,
    145.80220986808));
#9382 = CARTESIAN_POINT('',(49.472370563685,6.404989520634,
    145.87379171429));
#9383 = CARTESIAN_POINT('',(49.458111912274,6.275225482111,
    145.94737939547));
#9384 = CARTESIAN_POINT('',(49.451628259509,6.146610912793,
    146.02285982602));
#9385 = CARTESIAN_POINT('',(49.454164686769,5.808210955302,
    146.22890438013));
#9386 = CARTESIAN_POINT('',(49.476389119959,5.601451365385,
    146.36265191911));
#9387 = CARTESIAN_POINT('',(49.517667317515,5.401847976951,
    146.50099710028));
#9388 = CARTESIAN_POINT('',(49.576117325893,5.211484134411,
    146.6436748476));
#9389 = CARTESIAN_POINT('',(49.649538273134,5.032159225964,
    146.7906088917));
#9390 = CARTESIAN_POINT('',(49.7354933527,4.865400715177,146.941893992)
  );
#9391 = CARTESIAN_POINT('',(49.887222913212,4.621912826601,
    147.19122674887));
#9392 = CARTESIAN_POINT('',(49.947031373184,4.536134644819,
    147.28595665024));
#9393 = CARTESIAN_POINT('',(50.009370107629,4.455659694137,
    147.38261139707));
#9394 = CARTESIAN_POINT('',(50.07340771636,4.380832133896,
    147.48139537163));
#9395 = CARTESIAN_POINT('',(50.138068464075,4.31208042057,
    147.58255671912));
#9396 = CARTESIAN_POINT('',(50.201916632077,4.24989121451,
    147.68642446057));
#9397 = CARTESIAN_POINT('',(50.279222042668,4.180210085261,
    147.82233512827));
#9398 = CARTESIAN_POINT('',(50.295365067254,4.165993065809,
    147.85131977355));
#9399 = CARTESIAN_POINT('',(50.311255078412,4.15231493325,
    147.88054489106));
#9400 = CARTESIAN_POINT('',(50.326846272289,4.139191559564,
    147.91001860553));
#9401 = CARTESIAN_POINT('',(50.3420884174,4.126640458183,147.93974820313
    ));
#9402 = CARTESIAN_POINT('',(50.356926854627,4.114680783993,
    147.96974013157));
#9403 = CARTESIAN_POINT('',(50.371302497223,4.103333333333,148.));
#9404 = ORIENTED_EDGE('',*,*,#9250,.F.);
#9405 = SPHERICAL_SURFACE('',#9406,3.8);
#9406 = AXIS2_PLACEMENT_3D('',#9407,#9408,#9409);
#9407 = CARTESIAN_POINT('',(52.,7.5,148.5));
#9408 = DIRECTION('',(0.,0.,1.));
#9409 = DIRECTION('',(1.,0.,-0.));
#9410 = ADVANCED_FACE('',(#9411),#9433,.T.);
#9411 = FACE_BOUND('',#9412,.T.);
#9412 = EDGE_LOOP('',(#9413,#9414,#9415,#9416,#9424,#9431,#9432));
#9413 = ORIENTED_EDGE('',*,*,#9229,.T.);
#9414 = ORIENTED_EDGE('',*,*,#9322,.F.);
#9415 = ORIENTED_EDGE('',*,*,#9301,.F.);
#9416 = ORIENTED_EDGE('',*,*,#9417,.F.);
#9417 = EDGE_CURVE('',#9418,#9277,#9420,.T.);
#9418 = VERTEX_POINT('',#9419);
#9419 = CARTESIAN_POINT('',(54.674829931139,6.,141.00680275443));
#9420 = LINE('',#9421,#9422);
#9421 = CARTESIAN_POINT('',(54.8,6.,136.));
#9422 = VECTOR('',#9423,1.);
#9423 = DIRECTION('',(-2.49921911602E-02,6.121321381604E-18,
    0.999687646408));
#9424 = ORIENTED_EDGE('',*,*,#9425,.F.);
#9425 = EDGE_CURVE('',#9418,#9418,#9426,.T.);
#9426 = CIRCLE('',#9427,2.674829931139);
#9427 = AXIS2_PLACEMENT_3D('',#9428,#9429,#9430);
#9428 = CARTESIAN_POINT('',(52.,6.,141.00680275443));
#9429 = DIRECTION('',(0.,0.,-1.));
#9430 = DIRECTION('',(0.,1.,0.));
#9431 = ORIENTED_EDGE('',*,*,#9417,.T.);
#9432 = ORIENTED_EDGE('',*,*,#9276,.F.);
#9433 = CONICAL_SURFACE('',#9434,2.8,2.499479361892E-02);
#9434 = AXIS2_PLACEMENT_3D('',#9435,#9436,#9437);
#9435 = CARTESIAN_POINT('',(52.,6.,136.));
#9436 = DIRECTION('',(-0.,-0.,-1.));
#9437 = DIRECTION('',(1.,0.,-0.));
#9438 = ADVANCED_FACE('',(#9439),#9517,.T.);
#9439 = FACE_BOUND('',#9440,.T.);
#9440 = EDGE_LOOP('',(#9441,#9452,#9459,#9460,#9461,#9470,#9490,#9499));
#9441 = ORIENTED_EDGE('',*,*,#9442,.T.);
#9442 = EDGE_CURVE('',#9443,#9445,#9447,.T.);
#9443 = VERTEX_POINT('',#9444);
#9444 = CARTESIAN_POINT('',(58.405995809463,2.099587513617,134.));
#9445 = VERTEX_POINT('',#9446);
#9446 = CARTESIAN_POINT('',(58.625644309056,6.,137.51437583219));
#9447 = CIRCLE('',#9448,3.920828197748);
#9448 = AXIS2_PLACEMENT_3D('',#9449,#9450,#9451);
#9449 = CARTESIAN_POINT('',(58.381069765771,6.,133.60118313963));
#9450 = DIRECTION('',(-0.998052578483,0.,6.237828615518E-02));
#9451 = DIRECTION('',(-6.237828615518E-02,0.,-0.998052578483));
#9452 = ORIENTED_EDGE('',*,*,#9453,.T.);
#9453 = EDGE_CURVE('',#9445,#9418,#9454,.T.);
#9454 = CIRCLE('',#9455,7.5);
#9455 = AXIS2_PLACEMENT_3D('',#9456,#9457,#9458);
#9456 = CARTESIAN_POINT('',(52.,6.,134.));
#9457 = DIRECTION('',(-2.449293598295E-16,-1.,0.));
#9458 = DIRECTION('',(1.,-2.449293598295E-16,0.));
#9459 = ORIENTED_EDGE('',*,*,#9425,.T.);
#9460 = ORIENTED_EDGE('',*,*,#9453,.F.);
#9461 = ORIENTED_EDGE('',*,*,#9462,.T.);
#9462 = EDGE_CURVE('',#9445,#9463,#9465,.T.);
#9463 = VERTEX_POINT('',#9464);
#9464 = CARTESIAN_POINT('',(58.405995809463,9.900412486383,134.));
#9465 = CIRCLE('',#9466,3.920828197748);
#9466 = AXIS2_PLACEMENT_3D('',#9467,#9468,#9469);
#9467 = CARTESIAN_POINT('',(58.381069765771,6.,133.60118313963));
#9468 = DIRECTION('',(-0.998052578483,0.,6.237828615518E-02));
#9469 = DIRECTION('',(-6.237828615518E-02,0.,-0.998052578483));
#9470 = ORIENTED_EDGE('',*,*,#9471,.T.);
#9471 = EDGE_CURVE('',#9463,#9472,#9474,.T.);
#9472 = VERTEX_POINT('',#9473);
#9473 = CARTESIAN_POINT('',(45.59400418273,9.900412485991,134.));
#9474 = B_SPLINE_CURVE_WITH_KNOTS('',14,(#9475,#9476,#9477,#9478,#9479,
    #9480,#9481,#9482,#9483,#9484,#9485,#9486,#9487,#9488,#9489),
  .UNSPECIFIED.,.T.,.F.,(15,15),(0.,1.),.PIECEWISE_BEZIER_KNOTS.);
#9475 = CARTESIAN_POINT('',(59.5,6.,134.));
#9476 = CARTESIAN_POINT('',(59.499999999995,9.365992128848,134.));
#9477 = CARTESIAN_POINT('',(57.873142291034,12.731985500158,134.));
#9478 = CARTESIAN_POINT('',(54.619424793122,15.246145099293,
    133.99999999993));
#9479 = CARTESIAN_POINT('',(50.225420389738,16.056731968711,
    134.00000000021));
#9480 = CARTESIAN_POINT('',(45.664182546451,14.617326457542,
    133.99999999951));
#9481 = CARTESIAN_POINT('',(42.18218723834,10.994139339537,
    134.00000000081));
#9482 = CARTESIAN_POINT('',(40.871285483713,6.000000000031,
    133.99999999895));
#9483 = CARTESIAN_POINT('',(42.182187238439,1.005860660403,
    134.00000000104));
#9484 = CARTESIAN_POINT('',(45.664182546302,-2.617326457491,
    133.99999999917));
#9485 = CARTESIAN_POINT('',(50.225420389873,-4.056731968749,
    134.00000000052));
#9486 = CARTESIAN_POINT('',(54.619424793037,-3.246145099271,
    133.99999999974));
#9487 = CARTESIAN_POINT('',(57.873142291071,-0.731985500167,
    134.00000000009));
#9488 = CARTESIAN_POINT('',(59.499999999986,2.634007871154,
    133.99999999998));
#9489 = CARTESIAN_POINT('',(59.5,6.,134.));
#9490 = ORIENTED_EDGE('',*,*,#9491,.T.);
#9491 = EDGE_CURVE('',#9472,#9492,#9494,.T.);
#9492 = VERTEX_POINT('',#9493);
#9493 = CARTESIAN_POINT('',(45.59400418273,2.099587514009,134.));
#9494 = CIRCLE('',#9495,3.920828197748);
#9495 = AXIS2_PLACEMENT_3D('',#9496,#9497,#9498);
#9496 = CARTESIAN_POINT('',(45.618930234229,6.,133.60118313963));
#9497 = DIRECTION('',(0.998052578483,0.,6.237828615518E-02));
#9498 = DIRECTION('',(-6.237828615518E-02,0.,0.998052578483));
#9499 = ORIENTED_EDGE('',*,*,#9500,.T.);
#9500 = EDGE_CURVE('',#9492,#9443,#9501,.T.);
#9501 = B_SPLINE_CURVE_WITH_KNOTS('',14,(#9502,#9503,#9504,#9505,#9506,
    #9507,#9508,#9509,#9510,#9511,#9512,#9513,#9514,#9515,#9516),
  .UNSPECIFIED.,.T.,.F.,(15,15),(0.,1.),.PIECEWISE_BEZIER_KNOTS.);
#9502 = CARTESIAN_POINT('',(59.5,6.,134.));
#9503 = CARTESIAN_POINT('',(59.499999999995,9.365992128848,134.));
#9504 = CARTESIAN_POINT('',(57.873142291034,12.731985500158,134.));
#9505 = CARTESIAN_POINT('',(54.619424793122,15.246145099293,
    133.99999999993));
#9506 = CARTESIAN_POINT('',(50.225420389738,16.056731968711,
    134.00000000021));
#9507 = CARTESIAN_POINT('',(45.664182546451,14.617326457542,
    133.99999999951));
#9508 = CARTESIAN_POINT('',(42.18218723834,10.994139339537,
    134.00000000081));
#9509 = CARTESIAN_POINT('',(40.871285483713,6.000000000031,
    133.99999999895));
#9510 = CARTESIAN_POINT('',(42.182187238439,1.005860660403,
    134.00000000104));
#9511 = CARTESIAN_POINT('',(45.664182546302,-2.617326457491,
    133.99999999917));
#9512 = CARTESIAN_POINT('',(50.225420389873,-4.056731968749,
    134.00000000052));
#9513 = CARTESIAN_POINT('',(54.619424793037,-3.246145099271,
    133.99999999974));
#9514 = CARTESIAN_POINT('',(57.873142291071,-0.731985500167,
    134.00000000009));
#9515 = CARTESIAN_POINT('',(59.499999999986,2.634007871154,
    133.99999999998));
#9516 = CARTESIAN_POINT('',(59.5,6.,134.));
#9517 = SPHERICAL_SURFACE('',#9518,7.5);
#9518 = AXIS2_PLACEMENT_3D('',#9519,#9520,#9521);
#9519 = CARTESIAN_POINT('',(52.,6.,134.));
#9520 = DIRECTION('',(0.,0.,1.));
#9521 = DIRECTION('',(1.,0.,-0.));
#9522 = ADVANCED_FACE('',(#9523),#9709,.T.);
#9523 = FACE_BOUND('',#9524,.T.);
#9524 = EDGE_LOOP('',(#9525,#9536,#9542,#9543,#9578,#9611,#9612,#9613,
    #9622,#9669));
#9525 = ORIENTED_EDGE('',*,*,#9526,.T.);
#9526 = EDGE_CURVE('',#9527,#9529,#9531,.T.);
#9527 = VERTEX_POINT('',#9528);
#9528 = CARTESIAN_POINT('',(66.050892313938,3.581243663107,
    130.47996089721));
#9529 = VERTEX_POINT('',#9530);
#9530 = CARTESIAN_POINT('',(66.438560330758,6.,136.68264933971));
#9531 = CIRCLE('',#9532,3.578077738651);
#9532 = AXIS2_PLACEMENT_3D('',#9533,#9534,#9535);
#9533 = CARTESIAN_POINT('',(66.215365973691,6.,133.11153962664));
#9534 = DIRECTION('',(-0.998052578483,0.,6.237828615518E-02));
#9535 = DIRECTION('',(-6.237828615518E-02,0.,-0.998052578483));
#9536 = ORIENTED_EDGE('',*,*,#9537,.F.);
#9537 = EDGE_CURVE('',#9445,#9529,#9538,.T.);
#9538 = LINE('',#9539,#9540);
#9539 = CARTESIAN_POINT('',(52.261988801852,6.,138.19182082962));
#9540 = VECTOR('',#9541,1.);
#9541 = DIRECTION('',(0.994381343402,-1.068461071872E-17,-0.105857186309
    ));
#9542 = ORIENTED_EDGE('',*,*,#9442,.F.);
#9543 = ORIENTED_EDGE('',*,*,#9544,.T.);
#9544 = EDGE_CURVE('',#9443,#9545,#9547,.T.);
#9545 = VERTEX_POINT('',#9546);
#9546 = CARTESIAN_POINT('',(59.822654253896,6.,129.65631774141));
#9547 = B_SPLINE_CURVE_WITH_KNOTS('',8,(#9548,#9549,#9550,#9551,#9552,
    #9553,#9554,#9555,#9556,#9557,#9558,#9559,#9560,#9561,#9562,#9563,
    #9564,#9565,#9566,#9567,#9568,#9569,#9570,#9571,#9572,#9573,#9574,
    #9575,#9576,#9577),.UNSPECIFIED.,.F.,.F.,(9,7,7,7,9),(0.,
    0.150336042262,0.403010163103,0.635278060631,1.),.UNSPECIFIED.);
#9548 = CARTESIAN_POINT('',(58.405995809463,2.099587513617,134.));
#9549 = CARTESIAN_POINT('',(58.42249624022,2.087795998835,
    133.87318292412));
#9550 = CARTESIAN_POINT('',(58.440926777096,2.080773189269,
    133.74650054495));
#9551 = CARTESIAN_POINT('',(58.461217659272,2.078450642731,
    133.6202118371));
#9552 = CARTESIAN_POINT('',(58.483278890687,2.080738171295,
    133.49454715095));
#9553 = CARTESIAN_POINT('',(58.50700573389,2.087531896559,
    133.36971036553));
#9554 = CARTESIAN_POINT('',(58.532283573236,2.098720883189,
    133.24588086842));
#9555 = CARTESIAN_POINT('',(58.558992147427,2.114192350719,
    133.12321536246));
#9556 = CARTESIAN_POINT('',(58.6340981378,2.166850209908,132.79786639433
    ));
#9557 = CARTESIAN_POINT('',(58.684870177731,2.211640434598,
    132.5976115674));
#9558 = CARTESIAN_POINT('',(58.738763243923,2.267683513486,
    132.40162610678));
#9559 = CARTESIAN_POINT('',(58.795193301504,2.334500085889,
    132.21036884226));
#9560 = CARTESIAN_POINT('',(58.853579871909,2.411661439138,132.024234102
    ));
#9561 = CARTESIAN_POINT('',(58.913362432629,2.498802778795,
    131.84356750796));
#9562 = CARTESIAN_POINT('',(58.974007652791,2.5956423846,131.66867981024
    ));
#9563 = CARTESIAN_POINT('',(59.091080868477,2.799780831515,
    131.3446718729));
#9564 = CARTESIAN_POINT('',(59.147431951176,2.905565256508,
    131.19467221047));
#9565 = CARTESIAN_POINT('',(59.203663768351,3.019211832556,
    131.05008341199));
#9566 = CARTESIAN_POINT('',(59.259366481634,3.140594205895,
    130.91120077711));
#9567 = CARTESIAN_POINT('',(59.314116220865,3.269592179897,
    130.77837870309));
#9568 = CARTESIAN_POINT('',(59.367474999237,3.406080565035,
    130.65202247467));
#9569 = CARTESIAN_POINT('',(59.418991681334,3.549922462519,
    130.53258440661));
#9570 = CARTESIAN_POINT('',(59.54548034736,3.938146766307,
    130.24466324904));
#9571 = CARTESIAN_POINT('',(59.617232187098,4.193569389497,
    130.08669422035));
#9572 = CARTESIAN_POINT('',(59.681425133539,4.466152408267,
    129.94918677106));
#9573 = CARTESIAN_POINT('',(59.735938149985,4.754234402931,
    129.83487516172));
#9574 = CARTESIAN_POINT('',(59.77871793239,5.055442157142,
    129.74647369769));
#9575 = CARTESIAN_POINT('',(59.808011684936,5.366547360662,
    129.68636426562));
#9576 = CARTESIAN_POINT('',(59.822654253895,5.683300709742,
    129.65631774139));
#9577 = CARTESIAN_POINT('',(59.822654253896,6.,129.65631774139));
#9578 = ORIENTED_EDGE('',*,*,#9579,.F.);
#9579 = EDGE_CURVE('',#9463,#9545,#9580,.T.);
#9580 = B_SPLINE_CURVE_WITH_KNOTS('',8,(#9581,#9582,#9583,#9584,#9585,
    #9586,#9587,#9588,#9589,#9590,#9591,#9592,#9593,#9594,#9595,#9596,
    #9597,#9598,#9599,#9600,#9601,#9602,#9603,#9604,#9605,#9606,#9607,
    #9608,#9609,#9610),.UNSPECIFIED.,.F.,.F.,(9,7,7,7,9),(0.,
    0.150336042235,0.403010163033,0.635278060146,1.),.UNSPECIFIED.);
#9581 = CARTESIAN_POINT('',(58.405995809463,9.900412486383,134.));
#9582 = CARTESIAN_POINT('',(58.42249624022,9.912204001165,
    133.87318292412));
#9583 = CARTESIAN_POINT('',(58.440926777096,9.919226810731,
    133.74650054495));
#9584 = CARTESIAN_POINT('',(58.461217659272,9.921549357269,
    133.6202118371));
#9585 = CARTESIAN_POINT('',(58.483278890687,9.919261828705,
    133.49454715095));
#9586 = CARTESIAN_POINT('',(58.50700573389,9.912468103441,
    133.36971036553));
#9587 = CARTESIAN_POINT('',(58.532283573236,9.901279116811,
    133.24588086842));
#9588 = CARTESIAN_POINT('',(58.558992147427,9.885807649281,
    133.12321536246));
#9589 = CARTESIAN_POINT('',(58.634098137799,9.833149790092,
    132.79786639433));
#9590 = CARTESIAN_POINT('',(58.684870177731,9.788359565402,
    132.5976115674));
#9591 = CARTESIAN_POINT('',(58.738763243923,9.732316486514,
    132.40162610678));
#9592 = CARTESIAN_POINT('',(58.795193301504,9.665499914111,
    132.21036884226));
#9593 = CARTESIAN_POINT('',(58.853579871909,9.588338560862,132.024234102
    ));
#9594 = CARTESIAN_POINT('',(58.913362432629,9.501197221205,
    131.84356750796));
#9595 = CARTESIAN_POINT('',(58.974007652791,9.4043576154,131.66867981024
    ));
#9596 = CARTESIAN_POINT('',(59.091080868386,9.200219168643,
    131.34467187315));
#9597 = CARTESIAN_POINT('',(59.147431951363,9.094434743006,
    131.19467221036));
#9598 = CARTESIAN_POINT('',(59.20366376809,8.980788168189,
    131.05008341155));
#9599 = CARTESIAN_POINT('',(59.259366481192,8.85940579523,
    130.91120077739));
#9600 = CARTESIAN_POINT('',(59.314116220989,8.730407819557,
    130.77837870489));
#9601 = CARTESIAN_POINT('',(59.367474999871,8.593919433,130.65202247722)
  );
#9602 = CARTESIAN_POINT('',(59.418991681396,8.450077537164,
    130.53258440806));
#9603 = CARTESIAN_POINT('',(59.545480347583,8.061853232896,
    130.24466325002));
#9604 = CARTESIAN_POINT('',(59.617232186556,7.806430612422,
    130.08669422333));
#9605 = CARTESIAN_POINT('',(59.681425134348,7.533847587858,
    129.94918676578));
#9606 = CARTESIAN_POINT('',(59.735938149189,7.245765602217,
    129.83487517303));
#9607 = CARTESIAN_POINT('',(59.778717932742,6.944557838789,
    129.74647368861));
#9608 = CARTESIAN_POINT('',(59.808011684876,6.633452642004,
    129.68636427132));
#9609 = CARTESIAN_POINT('',(59.822654253896,6.31669928905,
    129.65631774139));
#9610 = CARTESIAN_POINT('',(59.822654253896,6.,129.65631774139));
#9611 = ORIENTED_EDGE('',*,*,#9462,.F.);
#9612 = ORIENTED_EDGE('',*,*,#9537,.T.);
#9613 = ORIENTED_EDGE('',*,*,#9614,.T.);
#9614 = EDGE_CURVE('',#9529,#9615,#9617,.T.);
#9615 = VERTEX_POINT('',#9616);
#9616 = CARTESIAN_POINT('',(66.050892302625,8.418756315383,
    130.47996089924));
#9617 = CIRCLE('',#9618,3.578077738651);
#9618 = AXIS2_PLACEMENT_3D('',#9619,#9620,#9621);
#9619 = CARTESIAN_POINT('',(66.215365973691,6.,133.11153962664));
#9620 = DIRECTION('',(-0.998052578483,0.,6.237828615518E-02));
#9621 = DIRECTION('',(-6.237828615518E-02,0.,-0.998052578483));
#9622 = ORIENTED_EDGE('',*,*,#9623,.F.);
#9623 = EDGE_CURVE('',#9624,#9615,#9626,.T.);
#9624 = VERTEX_POINT('',#9625);
#9625 = CARTESIAN_POINT('',(64.950861733298,6.,129.55998981322));
#9626 = B_SPLINE_CURVE_WITH_KNOTS('',6,(#9627,#9628,#9629,#9630,#9631,
    #9632,#9633,#9634,#9635,#9636,#9637,#9638,#9639,#9640,#9641,#9642,
    #9643,#9644,#9645,#9646,#9647,#9648,#9649,#9650,#9651,#9652,#9653,
    #9654,#9655,#9656,#9657,#9658,#9659,#9660,#9661,#9662,#9663,#9664,
    #9665,#9666,#9667,#9668),.UNSPECIFIED.,.F.,.F.,(7,5,5,5,5,5,5,5,7),(
    0.,0.139968426027,0.228709484419,0.343196212172,0.478762379272,
    0.633152577732,0.833867646575,0.896905430863,1.),.UNSPECIFIED.);
#9627 = CARTESIAN_POINT('',(64.950861733298,6.,129.55998981321));
#9628 = CARTESIAN_POINT('',(64.950861733298,6.143397435242,
    129.55998981321));
#9629 = CARTESIAN_POINT('',(64.958499174567,6.286855914082,
    129.56665094038));
#9630 = CARTESIAN_POINT('',(64.973785501581,6.428650842653,
    129.57998337523));
#9631 = CARTESIAN_POINT('',(64.996263666328,6.567457055685,
    129.59956728557));
#9632 = CARTESIAN_POINT('',(65.025261806996,6.702280616021,
    129.62477785096));
#9633 = CARTESIAN_POINT('',(65.0820374336,6.914917335659,129.67399306478
    ));
#9634 = CARTESIAN_POINT('',(65.106387184772,6.995572257786,
    129.69507062726));
#9635 = CARTESIAN_POINT('',(65.132876198808,7.074239907077,
    129.71796028885));
#9636 = CARTESIAN_POINT('',(65.161323069435,7.150840771777,
    129.74249109282));
#9637 = CARTESIAN_POINT('',(65.191557509246,7.225341587688,
    129.76850086661));
#9638 = CARTESIAN_POINT('',(65.264553434681,7.391150984008,
    129.83112541995));
#9639 = CARTESIAN_POINT('',(65.308399771484,7.481054911354,
    129.8686237034));
#9640 = CARTESIAN_POINT('',(65.354655905337,7.567471685009,
    129.90803539019));
#9641 = CARTESIAN_POINT('',(65.403047326774,7.65046472432,
    129.94908817432));
#9642 = CARTESIAN_POINT('',(65.45334710138,7.730132681217,
    129.99154801173));
#9643 = CARTESIAN_POINT('',(65.566999983824,7.897141233043,
    130.08694132357));
#9644 = CARTESIAN_POINT('',(65.631040818968,7.983179028362,
    130.14035506965));
#9645 = CARTESIAN_POINT('',(65.697216770506,8.064912116789,
    130.19514450342));
#9646 = CARTESIAN_POINT('',(65.765298698658,8.14252876563,
    130.25103364608));
#9647 = CARTESIAN_POINT('',(65.835117914004,8.216208167331,
    130.30778355371));
#9648 = CARTESIAN_POINT('',(65.98793704718,8.365748579042,
    130.43055639179));
#9649 = CARTESIAN_POINT('',(66.071408510664,8.440479158458,
    130.49676244118));
#9650 = CARTESIAN_POINT('',(66.1568189965,8.510570557468,130.563490418)
  );
#9651 = CARTESIAN_POINT('',(66.244066286603,8.576218823154,
    130.63043745337));
#9652 = CARTESIAN_POINT('',(66.333105274402,8.637588738425,
    130.69729398329));
#9653 = CARTESIAN_POINT('',(66.542120986166,8.769194665497,
    130.85003838392));
#9654 = CARTESIAN_POINT('',(66.663278640794,8.836511303759,
    130.93555379831));
#9655 = CARTESIAN_POINT('',(66.787647646614,8.897126775934,
    131.01955075205));
#9656 = CARTESIAN_POINT('',(66.915471450788,8.951102398661,
    131.10099789442));
#9657 = CARTESIAN_POINT('',(67.047058591969,8.998378117709,
    131.17842228019));
#9658 = CARTESIAN_POINT('',(67.225915914743,9.051249395703,
    131.27159483941));
#9659 = CARTESIAN_POINT('',(67.269098862762,9.06318810546,
    131.29321453659));
#9660 = CARTESIAN_POINT('',(67.312734565713,9.074417377068,
    131.31410567102));
#9661 = CARTESIAN_POINT('',(67.356836029094,9.084920731974,
    131.33417400105));
#9662 = CARTESIAN_POINT('',(67.401411340632,9.094677887258,
    131.35331202385));
#9663 = CARTESIAN_POINT('',(67.520142409843,9.118364705338,
    131.40098244491));
#9664 = CARTESIAN_POINT('',(67.595099788326,9.131006788159,
    131.42775848222));
#9665 = CARTESIAN_POINT('',(67.671335109717,9.141487683031,
    131.4512019441));
#9666 = CARTESIAN_POINT('',(67.748742771218,9.149674048188,
    131.4706854191));
#9667 = CARTESIAN_POINT('',(67.827094287477,9.155432713053,
    131.48555356082));
#9668 = CARTESIAN_POINT('',(67.905963578064,9.158700349324,
    131.49541724902));
#9669 = ORIENTED_EDGE('',*,*,#9670,.F.);
#9670 = EDGE_CURVE('',#9527,#9624,#9671,.T.);
#9671 = B_SPLINE_CURVE_WITH_KNOTS('',8,(#9672,#9673,#9674,#9675,#9676,
    #9677,#9678,#9679,#9680,#9681,#9682,#9683,#9684,#9685,#9686,#9687,
    #9688,#9689,#9690,#9691,#9692,#9693,#9694,#9695,#9696,#9697,#9698,
    #9699,#9700,#9701,#9702,#9703,#9704,#9705,#9706,#9707,#9708),
  .UNSPECIFIED.,.F.,.F.,(9,7,7,7,7,9),(0.,0.258979971826,0.366712307199,
    0.77129498581,0.860453967364,1.),.UNSPECIFIED.);
#9672 = CARTESIAN_POINT('',(67.905963578052,2.841299650675,
    131.49541724902));
#9673 = CARTESIAN_POINT('',(67.75680527233,2.847479433533,
    131.47676295394));
#9674 = CARTESIAN_POINT('',(67.610444074925,2.862101909533,
    131.44119213701));
#9675 = CARTESIAN_POINT('',(67.468198521087,2.88464269997,
    131.39120360973));
#9676 = CARTESIAN_POINT('',(67.330239534292,2.914311838477,
    131.33088432218));
#9677 = CARTESIAN_POINT('',(67.196621505913,2.950536196322,
    131.26335921552));
#9678 = CARTESIAN_POINT('',(67.067143806616,2.992826529214,
    131.19083150816));
#9679 = CARTESIAN_POINT('',(66.941333886181,3.040982282749,
    131.11472494935));
#9680 = CARTESIAN_POINT('',(66.767282364068,3.117857739312,
    131.00289429941));
#9681 = CARTESIAN_POINT('',(66.716701202713,3.141481159283,
    130.96957719292));
#9682 = CARTESIAN_POINT('',(66.666649153068,3.166144164218,
    130.9358716656));
#9683 = CARTESIAN_POINT('',(66.617108820251,3.19185016334,
    130.90184417616));
#9684 = CARTESIAN_POINT('',(66.568067035153,3.218605474366,
    130.86755368171));
#9685 = CARTESIAN_POINT('',(66.519514084812,3.246419374232,
    130.83305287852));
#9686 = CARTESIAN_POINT('',(66.471442942782,3.275304149822,
    130.79838944286));
#9687 = CARTESIAN_POINT('',(66.245110265671,3.41782953603,
    130.63298480017));
#9688 = CARTESIAN_POINT('',(66.073799333699,3.545261924053,
    130.50120178705));
#9689 = CARTESIAN_POINT('',(65.908725858704,3.688702832404,
    130.36997367743));
#9690 = CARTESIAN_POINT('',(65.7503420547,3.849708255442,130.24084963647
    ));
#9691 = CARTESIAN_POINT('',(65.599913128608,4.029800320673,
    130.11590237499));
#9692 = CARTESIAN_POINT('',(65.459764422504,4.230697976135,
    129.99780124844));
#9693 = CARTESIAN_POINT('',(65.332898052666,4.453786013965,
    129.88975731823));
#9694 = CARTESIAN_POINT('',(65.199731912073,4.756050813873,
    129.77551432113));
#9695 = CARTESIAN_POINT('',(65.176572480646,4.811769869819,
    129.7556073401));
#9696 = CARTESIAN_POINT('',(65.154354109686,4.868626065883,
    129.7364751281));
#9697 = CARTESIAN_POINT('',(65.133135334819,4.926612371727,
    129.71817379833));
#9698 = CARTESIAN_POINT('',(65.112978379238,4.985712916416,
    129.70076250232));
#9699 = CARTESIAN_POINT('',(65.09394789523,5.045901696623,129.68430231)
  );
#9700 = CARTESIAN_POINT('',(65.076109705691,5.107141284832,
    129.66885508983));
#9701 = CARTESIAN_POINT('',(65.033579321529,5.266796068123,
    129.63198714096));
#9702 = CARTESIAN_POINT('',(65.010697914406,5.366709381318,
    129.61211288747));
#9703 = CARTESIAN_POINT('',(64.991158980407,5.4688691268,129.59511413557
    ));
#9704 = CARTESIAN_POINT('',(64.975214764068,5.572962423387,
    129.58122546891));
#9705 = CARTESIAN_POINT('',(64.963083919413,5.678610978162,
    129.57064967575));
#9706 = CARTESIAN_POINT('',(64.954934445053,5.785365434592,
    129.56354189974));
#9707 = CARTESIAN_POINT('',(64.950861733298,5.892698949658,
    129.55998981321));
#9708 = CARTESIAN_POINT('',(64.950861733298,6.,129.55998981321));
#9709 = CONICAL_SURFACE('',#9710,4.2,4.363708136004E-02);
#9710 = AXIS2_PLACEMENT_3D('',#9711,#9712,#9713);
#9711 = CARTESIAN_POINT('',(52.,6.,134.));
#9712 = DIRECTION('',(-0.998052578483,-0.,6.237828615518E-02));
#9713 = DIRECTION('',(6.237828615518E-02,0.,0.998052578483));
#9714 = ADVANCED_FACE('',(#9715),#10069,.F.);
#9715 = FACE_BOUND('',#9716,.F.);
#9716 = EDGE_LOOP('',(#9717,#9718,#9728,#9753,#9844,#9887,#9978,#10001,
    #10002,#10003,#10004,#10039,#10068));
#9717 = ORIENTED_EDGE('',*,*,#9544,.T.);
#9718 = ORIENTED_EDGE('',*,*,#9719,.T.);
#9719 = EDGE_CURVE('',#9545,#9720,#9722,.T.);
#9720 = VERTEX_POINT('',#9721);
#9721 = CARTESIAN_POINT('',(58.700429335463,6.,91.202397895022));
#9722 = ( BOUNDED_CURVE() B_SPLINE_CURVE(4,(#9723,#9724,#9725,#9726,
#9727),.UNSPECIFIED.,.F.,.F.) B_SPLINE_CURVE_WITH_KNOTS((5,5),(0.,1.),
.PIECEWISE_BEZIER_KNOTS.) CURVE() GEOMETRIC_REPRESENTATION_ITEM() 
RATIONAL_B_SPLINE_CURVE((1.,1.,1.,1.,1.)) REPRESENTATION_ITEM('') );
#9723 = CARTESIAN_POINT('',(59.5,6.,134.));
#9724 = CARTESIAN_POINT('',(61.385052370374,6.,122.18059660577));
#9725 = CARTESIAN_POINT('',(54.89616143576,6.,111.42495320651));
#9726 = CARTESIAN_POINT('',(58.130997431846,6.,99.267543703511));
#9727 = CARTESIAN_POINT('',(59.,6.,88.));
#9728 = ORIENTED_EDGE('',*,*,#9729,.T.);
#9729 = EDGE_CURVE('',#9720,#9730,#9732,.T.);
#9730 = VERTEX_POINT('',#9731);
#9731 = CARTESIAN_POINT('',(57.671975981593,2.068807331806,
    89.172353464338));
#9732 = B_SPLINE_CURVE_WITH_KNOTS('',7,(#9733,#9734,#9735,#9736,#9737,
    #9738,#9739,#9740,#9741,#9742,#9743,#9744,#9745,#9746,#9747,#9748,
    #9749,#9750,#9751,#9752),.UNSPECIFIED.,.F.,.F.,(8,6,6,8),(0.,
    0.327954950887,0.624482246056,1.),.UNSPECIFIED.);
#9733 = CARTESIAN_POINT('',(58.700429335463,6.,91.202397895022));
#9734 = CARTESIAN_POINT('',(58.700429335328,5.775616672385,
    91.202397894953));
#9735 = CARTESIAN_POINT('',(58.692846722034,5.551196864916,
    91.191125667737));
#9736 = CARTESIAN_POINT('',(58.677677170759,5.327931233358,
    91.168575326614));
#9737 = CARTESIAN_POINT('',(58.655124353183,5.106900795129,
    91.134877349898));
#9738 = CARTESIAN_POINT('',(58.625563663196,4.889086111453,
    91.090250000639));
#9739 = CARTESIAN_POINT('',(58.589514236468,4.675374671592,
    91.034966284017));
#9740 = CARTESIAN_POINT('',(58.509739052384,4.27776820569,
    90.909995855115));
#9741 = CARTESIAN_POINT('',(58.467075234825,4.092955086565,
    90.842189502778));
#9742 = CARTESIAN_POINT('',(58.420087206567,3.912651202642,
    90.766121379362));
#9743 = CARTESIAN_POINT('',(58.369301214923,3.737304467601,
    90.681990204228));
#9744 = CARTESIAN_POINT('',(58.315295687067,3.567300698705,
    90.589970489057));
#9745 = CARTESIAN_POINT('',(58.258694467718,3.402977832663,
    90.490188257785));
#9746 = CARTESIAN_POINT('',(58.126050876535,3.044123974549,
    90.246559023394));
#9747 = CARTESIAN_POINT('',(58.048895391725,2.8533395472,90.098144494021
    ));
#9748 = CARTESIAN_POINT('',(57.970005092781,2.672707747056,
    89.937455031952));
#9749 = CARTESIAN_POINT('',(57.890909877626,2.502956562077,
    89.764457830183));
#9750 = CARTESIAN_POINT('',(57.813429245886,2.344997497113,
    89.579169532351));
#9751 = CARTESIAN_POINT('',(57.739701048785,2.199894100133,
    89.381673416922));
#9752 = CARTESIAN_POINT('',(57.671967089003,2.068790115181,
    89.172325972137));
#9753 = ORIENTED_EDGE('',*,*,#9754,.T.);
#9754 = EDGE_CURVE('',#9730,#9755,#9757,.T.);
#9755 = VERTEX_POINT('',#9756);
#9756 = CARTESIAN_POINT('',(46.328024048944,2.068807275227,
    89.172353374498));
#9757 = B_SPLINE_CURVE_WITH_KNOTS('',8,(#9758,#9759,#9760,#9761,#9762,
    #9763,#9764,#9765,#9766,#9767,#9768,#9769,#9770,#9771,#9772,#9773,
    #9774,#9775,#9776,#9777,#9778,#9779,#9780,#9781,#9782,#9783,#9784,
    #9785,#9786,#9787,#9788,#9789,#9790,#9791,#9792,#9793,#9794,#9795,
    #9796,#9797,#9798,#9799,#9800,#9801,#9802,#9803,#9804,#9805,#9806,
    #9807,#9808,#9809,#9810,#9811,#9812,#9813,#9814,#9815,#9816,#9817,
    #9818,#9819,#9820,#9821,#9822,#9823,#9824,#9825,#9826,#9827,#9828,
    #9829,#9830,#9831,#9832,#9833,#9834,#9835,#9836,#9837,#9838,#9839,
    #9840,#9841,#9842,#9843),.UNSPECIFIED.,.T.,.F.,(9,7,7,7,7,7,7,7,7,7,
    7,7,9),(0.,3.36326505095E-02,3.850233132897E-02,9.251591397564E-02,
    0.165244765347,0.249232047171,0.344201451975,0.500896632463,
    0.658254018994,0.783866736621,0.91048464653,0.965391989707,1.),
  .UNSPECIFIED.);
#9758 = CARTESIAN_POINT('',(58.901129442345,6.,89.172353368232));
#9759 = CARTESIAN_POINT('',(58.901129442343,5.817753728133,
    89.172353368242));
#9760 = CARTESIAN_POINT('',(58.895629072814,5.635506773813,
    89.172353360188));
#9761 = CARTESIAN_POINT('',(58.884628375841,5.453453766817,
    89.172353347372));
#9762 = CARTESIAN_POINT('',(58.868135538314,5.271788465985,
    89.172353332708));
#9763 = CARTESIAN_POINT('',(58.846166891929,5.090703759228,
    89.172353318731));
#9764 = CARTESIAN_POINT('',(58.818746913186,4.910391663525,
    89.172353307589));
#9765 = CARTESIAN_POINT('',(58.785908223391,4.73104332492,
    89.172353301049));
#9766 = CARTESIAN_POINT('',(58.742158191487,4.527048215353,
    89.172353300415));
#9767 = CARTESIAN_POINT('',(58.736512063527,4.501271663943,
    89.172353300445));
#9768 = CARTESIAN_POINT('',(58.730753318457,4.475519893668,
    89.172353300588));
#9769 = CARTESIAN_POINT('',(58.724882076411,4.449793447235,
    89.172353300844));
#9770 = CARTESIAN_POINT('',(58.718898463973,4.424092880694,
    89.172353301212));
#9771 = CARTESIAN_POINT('',(58.712802614179,4.39841876343,
    89.172353301692));
#9772 = CARTESIAN_POINT('',(58.706594666519,4.372771678171,
    89.172353302284));
#9773 = CARTESIAN_POINT('',(58.6301756308,4.062986026222,89.172353310766
    ));
#9774 = CARTESIAN_POINT('',(58.546301389407,3.782211026323,
    89.172353332045));
#9775 = CARTESIAN_POINT('',(58.448845450675,3.505615888567,
    89.172353365413));
#9776 = CARTESIAN_POINT('',(58.33805434485,3.233966605413,
    89.172353403025));
#9777 = CARTESIAN_POINT('',(58.214224222255,2.968007768547,
    89.172353436242));
#9778 = CARTESIAN_POINT('',(58.077699623464,2.708462851204,
    89.172353459048));
#9779 = CARTESIAN_POINT('',(57.928874521901,2.456033498782,
    89.172353469222));
#9780 = CARTESIAN_POINT('',(57.551842824784,1.881997878922,
    89.172353464674));
#9781 = CARTESIAN_POINT('',(57.313975781247,1.566693475683,
    89.172353440263));
#9782 = CARTESIAN_POINT('',(57.055688207525,1.267161530853,
    89.172353394411));
#9783 = CARTESIAN_POINT('',(56.778212752742,0.984937374182,
    89.172353339146));
#9784 = CARTESIAN_POINT('',(56.482904952421,0.721429486281,
    89.172353288849));
#9785 = CARTESIAN_POINT('',(56.17123716688,0.477923734727,
    89.172353254215));
#9786 = CARTESIAN_POINT('',(55.844802521467,0.25557711234,
    89.172353239471));
#9787 = CARTESIAN_POINT('',(55.113304631389,-0.175762434462,
    89.17235324679));
#9788 = CARTESIAN_POINT('',(54.70380643253,-0.377410492393,
    89.172353274834));
#9789 = CARTESIAN_POINT('',(54.279502041793,-0.547952676319,
    89.172353325942));
#9790 = CARTESIAN_POINT('',(53.843162884869,-0.686147161268,
    89.172353387122));
#9791 = CARTESIAN_POINT('',(53.397646994944,-0.791052673078,
    89.172353442972));
#9792 = CARTESIAN_POINT('',(52.945891008957,-0.862013081035,
    89.172353481982));
#9793 = CARTESIAN_POINT('',(52.490911188591,-0.898674727212,
    89.17235349963));
#9794 = CARTESIAN_POINT('',(51.52120745775,-0.903707080689,
    89.172353496728));
#9795 = CARTESIAN_POINT('',(51.006263201073,-0.862522052471,
    89.172353470946));
#9796 = CARTESIAN_POINT('',(50.495508087272,-0.777427154615,
    89.172353422332));
#9797 = CARTESIAN_POINT('',(49.993307134622,-0.648960596232,
    89.17235336475));
#9798 = CARTESIAN_POINT('',(49.503885815111,-0.478150121808,
    89.172353313771));
#9799 = CARTESIAN_POINT('',(49.031332651088,-0.26647718992,
    89.172353279918));
#9800 = CARTESIAN_POINT('',(48.579581581814,-1.590825763263E-02,
    89.172353265894));
#9801 = CARTESIAN_POINT('',(47.447501266182,0.744403619106,
    89.17235327096));
#9802 = CARTESIAN_POINT('',(46.808084106055,1.317660952604,
    89.172353317788));
#9803 = CARTESIAN_POINT('',(46.252546406194,1.979187729029,
    89.172353394877));
#9804 = CARTESIAN_POINT('',(45.794238183443,2.714163714571,
    89.172353445812));
#9805 = CARTESIAN_POINT('',(45.443950399067,3.506334515882,
    89.172353421425));
#9806 = CARTESIAN_POINT('',(45.209061599229,4.337638857608,
    89.172353393426));
#9807 = CARTESIAN_POINT('',(45.094325635653,5.188705072477,
    89.172353379245));
#9808 = CARTESIAN_POINT('',(45.103641957891,6.890443765068,
    89.172353380381));
#9809 = CARTESIAN_POINT('',(45.228720321635,7.743814026568,
    89.172353395816));
#9810 = CARTESIAN_POINT('',(45.474754290021,8.575833219278,
    89.172353423823));
#9811 = CARTESIAN_POINT('',(45.83668462363,9.366942842633,
    89.172353445019));
#9812 = CARTESIAN_POINT('',(46.306811845352,10.098945853217,
    89.17235338799));
#9813 = CARTESIAN_POINT('',(46.873984092194,10.755531210501,
    89.17235330972));
#9814 = CARTESIAN_POINT('',(47.52447733501,11.321873862909,
    89.17235326608));
#9815 = CARTESIAN_POINT('',(48.810161864244,12.157419861988,
    89.172353269012));
#9816 = CARTESIAN_POINT('',(49.423067673251,12.464234330111,
    89.172353299296));
#9817 = CARTESIAN_POINT('',(50.069208835603,12.700937432057,
    89.172353364127));
#9818 = CARTESIAN_POINT('',(50.739143714498,12.863597304287,
    89.172353454379));
#9819 = CARTESIAN_POINT('',(51.423149813522,12.949658990538,
    89.172353527459));
#9820 = CARTESIAN_POINT('',(52.111231307067,12.958055262935,
    89.172353534949));
#9821 = CARTESIAN_POINT('',(52.793165867151,12.889105463218,
    89.17235348992));
#9822 = CARTESIAN_POINT('',(54.129063610702,12.600259027117,
    89.172353356132));
#9823 = CARTESIAN_POINT('',(54.783649611878,12.378966372369,
    89.172353266654));
#9824 = CARTESIAN_POINT('',(55.411368479261,12.083537812947,
    89.172353190033));
#9825 = CARTESIAN_POINT('',(56.002556444233,11.718019570832,
    89.17235316951));
#9826 = CARTESIAN_POINT('',(56.548355131385,11.287658530667,
    89.172353280726));
#9827 = CARTESIAN_POINT('',(57.040802441694,10.798981975883,
    89.172353413738));
#9828 = CARTESIAN_POINT('',(57.472788656298,10.259684845485,
    89.17235347364));
#9829 = CARTESIAN_POINT('',(57.997196447088,9.427498336995,
    89.172353464261));
#9830 = CARTESIAN_POINT('',(58.143419383378,9.167958714461,
    89.172353448893));
#9831 = CARTESIAN_POINT('',(58.276787589266,8.901318665859,
    89.172353421177));
#9832 = CARTESIAN_POINT('',(58.396902028614,8.628323474896,
    89.172353384626));
#9833 = CARTESIAN_POINT('',(58.503416931388,8.349740585977,
    89.172353346572));
#9834 = CARTESIAN_POINT('',(58.596038626381,8.06635884595,
    89.172353316367));
#9835 = CARTESIAN_POINT('',(58.674526902527,7.778988784959,
    89.172353301341));
#9836 = CARTESIAN_POINT('',(58.779146405096,7.305346590573,
    89.172353299935));
#9837 = CARTESIAN_POINT('',(58.8139071534,7.12097230818,89.172353305777)
  );
#9838 = CARTESIAN_POINT('',(58.842935437835,6.935548222558,
    89.172353316692));
#9839 = CARTESIAN_POINT('',(58.866194684604,6.749282461142,
    89.172353330893));
#9840 = CARTESIAN_POINT('',(58.883657452004,6.562384145474,
    89.172353346119));
#9841 = CARTESIAN_POINT('',(58.895305430423,6.375063391206,
    89.172353359635));
#9842 = CARTESIAN_POINT('',(58.901129442344,6.187531308093,
    89.172353368234));
#9843 = CARTESIAN_POINT('',(58.901129442345,6.,89.172353368232));
#9844 = ORIENTED_EDGE('',*,*,#9845,.T.);
#9845 = EDGE_CURVE('',#9755,#9846,#9848,.T.);
#9846 = VERTEX_POINT('',#9847);
#9847 = CARTESIAN_POINT('',(46.328024045336,9.931192723998,
    89.172353374498));
#9848 = B_SPLINE_CURVE_WITH_KNOTS('',7,(#9849,#9850,#9851,#9852,#9853,
    #9854,#9855,#9856,#9857,#9858,#9859,#9860,#9861,#9862,#9863,#9864,
    #9865,#9866,#9867,#9868,#9869,#9870,#9871,#9872,#9873,#9874,#9875,
    #9876,#9877,#9878,#9879,#9880,#9881,#9882,#9883,#9884,#9885,#9886),
  .UNSPECIFIED.,.F.,.F.,(8,6,6,6,6,6,8),(0.,0.184198608762,
    0.333468543964,0.499367718278,0.611485569085,0.815029600421,1.),
  .UNSPECIFIED.);
#9849 = CARTESIAN_POINT('',(46.328032900844,2.068790117363,
    89.172325972136));
#9850 = CARTESIAN_POINT('',(46.261582675414,2.197409342304,
    89.377705740561));
#9851 = CARTESIAN_POINT('',(46.189360306799,2.339508112789,
    89.571688348517));
#9852 = CARTESIAN_POINT('',(46.113484829446,2.494002331405,
    89.753925196395));
#9853 = CARTESIAN_POINT('',(46.035979669267,2.659881714402,
    89.924330473319));
#9854 = CARTESIAN_POINT('',(45.958573636101,2.836279181899,
    90.082887860706));
#9855 = CARTESIAN_POINT('',(45.882724324468,3.022501823121,
    90.229631080128));
#9856 = CARTESIAN_POINT('',(45.750477928718,3.376689445879,
    90.47390550259));
#9857 = CARTESIAN_POINT('',(45.693149808385,3.541339538862,
    90.575436413784));
#9858 = CARTESIAN_POINT('',(45.638380366328,3.711786064216,
    90.669111439115));
#9859 = CARTESIAN_POINT('',(45.586810675147,3.88768730044,
    90.754806497982));
#9860 = CARTESIAN_POINT('',(45.539034991701,4.068654174649,
    90.832346810911));
#9861 = CARTESIAN_POINT('',(45.495594346434,4.254235708706,
    90.901531717669));
#9862 = CARTESIAN_POINT('',(45.41402593127,4.654703796974,
    91.029528992128));
#9863 = CARTESIAN_POINT('',(45.377023144851,4.870581161397,
    91.086336824244));
#9864 = CARTESIAN_POINT('',(45.346626678547,5.09071674033,
    91.132255267448));
#9865 = CARTESIAN_POINT('',(45.323381244132,5.314198145288,
    91.166999194131));
#9866 = CARTESIAN_POINT('',(45.307682436662,5.540014598492,
    91.190339002475));
#9867 = CARTESIAN_POINT('',(45.299746822429,5.767048750776,
    91.202136024344));
#9868 = CARTESIAN_POINT('',(45.299455423296,6.147489447318,
    91.202569211665));
#9869 = CARTESIAN_POINT('',(45.302882951212,6.300929532684,91.1974738485
    ));
#9870 = CARTESIAN_POINT('',(45.309856895102,6.454017396033,
    91.187107492947));
#9871 = CARTESIAN_POINT('',(45.320335027292,6.606400817816,
    91.171496012094));
#9872 = CARTESIAN_POINT('',(45.334234881145,6.757744288254,
    91.15068821689));
#9873 = CARTESIAN_POINT('',(45.351437113276,6.907728583264,
    91.124752004147));
#9874 = CARTESIAN_POINT('',(45.408736396595,7.325320649837,
    91.037525212862));
#9875 = CARTESIAN_POINT('',(45.456060515631,7.589084929337,
    90.964657394137));
#9876 = CARTESIAN_POINT('',(45.512857537423,7.845645907708,
    90.875648902988));
#9877 = CARTESIAN_POINT('',(45.577909788349,8.093648964079,
    90.771077048241));
#9878 = CARTESIAN_POINT('',(45.649793727402,8.331988238956,
    90.651466837703));
#9879 = CARTESIAN_POINT('',(45.726925950253,8.55976253187,
    90.517225197733));
#9880 = CARTESIAN_POINT('',(45.880844448126,8.97287909688,
    90.233265691573));
#9881 = CARTESIAN_POINT('',(45.956974794481,9.160075605645,
    90.086160985983));
#9882 = CARTESIAN_POINT('',(46.034699211956,9.337377093557,
    89.927144266698));
#9883 = CARTESIAN_POINT('',(46.112544775755,9.504083238789,
    89.756182008266));
#9884 = CARTESIAN_POINT('',(46.188763499344,9.6593176031,89.573290568496
    ));
#9885 = CARTESIAN_POINT('',(46.261307846268,9.802058705975,
    89.37855516351));
#9886 = CARTESIAN_POINT('',(46.328032900844,9.931209882637,
    89.172325972136));
#9887 = ORIENTED_EDGE('',*,*,#9888,.T.);
#9888 = EDGE_CURVE('',#9846,#9889,#9891,.T.);
#9889 = VERTEX_POINT('',#9890);
#9890 = CARTESIAN_POINT('',(57.67197598025,9.931192668479,
    89.172353464344));
#9891 = B_SPLINE_CURVE_WITH_KNOTS('',8,(#9892,#9893,#9894,#9895,#9896,
    #9897,#9898,#9899,#9900,#9901,#9902,#9903,#9904,#9905,#9906,#9907,
    #9908,#9909,#9910,#9911,#9912,#9913,#9914,#9915,#9916,#9917,#9918,
    #9919,#9920,#9921,#9922,#9923,#9924,#9925,#9926,#9927,#9928,#9929,
    #9930,#9931,#9932,#9933,#9934,#9935,#9936,#9937,#9938,#9939,#9940,
    #9941,#9942,#9943,#9944,#9945,#9946,#9947,#9948,#9949,#9950,#9951,
    #9952,#9953,#9954,#9955,#9956,#9957,#9958,#9959,#9960,#9961,#9962,
    #9963,#9964,#9965,#9966,#9967,#9968,#9969,#9970,#9971,#9972,#9973,
    #9974,#9975,#9976,#9977),.UNSPECIFIED.,.T.,.F.,(9,7,7,7,7,7,7,7,7,7,
    7,7,9),(0.,3.36326505095E-02,3.850233132897E-02,9.251591397564E-02,
    0.165244765347,0.249232047171,0.344201451975,0.500896632463,
    0.658254018994,0.783866736621,0.91048464653,0.965391989707,1.),
  .UNSPECIFIED.);
#9892 = CARTESIAN_POINT('',(58.901129442345,6.,89.172353368232));
#9893 = CARTESIAN_POINT('',(58.901129442343,5.817753728133,
    89.172353368242));
#9894 = CARTESIAN_POINT('',(58.895629072814,5.635506773813,
    89.172353360188));
#9895 = CARTESIAN_POINT('',(58.884628375841,5.453453766817,
    89.172353347372));
#9896 = CARTESIAN_POINT('',(58.868135538314,5.271788465985,
    89.172353332708));
#9897 = CARTESIAN_POINT('',(58.846166891929,5.090703759228,
    89.172353318731));
#9898 = CARTESIAN_POINT('',(58.818746913186,4.910391663525,
    89.172353307589));
#9899 = CARTESIAN_POINT('',(58.785908223391,4.73104332492,
    89.172353301049));
#9900 = CARTESIAN_POINT('',(58.742158191487,4.527048215353,
    89.172353300415));
#9901 = CARTESIAN_POINT('',(58.736512063527,4.501271663943,
    89.172353300445));
#9902 = CARTESIAN_POINT('',(58.730753318457,4.475519893668,
    89.172353300588));
#9903 = CARTESIAN_POINT('',(58.724882076411,4.449793447235,
    89.172353300844));
#9904 = CARTESIAN_POINT('',(58.718898463973,4.424092880694,
    89.172353301212));
#9905 = CARTESIAN_POINT('',(58.712802614179,4.39841876343,
    89.172353301692));
#9906 = CARTESIAN_POINT('',(58.706594666519,4.372771678171,
    89.172353302284));
#9907 = CARTESIAN_POINT('',(58.6301756308,4.062986026222,89.172353310766
    ));
#9908 = CARTESIAN_POINT('',(58.546301389407,3.782211026323,
    89.172353332045));
#9909 = CARTESIAN_POINT('',(58.448845450675,3.505615888567,
    89.172353365413));
#9910 = CARTESIAN_POINT('',(58.33805434485,3.233966605413,
    89.172353403025));
#9911 = CARTESIAN_POINT('',(58.214224222255,2.968007768547,
    89.172353436242));
#9912 = CARTESIAN_POINT('',(58.077699623464,2.708462851204,
    89.172353459048));
#9913 = CARTESIAN_POINT('',(57.928874521901,2.456033498782,
    89.172353469222));
#9914 = CARTESIAN_POINT('',(57.551842824784,1.881997878922,
    89.172353464674));
#9915 = CARTESIAN_POINT('',(57.313975781247,1.566693475683,
    89.172353440263));
#9916 = CARTESIAN_POINT('',(57.055688207525,1.267161530853,
    89.172353394411));
#9917 = CARTESIAN_POINT('',(56.778212752742,0.984937374182,
    89.172353339146));
#9918 = CARTESIAN_POINT('',(56.482904952421,0.721429486281,
    89.172353288849));
#9919 = CARTESIAN_POINT('',(56.17123716688,0.477923734727,
    89.172353254215));
#9920 = CARTESIAN_POINT('',(55.844802521467,0.25557711234,
    89.172353239471));
#9921 = CARTESIAN_POINT('',(55.113304631389,-0.175762434462,
    89.17235324679));
#9922 = CARTESIAN_POINT('',(54.70380643253,-0.377410492393,
    89.172353274834));
#9923 = CARTESIAN_POINT('',(54.279502041793,-0.547952676319,
    89.172353325942));
#9924 = CARTESIAN_POINT('',(53.843162884869,-0.686147161268,
    89.172353387122));
#9925 = CARTESIAN_POINT('',(53.397646994944,-0.791052673078,
    89.172353442972));
#9926 = CARTESIAN_POINT('',(52.945891008957,-0.862013081035,
    89.172353481982));
#9927 = CARTESIAN_POINT('',(52.490911188591,-0.898674727212,
    89.17235349963));
#9928 = CARTESIAN_POINT('',(51.52120745775,-0.903707080689,
    89.172353496728));
#9929 = CARTESIAN_POINT('',(51.006263201073,-0.862522052471,
    89.172353470946));
#9930 = CARTESIAN_POINT('',(50.495508087272,-0.777427154615,
    89.172353422332));
#9931 = CARTESIAN_POINT('',(49.993307134622,-0.648960596232,
    89.17235336475));
#9932 = CARTESIAN_POINT('',(49.503885815111,-0.478150121808,
    89.172353313771));
#9933 = CARTESIAN_POINT('',(49.031332651088,-0.26647718992,
    89.172353279918));
#9934 = CARTESIAN_POINT('',(48.579581581814,-1.590825763263E-02,
    89.172353265894));
#9935 = CARTESIAN_POINT('',(47.447501266182,0.744403619106,
    89.17235327096));
#9936 = CARTESIAN_POINT('',(46.808084106055,1.317660952604,
    89.172353317788));
#9937 = CARTESIAN_POINT('',(46.252546406194,1.979187729029,
    89.172353394877));
#9938 = CARTESIAN_POINT('',(45.794238183443,2.714163714571,
    89.172353445812));
#9939 = CARTESIAN_POINT('',(45.443950399067,3.506334515882,
    89.172353421425));
#9940 = CARTESIAN_POINT('',(45.209061599229,4.337638857608,
    89.172353393426));
#9941 = CARTESIAN_POINT('',(45.094325635653,5.188705072477,
    89.172353379245));
#9942 = CARTESIAN_POINT('',(45.103641957891,6.890443765068,
    89.172353380381));
#9943 = CARTESIAN_POINT('',(45.228720321635,7.743814026568,
    89.172353395816));
#9944 = CARTESIAN_POINT('',(45.474754290021,8.575833219278,
    89.172353423823));
#9945 = CARTESIAN_POINT('',(45.83668462363,9.366942842633,
    89.172353445019));
#9946 = CARTESIAN_POINT('',(46.306811845352,10.098945853217,
    89.17235338799));
#9947 = CARTESIAN_POINT('',(46.873984092194,10.755531210501,
    89.17235330972));
#9948 = CARTESIAN_POINT('',(47.52447733501,11.321873862909,
    89.17235326608));
#9949 = CARTESIAN_POINT('',(48.810161864244,12.157419861988,
    89.172353269012));
#9950 = CARTESIAN_POINT('',(49.423067673251,12.464234330111,
    89.172353299296));
#9951 = CARTESIAN_POINT('',(50.069208835603,12.700937432057,
    89.172353364127));
#9952 = CARTESIAN_POINT('',(50.739143714498,12.863597304287,
    89.172353454379));
#9953 = CARTESIAN_POINT('',(51.423149813522,12.949658990538,
    89.172353527459));
#9954 = CARTESIAN_POINT('',(52.111231307067,12.958055262935,
    89.172353534949));
#9955 = CARTESIAN_POINT('',(52.793165867151,12.889105463218,
    89.17235348992));
#9956 = CARTESIAN_POINT('',(54.129063610702,12.600259027117,
    89.172353356132));
#9957 = CARTESIAN_POINT('',(54.783649611878,12.378966372369,
    89.172353266654));
#9958 = CARTESIAN_POINT('',(55.411368479261,12.083537812947,
    89.172353190033));
#9959 = CARTESIAN_POINT('',(56.002556444233,11.718019570832,
    89.17235316951));
#9960 = CARTESIAN_POINT('',(56.548355131385,11.287658530667,
    89.172353280726));
#9961 = CARTESIAN_POINT('',(57.040802441694,10.798981975883,
    89.172353413738));
#9962 = CARTESIAN_POINT('',(57.472788656298,10.259684845485,
    89.17235347364));
#9963 = CARTESIAN_POINT('',(57.997196447088,9.427498336995,
    89.172353464261));
#9964 = CARTESIAN_POINT('',(58.143419383378,9.167958714461,
    89.172353448893));
#9965 = CARTESIAN_POINT('',(58.276787589266,8.901318665859,
    89.172353421177));
#9966 = CARTESIAN_POINT('',(58.396902028614,8.628323474896,
    89.172353384626));
#9967 = CARTESIAN_POINT('',(58.503416931388,8.349740585977,
    89.172353346572));
#9968 = CARTESIAN_POINT('',(58.596038626381,8.06635884595,
    89.172353316367));
#9969 = CARTESIAN_POINT('',(58.674526902527,7.778988784959,
    89.172353301341));
#9970 = CARTESIAN_POINT('',(58.779146405096,7.305346590573,
    89.172353299935));
#9971 = CARTESIAN_POINT('',(58.8139071534,7.12097230818,89.172353305777)
  );
#9972 = CARTESIAN_POINT('',(58.842935437835,6.935548222558,
    89.172353316692));
#9973 = CARTESIAN_POINT('',(58.866194684604,6.749282461142,
    89.172353330893));
#9974 = CARTESIAN_POINT('',(58.883657452004,6.562384145474,
    89.172353346119));
#9975 = CARTESIAN_POINT('',(58.895305430423,6.375063391206,
    89.172353359635));
#9976 = CARTESIAN_POINT('',(58.901129442344,6.187531308093,
    89.172353368234));
#9977 = CARTESIAN_POINT('',(58.901129442345,6.,89.172353368232));
#9978 = ORIENTED_EDGE('',*,*,#9979,.T.);
#9979 = EDGE_CURVE('',#9889,#9720,#9980,.T.);
#9980 = B_SPLINE_CURVE_WITH_KNOTS('',7,(#9981,#9982,#9983,#9984,#9985,
    #9986,#9987,#9988,#9989,#9990,#9991,#9992,#9993,#9994,#9995,#9996,
    #9997,#9998,#9999,#10000),.UNSPECIFIED.,.F.,.F.,(8,6,6,8),(0.,
    0.368406882297,0.666954583023,1.),.UNSPECIFIED.);
#9981 = CARTESIAN_POINT('',(57.671967089002,9.931209884819,
    89.172325972136));
#9982 = CARTESIAN_POINT('',(57.738417314305,9.802590660931,
    89.377705739053));
#9983 = CARTESIAN_POINT('',(57.810639682967,9.660491891704,
    89.571688345555));
#9984 = CARTESIAN_POINT('',(57.886515160637,9.505997674571,
    89.753925191975));
#9985 = CARTESIAN_POINT('',(57.964020321475,9.340118293306,
    89.924330467421));
#9986 = CARTESIAN_POINT('',(58.041426355671,9.163720827806,
    90.08288785334));
#9987 = CARTESIAN_POINT('',(58.117275668648,8.977498188826,
    90.229631071389));
#9988 = CARTESIAN_POINT('',(58.24952206679,8.623310571381,
    90.473905491095));
#9989 = CARTESIAN_POINT('',(58.306850188135,8.458660481481,
    90.575436400927));
#9990 = CARTESIAN_POINT('',(58.361619631279,8.288213959343,
    90.669111425195));
#9991 = CARTESIAN_POINT('',(58.413189323519,8.112312726404,
    90.754806483365));
#9992 = CARTESIAN_POINT('',(58.460965007855,7.931345855479,
    90.832346796026));
#9993 = CARTESIAN_POINT('',(58.504405653711,7.745764324644,
    90.901531702979));
#9994 = CARTESIAN_POINT('',(58.586134314969,7.344509501982,
    91.029780436307));
#9995 = CARTESIAN_POINT('',(58.623253106933,7.127806780397,
    91.086760906661));
#9996 = CARTESIAN_POINT('',(58.653713569612,6.906817062929,
    91.13276921216));
#9997 = CARTESIAN_POINT('',(58.676965330045,6.682463690411,
    91.167517152607));
#9998 = CARTESIAN_POINT('',(58.692609554131,6.455769559417,
    91.190773088477));
#9999 = CARTESIAN_POINT('',(58.700429335444,6.227865385301,
    91.202397895012));
#10000 = CARTESIAN_POINT('',(58.700429335463,6.,91.202397895022));
#10001 = ORIENTED_EDGE('',*,*,#9719,.F.);
#10002 = ORIENTED_EDGE('',*,*,#9579,.F.);
#10003 = ORIENTED_EDGE('',*,*,#9471,.T.);
#10004 = ORIENTED_EDGE('',*,*,#10005,.T.);
#10005 = EDGE_CURVE('',#9472,#10006,#10008,.T.);
#10006 = VERTEX_POINT('',#10007);
#10007 = CARTESIAN_POINT('',(44.177345747141,6.,129.65631774143));
#10008 = B_SPLINE_CURVE_WITH_KNOTS('',8,(#10009,#10010,#10011,#10012,
    #10013,#10014,#10015,#10016,#10017,#10018,#10019,#10020,#10021,
    #10022,#10023,#10024,#10025,#10026,#10027,#10028,#10029,#10030,
    #10031,#10032,#10033,#10034,#10035,#10036,#10037,#10038),
  .UNSPECIFIED.,.F.,.F.,(9,7,7,7,9),(0.,0.150336042201,0.403010162756,
    0.635278060977,1.),.UNSPECIFIED.);
#10009 = CARTESIAN_POINT('',(45.59400418273,9.900412485991,134.));
#10010 = CARTESIAN_POINT('',(45.577503751973,9.912204000775,
    133.87318292427));
#10011 = CARTESIAN_POINT('',(45.559073215131,9.919226810356,
    133.74650054524));
#10012 = CARTESIAN_POINT('',(45.538782333023,9.921549356921,
    133.62021183752));
#10013 = CARTESIAN_POINT('',(45.516721101706,9.919261828394,
    133.49454715148));
#10014 = CARTESIAN_POINT('',(45.492994258631,9.912468103173,
    133.36971036617));
#10015 = CARTESIAN_POINT('',(45.467716419445,9.901279116594,
    133.24588086913));
#10016 = CARTESIAN_POINT('',(45.441007845445,9.885807649115,
    133.12321536323));
#10017 = CARTESIAN_POINT('',(45.365901855703,9.833149790089,
    132.79786639536));
#10018 = CARTESIAN_POINT('',(45.315129816274,9.788359565527,
    132.59761156858));
#10019 = CARTESIAN_POINT('',(45.261236750679,9.732316486769,
    132.40162610804));
#10020 = CARTESIAN_POINT('',(45.204806693796,9.665499914483,
    132.21036884354));
#10021 = CARTESIAN_POINT('',(45.146420124189,9.588338561318,
    132.02423410321));
#10022 = CARTESIAN_POINT('',(45.086637564369,9.501197221703,
    131.84356750904));
#10023 = CARTESIAN_POINT('',(45.025992345204,9.404357615883,
    131.66867981113));
#10024 = CARTESIAN_POINT('',(44.90891913135,9.200219168434,
    131.34467187275));
#10025 = CARTESIAN_POINT('',(44.852568049101,9.094434742031,
    131.1946722089));
#10026 = CARTESIAN_POINT('',(44.796336233157,8.980788166316,
    131.05008340909));
#10027 = CARTESIAN_POINT('',(44.740633520883,8.859405792336,
    130.91120077403));
#10028 = CARTESIAN_POINT('',(44.685883781932,8.730407815541,
    130.77837870073));
#10029 = CARTESIAN_POINT('',(44.632525003868,8.59391942779,
    130.65202247241));
#10030 = CARTESIAN_POINT('',(44.58100832308,8.45007753073,
    130.53258440276));
#10031 = CARTESIAN_POINT('',(44.454519658966,8.061853225052,
    130.24466324519));
#10032 = CARTESIAN_POINT('',(44.382767821113,7.806430604874,
    130.08669421955));
#10033 = CARTESIAN_POINT('',(44.318574873721,7.53384758125,
    129.94918676348));
#10034 = CARTESIAN_POINT('',(44.264061858103,7.245765596558,
    129.83487517123));
#10035 = CARTESIAN_POINT('',(44.221282072594,6.944557834822,
    129.74647368833));
#10036 = CARTESIAN_POINT('',(44.19198831765,6.633452639587,
    129.68636427104));
#10037 = CARTESIAN_POINT('',(44.177345747141,6.316699288168,
    129.65631774143));
#10038 = CARTESIAN_POINT('',(44.177345747141,6.,129.65631774143));
#10039 = ORIENTED_EDGE('',*,*,#10040,.T.);
#10040 = EDGE_CURVE('',#10006,#9492,#10041,.T.);
#10041 = B_SPLINE_CURVE_WITH_KNOTS('',7,(#10042,#10043,#10044,#10045,
    #10046,#10047,#10048,#10049,#10050,#10051,#10052,#10053,#10054,
    #10055,#10056,#10057,#10058,#10059,#10060,#10061,#10062,#10063,
    #10064,#10065,#10066,#10067),.UNSPECIFIED.,.F.,.F.,(8,6,6,6,8),(0.,
    0.268396702643,0.594321111003,0.768731992701,1.),.UNSPECIFIED.);
#10042 = CARTESIAN_POINT('',(44.177345747141,6.,129.65631774143));
#10043 = CARTESIAN_POINT('',(44.177345747141,5.733878438506,
    129.65631774143));
#10044 = CARTESIAN_POINT('',(44.187900259121,5.467627930181,
    129.67797559589));
#10045 = CARTESIAN_POINT('',(44.209027594133,5.204827141351,
    129.72132787826));
#10046 = CARTESIAN_POINT('',(44.240071460724,4.948331116414,
    129.78539106988));
#10047 = CARTESIAN_POINT('',(44.279986401594,4.700417806992,
    129.86873008757));
#10048 = CARTESIAN_POINT('',(44.32750773167,4.462860035939,
    129.96963298391));
#10049 = CARTESIAN_POINT('',(44.446595897685,3.962703660832,
    130.22795440765));
#10050 = CARTESIAN_POINT('',(44.521151241877,3.705576791238,
    130.39288903663));
#10051 = CARTESIAN_POINT('',(44.602799273344,3.466960293087,
    130.57841969222));
#10052 = CARTESIAN_POINT('',(44.689395142622,3.247715129861,
    130.78213505906));
#10053 = CARTESIAN_POINT('',(44.778920164675,3.048433329794,
    131.00201712398));
#10054 = CARTESIAN_POINT('',(44.869528654654,2.869529938222,
    131.23649194268));
#10055 = CARTESIAN_POINT('',(45.007679450152,2.627052708687,
    131.61758829212));
#10056 = CARTESIAN_POINT('',(45.055639806077,2.548563918052,
    131.75432115528));
#10057 = CARTESIAN_POINT('',(45.103130097904,2.476214307377,
    131.89477348825));
#10058 = CARTESIAN_POINT('',(45.149867590123,2.410144646688,
    132.03877460414));
#10059 = CARTESIAN_POINT('',(45.195561877903,2.350529300289,
    132.18614673394));
#10060 = CARTESIAN_POINT('',(45.23991724376,2.297572367369,
    132.33670085499));
#10061 = CARTESIAN_POINT('',(45.339278576566,2.190417149323,
    132.69381478304));
#10062 = CARTESIAN_POINT('',(45.393041976856,2.141443171614,
    132.90262817454));
#10063 = CARTESIAN_POINT('',(45.443219782067,2.10513567955,
    133.11615491942));
#10064 = CARTESIAN_POINT('',(45.489071558357,2.08214628195,
    133.33369806361));
#10065 = CARTESIAN_POINT('',(45.529868975032,2.073171809742,
    133.55434969995));
#10066 = CARTESIAN_POINT('',(45.564981999428,2.078847721909,
    133.77694470697));
#10067 = CARTESIAN_POINT('',(45.59400418273,2.099587514009,134.));
#10068 = ORIENTED_EDGE('',*,*,#9500,.T.);
#10069 = ( BOUNDED_SURFACE() B_SPLINE_SURFACE(14,4,(
    (#10070,#10071,#10072,#10073,#10074)
    ,(#10075,#10076,#10077,#10078,#10079)
    ,(#10080,#10081,#10082,#10083,#10084)
    ,(#10085,#10086,#10087,#10088,#10089)
    ,(#10090,#10091,#10092,#10093,#10094)
    ,(#10095,#10096,#10097,#10098,#10099)
    ,(#10100,#10101,#10102,#10103,#10104)
    ,(#10105,#10106,#10107,#10108,#10109)
    ,(#10110,#10111,#10112,#10113,#10114)
    ,(#10115,#10116,#10117,#10118,#10119)
    ,(#10120,#10121,#10122,#10123,#10124)
    ,(#10125,#10126,#10127,#10128,#10129)
    ,(#10130,#10131,#10132,#10133,#10134)
    ,(#10135,#10136,#10137,#10138,#10139)
    ,(#10140,#10141,#10142,#10143,#10144
)),.UNSPECIFIED.,.T.,.F.,.F.) B_SPLINE_SURFACE_WITH_KNOTS((15,15),(5,5),
  (0.,1.),(0.,1.),.PIECEWISE_BEZIER_KNOTS.) 
GEOMETRIC_REPRESENTATION_ITEM() RATIONAL_B_SPLINE_SURFACE((
    (1.,1.,1.,1.,1.)
    ,(1.,1.,1.,1.,1.)
    ,(1.,1.,1.,1.,1.)
    ,(1.,1.,1.,1.,1.)
    ,(1.,1.,1.,1.,1.)
    ,(1.,1.,1.,1.,1.)
    ,(1.,1.,1.,1.,1.)
    ,(1.,1.,1.,1.,1.)
    ,(1.,1.,1.,1.,1.)
    ,(1.,1.,1.,1.,1.)
    ,(1.,1.,1.,1.,1.)
    ,(1.,1.,1.,1.,1.)
    ,(1.,1.,1.,1.,1.)
    ,(1.,1.,1.,1.,1.)
,(1.,1.,1.,1.,1.))) REPRESENTATION_ITEM('') SURFACE() );
#10070 = CARTESIAN_POINT('',(59.5,6.,134.));
#10071 = CARTESIAN_POINT('',(61.385052370374,6.,122.18059660577));
#10072 = CARTESIAN_POINT('',(54.89616143576,6.,111.42495320651));
#10073 = CARTESIAN_POINT('',(58.130997431846,6.,99.267543703511));
#10074 = CARTESIAN_POINT('',(59.,6.,88.));
#10075 = CARTESIAN_POINT('',(59.499999999995,9.365992128848,134.));
#10076 = CARTESIAN_POINT('',(61.385052370369,10.212001654332,
    122.18059660574));
#10077 = CARTESIAN_POINT('',(54.896161435767,7.299794212885,
    111.42495320655));
#10078 = CARTESIAN_POINT('',(58.130997431839,8.751585213012,
    99.267543703517));
#10079 = CARTESIAN_POINT('',(58.999999999998,9.141592653592,
    87.999999999994));
#10080 = CARTESIAN_POINT('',(57.873142291034,12.731985500158,134.));
#10081 = CARTESIAN_POINT('',(59.349299730656,14.424004863421,
    122.18059660589));
#10082 = CARTESIAN_POINT('',(54.267942427966,8.599588905556,
    111.42495320636));
#10083 = CARTESIAN_POINT('',(56.801096040438,11.503171441686,
    99.267543703491));
#10084 = CARTESIAN_POINT('',(57.481599471617,12.283186466814,
    88.000000000035));
#10085 = CARTESIAN_POINT('',(54.619424793122,15.246145099293,
    133.99999999993));
#10086 = CARTESIAN_POINT('',(55.277791848551,17.570074130766,
    122.18059660539));
#10087 = CARTESIAN_POINT('',(53.011503609387,9.570443848794,
    111.42495320694));
#10088 = CARTESIAN_POINT('',(54.141291557239,13.558412247783,
    99.267543703539));
#10089 = CARTESIAN_POINT('',(54.444796473625,14.629735426007,
    87.999999999868));
#10090 = CARTESIAN_POINT('',(50.225420389738,16.056731968711,
    134.00000000021));
#10091 = CARTESIAN_POINT('',(49.779396989462,18.584394160203,
    122.18059660662));
#10092 = CARTESIAN_POINT('',(51.314737462258,9.883455906366,
    111.42495320569));
#10093 = CARTESIAN_POINT('',(50.549340928994,14.221039716355,
    99.267543703526));
#10094 = CARTESIAN_POINT('',(50.343725696992,15.386283170798,
    88.000000000349));
#10095 = CARTESIAN_POINT('',(45.664182546451,14.617326457542,
    133.99999999951));
#10096 = CARTESIAN_POINT('',(44.071736185638,16.783208012825,
    122.18059660423));
#10097 = CARTESIAN_POINT('',(49.553393310445,9.327622475371,
    111.42495320779));
#10098 = CARTESIAN_POINT('',(46.820682595016,13.044374184134,
    99.267543703356));
#10099 = CARTESIAN_POINT('',(46.086570376848,14.042838027038,
    87.999999999305));
#10100 = CARTESIAN_POINT('',(42.18218723834,10.994139339537,
    134.00000000081));
#10101 = CARTESIAN_POINT('',(39.714575075234,12.24936789959,
    122.18059660797));
#10102 = CARTESIAN_POINT('',(48.208803906021,7.928511168089,
    111.4249532049));
#10103 = CARTESIAN_POINT('',(43.974268689778,10.082540728588,
    99.267543703891));
#10104 = CARTESIAN_POINT('',(42.836708088904,10.661196716902,
    88.000000001076));
#10105 = CARTESIAN_POINT('',(40.871285483713,6.000000000031,
    133.99999999895));
#10106 = CARTESIAN_POINT('',(38.074190860843,6.000000000003,
    122.18059660322));
#10107 = CARTESIAN_POINT('',(47.702592825159,5.999999999891,
    111.42495320824));
#10108 = CARTESIAN_POINT('',(42.902650650573,6.000000000107,
    99.267543702918));
#10109 = CARTESIAN_POINT('',(41.613199785026,6.000000000031,
    87.999999998684));
#10110 = CARTESIAN_POINT('',(42.182187238439,1.005860660403,
    134.00000000104));
#10111 = CARTESIAN_POINT('',(39.71457507512,-0.249367899597,
    122.18059660817));
#10112 = CARTESIAN_POINT('',(48.208803906225,4.071488832104,
    111.42495320498));
#10113 = CARTESIAN_POINT('',(43.974268689869,1.917459271215,
    99.267543704188));
#10114 = CARTESIAN_POINT('',(42.836708089014,1.338803283038,
    88.000000001287));
#10115 = CARTESIAN_POINT('',(45.664182546302,-2.617326457491,
    133.99999999917));
#10116 = CARTESIAN_POINT('',(44.0717361858,-4.783208012815,
    122.18059660392));
#10117 = CARTESIAN_POINT('',(49.553393310148,2.672377524493,
    111.42495320764));
#10118 = CARTESIAN_POINT('',(46.820682594874,-1.044374183983,
    99.267543702921));
#10119 = CARTESIAN_POINT('',(46.086570376684,-2.042838026985,
    87.999999998988));
#10120 = CARTESIAN_POINT('',(50.225420389873,-4.056731968749,
    134.00000000052));
#10121 = CARTESIAN_POINT('',(49.779396989323,-6.584394160212,
    122.1805966069));
#10122 = CARTESIAN_POINT('',(51.314737462521,2.11654409371,
    111.42495320584));
#10123 = CARTESIAN_POINT('',(50.549340929128,-2.221039716452,
    99.267543703909));
#10124 = CARTESIAN_POINT('',(50.343725697139,-3.386283170837,
    88.000000000636));
#10125 = CARTESIAN_POINT('',(54.619424793037,-3.246145099271,
    133.99999999974));
#10126 = CARTESIAN_POINT('',(55.277791848635,-5.570074130759,
    122.18059660522));
#10127 = CARTESIAN_POINT('',(53.011503609223,2.429556151173,
    111.42495320684));
#10128 = CARTESIAN_POINT('',(54.141291557154,-1.558412247734,
    99.267543703307));
#10129 = CARTESIAN_POINT('',(54.444796473534,-2.629735425985,
    87.999999999688));
#10130 = CARTESIAN_POINT('',(57.873142291071,-0.731985500167,
    134.00000000009));
#10131 = CARTESIAN_POINT('',(59.349299730621,-2.424004863424,
    122.18059660596));
#10132 = CARTESIAN_POINT('',(54.267942428035,3.400411094455,
    111.4249532064));
#10133 = CARTESIAN_POINT('',(56.801096040473,0.496828558296,
    99.267543703587));
#10134 = CARTESIAN_POINT('',(57.481599471655,-0.283186466823,
    88.000000000112));
#10135 = CARTESIAN_POINT('',(59.499999999986,2.634007871154,
    133.99999999998));
#10136 = CARTESIAN_POINT('',(61.385052370377,1.787998345669,
    122.18059660572));
#10137 = CARTESIAN_POINT('',(54.89616143575,4.700205787113,
    111.42495320654));
#10138 = CARTESIAN_POINT('',(58.130997431831,3.248414786992,
    99.267543703494));
#10139 = CARTESIAN_POINT('',(58.999999999989,2.85840734641,
    87.999999999976));
#10140 = CARTESIAN_POINT('',(59.5,6.,134.));
#10141 = CARTESIAN_POINT('',(61.385052370374,6.,122.18059660577));
#10142 = CARTESIAN_POINT('',(54.89616143576,6.,111.42495320651));
#10143 = CARTESIAN_POINT('',(58.130997431846,6.,99.267543703511));
#10144 = CARTESIAN_POINT('',(59.,6.,88.));
#10145 = ADVANCED_FACE('',(#10146),#10265,.T.);
#10146 = FACE_BOUND('',#10147,.T.);
#10147 = EDGE_LOOP('',(#10148,#10159,#10206,#10212,#10213,#10214,#10215,
    #10216,#10258));
#10148 = ORIENTED_EDGE('',*,*,#10149,.T.);
#10149 = EDGE_CURVE('',#10150,#10152,#10154,.T.);
#10150 = VERTEX_POINT('',#10151);
#10151 = CARTESIAN_POINT('',(37.561439669241,6.,136.68264933971));
#10152 = VERTEX_POINT('',#10153);
#10153 = CARTESIAN_POINT('',(37.949107697375,3.581243684617,
    130.47996089924));
#10154 = CIRCLE('',#10155,3.578077738651);
#10155 = AXIS2_PLACEMENT_3D('',#10156,#10157,#10158);
#10156 = CARTESIAN_POINT('',(37.784634026309,6.,133.11153962664));
#10157 = DIRECTION('',(0.998052578483,0.,6.237828615518E-02));
#10158 = DIRECTION('',(-6.237828615518E-02,0.,0.998052578483));
#10159 = ORIENTED_EDGE('',*,*,#10160,.F.);
#10160 = EDGE_CURVE('',#10161,#10152,#10163,.T.);
#10161 = VERTEX_POINT('',#10162);
#10162 = CARTESIAN_POINT('',(39.049138266702,6.,129.55998981322));
#10163 = B_SPLINE_CURVE_WITH_KNOTS('',6,(#10164,#10165,#10166,#10167,
    #10168,#10169,#10170,#10171,#10172,#10173,#10174,#10175,#10176,
    #10177,#10178,#10179,#10180,#10181,#10182,#10183,#10184,#10185,
    #10186,#10187,#10188,#10189,#10190,#10191,#10192,#10193,#10194,
    #10195,#10196,#10197,#10198,#10199,#10200,#10201,#10202,#10203,
    #10204,#10205),.UNSPECIFIED.,.F.,.F.,(7,5,5,5,5,5,5,5,7),(0.,
    0.139968426027,0.228709484418,0.343196212171,0.478762379271,
    0.633152577731,0.833867646574,0.896905430862,1.),.UNSPECIFIED.);
#10164 = CARTESIAN_POINT('',(39.049138266702,6.,129.55998981322));
#10165 = CARTESIAN_POINT('',(39.049138266702,5.856602564758,
    129.55998981322));
#10166 = CARTESIAN_POINT('',(39.041500825431,5.713144085918,
    129.56665094038));
#10167 = CARTESIAN_POINT('',(39.02621449842,5.571349157347,
    129.57998337524));
#10168 = CARTESIAN_POINT('',(39.003736333671,5.432542944315,
    129.59956728557));
#10169 = CARTESIAN_POINT('',(38.974738193003,5.297719383979,
    129.62477785096));
#10170 = CARTESIAN_POINT('',(38.917962566399,5.085082664341,
    129.67399306478));
#10171 = CARTESIAN_POINT('',(38.893612815228,5.004427742214,
    129.69507062726));
#10172 = CARTESIAN_POINT('',(38.867123801191,4.925760092923,
    129.71796028885));
#10173 = CARTESIAN_POINT('',(38.838676930565,4.849159228223,
    129.74249109282));
#10174 = CARTESIAN_POINT('',(38.808442490753,4.774658412312,
    129.76850086661));
#10175 = CARTESIAN_POINT('',(38.735446565319,4.608849015992,
    129.83112541995));
#10176 = CARTESIAN_POINT('',(38.691600228515,4.518945088646,
    129.8686237034));
#10177 = CARTESIAN_POINT('',(38.645344094663,4.432528314991,
    129.90803539019));
#10178 = CARTESIAN_POINT('',(38.596952673225,4.34953527568,
    129.94908817432));
#10179 = CARTESIAN_POINT('',(38.546652898619,4.269867318783,
    129.99154801173));
#10180 = CARTESIAN_POINT('',(38.433000016175,4.102858766957,
    130.08694132357));
#10181 = CARTESIAN_POINT('',(38.368959181032,4.016820971638,
    130.14035506965));
#10182 = CARTESIAN_POINT('',(38.302783229493,3.935087883211,
    130.19514450342));
#10183 = CARTESIAN_POINT('',(38.234701301342,3.85747123437,
    130.25103364608));
#10184 = CARTESIAN_POINT('',(38.164882085995,3.783791832669,
    130.30778355371));
#10185 = CARTESIAN_POINT('',(38.012062952819,3.634251420958,
    130.43055639179));
#10186 = CARTESIAN_POINT('',(37.928591489335,3.559520841542,
    130.49676244118));
#10187 = CARTESIAN_POINT('',(37.843181003499,3.489429442532,
    130.563490418));
#10188 = CARTESIAN_POINT('',(37.755933713396,3.423781176846,
    130.63043745337));
#10189 = CARTESIAN_POINT('',(37.666894725597,3.362411261575,
    130.69729398329));
#10190 = CARTESIAN_POINT('',(37.457879013833,3.230805334503,
    130.85003838392));
#10191 = CARTESIAN_POINT('',(37.336721359204,3.163488696241,
    130.93555379831));
#10192 = CARTESIAN_POINT('',(37.212352353385,3.102873224066,
    131.01955075205));
#10193 = CARTESIAN_POINT('',(37.08452854921,3.048897601339,
    131.10099789442));
#10194 = CARTESIAN_POINT('',(36.95294140803,3.001621882291,
    131.17842228019));
#10195 = CARTESIAN_POINT('',(36.774084085256,2.948750604297,
    131.27159483941));
#10196 = CARTESIAN_POINT('',(36.730901137236,2.93681189454,
    131.29321453659));
#10197 = CARTESIAN_POINT('',(36.687265434285,2.925582622931,
    131.31410567102));
#10198 = CARTESIAN_POINT('',(36.643163970904,2.915079268026,
    131.33417400105));
#10199 = CARTESIAN_POINT('',(36.598588659365,2.905322112742,
    131.35331202385));
#10200 = CARTESIAN_POINT('',(36.479857590153,2.881635294662,
    131.40098244491));
#10201 = CARTESIAN_POINT('',(36.404900211675,2.868993211843,
    131.42775848221));
#10202 = CARTESIAN_POINT('',(36.328664890278,2.858512316966,
    131.4512019441));
#10203 = CARTESIAN_POINT('',(36.251257228785,2.850325951817,
    131.47068541909));
#10204 = CARTESIAN_POINT('',(36.17290571252,2.844567286946,
    131.48555356083));
#10205 = CARTESIAN_POINT('',(36.094036421936,2.841299650675,
    131.49541724902));
#10206 = ORIENTED_EDGE('',*,*,#10207,.F.);
#10207 = EDGE_CURVE('',#10006,#10161,#10208,.T.);
#10208 = LINE('',#10209,#10210);
#10209 = CARTESIAN_POINT('',(52.261988801852,6.,129.80817917037));
#10210 = VECTOR('',#10211,1.);
#10211 = DIRECTION('',(-0.999823628519,-1.068461071872E-17,
    -1.878062443584E-02));
#10212 = ORIENTED_EDGE('',*,*,#10040,.T.);
#10213 = ORIENTED_EDGE('',*,*,#9491,.F.);
#10214 = ORIENTED_EDGE('',*,*,#10005,.T.);
#10215 = ORIENTED_EDGE('',*,*,#10207,.T.);
#10216 = ORIENTED_EDGE('',*,*,#10217,.F.);
#10217 = EDGE_CURVE('',#10218,#10161,#10220,.T.);
#10218 = VERTEX_POINT('',#10219);
#10219 = CARTESIAN_POINT('',(37.949107686056,8.418756336902,
    130.47996089722));
#10220 = B_SPLINE_CURVE_WITH_KNOTS('',8,(#10221,#10222,#10223,#10224,
    #10225,#10226,#10227,#10228,#10229,#10230,#10231,#10232,#10233,
    #10234,#10235,#10236,#10237,#10238,#10239,#10240,#10241,#10242,
    #10243,#10244,#10245,#10246,#10247,#10248,#10249,#10250,#10251,
    #10252,#10253,#10254,#10255,#10256,#10257),.UNSPECIFIED.,.F.,.F.,(9,
    7,7,7,7,9),(0.,0.258979971828,0.366712307201,0.771294985811,
    0.860453967365,1.),.UNSPECIFIED.);
#10221 = CARTESIAN_POINT('',(36.094036421934,9.158700349325,
    131.49541724902));
#10222 = CARTESIAN_POINT('',(36.243194727658,9.152520566468,
    131.47676295394));
#10223 = CARTESIAN_POINT('',(36.389555925061,9.137898090468,
    131.44119213701));
#10224 = CARTESIAN_POINT('',(36.531801478908,9.115357300034,
    131.39120360973));
#10225 = CARTESIAN_POINT('',(36.669760465694,9.085688161522,
    131.33088432218));
#10226 = CARTESIAN_POINT('',(36.803378494084,9.049463803681,
    131.26335921553));
#10227 = CARTESIAN_POINT('',(36.932856193377,9.007173470787,
    131.19083150816));
#10228 = CARTESIAN_POINT('',(37.058666113815,8.959017717252,
    131.11472494935));
#10229 = CARTESIAN_POINT('',(37.232717635929,8.882142260689,
    131.00289429941));
#10230 = CARTESIAN_POINT('',(37.283298797284,8.858518840717,
    130.96957719293));
#10231 = CARTESIAN_POINT('',(37.333350846929,8.833855835783,
    130.9358716656));
#10232 = CARTESIAN_POINT('',(37.382891179747,8.808149836661,
    130.90184417616));
#10233 = CARTESIAN_POINT('',(37.431932964845,8.781394525635,
    130.86755368171));
#10234 = CARTESIAN_POINT('',(37.480485915185,8.753580625769,
    130.83305287852));
#10235 = CARTESIAN_POINT('',(37.528557057216,8.724695850179,
    130.79838944286));
#10236 = CARTESIAN_POINT('',(37.754889734327,8.582170463971,
    130.63298480018));
#10237 = CARTESIAN_POINT('',(37.926200666301,8.454738075946,
    130.50120178705));
#10238 = CARTESIAN_POINT('',(38.091274141291,8.311297167604,
    130.36997367744));
#10239 = CARTESIAN_POINT('',(38.249657945304,8.150291744549,
    130.24084963647));
#10240 = CARTESIAN_POINT('',(38.400086871386,7.970199679336,
    130.11590237499));
#10241 = CARTESIAN_POINT('',(38.540235577497,7.769302023862,
    129.99780124844));
#10242 = CARTESIAN_POINT('',(38.667101947333,7.546213986037,
    129.88975731823));
#10243 = CARTESIAN_POINT('',(38.800268087926,7.243949186128,
    129.77551432113));
#10244 = CARTESIAN_POINT('',(38.823427519354,7.188230130182,
    129.7556073401));
#10245 = CARTESIAN_POINT('',(38.845645890313,7.131373934117,
    129.7364751281));
#10246 = CARTESIAN_POINT('',(38.86686466518,7.073387628273,
    129.71817379833));
#10247 = CARTESIAN_POINT('',(38.887021620761,7.014287083584,
    129.70076250232));
#10248 = CARTESIAN_POINT('',(38.90605210477,6.954098303377,129.68430231)
  );
#10249 = CARTESIAN_POINT('',(38.923890294309,6.892858715168,
    129.66885508983));
#10250 = CARTESIAN_POINT('',(38.96642067847,6.733203931878,
    129.63198714096));
#10251 = CARTESIAN_POINT('',(38.989302085593,6.633290618682,
    129.61211288747));
#10252 = CARTESIAN_POINT('',(39.008841019593,6.531130873201,
    129.59511413557));
#10253 = CARTESIAN_POINT('',(39.024785235933,6.427037576613,
    129.58122546891));
#10254 = CARTESIAN_POINT('',(39.036916080586,6.321389021838,
    129.57064967575));
#10255 = CARTESIAN_POINT('',(39.045065554945,6.214634565408,
    129.56354189973));
#10256 = CARTESIAN_POINT('',(39.049138266702,6.107301050342,
    129.55998981322));
#10257 = CARTESIAN_POINT('',(39.049138266702,6.,129.55998981322));
#10258 = ORIENTED_EDGE('',*,*,#10259,.T.);
#10259 = EDGE_CURVE('',#10218,#10150,#10260,.T.);
#10260 = CIRCLE('',#10261,3.578077738651);
#10261 = AXIS2_PLACEMENT_3D('',#10262,#10263,#10264);
#10262 = CARTESIAN_POINT('',(37.784634026309,6.,133.11153962664));
#10263 = DIRECTION('',(0.998052578483,0.,6.237828615518E-02));
#10264 = DIRECTION('',(-6.237828615518E-02,0.,0.998052578483));
#10265 = CONICAL_SURFACE('',#10266,4.2,4.363708136004E-02);
#10266 = AXIS2_PLACEMENT_3D('',#10267,#10268,#10269);
#10267 = CARTESIAN_POINT('',(52.,6.,134.));
#10268 = DIRECTION('',(0.998052578483,-0.,6.237828615518E-02));
#10269 = DIRECTION('',(6.237828615518E-02,0.,-0.998052578483));
#10270 = ADVANCED_FACE('',(#10271),#10301,.T.);
#10271 = FACE_BOUND('',#10272,.T.);
#10272 = EDGE_LOOP('',(#10273,#10284,#10285,#10292,#10293,#10294));
#10273 = ORIENTED_EDGE('',*,*,#10274,.T.);
#10274 = EDGE_CURVE('',#10275,#10277,#10279,.T.);
#10275 = VERTEX_POINT('',#10276);
#10276 = CARTESIAN_POINT('',(71.18106919861,6.,130.57496417476));
#10277 = VERTEX_POINT('',#10278);
#10278 = CARTESIAN_POINT('',(68.,6.,137.));
#10279 = CIRCLE('',#10280,4.);
#10280 = AXIS2_PLACEMENT_3D('',#10281,#10282,#10283);
#10281 = CARTESIAN_POINT('',(68.,6.,133.));
#10282 = DIRECTION('',(-2.449293598295E-16,-1.,0.));
#10283 = DIRECTION('',(1.,-2.449293598295E-16,0.));
#10284 = ORIENTED_EDGE('',*,*,#10274,.F.);
#10285 = ORIENTED_EDGE('',*,*,#10286,.T.);
#10286 = EDGE_CURVE('',#10275,#9615,#10287,.T.);
#10287 = CIRCLE('',#10288,3.135623515507);
#10288 = AXIS2_PLACEMENT_3D('',#10289,#10290,#10291);
#10289 = CARTESIAN_POINT('',(68.045983203209,6.,130.5169070267));
#10290 = DIRECTION('',(-1.851534400602E-02,0.,0.999828576325));
#10291 = DIRECTION('',(-0.999828576325,0.,-1.851534400602E-02));
#10292 = ORIENTED_EDGE('',*,*,#9614,.F.);
#10293 = ORIENTED_EDGE('',*,*,#9526,.F.);
#10294 = ORIENTED_EDGE('',*,*,#10295,.T.);
#10295 = EDGE_CURVE('',#9527,#10275,#10296,.T.);
#10296 = CIRCLE('',#10297,3.135623515507);
#10297 = AXIS2_PLACEMENT_3D('',#10298,#10299,#10300);
#10298 = CARTESIAN_POINT('',(68.045983203209,6.,130.5169070267));
#10299 = DIRECTION('',(-1.851534400602E-02,0.,0.999828576325));
#10300 = DIRECTION('',(-0.999828576325,0.,-1.851534400602E-02));
#10301 = SPHERICAL_SURFACE('',#10302,4.);
#10302 = AXIS2_PLACEMENT_3D('',#10303,#10304,#10305);
#10303 = CARTESIAN_POINT('',(68.,6.,133.));
#10304 = DIRECTION('',(0.,0.,1.));
#10305 = DIRECTION('',(1.,0.,-0.));
#10306 = ADVANCED_FACE('',(#10307),#10338,.T.);
#10307 = FACE_BOUND('',#10308,.T.);
#10308 = EDGE_LOOP('',(#10309,#10320,#10326,#10327,#10328,#10329,#10330,
    #10331));
#10309 = ORIENTED_EDGE('',*,*,#10310,.T.);
#10310 = EDGE_CURVE('',#10311,#10313,#10315,.T.);
#10311 = VERTEX_POINT('',#10312);
#10312 = CARTESIAN_POINT('',(71.011371664098,6.,107.64104002534));
#10313 = VERTEX_POINT('',#10314);
#10314 = CARTESIAN_POINT('',(65.929591798566,6.,107.54693299079));
#10315 = CIRCLE('',#10316,2.541325576135);
#10316 = AXIS2_PLACEMENT_3D('',#10317,#10318,#10319);
#10317 = CARTESIAN_POINT('',(68.470481731332,6.,107.59398650806));
#10318 = DIRECTION('',(-1.851534400602E-02,0.,0.999828576325));
#10319 = DIRECTION('',(-0.999828576325,0.,-1.851534400602E-02));
#10320 = ORIENTED_EDGE('',*,*,#10321,.F.);
#10321 = EDGE_CURVE('',#9624,#10313,#10322,.T.);
#10322 = LINE('',#10323,#10324);
#10323 = CARTESIAN_POINT('',(64.80054855576,6.,132.94075089918));
#10324 = VECTOR('',#10325,1.);
#10325 = DIRECTION('',(4.441746200288E-02,6.346799973144E-18,
    -0.999013057507));
#10326 = ORIENTED_EDGE('',*,*,#9623,.T.);
#10327 = ORIENTED_EDGE('',*,*,#10286,.F.);
#10328 = ORIENTED_EDGE('',*,*,#10295,.F.);
#10329 = ORIENTED_EDGE('',*,*,#9670,.T.);
#10330 = ORIENTED_EDGE('',*,*,#10321,.T.);
#10331 = ORIENTED_EDGE('',*,*,#10332,.T.);
#10332 = EDGE_CURVE('',#10313,#10311,#10333,.T.);
#10333 = CIRCLE('',#10334,2.541325576135);
#10334 = AXIS2_PLACEMENT_3D('',#10335,#10336,#10337);
#10335 = CARTESIAN_POINT('',(68.470481731332,6.,107.59398650806));
#10336 = DIRECTION('',(-1.851534400602E-02,0.,0.999828576325));
#10337 = DIRECTION('',(-0.999828576325,0.,-1.851534400602E-02));
#10338 = CONICAL_SURFACE('',#10339,3.2,2.591567819955E-02);
#10339 = AXIS2_PLACEMENT_3D('',#10340,#10341,#10342);
#10340 = CARTESIAN_POINT('',(68.,6.,133.));
#10341 = DIRECTION('',(-1.851534400602E-02,-0.,0.999828576325));
#10342 = DIRECTION('',(-0.999828576325,0.,-1.851534400602E-02));
#10343 = ADVANCED_FACE('',(#10344),#10505,.T.);
#10344 = FACE_BOUND('',#10345,.T.);
#10345 = EDGE_LOOP('',(#10346,#10357,#10363,#10364,#10373,#10382,#10391,
    #10398,#10399,#10400,#10409,#10458));
#10346 = ORIENTED_EDGE('',*,*,#10347,.T.);
#10347 = EDGE_CURVE('',#10348,#10350,#10352,.T.);
#10348 = VERTEX_POINT('',#10349);
#10349 = CARTESIAN_POINT('',(59.717742428309,2.46693208974,
    83.857340649586));
#10350 = VERTEX_POINT('',#10351);
#10351 = CARTESIAN_POINT('',(61.112681368009,6.,90.48330060082));
#10352 = CIRCLE('',#10353,4.307341141267);
#10353 = AXIS2_PLACEMENT_3D('',#10354,#10355,#10356);
#10354 = CARTESIAN_POINT('',(60.225323947451,6.,86.268352853168));
#10355 = DIRECTION('',(-0.978549784987,0.,0.20601048105));
#10356 = DIRECTION('',(-0.20601048105,0.,-0.978549784987));
#10357 = ORIENTED_EDGE('',*,*,#10358,.F.);
#10358 = EDGE_CURVE('',#9720,#10350,#10359,.T.);
#10359 = LINE('',#10360,#10361);
#10360 = CARTESIAN_POINT('',(53.030052405249,6.,92.892748924934));
#10361 = VECTOR('',#10362,1.);
#10362 = DIRECTION('',(0.958325431658,-2.011502659275E-17,
    -0.285678782968));
#10363 = ORIENTED_EDGE('',*,*,#9729,.T.);
#10364 = ORIENTED_EDGE('',*,*,#10365,.F.);
#10365 = EDGE_CURVE('',#10366,#9730,#10368,.T.);
#10366 = VERTEX_POINT('',#10367);
#10367 = CARTESIAN_POINT('',(57.425164720865,1.576473389021,88.));
#10368 = CIRCLE('',#10369,4.562533135953);
#10369 = AXIS2_PLACEMENT_3D('',#10370,#10371,#10372);
#10370 = CARTESIAN_POINT('',(57.194919010553,6.,86.906332839883));
#10371 = DIRECTION('',(-0.978549784987,0.,0.20601048105));
#10372 = DIRECTION('',(-0.20601048105,0.,-0.978549784987));
#10373 = ORIENTED_EDGE('',*,*,#10374,.F.);
#10374 = EDGE_CURVE('',#10375,#10366,#10377,.T.);
#10375 = VERTEX_POINT('',#10376);
#10376 = CARTESIAN_POINT('',(56.25498936441,6.,82.441667020701));
#10377 = CIRCLE('',#10378,4.562533135953);
#10378 = AXIS2_PLACEMENT_3D('',#10379,#10380,#10381);
#10379 = CARTESIAN_POINT('',(57.194919010553,6.,86.906332839883));
#10380 = DIRECTION('',(-0.978549784987,0.,0.20601048105));
#10381 = DIRECTION('',(-0.20601048105,0.,-0.978549784987));
#10382 = ORIENTED_EDGE('',*,*,#10383,.F.);
#10383 = EDGE_CURVE('',#10384,#10375,#10386,.T.);
#10384 = VERTEX_POINT('',#10385);
#10385 = CARTESIAN_POINT('',(57.425164720865,10.423526610979,88.));
#10386 = CIRCLE('',#10387,4.562533135953);
#10387 = AXIS2_PLACEMENT_3D('',#10388,#10389,#10390);
#10388 = CARTESIAN_POINT('',(57.194919010553,6.,86.906332839883));
#10389 = DIRECTION('',(-0.978549784987,0.,0.20601048105));
#10390 = DIRECTION('',(-0.20601048105,0.,-0.978549784987));
#10391 = ORIENTED_EDGE('',*,*,#10392,.F.);
#10392 = EDGE_CURVE('',#9889,#10384,#10393,.T.);
#10393 = CIRCLE('',#10394,4.562533135953);
#10394 = AXIS2_PLACEMENT_3D('',#10395,#10396,#10397);
#10395 = CARTESIAN_POINT('',(57.194919010553,6.,86.906332839883));
#10396 = DIRECTION('',(-0.978549784987,0.,0.20601048105));
#10397 = DIRECTION('',(-0.20601048105,0.,-0.978549784987));
#10398 = ORIENTED_EDGE('',*,*,#9979,.T.);
#10399 = ORIENTED_EDGE('',*,*,#10358,.T.);
#10400 = ORIENTED_EDGE('',*,*,#10401,.T.);
#10401 = EDGE_CURVE('',#10350,#10402,#10404,.T.);
#10402 = VERTEX_POINT('',#10403);
#10403 = CARTESIAN_POINT('',(59.71774243106,9.533067909763,
    83.857340647009));
#10404 = CIRCLE('',#10405,4.307341141267);
#10405 = AXIS2_PLACEMENT_3D('',#10406,#10407,#10408);
#10406 = CARTESIAN_POINT('',(60.225323947451,6.,86.268352853168));
#10407 = DIRECTION('',(-0.978549784987,0.,0.20601048105));
#10408 = DIRECTION('',(-0.20601048105,0.,-0.978549784987));
#10409 = ORIENTED_EDGE('',*,*,#10410,.T.);
#10410 = EDGE_CURVE('',#10402,#10411,#10413,.T.);
#10411 = VERTEX_POINT('',#10412);
#10412 = CARTESIAN_POINT('',(57.574490147722,6.,82.275492613881));
#10413 = B_SPLINE_CURVE_WITH_KNOTS('',8,(#10414,#10415,#10416,#10417,
    #10418,#10419,#10420,#10421,#10422,#10423,#10424,#10425,#10426,
    #10427,#10428,#10429,#10430,#10431,#10432,#10433,#10434,#10435,
    #10436,#10437,#10438,#10439,#10440,#10441,#10442,#10443,#10444,
    #10445,#10446,#10447,#10448,#10449,#10450,#10451,#10452,#10453,
    #10454,#10455,#10456,#10457),.UNSPECIFIED.,.F.,.F.,(9,7,7,7,7,7,9),(
    0.,0.174539870697,0.303193785266,0.50406699275,0.748078805981,
    0.846413517754,1.),.UNSPECIFIED.);
#10414 = CARTESIAN_POINT('',(61.213088070919,9.962369417773,
    84.637168336864));
#10415 = CARTESIAN_POINT('',(61.09276113498,9.95305342471,
    84.607086193634));
#10416 = CARTESIAN_POINT('',(60.974522156919,9.939501469038,
    84.567720821706));
#10417 = CARTESIAN_POINT('',(60.858502182935,9.92198088481,
    84.521243198458));
#10418 = CARTESIAN_POINT('',(60.744689416538,9.900739949689,
    84.469594669068));
#10419 = CARTESIAN_POINT('',(60.633047246294,9.875979828621,
    84.414125188707));
#10420 = CARTESIAN_POINT('',(60.52342869202,9.847851516999,
    84.355818002061));
#10421 = CARTESIAN_POINT('',(60.415572396393,9.816409247888,
    84.295294405349));
#10422 = CARTESIAN_POINT('',(60.230584427371,9.755878532492,
    84.186900379619));
#10423 = CARTESIAN_POINT('',(60.152951099255,9.728384086471,
    84.139957606173));
#10424 = CARTESIAN_POINT('',(60.076117188154,9.699086784693,
    84.092266330399));
#10425 = CARTESIAN_POINT('',(60.000040401932,9.667985333519,
    84.043985456873));
#10426 = CARTESIAN_POINT('',(59.924692028406,9.635071885795,
    83.995244858362));
#10427 = CARTESIAN_POINT('',(59.850051915027,9.600332530512,
    83.946153726937));
#10428 = CARTESIAN_POINT('',(59.776105570256,9.563746879444,
    83.89680566961));
#10429 = CARTESIAN_POINT('',(59.58845580766,9.465237202872,
    83.769954724695));
#10430 = CARTESIAN_POINT('',(59.475758430799,9.400629932264,
    83.692213011204));
#10431 = CARTESIAN_POINT('',(59.364715695975,9.331362274577,
    83.614360938228));
#10432 = CARTESIAN_POINT('',(59.255357766906,9.257308682238,
    83.536659304854));
#10433 = CARTESIAN_POINT('',(59.147763714392,9.178325071618,
    83.459346920232));
#10434 = CARTESIAN_POINT('',(59.042051440717,9.09424802149,
    83.382656795373));
#10435 = CARTESIAN_POINT('',(58.938374345147,9.004888822835,
    83.306825785575));
#10436 = CARTESIAN_POINT('',(58.713688263528,8.794782856337,
    83.141321318022));
#10437 = CARTESIAN_POINT('',(58.593821495471,8.671493952259,
    83.052234126409));
#10438 = CARTESIAN_POINT('',(58.477596582822,8.539711625346,
    82.965222873125));
#10439 = CARTESIAN_POINT('',(58.36549376766,8.39899843819,
    82.880788403545));
#10440 = CARTESIAN_POINT('',(58.258179084658,8.24895253308,
    82.799548721906));
#10441 = CARTESIAN_POINT('',(58.156490699869,8.089228127202,
    82.722241192148));
#10442 = CARTESIAN_POINT('',(58.06143388133,7.919547528331,
    82.649723861606));
#10443 = CARTESIAN_POINT('',(57.939023874349,7.667229509642,
    82.556077042598));
#10444 = CARTESIAN_POINT('',(57.905142572228,7.593127260435,
    82.530123946773));
#10445 = CARTESIAN_POINT('',(57.872621726508,7.51739827602,
    82.505183885658));
#10446 = CARTESIAN_POINT('',(57.841549760344,7.440053534341,
    82.481329647122));
#10447 = CARTESIAN_POINT('',(57.81202060822,7.361116509509,
    82.458638078429));
#10448 = CARTESIAN_POINT('',(57.784131835506,7.280625042674,
    82.437188623328));
#10449 = CARTESIAN_POINT('',(57.757982758009,7.198633212887,
    82.41706185913));
#10450 = CARTESIAN_POINT('',(57.695703084707,6.984921626544,
    82.369093767792));
#10451 = CARTESIAN_POINT('',(57.662199252641,6.851078185586,
    82.343256325242));
#10452 = CARTESIAN_POINT('',(57.633572894168,6.714043329244,
    82.321157406944));
#10453 = CARTESIAN_POINT('',(57.610202217819,6.574262845645,
    82.303101532605));
#10454 = CARTESIAN_POINT('',(57.592414882811,6.432274450732,
    82.289351996422));
#10455 = CARTESIAN_POINT('',(57.580463012134,6.288715938691,
    82.280110807326));
#10456 = CARTESIAN_POINT('',(57.574490147722,6.144334898989,
    82.27549261389));
#10457 = CARTESIAN_POINT('',(57.574490147722,6.,82.275492613881));
#10458 = ORIENTED_EDGE('',*,*,#10459,.T.);
#10459 = EDGE_CURVE('',#10411,#10348,#10460,.T.);
#10460 = B_SPLINE_CURVE_WITH_KNOTS('',7,(#10461,#10462,#10463,#10464,
    #10465,#10466,#10467,#10468,#10469,#10470,#10471,#10472,#10473,
    #10474,#10475,#10476,#10477,#10478,#10479,#10480,#10481,#10482,
    #10483,#10484,#10485,#10486,#10487,#10488,#10489,#10490,#10491,
    #10492,#10493,#10494,#10495,#10496,#10497,#10498,#10499,#10500,
    #10501,#10502,#10503,#10504),.UNSPECIFIED.,.F.,.F.,(8,6,6,6,6,6,6,8)
  ,(0.,0.15423272032,0.252868722581,0.380046502186,0.696246478547,
    0.915259228916,0.970444888495,1.),.UNSPECIFIED.);
#10461 = CARTESIAN_POINT('',(57.574490147722,6.,82.275492613881));
#10462 = CARTESIAN_POINT('',(57.574490147722,5.834358391604,
    82.275492613881));
#10463 = CARTESIAN_POINT('',(57.582520486791,5.668654455156,
    82.281701637717));
#10464 = CARTESIAN_POINT('',(57.598591148459,5.504296207815,
    82.294127492412));
#10465 = CARTESIAN_POINT('',(57.622407571966,5.342444780097,
    82.312534952429));
#10466 = CARTESIAN_POINT('',(57.653482792984,5.184045343712,
    82.336533317619));
#10467 = CARTESIAN_POINT('',(57.691216487671,5.029851570412,
    82.365639253435));
#10468 = CARTESIAN_POINT('',(57.762903878892,4.784893191818,
    82.420851410137));
#10469 = CARTESIAN_POINT('',(57.793328280977,4.691262474915,
    82.444265578507));
#10470 = CARTESIAN_POINT('',(57.826053973173,4.599666891243,
    82.469427830347));
#10471 = CARTESIAN_POINT('',(57.860920684577,4.510185406783,
    82.496208026042));
#10472 = CARTESIAN_POINT('',(57.897773070646,4.422865571913,
    82.524479397336));
#10473 = CARTESIAN_POINT('',(57.936465757331,4.337728559925,
    82.554122470124));
#10474 = CARTESIAN_POINT('',(58.02896210744,4.14781578918,
    82.624878759462));
#10475 = CARTESIAN_POINT('',(58.083893157434,4.044496546395,
    82.666824862522));
#10476 = CARTESIAN_POINT('',(58.141384480821,3.94480457727,
    82.710636858135));
#10477 = CARTESIAN_POINT('',(58.201185411597,3.848699042971,
    82.756103789009));
#10478 = CARTESIAN_POINT('',(58.263074746356,3.756115195094,
    82.803035966488));
#10479 = CARTESIAN_POINT('',(58.326863818511,3.666969404994,
    82.851266758206));
#10480 = CARTESIAN_POINT('',(58.555340016494,3.36782813671,
    83.023445979291));
#10481 = CARTESIAN_POINT('',(58.728885591943,3.175391246739,
    83.153244661933));
#10482 = CARTESIAN_POINT('',(58.910854278926,3.0019977923,
    83.287993346046));
#10483 = CARTESIAN_POINT('',(59.099708601783,2.846422502913,
    83.426060732022));
#10484 = CARTESIAN_POINT('',(59.294412759854,2.707525375438,
    83.56593641416));
#10485 = CARTESIAN_POINT('',(59.494418312496,2.584332631989,
    83.706327416802));
#10486 = CARTESIAN_POINT('',(59.84264411764,2.401184039868,
    83.941825231159));
#10487 = CARTESIAN_POINT('',(59.987617745946,2.333571149937,
    84.037406413575));
#10488 = CARTESIAN_POINT('',(60.13534141999,2.272932499685,
    84.131706143668));
#10489 = CARTESIAN_POINT('',(60.286039811975,2.219160223596,
    84.22395121008));
#10490 = CARTESIAN_POINT('',(60.439980152722,2.1723183913,84.31286227098
    ));
#10491 = CARTESIAN_POINT('',(60.597485005195,2.132535471594,
    84.396607361433));
#10492 = CARTESIAN_POINT('',(60.800475289109,2.092086751994,
    84.49046312747));
#10493 = CARTESIAN_POINT('',(60.841608419479,2.084423612302,
    84.50878818875));
#10494 = CARTESIAN_POINT('',(60.88303115264,2.077245387613,
    84.526489053159));
#10495 = CARTESIAN_POINT('',(60.924750241155,2.070561490283,
    84.543495714341));
#10496 = CARTESIAN_POINT('',(60.966768371618,2.064382998311,
    84.559728299574));
#10497 = CARTESIAN_POINT('',(61.009084004028,2.058722182079,
    84.575097529974));
#10498 = CARTESIAN_POINT('',(61.074509834143,2.05084453862,
    84.597221310711));
#10499 = CARTESIAN_POINT('',(61.097411473725,2.048249291448,
    84.604661574594));
#10500 = CARTESIAN_POINT('',(61.120394872699,2.045808389515,
    84.61181058098));
#10501 = CARTESIAN_POINT('',(61.143457835347,2.043523942738,
    84.618652428005));
#10502 = CARTESIAN_POINT('',(61.166597227468,2.041398071015,
    84.625170703311));
#10503 = CARTESIAN_POINT('',(61.18980897638,2.039432904225,
    84.631348484046));
#10504 = CARTESIAN_POINT('',(61.213088070919,2.037630582227,
    84.637168336864));
#10505 = CONICAL_SURFACE('',#10506,5.,8.221842814688E-02);
#10506 = AXIS2_PLACEMENT_3D('',#10507,#10508,#10509);
#10507 = CARTESIAN_POINT('',(52.,6.,88.));
#10508 = DIRECTION('',(-0.978549784987,-0.,0.20601048105));
#10509 = DIRECTION('',(0.20601048105,0.,0.978549784987));
#10510 = ADVANCED_FACE('',(#10511),#10542,.T.);
#10511 = FACE_BOUND('',#10512,.T.);
#10512 = EDGE_LOOP('',(#10513,#10514,#10515,#10535));
#10513 = ORIENTED_EDGE('',*,*,#9888,.T.);
#10514 = ORIENTED_EDGE('',*,*,#10392,.T.);
#10515 = ORIENTED_EDGE('',*,*,#10516,.T.);
#10516 = EDGE_CURVE('',#10384,#10517,#10519,.T.);
#10517 = VERTEX_POINT('',#10518);
#10518 = CARTESIAN_POINT('',(46.574835269209,10.423526609636,88.));
#10519 = B_SPLINE_CURVE_WITH_KNOTS('',14,(#10520,#10521,#10522,#10523,
    #10524,#10525,#10526,#10527,#10528,#10529,#10530,#10531,#10532,
    #10533,#10534),.UNSPECIFIED.,.T.,.F.,(15,15),(0.,1.),
  .PIECEWISE_BEZIER_KNOTS.);
#10520 = CARTESIAN_POINT('',(59.,6.,88.));
#10521 = CARTESIAN_POINT('',(58.999999999998,9.141592653592,
    87.999999999994));
#10522 = CARTESIAN_POINT('',(57.481599471617,12.283186466814,
    88.000000000035));
#10523 = CARTESIAN_POINT('',(54.444796473625,14.629735426007,
    87.999999999868));
#10524 = CARTESIAN_POINT('',(50.343725696992,15.386283170798,
    88.000000000349));
#10525 = CARTESIAN_POINT('',(46.086570376848,14.042838027038,
    87.999999999305));
#10526 = CARTESIAN_POINT('',(42.836708088904,10.661196716902,
    88.000000001076));
#10527 = CARTESIAN_POINT('',(41.613199785026,6.000000000031,
    87.999999998684));
#10528 = CARTESIAN_POINT('',(42.836708089014,1.338803283038,
    88.000000001287));
#10529 = CARTESIAN_POINT('',(46.086570376684,-2.042838026985,
    87.999999998988));
#10530 = CARTESIAN_POINT('',(50.343725697139,-3.386283170837,
    88.000000000636));
#10531 = CARTESIAN_POINT('',(54.444796473534,-2.629735425985,
    87.999999999688));
#10532 = CARTESIAN_POINT('',(57.481599471655,-0.283186466823,
    88.000000000112));
#10533 = CARTESIAN_POINT('',(58.999999999989,2.85840734641,
    87.999999999976));
#10534 = CARTESIAN_POINT('',(59.,6.,88.));
#10535 = ORIENTED_EDGE('',*,*,#10536,.T.);
#10536 = EDGE_CURVE('',#10517,#9846,#10537,.T.);
#10537 = CIRCLE('',#10538,4.562533135953);
#10538 = AXIS2_PLACEMENT_3D('',#10539,#10540,#10541);
#10539 = CARTESIAN_POINT('',(46.805080989447,6.,86.906332839883));
#10540 = DIRECTION('',(0.978549784987,0.,0.20601048105));
#10541 = DIRECTION('',(-0.20601048105,0.,0.978549784987));
#10542 = SPHERICAL_SURFACE('',#10543,7.);
#10543 = AXIS2_PLACEMENT_3D('',#10544,#10545,#10546);
#10544 = CARTESIAN_POINT('',(52.,6.,88.));
#10545 = DIRECTION('',(0.,0.,1.));
#10546 = DIRECTION('',(1.,0.,-0.));
#10547 = ADVANCED_FACE('',(#10548),#10700,.T.);
#10548 = FACE_BOUND('',#10549,.T.);
#10549 = EDGE_LOOP('',(#10550,#10561,#10610,#10618,#10627,#10634,#10635,
    #10636,#10643,#10644,#10693));
#10550 = ORIENTED_EDGE('',*,*,#10551,.T.);
#10551 = EDGE_CURVE('',#10552,#10554,#10556,.T.);
#10552 = VERTEX_POINT('',#10553);
#10553 = CARTESIAN_POINT('',(42.887318631991,6.,90.48330060082));
#10554 = VERTEX_POINT('',#10555);
#10555 = CARTESIAN_POINT('',(44.28225756894,2.466932090237,
    83.857340647009));
#10556 = CIRCLE('',#10557,4.307341141267);
#10557 = AXIS2_PLACEMENT_3D('',#10558,#10559,#10560);
#10558 = CARTESIAN_POINT('',(43.774676052549,6.,86.268352853168));
#10559 = DIRECTION('',(0.978549784987,0.,0.20601048105));
#10560 = DIRECTION('',(-0.20601048105,0.,0.978549784987));
#10561 = ORIENTED_EDGE('',*,*,#10562,.T.);
#10562 = EDGE_CURVE('',#10554,#10563,#10565,.T.);
#10563 = VERTEX_POINT('',#10564);
#10564 = CARTESIAN_POINT('',(46.425509852278,6.,82.275492613881));
#10565 = B_SPLINE_CURVE_WITH_KNOTS('',8,(#10566,#10567,#10568,#10569,
    #10570,#10571,#10572,#10573,#10574,#10575,#10576,#10577,#10578,
    #10579,#10580,#10581,#10582,#10583,#10584,#10585,#10586,#10587,
    #10588,#10589,#10590,#10591,#10592,#10593,#10594,#10595,#10596,
    #10597,#10598,#10599,#10600,#10601,#10602,#10603,#10604,#10605,
    #10606,#10607,#10608,#10609),.UNSPECIFIED.,.F.,.F.,(9,7,7,7,7,7,9),(
    0.,0.174539870699,0.30319378527,0.504066992756,0.74807880599,
    0.846413517765,1.),.UNSPECIFIED.);
#10566 = CARTESIAN_POINT('',(42.786911929081,2.037630582227,
    84.637168336864));
#10567 = CARTESIAN_POINT('',(42.907238865019,2.04694657529,
    84.607086193634));
#10568 = CARTESIAN_POINT('',(43.025477843082,2.060498530962,
    84.567720821705));
#10569 = CARTESIAN_POINT('',(43.141497817065,2.07801911519,
    84.52124319846));
#10570 = CARTESIAN_POINT('',(43.255310583461,2.09926005031,
    84.469594669064));
#10571 = CARTESIAN_POINT('',(43.366952753708,2.124020171379,
    84.414125188708));
#10572 = CARTESIAN_POINT('',(43.476571307979,2.152148483001,
    84.355818002061));
#10573 = CARTESIAN_POINT('',(43.584427603607,2.183590752113,
    84.295294405348));
#10574 = CARTESIAN_POINT('',(43.76941557263,2.244121467508,
    84.186900379619));
#10575 = CARTESIAN_POINT('',(43.847048900745,2.271615913529,
    84.139957606173));
#10576 = CARTESIAN_POINT('',(43.923882811847,2.300913215307,
    84.092266330399));
#10577 = CARTESIAN_POINT('',(43.999959598068,2.332014666481,
    84.043985456873));
#10578 = CARTESIAN_POINT('',(44.075307971594,2.364928114205,
    83.995244858362));
#10579 = CARTESIAN_POINT('',(44.149948084974,2.399667469489,
    83.946153726936));
#10580 = CARTESIAN_POINT('',(44.223894429744,2.436253120557,
    83.896805669609));
#10581 = CARTESIAN_POINT('',(44.41154419234,2.534762797128,
    83.769954724695));
#10582 = CARTESIAN_POINT('',(44.524241569201,2.599370067736,
    83.692213011204));
#10583 = CARTESIAN_POINT('',(44.635284304025,2.668637725424,
    83.614360938227));
#10584 = CARTESIAN_POINT('',(44.744642233094,2.742691317762,
    83.536659304854));
#10585 = CARTESIAN_POINT('',(44.852236285608,2.821674928382,
    83.459346920232));
#10586 = CARTESIAN_POINT('',(44.957948559284,2.90575197851,
    83.382656795373));
#10587 = CARTESIAN_POINT('',(45.061625654853,2.995111177165,
    83.306825785575));
#10588 = CARTESIAN_POINT('',(45.286311736472,3.205217143663,
    83.141321318022));
#10589 = CARTESIAN_POINT('',(45.40617850453,3.328506047741,
    83.052234126409));
#10590 = CARTESIAN_POINT('',(45.522403417178,3.460288374654,
    82.965222873125));
#10591 = CARTESIAN_POINT('',(45.63450623234,3.60100156181,
    82.880788403544));
#10592 = CARTESIAN_POINT('',(45.741820915342,3.75104746692,
    82.799548721906));
#10593 = CARTESIAN_POINT('',(45.843509300131,3.910771872799,
    82.722241192147));
#10594 = CARTESIAN_POINT('',(45.93856611867,4.08045247167,
    82.649723861606));
#10595 = CARTESIAN_POINT('',(46.060976125652,4.332770490359,
    82.556077042598));
#10596 = CARTESIAN_POINT('',(46.094857427772,4.406872739566,
    82.530123946772));
#10597 = CARTESIAN_POINT('',(46.127378273492,4.482601723981,
    82.505183885658));
#10598 = CARTESIAN_POINT('',(46.158450239656,4.55994646566,
    82.481329647122));
#10599 = CARTESIAN_POINT('',(46.18797939178,4.638883490492,
    82.458638078429));
#10600 = CARTESIAN_POINT('',(46.215868164494,4.719374957327,
    82.437188623328));
#10601 = CARTESIAN_POINT('',(46.242017241991,4.801366787114,
    82.417061859129));
#10602 = CARTESIAN_POINT('',(46.30429691529,5.015078373446,
    82.369093767794));
#10603 = CARTESIAN_POINT('',(46.33780074737,5.148921814411,
    82.343256325242));
#10604 = CARTESIAN_POINT('',(46.366427105825,5.28595667076,
    82.321157406942));
#10605 = CARTESIAN_POINT('',(46.389797782168,5.425737154359,
    82.303101532604));
#10606 = CARTESIAN_POINT('',(46.407585117197,5.567725549266,
    82.289351996424));
#10607 = CARTESIAN_POINT('',(46.419536987884,5.711284061299,
    82.280110807329));
#10608 = CARTESIAN_POINT('',(46.425509852258,5.855665100999,
    82.275492613887));
#10609 = CARTESIAN_POINT('',(46.425509852278,6.,82.275492613881));
#10610 = ORIENTED_EDGE('',*,*,#10611,.F.);
#10611 = EDGE_CURVE('',#10612,#10563,#10614,.T.);
#10612 = VERTEX_POINT('',#10613);
#10613 = CARTESIAN_POINT('',(47.74501063559,6.,82.441667020701));
#10614 = LINE('',#10615,#10616);
#10615 = CARTESIAN_POINT('',(53.030052405249,6.,83.107251075066));
#10616 = VECTOR('',#10617,1.);
#10617 = DIRECTION('',(-0.992162994517,-2.011502659275E-17,
    -0.124950359385));
#10618 = ORIENTED_EDGE('',*,*,#10619,.F.);
#10619 = EDGE_CURVE('',#10620,#10612,#10622,.T.);
#10620 = VERTEX_POINT('',#10621);
#10621 = CARTESIAN_POINT('',(46.574835269209,1.576473390364,88.));
#10622 = CIRCLE('',#10623,4.562533135953);
#10623 = AXIS2_PLACEMENT_3D('',#10624,#10625,#10626);
#10624 = CARTESIAN_POINT('',(46.805080989447,6.,86.906332839883));
#10625 = DIRECTION('',(0.978549784987,0.,0.20601048105));
#10626 = DIRECTION('',(-0.20601048105,0.,0.978549784987));
#10627 = ORIENTED_EDGE('',*,*,#10628,.F.);
#10628 = EDGE_CURVE('',#9755,#10620,#10629,.T.);
#10629 = CIRCLE('',#10630,4.562533135953);
#10630 = AXIS2_PLACEMENT_3D('',#10631,#10632,#10633);
#10631 = CARTESIAN_POINT('',(46.805080989447,6.,86.906332839883));
#10632 = DIRECTION('',(0.978549784987,0.,0.20601048105));
#10633 = DIRECTION('',(-0.20601048105,0.,0.978549784987));
#10634 = ORIENTED_EDGE('',*,*,#9845,.T.);
#10635 = ORIENTED_EDGE('',*,*,#10536,.F.);
#10636 = ORIENTED_EDGE('',*,*,#10637,.F.);
#10637 = EDGE_CURVE('',#10612,#10517,#10638,.T.);
#10638 = CIRCLE('',#10639,4.562533135953);
#10639 = AXIS2_PLACEMENT_3D('',#10640,#10641,#10642);
#10640 = CARTESIAN_POINT('',(46.805080989447,6.,86.906332839883));
#10641 = DIRECTION('',(0.978549784987,0.,0.20601048105));
#10642 = DIRECTION('',(-0.20601048105,0.,0.978549784987));
#10643 = ORIENTED_EDGE('',*,*,#10611,.T.);
#10644 = ORIENTED_EDGE('',*,*,#10645,.T.);
#10645 = EDGE_CURVE('',#10563,#10646,#10648,.T.);
#10646 = VERTEX_POINT('',#10647);
#10647 = CARTESIAN_POINT('',(44.282257571713,9.533067910259,
    83.857340649604));
#10648 = B_SPLINE_CURVE_WITH_KNOTS('',7,(#10649,#10650,#10651,#10652,
    #10653,#10654,#10655,#10656,#10657,#10658,#10659,#10660,#10661,
    #10662,#10663,#10664,#10665,#10666,#10667,#10668,#10669,#10670,
    #10671,#10672,#10673,#10674,#10675,#10676,#10677,#10678,#10679,
    #10680,#10681,#10682,#10683,#10684,#10685,#10686,#10687,#10688,
    #10689,#10690,#10691,#10692),.UNSPECIFIED.,.F.,.F.,(8,6,6,6,6,6,6,8)
  ,(0.,0.154142841337,0.252519682936,0.379322962439,0.69620184995,
    0.914673458893,0.970555046666,1.),.UNSPECIFIED.);
#10649 = CARTESIAN_POINT('',(46.425509852278,6.,82.275492613881));
#10650 = CARTESIAN_POINT('',(46.425509852239,6.165544749605,
    82.275492613893));
#10651 = CARTESIAN_POINT('',(46.417488902538,6.331151714942,
    82.281694377996));
#10652 = CARTESIAN_POINT('',(46.401437041222,6.495415443462,
    82.294105696044));
#10653 = CARTESIAN_POINT('',(46.377648118172,6.657176700476,
    82.312491910091));
#10654 = CARTESIAN_POINT('',(46.346608012993,6.815491659374,
    82.33646319124));
#10655 = CARTESIAN_POINT('',(46.3089158273,6.969607532825,
    82.365537191836));
#10656 = CARTESIAN_POINT('',(46.237362078623,7.214254380395,
    82.420646673731));
#10657 = CARTESIAN_POINT('',(46.207036848082,7.307655061364,
    82.443984684232));
#10658 = CARTESIAN_POINT('',(46.174421253559,7.39903198977,
    82.469062537469));
#10659 = CARTESIAN_POINT('',(46.13967432989,7.488306586213,
    82.495751101157));
#10660 = CARTESIAN_POINT('',(46.102950262047,7.575431408847,
    82.523924559505));
#10661 = CARTESIAN_POINT('',(46.064393394245,7.660385172222,
    82.553464294959));
#10662 = CARTESIAN_POINT('',(45.972239728066,7.849870768823,
    82.623960605021));
#10663 = CARTESIAN_POINT('',(45.917521671784,7.952956131963,
    82.665745679233));
#10664 = CARTESIAN_POINT('',(45.860254068703,8.052435043795,
    82.709389301829));
#10665 = CARTESIAN_POINT('',(45.800685840333,8.148347515635,
    82.754682032892));
#10666 = CARTESIAN_POINT('',(45.739036769725,8.240757382098,
    82.801435472605));
#10667 = CARTESIAN_POINT('',(45.675494439975,8.329747301319,
    82.849484050501));
#10668 = CARTESIAN_POINT('',(45.447069579113,8.629492529038,
    83.021643549384));
#10669 = CARTESIAN_POINT('',(45.273250025753,8.82256460011,
    83.151662702287));
#10670 = CARTESIAN_POINT('',(45.090956246841,8.996499811996,
    83.286668953467));
#10671 = CARTESIAN_POINT('',(44.901740127858,9.152531195817,
    83.425018447746));
#10672 = CARTESIAN_POINT('',(44.706647186733,9.291807447871,
    83.565189970711));
#10673 = CARTESIAN_POINT('',(44.50623099602,9.415309871351,
    83.705883743231));
#10674 = CARTESIAN_POINT('',(44.157924161835,9.598528088098,
    83.941444055454));
#10675 = CARTESIAN_POINT('',(44.013315961021,9.666002227161,
    84.036794110493));
#10676 = CARTESIAN_POINT('',(43.865972106333,9.726535060062,
    84.130871012798));
#10677 = CARTESIAN_POINT('',(43.715670829058,9.780234003528,
    84.222907216086));
#10678 = CARTESIAN_POINT('',(43.562147279373,9.827036980862,
    84.311636029463));
#10679 = CARTESIAN_POINT('',(43.405080459945,9.86681762424,
    84.395245067517));
#10680 = CARTESIAN_POINT('',(43.202063659172,9.907440450539,
    84.489332192226));
#10681 = CARTESIAN_POINT('',(43.160426688131,9.915225350678,
    84.507920758084));
#10682 = CARTESIAN_POINT('',(43.118493013063,9.92251342215,
    84.525872205083));
#10683 = CARTESIAN_POINT('',(43.076255536173,9.929294935857,
    84.543114131485));
#10684 = CARTESIAN_POINT('',(43.033711406186,9.935558408944,
    84.559563774469));
#10685 = CARTESIAN_POINT('',(42.990862184514,9.941291105332,
    84.575128487295));
#10686 = CARTESIAN_POINT('',(42.924978509542,9.949213408217,
    84.597387468408));
#10687 = CARTESIAN_POINT('',(42.902160624994,9.951796129478,
    84.604794626018));
#10688 = CARTESIAN_POINT('',(42.879261623488,9.954225621698,
    84.611912456328));
#10689 = CARTESIAN_POINT('',(42.856283689792,9.956499797522,
    84.618725226133));
#10690 = CARTESIAN_POINT('',(42.833229927733,9.958616560576,
    84.625216701989));
#10691 = CARTESIAN_POINT('',(42.810104360186,9.960573805464,
    84.631370150208));
#10692 = CARTESIAN_POINT('',(42.786911929081,9.962369417773,
    84.637168336864));
#10693 = ORIENTED_EDGE('',*,*,#10694,.T.);
#10694 = EDGE_CURVE('',#10646,#10552,#10695,.T.);
#10695 = CIRCLE('',#10696,4.307341141267);
#10696 = AXIS2_PLACEMENT_3D('',#10697,#10698,#10699);
#10697 = CARTESIAN_POINT('',(43.774676052549,6.,86.268352853168));
#10698 = DIRECTION('',(0.978549784987,0.,0.20601048105));
#10699 = DIRECTION('',(-0.20601048105,0.,0.978549784987));
#10700 = CONICAL_SURFACE('',#10701,5.,8.221842814688E-02);
#10701 = AXIS2_PLACEMENT_3D('',#10702,#10703,#10704);
#10702 = CARTESIAN_POINT('',(52.,6.,88.));
#10703 = DIRECTION('',(0.978549784987,-0.,0.20601048105));
#10704 = DIRECTION('',(0.20601048105,0.,-0.978549784987));
#10705 = ADVANCED_FACE('',(#10706),#10729,.T.);
#10706 = FACE_BOUND('',#10707,.T.);
#10707 = EDGE_LOOP('',(#10708,#10709,#10710,#10711));
#10708 = ORIENTED_EDGE('',*,*,#10365,.T.);
#10709 = ORIENTED_EDGE('',*,*,#9754,.T.);
#10710 = ORIENTED_EDGE('',*,*,#10628,.T.);
#10711 = ORIENTED_EDGE('',*,*,#10712,.T.);
#10712 = EDGE_CURVE('',#10620,#10366,#10713,.T.);
#10713 = B_SPLINE_CURVE_WITH_KNOTS('',14,(#10714,#10715,#10716,#10717,
    #10718,#10719,#10720,#10721,#10722,#10723,#10724,#10725,#10726,
    #10727,#10728),.UNSPECIFIED.,.T.,.F.,(15,15),(0.,1.),
  .PIECEWISE_BEZIER_KNOTS.);
#10714 = CARTESIAN_POINT('',(59.,6.,88.));
#10715 = CARTESIAN_POINT('',(58.999999999998,9.141592653592,
    87.999999999994));
#10716 = CARTESIAN_POINT('',(57.481599471617,12.283186466814,
    88.000000000035));
#10717 = CARTESIAN_POINT('',(54.444796473625,14.629735426007,
    87.999999999868));
#10718 = CARTESIAN_POINT('',(50.343725696992,15.386283170798,
    88.000000000349));
#10719 = CARTESIAN_POINT('',(46.086570376848,14.042838027038,
    87.999999999305));
#10720 = CARTESIAN_POINT('',(42.836708088904,10.661196716902,
    88.000000001076));
#10721 = CARTESIAN_POINT('',(41.613199785026,6.000000000031,
    87.999999998684));
#10722 = CARTESIAN_POINT('',(42.836708089014,1.338803283038,
    88.000000001287));
#10723 = CARTESIAN_POINT('',(46.086570376684,-2.042838026985,
    87.999999998988));
#10724 = CARTESIAN_POINT('',(50.343725697139,-3.386283170837,
    88.000000000636));
#10725 = CARTESIAN_POINT('',(54.444796473534,-2.629735425985,
    87.999999999688));
#10726 = CARTESIAN_POINT('',(57.481599471655,-0.283186466823,
    88.000000000112));
#10727 = CARTESIAN_POINT('',(58.999999999989,2.85840734641,
    87.999999999976));
#10728 = CARTESIAN_POINT('',(59.,6.,88.));
#10729 = SPHERICAL_SURFACE('',#10730,7.);
#10730 = AXIS2_PLACEMENT_3D('',#10731,#10732,#10733);
#10731 = CARTESIAN_POINT('',(52.,6.,88.));
#10732 = DIRECTION('',(0.,0.,1.));
#10733 = DIRECTION('',(1.,0.,-0.));
#10734 = ADVANCED_FACE('',(#10735),#10765,.T.);
#10735 = FACE_BOUND('',#10736,.T.);
#10736 = EDGE_LOOP('',(#10737,#10746,#10747,#10748,#10757,#10764));
#10737 = ORIENTED_EDGE('',*,*,#10738,.T.);
#10738 = EDGE_CURVE('',#10150,#10739,#10741,.T.);
#10739 = VERTEX_POINT('',#10740);
#10740 = CARTESIAN_POINT('',(36.,6.,137.));
#10741 = CIRCLE('',#10742,4.);
#10742 = AXIS2_PLACEMENT_3D('',#10743,#10744,#10745);
#10743 = CARTESIAN_POINT('',(36.,6.,133.));
#10744 = DIRECTION('',(-2.449293598295E-16,-1.,0.));
#10745 = DIRECTION('',(1.,-2.449293598295E-16,0.));
#10746 = ORIENTED_EDGE('',*,*,#10738,.F.);
#10747 = ORIENTED_EDGE('',*,*,#10259,.F.);
#10748 = ORIENTED_EDGE('',*,*,#10749,.T.);
#10749 = EDGE_CURVE('',#10218,#10750,#10752,.T.);
#10750 = VERTEX_POINT('',#10751);
#10751 = CARTESIAN_POINT('',(32.81893080139,6.,130.57496417477));
#10752 = CIRCLE('',#10753,3.135623515507);
#10753 = AXIS2_PLACEMENT_3D('',#10754,#10755,#10756);
#10754 = CARTESIAN_POINT('',(35.954016796791,6.,130.5169070267));
#10755 = DIRECTION('',(1.851534400602E-02,0.,0.999828576325));
#10756 = DIRECTION('',(-0.999828576325,0.,1.851534400602E-02));
#10757 = ORIENTED_EDGE('',*,*,#10758,.T.);
#10758 = EDGE_CURVE('',#10750,#10152,#10759,.T.);
#10759 = CIRCLE('',#10760,3.135623515507);
#10760 = AXIS2_PLACEMENT_3D('',#10761,#10762,#10763);
#10761 = CARTESIAN_POINT('',(35.954016796791,6.,130.5169070267));
#10762 = DIRECTION('',(1.851534400602E-02,0.,0.999828576325));
#10763 = DIRECTION('',(-0.999828576325,0.,1.851534400602E-02));
#10764 = ORIENTED_EDGE('',*,*,#10149,.F.);
#10765 = SPHERICAL_SURFACE('',#10766,4.);
#10766 = AXIS2_PLACEMENT_3D('',#10767,#10768,#10769);
#10767 = CARTESIAN_POINT('',(36.,6.,133.));
#10768 = DIRECTION('',(0.,0.,1.));
#10769 = DIRECTION('',(1.,0.,-0.));
#10770 = ADVANCED_FACE('',(#10771),#10802,.T.);
#10771 = FACE_BOUND('',#10772,.T.);
#10772 = EDGE_LOOP('',(#10773,#10784,#10790,#10791,#10792,#10793,#10794,
    #10795));
#10773 = ORIENTED_EDGE('',*,*,#10774,.T.);
#10774 = EDGE_CURVE('',#10775,#10777,#10779,.T.);
#10775 = VERTEX_POINT('',#10776);
#10776 = CARTESIAN_POINT('',(38.070408201434,6.,107.54693299079));
#10777 = VERTEX_POINT('',#10778);
#10778 = CARTESIAN_POINT('',(32.988628335902,6.,107.64104002533));
#10779 = CIRCLE('',#10780,2.541325576135);
#10780 = AXIS2_PLACEMENT_3D('',#10781,#10782,#10783);
#10781 = CARTESIAN_POINT('',(35.529518268668,6.,107.59398650806));
#10782 = DIRECTION('',(1.851534400602E-02,0.,0.999828576325));
#10783 = DIRECTION('',(-0.999828576325,0.,1.851534400602E-02));
#10784 = ORIENTED_EDGE('',*,*,#10785,.F.);
#10785 = EDGE_CURVE('',#10750,#10777,#10786,.T.);
#10786 = LINE('',#10787,#10788);
#10787 = CARTESIAN_POINT('',(32.80054855576,6.,133.05924910081));
#10788 = VECTOR('',#10789,1.);
#10789 = DIRECTION('',(7.399208614211E-03,6.346799973144E-18,
    -0.999972625481));
#10790 = ORIENTED_EDGE('',*,*,#10749,.F.);
#10791 = ORIENTED_EDGE('',*,*,#10217,.T.);
#10792 = ORIENTED_EDGE('',*,*,#10160,.T.);
#10793 = ORIENTED_EDGE('',*,*,#10758,.F.);
#10794 = ORIENTED_EDGE('',*,*,#10785,.T.);
#10795 = ORIENTED_EDGE('',*,*,#10796,.T.);
#10796 = EDGE_CURVE('',#10777,#10775,#10797,.T.);
#10797 = CIRCLE('',#10798,2.541325576135);
#10798 = AXIS2_PLACEMENT_3D('',#10799,#10800,#10801);
#10799 = CARTESIAN_POINT('',(35.529518268668,6.,107.59398650806));
#10800 = DIRECTION('',(1.851534400602E-02,0.,0.999828576325));
#10801 = DIRECTION('',(-0.999828576325,0.,1.851534400602E-02));
#10802 = CONICAL_SURFACE('',#10803,3.2,2.591567819955E-02);
#10803 = AXIS2_PLACEMENT_3D('',#10804,#10805,#10806);
#10804 = CARTESIAN_POINT('',(36.,6.,133.));
#10805 = DIRECTION('',(1.851534400602E-02,-0.,0.999828576325));
#10806 = DIRECTION('',(-0.999828576325,0.,1.851534400602E-02));
#10807 = ADVANCED_FACE('',(#10808),#10838,.T.);
#10808 = FACE_BOUND('',#10809,.T.);
#10809 = EDGE_LOOP('',(#10810,#10811,#10820,#10829,#10836,#10837));
#10810 = ORIENTED_EDGE('',*,*,#10310,.F.);
#10811 = ORIENTED_EDGE('',*,*,#10812,.F.);
#10812 = EDGE_CURVE('',#10813,#10311,#10815,.T.);
#10813 = VERTEX_POINT('',#10814);
#10814 = CARTESIAN_POINT('',(70.964357697057,6.,104.28916945872));
#10815 = CIRCLE('',#10816,3.);
#10816 = AXIS2_PLACEMENT_3D('',#10817,#10818,#10819);
#10817 = CARTESIAN_POINT('',(68.5,6.,106.));
#10818 = DIRECTION('',(-2.449293598295E-16,-1.,0.));
#10819 = DIRECTION('',(1.,-2.449293598295E-16,0.));
#10820 = ORIENTED_EDGE('',*,*,#10821,.T.);
#10821 = EDGE_CURVE('',#10813,#10822,#10824,.T.);
#10822 = VERTEX_POINT('',#10823);
#10823 = CARTESIAN_POINT('',(66.035642302943,6.,104.28916945872));
#10824 = CIRCLE('',#10825,2.464357697057);
#10825 = AXIS2_PLACEMENT_3D('',#10826,#10827,#10828);
#10826 = CARTESIAN_POINT('',(68.5,6.,104.28916945872));
#10827 = DIRECTION('',(0.,0.,1.));
#10828 = DIRECTION('',(0.,-1.,0.));
#10829 = ORIENTED_EDGE('',*,*,#10830,.T.);
#10830 = EDGE_CURVE('',#10822,#10813,#10831,.T.);
#10831 = CIRCLE('',#10832,2.464357697057);
#10832 = AXIS2_PLACEMENT_3D('',#10833,#10834,#10835);
#10833 = CARTESIAN_POINT('',(68.5,6.,104.28916945872));
#10834 = DIRECTION('',(0.,0.,1.));
#10835 = DIRECTION('',(0.,-1.,0.));
#10836 = ORIENTED_EDGE('',*,*,#10812,.T.);
#10837 = ORIENTED_EDGE('',*,*,#10332,.F.);
#10838 = SPHERICAL_SURFACE('',#10839,3.);
#10839 = AXIS2_PLACEMENT_3D('',#10840,#10841,#10842);
#10840 = CARTESIAN_POINT('',(68.5,6.,106.));
#10841 = DIRECTION('',(0.,0.,1.));
#10842 = DIRECTION('',(1.,0.,-0.));
#10843 = ADVANCED_FACE('',(#10844),#10874,.T.);
#10844 = FACE_BOUND('',#10845,.T.);
#10845 = EDGE_LOOP('',(#10846,#10857,#10858,#10865,#10866,#10867));
#10846 = ORIENTED_EDGE('',*,*,#10847,.T.);
#10847 = EDGE_CURVE('',#10848,#10850,#10852,.T.);
#10848 = VERTEX_POINT('',#10849);
#10849 = CARTESIAN_POINT('',(65.45714681295,6.,83.857340647523));
#10850 = VERTEX_POINT('',#10851);
#10851 = CARTESIAN_POINT('',(61.5,6.,90.5));
#10852 = CIRCLE('',#10853,4.5);
#10853 = AXIS2_PLACEMENT_3D('',#10854,#10855,#10856);
#10854 = CARTESIAN_POINT('',(61.5,6.,86.));
#10855 = DIRECTION('',(-2.449293598295E-16,-1.,0.));
#10856 = DIRECTION('',(1.,-2.449293598295E-16,0.));
#10857 = ORIENTED_EDGE('',*,*,#10847,.F.);
#10858 = ORIENTED_EDGE('',*,*,#10859,.T.);
#10859 = EDGE_CURVE('',#10848,#10402,#10860,.T.);
#10860 = CIRCLE('',#10861,3.95714681295);
#10861 = AXIS2_PLACEMENT_3D('',#10862,#10863,#10864);
#10862 = CARTESIAN_POINT('',(61.5,6.,83.857340647523));
#10863 = DIRECTION('',(0.,0.,1.));
#10864 = DIRECTION('',(0.,-1.,0.));
#10865 = ORIENTED_EDGE('',*,*,#10401,.F.);
#10866 = ORIENTED_EDGE('',*,*,#10347,.F.);
#10867 = ORIENTED_EDGE('',*,*,#10868,.T.);
#10868 = EDGE_CURVE('',#10348,#10848,#10869,.T.);
#10869 = CIRCLE('',#10870,3.95714681295);
#10870 = AXIS2_PLACEMENT_3D('',#10871,#10872,#10873);
#10871 = CARTESIAN_POINT('',(61.5,6.,83.857340647523));
#10872 = DIRECTION('',(0.,0.,1.));
#10873 = DIRECTION('',(0.,-1.,0.));
#10874 = SPHERICAL_SURFACE('',#10875,4.5);
#10875 = AXIS2_PLACEMENT_3D('',#10876,#10877,#10878);
#10876 = CARTESIAN_POINT('',(61.5,6.,86.));
#10877 = DIRECTION('',(0.,0.,1.));
#10878 = DIRECTION('',(1.,0.,-0.));
#10879 = ADVANCED_FACE('',(#10880),#10911,.T.);
#10880 = FACE_BOUND('',#10881,.T.);
#10881 = EDGE_LOOP('',(#10882,#10893,#10899,#10900,#10901,#10902,#10903,
    #10904));
#10882 = ORIENTED_EDGE('',*,*,#10883,.T.);
#10883 = EDGE_CURVE('',#10884,#10886,#10888,.T.);
#10884 = VERTEX_POINT('',#10885);
#10885 = CARTESIAN_POINT('',(64.739720089339,6.,47.986004466947));
#10886 = VERTEX_POINT('',#10887);
#10887 = CARTESIAN_POINT('',(58.260279910661,6.,47.986004466947));
#10888 = CIRCLE('',#10889,3.239720089339);
#10889 = AXIS2_PLACEMENT_3D('',#10890,#10891,#10892);
#10890 = CARTESIAN_POINT('',(61.5,6.,47.986004466947));
#10891 = DIRECTION('',(0.,0.,1.));
#10892 = DIRECTION('',(0.,-1.,0.));
#10893 = ORIENTED_EDGE('',*,*,#10894,.F.);
#10894 = EDGE_CURVE('',#10411,#10886,#10895,.T.);
#10895 = LINE('',#10896,#10897);
#10896 = CARTESIAN_POINT('',(57.5,6.,86.));
#10897 = VECTOR('',#10898,1.);
#10898 = DIRECTION('',(1.99960011996E-02,4.897607772967E-18,
    -0.99980005998));
#10899 = ORIENTED_EDGE('',*,*,#10410,.F.);
#10900 = ORIENTED_EDGE('',*,*,#10859,.F.);
#10901 = ORIENTED_EDGE('',*,*,#10868,.F.);
#10902 = ORIENTED_EDGE('',*,*,#10459,.F.);
#10903 = ORIENTED_EDGE('',*,*,#10894,.T.);
#10904 = ORIENTED_EDGE('',*,*,#10905,.T.);
#10905 = EDGE_CURVE('',#10886,#10884,#10906,.T.);
#10906 = CIRCLE('',#10907,3.239720089339);
#10907 = AXIS2_PLACEMENT_3D('',#10908,#10909,#10910);
#10908 = CARTESIAN_POINT('',(61.5,6.,47.986004466947));
#10909 = DIRECTION('',(0.,0.,1.));
#10910 = DIRECTION('',(0.,-1.,0.));
#10911 = CONICAL_SURFACE('',#10912,4.,1.999733397315E-02);
#10912 = AXIS2_PLACEMENT_3D('',#10913,#10914,#10915);
#10913 = CARTESIAN_POINT('',(61.5,6.,86.));
#10914 = DIRECTION('',(-0.,-0.,1.));
#10915 = DIRECTION('',(-1.,0.,-0.));
#10916 = ADVANCED_FACE('',(#10917),#10935,.T.);
#10917 = FACE_BOUND('',#10918,.T.);
#10918 = EDGE_LOOP('',(#10919,#10920,#10921,#10930,#10931,#10932,#10933,
    #10934));
#10919 = ORIENTED_EDGE('',*,*,#10516,.F.);
#10920 = ORIENTED_EDGE('',*,*,#10383,.T.);
#10921 = ORIENTED_EDGE('',*,*,#10922,.F.);
#10922 = EDGE_CURVE('',#10923,#10375,#10925,.T.);
#10923 = VERTEX_POINT('',#10924);
#10924 = CARTESIAN_POINT('',(52.,6.,81.));
#10925 = CIRCLE('',#10926,7.);
#10926 = AXIS2_PLACEMENT_3D('',#10927,#10928,#10929);
#10927 = CARTESIAN_POINT('',(52.,6.,88.));
#10928 = DIRECTION('',(-2.449293598295E-16,-1.,0.));
#10929 = DIRECTION('',(1.,-2.449293598295E-16,0.));
#10930 = ORIENTED_EDGE('',*,*,#10922,.T.);
#10931 = ORIENTED_EDGE('',*,*,#10374,.T.);
#10932 = ORIENTED_EDGE('',*,*,#10712,.F.);
#10933 = ORIENTED_EDGE('',*,*,#10619,.T.);
#10934 = ORIENTED_EDGE('',*,*,#10637,.T.);
#10935 = SPHERICAL_SURFACE('',#10936,7.);
#10936 = AXIS2_PLACEMENT_3D('',#10937,#10938,#10939);
#10937 = CARTESIAN_POINT('',(52.,6.,88.));
#10938 = DIRECTION('',(0.,0.,1.));
#10939 = DIRECTION('',(1.,0.,-0.));
#10940 = ADVANCED_FACE('',(#10941),#10971,.T.);
#10941 = FACE_BOUND('',#10942,.T.);
#10942 = EDGE_LOOP('',(#10943,#10952,#10953,#10954,#10963,#10970));
#10943 = ORIENTED_EDGE('',*,*,#10944,.T.);
#10944 = EDGE_CURVE('',#10552,#10945,#10947,.T.);
#10945 = VERTEX_POINT('',#10946);
#10946 = CARTESIAN_POINT('',(42.5,6.,90.5));
#10947 = CIRCLE('',#10948,4.5);
#10948 = AXIS2_PLACEMENT_3D('',#10949,#10950,#10951);
#10949 = CARTESIAN_POINT('',(42.5,6.,86.));
#10950 = DIRECTION('',(-2.449293598295E-16,-1.,0.));
#10951 = DIRECTION('',(1.,-2.449293598295E-16,0.));
#10952 = ORIENTED_EDGE('',*,*,#10944,.F.);
#10953 = ORIENTED_EDGE('',*,*,#10694,.F.);
#10954 = ORIENTED_EDGE('',*,*,#10955,.T.);
#10955 = EDGE_CURVE('',#10646,#10956,#10958,.T.);
#10956 = VERTEX_POINT('',#10957);
#10957 = CARTESIAN_POINT('',(38.54285318705,6.,83.857340647523));
#10958 = CIRCLE('',#10959,3.95714681295);
#10959 = AXIS2_PLACEMENT_3D('',#10960,#10961,#10962);
#10960 = CARTESIAN_POINT('',(42.5,6.,83.857340647523));
#10961 = DIRECTION('',(0.,0.,1.));
#10962 = DIRECTION('',(0.,-1.,0.));
#10963 = ORIENTED_EDGE('',*,*,#10964,.T.);
#10964 = EDGE_CURVE('',#10956,#10554,#10965,.T.);
#10965 = CIRCLE('',#10966,3.95714681295);
#10966 = AXIS2_PLACEMENT_3D('',#10967,#10968,#10969);
#10967 = CARTESIAN_POINT('',(42.5,6.,83.857340647523));
#10968 = DIRECTION('',(0.,0.,1.));
#10969 = DIRECTION('',(0.,-1.,0.));
#10970 = ORIENTED_EDGE('',*,*,#10551,.F.);
#10971 = SPHERICAL_SURFACE('',#10972,4.5);
#10972 = AXIS2_PLACEMENT_3D('',#10973,#10974,#10975);
#10973 = CARTESIAN_POINT('',(42.5,6.,86.));
#10974 = DIRECTION('',(0.,0.,1.));
#10975 = DIRECTION('',(1.,0.,-0.));
#10976 = ADVANCED_FACE('',(#10977),#11008,.T.);
#10977 = FACE_BOUND('',#10978,.T.);
#10978 = EDGE_LOOP('',(#10979,#10990,#10996,#10997,#10998,#10999,#11000,
    #11001));
#10979 = ORIENTED_EDGE('',*,*,#10980,.T.);
#10980 = EDGE_CURVE('',#10981,#10983,#10985,.T.);
#10981 = VERTEX_POINT('',#10982);
#10982 = CARTESIAN_POINT('',(45.739720089339,6.,47.986004466947));
#10983 = VERTEX_POINT('',#10984);
#10984 = CARTESIAN_POINT('',(39.260279910661,6.,47.986004466947));
#10985 = CIRCLE('',#10986,3.239720089339);
#10986 = AXIS2_PLACEMENT_3D('',#10987,#10988,#10989);
#10987 = CARTESIAN_POINT('',(42.5,6.,47.986004466947));
#10988 = DIRECTION('',(0.,0.,1.));
#10989 = DIRECTION('',(0.,-1.,0.));
#10990 = ORIENTED_EDGE('',*,*,#10991,.F.);
#10991 = EDGE_CURVE('',#10956,#10983,#10992,.T.);
#10992 = LINE('',#10993,#10994);
#10993 = CARTESIAN_POINT('',(38.5,6.,86.));
#10994 = VECTOR('',#10995,1.);
#10995 = DIRECTION('',(1.99960011996E-02,4.897607772967E-18,
    -0.99980005998));
#10996 = ORIENTED_EDGE('',*,*,#10955,.F.);
#10997 = ORIENTED_EDGE('',*,*,#10645,.F.);
#10998 = ORIENTED_EDGE('',*,*,#10562,.F.);
#10999 = ORIENTED_EDGE('',*,*,#10964,.F.);
#11000 = ORIENTED_EDGE('',*,*,#10991,.T.);
#11001 = ORIENTED_EDGE('',*,*,#11002,.T.);
#11002 = EDGE_CURVE('',#10983,#10981,#11003,.T.);
#11003 = CIRCLE('',#11004,3.239720089339);
#11004 = AXIS2_PLACEMENT_3D('',#11005,#11006,#11007);
#11005 = CARTESIAN_POINT('',(42.5,6.,47.986004466947));
#11006 = DIRECTION('',(0.,0.,1.));
#11007 = DIRECTION('',(0.,-1.,0.));
#11008 = CONICAL_SURFACE('',#11009,4.,1.999733397315E-02);
#11009 = AXIS2_PLACEMENT_3D('',#11010,#11011,#11012);
#11010 = CARTESIAN_POINT('',(42.5,6.,86.));
#11011 = DIRECTION('',(-0.,-0.,1.));
#11012 = DIRECTION('',(-1.,0.,-0.));
#11013 = ADVANCED_FACE('',(#11014),#11044,.T.);
#11014 = FACE_BOUND('',#11015,.T.);
#11015 = EDGE_LOOP('',(#11016,#11017,#11026,#11035,#11042,#11043));
#11016 = ORIENTED_EDGE('',*,*,#10774,.F.);
#11017 = ORIENTED_EDGE('',*,*,#11018,.F.);
#11018 = EDGE_CURVE('',#11019,#10775,#11021,.T.);
#11019 = VERTEX_POINT('',#11020);
#11020 = CARTESIAN_POINT('',(37.964357697057,6.,104.28916945872));
#11021 = CIRCLE('',#11022,3.);
#11022 = AXIS2_PLACEMENT_3D('',#11023,#11024,#11025);
#11023 = CARTESIAN_POINT('',(35.5,6.,106.));
#11024 = DIRECTION('',(-2.449293598295E-16,-1.,0.));
#11025 = DIRECTION('',(1.,-2.449293598295E-16,0.));
#11026 = ORIENTED_EDGE('',*,*,#11027,.T.);
#11027 = EDGE_CURVE('',#11019,#11028,#11030,.T.);
#11028 = VERTEX_POINT('',#11029);
#11029 = CARTESIAN_POINT('',(33.035642302943,6.,104.28916945872));
#11030 = CIRCLE('',#11031,2.464357697057);
#11031 = AXIS2_PLACEMENT_3D('',#11032,#11033,#11034);
#11032 = CARTESIAN_POINT('',(35.5,6.,104.28916945872));
#11033 = DIRECTION('',(0.,0.,1.));
#11034 = DIRECTION('',(0.,-1.,0.));
#11035 = ORIENTED_EDGE('',*,*,#11036,.T.);
#11036 = EDGE_CURVE('',#11028,#11019,#11037,.T.);
#11037 = CIRCLE('',#11038,2.464357697057);
#11038 = AXIS2_PLACEMENT_3D('',#11039,#11040,#11041);
#11039 = CARTESIAN_POINT('',(35.5,6.,104.28916945872));
#11040 = DIRECTION('',(0.,0.,1.));
#11041 = DIRECTION('',(0.,-1.,0.));
#11042 = ORIENTED_EDGE('',*,*,#11018,.T.);
#11043 = ORIENTED_EDGE('',*,*,#10796,.F.);
#11044 = SPHERICAL_SURFACE('',#11045,3.);
#11045 = AXIS2_PLACEMENT_3D('',#11046,#11047,#11048);
#11046 = CARTESIAN_POINT('',(35.5,6.,106.));
#11047 = DIRECTION('',(0.,0.,1.));
#11048 = DIRECTION('',(1.,0.,-0.));
#11049 = ADVANCED_FACE('',(#11050),#11079,.T.);
#11050 = FACE_BOUND('',#11051,.T.);
#11051 = EDGE_LOOP('',(#11052,#11063,#11069,#11070,#11071,#11072));
#11052 = ORIENTED_EDGE('',*,*,#11053,.T.);
#11053 = EDGE_CURVE('',#11054,#11056,#11058,.T.);
#11054 = VERTEX_POINT('',#11055);
#11055 = CARTESIAN_POINT('',(70.530387587724,6.,83.45860421075));
#11056 = VERTEX_POINT('',#11057);
#11057 = CARTESIAN_POINT('',(66.469612412276,6.,83.45860421075));
#11058 = CIRCLE('',#11059,2.030387587724);
#11059 = AXIS2_PLACEMENT_3D('',#11060,#11061,#11062);
#11060 = CARTESIAN_POINT('',(68.5,6.,83.45860421075));
#11061 = DIRECTION('',(0.,0.,1.));
#11062 = DIRECTION('',(0.,-1.,0.));
#11063 = ORIENTED_EDGE('',*,*,#11064,.F.);
#11064 = EDGE_CURVE('',#10822,#11056,#11065,.T.);
#11065 = LINE('',#11066,#11067);
#11066 = CARTESIAN_POINT('',(66.,6.,106.));
#11067 = VECTOR('',#11068,1.);
#11068 = DIRECTION('',(2.082881368184E-02,5.101588001099E-18,
    -0.999783056728));
#11069 = ORIENTED_EDGE('',*,*,#10821,.F.);
#11070 = ORIENTED_EDGE('',*,*,#10830,.F.);
#11071 = ORIENTED_EDGE('',*,*,#11064,.T.);
#11072 = ORIENTED_EDGE('',*,*,#11073,.T.);
#11073 = EDGE_CURVE('',#11056,#11054,#11074,.T.);
#11074 = CIRCLE('',#11075,2.030387587724);
#11075 = AXIS2_PLACEMENT_3D('',#11076,#11077,#11078);
#11076 = CARTESIAN_POINT('',(68.5,6.,83.45860421075));
#11077 = DIRECTION('',(0.,0.,1.));
#11078 = DIRECTION('',(0.,-1.,0.));
#11079 = CONICAL_SURFACE('',#11080,2.5,2.083032003622E-02);
#11080 = AXIS2_PLACEMENT_3D('',#11081,#11082,#11083);
#11081 = CARTESIAN_POINT('',(68.5,6.,106.));
#11082 = DIRECTION('',(-0.,-0.,1.));
#11083 = DIRECTION('',(-1.,0.,-0.));
#11084 = ADVANCED_FACE('',(#11085),#11115,.T.);
#11085 = FACE_BOUND('',#11086,.T.);
#11086 = EDGE_LOOP('',(#11087,#11088,#11097,#11106,#11113,#11114));
#11087 = ORIENTED_EDGE('',*,*,#10883,.F.);
#11088 = ORIENTED_EDGE('',*,*,#11089,.F.);
#11089 = EDGE_CURVE('',#11090,#10884,#11092,.T.);
#11090 = VERTEX_POINT('',#11091);
#11091 = CARTESIAN_POINT('',(64.667708341476,6.,43.901042195911));
#11092 = CIRCLE('',#11093,3.8);
#11093 = AXIS2_PLACEMENT_3D('',#11094,#11095,#11096);
#11094 = CARTESIAN_POINT('',(61.5,6.,46.));
#11095 = DIRECTION('',(-2.449293598295E-16,-1.,0.));
#11096 = DIRECTION('',(1.,-2.449293598295E-16,0.));
#11097 = ORIENTED_EDGE('',*,*,#11098,.T.);
#11098 = EDGE_CURVE('',#11090,#11099,#11101,.T.);
#11099 = VERTEX_POINT('',#11100);
#11100 = CARTESIAN_POINT('',(58.332291658524,6.,43.901042195911));
#11101 = CIRCLE('',#11102,3.167708341476);
#11102 = AXIS2_PLACEMENT_3D('',#11103,#11104,#11105);
#11103 = CARTESIAN_POINT('',(61.5,6.,43.901042195911));
#11104 = DIRECTION('',(0.,0.,1.));
#11105 = DIRECTION('',(0.,-1.,0.));
#11106 = ORIENTED_EDGE('',*,*,#11107,.T.);
#11107 = EDGE_CURVE('',#11099,#11090,#11108,.T.);
#11108 = CIRCLE('',#11109,3.167708341476);
#11109 = AXIS2_PLACEMENT_3D('',#11110,#11111,#11112);
#11110 = CARTESIAN_POINT('',(61.5,6.,43.901042195911));
#11111 = DIRECTION('',(0.,0.,1.));
#11112 = DIRECTION('',(0.,-1.,0.));
#11113 = ORIENTED_EDGE('',*,*,#11089,.T.);
#11114 = ORIENTED_EDGE('',*,*,#10905,.F.);
#11115 = SPHERICAL_SURFACE('',#11116,3.8);
#11116 = AXIS2_PLACEMENT_3D('',#11117,#11118,#11119);
#11117 = CARTESIAN_POINT('',(61.5,6.,46.));
#11118 = DIRECTION('',(0.,0.,1.));
#11119 = DIRECTION('',(1.,0.,-0.));
#11120 = ADVANCED_FACE('',(#11121),#11151,.T.);
#11121 = FACE_BOUND('',#11122,.T.);
#11122 = EDGE_LOOP('',(#11123,#11124,#11133,#11142,#11149,#11150));
#11123 = ORIENTED_EDGE('',*,*,#10980,.F.);
#11124 = ORIENTED_EDGE('',*,*,#11125,.F.);
#11125 = EDGE_CURVE('',#11126,#10981,#11128,.T.);
#11126 = VERTEX_POINT('',#11127);
#11127 = CARTESIAN_POINT('',(45.667708341476,6.,43.901042195911));
#11128 = CIRCLE('',#11129,3.8);
#11129 = AXIS2_PLACEMENT_3D('',#11130,#11131,#11132);
#11130 = CARTESIAN_POINT('',(42.5,6.,46.));
#11131 = DIRECTION('',(-2.449293598295E-16,-1.,0.));
#11132 = DIRECTION('',(1.,-2.449293598295E-16,0.));
#11133 = ORIENTED_EDGE('',*,*,#11134,.T.);
#11134 = EDGE_CURVE('',#11126,#11135,#11137,.T.);
#11135 = VERTEX_POINT('',#11136);
#11136 = CARTESIAN_POINT('',(39.332291658524,6.,43.901042195911));
#11137 = CIRCLE('',#11138,3.167708341476);
#11138 = AXIS2_PLACEMENT_3D('',#11139,#11140,#11141);
#11139 = CARTESIAN_POINT('',(42.5,6.,43.901042195911));
#11140 = DIRECTION('',(0.,0.,1.));
#11141 = DIRECTION('',(0.,-1.,0.));
#11142 = ORIENTED_EDGE('',*,*,#11143,.T.);
#11143 = EDGE_CURVE('',#11135,#11126,#11144,.T.);
#11144 = CIRCLE('',#11145,3.167708341476);
#11145 = AXIS2_PLACEMENT_3D('',#11146,#11147,#11148);
#11146 = CARTESIAN_POINT('',(42.5,6.,43.901042195911));
#11147 = DIRECTION('',(0.,0.,1.));
#11148 = DIRECTION('',(0.,-1.,0.));
#11149 = ORIENTED_EDGE('',*,*,#11125,.T.);
#11150 = ORIENTED_EDGE('',*,*,#11002,.F.);
#11151 = SPHERICAL_SURFACE('',#11152,3.8);
#11152 = AXIS2_PLACEMENT_3D('',#11153,#11154,#11155);
#11153 = CARTESIAN_POINT('',(42.5,6.,46.));
#11154 = DIRECTION('',(0.,0.,1.));
#11155 = DIRECTION('',(1.,0.,-0.));
#11156 = ADVANCED_FACE('',(#11157),#11186,.T.);
#11157 = FACE_BOUND('',#11158,.T.);
#11158 = EDGE_LOOP('',(#11159,#11170,#11176,#11177,#11178,#11179));
#11159 = ORIENTED_EDGE('',*,*,#11160,.T.);
#11160 = EDGE_CURVE('',#11161,#11163,#11165,.T.);
#11161 = VERTEX_POINT('',#11162);
#11162 = CARTESIAN_POINT('',(37.530387587724,6.,83.45860421075));
#11163 = VERTEX_POINT('',#11164);
#11164 = CARTESIAN_POINT('',(33.469612412276,6.,83.45860421075));
#11165 = CIRCLE('',#11166,2.030387587724);
#11166 = AXIS2_PLACEMENT_3D('',#11167,#11168,#11169);
#11167 = CARTESIAN_POINT('',(35.5,6.,83.45860421075));
#11168 = DIRECTION('',(0.,0.,1.));
#11169 = DIRECTION('',(0.,-1.,0.));
#11170 = ORIENTED_EDGE('',*,*,#11171,.F.);
#11171 = EDGE_CURVE('',#11028,#11163,#11172,.T.);
#11172 = LINE('',#11173,#11174);
#11173 = CARTESIAN_POINT('',(33.,6.,106.));
#11174 = VECTOR('',#11175,1.);
#11175 = DIRECTION('',(2.082881368184E-02,5.101588001099E-18,
    -0.999783056728));
#11176 = ORIENTED_EDGE('',*,*,#11027,.F.);
#11177 = ORIENTED_EDGE('',*,*,#11036,.F.);
#11178 = ORIENTED_EDGE('',*,*,#11171,.T.);
#11179 = ORIENTED_EDGE('',*,*,#11180,.T.);
#11180 = EDGE_CURVE('',#11163,#11161,#11181,.T.);
#11181 = CIRCLE('',#11182,2.030387587724);
#11182 = AXIS2_PLACEMENT_3D('',#11183,#11184,#11185);
#11183 = CARTESIAN_POINT('',(35.5,6.,83.45860421075));
#11184 = DIRECTION('',(0.,0.,1.));
#11185 = DIRECTION('',(0.,-1.,0.));
#11186 = CONICAL_SURFACE('',#11187,2.5,2.083032003622E-02);
#11187 = AXIS2_PLACEMENT_3D('',#11188,#11189,#11190);
#11188 = CARTESIAN_POINT('',(35.5,6.,106.));
#11189 = DIRECTION('',(-0.,-0.,1.));
#11190 = DIRECTION('',(-1.,0.,-0.));
#11191 = ADVANCED_FACE('',(#11192),#11222,.T.);
#11192 = FACE_BOUND('',#11193,.T.);
#11193 = EDGE_LOOP('',(#11194,#11195,#11204,#11213,#11220,#11221));
#11194 = ORIENTED_EDGE('',*,*,#11053,.F.);
#11195 = ORIENTED_EDGE('',*,*,#11196,.F.);
#11196 = EDGE_CURVE('',#11197,#11054,#11199,.T.);
#11197 = VERTEX_POINT('',#11198);
#11198 = CARTESIAN_POINT('',(70.447758722593,6.,80.432761677804));
#11199 = CIRCLE('',#11200,2.5);
#11200 = AXIS2_PLACEMENT_3D('',#11201,#11202,#11203);
#11201 = CARTESIAN_POINT('',(68.5,6.,82.));
#11202 = DIRECTION('',(-2.449293598295E-16,-1.,0.));
#11203 = DIRECTION('',(1.,-2.449293598295E-16,0.));
#11204 = ORIENTED_EDGE('',*,*,#11205,.T.);
#11205 = EDGE_CURVE('',#11197,#11206,#11208,.T.);
#11206 = VERTEX_POINT('',#11207);
#11207 = CARTESIAN_POINT('',(66.552241277407,6.,80.432761677804));
#11208 = CIRCLE('',#11209,1.947758722593);
#11209 = AXIS2_PLACEMENT_3D('',#11210,#11211,#11212);
#11210 = CARTESIAN_POINT('',(68.5,6.,80.432761677804));
#11211 = DIRECTION('',(0.,0.,1.));
#11212 = DIRECTION('',(0.,-1.,0.));
#11213 = ORIENTED_EDGE('',*,*,#11214,.T.);
#11214 = EDGE_CURVE('',#11206,#11197,#11215,.T.);
#11215 = CIRCLE('',#11216,1.947758722593);
#11216 = AXIS2_PLACEMENT_3D('',#11217,#11218,#11219);
#11217 = CARTESIAN_POINT('',(68.5,6.,80.432761677804));
#11218 = DIRECTION('',(0.,0.,1.));
#11219 = DIRECTION('',(0.,-1.,0.));
#11220 = ORIENTED_EDGE('',*,*,#11196,.T.);
#11221 = ORIENTED_EDGE('',*,*,#11073,.F.);
#11222 = SPHERICAL_SURFACE('',#11223,2.5);
#11223 = AXIS2_PLACEMENT_3D('',#11224,#11225,#11226);
#11224 = CARTESIAN_POINT('',(68.5,6.,82.));
#11225 = DIRECTION('',(0.,0.,1.));
#11226 = DIRECTION('',(1.,0.,-0.));
#11227 = ADVANCED_FACE('',(#11228),#11362,.T.);
#11228 = FACE_BOUND('',#11229,.T.);
#11229 = EDGE_LOOP('',(#11230,#11241,#11247,#11248,#11249,#11250,#11259,
    #11268,#11317));
#11230 = ORIENTED_EDGE('',*,*,#11231,.T.);
#11231 = EDGE_CURVE('',#11232,#11234,#11236,.T.);
#11232 = VERTEX_POINT('',#11233);
#11233 = CARTESIAN_POINT('',(60.23000375121,8.294378835259,
    8.457029590894));
#11234 = VERTEX_POINT('',#11235);
#11235 = CARTESIAN_POINT('',(58.877584160479,6.,8.457029568893));
#11236 = CIRCLE('',#11237,2.622415839521);
#11237 = AXIS2_PLACEMENT_3D('',#11238,#11239,#11240);
#11238 = CARTESIAN_POINT('',(61.5,6.,8.457029568893));
#11239 = DIRECTION('',(0.,0.,1.));
#11240 = DIRECTION('',(0.,-1.,0.));
#11241 = ORIENTED_EDGE('',*,*,#11242,.F.);
#11242 = EDGE_CURVE('',#11099,#11234,#11243,.T.);
#11243 = LINE('',#11244,#11245);
#11244 = CARTESIAN_POINT('',(58.3,6.,46.));
#11245 = VECTOR('',#11246,1.);
#11246 = DIRECTION('',(1.53827950432E-02,3.76769814232E-18,
    -0.999881677808));
#11247 = ORIENTED_EDGE('',*,*,#11098,.F.);
#11248 = ORIENTED_EDGE('',*,*,#11107,.F.);
#11249 = ORIENTED_EDGE('',*,*,#11242,.T.);
#11250 = ORIENTED_EDGE('',*,*,#11251,.T.);
#11251 = EDGE_CURVE('',#11234,#11252,#11254,.T.);
#11252 = VERTEX_POINT('',#11253);
#11253 = CARTESIAN_POINT('',(64.122415839521,6.,8.457029568893));
#11254 = CIRCLE('',#11255,2.622415839521);
#11255 = AXIS2_PLACEMENT_3D('',#11256,#11257,#11258);
#11256 = CARTESIAN_POINT('',(61.5,6.,8.457029568893));
#11257 = DIRECTION('',(0.,0.,1.));
#11258 = DIRECTION('',(0.,-1.,0.));
#11259 = ORIENTED_EDGE('',*,*,#11260,.T.);
#11260 = EDGE_CURVE('',#11252,#11261,#11263,.T.);
#11261 = VERTEX_POINT('',#11262);
#11262 = CARTESIAN_POINT('',(62.769996294816,8.294378841904,
    8.457029561633));
#11263 = CIRCLE('',#11264,2.622415839521);
#11264 = AXIS2_PLACEMENT_3D('',#11265,#11266,#11267);
#11265 = CARTESIAN_POINT('',(61.5,6.,8.457029568893));
#11266 = DIRECTION('',(0.,0.,1.));
#11267 = DIRECTION('',(0.,-1.,0.));
#11268 = ORIENTED_EDGE('',*,*,#11269,.T.);
#11269 = EDGE_CURVE('',#11261,#11270,#11272,.T.);
#11270 = VERTEX_POINT('',#11271);
#11271 = CARTESIAN_POINT('',(61.5,8.626233309843,8.705165139766));
#11272 = B_SPLINE_CURVE_WITH_KNOTS('',8,(#11273,#11274,#11275,#11276,
    #11277,#11278,#11279,#11280,#11281,#11282,#11283,#11284,#11285,
    #11286,#11287,#11288,#11289,#11290,#11291,#11292,#11293,#11294,
    #11295,#11296,#11297,#11298,#11299,#11300,#11301,#11302,#11303,
    #11304,#11305,#11306,#11307,#11308,#11309,#11310,#11311,#11312,
    #11313,#11314,#11315,#11316),.UNSPECIFIED.,.F.,.F.,(9,7,7,7,7,7,9),(
    0.,7.466733267137E-02,0.124631172046,0.321299123087,0.704936890099,
    0.815053252903,1.),.UNSPECIFIED.);
#11273 = CARTESIAN_POINT('',(63.986475815984,6.759893424454,7.));
#11274 = CARTESIAN_POINT('',(63.983133120519,6.772384764843,
    7.029513899757));
#11275 = CARTESIAN_POINT('',(63.979307296453,6.786184600447,
    7.058624942096));
#11276 = CARTESIAN_POINT('',(63.975000894218,6.801187406918,
    7.087283111493));
#11277 = CARTESIAN_POINT('',(63.970221105712,6.817270436592,
    7.115461777662));
#11278 = CARTESIAN_POINT('',(63.964977950093,6.834307967196,
    7.143151384142));
#11279 = CARTESIAN_POINT('',(63.959282501794,6.852181511805,
    7.170354906008));
#11280 = CARTESIAN_POINT('',(63.953145160772,6.870785990084,
    7.197085076691));
#11281 = CARTESIAN_POINT('',(63.942176832249,6.902910285101,
    7.240947581375));
#11282 = CARTESIAN_POINT('',(63.937585469766,6.916075609818,
    7.258328975477));
#11283 = CARTESIAN_POINT('',(63.932802463311,6.92950091662,
    7.275514023488));
#11284 = CARTESIAN_POINT('',(63.927830144169,6.943161512706,
    7.292509341626));
#11285 = CARTESIAN_POINT('',(63.922670589112,6.957034930792,
    7.30932170506));
#11286 = CARTESIAN_POINT('',(63.917325620407,6.971100929109,
    7.325958047913));
#11287 = CARTESIAN_POINT('',(63.911796805808,6.985341491407,
    7.34242546326));
#11288 = CARTESIAN_POINT('',(63.88360442078,7.056419574073,
    7.422913949898));
#11289 = CARTESIAN_POINT('',(63.858315130102,7.115505122282,
    7.484531885321));
#11290 = CARTESIAN_POINT('',(63.830269420725,7.176095397262,
    7.544112855716));
#11291 = CARTESIAN_POINT('',(63.799493400676,7.237599117878,
    7.601947522714));
#11292 = CARTESIAN_POINT('',(63.765999179829,7.299593284859,
    7.658227260602));
#11293 = CARTESIAN_POINT('',(63.729779370712,7.361766091298,
    7.71309681521));
#11294 = CARTESIAN_POINT('',(63.690793091655,7.423897346673,
    7.766667818613));
#11295 = CARTESIAN_POINT('',(63.567333689776,7.606636861596,
    7.921199572245));
#11296 = CARTESIAN_POINT('',(63.475078599839,7.726349625028,
    8.018512434388));
#11297 = CARTESIAN_POINT('',(63.371751183898,7.843635458881,
    8.111601804847));
#11298 = CARTESIAN_POINT('',(63.256848235372,7.957333066376,
    8.200238429242));
#11299 = CARTESIAN_POINT('',(63.129926102657,8.066043965269,
    8.283910344151));
#11300 = CARTESIAN_POINT('',(62.990642314646,8.168198314427,
    8.361760518517));
#11301 = CARTESIAN_POINT('',(62.838831784903,8.261986731189,
    8.43271682117));
#11302 = CARTESIAN_POINT('',(62.627343487916,8.369285321752,
    8.513462075056));
#11303 = CARTESIAN_POINT('',(62.579171209439,8.392344038842,
    8.530783330198));
#11304 = CARTESIAN_POINT('',(62.530004565191,8.414479991441,
    8.547384421396));
#11305 = CARTESIAN_POINT('',(62.479861279441,8.435638866845,
    8.563229490675));
#11306 = CARTESIAN_POINT('',(62.428765487802,8.455764835705,
    8.578281227452));
#11307 = CARTESIAN_POINT('',(62.376748509661,8.4748014497,8.592501549614
    ));
#11308 = CARTESIAN_POINT('',(62.323849620612,8.492692539208,
    8.605852284589));
#11309 = CARTESIAN_POINT('',(62.17986951259,8.537415883562,
    8.639195532948));
#11310 = CARTESIAN_POINT('',(62.087234019794,8.562073419429,
    8.657544600897));
#11311 = CARTESIAN_POINT('',(61.992480178077,8.583076834058,
    8.673151191133));
#11312 = CARTESIAN_POINT('',(61.895927577198,8.600176799821,
    8.685843198028));
#11313 = CARTESIAN_POINT('',(61.797948043213,8.613163035922,
    8.695474777452));
#11314 = CARTESIAN_POINT('',(61.698968056307,8.62187778978,
    8.701935926614));
#11315 = CARTESIAN_POINT('',(61.599471108322,8.626233309843,
    8.705165139766));
#11316 = CARTESIAN_POINT('',(61.5,8.626233309843,8.705165139766));
#11317 = ORIENTED_EDGE('',*,*,#11318,.T.);
#11318 = EDGE_CURVE('',#11270,#11232,#11319,.T.);
#11319 = B_SPLINE_CURVE_WITH_KNOTS('',6,(#11320,#11321,#11322,#11323,
    #11324,#11325,#11326,#11327,#11328,#11329,#11330,#11331,#11332,
    #11333,#11334,#11335,#11336,#11337,#11338,#11339,#11340,#11341,
    #11342,#11343,#11344,#11345,#11346,#11347,#11348,#11349,#11350,
    #11351,#11352,#11353,#11354,#11355,#11356,#11357,#11358,#11359,
    #11360,#11361),.UNSPECIFIED.,.F.,.F.,(7,5,5,5,5,5,5,5,7),(0.,
    0.185529660622,0.29516776453,0.479315155877,0.677903731297,
    0.844227456267,0.888441084817,0.942085268521,1.),.UNSPECIFIED.);
#11320 = CARTESIAN_POINT('',(61.5,8.626233309843,8.705165139766));
#11321 = CARTESIAN_POINT('',(61.367006983256,8.626233309843,
    8.705165139766));
#11322 = CARTESIAN_POINT('',(61.233965260585,8.618058208123,
    8.699104061793));
#11323 = CARTESIAN_POINT('',(61.102407733222,8.601697482057,
    8.686974191461));
#11324 = CARTESIAN_POINT('',(60.973586915504,8.577572326654,
    8.669070977222));
#11325 = CARTESIAN_POINT('',(60.848496892117,8.546332224344,
    8.645843940478));
#11326 = CARTESIAN_POINT('',(60.656628786211,8.486565200055,
    8.601283549647));
#11327 = CARTESIAN_POINT('',(60.586905018057,8.462148192124,
    8.583056455455));
#11328 = CARTESIAN_POINT('',(60.518857560184,8.435666127218,
    8.563257712484));
#11329 = CARTESIAN_POINT('',(60.452578458278,8.407276185302,
    8.541993740264));
#11330 = CARTESIAN_POINT('',(60.388126897853,8.377132672218,
    8.519367395521));
#11331 = CARTESIAN_POINT('',(60.220409421295,8.292045359843,
    8.455336856275));
#11332 = CARTESIAN_POINT('',(60.120549725455,8.234177712638,
    8.411628062893));
#11333 = CARTESIAN_POINT('',(60.0260787271,8.172445367043,8.364777613259
    ));
#11334 = CARTESIAN_POINT('',(59.936991261887,8.107456114911,
    8.315163182031));
#11335 = CARTESIAN_POINT('',(59.853195005601,8.039740724291,
    8.263081726917));
#11336 = CARTESIAN_POINT('',(59.689737606992,7.894244657213,
    8.150102016826));
#11337 = CARTESIAN_POINT('',(59.610938179358,7.816111659233,
    8.088847630516));
#11338 = CARTESIAN_POINT('',(59.537968952514,7.735891500925,
    8.025201391316));
#11339 = CARTESIAN_POINT('',(59.470665850867,7.654101606253,
    7.959307678698));
#11340 = CARTESIAN_POINT('',(59.408866692427,7.571235167049,
    7.891222009978));
#11341 = CARTESIAN_POINT('',(59.305165654492,7.418057896952,
    7.76176275847));
#11342 = CARTESIAN_POINT('',(59.261687276324,7.347932088192,
    7.701126066543));
#11343 = CARTESIAN_POINT('',(59.221882068215,7.277801243855,
    7.638731566735));
#11344 = CARTESIAN_POINT('',(59.185718695049,7.208116564272,
    7.574380399162));
#11345 = CARTESIAN_POINT('',(59.153194500814,7.139489245819,
    7.507808722948));
#11346 = CARTESIAN_POINT('',(59.116686726738,7.055376865054,
    7.419875582378));
#11347 = CARTESIAN_POINT('',(59.109281175342,7.037869309706,
    7.401206922909));
#11348 = CARTESIAN_POINT('',(59.102138143369,7.020540017367,
    7.382324555353));
#11349 = CARTESIAN_POINT('',(59.095259549947,7.003415469284,
    7.363216297113));
#11350 = CARTESIAN_POINT('',(59.088647931073,6.986526722904,
    7.343869118704));
#11351 = CARTESIAN_POINT('',(59.074612338394,6.949747707992,
    7.300488588053));
#11352 = CARTESIAN_POINT('',(59.067316308386,6.929987028424,
    7.276337201668));
#11353 = CARTESIAN_POINT('',(59.060423250635,6.910689861731,
    7.251788652904));
#11354 = CARTESIAN_POINT('',(59.053941015195,6.891935461334,
    7.226818910994));
#11355 = CARTESIAN_POINT('',(59.047878948332,6.873818025869,
    7.20140750263));
#11356 = CARTESIAN_POINT('',(59.036165534014,6.837688678289,
    7.14761065611));
#11357 = CARTESIAN_POINT('',(59.030585499185,6.819800877381,
    7.119150316628));
#11358 = CARTESIAN_POINT('',(59.025518872286,6.802916435467,
    7.090142736453));
#11359 = CARTESIAN_POINT('',(59.02098015774,6.787198151282,
    7.060589591334));
#11360 = CARTESIAN_POINT('',(59.016980804636,6.772810492476,
    7.030519787035));
#11361 = CARTESIAN_POINT('',(59.013524184016,6.759893424454,7.));
#11362 = CONICAL_SURFACE('',#11363,3.2,1.53834017806E-02);
#11363 = AXIS2_PLACEMENT_3D('',#11364,#11365,#11366);
#11364 = CARTESIAN_POINT('',(61.5,6.,46.));
#11365 = DIRECTION('',(-0.,-0.,1.));
#11366 = DIRECTION('',(-1.,0.,-0.));
#11367 = ADVANCED_FACE('',(#11368),#11502,.T.);
#11368 = FACE_BOUND('',#11369,.T.);
#11369 = EDGE_LOOP('',(#11370,#11381,#11387,#11388,#11389,#11390,#11399,
    #11408,#11457));
#11370 = ORIENTED_EDGE('',*,*,#11371,.T.);
#11371 = EDGE_CURVE('',#11372,#11374,#11376,.T.);
#11372 = VERTEX_POINT('',#11373);
#11373 = CARTESIAN_POINT('',(41.230003751186,8.294378835248,
    8.457029590885));
#11374 = VERTEX_POINT('',#11375);
#11375 = CARTESIAN_POINT('',(39.877584160479,6.,8.457029568893));
#11376 = CIRCLE('',#11377,2.622415839521);
#11377 = AXIS2_PLACEMENT_3D('',#11378,#11379,#11380);
#11378 = CARTESIAN_POINT('',(42.5,6.,8.457029568893));
#11379 = DIRECTION('',(0.,0.,1.));
#11380 = DIRECTION('',(0.,-1.,0.));
#11381 = ORIENTED_EDGE('',*,*,#11382,.F.);
#11382 = EDGE_CURVE('',#11135,#11374,#11383,.T.);
#11383 = LINE('',#11384,#11385);
#11384 = CARTESIAN_POINT('',(39.3,6.,46.));
#11385 = VECTOR('',#11386,1.);
#11386 = DIRECTION('',(1.53827950432E-02,3.76769814232E-18,
    -0.999881677808));
#11387 = ORIENTED_EDGE('',*,*,#11134,.F.);
#11388 = ORIENTED_EDGE('',*,*,#11143,.F.);
#11389 = ORIENTED_EDGE('',*,*,#11382,.T.);
#11390 = ORIENTED_EDGE('',*,*,#11391,.T.);
#11391 = EDGE_CURVE('',#11374,#11392,#11394,.T.);
#11392 = VERTEX_POINT('',#11393);
#11393 = CARTESIAN_POINT('',(45.122415839521,6.,8.457029568893));
#11394 = CIRCLE('',#11395,2.622415839521);
#11395 = AXIS2_PLACEMENT_3D('',#11396,#11397,#11398);
#11396 = CARTESIAN_POINT('',(42.5,6.,8.457029568893));
#11397 = DIRECTION('',(0.,0.,1.));
#11398 = DIRECTION('',(0.,-1.,0.));
#11399 = ORIENTED_EDGE('',*,*,#11400,.T.);
#11400 = EDGE_CURVE('',#11392,#11401,#11403,.T.);
#11401 = VERTEX_POINT('',#11402);
#11402 = CARTESIAN_POINT('',(43.769996294805,8.294378841907,
    8.45702956164));
#11403 = CIRCLE('',#11404,2.622415839521);
#11404 = AXIS2_PLACEMENT_3D('',#11405,#11406,#11407);
#11405 = CARTESIAN_POINT('',(42.5,6.,8.457029568893));
#11406 = DIRECTION('',(0.,0.,1.));
#11407 = DIRECTION('',(0.,-1.,0.));
#11408 = ORIENTED_EDGE('',*,*,#11409,.T.);
#11409 = EDGE_CURVE('',#11401,#11410,#11412,.T.);
#11410 = VERTEX_POINT('',#11411);
#11411 = CARTESIAN_POINT('',(42.5,8.626233309843,8.705165139766));
#11412 = B_SPLINE_CURVE_WITH_KNOTS('',8,(#11413,#11414,#11415,#11416,
    #11417,#11418,#11419,#11420,#11421,#11422,#11423,#11424,#11425,
    #11426,#11427,#11428,#11429,#11430,#11431,#11432,#11433,#11434,
    #11435,#11436,#11437,#11438,#11439,#11440,#11441,#11442,#11443,
    #11444,#11445,#11446,#11447,#11448,#11449,#11450,#11451,#11452,
    #11453,#11454,#11455,#11456),.UNSPECIFIED.,.F.,.F.,(9,7,7,7,7,7,9),(
    0.,7.466733267156E-02,0.124631172046,0.321299123088,0.7049368901,
    0.815053252904,1.),.UNSPECIFIED.);
#11413 = CARTESIAN_POINT('',(44.986475815984,6.759893424454,7.));
#11414 = CARTESIAN_POINT('',(44.983133120519,6.772384764843,
    7.029513899758));
#11415 = CARTESIAN_POINT('',(44.979307296453,6.786184600447,
    7.058624942096));
#11416 = CARTESIAN_POINT('',(44.975000894218,6.801187406918,
    7.087283111493));
#11417 = CARTESIAN_POINT('',(44.970221105712,6.817270436592,
    7.115461777662));
#11418 = CARTESIAN_POINT('',(44.964977950093,6.834307967196,
    7.143151384142));
#11419 = CARTESIAN_POINT('',(44.959282501794,6.852181511806,
    7.170354906008));
#11420 = CARTESIAN_POINT('',(44.953145160771,6.870785990084,
    7.197085076692));
#11421 = CARTESIAN_POINT('',(44.942176832249,6.902910285101,
    7.240947581376));
#11422 = CARTESIAN_POINT('',(44.937585469766,6.916075609818,
    7.258328975477));
#11423 = CARTESIAN_POINT('',(44.932802463311,6.92950091662,
    7.275514023488));
#11424 = CARTESIAN_POINT('',(44.927830144168,6.943161512706,
    7.292509341626));
#11425 = CARTESIAN_POINT('',(44.922670589112,6.957034930792,
    7.30932170506));
#11426 = CARTESIAN_POINT('',(44.917325620407,6.97110092911,
    7.325958047913));
#11427 = CARTESIAN_POINT('',(44.911796805808,6.985341491407,
    7.34242546326));
#11428 = CARTESIAN_POINT('',(44.88360442078,7.056419574073,
    7.422913949898));
#11429 = CARTESIAN_POINT('',(44.858315130102,7.115505122283,
    7.484531885322));
#11430 = CARTESIAN_POINT('',(44.830269420725,7.176095397262,
    7.544112855716));
#11431 = CARTESIAN_POINT('',(44.799493400676,7.237599117878,
    7.601947522714));
#11432 = CARTESIAN_POINT('',(44.765999179829,7.29959328486,
    7.658227260602));
#11433 = CARTESIAN_POINT('',(44.729779370712,7.361766091298,
    7.71309681521));
#11434 = CARTESIAN_POINT('',(44.690793091655,7.423897346673,
    7.766667818613));
#11435 = CARTESIAN_POINT('',(44.567333689776,7.606636861596,
    7.921199572245));
#11436 = CARTESIAN_POINT('',(44.475078599837,7.726349625029,
    8.018512434389));
#11437 = CARTESIAN_POINT('',(44.371751183902,7.843635458878,
    8.111601804846));
#11438 = CARTESIAN_POINT('',(44.256848235367,7.957333066379,
    8.200238429243));
#11439 = CARTESIAN_POINT('',(44.129926102661,8.066043965267,
    8.283910344151));
#11440 = CARTESIAN_POINT('',(43.990642314644,8.168198314428,
    8.361760518517));
#11441 = CARTESIAN_POINT('',(43.838831784903,8.261986731189,
    8.43271682117));
#11442 = CARTESIAN_POINT('',(43.627343487916,8.369285321752,
    8.513462075056));
#11443 = CARTESIAN_POINT('',(43.579171209439,8.392344038842,
    8.530783330198));
#11444 = CARTESIAN_POINT('',(43.530004565191,8.414479991441,
    8.547384421397));
#11445 = CARTESIAN_POINT('',(43.47986127944,8.435638866845,
    8.563229490675));
#11446 = CARTESIAN_POINT('',(43.428765487801,8.455764835705,
    8.578281227453));
#11447 = CARTESIAN_POINT('',(43.376748509661,8.4748014497,8.592501549614
    ));
#11448 = CARTESIAN_POINT('',(43.323849620612,8.492692539208,
    8.605852284589));
#11449 = CARTESIAN_POINT('',(43.179869512589,8.537415883562,
    8.639195532948));
#11450 = CARTESIAN_POINT('',(43.087234019794,8.562073419429,
    8.657544600897));
#11451 = CARTESIAN_POINT('',(42.992480178077,8.583076834058,
    8.673151191133));
#11452 = CARTESIAN_POINT('',(42.895927577198,8.600176799821,
    8.685843198028));
#11453 = CARTESIAN_POINT('',(42.797948043213,8.613163035922,
    8.695474777452));
#11454 = CARTESIAN_POINT('',(42.698968056307,8.62187778978,
    8.701935926614));
#11455 = CARTESIAN_POINT('',(42.599471108322,8.626233309843,
    8.705165139766));
#11456 = CARTESIAN_POINT('',(42.5,8.626233309843,8.705165139766));
#11457 = ORIENTED_EDGE('',*,*,#11458,.T.);
#11458 = EDGE_CURVE('',#11410,#11372,#11459,.T.);
#11459 = B_SPLINE_CURVE_WITH_KNOTS('',6,(#11460,#11461,#11462,#11463,
    #11464,#11465,#11466,#11467,#11468,#11469,#11470,#11471,#11472,
    #11473,#11474,#11475,#11476,#11477,#11478,#11479,#11480,#11481,
    #11482,#11483,#11484,#11485,#11486,#11487,#11488,#11489,#11490,
    #11491,#11492,#11493,#11494,#11495,#11496,#11497,#11498,#11499,
    #11500,#11501),.UNSPECIFIED.,.F.,.F.,(7,5,5,5,5,5,5,5,7),(0.,
    0.185529660622,0.29516776453,0.479315155877,0.677903731297,
    0.844227456267,0.888441084817,0.942085268521,1.),.UNSPECIFIED.);
#11460 = CARTESIAN_POINT('',(42.5,8.626233309843,8.705165139766));
#11461 = CARTESIAN_POINT('',(42.367006983256,8.626233309843,
    8.705165139766));
#11462 = CARTESIAN_POINT('',(42.233965260585,8.618058208123,
    8.699104061793));
#11463 = CARTESIAN_POINT('',(42.102407733222,8.601697482057,
    8.686974191461));
#11464 = CARTESIAN_POINT('',(41.973586915503,8.577572326654,
    8.669070977222));
#11465 = CARTESIAN_POINT('',(41.848496892117,8.546332224344,
    8.645843940478));
#11466 = CARTESIAN_POINT('',(41.656628786211,8.486565200055,
    8.601283549647));
#11467 = CARTESIAN_POINT('',(41.586905018057,8.462148192124,
    8.583056455455));
#11468 = CARTESIAN_POINT('',(41.518857560184,8.435666127218,
    8.563257712484));
#11469 = CARTESIAN_POINT('',(41.452578458278,8.407276185302,
    8.541993740264));
#11470 = CARTESIAN_POINT('',(41.388126897853,8.377132672218,
    8.519367395521));
#11471 = CARTESIAN_POINT('',(41.220409421295,8.292045359843,
    8.455336856275));
#11472 = CARTESIAN_POINT('',(41.120549725455,8.234177712638,
    8.411628062893));
#11473 = CARTESIAN_POINT('',(41.0260787271,8.172445367043,8.364777613259
    ));
#11474 = CARTESIAN_POINT('',(40.936991261887,8.107456114911,
    8.315163182031));
#11475 = CARTESIAN_POINT('',(40.853195005601,8.039740724291,
    8.263081726917));
#11476 = CARTESIAN_POINT('',(40.689737606992,7.894244657213,
    8.150102016826));
#11477 = CARTESIAN_POINT('',(40.610938179358,7.816111659233,
    8.088847630516));
#11478 = CARTESIAN_POINT('',(40.537968952514,7.735891500925,
    8.025201391316));
#11479 = CARTESIAN_POINT('',(40.470665850867,7.654101606253,
    7.959307678698));
#11480 = CARTESIAN_POINT('',(40.408866692427,7.571235167049,
    7.891222009977));
#11481 = CARTESIAN_POINT('',(40.305165654492,7.418057896952,
    7.76176275847));
#11482 = CARTESIAN_POINT('',(40.261687276324,7.347932088192,
    7.701126066543));
#11483 = CARTESIAN_POINT('',(40.221882068215,7.277801243855,
    7.638731566735));
#11484 = CARTESIAN_POINT('',(40.185718695049,7.208116564272,
    7.574380399162));
#11485 = CARTESIAN_POINT('',(40.153194500814,7.139489245819,
    7.507808722948));
#11486 = CARTESIAN_POINT('',(40.116686726738,7.055376865054,
    7.419875582378));
#11487 = CARTESIAN_POINT('',(40.109281175342,7.037869309706,
    7.401206922909));
#11488 = CARTESIAN_POINT('',(40.102138143369,7.020540017366,
    7.382324555353));
#11489 = CARTESIAN_POINT('',(40.095259549947,7.003415469284,
    7.363216297113));
#11490 = CARTESIAN_POINT('',(40.088647931073,6.986526722904,
    7.343869118704));
#11491 = CARTESIAN_POINT('',(40.074612338394,6.949747707992,
    7.300488588053));
#11492 = CARTESIAN_POINT('',(40.067316308386,6.929987028424,
    7.276337201668));
#11493 = CARTESIAN_POINT('',(40.060423250635,6.910689861731,
    7.251788652904));
#11494 = CARTESIAN_POINT('',(40.053941015195,6.891935461334,
    7.226818910994));
#11495 = CARTESIAN_POINT('',(40.047878948332,6.873818025869,
    7.20140750263));
#11496 = CARTESIAN_POINT('',(40.036165534014,6.837688678289,
    7.14761065611));
#11497 = CARTESIAN_POINT('',(40.030585499185,6.819800877381,
    7.119150316628));
#11498 = CARTESIAN_POINT('',(40.025518872286,6.802916435467,
    7.090142736453));
#11499 = CARTESIAN_POINT('',(40.02098015774,6.787198151282,
    7.060589591334));
#11500 = CARTESIAN_POINT('',(40.016980804636,6.772810492476,
    7.030519787035));
#11501 = CARTESIAN_POINT('',(40.013524184016,6.759893424454,7.));
#11502 = CONICAL_SURFACE('',#11503,3.2,1.53834017806E-02);
#11503 = AXIS2_PLACEMENT_3D('',#11504,#11505,#11506);
#11504 = CARTESIAN_POINT('',(42.5,6.,46.));
#11505 = DIRECTION('',(-0.,-0.,1.));
#11506 = DIRECTION('',(-1.,0.,-0.));
#11507 = ADVANCED_FACE('',(#11508),#11538,.T.);
#11508 = FACE_BOUND('',#11509,.T.);
#11509 = EDGE_LOOP('',(#11510,#11511,#11520,#11529,#11536,#11537));
#11510 = ORIENTED_EDGE('',*,*,#11160,.F.);
#11511 = ORIENTED_EDGE('',*,*,#11512,.F.);
#11512 = EDGE_CURVE('',#11513,#11161,#11515,.T.);
#11513 = VERTEX_POINT('',#11514);
#11514 = CARTESIAN_POINT('',(37.447758722593,6.,80.432761677804));
#11515 = CIRCLE('',#11516,2.5);
#11516 = AXIS2_PLACEMENT_3D('',#11517,#11518,#11519);
#11517 = CARTESIAN_POINT('',(35.5,6.,82.));
#11518 = DIRECTION('',(-2.449293598295E-16,-1.,0.));
#11519 = DIRECTION('',(1.,-2.449293598295E-16,0.));
#11520 = ORIENTED_EDGE('',*,*,#11521,.T.);
#11521 = EDGE_CURVE('',#11513,#11522,#11524,.T.);
#11522 = VERTEX_POINT('',#11523);
#11523 = CARTESIAN_POINT('',(33.552241277407,6.,80.432761677804));
#11524 = CIRCLE('',#11525,1.947758722593);
#11525 = AXIS2_PLACEMENT_3D('',#11526,#11527,#11528);
#11526 = CARTESIAN_POINT('',(35.5,6.,80.432761677804));
#11527 = DIRECTION('',(0.,0.,1.));
#11528 = DIRECTION('',(0.,-1.,0.));
#11529 = ORIENTED_EDGE('',*,*,#11530,.T.);
#11530 = EDGE_CURVE('',#11522,#11513,#11531,.T.);
#11531 = CIRCLE('',#11532,1.947758722593);
#11532 = AXIS2_PLACEMENT_3D('',#11533,#11534,#11535);
#11533 = CARTESIAN_POINT('',(35.5,6.,80.432761677804));
#11534 = DIRECTION('',(0.,0.,1.));
#11535 = DIRECTION('',(0.,-1.,0.));
#11536 = ORIENTED_EDGE('',*,*,#11512,.T.);
#11537 = ORIENTED_EDGE('',*,*,#11180,.F.);
#11538 = SPHERICAL_SURFACE('',#11539,2.5);
#11539 = AXIS2_PLACEMENT_3D('',#11540,#11541,#11542);
#11540 = CARTESIAN_POINT('',(35.5,6.,82.));
#11541 = DIRECTION('',(0.,0.,1.));
#11542 = DIRECTION('',(1.,0.,-0.));
#11543 = ADVANCED_FACE('',(#11544),#11573,.T.);
#11544 = FACE_BOUND('',#11545,.T.);
#11545 = EDGE_LOOP('',(#11546,#11557,#11563,#11564,#11565,#11566));
#11546 = ORIENTED_EDGE('',*,*,#11547,.T.);
#11547 = EDGE_CURVE('',#11548,#11550,#11552,.T.);
#11548 = VERTEX_POINT('',#11549);
#11549 = CARTESIAN_POINT('',(70.138241412602,6.,71.147242378068));
#11550 = VERTEX_POINT('',#11551);
#11551 = CARTESIAN_POINT('',(66.861758587398,6.,71.147242378068));
#11552 = CIRCLE('',#11553,1.638241412602);
#11553 = AXIS2_PLACEMENT_3D('',#11554,#11555,#11556);
#11554 = CARTESIAN_POINT('',(68.5,6.,71.147242378068));
#11555 = DIRECTION('',(0.,0.,1.));
#11556 = DIRECTION('',(0.,-1.,0.));
#11557 = ORIENTED_EDGE('',*,*,#11558,.F.);
#11558 = EDGE_CURVE('',#11206,#11550,#11559,.T.);
#11559 = LINE('',#11560,#11561);
#11560 = CARTESIAN_POINT('',(66.5,6.,82.));
#11561 = VECTOR('',#11562,1.);
#11562 = DIRECTION('',(3.331483023264E-02,8.159780041708E-18,
    -0.999444906979));
#11563 = ORIENTED_EDGE('',*,*,#11205,.F.);
#11564 = ORIENTED_EDGE('',*,*,#11214,.F.);
#11565 = ORIENTED_EDGE('',*,*,#11558,.T.);
#11566 = ORIENTED_EDGE('',*,*,#11567,.T.);
#11567 = EDGE_CURVE('',#11550,#11548,#11568,.T.);
#11568 = CIRCLE('',#11569,1.638241412602);
#11569 = AXIS2_PLACEMENT_3D('',#11570,#11571,#11572);
#11570 = CARTESIAN_POINT('',(68.5,6.,71.147242378068));
#11571 = DIRECTION('',(0.,0.,1.));
#11572 = DIRECTION('',(0.,-1.,0.));
#11573 = CONICAL_SURFACE('',#11574,2.,3.332099587825E-02);
#11574 = AXIS2_PLACEMENT_3D('',#11575,#11576,#11577);
#11575 = CARTESIAN_POINT('',(68.5,6.,82.));
#11576 = DIRECTION('',(-0.,-0.,1.));
#11577 = DIRECTION('',(-1.,0.,-0.));
#11578 = ADVANCED_FACE('',(#11579),#11706,.T.);
#11579 = FACE_BOUND('',#11580,.T.);
#11580 = EDGE_LOOP('',(#11581,#11590,#11591,#11592,#11601,#11668,#11677)
  );
#11581 = ORIENTED_EDGE('',*,*,#11582,.T.);
#11582 = EDGE_CURVE('',#11583,#11252,#11585,.T.);
#11583 = VERTEX_POINT('',#11584);
#11584 = CARTESIAN_POINT('',(63.597373357321,6.,4.855));
#11585 = CIRCLE('',#11586,3.);
#11586 = AXIS2_PLACEMENT_3D('',#11587,#11588,#11589);
#11587 = CARTESIAN_POINT('',(61.5,6.,7.));
#11588 = DIRECTION('',(-2.449293598295E-16,-1.,0.));
#11589 = DIRECTION('',(1.,-2.449293598295E-16,0.));
#11590 = ORIENTED_EDGE('',*,*,#11251,.F.);
#11591 = ORIENTED_EDGE('',*,*,#11231,.F.);
#11592 = ORIENTED_EDGE('',*,*,#11593,.F.);
#11593 = EDGE_CURVE('',#11594,#11232,#11596,.T.);
#11594 = VERTEX_POINT('',#11595);
#11595 = CARTESIAN_POINT('',(59.528640192539,7.033059518845,
    4.988401496309));
#11596 = CIRCLE('',#11597,2.5);
#11597 = AXIS2_PLACEMENT_3D('',#11598,#11599,#11600);
#11598 = CARTESIAN_POINT('',(61.5,7.558471083077,6.433283242517));
#11599 = DIRECTION('',(0.,0.939793423488,-0.341743063087));
#11600 = DIRECTION('',(0.,0.341743063087,0.939793423488));
#11601 = ORIENTED_EDGE('',*,*,#11602,.F.);
#11602 = EDGE_CURVE('',#11603,#11594,#11605,.T.);
#11603 = VERTEX_POINT('',#11604);
#11604 = CARTESIAN_POINT('',(60.47541635637,3.549193338483,
    5.605806661517));
#11605 = B_SPLINE_CURVE_WITH_KNOTS('',6,(#11606,#11607,#11608,#11609,
    #11610,#11611,#11612,#11613,#11614,#11615,#11616,#11617,#11618,
    #11619,#11620,#11621,#11622,#11623,#11624,#11625,#11626,#11627,
    #11628,#11629,#11630,#11631,#11632,#11633,#11634,#11635,#11636,
    #11637,#11638,#11639,#11640,#11641,#11642,#11643,#11644,#11645,
    #11646,#11647,#11648,#11649,#11650,#11651,#11652,#11653,#11654,
    #11655,#11656,#11657,#11658,#11659,#11660,#11661,#11662,#11663,
    #11664,#11665,#11666,#11667),.UNSPECIFIED.,.F.,.F.,(7,5,5,5,5,5,5,5,
    5,5,5,5,7),(0.,7.6213141639E-02,0.141774522923,0.200371957755,
    0.253376582739,0.431737844,0.60910636773,0.661597316316,
    0.719941418682,0.785415457479,0.861030818357,0.915813681629,1.),
  .UNSPECIFIED.);
#11606 = CARTESIAN_POINT('',(60.475417291336,3.549192738483,
    5.605807029138));
#11607 = CARTESIAN_POINT('',(60.397611083575,3.599123691157,
    5.575214243791));
#11608 = CARTESIAN_POINT('',(60.324329459719,3.652625208125,
    5.543181303142));
#11609 = CARTESIAN_POINT('',(60.255498410276,3.709204444372,
    5.510212664056));
#11610 = CARTESIAN_POINT('',(60.190967542144,3.768432580067,
    5.476742430665));
#11611 = CARTESIAN_POINT('',(60.130535480257,3.829957732522,
    5.443130443975));
#11612 = CARTESIAN_POINT('',(60.025320070368,3.948194662703,
    5.380864448788));
#11613 = CARTESIAN_POINT('',(59.979537626259,4.004368767341,
    5.352178836799));
#11614 = CARTESIAN_POINT('',(59.936488090273,4.061866181874,
    5.323785468419));
#11615 = CARTESIAN_POINT('',(59.896035790678,4.120536304197,
    5.295840522144));
#11616 = CARTESIAN_POINT('',(59.858049429394,4.180252056128,
    5.268475398994));
#11617 = CARTESIAN_POINT('',(59.790541581264,4.295124859286,
    5.217957499432));
#11618 = CARTESIAN_POINT('',(59.760551058257,4.350089868188,
    5.194667168186));
#11619 = CARTESIAN_POINT('',(59.732341388245,4.405729323751,
    5.172007789518));
#11620 = CARTESIAN_POINT('',(59.705829985329,4.461975616985,
    5.150047625115));
#11621 = CARTESIAN_POINT('',(59.680940305015,4.518769179894,
    5.128845335629));
#11622 = CARTESIAN_POINT('',(59.636489587942,4.627879716594,
    5.090003578211));
#11623 = CARTESIAN_POINT('',(59.616646956365,4.68010583827,
    5.072217573359));
#11624 = CARTESIAN_POINT('',(59.598021021244,4.732698072163,
    5.055130279016));
#11625 = CARTESIAN_POINT('',(59.580563681529,4.785620965324,
    5.038774395733));
#11626 = CARTESIAN_POINT('',(59.564230967148,4.838842327968,
    5.023178232793));
#11627 = CARTESIAN_POINT('',(59.497673559951,5.072330835095,
    4.958521367866));
#11628 = CARTESIAN_POINT('',(59.458649392895,5.255370622304,
    4.917554160341));
#11629 = CARTESIAN_POINT('',(59.430385074559,5.440356951909,
    4.886384953763));
#11630 = CARTESIAN_POINT('',(59.411890918165,5.626466251348,
    4.865474743152));
#11631 = CARTESIAN_POINT('',(59.402626642679,5.813147586862,4.855));
#11632 = CARTESIAN_POINT('',(59.402626642679,6.185812414868,4.855));
#11633 = CARTESIAN_POINT('',(59.411788056429,6.371455243455,
    4.865358454344));
#11634 = CARTESIAN_POINT('',(59.430077080465,6.556534501108,
    4.886036701624));
#11635 = CARTESIAN_POINT('',(59.458021728596,6.7405095455,4.916861906769
    ));
#11636 = CARTESIAN_POINT('',(59.496590597063,6.92257336022,
    4.957384019806));
#11637 = CARTESIAN_POINT('',(59.562274464647,7.154650084813,
    5.021301013299));
#11638 = CARTESIAN_POINT('',(59.578335037203,7.207385184536,
    5.036667471345));
#11639 = CARTESIAN_POINT('',(59.595495016917,7.259830139074,
    5.052781198633));
#11640 = CARTESIAN_POINT('',(59.613796844712,7.311953878782,
    5.069614966757));
#11641 = CARTESIAN_POINT('',(59.633286931395,7.363722226648,
    5.087137356477));
#11642 = CARTESIAN_POINT('',(59.677055799997,7.472202361578,
    5.125514859214));
#11643 = CARTESIAN_POINT('',(59.701625919599,7.528820819257,
    5.146523293954));
#11644 = CARTESIAN_POINT('',(59.727795800897,7.584902769774,
    5.168289003173));
#11645 = CARTESIAN_POINT('',(59.75564050609,7.640389992933,
    5.190754787587));
#11646 = CARTESIAN_POINT('',(59.785241056571,7.695216491463,
    5.213854126854));
#11647 = CARTESIAN_POINT('',(59.851971790747,7.81001067508,
    5.264056735207));
#11648 = CARTESIAN_POINT('',(59.889578250687,7.869784799556,
    5.291302972104));
#11649 = CARTESIAN_POINT('',(59.929629960174,7.928529018531,
    5.319140986902));
#11650 = CARTESIAN_POINT('',(59.972257141946,7.986118465334,
    5.347441726366));
#11651 = CARTESIAN_POINT('',(60.017594682131,8.042405288553,
    5.376051855942));
#11652 = CARTESIAN_POINT('',(60.121433166506,8.16052230134,
    5.437981159317));
#11653 = CARTESIAN_POINT('',(60.180875637537,8.221849613236,
    5.471337201928));
#11654 = CARTESIAN_POINT('',(60.244331124494,8.280948310051,
    5.504587557545));
#11655 = CARTESIAN_POINT('',(60.311998187403,8.337480766515,
    5.537386656993));
#11656 = CARTESIAN_POINT('',(60.384029204512,8.391035633985,
    5.569317627325));
#11657 = CARTESIAN_POINT('',(60.515915217818,8.477439218513,
    5.622048425305));
#11658 = CARTESIAN_POINT('',(60.573649472537,8.511922197337,
    5.643488035769));
#11659 = CARTESIAN_POINT('',(60.633733422493,8.544405282053,
    5.66402875444));
#11660 = CARTESIAN_POINT('',(60.696150418262,8.57467477443,
    5.683457602179));
#11661 = CARTESIAN_POINT('',(60.760827337958,8.602500900305,
    5.701547292223));
#11662 = CARTESIAN_POINT('',(60.930257327972,8.666303413134,
    5.743459998829));
#11663 = CARTESIAN_POINT('',(61.037989596385,8.69867722719,
    5.765174699347));
#11664 = CARTESIAN_POINT('',(61.150097031395,8.723833370754,
    5.782324662187));
#11665 = CARTESIAN_POINT('',(61.265516417752,8.740979722885,
    5.794112358559));
#11666 = CARTESIAN_POINT('',(61.382792032717,8.749545416973,5.8));
#11667 = CARTESIAN_POINT('',(61.5,8.749545416973,5.8));
#11668 = ORIENTED_EDGE('',*,*,#11669,.F.);
#11669 = EDGE_CURVE('',#11670,#11603,#11672,.T.);
#11670 = VERTEX_POINT('',#11671);
#11671 = CARTESIAN_POINT('',(62.52458364363,3.549193338483,
    5.605806661517));
#11672 = CIRCLE('',#11673,1.26806446997);
#11673 = AXIS2_PLACEMENT_3D('',#11674,#11675,#11676);
#11674 = CARTESIAN_POINT('',(61.5,4.0775,5.0775));
#11675 = DIRECTION('',(0.,-0.707106781187,-0.707106781187));
#11676 = DIRECTION('',(0.,0.707106781187,-0.707106781187));
#11677 = ORIENTED_EDGE('',*,*,#11678,.T.);
#11678 = EDGE_CURVE('',#11670,#11583,#11679,.T.);
#11679 = B_SPLINE_CURVE_WITH_KNOTS('',7,(#11680,#11681,#11682,#11683,
    #11684,#11685,#11686,#11687,#11688,#11689,#11690,#11691,#11692,
    #11693,#11694,#11695,#11696,#11697,#11698,#11699,#11700,#11701,
    #11702,#11703,#11704,#11705),.UNSPECIFIED.,.F.,.F.,(8,6,6,6,8),(0.,
    0.177104434251,0.329902976328,0.522679328519,1.),.UNSPECIFIED.);
#11680 = CARTESIAN_POINT('',(62.524582708664,3.549192738483,
    5.605807029138));
#11681 = CARTESIAN_POINT('',(62.591498026824,3.592134628087,
    5.579496455422));
#11682 = CARTESIAN_POINT('',(62.655159471275,3.637643936909,
    5.55215036122));
#11683 = CARTESIAN_POINT('',(62.715610065597,3.685436332794,
    5.524059854611));
#11684 = CARTESIAN_POINT('',(62.772925808263,3.735255257449,
    5.495485486627));
#11685 = CARTESIAN_POINT('',(62.827208345769,3.78687562834,
    5.466656157318));
#11686 = CARTESIAN_POINT('',(62.878577645767,3.840107540583,
    5.437768021817));
#11687 = CARTESIAN_POINT('',(62.969083589559,3.941986383655,
    5.384149185915));
#11688 = CARTESIAN_POINT('',(63.008926079915,3.990253747489,
    5.35939545472));
#11689 = CARTESIAN_POINT('',(63.046773654856,4.039501017375,
    5.334829055341));
#11690 = CARTESIAN_POINT('',(63.082705922359,4.089637373723,
    5.310544687973));
#11691 = CARTESIAN_POINT('',(63.116800541426,4.140582252888,
    5.286625776143));
#11692 = CARTESIAN_POINT('',(63.149133178731,4.192265379745,
    5.263145342364));
#11693 = CARTESIAN_POINT('',(63.218439442584,4.310687925634,
    5.211176401539));
#11694 = CARTESIAN_POINT('',(63.254411138898,4.377823662659,
    5.182987153515));
#11695 = CARTESIAN_POINT('',(63.287839537162,4.445912623669,
    5.155727083999));
#11696 = CARTESIAN_POINT('',(63.318859203718,4.514846051939,
    5.129506068298));
#11697 = CARTESIAN_POINT('',(63.347593397526,4.584527723861,
    5.104417770212));
#11698 = CARTESIAN_POINT('',(63.374155179411,4.654873851122,
    5.080541499498));
#11699 = CARTESIAN_POINT('',(63.459294852023,4.901460636807,
    5.001992079269));
#11700 = CARTESIAN_POINT('',(63.507239189777,5.080684937539,
    4.95389931035));
#11701 = CARTESIAN_POINT('',(63.544077437741,5.262432923833,
    4.914660637636));
#11702 = CARTESIAN_POINT('',(63.570919757582,5.445839772139,
    4.884908448371));
#11703 = CARTESIAN_POINT('',(63.588553816996,5.630227768591,
    4.864972342854));
#11704 = CARTESIAN_POINT('',(63.597373357321,5.815092737376,4.855));
#11705 = CARTESIAN_POINT('',(63.597373357321,6.,4.855));
#11706 = SPHERICAL_SURFACE('',#11707,3.);
#11707 = AXIS2_PLACEMENT_3D('',#11708,#11709,#11710);
#11708 = CARTESIAN_POINT('',(61.5,6.,7.));
#11709 = DIRECTION('',(0.,0.,1.));
#11710 = DIRECTION('',(1.,0.,-0.));
#11711 = ADVANCED_FACE('',(#11712),#11801,.T.);
#11712 = FACE_BOUND('',#11713,.T.);
#11713 = EDGE_LOOP('',(#11714,#11715,#11723,#11732,#11800));
#11714 = ORIENTED_EDGE('',*,*,#11318,.F.);
#11715 = ORIENTED_EDGE('',*,*,#11716,.T.);
#11716 = EDGE_CURVE('',#11270,#11717,#11719,.T.);
#11717 = VERTEX_POINT('',#11718);
#11718 = CARTESIAN_POINT('',(61.5,15.977121764564,6.032114792595));
#11719 = LINE('',#11720,#11721);
#11720 = CARTESIAN_POINT('',(61.5,6.854357657717,9.349483558721));
#11721 = VECTOR('',#11722,1.);
#11722 = DIRECTION('',(0.,0.939793423488,-0.341743063087));
#11723 = ORIENTED_EDGE('',*,*,#11724,.F.);
#11724 = EDGE_CURVE('',#11725,#11717,#11727,.T.);
#11725 = VERTEX_POINT('',#11726);
#11726 = CARTESIAN_POINT('',(59.1916298044,15.45080666135,4.584748258339
    ));
#11727 = CIRCLE('',#11728,2.5);
#11728 = AXIS2_PLACEMENT_3D('',#11729,#11730,#11731);
#11729 = CARTESIAN_POINT('',(61.5,15.122764106847,3.682631233874));
#11730 = DIRECTION('',(0.,0.939793423488,-0.341743063087));
#11731 = DIRECTION('',(0.,0.341743063087,0.939793423488));
#11732 = ORIENTED_EDGE('',*,*,#11733,.F.);
#11733 = EDGE_CURVE('',#11594,#11725,#11734,.T.);
#11734 = B_SPLINE_CURVE_WITH_KNOTS('',8,(#11735,#11736,#11737,#11738,
    #11739,#11740,#11741,#11742,#11743,#11744,#11745,#11746,#11747,
    #11748,#11749,#11750,#11751,#11752,#11753,#11754,#11755,#11756,
    #11757,#11758,#11759,#11760,#11761,#11762,#11763,#11764,#11765,
    #11766,#11767,#11768,#11769,#11770,#11771,#11772,#11773,#11774,
    #11775,#11776,#11777,#11778,#11779,#11780,#11781,#11782,#11783,
    #11784,#11785,#11786,#11787,#11788,#11789,#11790,#11791,#11792,
    #11793,#11794,#11795,#11796,#11797,#11798,#11799),.UNSPECIFIED.,.F.,
  .F.,(9,7,7,7,7,7,7,7,7,9),(0.,0.308231288947,0.595052533422,
    0.71052543418,0.795704821823,0.841928862427,0.876084156858,
    0.915251332434,0.934166896486,1.),.UNSPECIFIED.);
#11735 = CARTESIAN_POINT('',(59.832612866739,5.363419142822,
    5.249404398466));
#11736 = CARTESIAN_POINT('',(59.731542154073,5.834180772297,
    5.174485008264));
#11737 = CARTESIAN_POINT('',(59.640857553616,6.311713924616,
    5.099222487161));
#11738 = CARTESIAN_POINT('',(59.559413574039,6.790893816238,
    5.024589008713));
#11739 = CARTESIAN_POINT('',(59.486089092346,7.2689000073,4.951182894325
    ));
#11740 = CARTESIAN_POINT('',(59.419820750269,7.745067988111,
    4.879293692674));
#11741 = CARTESIAN_POINT('',(59.359664826721,8.220542038178,
    4.808978620808));
#11742 = CARTESIAN_POINT('',(59.304877456051,8.697735122742,
    4.740230421411));
#11743 = CARTESIAN_POINT('',(59.20859299137,9.627997148398,
    4.611050852712));
#11744 = CARTESIAN_POINT('',(59.167845399494,10.066834741789,
    4.5522630618));
#11745 = CARTESIAN_POINT('',(59.131347041543,10.503829108175,
    4.496202674175));
#11746 = CARTESIAN_POINT('',(59.098507928176,10.945010151186,
    4.442647807589));
#11747 = CARTESIAN_POINT('',(59.069401245695,11.392901185852,
    4.392289807869));
#11748 = CARTESIAN_POINT('',(59.044664796918,11.84530850721,
    4.346998540159));
#11749 = CARTESIAN_POINT('',(59.025199526459,12.295756208822,
    4.310013329823));
#11750 = CARTESIAN_POINT('',(59.007306563191,12.913813725327,
    4.275384102193));
#11751 = CARTESIAN_POINT('',(59.003250652709,13.089879722503,
    4.267423289191));
#11752 = CARTESIAN_POINT('',(59.000317824106,13.266034139788,
    4.261602619617));
#11753 = CARTESIAN_POINT('',(58.998646460021,13.443057447625,
    4.258257266177));
#11754 = CARTESIAN_POINT('',(58.998469428898,13.621115526216,
    4.257896500408));
#11755 = CARTESIAN_POINT('',(59.00011701198,13.799846541638,
    4.261204059822));
#11756 = CARTESIAN_POINT('',(59.004044645274,13.978500246531,
    4.269027720299));
#11757 = CARTESIAN_POINT('',(59.0159682564,14.287155253748,
    4.292171988943));
#11758 = CARTESIAN_POINT('',(59.02262727958,14.41764433619,
    4.304988902418));
#11759 = CARTESIAN_POINT('',(59.031187951044,14.548246063578,
    4.321269666923));
#11760 = CARTESIAN_POINT('',(59.042069084875,14.679196372803,
    4.341634081636));
#11761 = CARTESIAN_POINT('',(59.055839994756,14.810371626235,
    4.366844089179));
#11762 = CARTESIAN_POINT('',(59.073263954624,14.941367274701,
    4.397804336461));
#11763 = CARTESIAN_POINT('',(59.095395387457,15.07159441253,
    4.435533232356));
#11764 = CARTESIAN_POINT('',(59.139178889202,15.270282166986,
    4.505779370725));
#11765 = CARTESIAN_POINT('',(59.156480579007,15.340021677398,
    4.532883880901));
#11766 = CARTESIAN_POINT('',(59.175913507843,15.409314926283,
    4.562514916074));
#11767 = CARTESIAN_POINT('',(59.197742202552,15.47790400669,
    4.594792855417));
#11768 = CARTESIAN_POINT('',(59.222269300817,15.545563196399,
    4.629819075694));
#11769 = CARTESIAN_POINT('',(59.249841884981,15.61209577116,
    4.667666925444));
#11770 = CARTESIAN_POINT('',(59.280859208553,15.677330531988,
    4.708370418805));
#11771 = CARTESIAN_POINT('',(59.341586394632,15.788251125095,
    4.784082855516));
#11772 = CARTESIAN_POINT('',(59.369489874016,15.834533117688,
    4.817762303071));
#11773 = CARTESIAN_POINT('',(59.39960238477,15.879786338277,
    4.852851888544));
#11774 = CARTESIAN_POINT('',(59.432026397908,15.923863520335,
    4.889224731897));
#11775 = CARTESIAN_POINT('',(59.466851544385,15.966643790553,
    4.926722786805));
#11776 = CARTESIAN_POINT('',(59.504148122772,16.008028629634,
    4.965157467616));
#11777 = CARTESIAN_POINT('',(59.54395929444,16.047937820114,
    5.00431229264));
#11778 = CARTESIAN_POINT('',(59.634836451614,16.130302923279,
    5.08939879415));
#11779 = CARTESIAN_POINT('',(59.686604551664,16.172189951967,
    5.135395657162));
#11780 = CARTESIAN_POINT('',(59.741622655694,16.211913993484,
    5.181607602479));
#11781 = CARTESIAN_POINT('',(59.799865690527,16.249440204517,
    5.227670443223));
#11782 = CARTESIAN_POINT('',(59.861251805915,16.284749126507,
    5.273201576383));
#11783 = CARTESIAN_POINT('',(59.92563705992,16.317834439898,
    5.317815223237));
#11784 = CARTESIAN_POINT('',(59.9928101043,16.348700718394,
    5.361137669775));
#11785 = CARTESIAN_POINT('',(60.096136866428,16.391202591222,
    5.422953961577));
#11786 = CARTESIAN_POINT('',(60.130392621185,16.404538468045,
    5.442716579473));
#11787 = CARTESIAN_POINT('',(60.165236646481,16.417374671587,
    5.462078146175));
#11788 = CARTESIAN_POINT('',(60.200649958939,16.429716913647,
    5.481007848323));
#11789 = CARTESIAN_POINT('',(60.236612079493,16.441570759915,
    5.499476273839));
#11790 = CARTESIAN_POINT('',(60.273101033381,16.452941629972,
    5.517455411928));
#11791 = CARTESIAN_POINT('',(60.310093350153,16.46383479729,
    5.534918653075));
#11792 = CARTESIAN_POINT('',(60.477975895652,16.510522872765,
    5.610736031396));
#11793 = CARTESIAN_POINT('',(60.61409789063,16.541041966226,
    5.663039850109));
#11794 = CARTESIAN_POINT('',(60.755111937826,16.566110457838,
    5.707823702715));
#11795 = CARTESIAN_POINT('',(60.900110615801,16.58595204391,
    5.744357462367));
#11796 = CARTESIAN_POINT('',(61.048121525292,16.600726277461,
    5.772102310105));
#11797 = CARTESIAN_POINT('',(61.198130194467,16.610536741109,
    5.790705928974));
#11798 = CARTESIAN_POINT('',(61.349101556575,16.6154374442,5.8));
#11799 = CARTESIAN_POINT('',(61.5,16.6154374442,5.8));
#11800 = ORIENTED_EDGE('',*,*,#11593,.T.);
#11801 = CYLINDRICAL_SURFACE('',#11802,2.5);
#11802 = AXIS2_PLACEMENT_3D('',#11803,#11804,#11805);
#11803 = CARTESIAN_POINT('',(61.5,6.,7.));
#11804 = DIRECTION('',(0.,0.939793423488,-0.341743063087));
#11805 = DIRECTION('',(0.,0.341743063087,0.939793423488));
#11806 = ADVANCED_FACE('',(#11807),#11888,.T.);
#11807 = FACE_BOUND('',#11808,.T.);
#11808 = EDGE_LOOP('',(#11809,#11818,#11819,#11820,#11829));
#11809 = ORIENTED_EDGE('',*,*,#11810,.F.);
#11810 = EDGE_CURVE('',#11717,#11811,#11813,.T.);
#11811 = VERTEX_POINT('',#11812);
#11812 = CARTESIAN_POINT('',(63.808370196373,15.450806661224,
    4.584748257676));
#11813 = CIRCLE('',#11814,2.5);
#11814 = AXIS2_PLACEMENT_3D('',#11815,#11816,#11817);
#11815 = CARTESIAN_POINT('',(61.5,15.122764106847,3.682631233874));
#11816 = DIRECTION('',(0.,0.939793423488,-0.341743063087));
#11817 = DIRECTION('',(0.,0.341743063087,0.939793423488));
#11818 = ORIENTED_EDGE('',*,*,#11716,.F.);
#11819 = ORIENTED_EDGE('',*,*,#11269,.F.);
#11820 = ORIENTED_EDGE('',*,*,#11821,.T.);
#11821 = EDGE_CURVE('',#11261,#11822,#11824,.T.);
#11822 = VERTEX_POINT('',#11823);
#11823 = CARTESIAN_POINT('',(63.471359800381,7.03305954722,
    4.988401503943));
#11824 = CIRCLE('',#11825,2.5);
#11825 = AXIS2_PLACEMENT_3D('',#11826,#11827,#11828);
#11826 = CARTESIAN_POINT('',(61.5,7.558471083077,6.433283242517));
#11827 = DIRECTION('',(0.,0.939793423488,-0.341743063087));
#11828 = DIRECTION('',(0.,0.341743063087,0.939793423488));
#11829 = ORIENTED_EDGE('',*,*,#11830,.F.);
#11830 = EDGE_CURVE('',#11811,#11822,#11831,.T.);
#11831 = B_SPLINE_CURVE_WITH_KNOTS('',7,(#11832,#11833,#11834,#11835,
    #11836,#11837,#11838,#11839,#11840,#11841,#11842,#11843,#11844,
    #11845,#11846,#11847,#11848,#11849,#11850,#11851,#11852,#11853,
    #11854,#11855,#11856,#11857,#11858,#11859,#11860,#11861,#11862,
    #11863,#11864,#11865,#11866,#11867,#11868,#11869,#11870,#11871,
    #11872,#11873,#11874,#11875,#11876,#11877,#11878,#11879,#11880,
    #11881,#11882,#11883,#11884,#11885,#11886,#11887),.UNSPECIFIED.,.F.,
  .F.,(8,6,6,6,6,6,6,6,6,8),(0.,6.564244952577E-02,8.450323372489E-02,
    0.123556980375,0.157123631433,0.203136579,0.288078803609,
    0.402136526078,0.656707965435,1.),.UNSPECIFIED.);
#11832 = CARTESIAN_POINT('',(61.5,16.6154374442,5.8));
#11833 = CARTESIAN_POINT('',(61.672455363914,16.6154374442,5.8));
#11834 = CARTESIAN_POINT('',(61.84500795274,16.608903173412,
    5.787607905299));
#11835 = CARTESIAN_POINT('',(62.01600078789,16.595820139891,
    5.762798952988));
#11836 = CARTESIAN_POINT('',(62.183777980509,16.576083947929,
    5.725915971747));
#11837 = CARTESIAN_POINT('',(62.346738198282,16.549487974354,
    5.677669920996));
#11838 = CARTESIAN_POINT('',(62.503393842635,16.515703941841,
    5.619149637446));
#11839 = CARTESIAN_POINT('',(62.69525960892,16.462346141299,
    5.532501205079));
#11840 = CARTESIAN_POINT('',(62.737445419185,16.449806792864,
    5.512440147545));
#11841 = CARTESIAN_POINT('',(62.778953421301,16.436629140146,
    5.491697949616));
#11842 = CARTESIAN_POINT('',(62.819746660821,16.422804687148,
    5.470317747029));
#11843 = CARTESIAN_POINT('',(62.859791174683,16.408324645653,
    5.448345478083));
#11844 = CARTESIAN_POINT('',(62.899055991209,16.393179935224,
    5.425829883641));
#11845 = CARTESIAN_POINT('',(63.017143719355,16.344606366278,
    5.35518269301));
#11846 = CARTESIAN_POINT('',(63.093436013655,16.308910464438,
    5.305359399979));
#11847 = CARTESIAN_POINT('',(63.165935502344,16.270252323748,
    5.253906882226));
#11848 = CARTESIAN_POINT('',(63.234333116603,16.228628085286,
    5.20143400422));
#11849 = CARTESIAN_POINT('',(63.298451057146,16.184057173813,
    5.148563599576));
#11850 = CARTESIAN_POINT('',(63.358228621907,16.136588286429,
    5.09589182992));
#11851 = CARTESIAN_POINT('',(63.461392525424,16.043087281113,
    4.999301488571));
#11852 = CARTESIAN_POINT('',(63.505812290604,15.997871209482,
    4.955276515292));
#11853 = CARTESIAN_POINT('',(63.546976928009,15.950758651585,
    4.912240544905));
#11854 = CARTESIAN_POINT('',(63.584964791951,15.901878124685,
    4.870517638994));
#11855 = CARTESIAN_POINT('',(63.619900310202,15.851395256018,
    4.830376339045));
#11856 = CARTESIAN_POINT('',(63.651936119362,15.79952280706,
    4.792025449728));
#11857 = CARTESIAN_POINT('',(63.721409611443,15.673889330852,
    4.705709164273));
#11858 = CARTESIAN_POINT('',(63.756356577924,15.599305338993,
    4.659562393341));
#11859 = CARTESIAN_POINT('',(63.786815496696,15.523016615958,
    4.617214799434));
#11860 = CARTESIAN_POINT('',(63.813400067404,15.445304766193,
    4.5785973482));
#11861 = CARTESIAN_POINT('',(63.836626657586,15.366505499054,
    4.54357018281));
#11862 = CARTESIAN_POINT('',(63.856932556239,15.287017929698,
    4.511949756176));
#11863 = CARTESIAN_POINT('',(63.907468101515,15.060172915184,
    4.431057263442));
#11864 = CARTESIAN_POINT('',(63.931824797586,14.911099160615,
    4.389059732117));
#11865 = CARTESIAN_POINT('',(63.950258174907,14.761156534244,
    4.355868185835));
#11866 = CARTESIAN_POINT('',(63.964276917982,14.61126213392,
    4.329851329143));
#11867 = CARTESIAN_POINT('',(63.974933311032,14.461893258222,
    4.309669410512));
#11868 = CARTESIAN_POINT('',(63.982950857013,14.312847474349,
    4.294263986939));
#11869 = CARTESIAN_POINT('',(63.996706353218,13.96200997126,
    4.26757780434));
#11870 = CARTESIAN_POINT('',(64.000722626923,13.759600565279,
    4.259516954269));
#11871 = CARTESIAN_POINT('',(64.001900874085,13.557344663878,
    4.257153795439));
#11872 = CARTESIAN_POINT('',(64.000881803433,13.356330216597,
    4.259208739061));
#11873 = CARTESIAN_POINT('',(63.99810808993,13.156767358463,
    4.26474271009));
#11874 = CARTESIAN_POINT('',(63.993838060811,12.95769420437,
    4.273155857903));
#11875 = CARTESIAN_POINT('',(63.975436541524,12.308714129174,
    4.308809251003));
#11876 = CARTESIAN_POINT('',(63.955624048674,11.851473006688,
    4.346501020014));
#11877 = CARTESIAN_POINT('',(63.930433895462,11.394091027318,
    4.392554133979));
#11878 = CARTESIAN_POINT('',(63.900847414323,10.943050420511,
    4.443436888814));
#11879 = CARTESIAN_POINT('',(63.867467716249,10.498619279792,
    4.497510511953));
#11880 = CARTESIAN_POINT('',(63.829943224378,10.0543674052,
    4.554657574922));
#11881 = CARTESIAN_POINT('',(63.728567950349,8.988349459632,
    4.69813438063));
#11882 = CARTESIAN_POINT('',(63.662483758109,8.383755749865,
    4.784315161747));
#11883 = CARTESIAN_POINT('',(63.587924358234,7.781613377104,
    4.873146083858));
#11884 = CARTESIAN_POINT('',(63.503297044744,7.176555396729,
    4.964808305644));
#11885 = CARTESIAN_POINT('',(63.406567747498,6.567754721092,
    5.058942697531));
#11886 = CARTESIAN_POINT('',(63.295385024504,5.959600709781,
    5.15452504414));
#11887 = CARTESIAN_POINT('',(63.167387133261,5.363419142822,
    5.249404398466));
#11888 = CYLINDRICAL_SURFACE('',#11889,2.5);
#11889 = AXIS2_PLACEMENT_3D('',#11890,#11891,#11892);
#11890 = CARTESIAN_POINT('',(61.5,6.,7.));
#11891 = DIRECTION('',(0.,0.939793423488,-0.341743063087));
#11892 = DIRECTION('',(0.,0.341743063087,0.939793423488));
#11893 = ADVANCED_FACE('',(#11894),#11946,.T.);
#11894 = FACE_BOUND('',#11895,.T.);
#11895 = EDGE_LOOP('',(#11896,#11897,#11898,#11945));
#11896 = ORIENTED_EDGE('',*,*,#11260,.F.);
#11897 = ORIENTED_EDGE('',*,*,#11582,.F.);
#11898 = ORIENTED_EDGE('',*,*,#11899,.F.);
#11899 = EDGE_CURVE('',#11822,#11583,#11900,.T.);
#11900 = B_SPLINE_CURVE_WITH_KNOTS('',7,(#11901,#11902,#11903,#11904,
    #11905,#11906,#11907,#11908,#11909,#11910,#11911,#11912,#11913,
    #11914,#11915,#11916,#11917,#11918,#11919,#11920,#11921,#11922,
    #11923,#11924,#11925,#11926,#11927,#11928,#11929,#11930,#11931,
    #11932,#11933,#11934,#11935,#11936,#11937,#11938,#11939,#11940,
    #11941,#11942,#11943,#11944),.UNSPECIFIED.,.F.,.F.,(8,6,6,6,6,6,6,8)
  ,(0.,7.242438937317E-02,0.148182904216,0.244896723732,0.378440759719,
    0.494386123192,0.640023874172,1.),.UNSPECIFIED.);
#11901 = CARTESIAN_POINT('',(61.5,8.749545416973,5.8));
#11902 = CARTESIAN_POINT('',(61.549105101667,8.749545416973,5.8));
#11903 = CARTESIAN_POINT('',(61.598212921693,8.748083729563,
    5.798995284585));
#11904 = CARTESIAN_POINT('',(61.647204637616,8.745160239693,
    5.79698566292));
#11905 = CARTESIAN_POINT('',(61.695967859054,8.740787453015,
    5.793983240027));
#11906 = CARTESIAN_POINT('',(61.744396671312,8.734989229035,
    5.790011128571));
#11907 = CARTESIAN_POINT('',(61.792391678981,8.72779951427,
    5.785102160639));
#11908 = CARTESIAN_POINT('',(61.889513671596,8.710329561398,
    5.773225819931));
#11909 = CARTESIAN_POINT('',(61.938594984092,8.699921560413,
    5.766173562742));
#11910 = CARTESIAN_POINT('',(61.987001382789,8.688085348729,
    5.758187513156));
#11911 = CARTESIAN_POINT('',(62.034647026767,8.674877286173,
    5.749322500954));
#11912 = CARTESIAN_POINT('',(62.081461381835,8.660359223856,
    5.739638904854));
#11913 = CARTESIAN_POINT('',(62.127387763922,8.644595911913,
    5.72920005687));
#11914 = CARTESIAN_POINT('',(62.229821670872,8.606022217482,
    5.703860491613));
#11915 = CARTESIAN_POINT('',(62.285741457569,8.582468858426,
    5.688524352644));
#11916 = CARTESIAN_POINT('',(62.340056979072,8.557125792932,
    5.672192922836));
#11917 = CARTESIAN_POINT('',(62.392715626691,8.530125836796,
    5.654997500652));
#11918 = CARTESIAN_POINT('',(62.443691668646,8.501596927119,
    5.637065101643));
#11919 = CARTESIAN_POINT('',(62.492981472165,8.471657890669,
    5.618514570133));
#11920 = CARTESIAN_POINT('',(62.606349413912,8.397272426134,
    5.573131733924));
#11921 = CARTESIAN_POINT('',(62.668900219985,8.351650615985,
    5.545840296732));
#11922 = CARTESIAN_POINT('',(62.728299770219,8.303822003233,
    5.517858441023));
#11923 = CARTESIAN_POINT('',(62.784626563401,8.25403277847,
    5.489436468344));
#11924 = CARTESIAN_POINT('',(62.837982313773,8.202498782826,
    5.460794115399));
#11925 = CARTESIAN_POINT('',(62.88848529412,8.149402189346,
    5.432119749353));
#11926 = CARTESIAN_POINT('',(62.977745742389,8.047558132717,
    5.378781771633));
#11927 = CARTESIAN_POINT('',(63.01716871806,7.999165719939,
    5.354090942032));
#11928 = CARTESIAN_POINT('',(63.054613891931,7.949810001427,
    5.329601859413));
#11929 = CARTESIAN_POINT('',(63.090160476473,7.899580029125,
    5.305407386361));
#11930 = CARTESIAN_POINT('',(63.123885593557,7.84855482707,
    5.281589332793));
#11931 = CARTESIAN_POINT('',(63.155864257454,7.796803366943,
    5.258219325802));
#11932 = CARTESIAN_POINT('',(63.224235275511,7.678541811214,
    5.206645918323));
#11933 = CARTESIAN_POINT('',(63.259657931145,7.611651056129,
    5.178739538764));
#11934 = CARTESIAN_POINT('',(63.292580872199,7.543830065643,
    5.151764489292));
#11935 = CARTESIAN_POINT('',(63.323135501777,7.475184487648,
    5.125827288473));
#11936 = CARTESIAN_POINT('',(63.351442152071,7.40580792019,
    5.101018807402));
#11937 = CARTESIAN_POINT('',(63.37761115782,7.335782001023,
    5.077416052135));
#11938 = CARTESIAN_POINT('',(63.461393448453,7.090659275024,
    4.999885174171));
#11939 = CARTESIAN_POINT('',(63.508583139086,6.912656948079,
    4.952467179567));
#11940 = CARTESIAN_POINT('',(63.544860786251,6.732193080669,
    4.913792166085));
#11941 = CARTESIAN_POINT('',(63.571305755218,6.550109112494,
    4.884472124007));
#11942 = CARTESIAN_POINT('',(63.58868247372,6.367064966159,
    4.864826845193));
#11943 = CARTESIAN_POINT('',(63.597373357321,6.1835534376,4.855));
#11944 = CARTESIAN_POINT('',(63.597373357321,6.,4.855));
#11945 = ORIENTED_EDGE('',*,*,#11821,.F.);
#11946 = SPHERICAL_SURFACE('',#11947,3.);
#11947 = AXIS2_PLACEMENT_3D('',#11948,#11949,#11950);
#11948 = CARTESIAN_POINT('',(61.5,6.,7.));
#11949 = DIRECTION('',(0.,0.,1.));
#11950 = DIRECTION('',(1.,0.,-0.));
#11951 = ADVANCED_FACE('',(#11952),#12079,.T.);
#11952 = FACE_BOUND('',#11953,.T.);
#11953 = EDGE_LOOP('',(#11954,#11963,#11964,#11965,#11974,#12041,#12050)
  );
#11954 = ORIENTED_EDGE('',*,*,#11955,.T.);
#11955 = EDGE_CURVE('',#11956,#11392,#11958,.T.);
#11956 = VERTEX_POINT('',#11957);
#11957 = CARTESIAN_POINT('',(44.597373357321,6.,4.855));
#11958 = CIRCLE('',#11959,3.);
#11959 = AXIS2_PLACEMENT_3D('',#11960,#11961,#11962);
#11960 = CARTESIAN_POINT('',(42.5,6.,7.));
#11961 = DIRECTION('',(-2.449293598295E-16,-1.,0.));
#11962 = DIRECTION('',(1.,-2.449293598295E-16,0.));
#11963 = ORIENTED_EDGE('',*,*,#11391,.F.);
#11964 = ORIENTED_EDGE('',*,*,#11371,.F.);
#11965 = ORIENTED_EDGE('',*,*,#11966,.F.);
#11966 = EDGE_CURVE('',#11967,#11372,#11969,.T.);
#11967 = VERTEX_POINT('',#11968);
#11968 = CARTESIAN_POINT('',(40.528640192539,7.033059518845,
    4.988401496309));
#11969 = CIRCLE('',#11970,2.5);
#11970 = AXIS2_PLACEMENT_3D('',#11971,#11972,#11973);
#11971 = CARTESIAN_POINT('',(42.5,7.558471083077,6.433283242517));
#11972 = DIRECTION('',(0.,0.939793423488,-0.341743063087));
#11973 = DIRECTION('',(0.,0.341743063087,0.939793423488));
#11974 = ORIENTED_EDGE('',*,*,#11975,.F.);
#11975 = EDGE_CURVE('',#11976,#11967,#11978,.T.);
#11976 = VERTEX_POINT('',#11977);
#11977 = CARTESIAN_POINT('',(41.47541635637,3.549193338483,
    5.605806661517));
#11978 = B_SPLINE_CURVE_WITH_KNOTS('',6,(#11979,#11980,#11981,#11982,
    #11983,#11984,#11985,#11986,#11987,#11988,#11989,#11990,#11991,
    #11992,#11993,#11994,#11995,#11996,#11997,#11998,#11999,#12000,
    #12001,#12002,#12003,#12004,#12005,#12006,#12007,#12008,#12009,
    #12010,#12011,#12012,#12013,#12014,#12015,#12016,#12017,#12018,
    #12019,#12020,#12021,#12022,#12023,#12024,#12025,#12026,#12027,
    #12028,#12029,#12030,#12031,#12032,#12033,#12034,#12035,#12036,
    #12037,#12038,#12039,#12040),.UNSPECIFIED.,.F.,.F.,(7,5,5,5,5,5,5,5,
    5,5,5,5,7),(0.,7.621314164082E-02,0.141774522927,0.20037195776,
    0.253376582745,0.43173784401,0.609106367737,0.661597316323,
    0.719941418687,0.785415457483,0.86103081836,0.91581368163,1.),
  .UNSPECIFIED.);
#11979 = CARTESIAN_POINT('',(41.475417291335,3.549192738483,
    5.605807029138));
#11980 = CARTESIAN_POINT('',(41.397611083575,3.599123691157,
    5.575214243791));
#11981 = CARTESIAN_POINT('',(41.324329459719,3.652625208125,
    5.543181303142));
#11982 = CARTESIAN_POINT('',(41.255498410276,3.709204444373,
    5.510212664056));
#11983 = CARTESIAN_POINT('',(41.190967542144,3.768432580067,
    5.476742430665));
#11984 = CARTESIAN_POINT('',(41.130535480257,3.829957732522,
    5.443130443975));
#11985 = CARTESIAN_POINT('',(41.025320070368,3.948194662703,
    5.380864448788));
#11986 = CARTESIAN_POINT('',(40.979537626259,4.004368767341,
    5.352178836799));
#11987 = CARTESIAN_POINT('',(40.936488090273,4.061866181874,
    5.323785468419));
#11988 = CARTESIAN_POINT('',(40.896035790678,4.120536304197,
    5.295840522144));
#11989 = CARTESIAN_POINT('',(40.858049429394,4.180252056128,
    5.268475398994));
#11990 = CARTESIAN_POINT('',(40.790541581264,4.295124859286,
    5.217957499432));
#11991 = CARTESIAN_POINT('',(40.760551058257,4.350089868188,
    5.194667168186));
#11992 = CARTESIAN_POINT('',(40.732341388245,4.405729323751,
    5.172007789518));
#11993 = CARTESIAN_POINT('',(40.705829985329,4.461975616985,
    5.150047625115));
#11994 = CARTESIAN_POINT('',(40.680940305015,4.518769179894,
    5.128845335629));
#11995 = CARTESIAN_POINT('',(40.636489587942,4.627879716594,
    5.090003578211));
#11996 = CARTESIAN_POINT('',(40.616646956365,4.68010583827,
    5.072217573359));
#11997 = CARTESIAN_POINT('',(40.598021021244,4.732698072163,
    5.055130279016));
#11998 = CARTESIAN_POINT('',(40.580563681529,4.785620965324,
    5.038774395733));
#11999 = CARTESIAN_POINT('',(40.564230967148,4.838842327968,
    5.023178232793));
#12000 = CARTESIAN_POINT('',(40.497673559951,5.072330835095,
    4.958521367866));
#12001 = CARTESIAN_POINT('',(40.458649392894,5.255370622304,
    4.917554160341));
#12002 = CARTESIAN_POINT('',(40.430385074559,5.440356951907,
    4.886384953763));
#12003 = CARTESIAN_POINT('',(40.411890918165,5.626466251351,
    4.865474743152));
#12004 = CARTESIAN_POINT('',(40.402626642679,5.81314758686,4.855));
#12005 = CARTESIAN_POINT('',(40.402626642679,6.185812414862,4.855));
#12006 = CARTESIAN_POINT('',(40.411788056429,6.371455243461,
    4.865358454344));
#12007 = CARTESIAN_POINT('',(40.430077080464,6.556534501104,
    4.886036701624));
#12008 = CARTESIAN_POINT('',(40.458021728596,6.740509545501,
    4.916861906769));
#12009 = CARTESIAN_POINT('',(40.496590597063,6.922573360219,
    4.957384019806));
#12010 = CARTESIAN_POINT('',(40.562274464647,7.154650084813,
    5.021301013299));
#12011 = CARTESIAN_POINT('',(40.578335037203,7.207385184537,
    5.036667471345));
#12012 = CARTESIAN_POINT('',(40.595495016917,7.259830139074,
    5.052781198633));
#12013 = CARTESIAN_POINT('',(40.613796844712,7.311953878782,
    5.069614966757));
#12014 = CARTESIAN_POINT('',(40.633286931395,7.363722226648,
    5.087137356477));
#12015 = CARTESIAN_POINT('',(40.677055799997,7.472202361578,
    5.125514859214));
#12016 = CARTESIAN_POINT('',(40.701625919599,7.528820819257,
    5.146523293954));
#12017 = CARTESIAN_POINT('',(40.727795800897,7.584902769774,
    5.168289003173));
#12018 = CARTESIAN_POINT('',(40.75564050609,7.640389992933,
    5.190754787587));
#12019 = CARTESIAN_POINT('',(40.785241056571,7.695216491463,
    5.213854126854));
#12020 = CARTESIAN_POINT('',(40.851971790747,7.81001067508,
    5.264056735207));
#12021 = CARTESIAN_POINT('',(40.889578250687,7.869784799556,
    5.291302972104));
#12022 = CARTESIAN_POINT('',(40.929629960174,7.928529018531,
    5.319140986902));
#12023 = CARTESIAN_POINT('',(40.972257141946,7.986118465334,
    5.347441726366));
#12024 = CARTESIAN_POINT('',(41.017594682131,8.042405288553,
    5.376051855942));
#12025 = CARTESIAN_POINT('',(41.121433166506,8.16052230134,
    5.437981159317));
#12026 = CARTESIAN_POINT('',(41.180875637537,8.221849613236,
    5.471337201928));
#12027 = CARTESIAN_POINT('',(41.244331124494,8.280948310051,
    5.504587557545));
#12028 = CARTESIAN_POINT('',(41.311998187403,8.337480766515,
    5.537386656993));
#12029 = CARTESIAN_POINT('',(41.384029204512,8.391035633985,
    5.569317627325));
#12030 = CARTESIAN_POINT('',(41.515915217818,8.477439218513,
    5.622048425305));
#12031 = CARTESIAN_POINT('',(41.573649472537,8.511922197337,
    5.643488035769));
#12032 = CARTESIAN_POINT('',(41.633733422493,8.544405282053,
    5.66402875444));
#12033 = CARTESIAN_POINT('',(41.696150418262,8.57467477443,
    5.683457602179));
#12034 = CARTESIAN_POINT('',(41.760827337958,8.602500900305,
    5.701547292223));
#12035 = CARTESIAN_POINT('',(41.930257327972,8.666303413134,
    5.743459998829));
#12036 = CARTESIAN_POINT('',(42.037989596384,8.69867722719,
    5.765174699346));
#12037 = CARTESIAN_POINT('',(42.150097031395,8.723833370755,
    5.782324662187));
#12038 = CARTESIAN_POINT('',(42.265516417752,8.740979722885,
    5.794112358559));
#12039 = CARTESIAN_POINT('',(42.382792032717,8.749545416973,5.8));
#12040 = CARTESIAN_POINT('',(42.5,8.749545416973,5.8));
#12041 = ORIENTED_EDGE('',*,*,#12042,.F.);
#12042 = EDGE_CURVE('',#12043,#11976,#12045,.T.);
#12043 = VERTEX_POINT('',#12044);
#12044 = CARTESIAN_POINT('',(43.52458364363,3.549193338483,
    5.605806661517));
#12045 = CIRCLE('',#12046,1.26806446997);
#12046 = AXIS2_PLACEMENT_3D('',#12047,#12048,#12049);
#12047 = CARTESIAN_POINT('',(42.5,4.0775,5.0775));
#12048 = DIRECTION('',(0.,-0.707106781187,-0.707106781187));
#12049 = DIRECTION('',(0.,0.707106781187,-0.707106781187));
#12050 = ORIENTED_EDGE('',*,*,#12051,.T.);
#12051 = EDGE_CURVE('',#12043,#11956,#12052,.T.);
#12052 = B_SPLINE_CURVE_WITH_KNOTS('',7,(#12053,#12054,#12055,#12056,
    #12057,#12058,#12059,#12060,#12061,#12062,#12063,#12064,#12065,
    #12066,#12067,#12068,#12069,#12070,#12071,#12072,#12073,#12074,
    #12075,#12076,#12077,#12078),.UNSPECIFIED.,.F.,.F.,(8,6,6,6,8),(0.,
    0.177104434251,0.329902976328,0.522679328519,1.),.UNSPECIFIED.);
#12053 = CARTESIAN_POINT('',(43.524582708665,3.549192738483,
    5.605807029138));
#12054 = CARTESIAN_POINT('',(43.591498026824,3.592134628087,
    5.579496455422));
#12055 = CARTESIAN_POINT('',(43.655159471275,3.637643936909,
    5.55215036122));
#12056 = CARTESIAN_POINT('',(43.715610065597,3.685436332794,
    5.524059854611));
#12057 = CARTESIAN_POINT('',(43.772925808263,3.73525525745,
    5.495485486627));
#12058 = CARTESIAN_POINT('',(43.827208345769,3.786875628341,
    5.466656157318));
#12059 = CARTESIAN_POINT('',(43.878577645767,3.840107540583,
    5.437768021817));
#12060 = CARTESIAN_POINT('',(43.96908358956,3.941986383655,
    5.384149185915));
#12061 = CARTESIAN_POINT('',(44.008926079916,3.990253747489,
    5.35939545472));
#12062 = CARTESIAN_POINT('',(44.046773654857,4.039501017376,
    5.33482905534));
#12063 = CARTESIAN_POINT('',(44.082705922359,4.089637373724,
    5.310544687973));
#12064 = CARTESIAN_POINT('',(44.116800541427,4.140582252888,
    5.286625776143));
#12065 = CARTESIAN_POINT('',(44.149133178732,4.192265379746,
    5.263145342363));
#12066 = CARTESIAN_POINT('',(44.218439442584,4.310687925634,
    5.211176401539));
#12067 = CARTESIAN_POINT('',(44.254411138898,4.377823662659,
    5.182987153515));
#12068 = CARTESIAN_POINT('',(44.287839537162,4.445912623669,
    5.155727083998));
#12069 = CARTESIAN_POINT('',(44.318859203719,4.514846051939,
    5.129506068297));
#12070 = CARTESIAN_POINT('',(44.347593397526,4.584527723862,
    5.104417770212));
#12071 = CARTESIAN_POINT('',(44.374155179412,4.654873851122,
    5.080541499498));
#12072 = CARTESIAN_POINT('',(44.459294852023,4.901460636807,
    5.001992079269));
#12073 = CARTESIAN_POINT('',(44.507239189777,5.080684937541,
    4.95389931035));
#12074 = CARTESIAN_POINT('',(44.544077437741,5.262432923832,
    4.914660637636));
#12075 = CARTESIAN_POINT('',(44.570919757582,5.44583977214,
    4.884908448371));
#12076 = CARTESIAN_POINT('',(44.588553816996,5.63022776859,
    4.864972342855));
#12077 = CARTESIAN_POINT('',(44.597373357321,5.815092737376,4.855));
#12078 = CARTESIAN_POINT('',(44.597373357321,6.,4.855));
#12079 = SPHERICAL_SURFACE('',#12080,3.);
#12080 = AXIS2_PLACEMENT_3D('',#12081,#12082,#12083);
#12081 = CARTESIAN_POINT('',(42.5,6.,7.));
#12082 = DIRECTION('',(0.,0.,1.));
#12083 = DIRECTION('',(1.,0.,-0.));
#12084 = ADVANCED_FACE('',(#12085),#12174,.T.);
#12085 = FACE_BOUND('',#12086,.T.);
#12086 = EDGE_LOOP('',(#12087,#12088,#12096,#12105,#12173));
#12087 = ORIENTED_EDGE('',*,*,#11458,.F.);
#12088 = ORIENTED_EDGE('',*,*,#12089,.T.);
#12089 = EDGE_CURVE('',#11410,#12090,#12092,.T.);
#12090 = VERTEX_POINT('',#12091);
#12091 = CARTESIAN_POINT('',(42.5,15.977121764564,6.032114792595));
#12092 = LINE('',#12093,#12094);
#12093 = CARTESIAN_POINT('',(42.5,6.854357657717,9.349483558721));
#12094 = VECTOR('',#12095,1.);
#12095 = DIRECTION('',(0.,0.939793423488,-0.341743063087));
#12096 = ORIENTED_EDGE('',*,*,#12097,.F.);
#12097 = EDGE_CURVE('',#12098,#12090,#12100,.T.);
#12098 = VERTEX_POINT('',#12099);
#12099 = CARTESIAN_POINT('',(40.191629804401,15.450806661351,
    4.584748258341));
#12100 = CIRCLE('',#12101,2.5);
#12101 = AXIS2_PLACEMENT_3D('',#12102,#12103,#12104);
#12102 = CARTESIAN_POINT('',(42.5,15.122764106847,3.682631233874));
#12103 = DIRECTION('',(0.,0.939793423488,-0.341743063087));
#12104 = DIRECTION('',(0.,0.341743063087,0.939793423488));
#12105 = ORIENTED_EDGE('',*,*,#12106,.F.);
#12106 = EDGE_CURVE('',#11967,#12098,#12107,.T.);
#12107 = B_SPLINE_CURVE_WITH_KNOTS('',8,(#12108,#12109,#12110,#12111,
    #12112,#12113,#12114,#12115,#12116,#12117,#12118,#12119,#12120,
    #12121,#12122,#12123,#12124,#12125,#12126,#12127,#12128,#12129,
    #12130,#12131,#12132,#12133,#12134,#12135,#12136,#12137,#12138,
    #12139,#12140,#12141,#12142,#12143,#12144,#12145,#12146,#12147,
    #12148,#12149,#12150,#12151,#12152,#12153,#12154,#12155,#12156,
    #12157,#12158,#12159,#12160,#12161,#12162,#12163,#12164,#12165,
    #12166,#12167,#12168,#12169,#12170,#12171,#12172),.UNSPECIFIED.,.F.,
  .F.,(9,7,7,7,7,7,7,7,7,9),(0.,0.308231288947,0.595052533422,
    0.71052543418,0.795704821823,0.841928862427,0.876084156858,
    0.915251332434,0.934166896486,1.),.UNSPECIFIED.);
#12108 = CARTESIAN_POINT('',(40.832612866739,5.363419142822,
    5.249404398466));
#12109 = CARTESIAN_POINT('',(40.731542154073,5.834180772297,
    5.174485008264));
#12110 = CARTESIAN_POINT('',(40.640857553616,6.311713924616,
    5.099222487161));
#12111 = CARTESIAN_POINT('',(40.559413574039,6.790893816238,
    5.024589008713));
#12112 = CARTESIAN_POINT('',(40.486089092346,7.2689000073,4.951182894325
    ));
#12113 = CARTESIAN_POINT('',(40.419820750269,7.745067988111,
    4.879293692674));
#12114 = CARTESIAN_POINT('',(40.359664826721,8.220542038178,
    4.808978620808));
#12115 = CARTESIAN_POINT('',(40.304877456051,8.697735122742,
    4.740230421411));
#12116 = CARTESIAN_POINT('',(40.20859299137,9.627997148398,
    4.611050852712));
#12117 = CARTESIAN_POINT('',(40.167845399494,10.066834741789,
    4.5522630618));
#12118 = CARTESIAN_POINT('',(40.131347041543,10.503829108175,
    4.496202674175));
#12119 = CARTESIAN_POINT('',(40.098507928176,10.945010151186,
    4.442647807589));
#12120 = CARTESIAN_POINT('',(40.069401245695,11.392901185852,
    4.392289807869));
#12121 = CARTESIAN_POINT('',(40.044664796918,11.84530850721,
    4.346998540159));
#12122 = CARTESIAN_POINT('',(40.025199526459,12.295756208822,
    4.310013329823));
#12123 = CARTESIAN_POINT('',(40.007306563191,12.913813725327,
    4.275384102193));
#12124 = CARTESIAN_POINT('',(40.003250652709,13.089879722503,
    4.267423289191));
#12125 = CARTESIAN_POINT('',(40.000317824106,13.266034139788,
    4.261602619617));
#12126 = CARTESIAN_POINT('',(39.998646460021,13.443057447625,
    4.258257266177));
#12127 = CARTESIAN_POINT('',(39.998469428898,13.621115526216,
    4.257896500408));
#12128 = CARTESIAN_POINT('',(40.00011701198,13.799846541638,
    4.261204059822));
#12129 = CARTESIAN_POINT('',(40.004044645274,13.978500246531,
    4.269027720299));
#12130 = CARTESIAN_POINT('',(40.0159682564,14.287155253748,
    4.292171988943));
#12131 = CARTESIAN_POINT('',(40.02262727958,14.41764433619,
    4.304988902418));
#12132 = CARTESIAN_POINT('',(40.031187951044,14.548246063578,
    4.321269666923));
#12133 = CARTESIAN_POINT('',(40.042069084875,14.679196372803,
    4.341634081636));
#12134 = CARTESIAN_POINT('',(40.055839994756,14.810371626235,
    4.366844089179));
#12135 = CARTESIAN_POINT('',(40.073263954624,14.941367274701,
    4.397804336461));
#12136 = CARTESIAN_POINT('',(40.095395387457,15.07159441253,
    4.435533232356));
#12137 = CARTESIAN_POINT('',(40.139178889202,15.270282166986,
    4.505779370725));
#12138 = CARTESIAN_POINT('',(40.156480579007,15.340021677398,
    4.532883880901));
#12139 = CARTESIAN_POINT('',(40.175913507843,15.409314926283,
    4.562514916074));
#12140 = CARTESIAN_POINT('',(40.197742202552,15.47790400669,
    4.594792855417));
#12141 = CARTESIAN_POINT('',(40.222269300817,15.545563196399,
    4.629819075694));
#12142 = CARTESIAN_POINT('',(40.249841884981,15.61209577116,
    4.667666925444));
#12143 = CARTESIAN_POINT('',(40.280859208553,15.677330531988,
    4.708370418805));
#12144 = CARTESIAN_POINT('',(40.341586394632,15.788251125095,
    4.784082855516));
#12145 = CARTESIAN_POINT('',(40.369489874016,15.834533117688,
    4.817762303071));
#12146 = CARTESIAN_POINT('',(40.39960238477,15.879786338277,
    4.852851888544));
#12147 = CARTESIAN_POINT('',(40.432026397908,15.923863520335,
    4.889224731897));
#12148 = CARTESIAN_POINT('',(40.466851544385,15.966643790553,
    4.926722786805));
#12149 = CARTESIAN_POINT('',(40.504148122772,16.008028629634,
    4.965157467616));
#12150 = CARTESIAN_POINT('',(40.54395929444,16.047937820114,
    5.00431229264));
#12151 = CARTESIAN_POINT('',(40.634836451614,16.130302923279,
    5.08939879415));
#12152 = CARTESIAN_POINT('',(40.686604551664,16.172189951967,
    5.135395657162));
#12153 = CARTESIAN_POINT('',(40.741622655694,16.211913993484,
    5.181607602479));
#12154 = CARTESIAN_POINT('',(40.799865690527,16.249440204517,
    5.227670443223));
#12155 = CARTESIAN_POINT('',(40.861251805915,16.284749126507,
    5.273201576383));
#12156 = CARTESIAN_POINT('',(40.92563705992,16.317834439898,
    5.317815223237));
#12157 = CARTESIAN_POINT('',(40.9928101043,16.348700718394,
    5.361137669775));
#12158 = CARTESIAN_POINT('',(41.096136866428,16.391202591222,
    5.422953961577));
#12159 = CARTESIAN_POINT('',(41.130392621185,16.404538468045,
    5.442716579473));
#12160 = CARTESIAN_POINT('',(41.165236646481,16.417374671587,
    5.462078146175));
#12161 = CARTESIAN_POINT('',(41.200649958939,16.429716913647,
    5.481007848323));
#12162 = CARTESIAN_POINT('',(41.236612079493,16.441570759915,
    5.499476273839));
#12163 = CARTESIAN_POINT('',(41.273101033381,16.452941629972,
    5.517455411928));
#12164 = CARTESIAN_POINT('',(41.310093350153,16.46383479729,
    5.534918653075));
#12165 = CARTESIAN_POINT('',(41.477975895652,16.510522872765,
    5.610736031396));
#12166 = CARTESIAN_POINT('',(41.61409789063,16.541041966226,
    5.663039850109));
#12167 = CARTESIAN_POINT('',(41.755111937826,16.566110457838,
    5.707823702715));
#12168 = CARTESIAN_POINT('',(41.900110615801,16.58595204391,
    5.744357462367));
#12169 = CARTESIAN_POINT('',(42.048121525292,16.600726277461,
    5.772102310105));
#12170 = CARTESIAN_POINT('',(42.198130194467,16.610536741109,
    5.790705928974));
#12171 = CARTESIAN_POINT('',(42.349101556575,16.6154374442,5.8));
#12172 = CARTESIAN_POINT('',(42.5,16.6154374442,5.8));
#12173 = ORIENTED_EDGE('',*,*,#11966,.T.);
#12174 = CYLINDRICAL_SURFACE('',#12175,2.5);
#12175 = AXIS2_PLACEMENT_3D('',#12176,#12177,#12178);
#12176 = CARTESIAN_POINT('',(42.5,6.,7.));
#12177 = DIRECTION('',(0.,0.939793423488,-0.341743063087));
#12178 = DIRECTION('',(0.,0.341743063087,0.939793423488));
#12179 = ADVANCED_FACE('',(#12180),#12261,.T.);
#12180 = FACE_BOUND('',#12181,.T.);
#12181 = EDGE_LOOP('',(#12182,#12191,#12192,#12193,#12202));
#12182 = ORIENTED_EDGE('',*,*,#12183,.F.);
#12183 = EDGE_CURVE('',#12090,#12184,#12186,.T.);
#12184 = VERTEX_POINT('',#12185);
#12185 = CARTESIAN_POINT('',(44.808370196373,15.450806661225,
    4.584748257676));
#12186 = CIRCLE('',#12187,2.5);
#12187 = AXIS2_PLACEMENT_3D('',#12188,#12189,#12190);
#12188 = CARTESIAN_POINT('',(42.5,15.122764106847,3.682631233874));
#12189 = DIRECTION('',(0.,0.939793423488,-0.341743063087));
#12190 = DIRECTION('',(0.,0.341743063087,0.939793423488));
#12191 = ORIENTED_EDGE('',*,*,#12089,.F.);
#12192 = ORIENTED_EDGE('',*,*,#11409,.F.);
#12193 = ORIENTED_EDGE('',*,*,#12194,.T.);
#12194 = EDGE_CURVE('',#11401,#12195,#12197,.T.);
#12195 = VERTEX_POINT('',#12196);
#12196 = CARTESIAN_POINT('',(44.471359800381,7.03305954722,
    4.988401503943));
#12197 = CIRCLE('',#12198,2.5);
#12198 = AXIS2_PLACEMENT_3D('',#12199,#12200,#12201);
#12199 = CARTESIAN_POINT('',(42.5,7.558471083077,6.433283242517));
#12200 = DIRECTION('',(0.,0.939793423488,-0.341743063087));
#12201 = DIRECTION('',(0.,0.341743063087,0.939793423488));
#12202 = ORIENTED_EDGE('',*,*,#12203,.F.);
#12203 = EDGE_CURVE('',#12184,#12195,#12204,.T.);
#12204 = B_SPLINE_CURVE_WITH_KNOTS('',7,(#12205,#12206,#12207,#12208,
    #12209,#12210,#12211,#12212,#12213,#12214,#12215,#12216,#12217,
    #12218,#12219,#12220,#12221,#12222,#12223,#12224,#12225,#12226,
    #12227,#12228,#12229,#12230,#12231,#12232,#12233,#12234,#12235,
    #12236,#12237,#12238,#12239,#12240,#12241,#12242,#12243,#12244,
    #12245,#12246,#12247,#12248,#12249,#12250,#12251,#12252,#12253,
    #12254,#12255,#12256,#12257,#12258,#12259,#12260),.UNSPECIFIED.,.F.,
  .F.,(8,6,6,6,6,6,6,6,6,8),(0.,6.56424495258E-02,8.450323372492E-02,
    0.123556980375,0.157123631433,0.203136579,0.288078803609,
    0.402136526078,0.656707965435,1.),.UNSPECIFIED.);
#12205 = CARTESIAN_POINT('',(42.5,16.6154374442,5.8));
#12206 = CARTESIAN_POINT('',(42.672455363914,16.6154374442,5.8));
#12207 = CARTESIAN_POINT('',(42.84500795274,16.608903173412,
    5.787607905299));
#12208 = CARTESIAN_POINT('',(43.01600078789,16.595820139891,
    5.762798952988));
#12209 = CARTESIAN_POINT('',(43.183777980509,16.576083947929,
    5.725915971747));
#12210 = CARTESIAN_POINT('',(43.346738198282,16.549487974354,
    5.677669920996));
#12211 = CARTESIAN_POINT('',(43.503393842635,16.515703941841,
    5.619149637446));
#12212 = CARTESIAN_POINT('',(43.69525960892,16.462346141299,
    5.532501205079));
#12213 = CARTESIAN_POINT('',(43.737445419185,16.449806792864,
    5.512440147545));
#12214 = CARTESIAN_POINT('',(43.778953421301,16.436629140146,
    5.491697949616));
#12215 = CARTESIAN_POINT('',(43.819746660821,16.422804687148,
    5.470317747029));
#12216 = CARTESIAN_POINT('',(43.859791174683,16.408324645653,
    5.448345478083));
#12217 = CARTESIAN_POINT('',(43.899055991209,16.393179935224,
    5.425829883641));
#12218 = CARTESIAN_POINT('',(44.017143719355,16.344606366278,
    5.35518269301));
#12219 = CARTESIAN_POINT('',(44.093436013655,16.308910464438,
    5.305359399979));
#12220 = CARTESIAN_POINT('',(44.165935502344,16.270252323748,
    5.253906882226));
#12221 = CARTESIAN_POINT('',(44.234333116603,16.228628085286,
    5.20143400422));
#12222 = CARTESIAN_POINT('',(44.298451057146,16.184057173813,
    5.148563599576));
#12223 = CARTESIAN_POINT('',(44.358228621907,16.136588286429,
    5.09589182992));
#12224 = CARTESIAN_POINT('',(44.461392525424,16.043087281113,
    4.999301488571));
#12225 = CARTESIAN_POINT('',(44.505812290604,15.997871209482,
    4.955276515292));
#12226 = CARTESIAN_POINT('',(44.546976928009,15.950758651585,
    4.912240544905));
#12227 = CARTESIAN_POINT('',(44.584964791951,15.901878124685,
    4.870517638994));
#12228 = CARTESIAN_POINT('',(44.619900310202,15.851395256018,
    4.830376339045));
#12229 = CARTESIAN_POINT('',(44.651936119362,15.79952280706,
    4.792025449728));
#12230 = CARTESIAN_POINT('',(44.721409611443,15.673889330852,
    4.705709164273));
#12231 = CARTESIAN_POINT('',(44.756356577924,15.599305338993,
    4.659562393341));
#12232 = CARTESIAN_POINT('',(44.786815496696,15.523016615958,
    4.617214799434));
#12233 = CARTESIAN_POINT('',(44.813400067404,15.445304766193,
    4.5785973482));
#12234 = CARTESIAN_POINT('',(44.836626657586,15.366505499054,
    4.54357018281));
#12235 = CARTESIAN_POINT('',(44.856932556239,15.287017929698,
    4.511949756176));
#12236 = CARTESIAN_POINT('',(44.907468101515,15.060172915184,
    4.431057263442));
#12237 = CARTESIAN_POINT('',(44.931824797586,14.911099160615,
    4.389059732117));
#12238 = CARTESIAN_POINT('',(44.950258174907,14.761156534244,
    4.355868185835));
#12239 = CARTESIAN_POINT('',(44.964276917982,14.61126213392,
    4.329851329143));
#12240 = CARTESIAN_POINT('',(44.974933311032,14.461893258222,
    4.309669410512));
#12241 = CARTESIAN_POINT('',(44.982950857013,14.312847474349,
    4.294263986939));
#12242 = CARTESIAN_POINT('',(44.996706353218,13.96200997126,
    4.26757780434));
#12243 = CARTESIAN_POINT('',(45.000722626923,13.759600565279,
    4.259516954269));
#12244 = CARTESIAN_POINT('',(45.001900874085,13.557344663878,
    4.257153795439));
#12245 = CARTESIAN_POINT('',(45.000881803433,13.356330216597,
    4.259208739061));
#12246 = CARTESIAN_POINT('',(44.99810808993,13.156767358463,
    4.26474271009));
#12247 = CARTESIAN_POINT('',(44.993838060811,12.95769420437,
    4.273155857903));
#12248 = CARTESIAN_POINT('',(44.975436541524,12.308714129174,
    4.308809251003));
#12249 = CARTESIAN_POINT('',(44.955624048674,11.851473006688,
    4.346501020014));
#12250 = CARTESIAN_POINT('',(44.930433895462,11.394091027318,
    4.392554133979));
#12251 = CARTESIAN_POINT('',(44.900847414323,10.943050420511,
    4.443436888814));
#12252 = CARTESIAN_POINT('',(44.867467716249,10.498619279792,
    4.497510511953));
#12253 = CARTESIAN_POINT('',(44.829943224378,10.0543674052,
    4.554657574922));
#12254 = CARTESIAN_POINT('',(44.728567950349,8.988349459632,
    4.69813438063));
#12255 = CARTESIAN_POINT('',(44.662483758109,8.383755749865,
    4.784315161747));
#12256 = CARTESIAN_POINT('',(44.587924358234,7.781613377104,
    4.873146083858));
#12257 = CARTESIAN_POINT('',(44.503297044744,7.176555396729,
    4.964808305644));
#12258 = CARTESIAN_POINT('',(44.406567747498,6.567754721092,
    5.058942697531));
#12259 = CARTESIAN_POINT('',(44.295385024504,5.959600709781,
    5.15452504414));
#12260 = CARTESIAN_POINT('',(44.167387133261,5.363419142822,
    5.249404398466));
#12261 = CYLINDRICAL_SURFACE('',#12262,2.5);
#12262 = AXIS2_PLACEMENT_3D('',#12263,#12264,#12265);
#12263 = CARTESIAN_POINT('',(42.5,6.,7.));
#12264 = DIRECTION('',(0.,0.939793423488,-0.341743063087));
#12265 = DIRECTION('',(0.,0.341743063087,0.939793423488));
#12266 = ADVANCED_FACE('',(#12267),#12319,.T.);
#12267 = FACE_BOUND('',#12268,.T.);
#12268 = EDGE_LOOP('',(#12269,#12270,#12271,#12318));
#12269 = ORIENTED_EDGE('',*,*,#11400,.F.);
#12270 = ORIENTED_EDGE('',*,*,#11955,.F.);
#12271 = ORIENTED_EDGE('',*,*,#12272,.F.);
#12272 = EDGE_CURVE('',#12195,#11956,#12273,.T.);
#12273 = B_SPLINE_CURVE_WITH_KNOTS('',7,(#12274,#12275,#12276,#12277,
    #12278,#12279,#12280,#12281,#12282,#12283,#12284,#12285,#12286,
    #12287,#12288,#12289,#12290,#12291,#12292,#12293,#12294,#12295,
    #12296,#12297,#12298,#12299,#12300,#12301,#12302,#12303,#12304,
    #12305,#12306,#12307,#12308,#12309,#12310,#12311,#12312,#12313,
    #12314,#12315,#12316,#12317),.UNSPECIFIED.,.F.,.F.,(8,6,6,6,6,6,6,8)
  ,(0.,7.242438937314E-02,0.148182904216,0.244896723732,0.378440759719,
    0.494386123192,0.640023874173,1.),.UNSPECIFIED.);
#12274 = CARTESIAN_POINT('',(42.5,8.749545416973,5.8));
#12275 = CARTESIAN_POINT('',(42.549105101667,8.749545416973,5.8));
#12276 = CARTESIAN_POINT('',(42.598212921693,8.748083729563,
    5.798995284585));
#12277 = CARTESIAN_POINT('',(42.647204637616,8.745160239693,
    5.79698566292));
#12278 = CARTESIAN_POINT('',(42.695967859054,8.740787453015,
    5.793983240027));
#12279 = CARTESIAN_POINT('',(42.744396671311,8.734989229036,
    5.790011128571));
#12280 = CARTESIAN_POINT('',(42.792391678981,8.72779951427,
    5.785102160639));
#12281 = CARTESIAN_POINT('',(42.889513671596,8.710329561398,
    5.773225819931));
#12282 = CARTESIAN_POINT('',(42.938594984092,8.699921560413,
    5.766173562742));
#12283 = CARTESIAN_POINT('',(42.987001382789,8.688085348729,
    5.758187513156));
#12284 = CARTESIAN_POINT('',(43.034647026767,8.674877286173,
    5.749322500954));
#12285 = CARTESIAN_POINT('',(43.081461381835,8.660359223856,
    5.739638904854));
#12286 = CARTESIAN_POINT('',(43.127387763922,8.644595911913,
    5.72920005687));
#12287 = CARTESIAN_POINT('',(43.229821670872,8.606022217482,
    5.703860491613));
#12288 = CARTESIAN_POINT('',(43.285741457569,8.582468858426,
    5.688524352644));
#12289 = CARTESIAN_POINT('',(43.340056979072,8.557125792932,
    5.672192922836));
#12290 = CARTESIAN_POINT('',(43.392715626691,8.530125836796,
    5.654997500652));
#12291 = CARTESIAN_POINT('',(43.443691668646,8.501596927119,
    5.637065101643));
#12292 = CARTESIAN_POINT('',(43.492981472165,8.471657890669,
    5.618514570133));
#12293 = CARTESIAN_POINT('',(43.606349413912,8.397272426134,
    5.573131733924));
#12294 = CARTESIAN_POINT('',(43.668900219985,8.351650615985,
    5.545840296732));
#12295 = CARTESIAN_POINT('',(43.728299770219,8.303822003233,
    5.517858441023));
#12296 = CARTESIAN_POINT('',(43.784626563401,8.25403277847,
    5.489436468344));
#12297 = CARTESIAN_POINT('',(43.837982313773,8.202498782826,
    5.460794115399));
#12298 = CARTESIAN_POINT('',(43.88848529412,8.149402189346,
    5.432119749353));
#12299 = CARTESIAN_POINT('',(43.977745742389,8.047558132717,
    5.378781771633));
#12300 = CARTESIAN_POINT('',(44.01716871806,7.999165719939,
    5.354090942032));
#12301 = CARTESIAN_POINT('',(44.054613891931,7.949810001427,
    5.329601859413));
#12302 = CARTESIAN_POINT('',(44.090160476473,7.899580029125,
    5.305407386361));
#12303 = CARTESIAN_POINT('',(44.123885593557,7.84855482707,
    5.281589332793));
#12304 = CARTESIAN_POINT('',(44.155864257454,7.796803366943,
    5.258219325802));
#12305 = CARTESIAN_POINT('',(44.224235275511,7.678541811214,
    5.206645918323));
#12306 = CARTESIAN_POINT('',(44.259657931145,7.611651056129,
    5.178739538764));
#12307 = CARTESIAN_POINT('',(44.292580872199,7.543830065643,
    5.151764489292));
#12308 = CARTESIAN_POINT('',(44.323135501777,7.475184487648,
    5.125827288473));
#12309 = CARTESIAN_POINT('',(44.351442152071,7.40580792019,
    5.101018807402));
#12310 = CARTESIAN_POINT('',(44.37761115782,7.335782001023,
    5.077416052135));
#12311 = CARTESIAN_POINT('',(44.461393448453,7.090659275024,
    4.999885174171));
#12312 = CARTESIAN_POINT('',(44.508583139086,6.912656948079,
    4.952467179567));
#12313 = CARTESIAN_POINT('',(44.544860786251,6.732193080669,
    4.913792166085));
#12314 = CARTESIAN_POINT('',(44.571305755218,6.550109112494,
    4.884472124007));
#12315 = CARTESIAN_POINT('',(44.58868247372,6.367064966159,
    4.864826845193));
#12316 = CARTESIAN_POINT('',(44.597373357321,6.1835534376,4.855));
#12317 = CARTESIAN_POINT('',(44.597373357321,6.,4.855));
#12318 = ORIENTED_EDGE('',*,*,#12194,.F.);
#12319 = SPHERICAL_SURFACE('',#12320,3.);
#12320 = AXIS2_PLACEMENT_3D('',#12321,#12322,#12323);
#12321 = CARTESIAN_POINT('',(42.5,6.,7.));
#12322 = DIRECTION('',(0.,0.,1.));
#12323 = DIRECTION('',(1.,0.,-0.));
#12324 = ADVANCED_FACE('',(#12325),#12354,.T.);
#12325 = FACE_BOUND('',#12326,.T.);
#12326 = EDGE_LOOP('',(#12327,#12338,#12344,#12345,#12346,#12347));
#12327 = ORIENTED_EDGE('',*,*,#12328,.T.);
#12328 = EDGE_CURVE('',#12329,#12331,#12333,.T.);
#12329 = VERTEX_POINT('',#12330);
#12330 = CARTESIAN_POINT('',(37.138241412602,6.,71.147242378068));
#12331 = VERTEX_POINT('',#12332);
#12332 = CARTESIAN_POINT('',(33.861758587398,6.,71.147242378068));
#12333 = CIRCLE('',#12334,1.638241412602);
#12334 = AXIS2_PLACEMENT_3D('',#12335,#12336,#12337);
#12335 = CARTESIAN_POINT('',(35.5,6.,71.147242378068));
#12336 = DIRECTION('',(0.,0.,1.));
#12337 = DIRECTION('',(0.,-1.,0.));
#12338 = ORIENTED_EDGE('',*,*,#12339,.F.);
#12339 = EDGE_CURVE('',#11522,#12331,#12340,.T.);
#12340 = LINE('',#12341,#12342);
#12341 = CARTESIAN_POINT('',(33.5,6.,82.));
#12342 = VECTOR('',#12343,1.);
#12343 = DIRECTION('',(3.331483023264E-02,8.159780041708E-18,
    -0.999444906979));
#12344 = ORIENTED_EDGE('',*,*,#11521,.F.);
#12345 = ORIENTED_EDGE('',*,*,#11530,.F.);
#12346 = ORIENTED_EDGE('',*,*,#12339,.T.);
#12347 = ORIENTED_EDGE('',*,*,#12348,.T.);
#12348 = EDGE_CURVE('',#12331,#12329,#12349,.T.);
#12349 = CIRCLE('',#12350,1.638241412602);
#12350 = AXIS2_PLACEMENT_3D('',#12351,#12352,#12353);
#12351 = CARTESIAN_POINT('',(35.5,6.,71.147242378068));
#12352 = DIRECTION('',(0.,0.,1.));
#12353 = DIRECTION('',(0.,-1.,0.));
#12354 = CONICAL_SURFACE('',#12355,2.,3.332099587825E-02);
#12355 = AXIS2_PLACEMENT_3D('',#12356,#12357,#12358);
#12356 = CARTESIAN_POINT('',(35.5,6.,82.));
#12357 = DIRECTION('',(-0.,-0.,1.));
#12358 = DIRECTION('',(-1.,0.,-0.));
#12359 = ADVANCED_FACE('',(#12360),#12374,.T.);
#12360 = FACE_BOUND('',#12361,.T.);
#12361 = EDGE_LOOP('',(#12362,#12363,#12372,#12373));
#12362 = ORIENTED_EDGE('',*,*,#11547,.F.);
#12363 = ORIENTED_EDGE('',*,*,#12364,.F.);
#12364 = EDGE_CURVE('',#12365,#11548,#12367,.T.);
#12365 = VERTEX_POINT('',#12366);
#12366 = CARTESIAN_POINT('',(68.5,6.,68.));
#12367 = CIRCLE('',#12368,2.);
#12368 = AXIS2_PLACEMENT_3D('',#12369,#12370,#12371);
#12369 = CARTESIAN_POINT('',(68.5,6.,70.));
#12370 = DIRECTION('',(-2.449293598295E-16,-1.,0.));
#12371 = DIRECTION('',(1.,-2.449293598295E-16,0.));
#12372 = ORIENTED_EDGE('',*,*,#12364,.T.);
#12373 = ORIENTED_EDGE('',*,*,#11567,.F.);
#12374 = SPHERICAL_SURFACE('',#12375,2.);
#12375 = AXIS2_PLACEMENT_3D('',#12376,#12377,#12378);
#12376 = CARTESIAN_POINT('',(68.5,6.,70.));
#12377 = DIRECTION('',(0.,0.,1.));
#12378 = DIRECTION('',(1.,0.,-0.));
#12379 = ADVANCED_FACE('',(#12380),#12401,.T.);
#12380 = FACE_BOUND('',#12381,.T.);
#12381 = EDGE_LOOP('',(#12382,#12383,#12384,#12391,#12392,#12393,#12394)
  );
#12382 = ORIENTED_EDGE('',*,*,#11602,.T.);
#12383 = ORIENTED_EDGE('',*,*,#11733,.T.);
#12384 = ORIENTED_EDGE('',*,*,#12385,.F.);
#12385 = EDGE_CURVE('',#11811,#11725,#12386,.T.);
#12386 = CIRCLE('',#12387,2.8);
#12387 = AXIS2_PLACEMENT_3D('',#12388,#12389,#12390);
#12388 = CARTESIAN_POINT('',(61.5,15.450806661517,3.));
#12389 = DIRECTION('',(0.,1.,0.));
#12390 = DIRECTION('',(0.,-0.,1.));
#12391 = ORIENTED_EDGE('',*,*,#11830,.T.);
#12392 = ORIENTED_EDGE('',*,*,#11899,.T.);
#12393 = ORIENTED_EDGE('',*,*,#11678,.F.);
#12394 = ORIENTED_EDGE('',*,*,#12395,.T.);
#12395 = EDGE_CURVE('',#11670,#11603,#12396,.T.);
#12396 = CIRCLE('',#12397,2.8);
#12397 = AXIS2_PLACEMENT_3D('',#12398,#12399,#12400);
#12398 = CARTESIAN_POINT('',(61.5,3.549193338483,3.));
#12399 = DIRECTION('',(0.,1.,0.));
#12400 = DIRECTION('',(0.,-0.,1.));
#12401 = CYLINDRICAL_SURFACE('',#12402,2.8);
#12402 = AXIS2_PLACEMENT_3D('',#12403,#12404,#12405);
#12403 = CARTESIAN_POINT('',(61.5,2.,3.));
#12404 = DIRECTION('',(0.,1.,0.));
#12405 = DIRECTION('',(0.,-0.,1.));
#12406 = ADVANCED_FACE('',(#12407,#12411),#12415,.T.);
#12407 = FACE_BOUND('',#12408,.T.);
#12408 = VERTEX_LOOP('',#12409);
#12409 = VERTEX_POINT('',#12410);
#12410 = CARTESIAN_POINT('',(61.5,2.,-0.2));
#12411 = FACE_BOUND('',#12412,.T.);
#12412 = EDGE_LOOP('',(#12413,#12414));
#12413 = ORIENTED_EDGE('',*,*,#12395,.F.);
#12414 = ORIENTED_EDGE('',*,*,#11669,.T.);
#12415 = SPHERICAL_SURFACE('',#12416,3.2);
#12416 = AXIS2_PLACEMENT_3D('',#12417,#12418,#12419);
#12417 = CARTESIAN_POINT('',(61.5,2.,3.));
#12418 = DIRECTION('',(0.,0.,1.));
#12419 = DIRECTION('',(1.,0.,-0.));
#12420 = ADVANCED_FACE('',(#12421,#12425,#12436),#12441,.T.);
#12421 = FACE_BOUND('',#12422,.T.);
#12422 = VERTEX_LOOP('',#12423);
#12423 = VERTEX_POINT('',#12424);
#12424 = CARTESIAN_POINT('',(61.5,17.,6.2));
#12425 = FACE_BOUND('',#12426,.T.);
#12426 = EDGE_LOOP('',(#12427));
#12427 = ORIENTED_EDGE('',*,*,#12428,.T.);
#12428 = EDGE_CURVE('',#12429,#12429,#12431,.T.);
#12429 = VERTEX_POINT('',#12430);
#12430 = CARTESIAN_POINT('',(61.5,19.093182416909,5.420451893664));
#12431 = CIRCLE('',#12432,2.616719086382);
#12432 = AXIS2_PLACEMENT_3D('',#12433,#12434,#12435);
#12433 = CARTESIAN_POINT('',(61.5,18.832809136181,2.816719086382));
#12434 = DIRECTION('',(0.,-0.99503719021,9.9503719021E-02));
#12435 = DIRECTION('',(0.,-9.9503719021E-02,-0.99503719021));
#12436 = FACE_BOUND('',#12437,.T.);
#12437 = EDGE_LOOP('',(#12438,#12439,#12440));
#12438 = ORIENTED_EDGE('',*,*,#11724,.T.);
#12439 = ORIENTED_EDGE('',*,*,#11810,.T.);
#12440 = ORIENTED_EDGE('',*,*,#12385,.T.);
#12441 = SPHERICAL_SURFACE('',#12442,3.2);
#12442 = AXIS2_PLACEMENT_3D('',#12443,#12444,#12445);
#12443 = CARTESIAN_POINT('',(61.5,17.,3.));
#12444 = DIRECTION('',(0.,0.,1.));
#12445 = DIRECTION('',(1.,0.,-0.));
#12446 = ADVANCED_FACE('',(#12447),#12468,.T.);
#12447 = FACE_BOUND('',#12448,.T.);
#12448 = EDGE_LOOP('',(#12449,#12450,#12451,#12458,#12459,#12460,#12461)
  );
#12449 = ORIENTED_EDGE('',*,*,#11975,.T.);
#12450 = ORIENTED_EDGE('',*,*,#12106,.T.);
#12451 = ORIENTED_EDGE('',*,*,#12452,.F.);
#12452 = EDGE_CURVE('',#12184,#12098,#12453,.T.);
#12453 = CIRCLE('',#12454,2.8);
#12454 = AXIS2_PLACEMENT_3D('',#12455,#12456,#12457);
#12455 = CARTESIAN_POINT('',(42.5,15.450806661517,3.));
#12456 = DIRECTION('',(0.,1.,0.));
#12457 = DIRECTION('',(0.,-0.,1.));
#12458 = ORIENTED_EDGE('',*,*,#12203,.T.);
#12459 = ORIENTED_EDGE('',*,*,#12272,.T.);
#12460 = ORIENTED_EDGE('',*,*,#12051,.F.);
#12461 = ORIENTED_EDGE('',*,*,#12462,.T.);
#12462 = EDGE_CURVE('',#12043,#11976,#12463,.T.);
#12463 = CIRCLE('',#12464,2.8);
#12464 = AXIS2_PLACEMENT_3D('',#12465,#12466,#12467);
#12465 = CARTESIAN_POINT('',(42.5,3.549193338483,3.));
#12466 = DIRECTION('',(0.,1.,0.));
#12467 = DIRECTION('',(0.,-0.,1.));
#12468 = CYLINDRICAL_SURFACE('',#12469,2.8);
#12469 = AXIS2_PLACEMENT_3D('',#12470,#12471,#12472);
#12470 = CARTESIAN_POINT('',(42.5,2.,3.));
#12471 = DIRECTION('',(0.,1.,0.));
#12472 = DIRECTION('',(0.,-0.,1.));
#12473 = ADVANCED_FACE('',(#12474,#12478),#12482,.T.);
#12474 = FACE_BOUND('',#12475,.T.);
#12475 = VERTEX_LOOP('',#12476);
#12476 = VERTEX_POINT('',#12477);
#12477 = CARTESIAN_POINT('',(42.5,2.,-0.2));
#12478 = FACE_BOUND('',#12479,.T.);
#12479 = EDGE_LOOP('',(#12480,#12481));
#12480 = ORIENTED_EDGE('',*,*,#12462,.F.);
#12481 = ORIENTED_EDGE('',*,*,#12042,.T.);
#12482 = SPHERICAL_SURFACE('',#12483,3.2);
#12483 = AXIS2_PLACEMENT_3D('',#12484,#12485,#12486);
#12484 = CARTESIAN_POINT('',(42.5,2.,3.));
#12485 = DIRECTION('',(0.,0.,1.));
#12486 = DIRECTION('',(1.,0.,-0.));
#12487 = ADVANCED_FACE('',(#12488,#12492,#12503),#12508,.T.);
#12488 = FACE_BOUND('',#12489,.T.);
#12489 = VERTEX_LOOP('',#12490);
#12490 = VERTEX_POINT('',#12491);
#12491 = CARTESIAN_POINT('',(42.5,17.,6.2));
#12492 = FACE_BOUND('',#12493,.T.);
#12493 = EDGE_LOOP('',(#12494));
#12494 = ORIENTED_EDGE('',*,*,#12495,.T.);
#12495 = EDGE_CURVE('',#12496,#12496,#12498,.T.);
#12496 = VERTEX_POINT('',#12497);
#12497 = CARTESIAN_POINT('',(42.5,19.093182416909,5.420451893664));
#12498 = CIRCLE('',#12499,2.616719086382);
#12499 = AXIS2_PLACEMENT_3D('',#12500,#12501,#12502);
#12500 = CARTESIAN_POINT('',(42.5,18.832809136181,2.816719086382));
#12501 = DIRECTION('',(0.,-0.99503719021,9.9503719021E-02));
#12502 = DIRECTION('',(0.,-9.9503719021E-02,-0.99503719021));
#12503 = FACE_BOUND('',#12504,.T.);
#12504 = EDGE_LOOP('',(#12505,#12506,#12507));
#12505 = ORIENTED_EDGE('',*,*,#12097,.T.);
#12506 = ORIENTED_EDGE('',*,*,#12183,.T.);
#12507 = ORIENTED_EDGE('',*,*,#12452,.T.);
#12508 = SPHERICAL_SURFACE('',#12509,3.2);
#12509 = AXIS2_PLACEMENT_3D('',#12510,#12511,#12512);
#12510 = CARTESIAN_POINT('',(42.5,17.,3.));
#12511 = DIRECTION('',(0.,0.,1.));
#12512 = DIRECTION('',(1.,0.,-0.));
#12513 = ADVANCED_FACE('',(#12514),#12528,.T.);
#12514 = FACE_BOUND('',#12515,.T.);
#12515 = EDGE_LOOP('',(#12516,#12517,#12526,#12527));
#12516 = ORIENTED_EDGE('',*,*,#12328,.F.);
#12517 = ORIENTED_EDGE('',*,*,#12518,.F.);
#12518 = EDGE_CURVE('',#12519,#12329,#12521,.T.);
#12519 = VERTEX_POINT('',#12520);
#12520 = CARTESIAN_POINT('',(35.5,6.,68.));
#12521 = CIRCLE('',#12522,2.);
#12522 = AXIS2_PLACEMENT_3D('',#12523,#12524,#12525);
#12523 = CARTESIAN_POINT('',(35.5,6.,70.));
#12524 = DIRECTION('',(-2.449293598295E-16,-1.,0.));
#12525 = DIRECTION('',(1.,-2.449293598295E-16,0.));
#12526 = ORIENTED_EDGE('',*,*,#12518,.T.);
#12527 = ORIENTED_EDGE('',*,*,#12348,.F.);
#12528 = SPHERICAL_SURFACE('',#12529,2.);
#12529 = AXIS2_PLACEMENT_3D('',#12530,#12531,#12532);
#12530 = CARTESIAN_POINT('',(35.5,6.,70.));
#12531 = DIRECTION('',(0.,0.,1.));
#12532 = DIRECTION('',(1.,0.,-0.));
#12533 = ADVANCED_FACE('',(#12534),#12553,.T.);
#12534 = FACE_BOUND('',#12535,.T.);
#12535 = EDGE_LOOP('',(#12536,#12545,#12551,#12552));
#12536 = ORIENTED_EDGE('',*,*,#12537,.T.);
#12537 = EDGE_CURVE('',#12538,#12538,#12540,.T.);
#12538 = VERTEX_POINT('',#12539);
#12539 = CARTESIAN_POINT('',(61.5,21.242775608388,4.987289934999));
#12540 = CIRCLE('',#12541,2.399599345061);
#12541 = AXIS2_PLACEMENT_3D('',#12542,#12543,#12544);
#12542 = CARTESIAN_POINT('',(61.5,21.004006549395,2.599599345061));
#12543 = DIRECTION('',(0.,-0.99503719021,9.9503719021E-02));
#12544 = DIRECTION('',(0.,-9.9503719021E-02,-0.99503719021));
#12545 = ORIENTED_EDGE('',*,*,#12546,.F.);
#12546 = EDGE_CURVE('',#12429,#12538,#12547,.T.);
#12547 = LINE('',#12548,#12549);
#12548 = CARTESIAN_POINT('',(61.5,17.278610413259,5.786104132588));
#12549 = VECTOR('',#12550,1.);
#12550 = DIRECTION('',(2.42516203838E-17,0.980295206686,-0.197538117203)
  );
#12551 = ORIENTED_EDGE('',*,*,#12428,.F.);
#12552 = ORIENTED_EDGE('',*,*,#12546,.T.);
#12553 = CONICAL_SURFACE('',#12554,2.8,9.91772610794E-02);
#12554 = AXIS2_PLACEMENT_3D('',#12555,#12556,#12557);
#12555 = CARTESIAN_POINT('',(61.5,17.,3.));
#12556 = DIRECTION('',(-0.,-0.99503719021,9.9503719021E-02));
#12557 = DIRECTION('',(0.,9.9503719021E-02,0.99503719021));
#12558 = ADVANCED_FACE('',(#12559),#12578,.T.);
#12559 = FACE_BOUND('',#12560,.T.);
#12560 = EDGE_LOOP('',(#12561,#12570,#12576,#12577));
#12561 = ORIENTED_EDGE('',*,*,#12562,.T.);
#12562 = EDGE_CURVE('',#12563,#12563,#12565,.T.);
#12563 = VERTEX_POINT('',#12564);
#12564 = CARTESIAN_POINT('',(42.5,21.242775608389,4.987289934999));
#12565 = CIRCLE('',#12566,2.399599345061);
#12566 = AXIS2_PLACEMENT_3D('',#12567,#12568,#12569);
#12567 = CARTESIAN_POINT('',(42.5,21.004006549395,2.599599345061));
#12568 = DIRECTION('',(0.,-0.99503719021,9.9503719021E-02));
#12569 = DIRECTION('',(0.,-9.9503719021E-02,-0.99503719021));
#12570 = ORIENTED_EDGE('',*,*,#12571,.F.);
#12571 = EDGE_CURVE('',#12496,#12563,#12572,.T.);
#12572 = LINE('',#12573,#12574);
#12573 = CARTESIAN_POINT('',(42.5,17.278610413259,5.786104132588));
#12574 = VECTOR('',#12575,1.);
#12575 = DIRECTION('',(2.42516203838E-17,0.980295206686,-0.197538117203)
  );
#12576 = ORIENTED_EDGE('',*,*,#12495,.F.);
#12577 = ORIENTED_EDGE('',*,*,#12571,.T.);
#12578 = CONICAL_SURFACE('',#12579,2.8,9.91772610794E-02);
#12579 = AXIS2_PLACEMENT_3D('',#12580,#12581,#12582);
#12580 = CARTESIAN_POINT('',(42.5,17.,3.));
#12581 = DIRECTION('',(-0.,-0.99503719021,9.9503719021E-02));
#12582 = DIRECTION('',(0.,9.9503719021E-02,0.99503719021));
#12583 = ADVANCED_FACE('',(#12584,#12588),#12591,.T.);
#12584 = FACE_BOUND('',#12585,.T.);
#12585 = VERTEX_LOOP('',#12586);
#12586 = VERTEX_POINT('',#12587);
#12587 = CARTESIAN_POINT('',(61.5,22.,5.1));
#12588 = FACE_BOUND('',#12589,.T.);
#12589 = EDGE_LOOP('',(#12590));
#12590 = ORIENTED_EDGE('',*,*,#12537,.F.);
#12591 = SPHERICAL_SURFACE('',#12592,2.6);
#12592 = AXIS2_PLACEMENT_3D('',#12593,#12594,#12595);
#12593 = CARTESIAN_POINT('',(61.5,22.,2.5));
#12594 = DIRECTION('',(0.,0.,1.));
#12595 = DIRECTION('',(1.,0.,-0.));
#12596 = ADVANCED_FACE('',(#12597,#12601),#12604,.T.);
#12597 = FACE_BOUND('',#12598,.T.);
#12598 = VERTEX_LOOP('',#12599);
#12599 = VERTEX_POINT('',#12600);
#12600 = CARTESIAN_POINT('',(42.5,22.,5.1));
#12601 = FACE_BOUND('',#12602,.T.);
#12602 = EDGE_LOOP('',(#12603));
#12603 = ORIENTED_EDGE('',*,*,#12562,.F.);
#12604 = SPHERICAL_SURFACE('',#12605,2.6);
#12605 = AXIS2_PLACEMENT_3D('',#12606,#12607,#12608);
#12606 = CARTESIAN_POINT('',(42.5,22.,2.5));
#12607 = DIRECTION('',(0.,0.,1.));
#12608 = DIRECTION('',(1.,0.,-0.));
#12609 = ( GEOMETRIC_REPRESENTATION_CONTEXT(3) 
GLOBAL_UNCERTAINTY_ASSIGNED_CONTEXT((#12613)) 
GLOBAL_UNIT_ASSIGNED_CONTEXT((#12610,#12611,#12612)) 
REPRESENTATION_CONTEXT('Context #1',
  '3D Context with UNIT and UNCERTAINTY') );
#12610 = ( LENGTH_UNIT() NAMED_UNIT(*) SI_UNIT(.MILLI.,.METRE.) );
#12611 = ( NAMED_UNIT(*) PLANE_ANGLE_UNIT() SI_UNIT($,.RADIAN.) );
#12612 = ( NAMED_UNIT(*) SI_UNIT($,.STERADIAN.) SOLID_ANGLE_UNIT() );
#12613 = UNCERTAINTY_MEASURE_WITH_UNIT(LENGTH_MEASURE(5.E-07),#12610,
  'distance_accuracy_value','confusion accuracy');
#12614 = PRODUCT_RELATED_PRODUCT_CATEGORY('part',$,(#7));
ENDSEC;
END-ISO-10303-21;
