ISO-10303-21;
HEADER;
FILE_DESCRIPTION(('FreeCAD Model'),'2;1');
FILE_NAME('Open CASCADE Shape Model','2026-10-06T14:31:26',('FreeCAD'),(
    'FreeCAD'),'Open CASCADE STEP processor 7.8','FreeCAD','Unknown');
FILE_SCHEMA(('AUTOMOTIVE_DESIGN { 1 0 10303 214 1 1 1 1 }'));
ENDSEC;
DATA;
#1 = APPLICATION_PROTOCOL_DEFINITION('international standard',
  'automotive_design',2000,#2);
#2 = APPLICATION_CONTEXT(
  'core data for automotive mechanical design processes');
#3 = SHAPE_DEFINITION_REPRESENTATION(#4,#10);
#4 = PRODUCT_DEFINITION_SHAPE('','',#5);
#5 = PRODUCT_DEFINITION('design','',#6,#9);
#6 = PRODUCT_DEFINITION_FORMATION('','',#7);
#7 = PRODUCT('Open CASCADE STEP translator 7.8 3',
  'Open CASCADE STEP translator 7.8 3','',(#8));
#8 = PRODUCT_CONTEXT('',#2,'mechanical');
#9 = PRODUCT_DEFINITION_CONTEXT('part definition',#2,'design');
#10 = ADVANCED_BREP_SHAPE_REPRESENTATION('',(#11,#15),#3892);
#11 = AXIS2_PLACEMENT_3D('',#12,#13,#14);
#12 = CARTESIAN_POINT('',(0.,0.,0.));
#13 = DIRECTION('',(0.,0.,1.));
#14 = DIRECTION('',(1.,0.,-0.));
#15 = MANIFOLD_SOLID_BREP('',#16);
#16 = CLOSED_SHELL('',(#17,#62,#128,#164,#215,#315,#343,#776,#1004,#1136
    ,#1276,#1312,#1349,#1385,#1421,#1457,#1493,#1528,#1564,#1599,#1929,
    #1964,#2000,#2140,#2293,#2329,#2364,#2400,#2437,#2473,#2509,#2544,
    #2564,#2600,#2636,#2656,#2796,#2936,#3069,#3164,#3251,#3309,#3442,
    #3537,#3624,#3682,#3709,#3723,#3749,#3776,#3790,#3816,#3841,#3866,
    #3879));
#17 = ADVANCED_FACE('',(#18),#57,.T.);
#18 = FACE_BOUND('',#19,.T.);
#19 = EDGE_LOOP('',(#20,#31,#40,#41,#50));
#20 = ORIENTED_EDGE('',*,*,#21,.T.);
#21 = EDGE_CURVE('',#22,#24,#26,.T.);
#22 = VERTEX_POINT('',#23);
#23 = CARTESIAN_POINT('',(0.71565024807,-2.595927285661,149.3225));
#24 = VERTEX_POINT('',#25);
#25 = CARTESIAN_POINT('',(3.730303203642,-9.136607756379E-16,
    149.84168545713));
#26 = CIRCLE('',#27,3.920944989008);
#27 = AXIS2_PLACEMENT_3D('',#28,#29,#30);
#28 = CARTESIAN_POINT('',(0.,1.184291258244,150.07854370878));
#29 = DIRECTION('',(0.,-0.196116135138,0.980580675691));
#30 = DIRECTION('',(0.,-0.980580675691,-0.196116135138));
#31 = ORIENTED_EDGE('',*,*,#32,.T.);
#32 = EDGE_CURVE('',#24,#33,#35,.T.);
#33 = VERTEX_POINT('',#34);
#34 = CARTESIAN_POINT('',(4.40872847693E-16,-1.079827043517E-31,163.2));
#35 = CIRCLE('',#36,7.2);
#36 = AXIS2_PLACEMENT_3D('',#37,#38,#39);
#37 = CARTESIAN_POINT('',(0.,0.,156.));
#38 = DIRECTION('',(-2.449293598295E-16,-1.,0.));
#39 = DIRECTION('',(1.,-2.449293598295E-16,0.));
#40 = ORIENTED_EDGE('',*,*,#32,.F.);
#41 = ORIENTED_EDGE('',*,*,#42,.T.);
#42 = EDGE_CURVE('',#24,#43,#45,.T.);
#43 = VERTEX_POINT('',#44);
#44 = CARTESIAN_POINT('',(-0.71565024807,-2.595927285661,149.3225));
#45 = CIRCLE('',#46,3.920944989008);
#46 = AXIS2_PLACEMENT_3D('',#47,#48,#49);
#47 = CARTESIAN_POINT('',(0.,1.184291258244,150.07854370878));
#48 = DIRECTION('',(0.,-0.196116135138,0.980580675691));
#49 = DIRECTION('',(0.,-0.980580675691,-0.196116135138));
#50 = ORIENTED_EDGE('',*,*,#51,.F.);
#51 = EDGE_CURVE('',#22,#43,#52,.T.);
#52 = CIRCLE('',#53,2.692766931987);
#53 = AXIS2_PLACEMENT_3D('',#54,#55,#56);
#54 = CARTESIAN_POINT('',(0.,0.,149.3225));
#55 = DIRECTION('',(0.,0.,-1.));
#56 = DIRECTION('',(0.,1.,0.));
#57 = SPHERICAL_SURFACE('',#58,7.2);
#58 = AXIS2_PLACEMENT_3D('',#59,#60,#61);
#59 = CARTESIAN_POINT('',(0.,0.,156.));
#60 = DIRECTION('',(0.,0.,1.));
#61 = DIRECTION('',(1.,0.,-0.));
#62 = ADVANCED_FACE('',(#63),#123,.T.);
#63 = FACE_BOUND('',#64,.T.);
#64 = EDGE_LOOP('',(#65,#76,#85,#106,#107,#108));
#65 = ORIENTED_EDGE('',*,*,#66,.T.);
#66 = EDGE_CURVE('',#67,#69,#71,.T.);
#67 = VERTEX_POINT('',#68);
#68 = CARTESIAN_POINT('',(2.618068758008,-1.239960329973,148.77988098991
    ));
#69 = VERTEX_POINT('',#70);
#70 = CARTESIAN_POINT('',(3.708722988212,1.5,149.32787305591));
#71 = CIRCLE('',#72,3.712275142542);
#72 = AXIS2_PLACEMENT_3D('',#73,#74,#75);
#73 = CARTESIAN_POINT('',(0.,1.340793643094,149.29603178453));
#74 = DIRECTION('',(0.,-0.196116135138,0.980580675691));
#75 = DIRECTION('',(0.,-0.980580675691,-0.196116135138));
#76 = ORIENTED_EDGE('',*,*,#77,.T.);
#77 = EDGE_CURVE('',#69,#78,#80,.T.);
#78 = VERTEX_POINT('',#79);
#79 = CARTESIAN_POINT('',(-2.618068758008,-1.239960329973,
    148.77988098991));
#80 = CIRCLE('',#81,3.712275142542);
#81 = AXIS2_PLACEMENT_3D('',#82,#83,#84);
#82 = CARTESIAN_POINT('',(0.,1.340793643094,149.29603178453));
#83 = DIRECTION('',(0.,-0.196116135138,0.980580675691));
#84 = DIRECTION('',(0.,-0.980580675691,-0.196116135138));
#85 = ORIENTED_EDGE('',*,*,#86,.F.);
#86 = EDGE_CURVE('',#43,#78,#87,.T.);
#87 = B_SPLINE_CURVE_WITH_KNOTS('',5,(#88,#89,#90,#91,#92,#93,#94,#95,
    #96,#97,#98,#99,#100,#101,#102,#103,#104,#105),.UNSPECIFIED.,.F.,.F.
  ,(6,4,4,4,6),(0.,0.226541122984,0.458391203447,0.719010972143,1.),
  .UNSPECIFIED.);
#88 = CARTESIAN_POINT('',(-0.715650248065,-2.595927285661,149.3225));
#89 = CARTESIAN_POINT('',(-0.828418992165,-2.569182910082,
    149.31397332674));
#90 = CARTESIAN_POINT('',(-0.939581076809,-2.537260441401,
    149.30371559397));
#91 = CARTESIAN_POINT('',(-1.048725485385,-2.500331954015,
    149.29171776327));
#92 = CARTESIAN_POINT('',(-1.155478803775,-2.458631226832,
    149.27796596479));
#93 = CARTESIAN_POINT('',(-1.36596980513,-2.365174092538,149.24655505918
    ));
#94 = CARTESIAN_POINT('',(-1.469580133359,-2.313204074539,
    149.22881165399));
#95 = CARTESIAN_POINT('',(-1.569977699987,-2.256839589474,
    149.20919302604));
#96 = CARTESIAN_POINT('',(-1.666858652848,-2.196436909776,
    149.18767370339));
#97 = CARTESIAN_POINT('',(-1.864636253749,-2.060396755539,
    149.13786193252));
#98 = CARTESIAN_POINT('',(-1.964540718367,-1.983798025867,
    149.10906006372));
#99 = CARTESIAN_POINT('',(-2.059326883118,-1.903153799875,
    149.07777292797));
#100 = CARTESIAN_POINT('',(-2.148729657351,-1.819076847771,
    149.0439449731));
#101 = CARTESIAN_POINT('',(-2.32295473669,-1.638566658918,
    148.96822728373));
#102 = CARTESIAN_POINT('',(-2.406872643665,-1.54168165503,148.9259142621
    ));
#103 = CARTESIAN_POINT('',(-2.484093399669,-1.442371742156,
    148.88048657113));
#104 = CARTESIAN_POINT('',(-2.554499123346,-1.341498492586,
    148.83184581708));
#105 = CARTESIAN_POINT('',(-2.61806875801,-1.239960329971,
    148.77988098991));
#106 = ORIENTED_EDGE('',*,*,#42,.F.);
#107 = ORIENTED_EDGE('',*,*,#21,.F.);
#108 = ORIENTED_EDGE('',*,*,#109,.F.);
#109 = EDGE_CURVE('',#67,#22,#110,.T.);
#110 = B_SPLINE_CURVE_WITH_KNOTS('',6,(#111,#112,#113,#114,#115,#116,
    #117,#118,#119,#120,#121,#122),.UNSPECIFIED.,.F.,.F.,(7,5,7),(0.,
    0.541859125919,1.),.UNSPECIFIED.);
#111 = CARTESIAN_POINT('',(2.61806875801,-1.239960329971,148.77988098991
    ));
#112 = CARTESIAN_POINT('',(2.515915688143,-1.403126833516,
    148.86338574259));
#113 = CARTESIAN_POINT('',(2.396815826575,-1.564645922167,
    148.93865058662));
#114 = CARTESIAN_POINT('',(2.260840278962,-1.721299538948,
    149.00607518668));
#115 = CARTESIAN_POINT('',(2.108514600514,-1.870034297598,
    149.06599581412));
#116 = CARTESIAN_POINT('',(1.940867925884,-2.008010703422,
    149.11868525722));
#117 = CARTESIAN_POINT('',(1.606146214761,-2.238155669495,149.2029452173
    ));
#118 = CARTESIAN_POINT('',(1.442968583883,-2.334119567651,
    149.23652511535));
#119 = CARTESIAN_POINT('',(1.270964482486,-2.419059194396,
    149.26519040361));
#120 = CARTESIAN_POINT('',(1.091382006972,-2.491660739687,
    149.28903904982));
#121 = CARTESIAN_POINT('',(0.905698354814,-2.550855240339,
    149.30813007753));
#122 = CARTESIAN_POINT('',(0.715650248065,-2.595927285661,149.3225));
#123 = CONICAL_SURFACE('',#124,5.5,0.255761501847);
#124 = AXIS2_PLACEMENT_3D('',#125,#126,#127);
#125 = CARTESIAN_POINT('',(0.,0.,156.));
#126 = DIRECTION('',(-0.,-0.196116135138,0.980580675691));
#127 = DIRECTION('',(0.,-0.980580675691,-0.196116135138));
#128 = ADVANCED_FACE('',(#129),#159,.T.);
#129 = FACE_BOUND('',#130,.T.);
#130 = EDGE_LOOP('',(#131,#142,#149,#150,#151,#152));
#131 = ORIENTED_EDGE('',*,*,#132,.F.);
#132 = EDGE_CURVE('',#133,#135,#137,.T.);
#133 = VERTEX_POINT('',#134);
#134 = CARTESIAN_POINT('',(2.57896634666,-0.496698491447,146.55009545734
    ));
#135 = VERTEX_POINT('',#136);
#136 = CARTESIAN_POINT('',(-2.578966349996,-0.49669848918,
    146.55009546068));
#137 = CIRCLE('',#138,2.626361900674);
#138 = AXIS2_PLACEMENT_3D('',#139,#140,#141);
#139 = CARTESIAN_POINT('',(0.,0.,146.5500954629));
#140 = DIRECTION('',(0.,0.,-1.));
#141 = DIRECTION('',(0.,1.,0.));
#142 = ORIENTED_EDGE('',*,*,#143,.T.);
#143 = EDGE_CURVE('',#133,#67,#144,.T.);
#144 = CIRCLE('',#145,2.852304331589);
#145 = AXIS2_PLACEMENT_3D('',#146,#147,#148);
#146 = CARTESIAN_POINT('',(0.,-0.882,147.706));
#147 = DIRECTION('',(0.,-0.948683298051,-0.316227766017));
#148 = DIRECTION('',(0.,0.316227766017,-0.948683298051));
#149 = ORIENTED_EDGE('',*,*,#109,.T.);
#150 = ORIENTED_EDGE('',*,*,#51,.T.);
#151 = ORIENTED_EDGE('',*,*,#86,.T.);
#152 = ORIENTED_EDGE('',*,*,#153,.T.);
#153 = EDGE_CURVE('',#78,#135,#154,.T.);
#154 = CIRCLE('',#155,2.852304331589);
#155 = AXIS2_PLACEMENT_3D('',#156,#157,#158);
#156 = CARTESIAN_POINT('',(0.,-0.882,147.706));
#157 = DIRECTION('',(0.,-0.948683298051,-0.316227766017));
#158 = DIRECTION('',(0.,0.316227766017,-0.948683298051));
#159 = SPHERICAL_SURFACE('',#160,3.);
#160 = AXIS2_PLACEMENT_3D('',#161,#162,#163);
#161 = CARTESIAN_POINT('',(0.,0.,148.));
#162 = DIRECTION('',(0.,0.,1.));
#163 = DIRECTION('',(1.,0.,-0.));
#164 = ADVANCED_FACE('',(#165),#210,.T.);
#165 = FACE_BOUND('',#166,.T.);
#166 = EDGE_LOOP('',(#167,#176,#177,#178,#199));
#167 = ORIENTED_EDGE('',*,*,#168,.T.);
#168 = EDGE_CURVE('',#169,#69,#171,.T.);
#169 = VERTEX_POINT('',#170);
#170 = CARTESIAN_POINT('',(2.181547834698,1.5,145.38859371908));
#171 = CIRCLE('',#172,3.8);
#172 = AXIS2_PLACEMENT_3D('',#173,#174,#175);
#173 = CARTESIAN_POINT('',(0.,1.5,148.5));
#174 = DIRECTION('',(-2.449293598295E-16,-1.,0.));
#175 = DIRECTION('',(1.,-2.449293598295E-16,0.));
#176 = ORIENTED_EDGE('',*,*,#66,.F.);
#177 = ORIENTED_EDGE('',*,*,#143,.F.);
#178 = ORIENTED_EDGE('',*,*,#179,.T.);
#179 = EDGE_CURVE('',#133,#180,#182,.T.);
#180 = VERTEX_POINT('',#181);
#181 = CARTESIAN_POINT('',(2.63260608993,-6.448025242897E-16,
    146.20666505384));
#182 = B_SPLINE_CURVE_WITH_KNOTS('',8,(#183,#184,#185,#186,#187,#188,
    #189,#190,#191,#192,#193,#194,#195,#196,#197,#198),.UNSPECIFIED.,.F.
  ,.F.,(9,7,9),(0.,0.532040193167,1.),.UNSPECIFIED.);
#183 = CARTESIAN_POINT('',(1.943867851018,-1.726666666667,148.));
#184 = CARTESIAN_POINT('',(1.994418996702,-1.673728995011,
    147.85490505277));
#185 = CARTESIAN_POINT('',(2.054189841754,-1.606722168,147.71522713468)
  );
#186 = CARTESIAN_POINT('',(2.119012607959,-1.527545433858,147.5804203484
    ));
#187 = CARTESIAN_POINT('',(2.185318075825,-1.437667447311,
    147.45001031301));
#188 = CARTESIAN_POINT('',(2.250612033777,-1.338308882766,
    147.32365187965));
#189 = CARTESIAN_POINT('',(2.313000407127,-1.230469705599,
    147.20097657523));
#190 = CARTESIAN_POINT('',(2.371094775144,-1.11486174945,147.08158504658
    ));
#191 = CARTESIAN_POINT('',(2.470013536958,-0.883660447743,146.8624530734
    ));
#192 = CARTESIAN_POINT('',(2.511986362523,-0.769950022187,
    146.76227422996));
#193 = CARTESIAN_POINT('',(2.54879116879,-0.65120974853,146.66431244377)
  );
#194 = CARTESIAN_POINT('',(2.579702491287,-0.527926508659,
    146.56849351415));
#195 = CARTESIAN_POINT('',(2.604083268855,-0.40060585749,146.47479416304
    ));
#196 = CARTESIAN_POINT('',(2.621361611968,-0.269785633111,
    146.38322606684));
#197 = CARTESIAN_POINT('',(2.631021311783,-0.136043724952,
    146.29382785193));
#198 = CARTESIAN_POINT('',(2.63260608993,0.,146.20666505384));
#199 = ORIENTED_EDGE('',*,*,#200,.T.);
#200 = EDGE_CURVE('',#180,#169,#201,.T.);
#201 = B_SPLINE_CURVE_WITH_KNOTS('',7,(#202,#203,#204,#205,#206,#207,
    #208,#209),.UNSPECIFIED.,.F.,.F.,(8,8),(0.,1.),
  .PIECEWISE_BEZIER_KNOTS.);
#202 = CARTESIAN_POINT('',(2.63260608993,-2.113789596824E-16,
    146.20666505384));
#203 = CARTESIAN_POINT('',(2.635077374288,0.212144980805,146.07074441415
    ));
#204 = CARTESIAN_POINT('',(2.617503024574,0.430022071872,145.94036030961
    ));
#205 = CARTESIAN_POINT('',(2.578018404602,0.651053159623,145.81581508357
    ));
#206 = CARTESIAN_POINT('',(2.51517120041,0.872233207802,145.69763941565)
  );
#207 = CARTESIAN_POINT('',(2.428052492275,1.090108752809,145.58649556646
    ));
#208 = CARTESIAN_POINT('',(2.316460318833,1.300752414147,145.48318697087
    ));
#209 = CARTESIAN_POINT('',(2.181547834698,1.5,145.38859371908));
#210 = SPHERICAL_SURFACE('',#211,3.8);
#211 = AXIS2_PLACEMENT_3D('',#212,#213,#214);
#212 = CARTESIAN_POINT('',(0.,1.5,148.5));
#213 = DIRECTION('',(0.,0.,1.));
#214 = DIRECTION('',(1.,0.,-0.));
#215 = ADVANCED_FACE('',(#216),#310,.T.);
#216 = FACE_BOUND('',#217,.T.);
#217 = EDGE_LOOP('',(#218,#219,#220,#309));
#218 = ORIENTED_EDGE('',*,*,#77,.F.);
#219 = ORIENTED_EDGE('',*,*,#168,.F.);
#220 = ORIENTED_EDGE('',*,*,#221,.T.);
#221 = EDGE_CURVE('',#169,#135,#222,.T.);
#222 = B_SPLINE_CURVE_WITH_KNOTS('',7,(#223,#224,#225,#226,#227,#228,
    #229,#230,#231,#232,#233,#234,#235,#236,#237,#238,#239,#240,#241,
    #242,#243,#244,#245,#246,#247,#248,#249,#250,#251,#252,#253,#254,
    #255,#256,#257,#258,#259,#260,#261,#262,#263,#264,#265,#266,#267,
    #268,#269,#270,#271,#272,#273,#274,#275,#276,#277,#278,#279,#280,
    #281,#282,#283,#284,#285,#286,#287,#288,#289,#290,#291,#292,#293,
    #294,#295,#296,#297,#298,#299,#300,#301,#302,#303,#304,#305,#306,
    #307,#308),.UNSPECIFIED.,.F.,.F.,(8,6,6,6,6,6,6,6,6,6,6,6,6,6,8),(0.
    ,5.34209550706E-02,0.135912862179,0.211893258738,0.272895238934,
    0.333622740168,0.356183637674,0.409662458686,0.51994812366,
    0.602523018041,0.696336688008,0.852821312254,0.939738383037,
    0.965534779731,1.),.UNSPECIFIED.);
#223 = CARTESIAN_POINT('',(2.181547834698,1.5,145.38859371908));
#224 = CARTESIAN_POINT('',(2.140854746582,1.560098215615,145.36006195234
    ));
#225 = CARTESIAN_POINT('',(2.098044250681,1.619153417882,145.33232604477
    ));
#226 = CARTESIAN_POINT('',(2.053150416415,1.67704967676,145.30541086661)
  );
#227 = CARTESIAN_POINT('',(2.006218800057,1.73366954449,145.27934163772)
  );
#228 = CARTESIAN_POINT('',(1.957307925784,1.788895636026,145.25414346027
    ));
#229 = CARTESIAN_POINT('',(1.906490766737,1.842612209462,145.22984085134
    ));
#230 = CARTESIAN_POINT('',(1.772578689324,1.975150416941,145.17034867826
    ));
#231 = CARTESIAN_POINT('',(1.686955559189,2.051738127875,145.13642623395
    ));
#232 = CARTESIAN_POINT('',(1.597327808766,2.124039607776,145.10478387318
    ));
#233 = CARTESIAN_POINT('',(1.504113727645,2.191663606828,145.07549978238
    ));
#234 = CARTESIAN_POINT('',(1.407815342692,2.254277344127,145.04863215105
    ));
#235 = CARTESIAN_POINT('',(1.309004616316,2.311627582095,145.02421359901
    ));
#236 = CARTESIAN_POINT('',(1.115524196505,2.411399518428,144.98200911955
    ));
#237 = CARTESIAN_POINT('',(1.021122405205,2.454653089749,144.96384722082
    ));
#238 = CARTESIAN_POINT('',(0.925567031643,2.493195735732,144.94776308333
    ));
#239 = CARTESIAN_POINT('',(0.829313639421,2.527005199595,144.93372403959
    ));
#240 = CARTESIAN_POINT('',(0.732740212114,2.556146883301,144.92167001335
    ));
#241 = CARTESIAN_POINT('',(0.63612006655,2.580741237692,144.91152702259)
  );
#242 = CARTESIAN_POINT('',(0.462139605925,2.617115287985,144.89655857338
    ));
#243 = CARTESIAN_POINT('',(0.384730586654,2.6304669348,144.89107840625)
  );
#244 = CARTESIAN_POINT('',(0.307454983588,2.641042335966,144.88674580834
    ));
#245 = CARTESIAN_POINT('',(0.230327612843,2.648912968093,144.88352521327
    ));
#246 = CARTESIAN_POINT('',(0.153321065138,2.654134801203,144.88138976948
    ));
#247 = CARTESIAN_POINT('',(7.637842744639E-02,2.656737760909,
    144.88032530355));
#248 = CARTESIAN_POINT('',(-7.716907207897E-02,2.656704661676,
    144.88033883933));
#249 = CARTESIAN_POINT('',(-0.153766196624,2.654092125029,
    144.88140722178));
#250 = CARTESIAN_POINT('',(-0.230426955716,2.648883978979,144.8835370846
    ));
#251 = CARTESIAN_POINT('',(-0.307207359902,2.64105060963,144.88674245588
    ));
#252 = CARTESIAN_POINT('',(-0.384134427556,2.630536853037,144.8910498045
    ));
#253 = CARTESIAN_POINT('',(-0.46119374171,2.617272300118,144.8964941645)
  );
#254 = CARTESIAN_POINT('',(-0.566976522681,2.595211730471,
    144.90557213154));
#255 = CARTESIAN_POINT('',(-0.595639494361,2.588846976926,
    144.90819317718));
#256 = CARTESIAN_POINT('',(-0.624307717078,2.582089577904,
    144.91097819051));
#257 = CARTESIAN_POINT('',(-0.652976601474,2.574936172205,
    144.91392906925));
#258 = CARTESIAN_POINT('',(-0.681640584999,2.567383626553,
    144.91704767591));
#259 = CARTESIAN_POINT('',(-0.710293131912,2.5594290356,144.92033583771)
  );
#260 = CARTESIAN_POINT('',(-0.806800417913,2.531254630807,
    144.93199583869));
#261 = CARTESIAN_POINT('',(-0.874571021201,2.509164906793,
    144.94115936258));
#262 = CARTESIAN_POINT('',(-0.94213400244,2.48476728471,144.95130876443)
  );
#263 = CARTESIAN_POINT('',(-1.009361150088,2.458041255201,
    144.96246374602));
#264 = CARTESIAN_POINT('',(-1.076106268724,2.42898316972,144.97463906877
    ));
#265 = CARTESIAN_POINT('',(-1.142210866011,2.397610345536,
    144.98784275753));
#266 = CARTESIAN_POINT('',(-1.34217138593,2.294581059288,145.03142303731
    ));
#267 = CARTESIAN_POINT('',(-1.473440657977,2.215515304444,
    145.06515047989));
#268 = CARTESIAN_POINT('',(-1.599847143937,2.127136472362,
    145.10325292113));
#269 = CARTESIAN_POINT('',(-1.720051960867,2.030133568249,
    145.14562526232));
#270 = CARTESIAN_POINT('',(-1.833005934361,1.925420285138,
    145.19209047651));
#271 = CARTESIAN_POINT('',(-1.937918712751,1.814019067342,
    145.24243318356));
#272 = CARTESIAN_POINT('',(-2.106361846469,1.609425753212,
    145.33680961513));
#273 = CARTESIAN_POINT('',(-2.173687266796,1.518666291742,
    145.37926187374));
#274 = CARTESIAN_POINT('',(-2.236002837959,1.425176775404,
    145.42366621599));
#275 = CARTESIAN_POINT('',(-2.29317351005,1.329389035381,145.46993023929
    ));
#276 = CARTESIAN_POINT('',(-2.345128137066,1.231724481571,
    145.51796438191));
#277 = CARTESIAN_POINT('',(-2.391847250199,1.132587299417,
    145.56768402055));
#278 = CARTESIAN_POINT('',(-2.480511170855,0.918495768144,
    145.67732276781));
#279 = CARTESIAN_POINT('',(-2.520940892837,0.803224586551,
    145.73770930044));
#280 = CARTESIAN_POINT('',(-2.554680693571,0.687106872513,
    145.80005765984));
#281 = CARTESIAN_POINT('',(-2.58183661827,0.570667441147,145.86426620334
    ));
#282 = CARTESIAN_POINT('',(-2.602567486855,0.454394741307,
    145.93024512275));
#283 = CARTESIAN_POINT('',(-2.617073993702,0.338740410602,
    145.99791817335));
#284 = CARTESIAN_POINT('',(-2.639803559935,3.293220798578E-02,
    146.18283162185));
#285 = CARTESIAN_POINT('',(-2.637353117932,-0.155352105675,
    146.30296913877));
#286 = CARTESIAN_POINT('',(-2.619353569047,-0.338836321886,
    146.42738002901));
#287 = CARTESIAN_POINT('',(-2.587164372992,-0.515840718539,
    146.55589914705));
#288 = CARTESIAN_POINT('',(-2.542388783002,-0.684859145728,
    146.68848480792));
#289 = CARTESIAN_POINT('',(-2.486874523294,-0.844540290127,
    146.82523440633));
#290 = CARTESIAN_POINT('',(-2.38753482979,-1.076273740152,
    147.04509081001));
#291 = CARTESIAN_POINT('',(-2.349493470158,-1.155703265364,
    147.12499926451));
#292 = CARTESIAN_POINT('',(-2.309291454984,-1.2315917907,147.20638923894
    ));
#293 = CARTESIAN_POINT('',(-2.267397176267,-1.303687970471,
    147.2893524993));
#294 = CARTESIAN_POINT('',(-2.224364871161,-1.371713693767,
    147.37399566643));
#295 = CARTESIAN_POINT('',(-2.180868363916,-1.435355682232,
    147.46045495834));
#296 = CARTESIAN_POINT('',(-2.124944869524,-1.511721924664,
    147.57517622803));
#297 = CARTESIAN_POINT('',(-2.112179369718,-1.528779904662,
    147.60160732672));
#298 = CARTESIAN_POINT('',(-2.099469534737,-1.545408087088,
    147.62821787368));
#299 = CARTESIAN_POINT('',(-2.086839093777,-1.561595675182,
    147.65501197554));
#300 = CARTESIAN_POINT('',(-2.07431338475,-1.577331137791,
    147.68199357949));
#301 = CARTESIAN_POINT('',(-2.061919354274,-1.592602209376,
    147.70916647331));
#302 = CARTESIAN_POINT('',(-2.033340620087,-1.627160955161,
    147.77309899177));
#303 = CARTESIAN_POINT('',(-2.017282206963,-1.646073386559,
    147.81001076189));
#304 = CARTESIAN_POINT('',(-2.001577871741,-1.664102726962,
    147.84727883962));
#305 = CARTESIAN_POINT('',(-1.986302008147,-1.68121484907,
    147.88490990124));
#306 = CARTESIAN_POINT('',(-1.971534710312,-1.697372673856,
    147.92290761551));
#307 = CARTESIAN_POINT('',(-1.957360632862,-1.712536888888,
    147.96127220376));
#308 = CARTESIAN_POINT('',(-1.943867851018,-1.726666666667,148.));
#309 = ORIENTED_EDGE('',*,*,#153,.F.);
#310 = SPHERICAL_SURFACE('',#311,3.8);
#311 = AXIS2_PLACEMENT_3D('',#312,#313,#314);
#312 = CARTESIAN_POINT('',(0.,1.5,148.5));
#313 = DIRECTION('',(0.,0.,1.));
#314 = DIRECTION('',(1.,0.,-0.));
#315 = ADVANCED_FACE('',(#316),#338,.T.);
#316 = FACE_BOUND('',#317,.T.);
#317 = EDGE_LOOP('',(#318,#319,#320,#321,#329,#336,#337));
#318 = ORIENTED_EDGE('',*,*,#132,.T.);
#319 = ORIENTED_EDGE('',*,*,#221,.F.);
#320 = ORIENTED_EDGE('',*,*,#200,.F.);
#321 = ORIENTED_EDGE('',*,*,#322,.F.);
#322 = EDGE_CURVE('',#323,#180,#325,.T.);
#323 = VERTEX_POINT('',#324);
#324 = CARTESIAN_POINT('',(2.72751888646,-6.680494547833E-16,
    140.98646124472));
#325 = LINE('',#326,#327);
#326 = CARTESIAN_POINT('',(2.8,-6.858022075225E-16,137.));
#327 = VECTOR('',#328,1.);
#328 = DIRECTION('',(-1.817881366751E-02,4.452525194044E-18,
    0.999834751713));
#329 = ORIENTED_EDGE('',*,*,#330,.F.);
#330 = EDGE_CURVE('',#323,#323,#331,.T.);
#331 = CIRCLE('',#332,2.72751888646);
#332 = AXIS2_PLACEMENT_3D('',#333,#334,#335);
#333 = CARTESIAN_POINT('',(0.,0.,140.98646124472));
#334 = DIRECTION('',(0.,0.,-1.));
#335 = DIRECTION('',(0.,1.,0.));
#336 = ORIENTED_EDGE('',*,*,#322,.T.);
#337 = ORIENTED_EDGE('',*,*,#179,.F.);
#338 = CONICAL_SURFACE('',#339,2.8,1.817981507298E-02);
#339 = AXIS2_PLACEMENT_3D('',#340,#341,#342);
#340 = CARTESIAN_POINT('',(0.,0.,137.));
#341 = DIRECTION('',(-0.,-0.,-1.));
#342 = DIRECTION('',(1.,0.,-0.));
#343 = ADVANCED_FACE('',(#344),#771,.T.);
#344 = FACE_BOUND('',#345,.T.);
#345 = EDGE_LOOP('',(#346,#347,#356,#418,#427,#564,#701,#710,#770));
#346 = ORIENTED_EDGE('',*,*,#330,.T.);
#347 = ORIENTED_EDGE('',*,*,#348,.F.);
#348 = EDGE_CURVE('',#349,#323,#351,.T.);
#349 = VERTEX_POINT('',#350);
#350 = CARTESIAN_POINT('',(7.071067811865,-4.373296765339E-16,136.5));
#351 = CIRCLE('',#352,7.5);
#352 = AXIS2_PLACEMENT_3D('',#353,#354,#355);
#353 = CARTESIAN_POINT('',(0.,0.,134.));
#354 = DIRECTION('',(-2.449293598295E-16,-1.,0.));
#355 = DIRECTION('',(1.,-2.449293598295E-16,0.));
#356 = ORIENTED_EDGE('',*,*,#357,.F.);
#357 = EDGE_CURVE('',#358,#349,#360,.T.);
#358 = VERTEX_POINT('',#359);
#359 = CARTESIAN_POINT('',(6.201162528484,2.661657004373,130.72720834723
    ));
#360 = B_SPLINE_CURVE_WITH_KNOTS('',6,(#361,#362,#363,#364,#365,#366,
    #367,#368,#369,#370,#371,#372,#373,#374,#375,#376,#377,#378,#379,
    #380,#381,#382,#383,#384,#385,#386,#387,#388,#389,#390,#391,#392,
    #393,#394,#395,#396,#397,#398,#399,#400,#401,#402,#403,#404,#405,
    #406,#407,#408,#409,#410,#411,#412,#413,#414,#415,#416,#417),
  .UNSPECIFIED.,.F.,.F.,(7,5,5,5,5,5,5,5,5,5,5,7),(0.,0.176888099078,
    0.250201356654,0.324323370156,0.371869122507,0.404291470343,
    0.481891549312,0.594916043308,0.646462730054,0.730544681661,
    0.816709888916,1.),.UNSPECIFIED.);
#361 = CARTESIAN_POINT('',(6.,-1.469576158977E-15,129.5));
#362 = CARTESIAN_POINT('',(6.,0.326431384591,129.5));
#363 = CARTESIAN_POINT('',(6.006089104256,0.6529721957,129.53653478808)
  );
#364 = CARTESIAN_POINT('',(6.018274132614,0.974130875573,129.60964413225
    ));
#365 = CARTESIAN_POINT('',(6.036313764903,1.284821541825,129.71816241314
    ));
#366 = CARTESIAN_POINT('',(6.059793375644,1.580179679834,129.86014723729
    ));
#367 = CARTESIAN_POINT('',(6.099832396079,1.969975380523,130.10390880886
    ));
#368 = CARTESIAN_POINT('',(6.11239563661,2.08081289559,130.18056024459)
  );
#369 = CARTESIAN_POINT('',(6.125748308803,2.187966828587,130.26222688153
    ));
#370 = CARTESIAN_POINT('',(6.139845052173,2.291155718454,130.34867768212
    ));
#371 = CARTESIAN_POINT('',(6.154637521103,2.390120172912,130.43966234918
    ));
#372 = CARTESIAN_POINT('',(6.185682910385,2.580166482532,130.6312147315)
  );
#373 = CARTESIAN_POINT('',(6.201950342768,2.671150568123,130.73187832465
    ));
#374 = CARTESIAN_POINT('',(6.218825099937,2.757329063991,130.8366278528)
  );
#375 = CARTESIAN_POINT('',(6.236253226222,2.838482850611,130.94517336461
    ));
#376 = CARTESIAN_POINT('',(6.25417962314,2.91441754707,131.05721266961)
  );
#377 = CARTESIAN_POINT('',(6.284331424857,3.030213078047,131.24634131123
    ));
#378 = CARTESIAN_POINT('',(6.296296408152,3.073246392629,131.32155882925
    ));
#379 = CARTESIAN_POINT('',(6.308428865134,3.114017159761,131.39800314211
    ));
#380 = CARTESIAN_POINT('',(6.320714109589,3.152484566067,131.47559060182
    ));
#381 = CARTESIAN_POINT('',(6.333137452842,3.18861186683,131.55423628781)
  );
#382 = CARTESIAN_POINT('',(6.354240070522,3.245384231055,131.68814683548
    ));
#383 = CARTESIAN_POINT('',(6.362853332128,3.267298699382,131.74289171518
    ));
#384 = CARTESIAN_POINT('',(6.371519338131,3.288099424713,131.79806135119
    ));
#385 = CARTESIAN_POINT('',(6.380233455204,3.307776897467,131.85362825386
    ));
#386 = CARTESIAN_POINT('',(6.388991067134,3.32632246474,131.90956473868)
  );
#387 = CARTESIAN_POINT('',(6.418841253438,3.385387760676,132.10053988972
    ));
#388 = CARTESIAN_POINT('',(6.440117817716,3.420518479687,132.23719473112
    ));
#389 = CARTESIAN_POINT('',(6.461554094493,3.449013646462,132.37542443853
    ));
#390 = CARTESIAN_POINT('',(6.483087946655,3.47079398263,132.51484221813)
  );
#391 = CARTESIAN_POINT('',(6.504658273144,3.485807772329,132.65505749427
    ));
#392 = CARTESIAN_POINT('',(6.557587823811,3.50600779037,133.00048659296)
  );
#393 = CARTESIAN_POINT('',(6.58892128775,3.503578803127,133.20615698025)
  );
#394 = CARTESIAN_POINT('',(6.620019248183,3.486669728331,133.41146561741
    ));
#395 = CARTESIAN_POINT('',(6.650702799039,3.455328885641,133.61519045994
    ));
#396 = CARTESIAN_POINT('',(6.680799870792,3.409732826204,133.81611289374
    ));
#397 = CARTESIAN_POINT('',(6.723528069369,3.323037528429,134.10282529411
    ));
#398 = CARTESIAN_POINT('',(6.736754968573,3.292982467395,134.19179467922
    ));
#399 = CARTESIAN_POINT('',(6.749809863851,3.260056238858,134.27981532684
    ));
#400 = CARTESIAN_POINT('',(6.762677475625,3.224294075842,134.36677388103
    ));
#401 = CARTESIAN_POINT('',(6.775342899015,3.185737094791,134.45255821449
    ));
#402 = CARTESIAN_POINT('',(6.808097688705,3.07705671144,134.67489090093)
  );
#403 = CARTESIAN_POINT('',(6.827827363503,3.002369127142,134.8093066243)
  );
#404 = CARTESIAN_POINT('',(6.846917230785,2.920575254721,134.93982160974
    ));
#405 = CARTESIAN_POINT('',(6.865307330619,2.831921077113,135.06596835961
    ));
#406 = CARTESIAN_POINT('',(6.882941078143,2.736695119958,135.18729741703
    ));
#407 = CARTESIAN_POINT('',(6.917006166827,2.531252395251,135.4223385305)
  );
#408 = CARTESIAN_POINT('',(6.933397290016,2.420720217376,135.53579014134
    ));
#409 = CARTESIAN_POINT('',(6.948881092112,2.303994321802,135.64327218531
    ));
#410 = CARTESIAN_POINT('',(6.963405130387,2.181476356935,135.74435444649
    ));
#411 = CARTESIAN_POINT('',(6.976921977925,2.053610935397,135.83864242716
    ));
#412 = CARTESIAN_POINT('',(7.015909411064,1.63855769813,136.11114077142)
  );
#413 = CARTESIAN_POINT('',(7.037691225384,1.334127035163,136.26422639806
    ));
#414 = CARTESIAN_POINT('',(7.054300904445,1.012473251401,136.38144002817
    ));
#415 = CARTESIAN_POINT('',(7.065481002887,0.678999109534,136.4604952861)
  );
#416 = CARTESIAN_POINT('',(7.071067811865,0.339440922214,136.5));
#417 = CARTESIAN_POINT('',(7.071067811865,8.572527594031E-16,136.5));
#418 = ORIENTED_EDGE('',*,*,#419,.T.);
#419 = EDGE_CURVE('',#358,#420,#422,.T.);
#420 = VERTEX_POINT('',#421);
#421 = CARTESIAN_POINT('',(-6.201162527648,2.661657017617,
    130.72720836273));
#422 = CIRCLE('',#423,6.748246796239);
#423 = AXIS2_PLACEMENT_3D('',#424,#425,#426);
#424 = CARTESIAN_POINT('',(0.,0.,130.7272083511));
#425 = DIRECTION('',(0.,0.,1.));
#426 = DIRECTION('',(0.,-1.,0.));
#427 = ORIENTED_EDGE('',*,*,#428,.T.);
#428 = EDGE_CURVE('',#420,#429,#431,.T.);
#429 = VERTEX_POINT('',#430);
#430 = CARTESIAN_POINT('',(-7.071067811865,8.572527594031E-16,136.5));
#431 = B_SPLINE_CURVE_WITH_KNOTS('',6,(#432,#433,#434,#435,#436,#437,
    #438,#439,#440,#441,#442,#443,#444,#445,#446,#447,#448,#449,#450,
    #451,#452,#453,#454,#455,#456,#457,#458,#459,#460,#461,#462,#463,
    #464,#465,#466,#467,#468,#469,#470,#471,#472,#473,#474,#475,#476,
    #477,#478,#479,#480,#481,#482,#483,#484,#485,#486,#487,#488,#489,
    #490,#491,#492,#493,#494,#495,#496,#497,#498,#499,#500,#501,#502,
    #503,#504,#505,#506,#507,#508,#509,#510,#511,#512,#513,#514,#515,
    #516,#517,#518,#519,#520,#521,#522,#523,#524,#525,#526,#527,#528,
    #529,#530,#531,#532,#533,#534,#535,#536,#537,#538,#539,#540,#541,
    #542,#543,#544,#545,#546,#547,#548,#549,#550,#551,#552,#553,#554,
    #555,#556,#557,#558,#559,#560,#561,#562,#563),.UNSPECIFIED.,.T.,.F.,
  (7,5,5,5,5,5,5,5,5,5,5,5,5,5,5,5,5,5,5,5,5,5,5,5,5,5,7),(0.,
    9.164313309981E-02,0.134724991541,0.177017588579,0.20279111886,
    0.259049412437,0.29810219907,0.314312824163,0.338084752157,
    0.374892503746,0.411548498195,0.435578847587,0.453074032314,
    0.49999983168,0.546925631045,0.564420815773,0.588451165164,
    0.625107159614,0.661914911203,0.685686839196,0.701897464289,
    0.740950250923,0.7972085445,0.822982074781,0.865274671818,
    0.90835653026,1.),.UNSPECIFIED.);
#432 = CARTESIAN_POINT('',(-7.071067811865,8.881784197001E-16,136.5));
#433 = CARTESIAN_POINT('',(-7.071067811865,-0.339446922635,136.5));
#434 = CARTESIAN_POINT('',(-7.065480802121,-0.679003090505,
    136.46049386483));
#435 = CARTESIAN_POINT('',(-7.05430081828,-1.012474237731,
    136.38143942588));
#436 = CARTESIAN_POINT('',(-7.03769119951,-1.334127888233,
    136.26422621213));
#437 = CARTESIAN_POINT('',(-7.015909313538,-1.638558736379,
    136.11114008977));
#438 = CARTESIAN_POINT('',(-6.976921977888,-2.053610935793,
    135.8386424269));
#439 = CARTESIAN_POINT('',(-6.96340513032,-2.181476357552,
    135.74435444602));
#440 = CARTESIAN_POINT('',(-6.948881092029,-2.303994322469,
    135.64327218473));
#441 = CARTESIAN_POINT('',(-6.933397289935,-2.420720217939,
    135.53579014078));
#442 = CARTESIAN_POINT('',(-6.917006166772,-2.531252395579,
    135.42233853013));
#443 = CARTESIAN_POINT('',(-6.882840090673,-2.737304164048,
    135.1866006272));
#444 = CARTESIAN_POINT('',(-6.86509560464,-2.8330640582,135.0645115899)
  );
#445 = CARTESIAN_POINT('',(-6.846585984058,-2.92217101014,
    134.93754946549));
#446 = CARTESIAN_POINT('',(-6.827368859673,-3.004331537091,
    134.80617198229));
#447 = CARTESIAN_POINT('',(-6.807505316325,-3.079295729788,
    134.67085530954));
#448 = CARTESIAN_POINT('',(-6.7746003517,-3.188026152852,134.44752734174
    ));
#449 = CARTESIAN_POINT('',(-6.761924585582,-3.226447600087,
    134.36168240408));
#450 = CARTESIAN_POINT('',(-6.749047202056,-3.262072427215,
    134.27466757389));
#451 = CARTESIAN_POINT('',(-6.735983118332,-3.2948596888,134.18659502635
    ));
#452 = CARTESIAN_POINT('',(-6.722747625732,-3.324774321487,
    134.09757815704));
#453 = CARTESIAN_POINT('',(-6.680126087122,-3.410750556586,
    133.81161506463));
#454 = CARTESIAN_POINT('',(-6.650153310762,-3.455888354333,
    133.61154224569));
#455 = CARTESIAN_POINT('',(-6.619601586243,-3.486895945447,
    133.40870828542));
#456 = CARTESIAN_POINT('',(-6.588640747277,-3.503600265151,
    133.20431556003));
#457 = CARTESIAN_POINT('',(-6.557447336939,-3.505954175001,
    132.99956974683));
#458 = CARTESIAN_POINT('',(-6.504517540464,-3.48575406315,
    132.65413904395));
#459 = CARTESIAN_POINT('',(-6.482806170282,-3.470597567841,
    132.51301058911));
#460 = CARTESIAN_POINT('',(-6.46113215072,-3.448586004322,
    132.37269269718));
#461 = CARTESIAN_POINT('',(-6.439557795485,-3.419772291713,
    132.23358362615));
#462 = CARTESIAN_POINT('',(-6.418146479678,-3.384237640206,
    132.09607773976));
#463 = CARTESIAN_POINT('',(-6.388169329094,-3.324596910879,
    131.90431502743));
#464 = CARTESIAN_POINT('',(-6.379415200241,-3.305963095678,
    131.84840798072));
#465 = CARTESIAN_POINT('',(-6.370704853174,-3.286197941096,
    131.79287223747));
#466 = CARTESIAN_POINT('',(-6.362042904771,-3.265310139655,
    131.73773547215));
#467 = CARTESIAN_POINT('',(-6.353433988842,-3.243309240755,
    131.68302516349));
#468 = CARTESIAN_POINT('',(-6.332342876455,-3.186325595076,
    131.5492045282));
#469 = CARTESIAN_POINT('',(-6.319927023019,-3.150074260676,
    131.47061611417));
#470 = CARTESIAN_POINT('',(-6.307649887763,-3.111484449351,
    131.39308950743));
#471 = CARTESIAN_POINT('',(-6.295526158938,-3.070593032681,
    131.31670958514));
#472 = CARTESIAN_POINT('',(-6.283570521108,-3.027440951962,
    131.24155994668));
#473 = CARTESIAN_POINT('',(-6.253568897036,-2.911827158437,
    131.05339583117));
#474 = CARTESIAN_POINT('',(-6.235778199594,-2.836268776334,
    130.94221491007));
#475 = CARTESIAN_POINT('',(-6.218480113769,-2.755566135146,
    130.83448640574));
#476 = CARTESIAN_POINT('',(-6.201728605322,-2.66991000404,
    130.73050621687));
#477 = CARTESIAN_POINT('',(-6.18557652289,-2.579515224772,
    130.63055831268));
#478 = CARTESIAN_POINT('',(-6.15463752116,-2.390120173264,
    130.43966234954));
#479 = CARTESIAN_POINT('',(-6.13984505226,-2.291155719048,
    130.34867768265));
#480 = CARTESIAN_POINT('',(-6.125748308893,-2.187966829282,
    130.26222688208));
#481 = CARTESIAN_POINT('',(-6.112395636684,-2.080812896225,
    130.18056024504));
#482 = CARTESIAN_POINT('',(-6.09983239612,-1.969975380927,
    130.10390880912));
#483 = CARTESIAN_POINT('',(-6.08040912959,-1.78088219871,129.98565801469
    ));
#484 = CARTESIAN_POINT('',(-6.073075098031,-1.704553025201,
    129.94107873765));
#485 = CARTESIAN_POINT('',(-6.066109950163,-1.626856613682,
    129.89880376885));
#486 = CARTESIAN_POINT('',(-6.059524586762,-1.547881683514,
    129.85888746728));
#487 = CARTESIAN_POINT('',(-6.053329045902,-1.467720142538,
    129.82137946902));
#488 = CARTESIAN_POINT('',(-6.043312356672,-1.327311175865,
    129.76080321533));
#489 = CARTESIAN_POINT('',(-6.039303681874,-1.267576603077,
    129.73658200589));
#490 = CARTESIAN_POINT('',(-6.035510005481,-1.207300024442,
    129.71367834128));
#491 = CARTESIAN_POINT('',(-6.031934563878,-1.146518742774,
    129.69210801559));
#492 = CARTESIAN_POINT('',(-6.028580302916,-1.085270707975,
    129.67188533457));
#493 = CARTESIAN_POINT('',(-6.017053413508,-0.858165880129,
    129.60243064019));
#494 = CARTESIAN_POINT('',(-6.010267071307,-0.689652236921,
    129.56162457004));
#495 = CARTESIAN_POINT('',(-6.005142373108,-0.518806895644,
    129.53085406243));
#496 = CARTESIAN_POINT('',(-6.001714133046,-0.346395147249,
    129.51028489491));
#497 = CARTESIAN_POINT('',(-6.,-0.173195347655,129.5));
#498 = CARTESIAN_POINT('',(-6.,0.173195347655,129.5));
#499 = CARTESIAN_POINT('',(-6.001714133046,0.346395147249,
    129.51028489491));
#500 = CARTESIAN_POINT('',(-6.005142373108,0.518806895644,
    129.53085406243));
#501 = CARTESIAN_POINT('',(-6.010267071307,0.689652236921,
    129.56162457004));
#502 = CARTESIAN_POINT('',(-6.017053413508,0.858165880129,
    129.60243064019));
#503 = CARTESIAN_POINT('',(-6.028580302916,1.085270707975,
    129.67188533457));
#504 = CARTESIAN_POINT('',(-6.031934563878,1.146518742774,
    129.69210801559));
#505 = CARTESIAN_POINT('',(-6.035510005481,1.207300024442,
    129.71367834128));
#506 = CARTESIAN_POINT('',(-6.039303681874,1.267576603077,
    129.73658200589));
#507 = CARTESIAN_POINT('',(-6.043312356672,1.327311175865,
    129.76080321533));
#508 = CARTESIAN_POINT('',(-6.053329045902,1.467720142538,
    129.82137946902));
#509 = CARTESIAN_POINT('',(-6.059524586762,1.547881683514,
    129.85888746728));
#510 = CARTESIAN_POINT('',(-6.066109950163,1.626856613682,
    129.89880376885));
#511 = CARTESIAN_POINT('',(-6.073075098031,1.704553025201,
    129.94107873765));
#512 = CARTESIAN_POINT('',(-6.08040912959,1.78088219871,129.98565801469)
  );
#513 = CARTESIAN_POINT('',(-6.09983239612,1.969975380927,130.10390880912
    ));
#514 = CARTESIAN_POINT('',(-6.112395636684,2.080812896225,
    130.18056024504));
#515 = CARTESIAN_POINT('',(-6.125748308893,2.187966829282,
    130.26222688208));
#516 = CARTESIAN_POINT('',(-6.13984505226,2.291155719048,130.34867768265
    ));
#517 = CARTESIAN_POINT('',(-6.15463752116,2.390120173265,130.43966234954
    ));
#518 = CARTESIAN_POINT('',(-6.18557652289,2.579515224772,130.63055831268
    ));
#519 = CARTESIAN_POINT('',(-6.201728605322,2.66991000404,130.73050621687
    ));
#520 = CARTESIAN_POINT('',(-6.218480113769,2.755566135146,
    130.83448640574));
#521 = CARTESIAN_POINT('',(-6.235778199594,2.836268776334,
    130.94221491007));
#522 = CARTESIAN_POINT('',(-6.253568897036,2.911827158437,
    131.05339583117));
#523 = CARTESIAN_POINT('',(-6.283570521108,3.027440951962,
    131.24155994668));
#524 = CARTESIAN_POINT('',(-6.295526158938,3.070593032681,
    131.31670958514));
#525 = CARTESIAN_POINT('',(-6.307649887763,3.111484449351,
    131.39308950743));
#526 = CARTESIAN_POINT('',(-6.319927023019,3.150074260676,
    131.47061611417));
#527 = CARTESIAN_POINT('',(-6.332342876455,3.186325595076,131.5492045282
    ));
#528 = CARTESIAN_POINT('',(-6.353433988842,3.243309240755,
    131.68302516349));
#529 = CARTESIAN_POINT('',(-6.362042904771,3.265310139655,
    131.73773547215));
#530 = CARTESIAN_POINT('',(-6.370704853174,3.286197941096,
    131.79287223747));
#531 = CARTESIAN_POINT('',(-6.379415200241,3.305963095678,
    131.84840798072));
#532 = CARTESIAN_POINT('',(-6.388169329094,3.324596910879,
    131.90431502743));
#533 = CARTESIAN_POINT('',(-6.418146479678,3.384237640206,
    132.09607773976));
#534 = CARTESIAN_POINT('',(-6.439557795485,3.419772291713,
    132.23358362615));
#535 = CARTESIAN_POINT('',(-6.46113215072,3.448586004322,132.37269269718
    ));
#536 = CARTESIAN_POINT('',(-6.482806170282,3.470597567841,
    132.51301058911));
#537 = CARTESIAN_POINT('',(-6.504517540464,3.48575406315,132.65413904395
    ));
#538 = CARTESIAN_POINT('',(-6.557447336939,3.505954175001,
    132.99956974683));
#539 = CARTESIAN_POINT('',(-6.588640747277,3.503600265151,
    133.20431556003));
#540 = CARTESIAN_POINT('',(-6.619601586243,3.486895945447,
    133.40870828542));
#541 = CARTESIAN_POINT('',(-6.650153310762,3.455888354332,
    133.61154224569));
#542 = CARTESIAN_POINT('',(-6.680126087123,3.410750556586,
    133.81161506463));
#543 = CARTESIAN_POINT('',(-6.722747625732,3.324774321487,
    134.09757815704));
#544 = CARTESIAN_POINT('',(-6.735983118332,3.2948596888,134.18659502635)
  );
#545 = CARTESIAN_POINT('',(-6.749047202056,3.262072427215,
    134.27466757389));
#546 = CARTESIAN_POINT('',(-6.761924585582,3.226447600087,
    134.36168240408));
#547 = CARTESIAN_POINT('',(-6.7746003517,3.188026152852,134.44752734174)
  );
#548 = CARTESIAN_POINT('',(-6.807505316325,3.079295729788,
    134.67085530954));
#549 = CARTESIAN_POINT('',(-6.827368859674,3.004331537091,
    134.80617198229));
#550 = CARTESIAN_POINT('',(-6.846585984058,2.92217101014,134.93754946549
    ));
#551 = CARTESIAN_POINT('',(-6.86509560464,2.833064058199,135.0645115899)
  );
#552 = CARTESIAN_POINT('',(-6.882840090673,2.737304164047,135.1866006272
    ));
#553 = CARTESIAN_POINT('',(-6.917006166772,2.531252395579,
    135.42233853013));
#554 = CARTESIAN_POINT('',(-6.933397289935,2.420720217939,
    135.53579014078));
#555 = CARTESIAN_POINT('',(-6.948881092029,2.303994322469,
    135.64327218473));
#556 = CARTESIAN_POINT('',(-6.96340513032,2.181476357551,135.74435444602
    ));
#557 = CARTESIAN_POINT('',(-6.976921977888,2.053610935792,135.8386424269
    ));
#558 = CARTESIAN_POINT('',(-7.015909410957,1.638557699277,
    136.11114077067));
#559 = CARTESIAN_POINT('',(-7.037691225273,1.334127036933,
    136.26422639728));
#560 = CARTESIAN_POINT('',(-7.054300904376,1.012473253228,
    136.38144002768));
#561 = CARTESIAN_POINT('',(-7.065481002864,0.678999110929,
    136.46049528594));
#562 = CARTESIAN_POINT('',(-7.071067811865,0.339440922896,136.5));
#563 = CARTESIAN_POINT('',(-7.071067811865,8.881784197001E-16,136.5));
#564 = ORIENTED_EDGE('',*,*,#565,.T.);
#565 = EDGE_CURVE('',#429,#566,#568,.T.);
#566 = VERTEX_POINT('',#567);
#567 = CARTESIAN_POINT('',(-6.201162527645,-2.661657017198,
    130.7272083626));
#568 = B_SPLINE_CURVE_WITH_KNOTS('',6,(#569,#570,#571,#572,#573,#574,
    #575,#576,#577,#578,#579,#580,#581,#582,#583,#584,#585,#586,#587,
    #588,#589,#590,#591,#592,#593,#594,#595,#596,#597,#598,#599,#600,
    #601,#602,#603,#604,#605,#606,#607,#608,#609,#610,#611,#612,#613,
    #614,#615,#616,#617,#618,#619,#620,#621,#622,#623,#624,#625,#626,
    #627,#628,#629,#630,#631,#632,#633,#634,#635,#636,#637,#638,#639,
    #640,#641,#642,#643,#644,#645,#646,#647,#648,#649,#650,#651,#652,
    #653,#654,#655,#656,#657,#658,#659,#660,#661,#662,#663,#664,#665,
    #666,#667,#668,#669,#670,#671,#672,#673,#674,#675,#676,#677,#678,
    #679,#680,#681,#682,#683,#684,#685,#686,#687,#688,#689,#690,#691,
    #692,#693,#694,#695,#696,#697,#698,#699,#700),.UNSPECIFIED.,.T.,.F.,
  (7,5,5,5,5,5,5,5,5,5,5,5,5,5,5,5,5,5,5,5,5,5,5,5,5,5,7),(0.,
    9.164313309981E-02,0.134724991541,0.177017588579,0.20279111886,
    0.259049412437,0.29810219907,0.314312824163,0.338084752157,
    0.374892503746,0.411548498195,0.435578847587,0.453074032314,
    0.49999983168,0.546925631045,0.564420815773,0.588451165164,
    0.625107159614,0.661914911203,0.685686839196,0.701897464289,
    0.740950250923,0.7972085445,0.822982074781,0.865274671818,
    0.90835653026,1.),.UNSPECIFIED.);
#569 = CARTESIAN_POINT('',(-7.071067811865,8.881784197001E-16,136.5));
#570 = CARTESIAN_POINT('',(-7.071067811865,-0.339446922635,136.5));
#571 = CARTESIAN_POINT('',(-7.065480802121,-0.679003090505,
    136.46049386483));
#572 = CARTESIAN_POINT('',(-7.05430081828,-1.012474237731,
    136.38143942588));
#573 = CARTESIAN_POINT('',(-7.03769119951,-1.334127888233,
    136.26422621213));
#574 = CARTESIAN_POINT('',(-7.015909313538,-1.638558736379,
    136.11114008977));
#575 = CARTESIAN_POINT('',(-6.976921977888,-2.053610935793,
    135.8386424269));
#576 = CARTESIAN_POINT('',(-6.96340513032,-2.181476357552,
    135.74435444602));
#577 = CARTESIAN_POINT('',(-6.948881092029,-2.303994322469,
    135.64327218473));
#578 = CARTESIAN_POINT('',(-6.933397289935,-2.420720217939,
    135.53579014078));
#579 = CARTESIAN_POINT('',(-6.917006166772,-2.531252395579,
    135.42233853013));
#580 = CARTESIAN_POINT('',(-6.882840090673,-2.737304164048,
    135.1866006272));
#581 = CARTESIAN_POINT('',(-6.86509560464,-2.8330640582,135.0645115899)
  );
#582 = CARTESIAN_POINT('',(-6.846585984058,-2.92217101014,
    134.93754946549));
#583 = CARTESIAN_POINT('',(-6.827368859673,-3.004331537091,
    134.80617198229));
#584 = CARTESIAN_POINT('',(-6.807505316325,-3.079295729788,
    134.67085530954));
#585 = CARTESIAN_POINT('',(-6.7746003517,-3.188026152852,134.44752734174
    ));
#586 = CARTESIAN_POINT('',(-6.761924585582,-3.226447600087,
    134.36168240408));
#587 = CARTESIAN_POINT('',(-6.749047202056,-3.262072427215,
    134.27466757389));
#588 = CARTESIAN_POINT('',(-6.735983118332,-3.2948596888,134.18659502635
    ));
#589 = CARTESIAN_POINT('',(-6.722747625732,-3.324774321487,
    134.09757815704));
#590 = CARTESIAN_POINT('',(-6.680126087122,-3.410750556586,
    133.81161506463));
#591 = CARTESIAN_POINT('',(-6.650153310762,-3.455888354333,
    133.61154224569));
#592 = CARTESIAN_POINT('',(-6.619601586243,-3.486895945447,
    133.40870828542));
#593 = CARTESIAN_POINT('',(-6.588640747277,-3.503600265151,
    133.20431556003));
#594 = CARTESIAN_POINT('',(-6.557447336939,-3.505954175001,
    132.99956974683));
#595 = CARTESIAN_POINT('',(-6.504517540464,-3.48575406315,
    132.65413904395));
#596 = CARTESIAN_POINT('',(-6.482806170282,-3.470597567841,
    132.51301058911));
#597 = CARTESIAN_POINT('',(-6.46113215072,-3.448586004322,
    132.37269269718));
#598 = CARTESIAN_POINT('',(-6.439557795485,-3.419772291713,
    132.23358362615));
#599 = CARTESIAN_POINT('',(-6.418146479678,-3.384237640206,
    132.09607773976));
#600 = CARTESIAN_POINT('',(-6.388169329094,-3.324596910879,
    131.90431502743));
#601 = CARTESIAN_POINT('',(-6.379415200241,-3.305963095678,
    131.84840798072));
#602 = CARTESIAN_POINT('',(-6.370704853174,-3.286197941096,
    131.79287223747));
#603 = CARTESIAN_POINT('',(-6.362042904771,-3.265310139655,
    131.73773547215));
#604 = CARTESIAN_POINT('',(-6.353433988842,-3.243309240755,
    131.68302516349));
#605 = CARTESIAN_POINT('',(-6.332342876455,-3.186325595076,
    131.5492045282));
#606 = CARTESIAN_POINT('',(-6.319927023019,-3.150074260676,
    131.47061611417));
#607 = CARTESIAN_POINT('',(-6.307649887763,-3.111484449351,
    131.39308950743));
#608 = CARTESIAN_POINT('',(-6.295526158938,-3.070593032681,
    131.31670958514));
#609 = CARTESIAN_POINT('',(-6.283570521108,-3.027440951962,
    131.24155994668));
#610 = CARTESIAN_POINT('',(-6.253568897036,-2.911827158437,
    131.05339583117));
#611 = CARTESIAN_POINT('',(-6.235778199594,-2.836268776334,
    130.94221491007));
#612 = CARTESIAN_POINT('',(-6.218480113769,-2.755566135146,
    130.83448640574));
#613 = CARTESIAN_POINT('',(-6.201728605322,-2.66991000404,
    130.73050621687));
#614 = CARTESIAN_POINT('',(-6.18557652289,-2.579515224772,
    130.63055831268));
#615 = CARTESIAN_POINT('',(-6.15463752116,-2.390120173264,
    130.43966234954));
#616 = CARTESIAN_POINT('',(-6.13984505226,-2.291155719048,
    130.34867768265));
#617 = CARTESIAN_POINT('',(-6.125748308893,-2.187966829282,
    130.26222688208));
#618 = CARTESIAN_POINT('',(-6.112395636684,-2.080812896225,
    130.18056024504));
#619 = CARTESIAN_POINT('',(-6.09983239612,-1.969975380927,
    130.10390880912));
#620 = CARTESIAN_POINT('',(-6.08040912959,-1.78088219871,129.98565801469
    ));
#621 = CARTESIAN_POINT('',(-6.073075098031,-1.704553025201,
    129.94107873765));
#622 = CARTESIAN_POINT('',(-6.066109950163,-1.626856613682,
    129.89880376885));
#623 = CARTESIAN_POINT('',(-6.059524586762,-1.547881683514,
    129.85888746728));
#624 = CARTESIAN_POINT('',(-6.053329045902,-1.467720142538,
    129.82137946902));
#625 = CARTESIAN_POINT('',(-6.043312356672,-1.327311175865,
    129.76080321533));
#626 = CARTESIAN_POINT('',(-6.039303681874,-1.267576603077,
    129.73658200589));
#627 = CARTESIAN_POINT('',(-6.035510005481,-1.207300024442,
    129.71367834128));
#628 = CARTESIAN_POINT('',(-6.031934563878,-1.146518742774,
    129.69210801559));
#629 = CARTESIAN_POINT('',(-6.028580302916,-1.085270707975,
    129.67188533457));
#630 = CARTESIAN_POINT('',(-6.017053413508,-0.858165880129,
    129.60243064019));
#631 = CARTESIAN_POINT('',(-6.010267071307,-0.689652236921,
    129.56162457004));
#632 = CARTESIAN_POINT('',(-6.005142373108,-0.518806895644,
    129.53085406243));
#633 = CARTESIAN_POINT('',(-6.001714133046,-0.346395147249,
    129.51028489491));
#634 = CARTESIAN_POINT('',(-6.,-0.173195347655,129.5));
#635 = CARTESIAN_POINT('',(-6.,0.173195347655,129.5));
#636 = CARTESIAN_POINT('',(-6.001714133046,0.346395147249,
    129.51028489491));
#637 = CARTESIAN_POINT('',(-6.005142373108,0.518806895644,
    129.53085406243));
#638 = CARTESIAN_POINT('',(-6.010267071307,0.689652236921,
    129.56162457004));
#639 = CARTESIAN_POINT('',(-6.017053413508,0.858165880129,
    129.60243064019));
#640 = CARTESIAN_POINT('',(-6.028580302916,1.085270707975,
    129.67188533457));
#641 = CARTESIAN_POINT('',(-6.031934563878,1.146518742774,
    129.69210801559));
#642 = CARTESIAN_POINT('',(-6.035510005481,1.207300024442,
    129.71367834128));
#643 = CARTESIAN_POINT('',(-6.039303681874,1.267576603077,
    129.73658200589));
#644 = CARTESIAN_POINT('',(-6.043312356672,1.327311175865,
    129.76080321533));
#645 = CARTESIAN_POINT('',(-6.053329045902,1.467720142538,
    129.82137946902));
#646 = CARTESIAN_POINT('',(-6.059524586762,1.547881683514,
    129.85888746728));
#647 = CARTESIAN_POINT('',(-6.066109950163,1.626856613682,
    129.89880376885));
#648 = CARTESIAN_POINT('',(-6.073075098031,1.704553025201,
    129.94107873765));
#649 = CARTESIAN_POINT('',(-6.08040912959,1.78088219871,129.98565801469)
  );
#650 = CARTESIAN_POINT('',(-6.09983239612,1.969975380927,130.10390880912
    ));
#651 = CARTESIAN_POINT('',(-6.112395636684,2.080812896225,
    130.18056024504));
#652 = CARTESIAN_POINT('',(-6.125748308893,2.187966829282,
    130.26222688208));
#653 = CARTESIAN_POINT('',(-6.13984505226,2.291155719048,130.34867768265
    ));
#654 = CARTESIAN_POINT('',(-6.15463752116,2.390120173265,130.43966234954
    ));
#655 = CARTESIAN_POINT('',(-6.18557652289,2.579515224772,130.63055831268
    ));
#656 = CARTESIAN_POINT('',(-6.201728605322,2.66991000404,130.73050621687
    ));
#657 = CARTESIAN_POINT('',(-6.218480113769,2.755566135146,
    130.83448640574));
#658 = CARTESIAN_POINT('',(-6.235778199594,2.836268776334,
    130.94221491007));
#659 = CARTESIAN_POINT('',(-6.253568897036,2.911827158437,
    131.05339583117));
#660 = CARTESIAN_POINT('',(-6.283570521108,3.027440951962,
    131.24155994668));
#661 = CARTESIAN_POINT('',(-6.295526158938,3.070593032681,
    131.31670958514));
#662 = CARTESIAN_POINT('',(-6.307649887763,3.111484449351,
    131.39308950743));
#663 = CARTESIAN_POINT('',(-6.319927023019,3.150074260676,
    131.47061611417));
#664 = CARTESIAN_POINT('',(-6.332342876455,3.186325595076,131.5492045282
    ));
#665 = CARTESIAN_POINT('',(-6.353433988842,3.243309240755,
    131.68302516349));
#666 = CARTESIAN_POINT('',(-6.362042904771,3.265310139655,
    131.73773547215));
#667 = CARTESIAN_POINT('',(-6.370704853174,3.286197941096,
    131.79287223747));
#668 = CARTESIAN_POINT('',(-6.379415200241,3.305963095678,
    131.84840798072));
#669 = CARTESIAN_POINT('',(-6.388169329094,3.324596910879,
    131.90431502743));
#670 = CARTESIAN_POINT('',(-6.418146479678,3.384237640206,
    132.09607773976));
#671 = CARTESIAN_POINT('',(-6.439557795485,3.419772291713,
    132.23358362615));
#672 = CARTESIAN_POINT('',(-6.46113215072,3.448586004322,132.37269269718
    ));
#673 = CARTESIAN_POINT('',(-6.482806170282,3.470597567841,
    132.51301058911));
#674 = CARTESIAN_POINT('',(-6.504517540464,3.48575406315,132.65413904395
    ));
#675 = CARTESIAN_POINT('',(-6.557447336939,3.505954175001,
    132.99956974683));
#676 = CARTESIAN_POINT('',(-6.588640747277,3.503600265151,
    133.20431556003));
#677 = CARTESIAN_POINT('',(-6.619601586243,3.486895945447,
    133.40870828542));
#678 = CARTESIAN_POINT('',(-6.650153310762,3.455888354332,
    133.61154224569));
#679 = CARTESIAN_POINT('',(-6.680126087123,3.410750556586,
    133.81161506463));
#680 = CARTESIAN_POINT('',(-6.722747625732,3.324774321487,
    134.09757815704));
#681 = CARTESIAN_POINT('',(-6.735983118332,3.2948596888,134.18659502635)
  );
#682 = CARTESIAN_POINT('',(-6.749047202056,3.262072427215,
    134.27466757389));
#683 = CARTESIAN_POINT('',(-6.761924585582,3.226447600087,
    134.36168240408));
#684 = CARTESIAN_POINT('',(-6.7746003517,3.188026152852,134.44752734174)
  );
#685 = CARTESIAN_POINT('',(-6.807505316325,3.079295729788,
    134.67085530954));
#686 = CARTESIAN_POINT('',(-6.827368859674,3.004331537091,
    134.80617198229));
#687 = CARTESIAN_POINT('',(-6.846585984058,2.92217101014,134.93754946549
    ));
#688 = CARTESIAN_POINT('',(-6.86509560464,2.833064058199,135.0645115899)
  );
#689 = CARTESIAN_POINT('',(-6.882840090673,2.737304164047,135.1866006272
    ));
#690 = CARTESIAN_POINT('',(-6.917006166772,2.531252395579,
    135.42233853013));
#691 = CARTESIAN_POINT('',(-6.933397289935,2.420720217939,
    135.53579014078));
#692 = CARTESIAN_POINT('',(-6.948881092029,2.303994322469,
    135.64327218473));
#693 = CARTESIAN_POINT('',(-6.96340513032,2.181476357551,135.74435444602
    ));
#694 = CARTESIAN_POINT('',(-6.976921977888,2.053610935792,135.8386424269
    ));
#695 = CARTESIAN_POINT('',(-7.015909410957,1.638557699277,
    136.11114077067));
#696 = CARTESIAN_POINT('',(-7.037691225273,1.334127036933,
    136.26422639728));
#697 = CARTESIAN_POINT('',(-7.054300904376,1.012473253228,
    136.38144002768));
#698 = CARTESIAN_POINT('',(-7.065481002864,0.678999110929,
    136.46049528594));
#699 = CARTESIAN_POINT('',(-7.071067811865,0.339440922896,136.5));
#700 = CARTESIAN_POINT('',(-7.071067811865,8.881784197001E-16,136.5));
#701 = ORIENTED_EDGE('',*,*,#702,.T.);
#702 = EDGE_CURVE('',#566,#703,#705,.T.);
#703 = VERTEX_POINT('',#704);
#704 = CARTESIAN_POINT('',(6.20116252846,-2.661657003992,130.72720834713
    ));
#705 = CIRCLE('',#706,6.748246796239);
#706 = AXIS2_PLACEMENT_3D('',#707,#708,#709);
#707 = CARTESIAN_POINT('',(0.,0.,130.7272083511));
#708 = DIRECTION('',(0.,0.,1.));
#709 = DIRECTION('',(0.,-1.,0.));
#710 = ORIENTED_EDGE('',*,*,#711,.F.);
#711 = EDGE_CURVE('',#349,#703,#712,.T.);
#712 = B_SPLINE_CURVE_WITH_KNOTS('',6,(#713,#714,#715,#716,#717,#718,
    #719,#720,#721,#722,#723,#724,#725,#726,#727,#728,#729,#730,#731,
    #732,#733,#734,#735,#736,#737,#738,#739,#740,#741,#742,#743,#744,
    #745,#746,#747,#748,#749,#750,#751,#752,#753,#754,#755,#756,#757,
    #758,#759,#760,#761,#762,#763,#764,#765,#766,#767,#768,#769),
  .UNSPECIFIED.,.F.,.F.,(7,5,5,5,5,5,5,5,5,5,5,7),(0.,0.183289559376,
    0.269454824396,0.354041538246,0.405589524974,0.518108133759,
    0.596215110379,0.62863694309,0.676181653317,0.749798479173,
    0.823111785297,1.),.UNSPECIFIED.);
#713 = CARTESIAN_POINT('',(7.071067811865,8.881784197001E-16,136.5));
#714 = CARTESIAN_POINT('',(7.071067811865,-0.339446922635,136.5));
#715 = CARTESIAN_POINT('',(7.065480802121,-0.679003090505,
    136.46049386483));
#716 = CARTESIAN_POINT('',(7.05430081828,-1.01247423773,136.38143942588)
  );
#717 = CARTESIAN_POINT('',(7.03769119951,-1.334127888233,136.26422621213
    ));
#718 = CARTESIAN_POINT('',(7.015909313538,-1.638558736379,
    136.11114008977));
#719 = CARTESIAN_POINT('',(6.976921977888,-2.053610935793,135.8386424269
    ));
#720 = CARTESIAN_POINT('',(6.96340513032,-2.181476357552,135.74435444602
    ));
#721 = CARTESIAN_POINT('',(6.948881092029,-2.303994322469,
    135.64327218473));
#722 = CARTESIAN_POINT('',(6.933397289935,-2.420720217939,
    135.53579014078));
#723 = CARTESIAN_POINT('',(6.917006166772,-2.531252395579,
    135.42233853013));
#724 = CARTESIAN_POINT('',(6.882840090673,-2.737304164048,135.1866006272
    ));
#725 = CARTESIAN_POINT('',(6.86509560464,-2.8330640582,135.0645115899));
#726 = CARTESIAN_POINT('',(6.846585984058,-2.92217101014,134.93754946549
    ));
#727 = CARTESIAN_POINT('',(6.827368859673,-3.004331537091,
    134.80617198229));
#728 = CARTESIAN_POINT('',(6.807505316325,-3.079295729788,
    134.67085530954));
#729 = CARTESIAN_POINT('',(6.7746003517,-3.188026152852,134.44752734174)
  );
#730 = CARTESIAN_POINT('',(6.761924585582,-3.226447600087,
    134.36168240408));
#731 = CARTESIAN_POINT('',(6.749047202056,-3.262072427215,
    134.27466757389));
#732 = CARTESIAN_POINT('',(6.735983118332,-3.2948596888,134.18659502635)
  );
#733 = CARTESIAN_POINT('',(6.722747625732,-3.324774321487,
    134.09757815704));
#734 = CARTESIAN_POINT('',(6.680126087122,-3.410750556586,
    133.81161506463));
#735 = CARTESIAN_POINT('',(6.650153310762,-3.455888354333,
    133.61154224569));
#736 = CARTESIAN_POINT('',(6.619601586243,-3.486895945447,
    133.40870828542));
#737 = CARTESIAN_POINT('',(6.588640747277,-3.503600265151,
    133.20431556003));
#738 = CARTESIAN_POINT('',(6.557447336939,-3.505954175001,
    132.99956974683));
#739 = CARTESIAN_POINT('',(6.504517540464,-3.48575406315,132.65413904395
    ));
#740 = CARTESIAN_POINT('',(6.482806170282,-3.470597567841,
    132.51301058911));
#741 = CARTESIAN_POINT('',(6.46113215072,-3.448586004322,132.37269269718
    ));
#742 = CARTESIAN_POINT('',(6.439557795485,-3.419772291713,
    132.23358362615));
#743 = CARTESIAN_POINT('',(6.418146479678,-3.384237640206,
    132.09607773976));
#744 = CARTESIAN_POINT('',(6.388169329094,-3.324596910879,
    131.90431502743));
#745 = CARTESIAN_POINT('',(6.379415200241,-3.305963095678,
    131.84840798072));
#746 = CARTESIAN_POINT('',(6.370704853174,-3.286197941096,
    131.79287223747));
#747 = CARTESIAN_POINT('',(6.362042904771,-3.265310139655,
    131.73773547215));
#748 = CARTESIAN_POINT('',(6.353433988842,-3.243309240755,
    131.68302516349));
#749 = CARTESIAN_POINT('',(6.332342876455,-3.186325595076,131.5492045282
    ));
#750 = CARTESIAN_POINT('',(6.319927023019,-3.150074260676,
    131.47061611417));
#751 = CARTESIAN_POINT('',(6.307649887763,-3.111484449351,
    131.39308950743));
#752 = CARTESIAN_POINT('',(6.295526158938,-3.070593032681,
    131.31670958514));
#753 = CARTESIAN_POINT('',(6.283570521108,-3.027440951962,
    131.24155994668));
#754 = CARTESIAN_POINT('',(6.253568897036,-2.911827158437,
    131.05339583117));
#755 = CARTESIAN_POINT('',(6.235778199594,-2.836268776334,
    130.94221491007));
#756 = CARTESIAN_POINT('',(6.218480113769,-2.755566135146,
    130.83448640574));
#757 = CARTESIAN_POINT('',(6.201728605322,-2.66991000404,130.73050621687
    ));
#758 = CARTESIAN_POINT('',(6.18557652289,-2.579515224772,130.63055831268
    ));
#759 = CARTESIAN_POINT('',(6.15463752116,-2.390120173264,130.43966234954
    ));
#760 = CARTESIAN_POINT('',(6.13984505226,-2.291155719048,130.34867768265
    ));
#761 = CARTESIAN_POINT('',(6.125748308893,-2.187966829282,
    130.26222688208));
#762 = CARTESIAN_POINT('',(6.112395636684,-2.080812896225,
    130.18056024504));
#763 = CARTESIAN_POINT('',(6.09983239612,-1.969975380927,130.10390880912
    ));
#764 = CARTESIAN_POINT('',(6.059793375785,-1.580179681212,
    129.86014723815));
#765 = CARTESIAN_POINT('',(6.036313765041,-1.284821543834,
    129.71816241397));
#766 = CARTESIAN_POINT('',(6.018274132695,-0.974130877539,
    129.60964413274));
#767 = CARTESIAN_POINT('',(6.006089104282,-0.652972197145,
    129.53653478823));
#768 = CARTESIAN_POINT('',(6.,-0.326431385281,129.5));
#769 = CARTESIAN_POINT('',(6.,-1.33226762955E-15,129.5));
#770 = ORIENTED_EDGE('',*,*,#348,.T.);
#771 = SPHERICAL_SURFACE('',#772,7.5);
#772 = AXIS2_PLACEMENT_3D('',#773,#774,#775);
#773 = CARTESIAN_POINT('',(0.,0.,134.));
#774 = DIRECTION('',(0.,0.,1.));
#775 = DIRECTION('',(1.,0.,-0.));
#776 = ADVANCED_FACE('',(#777),#999,.T.);
#777 = FACE_BOUND('',#778,.T.);
#778 = EDGE_LOOP('',(#779,#790,#796,#797,#892,#893,#894,#903,#952));
#779 = ORIENTED_EDGE('',*,*,#780,.F.);
#780 = EDGE_CURVE('',#781,#783,#785,.T.);
#781 = VERTEX_POINT('',#782);
#782 = CARTESIAN_POINT('',(14.063508326896,8.572527594031E-16,136.5));
#783 = VERTEX_POINT('',#784);
#784 = CARTESIAN_POINT('',(14.06350833075,-2.429111014588,
    130.48019452215));
#785 = CIRCLE('',#786,3.5);
#786 = AXIS2_PLACEMENT_3D('',#787,#788,#789);
#787 = CARTESIAN_POINT('',(14.063508326896,0.,133.));
#788 = DIRECTION('',(1.,0.,0.));
#789 = DIRECTION('',(-0.,0.,1.));
#790 = ORIENTED_EDGE('',*,*,#791,.F.);
#791 = EDGE_CURVE('',#349,#781,#792,.T.);
#792 = LINE('',#793,#794);
#793 = CARTESIAN_POINT('',(-16.,8.572527594031E-16,136.5));
#794 = VECTOR('',#795,1.);
#795 = DIRECTION('',(1.,0.,0.));
#796 = ORIENTED_EDGE('',*,*,#711,.T.);
#797 = ORIENTED_EDGE('',*,*,#798,.T.);
#798 = EDGE_CURVE('',#703,#358,#799,.T.);
#799 = B_SPLINE_CURVE_WITH_KNOTS('',6,(#800,#801,#802,#803,#804,#805,
    #806,#807,#808,#809,#810,#811,#812,#813,#814,#815,#816,#817,#818,
    #819,#820,#821,#822,#823,#824,#825,#826,#827,#828,#829,#830,#831,
    #832,#833,#834,#835,#836,#837,#838,#839,#840,#841,#842,#843,#844,
    #845,#846,#847,#848,#849,#850,#851,#852,#853,#854,#855,#856,#857,
    #858,#859,#860,#861,#862,#863,#864,#865,#866,#867,#868,#869,#870,
    #871,#872,#873,#874,#875,#876,#877,#878,#879,#880,#881,#882,#883,
    #884,#885,#886,#887,#888,#889,#890,#891),.UNSPECIFIED.,.F.,.F.,(7,5,
    5,5,5,5,5,5,5,5,5,5,5,5,5,5,5,5,7),(0.,5.143941433736E-02,
    0.143000331706,0.224446374246,0.326869060878,0.359473217655,
    0.403403634028,0.439584850054,0.459276481607,0.499901064372,
    0.541078101683,0.560777802449,0.596978150187,0.640933713586,
    0.673554910139,0.77601372936,0.856730098412,0.948286600142,1.),
  .UNSPECIFIED.);
#800 = CARTESIAN_POINT('',(6.144102863722,-3.35410196625,134.));
#801 = CARTESIAN_POINT('',(6.120158301277,-3.382612311645,
    133.90437339445));
#802 = CARTESIAN_POINT('',(6.097679300181,-3.407821041192,
    133.80787203841));
#803 = CARTESIAN_POINT('',(6.076774198862,-3.429717074174,
    133.71058006554));
#804 = CARTESIAN_POINT('',(6.057544309582,-3.448281434096,
    133.61258812881));
#805 = CARTESIAN_POINT('',(6.040079915673,-3.463490697265,
    133.51399464071));
#806 = CARTESIAN_POINT('',(5.996646553947,-3.49637710066,133.2385334259)
  );
#807 = CARTESIAN_POINT('',(5.974666160066,-3.506728471146,
    133.06057668219));
#808 = CARTESIAN_POINT('',(5.958946500588,-3.5062283477,132.88167683044)
  );
#809 = CARTESIAN_POINT('',(5.949753924618,-3.494739894396,
    132.70251896046));
#810 = CARTESIAN_POINT('',(5.94712214335,-3.472158438056,132.52383821081
    ));
#811 = CARTESIAN_POINT('',(5.95415840065,-3.408436712241,132.18860270281
    ));
#812 = CARTESIAN_POINT('',(5.962499892137,-3.369619972324,
    132.03177088918));
#813 = CARTESIAN_POINT('',(5.975729225088,-3.321942974597,
    131.87646202524));
#814 = CARTESIAN_POINT('',(5.993557777799,-3.265384680673,
    131.72318792318));
#815 = CARTESIAN_POINT('',(6.015580130518,-3.199914322729,
    131.57244509758));
#816 = CARTESIAN_POINT('',(6.073654655057,-3.031832210057,
    131.23895797869));
#817 = CARTESIAN_POINT('',(6.111849308631,-2.924025774696,
    131.05802959302));
#818 = CARTESIAN_POINT('',(6.154928681682,-2.801853443029,
    130.88278146805));
#819 = CARTESIAN_POINT('',(6.201716984321,-2.665014907078,
    130.71423349062));
#820 = CARTESIAN_POINT('',(6.25085862781,-2.513154600803,130.55356983081
    ));
#821 = CARTESIAN_POINT('',(6.316720467778,-2.292256376426,
    130.35411161656));
#822 = CARTESIAN_POINT('',(6.332704634617,-2.237332820811,
    130.30690448816));
#823 = CARTESIAN_POINT('',(6.348718923276,-2.180806937095,
    130.26070331643));
#824 = CARTESIAN_POINT('',(6.364709360193,-2.122662832751,
    130.21556541498));
#825 = CARTESIAN_POINT('',(6.380618762833,-2.062886521427,
    130.17155435596));
#826 = CARTESIAN_POINT('',(6.417632306425,-1.918708608162,
    130.07105242397));
#827 = CARTESIAN_POINT('',(6.438620130578,-1.832969868519,
    130.01553985921));
#828 = CARTESIAN_POINT('',(6.459203749816,-1.744218377422,
    129.96237016149));
#829 = CARTESIAN_POINT('',(6.479221111737,-1.652445095446,
    129.91174348703));
#830 = CARTESIAN_POINT('',(6.498498216208,-1.557672370751,
    129.86388536162));
#831 = CARTESIAN_POINT('',(6.531969610356,-1.379489356064,
    129.78210483068));
#832 = CARTESIAN_POINT('',(6.546460112855,-1.297026655055,
    129.74721474674));
#833 = CARTESIAN_POINT('',(6.560222272165,-1.212614484546,
    129.71450685536));
#834 = CARTESIAN_POINT('',(6.573148667686,-1.12632003676,129.6841307801)
  );
#835 = CARTESIAN_POINT('',(6.585131824373,-1.038245414507,
    129.65623978338));
#836 = CARTESIAN_POINT('',(6.602022463952,-0.899709937042,
    129.61723561683));
#837 = CARTESIAN_POINT('',(6.60766575794,-0.850400690674,129.60426904831
    ));
#838 = CARTESIAN_POINT('',(6.612982754919,-0.800630786478,
    129.59210673547));
#839 = CARTESIAN_POINT('',(6.61795771181,-0.750427716759,129.58077175669
    ));
#840 = CARTESIAN_POINT('',(6.622575855343,-0.699822838147,
    129.57028593687));
#841 = CARTESIAN_POINT('',(6.635586190767,-0.543695302819,
    129.54083149053));
#842 = CARTESIAN_POINT('',(6.642773002159,-0.436966798603,
    129.52469205596));
#843 = CARTESIAN_POINT('',(6.64826213359,-0.328998625083,129.51243402446
    ));
#844 = CARTESIAN_POINT('',(6.651962481623,-0.220163409763,
    129.50419461573));
#845 = CARTESIAN_POINT('',(6.653823635529,-0.110875745882,
    129.50005014227));
#846 = CARTESIAN_POINT('',(6.653868650034,0.109173273012,129.49994990699
    ));
#847 = CARTESIAN_POINT('',(6.652002164163,0.219956285369,129.5041062682)
  );
#848 = CARTESIAN_POINT('',(6.648245357476,0.3302764354,129.51247084751)
  );
#849 = CARTESIAN_POINT('',(6.642650783814,0.439702041299,129.52496409033
    ));
#850 = CARTESIAN_POINT('',(6.635313890527,0.547845784019,129.5414422449)
  );
#851 = CARTESIAN_POINT('',(6.622079553568,0.705321586415,129.57141248443
    ));
#852 = CARTESIAN_POINT('',(6.617426985243,0.755911298916,129.58197983119
    ));
#853 = CARTESIAN_POINT('',(6.612418373317,0.806096532814,129.59339545914
    ));
#854 = CARTESIAN_POINT('',(6.607068569174,0.855846107025,129.60563743688
    ));
#855 = CARTESIAN_POINT('',(6.601393379754,0.905132711039,129.61868260343
    ));
#856 = CARTESIAN_POINT('',(6.584413660309,1.043608581153,129.65790961061
    ));
#857 = CARTESIAN_POINT('',(6.572375359393,1.131640770616,129.68594279152
    ));
#858 = CARTESIAN_POINT('',(6.559397161706,1.217886326448,129.716457461)
  );
#859 = CARTESIAN_POINT('',(6.545586744324,1.302244159609,129.7493001729)
  );
#860 = CARTESIAN_POINT('',(6.531051624183,1.384647974861,129.78432129472
    ));
#861 = CARTESIAN_POINT('',(6.497488748129,1.562696527704,129.86638581733
    ));
#862 = CARTESIAN_POINT('',(6.478166446265,1.657391603101,129.91439539778
    ));
#863 = CARTESIAN_POINT('',(6.458109289384,1.749082718228,129.96516853068
    ));
#864 = CARTESIAN_POINT('',(6.437491243801,1.837748483175,130.01848001164
    ));
#865 = CARTESIAN_POINT('',(6.416474278196,1.923398605992,130.07413007834
    ));
#866 = CARTESIAN_POINT('',(6.379419822053,2.067414831623,130.17486263675
    ));
#867 = CARTESIAN_POINT('',(6.363496325051,2.127119331881,130.21896844589
    ));
#868 = CARTESIAN_POINT('',(6.347494635252,2.185190615723,130.2641989912)
  );
#869 = CARTESIAN_POINT('',(6.331471897329,2.241642790638,130.31049085206
    ));
#870 = CARTESIAN_POINT('',(6.315482051257,2.296491822487,130.3577868522)
  );
#871 = CARTESIAN_POINT('',(6.249616524135,2.517049740483,130.5575803731)
  );
#872 = CARTESIAN_POINT('',(6.200500791895,2.668643068054,130.71847248635
    ));
#873 = CARTESIAN_POINT('',(6.153763594929,2.805212286307,130.88723335304
    ));
#874 = CARTESIAN_POINT('',(6.110759555042,2.927111561541,131.06268107029
    ));
#875 = CARTESIAN_POINT('',(6.072663618666,3.034639168728,131.24379635256
    ));
#876 = CARTESIAN_POINT('',(6.015043883076,3.201516178521,131.576216897)
  );
#877 = CARTESIAN_POINT('',(5.993300717218,3.26622969435,131.72565577025)
  );
#878 = CARTESIAN_POINT('',(5.97568167581,3.322190431179,131.87757414009)
  );
#879 = CARTESIAN_POINT('',(5.962580381909,3.36942834607,132.03148856476)
  );
#880 = CARTESIAN_POINT('',(5.954277715483,3.407964083948,132.18690077502
    ));
#881 = CARTESIAN_POINT('',(5.947095405723,3.471723891988,132.52067879638
    ));
#882 = CARTESIAN_POINT('',(5.949630852163,3.494468082442,132.69934112185
    ));
#883 = CARTESIAN_POINT('',(5.958726070434,3.506119369905,132.87848945108
    ));
#884 = CARTESIAN_POINT('',(5.974349522045,3.506781979755,133.05738843407
    ));
#885 = CARTESIAN_POINT('',(5.996236771745,3.496592435198,133.23535246451
    ));
#886 = CARTESIAN_POINT('',(6.039615394341,3.463894721232,133.51136923248
    ));
#887 = CARTESIAN_POINT('',(6.057134968293,3.448676316209,133.61050063094
    ));
#888 = CARTESIAN_POINT('',(6.076440349541,3.430066606648,133.7090256469)
  );
#889 = CARTESIAN_POINT('',(6.097439923747,3.40808943969,133.80684420227)
  );
#890 = CARTESIAN_POINT('',(6.120030788158,3.382764139146,133.90386414953
    ));
#891 = CARTESIAN_POINT('',(6.144102863722,3.35410196625,134.));
#892 = ORIENTED_EDGE('',*,*,#357,.T.);
#893 = ORIENTED_EDGE('',*,*,#791,.T.);
#894 = ORIENTED_EDGE('',*,*,#895,.F.);
#895 = EDGE_CURVE('',#896,#781,#898,.T.);
#896 = VERTEX_POINT('',#897);
#897 = CARTESIAN_POINT('',(14.06350833078,2.429111014488,130.4801945221)
  );
#898 = CIRCLE('',#899,3.5);
#899 = AXIS2_PLACEMENT_3D('',#900,#901,#902);
#900 = CARTESIAN_POINT('',(14.063508326896,0.,133.));
#901 = DIRECTION('',(1.,0.,0.));
#902 = DIRECTION('',(-0.,0.,1.));
#903 = ORIENTED_EDGE('',*,*,#904,.F.);
#904 = EDGE_CURVE('',#905,#896,#907,.T.);
#905 = VERTEX_POINT('',#906);
#906 = CARTESIAN_POINT('',(12.953528960948,-7.619146198365E-16,129.5));
#907 = B_SPLINE_CURVE_WITH_KNOTS('',7,(#908,#909,#910,#911,#912,#913,
    #914,#915,#916,#917,#918,#919,#920,#921,#922,#923,#924,#925,#926,
    #927,#928,#929,#930,#931,#932,#933,#934,#935,#936,#937,#938,#939,
    #940,#941,#942,#943,#944,#945,#946,#947,#948,#949,#950,#951),
  .UNSPECIFIED.,.F.,.F.,(8,6,6,6,6,6,6,8),(0.,0.130417495976,
    0.214180128737,0.323659668601,0.608314462961,0.805370220857,
    0.869208492178,1.),.UNSPECIFIED.);
#908 = CARTESIAN_POINT('',(12.953528960948,-5.952704997691E-16,129.5));
#909 = CARTESIAN_POINT('',(12.953528960948,0.118334361365,129.5));
#910 = CARTESIAN_POINT('',(12.95857665723,0.236710957366,129.50466771401
    ));
#911 = CARTESIAN_POINT('',(12.968678177589,0.354182796661,
    129.51400892654));
#912 = CARTESIAN_POINT('',(12.983650074792,0.469971495335,
    129.52784517769));
#913 = CARTESIAN_POINT('',(13.003188380484,0.583447381528,
    129.54587873177));
#914 = CARTESIAN_POINT('',(13.026919160033,0.694112845839,
    129.56774157539));
#915 = CARTESIAN_POINT('',(13.072100191376,0.870617102237,
    129.60926932432));
#916 = CARTESIAN_POINT('',(13.091336068025,0.938355366861,
    129.62692881594));
#917 = CARTESIAN_POINT('',(13.112037777805,1.004728609665,
    129.64590744819));
#918 = CARTESIAN_POINT('',(13.134105044936,1.069686668915,
    129.66610543356));
#919 = CARTESIAN_POINT('',(13.157440948966,1.133200926085,
    129.68742570161));
#920 = CARTESIAN_POINT('',(13.181955135395,1.195260889098,
    129.70977693169));
#921 = CARTESIAN_POINT('',(13.241042311628,1.335089184307,
    129.76352972821));
#922 = CARTESIAN_POINT('',(13.276389240911,1.411822318921,129.7955998368
    ));
#923 = CARTESIAN_POINT('',(13.313429245466,1.486087933488,
    129.82910363741));
#924 = CARTESIAN_POINT('',(13.352001939814,1.557923347658,
    129.86387405446));
#925 = CARTESIAN_POINT('',(13.391967032896,1.627382189623,
    129.89976152331));
#926 = CARTESIAN_POINT('',(13.433206239278,1.694531139109,
    129.93663530274));
#927 = CARTESIAN_POINT('',(13.585917559281,1.928231789662,
    130.07253620308));
#928 = CARTESIAN_POINT('',(13.704048468381,2.081710563358,
    130.17648596825));
#929 = CARTESIAN_POINT('',(13.828477596193,2.221521625132,
    130.28439474652));
#930 = CARTESIAN_POINT('',(13.958200334719,2.3487143169,130.39484027188)
  );
#931 = CARTESIAN_POINT('',(14.092586474335,2.46425589521,130.50655993978
    ));
#932 = CARTESIAN_POINT('',(14.231410878684,2.568960181157,
    130.61847473491));
#933 = CARTESIAN_POINT('',(14.474611053668,2.728885355774,
    130.80606439647));
#934 = CARTESIAN_POINT('',(14.576314242614,2.789334167725,130.8821943336
    ));
#935 = CARTESIAN_POINT('',(14.680377875614,2.845047727956,130.9573076547
    ));
#936 = CARTESIAN_POINT('',(14.78697399952,2.896120623623,131.03084380621
    ));
#937 = CARTESIAN_POINT('',(14.896308551135,2.942563418068,
    131.10205615496));
#938 = CARTESIAN_POINT('',(15.008687880328,2.984305857615,
    131.16990648184));
#939 = CARTESIAN_POINT('',(15.162211287547,3.033078848354,
    131.25329125844));
#940 = CARTESIAN_POINT('',(15.200143819375,3.044495654517,
    131.27317883246));
#941 = CARTESIAN_POINT('',(15.238457160658,3.055387205577,131.2924977417
    ));
#942 = CARTESIAN_POINT('',(15.277163229844,3.065743070975,
    131.31118747616));
#943 = CARTESIAN_POINT('',(15.316271568086,3.075550476812,
    131.32918039607));
#944 = CARTESIAN_POINT('',(15.355789029134,3.084794615712,
    131.34640233001));
#945 = CARTESIAN_POINT('',(15.477528740726,3.111210411967,131.396313668)
  );
#946 = CARTESIAN_POINT('',(15.561133984334,3.126541732425,
    131.42630783994));
#947 = CARTESIAN_POINT('',(15.646492309289,3.139286545241,
    131.45202425805));
#948 = CARTESIAN_POINT('',(15.733448905707,3.149252641186,
    131.47264471399));
#949 = CARTESIAN_POINT('',(15.82171832054,3.156251573488,131.487324955)
  );
#950 = CARTESIAN_POINT('',(15.910818523399,3.160143151485,
    131.49550719309));
#951 = CARTESIAN_POINT('',(16.0000006,3.160928337206,131.49715867536));
#952 = ORIENTED_EDGE('',*,*,#953,.F.);
#953 = EDGE_CURVE('',#783,#905,#954,.T.);
#954 = B_SPLINE_CURVE_WITH_KNOTS('',7,(#955,#956,#957,#958,#959,#960,
    #961,#962,#963,#964,#965,#966,#967,#968,#969,#970,#971,#972,#973,
    #974,#975,#976,#977,#978,#979,#980,#981,#982,#983,#984,#985,#986,
    #987,#988,#989,#990,#991,#992,#993,#994,#995,#996,#997,#998),
  .UNSPECIFIED.,.F.,.F.,(8,6,6,6,6,6,6,8),(0.,0.130910631537,
    0.192419030951,0.392303544109,0.676384992131,0.786588569257,
    0.870285629882,1.),.UNSPECIFIED.);
#955 = CARTESIAN_POINT('',(16.000000599999,-3.160928337206,
    131.49715867536));
#956 = CARTESIAN_POINT('',(15.910700702698,-3.160142114157,
    131.49550501127));
#957 = CARTESIAN_POINT('',(15.821507225182,-3.156241487584,
    131.48730376467));
#958 = CARTESIAN_POINT('',(15.733164947656,-3.149228572714,
    131.47259422481));
#959 = CARTESIAN_POINT('',(15.646136517741,-3.139245407418,
    131.45193948147));
#960 = CARTESIAN_POINT('',(15.560700292761,-3.12647718987,
    131.42617743551));
#961 = CARTESIAN_POINT('',(15.477016204799,-3.11111609901,
    131.39612928914));
#962 = CARTESIAN_POINT('',(15.356676122911,-3.084979074378,
    131.34675379084));
#963 = CARTESIAN_POINT('',(15.318591633522,-3.076086053017,
    131.3301811416));
#964 = CARTESIAN_POINT('',(15.280887040892,-3.066669727687,
    131.31289077318));
#965 = CARTESIAN_POINT('',(15.24355633005,-3.056743398202,131.2949492053
    ));
#966 = CARTESIAN_POINT('',(15.206591099229,-3.046318607125,
    131.27641732541));
#967 = CARTESIAN_POINT('',(15.169980831233,-3.035404875209,
    131.25734986373));
#968 = CARTESIAN_POINT('',(15.015853735599,-2.986977557069,
    131.17424678769));
#969 = CARTESIAN_POINT('',(14.901701750341,-2.944887219114,
    131.10559954147));
#970 = CARTESIAN_POINT('',(14.790694163615,-2.897957673273,
    131.03344948958));
#971 = CARTESIAN_POINT('',(14.68251042925,-2.846265395312,130.9588902472
    ));
#972 = CARTESIAN_POINT('',(14.576935700134,-2.78980138418,
    130.88270391377));
#973 = CARTESIAN_POINT('',(14.473789366661,-2.728467612074,
    130.80547468677));
#974 = CARTESIAN_POINT('',(14.229559059821,-2.567564947264,
    130.61698251488));
#975 = CARTESIAN_POINT('',(14.09106514441,-2.462952065156,130.5052962488
    ));
#976 = CARTESIAN_POINT('',(13.956993780528,-2.347538832361,
    130.39381428719));
#977 = CARTESIAN_POINT('',(13.82757064633,-2.220514897696,
    130.28360961304));
#978 = CARTESIAN_POINT('',(13.703424000893,-2.080917859262,
    130.17593780703));
#979 = CARTESIAN_POINT('',(13.585554136779,-1.927703576745,
    130.0722139913));
#980 = CARTESIAN_POINT('',(13.432797238925,-1.693894363258,
    129.93627085647));
#981 = CARTESIAN_POINT('',(13.391296994081,-1.626281065949,
    129.8991620593));
#982 = CARTESIAN_POINT('',(13.351088610093,-1.55632659859,
    129.86305364587));
#983 = CARTESIAN_POINT('',(13.312292909393,-1.483962973522,
    129.82807911481));
#984 = CARTESIAN_POINT('',(13.275053341111,-1.409135700881,
    129.79439132504));
#985 = CARTESIAN_POINT('',(13.23953398453,-1.33180718499,129.76216111751
    ));
#986 = CARTESIAN_POINT('',(13.180386652187,-1.191318127513,
    129.7083472017));
#987 = CARTESIAN_POINT('',(13.155955478541,-1.129228234701,
    129.68606923596));
#988 = CARTESIAN_POINT('',(13.132704706673,-1.065686711996,
    129.66482463678));
#989 = CARTESIAN_POINT('',(13.110724734074,-1.000704609826,
    129.64470473558));
#990 = CARTESIAN_POINT('',(13.090112449165,-0.934311182117,
    129.62580654435));
#991 = CARTESIAN_POINT('',(13.07096799981,-0.866557309067,
    129.60822970195));
#992 = CARTESIAN_POINT('',(13.026151458458,-0.69052267541,
    129.56703428661));
#993 = CARTESIAN_POINT('',(13.002661719625,-0.580380204303,
    129.54539262822));
#994 = CARTESIAN_POINT('',(12.983327170067,-0.46746766248,
    129.52754676482));
#995 = CARTESIAN_POINT('',(12.96851475592,-0.352277368643,
    129.51385780426));
#996 = CARTESIAN_POINT('',(12.958522225489,-0.235430791018,
    129.50461738033));
#997 = CARTESIAN_POINT('',(12.953528960948,-0.117694630467,129.5));
#998 = CARTESIAN_POINT('',(12.953528960948,-4.440892098501E-16,129.5));
#999 = CYLINDRICAL_SURFACE('',#1000,3.5);
#1000 = AXIS2_PLACEMENT_3D('',#1001,#1002,#1003);
#1001 = CARTESIAN_POINT('',(-16.,0.,133.));
#1002 = DIRECTION('',(1.,0.,0.));
#1003 = DIRECTION('',(-0.,0.,1.));
#1004 = ADVANCED_FACE('',(#1005),#1131,.T.);
#1005 = FACE_BOUND('',#1006,.T.);
#1006 = EDGE_LOOP('',(#1007,#1018,#1026,#1073,#1074,#1075,#1076,#1123,
    #1124));
#1007 = ORIENTED_EDGE('',*,*,#1008,.T.);
#1008 = EDGE_CURVE('',#1009,#1011,#1013,.T.);
#1009 = VERTEX_POINT('',#1010);
#1010 = CARTESIAN_POINT('',(5.148766249775,-1.261084021469E-15,
    109.93396124707));
#1011 = VERTEX_POINT('',#1012);
#1012 = CARTESIAN_POINT('',(-5.148766249775,-1.261084021469E-15,
    109.93396124707));
#1013 = CIRCLE('',#1014,5.148766249775);
#1014 = AXIS2_PLACEMENT_3D('',#1015,#1016,#1017);
#1015 = CARTESIAN_POINT('',(0.,0.,109.93396124707));
#1016 = DIRECTION('',(0.,0.,1.));
#1017 = DIRECTION('',(0.,-1.,0.));
#1018 = ORIENTED_EDGE('',*,*,#1019,.F.);
#1019 = EDGE_CURVE('',#1020,#1011,#1022,.T.);
#1020 = VERTEX_POINT('',#1021);
#1021 = CARTESIAN_POINT('',(-6.653846153846,-1.629722278865E-15,129.5));
#1022 = LINE('',#1023,#1024);
#1023 = CARTESIAN_POINT('',(-7.,-1.714505518806E-15,134.));
#1024 = VECTOR('',#1025,1.);
#1025 = DIRECTION('',(7.669649888474E-02,1.8785224373E-17,
    -0.997054485502));
#1026 = ORIENTED_EDGE('',*,*,#1027,.T.);
#1027 = EDGE_CURVE('',#1020,#420,#1028,.T.);
#1028 = B_SPLINE_CURVE_WITH_KNOTS('',7,(#1029,#1030,#1031,#1032,#1033,
    #1034,#1035,#1036,#1037,#1038,#1039,#1040,#1041,#1042,#1043,#1044,
    #1045,#1046,#1047,#1048,#1049,#1050,#1051,#1052,#1053,#1054,#1055,
    #1056,#1057,#1058,#1059,#1060,#1061,#1062,#1063,#1064,#1065,#1066,
    #1067,#1068,#1069,#1070,#1071,#1072),.UNSPECIFIED.,.F.,.F.,(8,6,6,6,
    6,6,6,8),(0.,0.193384593615,0.281243554391,0.346801014948,
    0.551684641473,0.713935406476,0.896849239779,1.),.UNSPECIFIED.);
#1029 = CARTESIAN_POINT('',(-6.653846153846,-1.806330446521E-15,129.5));
#1030 = CARTESIAN_POINT('',(-6.653846153846,0.223142937195,129.5));
#1031 = CARTESIAN_POINT('',(-6.646392424029,0.446392162431,
    129.51659779302));
#1032 = CARTESIAN_POINT('',(-6.63147171596,0.665869444304,
    129.54982034295));
#1033 = CARTESIAN_POINT('',(-6.609837648455,0.878814674035,
    129.59846657542));
#1034 = CARTESIAN_POINT('',(-6.582627165223,1.083274959515,
    129.66091437547));
#1035 = CARTESIAN_POINT('',(-6.551091915544,1.277969937389,
    129.73535651459));
#1036 = CARTESIAN_POINT('',(-6.500693157564,1.54585942409,
    129.85853490824));
#1037 = CARTESIAN_POINT('',(-6.484292114729,1.627449118837,
    129.89916349166));
#1038 = CARTESIAN_POINT('',(-6.467338382665,1.706905749358,
    129.94180119506));
#1039 = CARTESIAN_POINT('',(-6.449932443682,1.784211036402,
    129.9863167473));
#1040 = CARTESIAN_POINT('',(-6.43217017546,1.85936137193,130.03258876538
    ));
#1041 = CARTESIAN_POINT('',(-6.414141819114,1.932365233074,
    130.08050771227));
#1042 = CARTESIAN_POINT('',(-6.382342594933,2.056125455808,
    130.16689084446));
#1043 = CARTESIAN_POINT('',(-6.368653019704,2.107823766888,
    130.20466649614));
#1044 = CARTESIAN_POINT('',(-6.354897237832,2.158342581372,
    130.24326434887));
#1045 = CARTESIAN_POINT('',(-6.341108864413,2.207689772209,
    130.28264667302));
#1046 = CARTESIAN_POINT('',(-6.327320113373,2.255874033263,
    130.32277847021));
#1047 = CARTESIAN_POINT('',(-6.313561797467,2.302904879312,
    130.36362747336));
#1048 = CARTESIAN_POINT('',(-6.257052151321,2.492203510061,
    130.53497674435));
#1049 = CARTESIAN_POINT('',(-6.214838804867,2.624405563562,
    130.67146618933));
#1050 = CARTESIAN_POINT('',(-6.174099937471,2.745785248412,
    130.81378739531));
#1051 = CARTESIAN_POINT('',(-6.135634932398,2.856591020433,
    130.96122268802));
#1052 = CARTESIAN_POINT('',(-6.100166123375,2.957009420238,
    131.11314340862));
#1053 = CARTESIAN_POINT('',(-6.068333662947,3.047195111265,
    131.26899256759));
#1054 = CARTESIAN_POINT('',(-6.018789639976,3.190655556667,
    131.55443769716));
#1055 = CARTESIAN_POINT('',(-5.999522557052,3.247693341664,
    131.6827222729));
#1056 = CARTESIAN_POINT('',(-5.983160686395,3.298407910924,
    131.81286516524));
#1057 = CARTESIAN_POINT('',(-5.969944474491,3.342822174805,
    131.94458685277));
#1058 = CARTESIAN_POINT('',(-5.960069358228,3.380950759599,
    132.07760270047));
#1059 = CARTESIAN_POINT('',(-5.953677200522,3.412808484038,
    132.21162025619));
#1060 = CARTESIAN_POINT('',(-5.947657910244,3.467290734269,
    132.49820931757));
#1061 = CARTESIAN_POINT('',(-5.94899588954,3.488224745735,
    132.65098215321));
#1062 = CARTESIAN_POINT('',(-5.95497848505,3.501248856311,
    132.80420766864));
#1063 = CARTESIAN_POINT('',(-5.965620676542,3.506414703062,
    132.95746016486));
#1064 = CARTESIAN_POINT('',(-5.980837364606,3.503790959748,
    133.11033537783));
#1065 = CARTESIAN_POINT('',(-6.000453830609,3.49345680161,
    133.26244964459));
#1066 = CARTESIAN_POINT('',(-6.037630131415,3.465366487847,
    133.49858575856));
#1067 = CARTESIAN_POINT('',(-6.052357224014,3.452811471269,
    133.58337909021));
#1068 = CARTESIAN_POINT('',(-6.068362916514,3.437844463164,
    133.66775660982));
#1069 = CARTESIAN_POINT('',(-6.085597438182,3.420479102063,
    133.75166034256));
#1070 = CARTESIAN_POINT('',(-6.104005661252,3.40072760408,
    133.83503585225));
#1071 = CARTESIAN_POINT('',(-6.123528258983,3.378599765649,
    133.91783188286));
#1072 = CARTESIAN_POINT('',(-6.144102863722,3.35410196625,134.));
#1073 = ORIENTED_EDGE('',*,*,#419,.F.);
#1074 = ORIENTED_EDGE('',*,*,#798,.F.);
#1075 = ORIENTED_EDGE('',*,*,#702,.F.);
#1076 = ORIENTED_EDGE('',*,*,#1077,.T.);
#1077 = EDGE_CURVE('',#566,#1020,#1078,.T.);
#1078 = B_SPLINE_CURVE_WITH_KNOTS('',7,(#1079,#1080,#1081,#1082,#1083,
    #1084,#1085,#1086,#1087,#1088,#1089,#1090,#1091,#1092,#1093,#1094,
    #1095,#1096,#1097,#1098,#1099,#1100,#1101,#1102,#1103,#1104,#1105,
    #1106,#1107,#1108,#1109,#1110,#1111,#1112,#1113,#1114,#1115,#1116,
    #1117,#1118,#1119,#1120,#1121,#1122),.UNSPECIFIED.,.F.,.F.,(8,6,6,6,
    6,6,6,8),(0.,0.10289647651,0.28604972397,0.44896975156,
    0.653850264003,0.719069763392,0.806945667786,1.),.UNSPECIFIED.);
#1079 = CARTESIAN_POINT('',(-6.144102863722,-3.35410196625,134.));
#1080 = CARTESIAN_POINT('',(-6.123578953055,-3.37853940516,
    133.9180343381));
#1081 = CARTESIAN_POINT('',(-6.104101871923,-3.400618547036,
    133.83544385442));
#1082 = CARTESIAN_POINT('',(-6.085733527999,-3.420333060039,
    133.75227662534));
#1083 = CARTESIAN_POINT('',(-6.068532817742,-3.437673228426,
    133.66858352123));
#1084 = CARTESIAN_POINT('',(-6.052554482751,-3.452626937858,
    133.58441856078));
#1085 = CARTESIAN_POINT('',(-6.037847966115,-3.465180660707,
    133.49983926539));
#1086 = CARTESIAN_POINT('',(-6.00061937035,-3.493369006475,
    133.26372965269));
#1087 = CARTESIAN_POINT('',(-5.980946272603,-3.503770936721,
    133.1114214661));
#1088 = CARTESIAN_POINT('',(-5.965683497507,-3.506442686319,
    132.95834819547));
#1089 = CARTESIAN_POINT('',(-5.955006825172,-3.501304724855,
    132.80489488616));
#1090 = CARTESIAN_POINT('',(-5.949001987113,-3.488288049728,
    132.6514673177));
#1091 = CARTESIAN_POINT('',(-5.947654117137,-3.467340779131,
    132.49849284678));
#1092 = CARTESIAN_POINT('',(-5.953685194822,-3.412722157004,
    132.21114812564));
#1093 = CARTESIAN_POINT('',(-5.960116608855,-3.380710469444,
    132.07657997879));
#1094 = CARTESIAN_POINT('',(-5.970059510966,-3.342375973623,
    131.94302296693));
#1095 = CARTESIAN_POINT('',(-5.983370033393,-3.297703705772,
    131.81077312435));
#1096 = CARTESIAN_POINT('',(-5.999849878576,-3.246678864117,
    131.68011854443));
#1097 = CARTESIAN_POINT('',(-6.019255066139,-3.189278145371,
    131.55134214923));
#1098 = CARTESIAN_POINT('',(-6.069033230029,-3.04520776308,
    131.26549604731));
#1099 = CARTESIAN_POINT('',(-6.100936550467,-2.95482761337,
    131.1097234175));
#1100 = CARTESIAN_POINT('',(-6.136466093232,-2.854213013743,
    130.95788780732));
#1101 = CARTESIAN_POINT('',(-6.174980811385,-2.743208356193,
    130.81054662058));
#1102 = CARTESIAN_POINT('',(-6.215757453889,-2.621626248143,
    130.66832958782));
#1103 = CARTESIAN_POINT('',(-6.257995564887,-2.489217572493,
    130.53195609021));
#1104 = CARTESIAN_POINT('',(-6.314448570574,-2.299876237313,
    130.36099190657));
#1105 = CARTESIAN_POINT('',(-6.328137729806,-2.253025265273,
    130.32039223913));
#1106 = CARTESIAN_POINT('',(-6.341855656708,-2.20503231583,
    130.2805038186));
#1107 = CARTESIAN_POINT('',(-6.355571967669,-2.155888035233,
    130.24135850152));
#1108 = CARTESIAN_POINT('',(-6.369254903804,-2.105583886659,
    130.20299082668));
#1109 = CARTESIAN_POINT('',(-6.382871330955,-2.054112150214,
    130.16543801512));
#1110 = CARTESIAN_POINT('',(-6.414597225463,-1.930531081702,
    130.07929350199));
#1111 = CARTESIAN_POINT('',(-6.432623609391,-1.857466651274,
    130.031400592));
#1112 = CARTESIAN_POINT('',(-6.450382198714,-1.782254730749,
    129.9851571748));
#1113 = CARTESIAN_POINT('',(-6.467782619211,-1.704886970861,
    129.94067301529));
#1114 = CARTESIAN_POINT('',(-6.484728855872,-1.625367174105,
    129.89806973691));
#1115 = CARTESIAN_POINT('',(-6.501120293565,-1.543713894861,
    129.85747884991));
#1116 = CARTESIAN_POINT('',(-6.551415364832,-1.275971016195,
    129.7345930922));
#1117 = CARTESIAN_POINT('',(-6.58285961995,-1.081526602923,
    129.66038092652));
#1118 = CARTESIAN_POINT('',(-6.609985559765,-0.877357821761,
    129.59813396564));
#1119 = CARTESIAN_POINT('',(-6.631548314109,-0.664742614311,
    129.54964979915));
#1120 = CARTESIAN_POINT('',(-6.646417954483,-0.445627350659,
    129.51654093938));
#1121 = CARTESIAN_POINT('',(-6.653846153846,-0.222760451996,129.5));
#1122 = CARTESIAN_POINT('',(-6.653846153846,-1.7763568394E-15,129.5));
#1123 = ORIENTED_EDGE('',*,*,#1019,.T.);
#1124 = ORIENTED_EDGE('',*,*,#1125,.T.);
#1125 = EDGE_CURVE('',#1011,#1009,#1126,.T.);
#1126 = CIRCLE('',#1127,5.148766249775);
#1127 = AXIS2_PLACEMENT_3D('',#1128,#1129,#1130);
#1128 = CARTESIAN_POINT('',(0.,0.,109.93396124707));
#1129 = DIRECTION('',(0.,0.,1.));
#1130 = DIRECTION('',(0.,-1.,0.));
#1131 = CONICAL_SURFACE('',#1132,7.,7.677189126978E-02);
#1132 = AXIS2_PLACEMENT_3D('',#1133,#1134,#1135);
#1133 = CARTESIAN_POINT('',(0.,0.,134.));
#1134 = DIRECTION('',(-0.,-0.,1.));
#1135 = DIRECTION('',(-1.,0.,-0.));
#1136 = ADVANCED_FACE('',(#1137),#1271,.T.);
#1137 = FACE_BOUND('',#1138,.T.);
#1138 = EDGE_LOOP('',(#1139,#1140,#1148,#1157,#1260,#1267,#1268,#1269,
    #1270));
#1139 = ORIENTED_EDGE('',*,*,#565,.F.);
#1140 = ORIENTED_EDGE('',*,*,#1141,.F.);
#1141 = EDGE_CURVE('',#1142,#429,#1144,.T.);
#1142 = VERTEX_POINT('',#1143);
#1143 = CARTESIAN_POINT('',(-14.06350832689,1.914745467974E-16,136.5));
#1144 = LINE('',#1145,#1146);
#1145 = CARTESIAN_POINT('',(-16.,8.572527594031E-16,136.5));
#1146 = VECTOR('',#1147,1.);
#1147 = DIRECTION('',(1.,0.,0.));
#1148 = ORIENTED_EDGE('',*,*,#1149,.T.);
#1149 = EDGE_CURVE('',#1142,#1150,#1152,.T.);
#1150 = VERTEX_POINT('',#1151);
#1151 = CARTESIAN_POINT('',(-14.06350833085,-2.429111014203,
    130.48019452196));
#1152 = CIRCLE('',#1153,3.5);
#1153 = AXIS2_PLACEMENT_3D('',#1154,#1155,#1156);
#1154 = CARTESIAN_POINT('',(-14.06350832689,0.,133.));
#1155 = DIRECTION('',(1.,0.,0.));
#1156 = DIRECTION('',(-0.,0.,1.));
#1157 = ORIENTED_EDGE('',*,*,#1158,.F.);
#1158 = EDGE_CURVE('',#1159,#1150,#1161,.T.);
#1159 = VERTEX_POINT('',#1160);
#1160 = CARTESIAN_POINT('',(-14.06350833085,2.429111014188,
    130.48019452195));
#1161 = B_SPLINE_CURVE_WITH_KNOTS('',7,(#1162,#1163,#1164,#1165,#1166,
    #1167,#1168,#1169,#1170,#1171,#1172,#1173,#1174,#1175,#1176,#1177,
    #1178,#1179,#1180,#1181,#1182,#1183,#1184,#1185,#1186,#1187,#1188,
    #1189,#1190,#1191,#1192,#1193,#1194,#1195,#1196,#1197,#1198,#1199,
    #1200,#1201,#1202,#1203,#1204,#1205,#1206,#1207,#1208,#1209,#1210,
    #1211,#1212,#1213,#1214,#1215,#1216,#1217,#1218,#1219,#1220,#1221,
    #1222,#1223,#1224,#1225,#1226,#1227,#1228,#1229,#1230,#1231,#1232,
    #1233,#1234,#1235,#1236,#1237,#1238,#1239,#1240,#1241,#1242,#1243,
    #1244,#1245,#1246,#1247,#1248,#1249,#1250,#1251,#1252,#1253,#1254,
    #1255,#1256,#1257,#1258,#1259),.UNSPECIFIED.,.F.,.F.,(8,6,6,6,6,6,6,
    6,6,6,6,6,6,6,6,6,8),(0.,6.54573396173E-02,9.697783127949E-02,
    0.196145966545,0.338592942796,0.393279468481,0.434791687827,
    0.456452487758,0.500010571358,0.54324687956,0.56523099813,
    0.606745253764,0.661434958286,0.803891364176,0.903073954092,
    0.934608657972,1.),.UNSPECIFIED.);
#1162 = CARTESIAN_POINT('',(-16.0000006,3.160928337206,131.49715867536)
  );
#1163 = CARTESIAN_POINT('',(-15.91072553237,3.160142332765,
    131.49550547107));
#1164 = CARTESIAN_POINT('',(-15.82153640068,3.156243484079,
    131.48730794407));
#1165 = CARTESIAN_POINT('',(-15.73318566722,3.149231357962,131.472600077
    ));
#1166 = CARTESIAN_POINT('',(-15.64614947669,3.139247303194,
    131.45194314976));
#1167 = CARTESIAN_POINT('',(-15.56071097614,3.126478785124,
    131.42618071097));
#1168 = CARTESIAN_POINT('',(-15.47702763837,3.111118418854,
    131.39613373134));
#1169 = CARTESIAN_POINT('',(-15.35572156578,3.084771829943,
    131.34636225624));
#1170 = CARTESIAN_POINT('',(-15.31669640022,3.075643176167,
    131.32935591588));
#1171 = CARTESIAN_POINT('',(-15.27807021228,3.065965155244,
    131.31159745708));
#1172 = CARTESIAN_POINT('',(-15.23983642673,3.055752037019,
    131.2931583435));
#1173 = CARTESIAN_POINT('',(-15.20198589191,3.04501615531,
    131.27410382392));
#1174 = CARTESIAN_POINT('',(-15.16450717519,3.033767614695,
    131.25449236235));
#1175 = CARTESIAN_POINT('',(-15.01060084397,2.985035376185,
    131.17108308089));
#1176 = CARTESIAN_POINT('',(-14.89744801373,2.94308506002,
    131.10283198335));
#1177 = CARTESIAN_POINT('',(-14.78738199062,2.896372389735,
    131.03116518625));
#1178 = CARTESIAN_POINT('',(-14.68009051969,2.844969557309,
    130.95714318193));
#1179 = CARTESIAN_POINT('',(-14.57536420984,2.788866003728,
    130.88152689763));
#1180 = CARTESIAN_POINT('',(-14.47302786804,2.727965060278,
    130.80488666659));
#1181 = CARTESIAN_POINT('',(-14.22915832158,2.567302176901,
    130.61667367881));
#1182 = CARTESIAN_POINT('',(-14.09027804675,2.462358370754,
    130.50466167964));
#1183 = CARTESIAN_POINT('',(-13.95584439855,2.346549920191,
    130.39285863017));
#1184 = CARTESIAN_POINT('',(-13.82608623028,2.21905828848,
    130.28234564071));
#1185 = CARTESIAN_POINT('',(-13.70164012037,2.078911298279,
    130.17439051785));
#1186 = CARTESIAN_POINT('',(-13.58351924079,1.925055866662,
    130.07042312561));
#1187 = CARTESIAN_POINT('',(-13.43095366494,1.690886795104,
    129.93462222246));
#1188 = CARTESIAN_POINT('',(-13.38981213151,1.623694341572,
    129.89782850854));
#1189 = CARTESIAN_POINT('',(-13.3499467074,1.554193763088,
    129.86202414636));
#1190 = CARTESIAN_POINT('',(-13.31147595699,1.482318786344,
    129.82734002803));
#1191 = CARTESIAN_POINT('',(-13.27454042539,1.408016345718,
    129.79392586203));
#1192 = CARTESIAN_POINT('',(-13.23930069717,1.331249882241,
    129.76194882694));
#1193 = CARTESIAN_POINT('',(-13.18060809634,1.191846529964,
    129.70854870754));
#1194 = CARTESIAN_POINT('',(-13.15636289849,1.130265584939,
    129.68644076593));
#1195 = CARTESIAN_POINT('',(-13.13327862976,1.06725617387,129.6653490447
    ));
#1196 = CARTESIAN_POINT('',(-13.11144345159,1.002828967143,
    129.64536262511));
#1197 = CARTESIAN_POINT('',(-13.0909518287,0.937012221534,
    129.62657610584));
#1198 = CARTESIAN_POINT('',(-13.07190143919,0.8698550626,129.60908668383
    ));
#1199 = CARTESIAN_POINT('',(-13.04525277627,0.7657274248,129.58459273668
    ));
#1200 = CARTESIAN_POINT('',(-13.03653461258,0.729679626957,
    129.57657387562));
#1201 = CARTESIAN_POINT('',(-13.02824954207,0.693298378083,
    129.56894845887));
#1202 = CARTESIAN_POINT('',(-13.02041146963,0.65659662702,
    129.56173021682));
#1203 = CARTESIAN_POINT('',(-13.0130340247,0.619589420785,
    129.55493258013));
#1204 = CARTESIAN_POINT('',(-13.00613032944,0.582294058431,
    129.54856845676));
#1205 = CARTESIAN_POINT('',(-12.98680757764,0.469192511553,
    129.53074849827));
#1206 = CARTESIAN_POINT('',(-12.97586632318,0.39255776543,
    129.52064745503));
#1207 = CARTESIAN_POINT('',(-12.96699310958,0.315001820717,
    129.51244896433));
#1208 = CARTESIAN_POINT('',(-12.96027455484,0.236722294722,
    129.50623784119));
#1209 = CARTESIAN_POINT('',(-12.95577399181,0.157939546387,
    129.50207602232));
#1210 = CARTESIAN_POINT('',(-12.95352567106,7.889761478887E-02,
    129.49999695776));
#1211 = CARTESIAN_POINT('',(-12.95353223212,-7.858346528246E-02,
    129.50000302494));
#1212 = CARTESIAN_POINT('',(-12.95575396797,-0.157040670815,
    129.50205750636));
#1213 = CARTESIAN_POINT('',(-12.96019471661,-0.235243923105,
    129.50616400883));
#1214 = CARTESIAN_POINT('',(-12.96682118604,-0.312954465071,
    129.51229001841));
#1215 = CARTESIAN_POINT('',(-12.97557181351,-0.389956427924,
    129.52037533035));
#1216 = CARTESIAN_POINT('',(-12.98636233199,-0.466055940692,
    129.53033743418));
#1217 = CARTESIAN_POINT('',(-13.00556358097,-0.579227416372,
    129.54804599721));
#1218 = CARTESIAN_POINT('',(-13.01253746172,-0.617099474706,
    129.55447504243));
#1219 = CARTESIAN_POINT('',(-13.02000007793,-0.654675680171,
    129.56135136452));
#1220 = CARTESIAN_POINT('',(-13.02793773302,-0.691937854595,
    129.56866149145));
#1221 = CARTESIAN_POINT('',(-13.03633618476,-0.72887021089,
    129.57639138945));
#1222 = CARTESIAN_POINT('',(-13.04518089519,-0.76545918772,
    129.58452670346));
#1223 = CARTESIAN_POINT('',(-13.07197457295,-0.870116839064,
    129.60915383624));
#1224 = CARTESIAN_POINT('',(-13.09103078494,-0.937272919718,
    129.62664852097));
#1225 = CARTESIAN_POINT('',(-13.11152810001,-1.003088300386,
    129.64544015991));
#1226 = CARTESIAN_POINT('',(-13.13336883242,-1.067513900813,
    129.6654315472));
#1227 = CARTESIAN_POINT('',(-13.15645851573,-1.130521504256,
    129.68652808073));
#1228 = CARTESIAN_POINT('',(-13.18070899144,-1.192100475477,
    129.70864068021));
#1229 = CARTESIAN_POINT('',(-13.23941382354,-1.331499658841,
    129.76205152023));
#1230 = CARTESIAN_POINT('',(-13.27466044176,-1.408263781077,
    129.7940345354));
#1231 = CARTESIAN_POINT('',(-13.31160267806,-1.482563663896,
    129.82745445132));
#1232 = CARTESIAN_POINT('',(-13.35007996188,-1.554435915572,
    129.86214409721));
#1233 = CARTESIAN_POINT('',(-13.38995176548,-1.623933638002,
    129.8979537749));
#1234 = CARTESIAN_POINT('',(-13.43109954334,-1.691123130507,
    129.93475260293));
#1235 = CARTESIAN_POINT('',(-13.58368809773,-1.925282581713,
    130.0705720387));
#1236 = CARTESIAN_POINT('',(-13.70182515465,-2.079130632531,
    130.17455182377));
#1237 = CARTESIAN_POINT('',(-13.82628705934,-2.219269731754,
    130.2825182322));
#1238 = CARTESIAN_POINT('',(-13.95606090827,-2.346753043739,
    130.39304144062));
#1239 = CARTESIAN_POINT('',(-14.09051039786,-2.462552734214,
    130.50485354298));
#1240 = CARTESIAN_POINT('',(-14.22940693565,-2.567487257697,
    130.61687319846));
#1241 = CARTESIAN_POINT('',(-14.47331357814,-2.728138430305,
    130.80510183653));
#1242 = CARTESIAN_POINT('',(-14.57567053556,-2.789036461618,
    130.88175094895));
#1243 = CARTESIAN_POINT('',(-14.68041847035,-2.845135996206,
    130.95737472578));
#1244 = CARTESIAN_POINT('',(-14.78773283569,-2.896533611761,
    131.03140237052));
#1245 = CARTESIAN_POINT('',(-14.89782325281,-2.943239684768,
    131.1030721786));
#1246 = CARTESIAN_POINT('',(-15.01100224446,-2.985181753044,
    131.17132244292));
#1247 = CARTESIAN_POINT('',(-15.16495725813,-3.033903950472,
    131.2547292923));
#1248 = CARTESIAN_POINT('',(-15.20245673365,-3.045152265549,
    131.27434393398));
#1249 = CARTESIAN_POINT('',(-15.2403284659,-3.055887375802,
    131.29340063723));
#1250 = CARTESIAN_POINT('',(-15.27858389462,-3.066099148172,
    131.31184081185));
#1251 = CARTESIAN_POINT('',(-15.31723216632,-3.075775215521,
    131.32959906838));
#1252 = CARTESIAN_POINT('',(-15.35627983638,-3.084901271536,
    131.34660379335));
#1253 = CARTESIAN_POINT('',(-15.47753684099,-3.111211842761,
    131.39631649078));
#1254 = CARTESIAN_POINT('',(-15.56114388363,-3.126543428937,
    131.42631116068));
#1255 = CARTESIAN_POINT('',(-15.64650233424,-3.139287777433,
    131.45202686542));
#1256 = CARTESIAN_POINT('',(-15.73345500706,-3.149252808704,
    131.47264507676));
#1257 = CARTESIAN_POINT('',(-15.82171875095,-3.156251500082,
    131.48732479464));
#1258 = CARTESIAN_POINT('',(-15.9108174786,-3.160143142287,
    131.49550717374));
#1259 = CARTESIAN_POINT('',(-16.0000006,-3.160928337206,131.49715867536)
  );
#1260 = ORIENTED_EDGE('',*,*,#1261,.T.);
#1261 = EDGE_CURVE('',#1159,#1142,#1262,.T.);
#1262 = CIRCLE('',#1263,3.5);
#1263 = AXIS2_PLACEMENT_3D('',#1264,#1265,#1266);
#1264 = CARTESIAN_POINT('',(-14.06350832689,0.,133.));
#1265 = DIRECTION('',(1.,0.,0.));
#1266 = DIRECTION('',(-0.,0.,1.));
#1267 = ORIENTED_EDGE('',*,*,#1141,.T.);
#1268 = ORIENTED_EDGE('',*,*,#428,.F.);
#1269 = ORIENTED_EDGE('',*,*,#1027,.F.);
#1270 = ORIENTED_EDGE('',*,*,#1077,.F.);
#1271 = CYLINDRICAL_SURFACE('',#1272,3.5);
#1272 = AXIS2_PLACEMENT_3D('',#1273,#1274,#1275);
#1273 = CARTESIAN_POINT('',(-16.,0.,133.));
#1274 = DIRECTION('',(1.,0.,0.));
#1275 = DIRECTION('',(-0.,0.,1.));
#1276 = ADVANCED_FACE('',(#1277),#1307,.T.);
#1277 = FACE_BOUND('',#1278,.T.);
#1278 = EDGE_LOOP('',(#1279,#1290,#1291,#1298,#1299,#1300));
#1279 = ORIENTED_EDGE('',*,*,#1280,.T.);
#1280 = EDGE_CURVE('',#1281,#1283,#1285,.T.);
#1281 = VERTEX_POINT('',#1282);
#1282 = CARTESIAN_POINT('',(19.18106919861,-7.791372423889E-16,
    130.57496417476));
#1283 = VERTEX_POINT('',#1284);
#1284 = CARTESIAN_POINT('',(16.,-5.999039130647E-32,137.));
#1285 = CIRCLE('',#1286,4.);
#1286 = AXIS2_PLACEMENT_3D('',#1287,#1288,#1289);
#1287 = CARTESIAN_POINT('',(16.,0.,133.));
#1288 = DIRECTION('',(-2.449293598295E-16,-1.,0.));
#1289 = DIRECTION('',(1.,-2.449293598295E-16,0.));
#1290 = ORIENTED_EDGE('',*,*,#1280,.F.);
#1291 = ORIENTED_EDGE('',*,*,#1292,.T.);
#1292 = EDGE_CURVE('',#1281,#896,#1293,.T.);
#1293 = CIRCLE('',#1294,3.135623515507);
#1294 = AXIS2_PLACEMENT_3D('',#1295,#1296,#1297);
#1295 = CARTESIAN_POINT('',(16.045983203209,0.,130.5169070267));
#1296 = DIRECTION('',(-1.851534400602E-02,0.,0.999828576325));
#1297 = DIRECTION('',(-0.999828576325,0.,-1.851534400602E-02));
#1298 = ORIENTED_EDGE('',*,*,#895,.T.);
#1299 = ORIENTED_EDGE('',*,*,#780,.T.);
#1300 = ORIENTED_EDGE('',*,*,#1301,.T.);
#1301 = EDGE_CURVE('',#783,#1281,#1302,.T.);
#1302 = CIRCLE('',#1303,3.135623515507);
#1303 = AXIS2_PLACEMENT_3D('',#1304,#1305,#1306);
#1304 = CARTESIAN_POINT('',(16.045983203209,0.,130.5169070267));
#1305 = DIRECTION('',(-1.851534400602E-02,0.,0.999828576325));
#1306 = DIRECTION('',(-0.999828576325,0.,-1.851534400602E-02));
#1307 = SPHERICAL_SURFACE('',#1308,4.);
#1308 = AXIS2_PLACEMENT_3D('',#1309,#1310,#1311);
#1309 = CARTESIAN_POINT('',(16.,0.,133.));
#1310 = DIRECTION('',(0.,0.,1.));
#1311 = DIRECTION('',(1.,0.,-0.));
#1312 = ADVANCED_FACE('',(#1313),#1344,.T.);
#1313 = FACE_BOUND('',#1314,.T.);
#1314 = EDGE_LOOP('',(#1315,#1326,#1332,#1333,#1334,#1335,#1336,#1337));
#1315 = ORIENTED_EDGE('',*,*,#1316,.T.);
#1316 = EDGE_CURVE('',#1317,#1319,#1321,.T.);
#1317 = VERTEX_POINT('',#1318);
#1318 = CARTESIAN_POINT('',(19.011371664098,-6.151086539814E-16,
    107.64104002534));
#1319 = VERTEX_POINT('',#1320);
#1320 = CARTESIAN_POINT('',(13.929591798566,-6.22445246481E-16,
    107.54693299079));
#1321 = CIRCLE('',#1322,2.541325576135);
#1322 = AXIS2_PLACEMENT_3D('',#1323,#1324,#1325);
#1323 = CARTESIAN_POINT('',(16.470481731332,0.,107.59398650806));
#1324 = DIRECTION('',(-1.851534400602E-02,0.,0.999828576325));
#1325 = DIRECTION('',(-0.999828576325,0.,-1.851534400602E-02));
#1326 = ORIENTED_EDGE('',*,*,#1327,.F.);
#1327 = EDGE_CURVE('',#905,#1319,#1328,.T.);
#1328 = LINE('',#1329,#1330);
#1329 = CARTESIAN_POINT('',(12.80054855576,-7.837739514543E-16,
    132.94075089918));
#1330 = VECTOR('',#1331,1.);
#1331 = DIRECTION('',(4.441746200288E-02,6.346799973144E-18,
    -0.999013057507));
#1332 = ORIENTED_EDGE('',*,*,#904,.T.);
#1333 = ORIENTED_EDGE('',*,*,#1292,.F.);
#1334 = ORIENTED_EDGE('',*,*,#1301,.F.);
#1335 = ORIENTED_EDGE('',*,*,#953,.T.);
#1336 = ORIENTED_EDGE('',*,*,#1327,.T.);
#1337 = ORIENTED_EDGE('',*,*,#1338,.T.);
#1338 = EDGE_CURVE('',#1319,#1317,#1339,.T.);
#1339 = CIRCLE('',#1340,2.541325576135);
#1340 = AXIS2_PLACEMENT_3D('',#1341,#1342,#1343);
#1341 = CARTESIAN_POINT('',(16.470481731332,0.,107.59398650806));
#1342 = DIRECTION('',(-1.851534400602E-02,0.,0.999828576325));
#1343 = DIRECTION('',(-0.999828576325,0.,-1.851534400602E-02));
#1344 = CONICAL_SURFACE('',#1345,3.2,2.591567819955E-02);
#1345 = AXIS2_PLACEMENT_3D('',#1346,#1347,#1348);
#1346 = CARTESIAN_POINT('',(16.,0.,133.));
#1347 = DIRECTION('',(-1.851534400602E-02,-0.,0.999828576325));
#1348 = DIRECTION('',(-0.999828576325,0.,-1.851534400602E-02));
#1349 = ADVANCED_FACE('',(#1350),#1380,.T.);
#1350 = FACE_BOUND('',#1351,.T.);
#1351 = EDGE_LOOP('',(#1352,#1353,#1362,#1371,#1378,#1379));
#1352 = ORIENTED_EDGE('',*,*,#1008,.F.);
#1353 = ORIENTED_EDGE('',*,*,#1354,.F.);
#1354 = EDGE_CURVE('',#1355,#1009,#1357,.T.);
#1355 = VERTEX_POINT('',#1356);
#1356 = CARTESIAN_POINT('',(5.145664852904,-1.260324398319E-15,
    106.05780196128));
#1357 = CIRCLE('',#1358,5.5);
#1358 = AXIS2_PLACEMENT_3D('',#1359,#1360,#1361);
#1359 = CARTESIAN_POINT('',(0.,0.,108.));
#1360 = DIRECTION('',(-2.449293598295E-16,-1.,0.));
#1361 = DIRECTION('',(1.,-2.449293598295E-16,0.));
#1362 = ORIENTED_EDGE('',*,*,#1363,.F.);
#1363 = EDGE_CURVE('',#1364,#1355,#1366,.T.);
#1364 = VERTEX_POINT('',#1365);
#1365 = CARTESIAN_POINT('',(-5.145664852904,-1.260324398319E-15,
    106.05780196128));
#1366 = CIRCLE('',#1367,5.145664852904);
#1367 = AXIS2_PLACEMENT_3D('',#1368,#1369,#1370);
#1368 = CARTESIAN_POINT('',(0.,0.,106.05780196128));
#1369 = DIRECTION('',(0.,0.,-1.));
#1370 = DIRECTION('',(0.,1.,0.));
#1371 = ORIENTED_EDGE('',*,*,#1372,.F.);
#1372 = EDGE_CURVE('',#1355,#1364,#1373,.T.);
#1373 = CIRCLE('',#1374,5.145664852904);
#1374 = AXIS2_PLACEMENT_3D('',#1375,#1376,#1377);
#1375 = CARTESIAN_POINT('',(0.,0.,106.05780196128));
#1376 = DIRECTION('',(0.,0.,-1.));
#1377 = DIRECTION('',(0.,1.,0.));
#1378 = ORIENTED_EDGE('',*,*,#1354,.T.);
#1379 = ORIENTED_EDGE('',*,*,#1125,.F.);
#1380 = SPHERICAL_SURFACE('',#1381,5.5);
#1381 = AXIS2_PLACEMENT_3D('',#1382,#1383,#1384);
#1382 = CARTESIAN_POINT('',(0.,0.,108.));
#1383 = DIRECTION('',(0.,0.,1.));
#1384 = DIRECTION('',(1.,0.,-0.));
#1385 = ADVANCED_FACE('',(#1386),#1416,.T.);
#1386 = FACE_BOUND('',#1387,.T.);
#1387 = EDGE_LOOP('',(#1388,#1397,#1398,#1399,#1408,#1415));
#1388 = ORIENTED_EDGE('',*,*,#1389,.T.);
#1389 = EDGE_CURVE('',#1142,#1390,#1392,.T.);
#1390 = VERTEX_POINT('',#1391);
#1391 = CARTESIAN_POINT('',(-16.,-5.999039130647E-32,137.));
#1392 = CIRCLE('',#1393,4.);
#1393 = AXIS2_PLACEMENT_3D('',#1394,#1395,#1396);
#1394 = CARTESIAN_POINT('',(-16.,0.,133.));
#1395 = DIRECTION('',(-2.449293598295E-16,-1.,0.));
#1396 = DIRECTION('',(1.,-2.449293598295E-16,0.));
#1397 = ORIENTED_EDGE('',*,*,#1389,.F.);
#1398 = ORIENTED_EDGE('',*,*,#1261,.F.);
#1399 = ORIENTED_EDGE('',*,*,#1400,.T.);
#1400 = EDGE_CURVE('',#1159,#1401,#1403,.T.);
#1401 = VERTEX_POINT('',#1402);
#1402 = CARTESIAN_POINT('',(-19.18106919861,-7.680062603194E-16,
    130.57496417477));
#1403 = CIRCLE('',#1404,3.135623515507);
#1404 = AXIS2_PLACEMENT_3D('',#1405,#1406,#1407);
#1405 = CARTESIAN_POINT('',(-16.0459832032,0.,130.5169070267));
#1406 = DIRECTION('',(1.851534400602E-02,0.,0.999828576325));
#1407 = DIRECTION('',(-0.999828576325,0.,1.851534400602E-02));
#1408 = ORIENTED_EDGE('',*,*,#1409,.T.);
#1409 = EDGE_CURVE('',#1401,#1150,#1410,.T.);
#1410 = CIRCLE('',#1411,3.135623515507);
#1411 = AXIS2_PLACEMENT_3D('',#1412,#1413,#1414);
#1412 = CARTESIAN_POINT('',(-16.0459832032,0.,130.5169070267));
#1413 = DIRECTION('',(1.851534400602E-02,0.,0.999828576325));
#1414 = DIRECTION('',(-0.999828576325,0.,1.851534400602E-02));
#1415 = ORIENTED_EDGE('',*,*,#1149,.F.);
#1416 = SPHERICAL_SURFACE('',#1417,4.);
#1417 = AXIS2_PLACEMENT_3D('',#1418,#1419,#1420);
#1418 = CARTESIAN_POINT('',(-16.,0.,133.));
#1419 = DIRECTION('',(0.,0.,1.));
#1420 = DIRECTION('',(1.,0.,-0.));
#1421 = ADVANCED_FACE('',(#1422),#1452,.T.);
#1422 = FACE_BOUND('',#1423,.T.);
#1423 = EDGE_LOOP('',(#1424,#1435,#1441,#1442,#1443,#1444,#1445));
#1424 = ORIENTED_EDGE('',*,*,#1425,.T.);
#1425 = EDGE_CURVE('',#1426,#1428,#1430,.T.);
#1426 = VERTEX_POINT('',#1427);
#1427 = CARTESIAN_POINT('',(-13.92959179856,-6.295684352776E-16,
    107.54693299079));
#1428 = VERTEX_POINT('',#1429);
#1429 = CARTESIAN_POINT('',(-19.01137166409,-6.22445246481E-16,
    107.64104002533));
#1430 = CIRCLE('',#1431,2.541325576135);
#1431 = AXIS2_PLACEMENT_3D('',#1432,#1433,#1434);
#1432 = CARTESIAN_POINT('',(-16.47048173133,0.,107.59398650806));
#1433 = DIRECTION('',(1.851534400602E-02,0.,0.999828576325));
#1434 = DIRECTION('',(-0.999828576325,0.,1.851534400602E-02));
#1435 = ORIENTED_EDGE('',*,*,#1436,.F.);
#1436 = EDGE_CURVE('',#1401,#1428,#1437,.T.);
#1437 = LINE('',#1438,#1439);
#1438 = CARTESIAN_POINT('',(-19.19945144424,-7.837739514543E-16,
    133.05924910081));
#1439 = VECTOR('',#1440,1.);
#1440 = DIRECTION('',(7.399208614211E-03,6.346799973144E-18,
    -0.999972625481));
#1441 = ORIENTED_EDGE('',*,*,#1400,.F.);
#1442 = ORIENTED_EDGE('',*,*,#1158,.T.);
#1443 = ORIENTED_EDGE('',*,*,#1409,.F.);
#1444 = ORIENTED_EDGE('',*,*,#1436,.T.);
#1445 = ORIENTED_EDGE('',*,*,#1446,.T.);
#1446 = EDGE_CURVE('',#1428,#1426,#1447,.T.);
#1447 = CIRCLE('',#1448,2.541325576135);
#1448 = AXIS2_PLACEMENT_3D('',#1449,#1450,#1451);
#1449 = CARTESIAN_POINT('',(-16.47048173133,0.,107.59398650806));
#1450 = DIRECTION('',(1.851534400602E-02,0.,0.999828576325));
#1451 = DIRECTION('',(-0.999828576325,0.,1.851534400602E-02));
#1452 = CONICAL_SURFACE('',#1453,3.2,2.591567819955E-02);
#1453 = AXIS2_PLACEMENT_3D('',#1454,#1455,#1456);
#1454 = CARTESIAN_POINT('',(-16.,0.,133.));
#1455 = DIRECTION('',(1.851534400602E-02,-0.,0.999828576325));
#1456 = DIRECTION('',(-0.999828576325,0.,1.851534400602E-02));
#1457 = ADVANCED_FACE('',(#1458),#1488,.T.);
#1458 = FACE_BOUND('',#1459,.T.);
#1459 = EDGE_LOOP('',(#1460,#1461,#1470,#1479,#1486,#1487));
#1460 = ORIENTED_EDGE('',*,*,#1316,.F.);
#1461 = ORIENTED_EDGE('',*,*,#1462,.F.);
#1462 = EDGE_CURVE('',#1463,#1317,#1465,.T.);
#1463 = VERTEX_POINT('',#1464);
#1464 = CARTESIAN_POINT('',(18.964357697057,-6.035935531309E-16,
    104.28916945872));
#1465 = CIRCLE('',#1466,3.);
#1466 = AXIS2_PLACEMENT_3D('',#1467,#1468,#1469);
#1467 = CARTESIAN_POINT('',(16.5,0.,106.));
#1468 = DIRECTION('',(-2.449293598295E-16,-1.,0.));
#1469 = DIRECTION('',(1.,-2.449293598295E-16,0.));
#1470 = ORIENTED_EDGE('',*,*,#1471,.T.);
#1471 = EDGE_CURVE('',#1463,#1472,#1474,.T.);
#1472 = VERTEX_POINT('',#1473);
#1473 = CARTESIAN_POINT('',(14.035642302943,-6.035935531309E-16,
    104.28916945872));
#1474 = CIRCLE('',#1475,2.464357697057);
#1475 = AXIS2_PLACEMENT_3D('',#1476,#1477,#1478);
#1476 = CARTESIAN_POINT('',(16.5,0.,104.28916945872));
#1477 = DIRECTION('',(0.,0.,1.));
#1478 = DIRECTION('',(0.,-1.,0.));
#1479 = ORIENTED_EDGE('',*,*,#1480,.T.);
#1480 = EDGE_CURVE('',#1472,#1463,#1481,.T.);
#1481 = CIRCLE('',#1482,2.464357697057);
#1482 = AXIS2_PLACEMENT_3D('',#1483,#1484,#1485);
#1483 = CARTESIAN_POINT('',(16.5,0.,104.28916945872));
#1484 = DIRECTION('',(0.,0.,1.));
#1485 = DIRECTION('',(0.,-1.,0.));
#1486 = ORIENTED_EDGE('',*,*,#1462,.T.);
#1487 = ORIENTED_EDGE('',*,*,#1338,.F.);
#1488 = SPHERICAL_SURFACE('',#1489,3.);
#1489 = AXIS2_PLACEMENT_3D('',#1490,#1491,#1492);
#1490 = CARTESIAN_POINT('',(16.5,0.,106.));
#1491 = DIRECTION('',(0.,0.,1.));
#1492 = DIRECTION('',(1.,0.,-0.));
#1493 = ADVANCED_FACE('',(#1494),#1523,.T.);
#1494 = FACE_BOUND('',#1495,.T.);
#1495 = EDGE_LOOP('',(#1496,#1507,#1513,#1514,#1515,#1516));
#1496 = ORIENTED_EDGE('',*,*,#1497,.F.);
#1497 = EDGE_CURVE('',#1498,#1500,#1502,.T.);
#1498 = VERTEX_POINT('',#1499);
#1499 = CARTESIAN_POINT('',(-6.265959759573,-1.534717512629E-15,
    91.120536539029));
#1500 = VERTEX_POINT('',#1501);
#1501 = CARTESIAN_POINT('',(6.265959759573,-1.534717512629E-15,
    91.120536539029));
#1502 = CIRCLE('',#1503,6.265959759573);
#1503 = AXIS2_PLACEMENT_3D('',#1504,#1505,#1506);
#1504 = CARTESIAN_POINT('',(0.,0.,91.120536539029));
#1505 = DIRECTION('',(0.,0.,-1.));
#1506 = DIRECTION('',(0.,1.,0.));
#1507 = ORIENTED_EDGE('',*,*,#1508,.F.);
#1508 = EDGE_CURVE('',#1364,#1498,#1509,.T.);
#1509 = LINE('',#1510,#1511);
#1510 = CARTESIAN_POINT('',(-5.,-1.224646799147E-15,108.));
#1511 = VECTOR('',#1512,1.);
#1512 = DIRECTION('',(-7.478994824163E-02,-1.83182541445E-17,
    -0.997199309888));
#1513 = ORIENTED_EDGE('',*,*,#1363,.T.);
#1514 = ORIENTED_EDGE('',*,*,#1372,.T.);
#1515 = ORIENTED_EDGE('',*,*,#1508,.T.);
#1516 = ORIENTED_EDGE('',*,*,#1517,.F.);
#1517 = EDGE_CURVE('',#1500,#1498,#1518,.T.);
#1518 = CIRCLE('',#1519,6.265959759573);
#1519 = AXIS2_PLACEMENT_3D('',#1520,#1521,#1522);
#1520 = CARTESIAN_POINT('',(0.,0.,91.120536539029));
#1521 = DIRECTION('',(0.,0.,-1.));
#1522 = DIRECTION('',(0.,1.,0.));
#1523 = CONICAL_SURFACE('',#1524,5.,7.485984771077E-02);
#1524 = AXIS2_PLACEMENT_3D('',#1525,#1526,#1527);
#1525 = CARTESIAN_POINT('',(0.,0.,108.));
#1526 = DIRECTION('',(0.,0.,-1.));
#1527 = DIRECTION('',(-1.,0.,-0.));
#1528 = ADVANCED_FACE('',(#1529),#1559,.T.);
#1529 = FACE_BOUND('',#1530,.T.);
#1530 = EDGE_LOOP('',(#1531,#1532,#1541,#1550,#1557,#1558));
#1531 = ORIENTED_EDGE('',*,*,#1425,.F.);
#1532 = ORIENTED_EDGE('',*,*,#1533,.F.);
#1533 = EDGE_CURVE('',#1534,#1426,#1536,.T.);
#1534 = VERTEX_POINT('',#1535);
#1535 = CARTESIAN_POINT('',(-14.03564230294,-6.035935531309E-16,
    104.28916945872));
#1536 = CIRCLE('',#1537,3.);
#1537 = AXIS2_PLACEMENT_3D('',#1538,#1539,#1540);
#1538 = CARTESIAN_POINT('',(-16.5,0.,106.));
#1539 = DIRECTION('',(-2.449293598295E-16,-1.,0.));
#1540 = DIRECTION('',(1.,-2.449293598295E-16,0.));
#1541 = ORIENTED_EDGE('',*,*,#1542,.T.);
#1542 = EDGE_CURVE('',#1534,#1543,#1545,.T.);
#1543 = VERTEX_POINT('',#1544);
#1544 = CARTESIAN_POINT('',(-18.96435769705,-6.035935531309E-16,
    104.28916945872));
#1545 = CIRCLE('',#1546,2.464357697057);
#1546 = AXIS2_PLACEMENT_3D('',#1547,#1548,#1549);
#1547 = CARTESIAN_POINT('',(-16.5,0.,104.28916945872));
#1548 = DIRECTION('',(0.,0.,1.));
#1549 = DIRECTION('',(0.,-1.,0.));
#1550 = ORIENTED_EDGE('',*,*,#1551,.T.);
#1551 = EDGE_CURVE('',#1543,#1534,#1552,.T.);
#1552 = CIRCLE('',#1553,2.464357697057);
#1553 = AXIS2_PLACEMENT_3D('',#1554,#1555,#1556);
#1554 = CARTESIAN_POINT('',(-16.5,0.,104.28916945872));
#1555 = DIRECTION('',(0.,0.,1.));
#1556 = DIRECTION('',(0.,-1.,0.));
#1557 = ORIENTED_EDGE('',*,*,#1533,.T.);
#1558 = ORIENTED_EDGE('',*,*,#1446,.F.);
#1559 = SPHERICAL_SURFACE('',#1560,3.);
#1560 = AXIS2_PLACEMENT_3D('',#1561,#1562,#1563);
#1561 = CARTESIAN_POINT('',(-16.5,0.,106.));
#1562 = DIRECTION('',(0.,0.,1.));
#1563 = DIRECTION('',(1.,0.,-0.));
#1564 = ADVANCED_FACE('',(#1565),#1594,.T.);
#1565 = FACE_BOUND('',#1566,.T.);
#1566 = EDGE_LOOP('',(#1567,#1578,#1584,#1585,#1586,#1587));
#1567 = ORIENTED_EDGE('',*,*,#1568,.T.);
#1568 = EDGE_CURVE('',#1569,#1571,#1573,.T.);
#1569 = VERTEX_POINT('',#1570);
#1570 = CARTESIAN_POINT('',(18.530387587724,-4.973015320669E-16,
    83.45860421075));
#1571 = VERTEX_POINT('',#1572);
#1572 = CARTESIAN_POINT('',(14.469612412276,-4.973015320669E-16,
    83.45860421075));
#1573 = CIRCLE('',#1574,2.030387587724);
#1574 = AXIS2_PLACEMENT_3D('',#1575,#1576,#1577);
#1575 = CARTESIAN_POINT('',(16.5,0.,83.45860421075));
#1576 = DIRECTION('',(0.,0.,1.));
#1577 = DIRECTION('',(0.,-1.,0.));
#1578 = ORIENTED_EDGE('',*,*,#1579,.F.);
#1579 = EDGE_CURVE('',#1472,#1571,#1580,.T.);
#1580 = LINE('',#1581,#1582);
#1581 = CARTESIAN_POINT('',(14.,-6.123233995737E-16,106.));
#1582 = VECTOR('',#1583,1.);
#1583 = DIRECTION('',(2.082881368184E-02,5.101588001099E-18,
    -0.999783056728));
#1584 = ORIENTED_EDGE('',*,*,#1471,.F.);
#1585 = ORIENTED_EDGE('',*,*,#1480,.F.);
#1586 = ORIENTED_EDGE('',*,*,#1579,.T.);
#1587 = ORIENTED_EDGE('',*,*,#1588,.T.);
#1588 = EDGE_CURVE('',#1571,#1569,#1589,.T.);
#1589 = CIRCLE('',#1590,2.030387587724);
#1590 = AXIS2_PLACEMENT_3D('',#1591,#1592,#1593);
#1591 = CARTESIAN_POINT('',(16.5,0.,83.45860421075));
#1592 = DIRECTION('',(0.,0.,1.));
#1593 = DIRECTION('',(0.,-1.,0.));
#1594 = CONICAL_SURFACE('',#1595,2.5,2.083032003622E-02);
#1595 = AXIS2_PLACEMENT_3D('',#1596,#1597,#1598);
#1596 = CARTESIAN_POINT('',(16.5,0.,106.));
#1597 = DIRECTION('',(-0.,-0.,1.));
#1598 = DIRECTION('',(-1.,0.,-0.));
#1599 = ADVANCED_FACE('',(#1600,#1780),#1924,.T.);
#1600 = FACE_BOUND('',#1601,.T.);
#1601 = EDGE_LOOP('',(#1602,#1603,#1612,#1691,#1700,#1701,#1778,#1779));
#1602 = ORIENTED_EDGE('',*,*,#1497,.T.);
#1603 = ORIENTED_EDGE('',*,*,#1604,.F.);
#1604 = EDGE_CURVE('',#1605,#1500,#1607,.T.);
#1605 = VERTEX_POINT('',#1606);
#1606 = CARTESIAN_POINT('',(6.708203932499,-3.316593277374E-16,90.));
#1607 = CIRCLE('',#1608,7.);
#1608 = AXIS2_PLACEMENT_3D('',#1609,#1610,#1611);
#1609 = CARTESIAN_POINT('',(0.,0.,88.));
#1610 = DIRECTION('',(-2.449293598295E-16,-1.,0.));
#1611 = DIRECTION('',(1.,-2.449293598295E-16,0.));
#1612 = ORIENTED_EDGE('',*,*,#1613,.F.);
#1613 = EDGE_CURVE('',#1614,#1605,#1616,.T.);
#1614 = VERTEX_POINT('',#1615);
#1615 = CARTESIAN_POINT('',(3.605551275464,-8.831053657317E-16,82.));
#1616 = B_SPLINE_CURVE_WITH_KNOTS('',7,(#1617,#1618,#1619,#1620,#1621,
    #1622,#1623,#1624,#1625,#1626,#1627,#1628,#1629,#1630,#1631,#1632,
    #1633,#1634,#1635,#1636,#1637,#1638,#1639,#1640,#1641,#1642,#1643,
    #1644,#1645,#1646,#1647,#1648,#1649,#1650,#1651,#1652,#1653,#1654,
    #1655,#1656,#1657,#1658,#1659,#1660,#1661,#1662,#1663,#1664,#1665,
    #1666,#1667,#1668,#1669,#1670,#1671,#1672,#1673,#1674,#1675,#1676,
    #1677,#1678,#1679,#1680,#1681,#1682,#1683,#1684,#1685,#1686,#1687,
    #1688,#1689,#1690),.UNSPECIFIED.,.F.,.F.,(8,6,6,6,6,6,6,6,6,6,6,6,8)
  ,(0.,0.120289554263,0.172010510749,0.233596387637,0.279792581128,
    0.314962424086,0.413025432698,0.551384645154,0.616661155774,
    0.719317686775,0.816370937614,0.874410173011,1.),.UNSPECIFIED.);
#1617 = CARTESIAN_POINT('',(3.605551275464,-8.831053657317E-16,82.));
#1618 = CARTESIAN_POINT('',(3.605551275464,0.225280488643,82.));
#1619 = CARTESIAN_POINT('',(3.613762303041,0.450669348123,82.01480261722
    ));
#1620 = CARTESIAN_POINT('',(3.630197845598,0.674510390221,
    82.044432332362));
#1621 = CARTESIAN_POINT('',(3.654586283212,0.895381668774,
    82.088611290789));
#1622 = CARTESIAN_POINT('',(3.686442652166,1.111877346737,82.14689310458
    ));
#1623 = CARTESIAN_POINT('',(3.72508434611,1.32262413118,82.218565559042)
  );
#1624 = CARTESIAN_POINT('',(3.788892914528,1.613956260874,
    82.338835351196));
#1625 = CARTESIAN_POINT('',(3.809190048933,1.700282446774,
    82.377307170966));
#1626 = CARTESIAN_POINT('',(3.830538580514,1.785250136051,
    82.418020305635));
#1627 = CARTESIAN_POINT('',(3.852877742484,1.868783440847,
    82.460904720871));
#1628 = CARTESIAN_POINT('',(3.876146680707,1.950815423979,
    82.505888937829));
#1629 = CARTESIAN_POINT('',(3.900285666425,2.031287415827,
    82.552901423814));
#1630 = CARTESIAN_POINT('',(3.954948066299,2.204050667073,
    82.660182869505));
#1631 = CARTESIAN_POINT('',(3.985810707055,2.295667645471,
    82.721269318659));
#1632 = CARTESIAN_POINT('',(4.017728763596,2.384915652665,
    82.785014142636));
#1633 = CARTESIAN_POINT('',(4.050609791332,2.471723257872,
    82.851301590031));
#1634 = CARTESIAN_POINT('',(4.084366351377,2.556029751808,
    82.920018974206));
#1635 = CARTESIAN_POINT('',(4.1189169932,2.637783685213,82.99105830169)
  );
#1636 = CARTESIAN_POINT('',(4.180643806571,2.776318420984,83.11927067184
    ));
#1637 = CARTESIAN_POINT('',(4.207504959892,2.83423390333,83.175472151734
    ));
#1638 = CARTESIAN_POINT('',(4.23473905059,2.890669398049,83.23287898349)
  );
#1639 = CARTESIAN_POINT('',(4.262316082357,2.945607671168,
    83.291448931303));
#1640 = CARTESIAN_POINT('',(4.290207709214,2.999032711112,
    83.351140880337));
#1641 = CARTESIAN_POINT('',(4.318387235518,3.050929728707,83.41191483672
    ));
#1642 = CARTESIAN_POINT('',(4.368483219385,3.139621487023,
    83.520794189877));
#1643 = CARTESIAN_POINT('',(4.390289100552,3.177064143684,
    83.568460943697));
#1644 = CARTESIAN_POINT('',(4.412236187072,3.213607021257,
    83.616715010256));
#1645 = CARTESIAN_POINT('',(4.434313843986,3.249244170596,
    83.665539441087));
#1646 = CARTESIAN_POINT('',(4.456511873772,3.283969799309,
    83.714917518009));
#1647 = CARTESIAN_POINT('',(4.47882051634,3.317778271763,83.764832753126
    ));
#1648 = CARTESIAN_POINT('',(4.563715386068,3.442358693892,
    83.955898439419));
#1649 = CARTESIAN_POINT('',(4.626985637711,3.526877463177,
    84.100572957592));
#1650 = CARTESIAN_POINT('',(4.690841833792,3.60410558087,84.248946880196
    ));
#1651 = CARTESIAN_POINT('',(4.75510310115,3.673926807397,84.400674348813
    ));
#1652 = CARTESIAN_POINT('',(4.819605102896,3.736225615359,
    84.555409397925));
#1653 = CARTESIAN_POINT('',(4.884198077665,3.790889305222,
    84.712806143081));
#1654 = CARTESIAN_POINT('',(5.039815351927,3.904011711298,
    85.097861237614));
#1655 = CARTESIAN_POINT('',(5.130786255776,3.954793585193,
    85.327795198444));
#1656 = CARTESIAN_POINT('',(5.221271943682,3.989853972277,85.56134760305
    ));
#1657 = CARTESIAN_POINT('',(5.310911341905,4.008886660377,
    85.797483007385));
#1658 = CARTESIAN_POINT('',(5.399362100435,4.011616131768,
    86.035103363056));
#1659 = CARTESIAN_POINT('',(5.48629550658,3.997820333905,86.273049236213
    ));
#1660 = CARTESIAN_POINT('',(5.611539923165,3.952961275783,
    86.621942116625));
#1661 = CARTESIAN_POINT('',(5.651277442352,3.934868488689,
    86.733579006385));
#1662 = CARTESIAN_POINT('',(5.690570347324,3.913046938577,
    86.844882999402));
#1663 = CARTESIAN_POINT('',(5.729384236292,3.887484777905,
    86.955719360024));
#1664 = CARTESIAN_POINT('',(5.76768465354,3.858174902547,87.065949157535
    ));
#1665 = CARTESIAN_POINT('',(5.805437065625,3.825115757928,
    87.175429482745));
#1666 = CARTESIAN_POINT('',(5.901061552874,3.730433266849,
    87.454777624267));
#1667 = CARTESIAN_POINT('',(5.958075730916,3.663293003907,
    87.623326475455));
#1668 = CARTESIAN_POINT('',(6.013513721184,3.586911095128,
    87.789087435883));
#1669 = CARTESIAN_POINT('',(6.067238687771,3.501346971534,
    87.951462316414));
#1670 = CARTESIAN_POINT('',(6.119113029845,3.406709199096,
    88.109832899348));
#1671 = CARTESIAN_POINT('',(6.168998802146,3.303164921437,
    88.263566316739));
#1672 = CARTESIAN_POINT('',(6.261910630989,3.08485872554,88.552371500661
    ));
#1673 = CARTESIAN_POINT('',(6.305163451598,2.971015158477,88.68800688858
    ));
#1674 = CARTESIAN_POINT('',(6.346398273124,2.849622488885,88.81837884099
    ));
#1675 = CARTESIAN_POINT('',(6.385498895262,2.720936294301,
    88.942938476517));
#1676 = CARTESIAN_POINT('',(6.422352171103,2.58527076729,89.061143842124
    ));
#1677 = CARTESIAN_POINT('',(6.456848936664,2.443005640456,
    89.172467971341));
#1678 = CARTESIAN_POINT('',(6.508042929945,2.205840291415,
    89.338563937361));
#1679 = CARTESIAN_POINT('',(6.526321157272,2.114887988462,
    89.398080696188));
#1680 = CARTESIAN_POINT('',(6.543697391946,2.021832961285,
    89.454849692402));
#1681 = CARTESIAN_POINT('',(6.560150470461,1.926779494195,
    89.508767822608));
#1682 = CARTESIAN_POINT('',(6.575660382673,1.829839748045,
    89.559737129457));
#1683 = CARTESIAN_POINT('',(6.590208358225,1.731134111148,
    89.607665524513));
#1684 = CARTESIAN_POINT('',(6.633137737166,1.413662485974,
    89.749413546141));
#1685 = CARTESIAN_POINT('',(6.657919027332,1.188822426095,
    89.831741483273));
#1686 = CARTESIAN_POINT('',(6.6779321814,0.957635878187,89.898545987226)
  );
#1687 = CARTESIAN_POINT('',(6.693041604119,0.721565285306,
    89.949143975767));
#1688 = CARTESIAN_POINT('',(6.70315075033,0.482160683811,89.983051115991
    ));
#1689 = CARTESIAN_POINT('',(6.708203932499,0.241060002071,90.));
#1690 = CARTESIAN_POINT('',(6.708203932499,9.797174393179E-16,90.));
#1691 = ORIENTED_EDGE('',*,*,#1692,.F.);
#1692 = EDGE_CURVE('',#1693,#1614,#1695,.T.);
#1693 = VERTEX_POINT('',#1694);
#1694 = CARTESIAN_POINT('',(4.286263797016E-16,-1.049831847863E-31,81.)
  );
#1695 = CIRCLE('',#1696,7.);
#1696 = AXIS2_PLACEMENT_3D('',#1697,#1698,#1699);
#1697 = CARTESIAN_POINT('',(0.,0.,88.));
#1698 = DIRECTION('',(-2.449293598295E-16,-1.,0.));
#1699 = DIRECTION('',(1.,-2.449293598295E-16,0.));
#1700 = ORIENTED_EDGE('',*,*,#1692,.T.);
#1701 = ORIENTED_EDGE('',*,*,#1702,.F.);
#1702 = EDGE_CURVE('',#1605,#1614,#1703,.T.);
#1703 = B_SPLINE_CURVE_WITH_KNOTS('',7,(#1704,#1705,#1706,#1707,#1708,
    #1709,#1710,#1711,#1712,#1713,#1714,#1715,#1716,#1717,#1718,#1719,
    #1720,#1721,#1722,#1723,#1724,#1725,#1726,#1727,#1728,#1729,#1730,
    #1731,#1732,#1733,#1734,#1735,#1736,#1737,#1738,#1739,#1740,#1741,
    #1742,#1743,#1744,#1745,#1746,#1747,#1748,#1749,#1750,#1751,#1752,
    #1753,#1754,#1755,#1756,#1757,#1758,#1759,#1760,#1761,#1762,#1763,
    #1764,#1765,#1766,#1767,#1768,#1769,#1770,#1771,#1772,#1773,#1774,
    #1775,#1776,#1777),.UNSPECIFIED.,.F.,.F.,(8,6,6,6,6,6,6,6,6,6,6,6,8)
  ,(0.,0.126541818045,0.184111376392,0.281179195653,0.38333818106,
    0.448614768194,0.586974145081,0.684510276556,0.72020712402,
    0.766918429465,0.827989307007,0.879710321105,1.),.UNSPECIFIED.);
#1704 = CARTESIAN_POINT('',(6.708203932499,8.881784197001E-16,90.));
#1705 = CARTESIAN_POINT('',(6.708203932499,-0.2428954378,90.));
#1706 = CARTESIAN_POINT('',(6.703073504162,-0.485825661093,
    89.982792022755));
#1707 = CARTESIAN_POINT('',(6.692810312509,-0.727018117367,
    89.948368203529));
#1708 = CARTESIAN_POINT('',(6.677471717479,-0.964800957484,
    89.897004022124));
#1709 = CARTESIAN_POINT('',(6.657156891793,-1.197591022741,
    89.829197545889));
#1710 = CARTESIAN_POINT('',(6.632005342652,-1.423893840521,
    89.745651802999));
#1711 = CARTESIAN_POINT('',(6.588657433074,-1.741685513269,
    89.602555762132));
#1712 = CARTESIAN_POINT('',(6.574140841344,-1.839434526779,
    89.554742128356));
#1713 = CARTESIAN_POINT('',(6.558679179814,-1.935437302894,
    89.503943272198));
#1714 = CARTESIAN_POINT('',(6.542290841408,-2.02957679278,
    89.450249413297));
#1715 = CARTESIAN_POINT('',(6.524995411126,-2.121743925106,
    89.393756408748));
#1716 = CARTESIAN_POINT('',(6.506813582947,-2.21183726618,
    89.334565058456));
#1717 = CARTESIAN_POINT('',(6.4556528331,-2.448013395062,89.168605544218
    ));
#1718 = CARTESIAN_POINT('',(6.421079667645,-2.59010371236,
    89.057055791407));
#1719 = CARTESIAN_POINT('',(6.38415200856,-2.725582581009,
    88.938635870277));
#1720 = CARTESIAN_POINT('',(6.344979164527,-2.854071417505,
    88.813873357039));
#1721 = CARTESIAN_POINT('',(6.303674396861,-2.975257165126,
    88.683310638724));
#1722 = CARTESIAN_POINT('',(6.260353991654,-3.08888535324,
    88.547496866016));
#1723 = CARTESIAN_POINT('',(6.167547025015,-3.306173681596,
    88.25909289091));
#1724 = CARTESIAN_POINT('',(6.117855152646,-3.409001101618,
    88.105993028751));
#1725 = CARTESIAN_POINT('',(6.066196599837,-3.503004952248,
    87.948313027424));
#1726 = CARTESIAN_POINT('',(6.012707312728,-3.588021350167,
    87.786676390997));
#1727 = CARTESIAN_POINT('',(5.957522889709,-3.663943775742,
    87.621692182119));
#1728 = CARTESIAN_POINT('',(5.900778172553,-3.730713855593,
    87.453949784365));
#1729 = CARTESIAN_POINT('',(5.805437065343,-3.825115758206,
    87.175429481924));
#1730 = CARTESIAN_POINT('',(5.767684653071,-3.858174902946,
    87.065949156176));
#1731 = CARTESIAN_POINT('',(5.729384235729,-3.88748477831,
    86.955719358409));
#1732 = CARTESIAN_POINT('',(5.690570346763,-3.91304693891,
    86.844882997807));
#1733 = CARTESIAN_POINT('',(5.651277441886,-3.934868488909,
    86.733579005075));
#1734 = CARTESIAN_POINT('',(5.611539922887,-3.952961275883,
    86.621942115852));
#1735 = CARTESIAN_POINT('',(5.486295505783,-3.99782033419,
    86.273049233994));
#1736 = CARTESIAN_POINT('',(5.399362099185,-4.01161613189,
    86.035103359655));
#1737 = CARTESIAN_POINT('',(5.310911340522,-4.008886660184,
    85.797483003709));
#1738 = CARTESIAN_POINT('',(5.221271942437,-3.989853971829,
    85.561347599825));
#1739 = CARTESIAN_POINT('',(5.130786254874,-3.954793584688,
    85.327795196166));
#1740 = CARTESIAN_POINT('',(5.039815351481,-3.904011710974,
    85.097861236511));
#1741 = CARTESIAN_POINT('',(4.884544954098,-3.791141459084,
    84.713664444565));
#1742 = CARTESIAN_POINT('',(4.820299315901,-3.736812889384,
    84.557101088581));
#1743 = CARTESIAN_POINT('',(4.756142949171,-3.674930468198,
    84.403169070999));
#1744 = CARTESIAN_POINT('',(4.692223165531,-3.605605080641,
    84.252208770403));
#1745 = CARTESIAN_POINT('',(4.628701509551,-3.528950371206,
    84.104560592235));
#1746 = CARTESIAN_POINT('',(4.565755664944,-3.445080674329,
    83.960564786967));
#1747 = CARTESIAN_POINT('',(4.480826442985,-3.320814576001,
    83.769321956468));
#1748 = CARTESIAN_POINT('',(4.458175152378,-3.286569290658,
    83.718618014538));
#1749 = CARTESIAN_POINT('',(4.435637211522,-3.25137881053,83.66846642985
    ));
#1750 = CARTESIAN_POINT('',(4.413222806389,-3.21524902245,
    83.618884433111));
#1751 = CARTESIAN_POINT('',(4.390942586346,-3.178185978473,
    83.569889498353));
#1752 = CARTESIAN_POINT('',(4.368807664152,-3.14019589588,
    83.521499342937));
#1753 = CARTESIAN_POINT('',(4.318070120514,-3.050368296728,
    83.411225614274));
#1754 = CARTESIAN_POINT('',(4.289579375579,-2.997875287793,
    83.349785829157));
#1755 = CARTESIAN_POINT('',(4.2613832706,-2.943820145065,83.289452756199
    ));
#1756 = CARTESIAN_POINT('',(4.233509421965,-2.888218167872,
    83.230267753315));
#1757 = CARTESIAN_POINT('',(4.205987173015,-2.83108594018,
    83.172273352336));
#1758 = CARTESIAN_POINT('',(4.178847594035,-2.772441330587,
    83.115513259005));
#1759 = CARTESIAN_POINT('',(4.117184082857,-2.63367861724,
    82.987496002625));
#1760 = CARTESIAN_POINT('',(4.082955391343,-2.552502616326,
    82.91714716918));
#1761 = CARTESIAN_POINT('',(4.049510234979,-2.468818274776,
    82.849085157706));
#1762 = CARTESIAN_POINT('',(4.016928176046,-2.382675966107,
    82.783415373046));
#1763 = CARTESIAN_POINT('',(3.985294563131,-2.294135058532,
    82.720247751152));
#1764 = CARTESIAN_POINT('',(3.954699582419,-2.203265321331,
    82.659695190407));
#1765 = CARTESIAN_POINT('',(3.900285667194,-2.031287418256,
    82.552901425323));
#1766 = CARTESIAN_POINT('',(3.876146681952,-1.950815428169,
    82.505888940248));
#1767 = CARTESIAN_POINT('',(3.852877743919,-1.868783446022,
    82.460904723638));
#1768 = CARTESIAN_POINT('',(3.83053858188,-1.78525014135,82.418020308247
    ));
#1769 = CARTESIAN_POINT('',(3.809190050006,-1.700282451275,
    82.377307173001));
#1770 = CARTESIAN_POINT('',(3.788892915128,-1.613956263614,
    82.338835352327));
#1771 = CARTESIAN_POINT('',(3.725084348187,-1.32262414066,
    82.218565562955));
#1772 = CARTESIAN_POINT('',(3.686442654533,-1.11187736074,
    82.146893108934));
#1773 = CARTESIAN_POINT('',(3.654586284975,-0.895381683334,
    82.088611293981));
#1774 = CARTESIAN_POINT('',(3.63019784653,-0.674510402556,
    82.044432334043));
#1775 = CARTESIAN_POINT('',(3.613762303325,-0.450669356517,
    82.014802617732));
#1776 = CARTESIAN_POINT('',(3.605551275464,-0.225280492544,82.));
#1777 = CARTESIAN_POINT('',(3.605551275464,-8.881784197001E-16,82.));
#1778 = ORIENTED_EDGE('',*,*,#1604,.T.);
#1779 = ORIENTED_EDGE('',*,*,#1517,.T.);
#1780 = FACE_BOUND('',#1781,.T.);
#1781 = EDGE_LOOP('',(#1782));
#1782 = ORIENTED_EDGE('',*,*,#1783,.T.);
#1783 = EDGE_CURVE('',#1784,#1784,#1786,.T.);
#1784 = VERTEX_POINT('',#1785);
#1785 = CARTESIAN_POINT('',(-6.708203932499,9.797174393179E-16,90.));
#1786 = B_SPLINE_CURVE_WITH_KNOTS('',6,(#1787,#1788,#1789,#1790,#1791,
    #1792,#1793,#1794,#1795,#1796,#1797,#1798,#1799,#1800,#1801,#1802,
    #1803,#1804,#1805,#1806,#1807,#1808,#1809,#1810,#1811,#1812,#1813,
    #1814,#1815,#1816,#1817,#1818,#1819,#1820,#1821,#1822,#1823,#1824,
    #1825,#1826,#1827,#1828,#1829,#1830,#1831,#1832,#1833,#1834,#1835,
    #1836,#1837,#1838,#1839,#1840,#1841,#1842,#1843,#1844,#1845,#1846,
    #1847,#1848,#1849,#1850,#1851,#1852,#1853,#1854,#1855,#1856,#1857,
    #1858,#1859,#1860,#1861,#1862,#1863,#1864,#1865,#1866,#1867,#1868,
    #1869,#1870,#1871,#1872,#1873,#1874,#1875,#1876,#1877,#1878,#1879,
    #1880,#1881,#1882,#1883,#1884,#1885,#1886,#1887,#1888,#1889,#1890,
    #1891,#1892,#1893,#1894,#1895,#1896,#1897,#1898,#1899,#1900,#1901,
    #1902,#1903,#1904,#1905,#1906,#1907,#1908,#1909,#1910,#1911,#1912,
    #1913,#1914,#1915,#1916,#1917,#1918,#1919,#1920,#1921,#1922,#1923),
  .UNSPECIFIED.,.T.,.F.,(7,5,5,5,5,5,5,5,5,5,5,5,5,5,5,5,5,5,5,5,5,5,5,5
    ,5,5,5,7),(0.,6.326956591539E-02,9.205373404975E-02,0.140586613408,
    0.191665021803,0.224302622529,0.293480842435,0.34224787293,
    0.360095917778,0.38345107471,0.413985865278,0.439845823364,
    0.455029800554,0.500000357688,0.53427659418,0.544972700617,
    0.56015658041,0.586016372617,0.616550967321,0.639905974442,
    0.657753904804,0.706520622484,0.775698398647,0.80833579002,
    0.859413870773,0.907946438818,0.936730422317,1.),.UNSPECIFIED.);
#1787 = CARTESIAN_POINT('',(-6.708203932499,8.881784197001E-16,90.));
#1788 = CARTESIAN_POINT('',(-6.708203932499,-0.283378010767,90.));
#1789 = CARTESIAN_POINT('',(-6.701021332827,-0.566804721222,
    89.975908831857));
#1790 = CARTESIAN_POINT('',(-6.686652047271,-0.847178164476,
    89.927712732282));
#1791 = CARTESIAN_POINT('',(-6.665231277756,-1.121631348163,
    89.856059075246));
#1792 = CARTESIAN_POINT('',(-6.636970926885,-1.387490209183,
    89.7620437225));
#1793 = CARTESIAN_POINT('',(-6.586398365711,-1.758247160721,
    89.595098341489));
#1794 = CARTESIAN_POINT('',(-6.569237831597,-1.871909473202,
    89.538599643103));
#1795 = CARTESIAN_POINT('',(-6.550760190977,-1.983083175162,
    89.47795099402));
#1796 = CARTESIAN_POINT('',(-6.530998375317,-2.091568282937,
    89.413313972333));
#1797 = CARTESIAN_POINT('',(-6.509988000649,-2.197183030529,
    89.344862499784));
#1798 = CARTESIAN_POINT('',(-6.450300459161,-2.472721847557,
    89.151243066507));
#1799 = CARTESIAN_POINT('',(-6.409391351039,-2.637056458281,
    89.019380881367));
#1800 = CARTESIAN_POINT('',(-6.365222501701,-2.791977173055,
    88.878077111959));
#1801 = CARTESIAN_POINT('',(-6.317988048295,-2.936863743438,
    88.728268350478));
#1802 = CARTESIAN_POINT('',(-6.267890268277,-3.071240719344,
    88.570916359338));
#1803 = CARTESIAN_POINT('',(-6.159615473865,-3.324743769093,
    88.234445055049));
#1804 = CARTESIAN_POINT('',(-6.101151024158,-3.442704034629,
    88.054612218231));
#1805 = CARTESIAN_POINT('',(-6.039980781596,-3.548230640463,
    87.868588634319));
#1806 = CARTESIAN_POINT('',(-5.976342687571,-3.641075629773,
    87.677460066568));
#1807 = CARTESIAN_POINT('',(-5.910473395052,-3.721114140665,
    87.482272470997));
#1808 = CARTESIAN_POINT('',(-5.799242103307,-3.831249693714,
    87.157332118149));
#1809 = CARTESIAN_POINT('',(-5.755061672976,-3.868944986639,
    87.029395971386));
#1810 = CARTESIAN_POINT('',(-5.710126157793,-3.901389622063,
    86.900461898676));
#1811 = CARTESIAN_POINT('',(-5.664495932056,-3.928590028039,
    86.770777796649));
#1812 = CARTESIAN_POINT('',(-5.618231216462,-3.950564641082,
    86.640582026139));
#1813 = CARTESIAN_POINT('',(-5.472112729841,-4.002900209107,
    86.233540330637));
#1814 = CARTESIAN_POINT('',(-5.370261846923,-4.015102501004,
    85.955728571263));
#1815 = CARTESIAN_POINT('',(-5.26639846072,-4.00422477957,
    85.678798828043));
#1816 = CARTESIAN_POINT('',(-5.161103251392,-3.970692894842,
    85.404745962199));
#1817 = CARTESIAN_POINT('',(-5.054993763581,-3.915045309303,
    85.135418281085));
#1818 = CARTESIAN_POINT('',(-4.873844966634,-3.783363348764,
    84.687188690483));
#1819 = CARTESIAN_POINT('',(-4.798881055608,-3.718192705632,
    84.50506604782));
#1820 = CARTESIAN_POINT('',(-4.724089369343,-3.642483790123,
    84.326746338383));
#1821 = CARTESIAN_POINT('',(-4.649734893782,-3.556433467998,
    84.152825346429));
#1822 = CARTESIAN_POINT('',(-4.576118048973,-3.460242629226,
    83.983898706751));
#1823 = CARTESIAN_POINT('',(-4.477033956688,-3.31526551451,
    83.760782071169));
#1824 = CARTESIAN_POINT('',(-4.450631630654,-3.275090801118,
    83.701752391885));
#1825 = CARTESIAN_POINT('',(-4.424391397173,-3.23359481759,
    83.643501958323));
#1826 = CARTESIAN_POINT('',(-4.398331352011,-3.190787962263,
    83.58606106616));
#1827 = CARTESIAN_POINT('',(-4.372470672184,-3.146681018997,
    83.529460578835));
#1828 = CARTESIAN_POINT('',(-4.313276871272,-3.04188215332,
    83.400807895394));
#1829 = CARTESIAN_POINT('',(-4.280100377302,-2.980272541582,
    83.329377002662));
#1830 = CARTESIAN_POINT('',(-4.247345440573,-2.916480847677,
    83.259509571352));
#1831 = CARTESIAN_POINT('',(-4.215061397155,-2.8505345948,83.1912786626)
  );
#1832 = CARTESIAN_POINT('',(-4.183301612664,-2.78246430363,
    83.124760076675));
#1833 = CARTESIAN_POINT('',(-4.111360849623,-2.620574471392,
    82.975406610899));
#1834 = CARTESIAN_POINT('',(-4.07159320803,-2.5252738743,82.893843392492
    ));
#1835 = CARTESIAN_POINT('',(-4.03294800519,-2.426476575134,
    82.815516481616));
#1836 = CARTESIAN_POINT('',(-3.995568403854,-2.324275154072,
    82.740613894953));
#1837 = CARTESIAN_POINT('',(-3.959609961326,-2.218784819683,
    82.66933239165));
#1838 = CARTESIAN_POINT('',(-3.89612706023,-2.018143932762,
    82.544739665718));
#1839 = CARTESIAN_POINT('',(-3.86815453064,-1.923884026332,
    82.490348650061));
#1840 = CARTESIAN_POINT('',(-3.841420153878,-1.82745801079,
    82.438821778821));
#1841 = CARTESIAN_POINT('',(-3.816029819216,-1.728972982098,
    82.390285014147));
#1842 = CARTESIAN_POINT('',(-3.792090626981,-1.628556124217,
    82.344862570135));
#1843 = CARTESIAN_POINT('',(-3.756563626316,-1.466349746263,
    82.277899384911));
#1844 = CARTESIAN_POINT('',(-3.743956679879,-1.405727906475,
    82.254240857273));
#1845 = CARTESIAN_POINT('',(-3.73190710889,-1.344522104079,
    82.231720543366));
#1846 = CARTESIAN_POINT('',(-3.720435313427,-1.282765062127,
    82.210361148532));
#1847 = CARTESIAN_POINT('',(-3.709560789465,-1.220491703283,
    82.190184002655));
#1848 = CARTESIAN_POINT('',(-3.668918937646,-0.971884201828,
    82.115010758178));
#1849 = CARTESIAN_POINT('',(-3.643930455392,-0.781784979304,
    82.069344588293));
#1850 = CARTESIAN_POINT('',(-3.624832963319,-0.588486468088,
    82.034760261005));
#1851 = CARTESIAN_POINT('',(-3.611977322461,-0.393050547146,
    82.011584798471));
#1852 = CARTESIAN_POINT('',(-3.605551275464,-0.196506628393,82.));
#1853 = CARTESIAN_POINT('',(-3.605551275464,0.149775944447,82.));
#1854 = CARTESIAN_POINT('',(-3.609284347768,0.299561033821,
    82.006729899157));
#1855 = CARTESIAN_POINT('',(-3.616751186218,0.448864006687,82.0201908979
    ));
#1856 = CARTESIAN_POINT('',(-3.627889706253,0.597221658779,
    82.040323505154));
#1857 = CARTESIAN_POINT('',(-3.642580824241,0.744161850644,
    82.067017150848));
#1858 = CARTESIAN_POINT('',(-3.666287238214,0.934465569891,
    82.110407580743));
#1859 = CARTESIAN_POINT('',(-3.672254490914,0.97954304978,
    82.121348650562));
#1860 = CARTESIAN_POINT('',(-3.67854546286,1.024422645644,
    82.132905504836));
#1861 = CARTESIAN_POINT('',(-3.685154496067,1.069090686693,
    82.145072223598));
#1862 = CARTESIAN_POINT('',(-3.692075535459,1.113533847862,
    82.15784238397));
#1863 = CARTESIAN_POINT('',(-3.709560789465,1.220491703283,
    82.190184002655));
#1864 = CARTESIAN_POINT('',(-3.720435313427,1.282765062128,
    82.210361148532));
#1865 = CARTESIAN_POINT('',(-3.73190710889,1.344522104079,
    82.231720543366));
#1866 = CARTESIAN_POINT('',(-3.743956679879,1.405727906475,
    82.254240857273));
#1867 = CARTESIAN_POINT('',(-3.756563626316,1.466349746264,
    82.277899384911));
#1868 = CARTESIAN_POINT('',(-3.792090626981,1.628556124217,
    82.344862570135));
#1869 = CARTESIAN_POINT('',(-3.816029819216,1.728972982098,
    82.390285014147));
#1870 = CARTESIAN_POINT('',(-3.841420153878,1.82745801079,
    82.438821778822));
#1871 = CARTESIAN_POINT('',(-3.86815453064,1.923884026332,
    82.490348650061));
#1872 = CARTESIAN_POINT('',(-3.89612706023,2.018143932762,
    82.544739665718));
#1873 = CARTESIAN_POINT('',(-3.959609961326,2.218784819683,
    82.66933239165));
#1874 = CARTESIAN_POINT('',(-3.995568403854,2.324275154072,
    82.740613894953));
#1875 = CARTESIAN_POINT('',(-4.03294800519,2.426476575134,
    82.815516481616));
#1876 = CARTESIAN_POINT('',(-4.07159320803,2.5252738743,82.893843392493)
  );
#1877 = CARTESIAN_POINT('',(-4.111360849623,2.620574471392,
    82.975406610899));
#1878 = CARTESIAN_POINT('',(-4.183301612664,2.78246430363,
    83.124760076675));
#1879 = CARTESIAN_POINT('',(-4.215061397155,2.8505345948,83.1912786626)
  );
#1880 = CARTESIAN_POINT('',(-4.247345440573,2.916480847677,
    83.259509571352));
#1881 = CARTESIAN_POINT('',(-4.280100377302,2.980272541583,
    83.329377002662));
#1882 = CARTESIAN_POINT('',(-4.313276871272,3.04188215332,
    83.400807895394));
#1883 = CARTESIAN_POINT('',(-4.372470672184,3.146681018997,
    83.529460578836));
#1884 = CARTESIAN_POINT('',(-4.398331352011,3.190787962263,
    83.58606106616));
#1885 = CARTESIAN_POINT('',(-4.424391397173,3.23359481759,
    83.643501958323));
#1886 = CARTESIAN_POINT('',(-4.450631630654,3.275090801118,
    83.701752391885));
#1887 = CARTESIAN_POINT('',(-4.477033956688,3.31526551451,
    83.760782071169));
#1888 = CARTESIAN_POINT('',(-4.576118048973,3.460242629226,
    83.983898706751));
#1889 = CARTESIAN_POINT('',(-4.649734893782,3.556433467998,
    84.152825346429));
#1890 = CARTESIAN_POINT('',(-4.724089369343,3.642483790123,
    84.326746338383));
#1891 = CARTESIAN_POINT('',(-4.798881055608,3.718192705632,
    84.50506604782));
#1892 = CARTESIAN_POINT('',(-4.873844966634,3.783363348764,
    84.687188690483));
#1893 = CARTESIAN_POINT('',(-5.054993763581,3.915045309303,
    85.135418281086));
#1894 = CARTESIAN_POINT('',(-5.161103251392,3.970692894842,
    85.404745962199));
#1895 = CARTESIAN_POINT('',(-5.26639846072,4.004224779569,
    85.678798828044));
#1896 = CARTESIAN_POINT('',(-5.370261846923,4.015102501004,
    85.955728571262));
#1897 = CARTESIAN_POINT('',(-5.472112729841,4.002900209107,
    86.233540330638));
#1898 = CARTESIAN_POINT('',(-5.618231216463,3.950564641082,
    86.64058202614));
#1899 = CARTESIAN_POINT('',(-5.664495932056,3.928590028039,
    86.77077779665));
#1900 = CARTESIAN_POINT('',(-5.710126157793,3.901389622063,
    86.900461898676));
#1901 = CARTESIAN_POINT('',(-5.755061672976,3.868944986639,
    87.029395971387));
#1902 = CARTESIAN_POINT('',(-5.799242103308,3.831249693714,
    87.157332118149));
#1903 = CARTESIAN_POINT('',(-5.910473395052,3.721114140665,
    87.482272470997));
#1904 = CARTESIAN_POINT('',(-5.976342687571,3.641075629773,
    87.677460066568));
#1905 = CARTESIAN_POINT('',(-6.039980781596,3.548230640463,
    87.868588634319));
#1906 = CARTESIAN_POINT('',(-6.101151024158,3.442704034628,
    88.054612218232));
#1907 = CARTESIAN_POINT('',(-6.159615473865,3.324743769092,
    88.234445055049));
#1908 = CARTESIAN_POINT('',(-6.267890268277,3.071240719343,
    88.570916359339));
#1909 = CARTESIAN_POINT('',(-6.317988048295,2.936863743438,
    88.728268350479));
#1910 = CARTESIAN_POINT('',(-6.365222501701,2.791977173055,
    88.878077111959));
#1911 = CARTESIAN_POINT('',(-6.409391351039,2.637056458281,
    89.019380881367));
#1912 = CARTESIAN_POINT('',(-6.450300459162,2.472721847557,
    89.151243066507));
#1913 = CARTESIAN_POINT('',(-6.509988000649,2.197183030528,
    89.344862499784));
#1914 = CARTESIAN_POINT('',(-6.530998375317,2.091568282937,
    89.413313972334));
#1915 = CARTESIAN_POINT('',(-6.550760190977,1.983083175162,
    89.47795099402));
#1916 = CARTESIAN_POINT('',(-6.569237831597,1.871909473202,
    89.538599643103));
#1917 = CARTESIAN_POINT('',(-6.586398365711,1.758247160721,
    89.595098341489));
#1918 = CARTESIAN_POINT('',(-6.636971156312,1.387488527204,
    89.762044479866));
#1919 = CARTESIAN_POINT('',(-6.665231288195,1.121630489177,
    89.85605911677));
#1920 = CARTESIAN_POINT('',(-6.686652249166,0.847176687503,
    89.927713398463));
#1921 = CARTESIAN_POINT('',(-6.701021728597,0.566799439827,
    89.975910162054));
#1922 = CARTESIAN_POINT('',(-6.708203932499,0.28337023367,90.));
#1923 = CARTESIAN_POINT('',(-6.708203932499,8.881784197001E-16,90.));
#1924 = SPHERICAL_SURFACE('',#1925,7.);
#1925 = AXIS2_PLACEMENT_3D('',#1926,#1927,#1928);
#1926 = CARTESIAN_POINT('',(0.,0.,88.));
#1927 = DIRECTION('',(0.,0.,1.));
#1928 = DIRECTION('',(1.,0.,-0.));
#1929 = ADVANCED_FACE('',(#1930),#1959,.T.);
#1930 = FACE_BOUND('',#1931,.T.);
#1931 = EDGE_LOOP('',(#1932,#1943,#1949,#1950,#1951,#1952));
#1932 = ORIENTED_EDGE('',*,*,#1933,.T.);
#1933 = EDGE_CURVE('',#1934,#1936,#1938,.T.);
#1934 = VERTEX_POINT('',#1935);
#1935 = CARTESIAN_POINT('',(-14.46961241227,-4.973015320669E-16,
    83.45860421075));
#1936 = VERTEX_POINT('',#1937);
#1937 = CARTESIAN_POINT('',(-18.53038758772,-4.973015320669E-16,
    83.45860421075));
#1938 = CIRCLE('',#1939,2.030387587724);
#1939 = AXIS2_PLACEMENT_3D('',#1940,#1941,#1942);
#1940 = CARTESIAN_POINT('',(-16.5,0.,83.45860421075));
#1941 = DIRECTION('',(0.,0.,1.));
#1942 = DIRECTION('',(0.,-1.,0.));
#1943 = ORIENTED_EDGE('',*,*,#1944,.F.);
#1944 = EDGE_CURVE('',#1543,#1936,#1945,.T.);
#1945 = LINE('',#1946,#1947);
#1946 = CARTESIAN_POINT('',(-19.,-6.123233995737E-16,106.));
#1947 = VECTOR('',#1948,1.);
#1948 = DIRECTION('',(2.082881368184E-02,5.101588001099E-18,
    -0.999783056728));
#1949 = ORIENTED_EDGE('',*,*,#1542,.F.);
#1950 = ORIENTED_EDGE('',*,*,#1551,.F.);
#1951 = ORIENTED_EDGE('',*,*,#1944,.T.);
#1952 = ORIENTED_EDGE('',*,*,#1953,.T.);
#1953 = EDGE_CURVE('',#1936,#1934,#1954,.T.);
#1954 = CIRCLE('',#1955,2.030387587724);
#1955 = AXIS2_PLACEMENT_3D('',#1956,#1957,#1958);
#1956 = CARTESIAN_POINT('',(-16.5,0.,83.45860421075));
#1957 = DIRECTION('',(0.,0.,1.));
#1958 = DIRECTION('',(0.,-1.,0.));
#1959 = CONICAL_SURFACE('',#1960,2.5,2.083032003622E-02);
#1960 = AXIS2_PLACEMENT_3D('',#1961,#1962,#1963);
#1961 = CARTESIAN_POINT('',(-16.5,0.,106.));
#1962 = DIRECTION('',(-0.,-0.,1.));
#1963 = DIRECTION('',(-1.,0.,-0.));
#1964 = ADVANCED_FACE('',(#1965),#1995,.T.);
#1965 = FACE_BOUND('',#1966,.T.);
#1966 = EDGE_LOOP('',(#1967,#1968,#1977,#1986,#1993,#1994));
#1967 = ORIENTED_EDGE('',*,*,#1568,.F.);
#1968 = ORIENTED_EDGE('',*,*,#1969,.F.);
#1969 = EDGE_CURVE('',#1970,#1569,#1972,.T.);
#1970 = VERTEX_POINT('',#1971);
#1971 = CARTESIAN_POINT('',(18.447758722593,-4.770632970271E-16,
    80.432761677804));
#1972 = CIRCLE('',#1973,2.5);
#1973 = AXIS2_PLACEMENT_3D('',#1974,#1975,#1976);
#1974 = CARTESIAN_POINT('',(16.5,0.,82.));
#1975 = DIRECTION('',(-2.449293598295E-16,-1.,0.));
#1976 = DIRECTION('',(1.,-2.449293598295E-16,0.));
#1977 = ORIENTED_EDGE('',*,*,#1978,.T.);
#1978 = EDGE_CURVE('',#1970,#1979,#1981,.T.);
#1979 = VERTEX_POINT('',#1980);
#1980 = CARTESIAN_POINT('',(14.552241277407,-4.770632970271E-16,
    80.432761677804));
#1981 = CIRCLE('',#1982,1.947758722593);
#1982 = AXIS2_PLACEMENT_3D('',#1983,#1984,#1985);
#1983 = CARTESIAN_POINT('',(16.5,0.,80.432761677804));
#1984 = DIRECTION('',(0.,0.,1.));
#1985 = DIRECTION('',(0.,-1.,0.));
#1986 = ORIENTED_EDGE('',*,*,#1987,.T.);
#1987 = EDGE_CURVE('',#1979,#1970,#1988,.T.);
#1988 = CIRCLE('',#1989,1.947758722593);
#1989 = AXIS2_PLACEMENT_3D('',#1990,#1991,#1992);
#1990 = CARTESIAN_POINT('',(16.5,0.,80.432761677804));
#1991 = DIRECTION('',(0.,0.,1.));
#1992 = DIRECTION('',(0.,-1.,0.));
#1993 = ORIENTED_EDGE('',*,*,#1969,.T.);
#1994 = ORIENTED_EDGE('',*,*,#1588,.F.);
#1995 = SPHERICAL_SURFACE('',#1996,2.5);
#1996 = AXIS2_PLACEMENT_3D('',#1997,#1998,#1999);
#1997 = CARTESIAN_POINT('',(16.5,0.,82.));
#1998 = DIRECTION('',(0.,0.,1.));
#1999 = DIRECTION('',(1.,0.,-0.));
#2000 = ADVANCED_FACE('',(#2001),#2135,.T.);
#2001 = FACE_BOUND('',#2002,.T.);
#2002 = EDGE_LOOP('',(#2003,#2014,#2020,#2021,#2022,#2023,#2032,#2088));
#2003 = ORIENTED_EDGE('',*,*,#2004,.F.);
#2004 = EDGE_CURVE('',#2005,#2007,#2009,.T.);
#2005 = VERTEX_POINT('',#2006);
#2006 = CARTESIAN_POINT('',(7.438447187191,9.797174393179E-16,90.));
#2007 = VERTEX_POINT('',#2008);
#2008 = CARTESIAN_POINT('',(7.438447189148,-3.148022057176,
    83.532216150355));
#2009 = CIRCLE('',#2010,4.);
#2010 = AXIS2_PLACEMENT_3D('',#2011,#2012,#2013);
#2011 = CARTESIAN_POINT('',(7.438447187191,0.,86.));
#2012 = DIRECTION('',(1.,0.,0.));
#2013 = DIRECTION('',(-0.,0.,1.));
#2014 = ORIENTED_EDGE('',*,*,#2015,.F.);
#2015 = EDGE_CURVE('',#1605,#2005,#2016,.T.);
#2016 = LINE('',#2017,#2018);
#2017 = CARTESIAN_POINT('',(-9.5,9.797174393179E-16,90.));
#2018 = VECTOR('',#2019,1.);
#2019 = DIRECTION('',(1.,0.,0.));
#2020 = ORIENTED_EDGE('',*,*,#1702,.T.);
#2021 = ORIENTED_EDGE('',*,*,#1613,.T.);
#2022 = ORIENTED_EDGE('',*,*,#2015,.T.);
#2023 = ORIENTED_EDGE('',*,*,#2024,.F.);
#2024 = EDGE_CURVE('',#2025,#2005,#2027,.T.);
#2025 = VERTEX_POINT('',#2026);
#2026 = CARTESIAN_POINT('',(7.438447188043,3.148022058764,
    83.532216151769));
#2027 = CIRCLE('',#2028,4.);
#2028 = AXIS2_PLACEMENT_3D('',#2029,#2030,#2031);
#2029 = CARTESIAN_POINT('',(7.438447187191,0.,86.));
#2030 = DIRECTION('',(1.,0.,0.));
#2031 = DIRECTION('',(-0.,0.,1.));
#2032 = ORIENTED_EDGE('',*,*,#2033,.F.);
#2033 = EDGE_CURVE('',#2034,#2025,#2036,.T.);
#2034 = VERTEX_POINT('',#2035);
#2035 = CARTESIAN_POINT('',(5.76,-9.160358057622E-16,82.));
#2036 = B_SPLINE_CURVE_WITH_KNOTS('',8,(#2037,#2038,#2039,#2040,#2041,
    #2042,#2043,#2044,#2045,#2046,#2047,#2048,#2049,#2050,#2051,#2052,
    #2053,#2054,#2055,#2056,#2057,#2058,#2059,#2060,#2061,#2062,#2063,
    #2064,#2065,#2066,#2067,#2068,#2069,#2070,#2071,#2072,#2073,#2074,
    #2075,#2076,#2077,#2078,#2079,#2080,#2081,#2082,#2083,#2084,#2085,
    #2086,#2087),.UNSPECIFIED.,.F.,.F.,(9,7,7,7,7,7,7,9),(0.,
    0.121795691554,0.202159778272,0.313558176808,0.636771959627,
    0.834424482247,0.886300233615,1.),.UNSPECIFIED.);
#2037 = CARTESIAN_POINT('',(5.76,-2.449293598295E-16,82.));
#2038 = CARTESIAN_POINT('',(5.760000000001,0.121746002424,
    82.000000000003));
#2039 = CARTESIAN_POINT('',(5.764465833266,0.243532584631,
    82.004234937105));
#2040 = CARTESIAN_POINT('',(5.773402393674,0.364608339917,
    82.012709509869));
#2041 = CARTESIAN_POINT('',(5.786690519929,0.484337811557,
    82.025307766025));
#2042 = CARTESIAN_POINT('',(5.804122719255,0.602189476729,
    82.041827307194));
#2043 = CARTESIAN_POINT('',(5.825432348825,0.717725345815,
    82.062007480558));
#2044 = CARTESIAN_POINT('',(5.850316254941,0.8305921771,82.085551557449)
  );
#2045 = CARTESIAN_POINT('',(5.897014848761,1.013043896807,
    82.129688584153));
#2046 = CARTESIAN_POINT('',(5.917001156029,1.084318416724,
    82.148567638575));
#2047 = CARTESIAN_POINT('',(5.938324741176,1.154281849579,
    82.168696520602));
#2048 = CARTESIAN_POINT('',(5.960901305441,1.222895174236,82.18999226531
    ));
#2049 = CARTESIAN_POINT('',(5.984648931041,1.290134519001,
    82.212374045056));
#2050 = CARTESIAN_POINT('',(6.009489710354,1.355989315187,
    82.235764730125));
#2051 = CARTESIAN_POINT('',(6.0353513751,1.420460450668,82.260092449376)
  );
#2052 = CARTESIAN_POINT('',(6.099342646906,1.571023028654,
    82.320223256401));
#2053 = CARTESIAN_POINT('',(6.138347883114,1.655837479622,
    82.356824986145));
#2054 = CARTESIAN_POINT('',(6.179013058222,1.738039157306,
    82.394925403733));
#2055 = CARTESIAN_POINT('',(6.221182755836,1.817677608326,
    82.434367704693));
#2056 = CARTESIAN_POINT('',(6.264718489244,1.894813038513,
    82.475010764188));
#2057 = CARTESIAN_POINT('',(6.309499471561,1.969514806473,
    82.516729684729));
#2058 = CARTESIAN_POINT('',(6.355423385889,2.041859917145,
    82.559416343887));
#2059 = CARTESIAN_POINT('',(6.538726905978,2.315238803653,
    82.729376331226));
#2060 = CARTESIAN_POINT('',(6.683738298186,2.499064024808,
    82.862940739496));
#2061 = CARTESIAN_POINT('',(6.835575204106,2.665867960139,
    83.001611659817));
#2062 = CARTESIAN_POINT('',(6.992998283202,2.817121494136,
    83.143844719657));
#2063 = CARTESIAN_POINT('',(7.155107299399,2.954147070573,
    83.288342861324));
#2064 = CARTESIAN_POINT('',(7.321451372236,3.078009216737,
    83.434001777874));
#2065 = CARTESIAN_POINT('',(7.49195596264,3.189666318954,83.579865813958
    ));
#2066 = CARTESIAN_POINT('',(7.77458116789,3.351115698726,83.81330750404)
  );
#2067 = CARTESIAN_POINT('',(7.883476446879,3.407991143199,
    83.901371420012));
#2068 = CARTESIAN_POINT('',(7.994196865232,3.460681238973,
    83.988656021553));
#2069 = CARTESIAN_POINT('',(8.106926012193,3.509301118611,
    84.074795563016));
#2070 = CARTESIAN_POINT('',(8.22189097299,3.553893808173,84.159255011379
    ));
#2071 = CARTESIAN_POINT('',(8.339379405873,3.594454128016,
    84.241299510596));
#2072 = CARTESIAN_POINT('',(8.459825911439,3.630923813747,
    84.319875664069));
#2073 = CARTESIAN_POINT('',(8.616662774019,3.671572904443,
    84.412550779055));
#2074 = CARTESIAN_POINT('',(8.64952159337,3.679727480279,84.431456878082
    ));
#2075 = CARTESIAN_POINT('',(8.682645856946,3.687582106752,
    84.449970685133));
#2076 = CARTESIAN_POINT('',(8.71604729013,3.695131999017,84.468055877648
    ));
#2077 = CARTESIAN_POINT('',(8.749737074743,3.702371358321,
    84.485671482171));
#2078 = CARTESIAN_POINT('',(8.783725849042,3.709293372013,
    84.502771874344));
#2079 = CARTESIAN_POINT('',(8.818023707718,3.715890213537,
    84.519306778911));
#2080 = CARTESIAN_POINT('',(8.928511629255,3.735879729065,
    84.570102188823));
#2081 = CARTESIAN_POINT('',(9.005995592834,3.748016847538,
    84.602040926625));
#2082 = CARTESIAN_POINT('',(9.085143810187,3.758455764481,84.63041679026
    ));
#2083 = CARTESIAN_POINT('',(9.165912216554,3.767057932537,
    84.654492687009));
#2084 = CARTESIAN_POINT('',(9.248156975238,3.773671808843,
    84.673414032604));
#2085 = CARTESIAN_POINT('',(9.331603080736,3.778151846029,
    84.686373853746));
#2086 = CARTESIAN_POINT('',(9.415790225351,3.78039282675,84.692854225628
    ));
#2087 = CARTESIAN_POINT('',(9.5000006,3.780392812778,84.692854185221));
#2088 = ORIENTED_EDGE('',*,*,#2089,.F.);
#2089 = EDGE_CURVE('',#2007,#2034,#2090,.T.);
#2090 = B_SPLINE_CURVE_WITH_KNOTS('',7,(#2091,#2092,#2093,#2094,#2095,
    #2096,#2097,#2098,#2099,#2100,#2101,#2102,#2103,#2104,#2105,#2106,
    #2107,#2108,#2109,#2110,#2111,#2112,#2113,#2114,#2115,#2116,#2117,
    #2118,#2119,#2120,#2121,#2122,#2123,#2124,#2125,#2126,#2127,#2128,
    #2129,#2130,#2131,#2132,#2133,#2134),.UNSPECIFIED.,.F.,.F.,(8,6,6,6,
    6,6,6,8),(0.,0.100930241247,0.276614845051,0.362467843071,
    0.595692096036,0.797898211458,0.878251421611,1.),.UNSPECIFIED.);
#2091 = CARTESIAN_POINT('',(9.5000006,-3.780392812778,84.692854185221));
#2092 = CARTESIAN_POINT('',(9.414621095216,-3.780392826944,
    84.692854226189));
#2093 = CARTESIAN_POINT('',(9.32923711876,-3.778041191534,
    84.686053448993));
#2094 = CARTESIAN_POINT('',(9.244661055842,-3.773337224282,
    84.672447137408));
#2095 = CARTESIAN_POINT('',(9.161396906822,-3.76640996192,84.65266745693
    ));
#2096 = CARTESIAN_POINT('',(9.079727054802,-3.757428524901,
    84.627682863833));
#2097 = CARTESIAN_POINT('',(8.999787897306,-3.746561203732,
    84.598388013679));
#2098 = CARTESIAN_POINT('',(8.785457004366,-3.71199394385,84.50840724132
    ));
#2099 = CARTESIAN_POINT('',(8.654644795395,-3.684760229957,
    84.440563078349));
#2100 = CARTESIAN_POINT('',(8.528121352696,-3.652826905024,
    84.365672287449));
#2101 = CARTESIAN_POINT('',(8.405263576382,-3.616486197156,
    84.286127648703));
#2102 = CARTESIAN_POINT('',(8.285604228987,-3.575932660617,
    84.203383854369));
#2103 = CARTESIAN_POINT('',(8.168622293983,-3.531195198942,
    84.11834355999));
#2104 = CARTESIAN_POINT('',(7.99755328628,-3.458038917524,83.98894359884
    ));
#2105 = CARTESIAN_POINT('',(7.941946877673,-3.432996329997,
    83.946059017706));
#2106 = CARTESIAN_POINT('',(7.886853045035,-3.406918875526,
    83.902844502152));
#2107 = CARTESIAN_POINT('',(7.832243968151,-3.379796865421,
    83.859365507443));
#2108 = CARTESIAN_POINT('',(7.778098725174,-3.351617636195,
    83.815677855811));
#2109 = CARTESIAN_POINT('',(7.724401448442,-3.322365517133,
    83.771830134695));
#2110 = CARTESIAN_POINT('',(7.526450500077,-3.209591464359,
    83.60843543373));
#2111 = CARTESIAN_POINT('',(7.385026903447,-3.119135439419,
    83.488189329561));
#2112 = CARTESIAN_POINT('',(7.24655709014,-3.020251439272,
    83.367948525592));
#2113 = CARTESIAN_POINT('',(7.111082824813,-2.912429804077,
    83.248355806081));
#2114 = CARTESIAN_POINT('',(6.978830512362,-2.795053512681,
    83.130080444351));
#2115 = CARTESIAN_POINT('',(6.850205764105,-2.667389086181,
    83.013829470839));
#2116 = CARTESIAN_POINT('',(6.617975849137,-2.407868997244,
    82.802132643191));
#2117 = CARTESIAN_POINT('',(6.513435988905,-2.278960332003,
    82.706083170564));
#2118 = CARTESIAN_POINT('',(6.412499559956,-2.140909046016,
    82.612750824192));
#2119 = CARTESIAN_POINT('',(6.315799953678,-1.992978969188,
    82.522857355549));
#2120 = CARTESIAN_POINT('',(6.224281476629,-1.834474609193,
    82.43740383169));
#2121 = CARTESIAN_POINT('',(6.139178507937,-1.664786650447,
    82.357656156245));
#2122 = CARTESIAN_POINT('',(6.031421133412,-1.411199048193,
    82.256399209208));
#2123 = CARTESIAN_POINT('',(6.002052142981,-1.337253945994,
    82.228766925104));
#2124 = CARTESIAN_POINT('',(5.974061827522,-1.261461313118,
    82.202401535916));
#2125 = CARTESIAN_POINT('',(5.947568729717,-1.183823612257,
    82.177420767895));
#2126 = CARTESIAN_POINT('',(5.922701579827,-1.10436745711,
    82.153951819296));
#2127 = CARTESIAN_POINT('',(5.899594949338,-1.023148537119,
    82.132127196793));
#2128 = CARTESIAN_POINT('',(5.846248132585,-0.814661279422,
    82.081706525627));
#2129 = CARTESIAN_POINT('',(5.818443820198,-0.685142590896,
    82.055393844781));
#2130 = CARTESIAN_POINT('',(5.795489204743,-0.552141389347,
    82.033648669626));
#2131 = CARTESIAN_POINT('',(5.777860686235,-0.416253568054,
    82.016937330656));
#2132 = CARTESIAN_POINT('',(5.765950954906,-0.278249088543,
    82.005643273771));
#2133 = CARTESIAN_POINT('',(5.760000000018,-0.139097515655,
    82.000000000035));
#2134 = CARTESIAN_POINT('',(5.76,-4.440892098501E-16,82.));
#2135 = CYLINDRICAL_SURFACE('',#2136,4.);
#2136 = AXIS2_PLACEMENT_3D('',#2137,#2138,#2139);
#2137 = CARTESIAN_POINT('',(-9.5,0.,86.));
#2138 = DIRECTION('',(1.,0.,0.));
#2139 = DIRECTION('',(-0.,0.,1.));
#2140 = ADVANCED_FACE('',(#2141),#2288,.T.);
#2141 = FACE_BOUND('',#2142,.T.);
#2142 = EDGE_LOOP('',(#2143,#2144,#2152,#2161,#2280,#2287));
#2143 = ORIENTED_EDGE('',*,*,#1783,.F.);
#2144 = ORIENTED_EDGE('',*,*,#2145,.F.);
#2145 = EDGE_CURVE('',#2146,#1784,#2148,.T.);
#2146 = VERTEX_POINT('',#2147);
#2147 = CARTESIAN_POINT('',(-7.438447187191,2.37391314311E-16,90.));
#2148 = LINE('',#2149,#2150);
#2149 = CARTESIAN_POINT('',(-9.5,9.797174393179E-16,90.));
#2150 = VECTOR('',#2151,1.);
#2151 = DIRECTION('',(1.,0.,0.));
#2152 = ORIENTED_EDGE('',*,*,#2153,.T.);
#2153 = EDGE_CURVE('',#2146,#2154,#2156,.T.);
#2154 = VERTEX_POINT('',#2155);
#2155 = CARTESIAN_POINT('',(-7.438447188043,-3.148022058764,
    83.532216151769));
#2156 = CIRCLE('',#2157,4.);
#2157 = AXIS2_PLACEMENT_3D('',#2158,#2159,#2160);
#2158 = CARTESIAN_POINT('',(-7.438447187191,0.,86.));
#2159 = DIRECTION('',(1.,0.,0.));
#2160 = DIRECTION('',(-0.,0.,1.));
#2161 = ORIENTED_EDGE('',*,*,#2162,.F.);
#2162 = EDGE_CURVE('',#2163,#2154,#2165,.T.);
#2163 = VERTEX_POINT('',#2164);
#2164 = CARTESIAN_POINT('',(-7.438447189087,3.148022057228,
    83.532216150422));
#2165 = B_SPLINE_CURVE_WITH_KNOTS('',8,(#2166,#2167,#2168,#2169,#2170,
    #2171,#2172,#2173,#2174,#2175,#2176,#2177,#2178,#2179,#2180,#2181,
    #2182,#2183,#2184,#2185,#2186,#2187,#2188,#2189,#2190,#2191,#2192,
    #2193,#2194,#2195,#2196,#2197,#2198,#2199,#2200,#2201,#2202,#2203,
    #2204,#2205,#2206,#2207,#2208,#2209,#2210,#2211,#2212,#2213,#2214,
    #2215,#2216,#2217,#2218,#2219,#2220,#2221,#2222,#2223,#2224,#2225,
    #2226,#2227,#2228,#2229,#2230,#2231,#2232,#2233,#2234,#2235,#2236,
    #2237,#2238,#2239,#2240,#2241,#2242,#2243,#2244,#2245,#2246,#2247,
    #2248,#2249,#2250,#2251,#2252,#2253,#2254,#2255,#2256,#2257,#2258,
    #2259,#2260,#2261,#2262,#2263,#2264,#2265,#2266,#2267,#2268,#2269,
    #2270,#2271,#2272,#2273,#2274,#2275,#2276,#2277,#2278,#2279),
  .UNSPECIFIED.,.F.,.F.,(9,7,7,7,7,7,7,7,7,7,7,7,7,7,7,7,9),(0.,
    5.057626441268E-02,0.13844330525,0.181380151574,0.297991000247,
    0.39906989665,0.439237282249,0.459652856915,0.500080907015,
    0.540512896773,0.560932942927,0.601111774561,0.656806521828,
    0.818400496104,0.917218858295,0.943154660782,1.),.UNSPECIFIED.);
#2166 = CARTESIAN_POINT('',(-9.5000006,3.780392812778,84.692854185221));
#2167 = CARTESIAN_POINT('',(-9.425129566336,3.7803928252,84.692854221146
    ));
#2168 = CARTESIAN_POINT('',(-9.350255464257,3.778621349984,
    84.687731233782));
#2169 = CARTESIAN_POINT('',(-9.275889310106,3.775077982156,
    84.677482304567));
#2170 = CARTESIAN_POINT('',(-9.202386467711,3.769827738851,
    84.662425801341));
#2171 = CARTESIAN_POINT('',(-9.129979662175,3.762967052821,
    84.64308719275));
#2172 = CARTESIAN_POINT('',(-9.058809074579,3.754602142991,
    84.620057493085));
#2173 = CARTESIAN_POINT('',(-8.988943150593,3.744835310585,
    84.593883876217));
#2174 = CARTESIAN_POINT('',(-8.801274304399,3.714504184334,
    84.514961862831));
#2175 = CARTESIAN_POINT('',(-8.686150481134,3.691295115954,
    84.456863936793));
#2176 = CARTESIAN_POINT('',(-8.574369608974,3.664489096451,
    84.393036379108));
#2177 = CARTESIAN_POINT('',(-8.465491653763,3.634304004721,
    84.325128451198));
#2178 = CARTESIAN_POINT('',(-8.359185628647,3.600885281773,
    84.254281551799));
#2179 = CARTESIAN_POINT('',(-8.255146265969,3.564312655559,
    84.181265487119));
#2180 = CARTESIAN_POINT('',(-8.153037568325,3.524572693396,
    84.10658242253));
#2181 = CARTESIAN_POINT('',(-8.003341615341,3.46049325382,
    83.993308337092));
#2182 = CARTESIAN_POINT('',(-7.954615002584,3.438687434609,
    83.955820929222));
#2183 = CARTESIAN_POINT('',(-7.906277207429,3.416105854637,
    83.918077093214));
#2184 = CARTESIAN_POINT('',(-7.858309791862,3.392742795948,
    83.880119182099));
#2185 = CARTESIAN_POINT('',(-7.810697994115,3.368591058148,
    83.841984445571));
#2186 = CARTESIAN_POINT('',(-7.763430038432,3.343641945907,
    83.803705927502));
#2187 = CARTESIAN_POINT('',(-7.716496444828,3.317885256454,
    83.765313363441));
#2188 = CARTESIAN_POINT('',(-7.543310545859,3.21913236216,
    83.622329381053));
#2189 = CARTESIAN_POINT('',(-7.419179639516,3.140934839327,
    83.517217267131));
#2190 = CARTESIAN_POINT('',(-7.297302655568,3.056464830131,
    83.412009853902));
#2191 = CARTESIAN_POINT('',(-7.177662100769,2.965416820303,
    83.307130781579));
#2192 = CARTESIAN_POINT('',(-7.060353884761,2.867431612564,
    83.202991660966));
#2193 = CARTESIAN_POINT('',(-6.945564931785,2.76209405827,
    83.100020373527));
#2194 = CARTESIAN_POINT('',(-6.833575078484,2.648905631044,
    82.998675540669));
#2195 = CARTESIAN_POINT('',(-6.630451331956,2.421721563127,
    82.813499545721));
#2196 = CARTESIAN_POINT('',(-6.538614610017,2.309940155151,
    82.729213958944));
#2197 = CARTESIAN_POINT('',(-6.449444461323,2.191395546139,
    82.646911304911));
#2198 = CARTESIAN_POINT('',(-6.36329551936,2.06562589265,82.567010031265
    ));
#2199 = CARTESIAN_POINT('',(-6.280680780671,1.932186614001,
    82.490066366521));
#2200 = CARTESIAN_POINT('',(-6.202263552658,1.790665101399,
    82.41677266407));
#2201 = CARTESIAN_POINT('',(-6.128858352745,1.64068238852,
    82.347959879353));
#2202 = CARTESIAN_POINT('',(-6.034661791964,1.418751716711,
    82.259443843754));
#2203 = CARTESIAN_POINT('',(-6.008831002775,1.354266879509,
    82.235144617359));
#2204 = CARTESIAN_POINT('',(-5.984021926705,1.288399130535,
    82.211783294023));
#2205 = CARTESIAN_POINT('',(-5.960306860645,1.221147746414,
    82.189431767745));
#2206 = CARTESIAN_POINT('',(-5.937763725205,1.152523483487,
    82.16816717637));
#2207 = CARTESIAN_POINT('',(-5.916474430661,1.082550426543,
    82.148070336135));
#2208 = CARTESIAN_POINT('',(-5.896523242907,1.011267837546,
    82.129224176203));
#2209 = CARTESIAN_POINT('',(-5.868578014813,0.901864762528,
    82.102811479286));
#2210 = CARTESIAN_POINT('',(-5.859528662913,0.864674483157,
    82.094255582805));
#2211 = CARTESIAN_POINT('',(-5.850858309453,0.827169151884,
    82.086055495233));
#2212 = CARTESIAN_POINT('',(-5.84257819174,0.78935805801,82.078222237719
    ));
#2213 = CARTESIAN_POINT('',(-5.834699448395,0.751251879815,
    82.070766724683));
#2214 = CARTESIAN_POINT('',(-5.82723299911,0.712862769882,
    82.063699647428));
#2215 = CARTESIAN_POINT('',(-5.820189424399,0.674204440415,
    82.057031357737));
#2216 = CARTESIAN_POINT('',(-5.800488211105,0.558236174085,
    82.038376132958));
#2217 = CARTESIAN_POINT('',(-5.789093660293,0.480173164297,
    82.027581351779));
#2218 = CARTESIAN_POINT('',(-5.779476608209,0.401235510047,
    82.018466941272));
#2219 = CARTESIAN_POINT('',(-5.771707904545,0.321569643794,
    82.011102076172));
#2220 = CARTESIAN_POINT('',(-5.765844910886,0.241336727692,
    82.00554273497));
#2221 = CARTESIAN_POINT('',(-5.761928578195,0.160713241682,
    82.001828862283));
#2222 = CARTESIAN_POINT('',(-5.759980524307,7.989157158017E-02,
    81.999981531203));
#2223 = CARTESIAN_POINT('',(-5.760019700448,-8.173825216076E-02,
    82.000018681933));
#2224 = CARTESIAN_POINT('',(-5.762007319005,-0.162564463059,
    82.001903532224));
#2225 = CARTESIAN_POINT('',(-5.76596329882,-0.243189133291,
    82.005654994373));
#2226 = CARTESIAN_POINT('',(-5.771865724237,-0.323419946376,
    82.011251704862));
#2227 = CARTESIAN_POINT('',(-5.779673368118,-0.403080574839,
    82.018653449451));
#2228 = CARTESIAN_POINT('',(-5.789328627739,-0.482010083459,
    82.027804013814));
#2229 = CARTESIAN_POINT('',(-5.800760460692,-0.560062332514,
    82.038634034163));
#2230 = CARTESIAN_POINT('',(-5.820516999177,-0.676015724449,
    82.05734148526));
#2231 = CARTESIAN_POINT('',(-5.827579509335,-0.714671559853,
    82.06402763937));
#2232 = CARTESIAN_POINT('',(-5.835064709318,-0.753057566051,
    82.071112393783));
#2233 = CARTESIAN_POINT('',(-5.842962000783,-0.791160067235,
    82.07858537906));
#2234 = CARTESIAN_POINT('',(-5.851260449151,-0.828966947494,
    82.08643588908));
#2235 = CARTESIAN_POINT('',(-5.859948903777,-0.866467565329,
    82.094652997358));
#2236 = CARTESIAN_POINT('',(-5.869016118126,-0.903652668162,
    82.103225673375));
#2237 = CARTESIAN_POINT('',(-5.897014848761,-1.013043896807,
    82.129688584153));
#2238 = CARTESIAN_POINT('',(-5.917001156028,-1.084318416724,
    82.148567638575));
#2239 = CARTESIAN_POINT('',(-5.938324741176,-1.154281849579,
    82.168696520602));
#2240 = CARTESIAN_POINT('',(-5.960901305441,-1.222895174235,
    82.18999226531));
#2241 = CARTESIAN_POINT('',(-5.984648931041,-1.290134519001,
    82.212374045056));
#2242 = CARTESIAN_POINT('',(-6.009489710354,-1.355989315186,
    82.235764730125));
#2243 = CARTESIAN_POINT('',(-6.035351375099,-1.420460450668,
    82.260092449376));
#2244 = CARTESIAN_POINT('',(-6.099342646906,-1.571023028654,
    82.3202232564));
#2245 = CARTESIAN_POINT('',(-6.138347883114,-1.655837479621,
    82.356824986145));
#2246 = CARTESIAN_POINT('',(-6.179013058221,-1.738039157306,
    82.394925403733));
#2247 = CARTESIAN_POINT('',(-6.221182755836,-1.817677608325,
    82.434367704692));
#2248 = CARTESIAN_POINT('',(-6.264718489244,-1.894813038512,
    82.475010764188));
#2249 = CARTESIAN_POINT('',(-6.309499471561,-1.969514806473,
    82.516729684729));
#2250 = CARTESIAN_POINT('',(-6.355423385889,-2.041859917145,
    82.559416343887));
#2251 = CARTESIAN_POINT('',(-6.538726905978,-2.315238803653,
    82.729376331226));
#2252 = CARTESIAN_POINT('',(-6.683738298186,-2.499064024809,
    82.862940739496));
#2253 = CARTESIAN_POINT('',(-6.835575204105,-2.665867960137,
    83.001611659816));
#2254 = CARTESIAN_POINT('',(-6.992998283202,-2.817121494139,
    83.143844719658));
#2255 = CARTESIAN_POINT('',(-7.155107299399,-2.954147070571,
    83.288342861323));
#2256 = CARTESIAN_POINT('',(-7.321451372236,-3.078009216737,
    83.434001777874));
#2257 = CARTESIAN_POINT('',(-7.49195596264,-3.189666318954,
    83.579865813958));
#2258 = CARTESIAN_POINT('',(-7.774581167889,-3.351115698726,
    83.81330750404));
#2259 = CARTESIAN_POINT('',(-7.883476446879,-3.407991143199,
    83.901371420012));
#2260 = CARTESIAN_POINT('',(-7.994196865232,-3.460681238972,
    83.988656021552));
#2261 = CARTESIAN_POINT('',(-8.106926012192,-3.50930111861,
    84.074795563015));
#2262 = CARTESIAN_POINT('',(-8.22189097299,-3.553893808173,
    84.159255011379));
#2263 = CARTESIAN_POINT('',(-8.339379405873,-3.594454128016,
    84.241299510595));
#2264 = CARTESIAN_POINT('',(-8.459825911438,-3.630923813747,
    84.319875664069));
#2265 = CARTESIAN_POINT('',(-8.616662774019,-3.671572904443,
    84.412550779055));
#2266 = CARTESIAN_POINT('',(-8.64952159337,-3.679727480279,
    84.431456878082));
#2267 = CARTESIAN_POINT('',(-8.682645856946,-3.687582106752,
    84.449970685133));
#2268 = CARTESIAN_POINT('',(-8.71604729013,-3.695131999017,
    84.468055877648));
#2269 = CARTESIAN_POINT('',(-8.749737074743,-3.702371358321,
    84.485671482171));
#2270 = CARTESIAN_POINT('',(-8.783725849042,-3.709293372013,
    84.502771874343));
#2271 = CARTESIAN_POINT('',(-8.818023707718,-3.715890213537,
    84.519306778911));
#2272 = CARTESIAN_POINT('',(-8.928511629255,-3.735879729065,
    84.570102188823));
#2273 = CARTESIAN_POINT('',(-9.005995592835,-3.748016847538,
    84.602040926625));
#2274 = CARTESIAN_POINT('',(-9.085143810186,-3.758455764482,
    84.63041679026));
#2275 = CARTESIAN_POINT('',(-9.165912216554,-3.767057932537,
    84.654492687009));
#2276 = CARTESIAN_POINT('',(-9.248156975238,-3.773671808843,
    84.673414032604));
#2277 = CARTESIAN_POINT('',(-9.331603080735,-3.778151846029,
    84.686373853746));
#2278 = CARTESIAN_POINT('',(-9.415790225351,-3.78039282675,
    84.692854225628));
#2279 = CARTESIAN_POINT('',(-9.5000006,-3.780392812778,84.692854185221)
  );
#2280 = ORIENTED_EDGE('',*,*,#2281,.T.);
#2281 = EDGE_CURVE('',#2163,#2146,#2282,.T.);
#2282 = CIRCLE('',#2283,4.);
#2283 = AXIS2_PLACEMENT_3D('',#2284,#2285,#2286);
#2284 = CARTESIAN_POINT('',(-7.438447187191,0.,86.));
#2285 = DIRECTION('',(1.,0.,0.));
#2286 = DIRECTION('',(-0.,0.,1.));
#2287 = ORIENTED_EDGE('',*,*,#2145,.T.);
#2288 = CYLINDRICAL_SURFACE('',#2289,4.);
#2289 = AXIS2_PLACEMENT_3D('',#2290,#2291,#2292);
#2290 = CARTESIAN_POINT('',(-9.5,0.,86.));
#2291 = DIRECTION('',(1.,0.,0.));
#2292 = DIRECTION('',(-0.,0.,1.));
#2293 = ADVANCED_FACE('',(#2294),#2324,.T.);
#2294 = FACE_BOUND('',#2295,.T.);
#2295 = EDGE_LOOP('',(#2296,#2297,#2306,#2315,#2322,#2323));
#2296 = ORIENTED_EDGE('',*,*,#1933,.F.);
#2297 = ORIENTED_EDGE('',*,*,#2298,.F.);
#2298 = EDGE_CURVE('',#2299,#1934,#2301,.T.);
#2299 = VERTEX_POINT('',#2300);
#2300 = CARTESIAN_POINT('',(-14.5522412774,-4.770632970271E-16,
    80.432761677804));
#2301 = CIRCLE('',#2302,2.5);
#2302 = AXIS2_PLACEMENT_3D('',#2303,#2304,#2305);
#2303 = CARTESIAN_POINT('',(-16.5,0.,82.));
#2304 = DIRECTION('',(-2.449293598295E-16,-1.,0.));
#2305 = DIRECTION('',(1.,-2.449293598295E-16,0.));
#2306 = ORIENTED_EDGE('',*,*,#2307,.T.);
#2307 = EDGE_CURVE('',#2299,#2308,#2310,.T.);
#2308 = VERTEX_POINT('',#2309);
#2309 = CARTESIAN_POINT('',(-18.44775872259,-4.770632970271E-16,
    80.432761677804));
#2310 = CIRCLE('',#2311,1.947758722593);
#2311 = AXIS2_PLACEMENT_3D('',#2312,#2313,#2314);
#2312 = CARTESIAN_POINT('',(-16.5,0.,80.432761677804));
#2313 = DIRECTION('',(0.,0.,1.));
#2314 = DIRECTION('',(0.,-1.,0.));
#2315 = ORIENTED_EDGE('',*,*,#2316,.T.);
#2316 = EDGE_CURVE('',#2308,#2299,#2317,.T.);
#2317 = CIRCLE('',#2318,1.947758722593);
#2318 = AXIS2_PLACEMENT_3D('',#2319,#2320,#2321);
#2319 = CARTESIAN_POINT('',(-16.5,0.,80.432761677804));
#2320 = DIRECTION('',(0.,0.,1.));
#2321 = DIRECTION('',(0.,-1.,0.));
#2322 = ORIENTED_EDGE('',*,*,#2298,.T.);
#2323 = ORIENTED_EDGE('',*,*,#1953,.F.);
#2324 = SPHERICAL_SURFACE('',#2325,2.5);
#2325 = AXIS2_PLACEMENT_3D('',#2326,#2327,#2328);
#2326 = CARTESIAN_POINT('',(-16.5,0.,82.));
#2327 = DIRECTION('',(0.,0.,1.));
#2328 = DIRECTION('',(1.,0.,-0.));
#2329 = ADVANCED_FACE('',(#2330),#2359,.T.);
#2330 = FACE_BOUND('',#2331,.T.);
#2331 = EDGE_LOOP('',(#2332,#2343,#2349,#2350,#2351,#2352));
#2332 = ORIENTED_EDGE('',*,*,#2333,.T.);
#2333 = EDGE_CURVE('',#2334,#2336,#2338,.T.);
#2334 = VERTEX_POINT('',#2335);
#2335 = CARTESIAN_POINT('',(18.138241412602,-4.012534204348E-16,
    71.147242378068));
#2336 = VERTEX_POINT('',#2337);
#2337 = CARTESIAN_POINT('',(14.861758587398,-4.012534204348E-16,
    71.147242378068));
#2338 = CIRCLE('',#2339,1.638241412602);
#2339 = AXIS2_PLACEMENT_3D('',#2340,#2341,#2342);
#2340 = CARTESIAN_POINT('',(16.5,0.,71.147242378068));
#2341 = DIRECTION('',(0.,0.,1.));
#2342 = DIRECTION('',(0.,-1.,0.));
#2343 = ORIENTED_EDGE('',*,*,#2344,.F.);
#2344 = EDGE_CURVE('',#1979,#2336,#2345,.T.);
#2345 = LINE('',#2346,#2347);
#2346 = CARTESIAN_POINT('',(14.5,-4.898587196589E-16,82.));
#2347 = VECTOR('',#2348,1.);
#2348 = DIRECTION('',(3.331483023264E-02,8.159780041708E-18,
    -0.999444906979));
#2349 = ORIENTED_EDGE('',*,*,#1978,.F.);
#2350 = ORIENTED_EDGE('',*,*,#1987,.F.);
#2351 = ORIENTED_EDGE('',*,*,#2344,.T.);
#2352 = ORIENTED_EDGE('',*,*,#2353,.T.);
#2353 = EDGE_CURVE('',#2336,#2334,#2354,.T.);
#2354 = CIRCLE('',#2355,1.638241412602);
#2355 = AXIS2_PLACEMENT_3D('',#2356,#2357,#2358);
#2356 = CARTESIAN_POINT('',(16.5,0.,71.147242378068));
#2357 = DIRECTION('',(0.,0.,1.));
#2358 = DIRECTION('',(0.,-1.,0.));
#2359 = CONICAL_SURFACE('',#2360,2.,3.332099587825E-02);
#2360 = AXIS2_PLACEMENT_3D('',#2361,#2362,#2363);
#2361 = CARTESIAN_POINT('',(16.5,0.,82.));
#2362 = DIRECTION('',(-0.,-0.,1.));
#2363 = DIRECTION('',(-1.,0.,-0.));
#2364 = ADVANCED_FACE('',(#2365),#2395,.T.);
#2365 = FACE_BOUND('',#2366,.T.);
#2366 = EDGE_LOOP('',(#2367,#2378,#2379,#2386,#2387,#2388));
#2367 = ORIENTED_EDGE('',*,*,#2368,.T.);
#2368 = EDGE_CURVE('',#2369,#2371,#2373,.T.);
#2369 = VERTEX_POINT('',#2370);
#2370 = CARTESIAN_POINT('',(13.262983242287,-9.216650765823E-16,
    83.532216152442));
#2371 = VERTEX_POINT('',#2372);
#2372 = CARTESIAN_POINT('',(9.5,-6.748919021978E-32,90.5));
#2373 = CIRCLE('',#2374,4.5);
#2374 = AXIS2_PLACEMENT_3D('',#2375,#2376,#2377);
#2375 = CARTESIAN_POINT('',(9.5,0.,86.));
#2376 = DIRECTION('',(-2.449293598295E-16,-1.,0.));
#2377 = DIRECTION('',(1.,-2.449293598295E-16,0.));
#2378 = ORIENTED_EDGE('',*,*,#2368,.F.);
#2379 = ORIENTED_EDGE('',*,*,#2380,.T.);
#2380 = EDGE_CURVE('',#2369,#2025,#2381,.T.);
#2381 = CIRCLE('',#2382,3.762983242287);
#2382 = AXIS2_PLACEMENT_3D('',#2383,#2384,#2385);
#2383 = CARTESIAN_POINT('',(9.5,0.,83.532216152442));
#2384 = DIRECTION('',(0.,0.,1.));
#2385 = DIRECTION('',(0.,-1.,0.));
#2386 = ORIENTED_EDGE('',*,*,#2024,.T.);
#2387 = ORIENTED_EDGE('',*,*,#2004,.T.);
#2388 = ORIENTED_EDGE('',*,*,#2389,.T.);
#2389 = EDGE_CURVE('',#2007,#2369,#2390,.T.);
#2390 = CIRCLE('',#2391,3.762983242287);
#2391 = AXIS2_PLACEMENT_3D('',#2392,#2393,#2394);
#2392 = CARTESIAN_POINT('',(9.5,0.,83.532216152442));
#2393 = DIRECTION('',(0.,0.,1.));
#2394 = DIRECTION('',(0.,-1.,0.));
#2395 = SPHERICAL_SURFACE('',#2396,4.5);
#2396 = AXIS2_PLACEMENT_3D('',#2397,#2398,#2399);
#2397 = CARTESIAN_POINT('',(9.5,0.,86.));
#2398 = DIRECTION('',(0.,0.,1.));
#2399 = DIRECTION('',(1.,0.,-0.));
#2400 = ADVANCED_FACE('',(#2401),#2432,.T.);
#2401 = FACE_BOUND('',#2402,.T.);
#2402 = EDGE_LOOP('',(#2403,#2414,#2420,#2421,#2422,#2423,#2424,#2425));
#2403 = ORIENTED_EDGE('',*,*,#2404,.T.);
#2404 = EDGE_CURVE('',#2405,#2407,#2409,.T.);
#2405 = VERTEX_POINT('',#2406);
#2406 = CARTESIAN_POINT('',(12.730025984275,-7.911281965611E-16,
    48.001732285024));
#2407 = VERTEX_POINT('',#2408);
#2408 = CARTESIAN_POINT('',(6.269974015725,-7.911281965611E-16,
    48.001732285024));
#2409 = CIRCLE('',#2410,3.230025984275);
#2410 = AXIS2_PLACEMENT_3D('',#2411,#2412,#2413);
#2411 = CARTESIAN_POINT('',(9.5,0.,48.001732285024));
#2412 = DIRECTION('',(0.,0.,1.));
#2413 = DIRECTION('',(0.,-1.,0.));
#2414 = ORIENTED_EDGE('',*,*,#2415,.F.);
#2415 = EDGE_CURVE('',#2034,#2407,#2416,.T.);
#2416 = LINE('',#2417,#2418);
#2417 = CARTESIAN_POINT('',(5.7,-9.30731567352E-16,86.));
#2418 = VECTOR('',#2419,1.);
#2419 = DIRECTION('',(1.499831278471E-02,3.673527148882E-18,
    -0.999887518981));
#2420 = ORIENTED_EDGE('',*,*,#2033,.T.);
#2421 = ORIENTED_EDGE('',*,*,#2380,.F.);
#2422 = ORIENTED_EDGE('',*,*,#2389,.F.);
#2423 = ORIENTED_EDGE('',*,*,#2089,.T.);
#2424 = ORIENTED_EDGE('',*,*,#2415,.T.);
#2425 = ORIENTED_EDGE('',*,*,#2426,.T.);
#2426 = EDGE_CURVE('',#2407,#2405,#2427,.T.);
#2427 = CIRCLE('',#2428,3.230025984275);
#2428 = AXIS2_PLACEMENT_3D('',#2429,#2430,#2431);
#2429 = CARTESIAN_POINT('',(9.5,0.,48.001732285024));
#2430 = DIRECTION('',(0.,0.,1.));
#2431 = DIRECTION('',(0.,-1.,0.));
#2432 = CONICAL_SURFACE('',#2433,3.8,1.499887515185E-02);
#2433 = AXIS2_PLACEMENT_3D('',#2434,#2435,#2436);
#2434 = CARTESIAN_POINT('',(9.5,0.,86.));
#2435 = DIRECTION('',(-0.,-0.,1.));
#2436 = DIRECTION('',(-1.,0.,-0.));
#2437 = ADVANCED_FACE('',(#2438),#2468,.T.);
#2438 = FACE_BOUND('',#2439,.T.);
#2439 = EDGE_LOOP('',(#2440,#2449,#2450,#2451,#2460,#2467));
#2440 = ORIENTED_EDGE('',*,*,#2441,.T.);
#2441 = EDGE_CURVE('',#2146,#2442,#2444,.T.);
#2442 = VERTEX_POINT('',#2443);
#2443 = CARTESIAN_POINT('',(-9.5,-6.748919021978E-32,90.5));
#2444 = CIRCLE('',#2445,4.5);
#2445 = AXIS2_PLACEMENT_3D('',#2446,#2447,#2448);
#2446 = CARTESIAN_POINT('',(-9.5,0.,86.));
#2447 = DIRECTION('',(-2.449293598295E-16,-1.,0.));
#2448 = DIRECTION('',(1.,-2.449293598295E-16,0.));
#2449 = ORIENTED_EDGE('',*,*,#2441,.F.);
#2450 = ORIENTED_EDGE('',*,*,#2281,.F.);
#2451 = ORIENTED_EDGE('',*,*,#2452,.T.);
#2452 = EDGE_CURVE('',#2163,#2453,#2455,.T.);
#2453 = VERTEX_POINT('',#2454);
#2454 = CARTESIAN_POINT('',(-13.26298324228,-9.216650765823E-16,
    83.532216152441));
#2455 = CIRCLE('',#2456,3.762983242287);
#2456 = AXIS2_PLACEMENT_3D('',#2457,#2458,#2459);
#2457 = CARTESIAN_POINT('',(-9.5,0.,83.532216152442));
#2458 = DIRECTION('',(0.,0.,1.));
#2459 = DIRECTION('',(0.,-1.,0.));
#2460 = ORIENTED_EDGE('',*,*,#2461,.T.);
#2461 = EDGE_CURVE('',#2453,#2154,#2462,.T.);
#2462 = CIRCLE('',#2463,3.762983242287);
#2463 = AXIS2_PLACEMENT_3D('',#2464,#2465,#2466);
#2464 = CARTESIAN_POINT('',(-9.5,0.,83.532216152442));
#2465 = DIRECTION('',(0.,0.,1.));
#2466 = DIRECTION('',(0.,-1.,0.));
#2467 = ORIENTED_EDGE('',*,*,#2153,.F.);
#2468 = SPHERICAL_SURFACE('',#2469,4.5);
#2469 = AXIS2_PLACEMENT_3D('',#2470,#2471,#2472);
#2470 = CARTESIAN_POINT('',(-9.5,0.,86.));
#2471 = DIRECTION('',(0.,0.,1.));
#2472 = DIRECTION('',(1.,0.,-0.));
#2473 = ADVANCED_FACE('',(#2474),#2504,.T.);
#2474 = FACE_BOUND('',#2475,.T.);
#2475 = EDGE_LOOP('',(#2476,#2487,#2493,#2494,#2495,#2496,#2497));
#2476 = ORIENTED_EDGE('',*,*,#2477,.T.);
#2477 = EDGE_CURVE('',#2478,#2480,#2482,.T.);
#2478 = VERTEX_POINT('',#2479);
#2479 = CARTESIAN_POINT('',(-6.269974015725,-7.911281965611E-16,
    48.001732285024));
#2480 = VERTEX_POINT('',#2481);
#2481 = CARTESIAN_POINT('',(-12.73002598427,-7.911281965611E-16,
    48.001732285023));
#2482 = CIRCLE('',#2483,3.230025984275);
#2483 = AXIS2_PLACEMENT_3D('',#2484,#2485,#2486);
#2484 = CARTESIAN_POINT('',(-9.5,0.,48.001732285024));
#2485 = DIRECTION('',(0.,0.,1.));
#2486 = DIRECTION('',(0.,-1.,0.));
#2487 = ORIENTED_EDGE('',*,*,#2488,.F.);
#2488 = EDGE_CURVE('',#2453,#2480,#2489,.T.);
#2489 = LINE('',#2490,#2491);
#2490 = CARTESIAN_POINT('',(-13.3,-9.30731567352E-16,86.));
#2491 = VECTOR('',#2492,1.);
#2492 = DIRECTION('',(1.499831278471E-02,3.673527148882E-18,
    -0.999887518981));
#2493 = ORIENTED_EDGE('',*,*,#2452,.F.);
#2494 = ORIENTED_EDGE('',*,*,#2162,.T.);
#2495 = ORIENTED_EDGE('',*,*,#2461,.F.);
#2496 = ORIENTED_EDGE('',*,*,#2488,.T.);
#2497 = ORIENTED_EDGE('',*,*,#2498,.T.);
#2498 = EDGE_CURVE('',#2480,#2478,#2499,.T.);
#2499 = CIRCLE('',#2500,3.230025984275);
#2500 = AXIS2_PLACEMENT_3D('',#2501,#2502,#2503);
#2501 = CARTESIAN_POINT('',(-9.5,0.,48.001732285024));
#2502 = DIRECTION('',(0.,0.,1.));
#2503 = DIRECTION('',(0.,-1.,0.));
#2504 = CONICAL_SURFACE('',#2505,3.8,1.499887515185E-02);
#2505 = AXIS2_PLACEMENT_3D('',#2506,#2507,#2508);
#2506 = CARTESIAN_POINT('',(-9.5,0.,86.));
#2507 = DIRECTION('',(-0.,-0.,1.));
#2508 = DIRECTION('',(-1.,0.,-0.));
#2509 = ADVANCED_FACE('',(#2510),#2539,.T.);
#2510 = FACE_BOUND('',#2511,.T.);
#2511 = EDGE_LOOP('',(#2512,#2523,#2529,#2530,#2531,#2532));
#2512 = ORIENTED_EDGE('',*,*,#2513,.T.);
#2513 = EDGE_CURVE('',#2514,#2516,#2518,.T.);
#2514 = VERTEX_POINT('',#2515);
#2515 = CARTESIAN_POINT('',(-14.86175858739,-4.012534204348E-16,
    71.147242378068));
#2516 = VERTEX_POINT('',#2517);
#2517 = CARTESIAN_POINT('',(-18.1382414126,-4.012534204348E-16,
    71.147242378068));
#2518 = CIRCLE('',#2519,1.638241412602);
#2519 = AXIS2_PLACEMENT_3D('',#2520,#2521,#2522);
#2520 = CARTESIAN_POINT('',(-16.5,0.,71.147242378068));
#2521 = DIRECTION('',(0.,0.,1.));
#2522 = DIRECTION('',(0.,-1.,0.));
#2523 = ORIENTED_EDGE('',*,*,#2524,.F.);
#2524 = EDGE_CURVE('',#2308,#2516,#2525,.T.);
#2525 = LINE('',#2526,#2527);
#2526 = CARTESIAN_POINT('',(-18.5,-4.898587196589E-16,82.));
#2527 = VECTOR('',#2528,1.);
#2528 = DIRECTION('',(3.331483023264E-02,8.159780041708E-18,
    -0.999444906979));
#2529 = ORIENTED_EDGE('',*,*,#2307,.F.);
#2530 = ORIENTED_EDGE('',*,*,#2316,.F.);
#2531 = ORIENTED_EDGE('',*,*,#2524,.T.);
#2532 = ORIENTED_EDGE('',*,*,#2533,.T.);
#2533 = EDGE_CURVE('',#2516,#2514,#2534,.T.);
#2534 = CIRCLE('',#2535,1.638241412602);
#2535 = AXIS2_PLACEMENT_3D('',#2536,#2537,#2538);
#2536 = CARTESIAN_POINT('',(-16.5,0.,71.147242378068));
#2537 = DIRECTION('',(0.,0.,1.));
#2538 = DIRECTION('',(0.,-1.,0.));
#2539 = CONICAL_SURFACE('',#2540,2.,3.332099587825E-02);
#2540 = AXIS2_PLACEMENT_3D('',#2541,#2542,#2543);
#2541 = CARTESIAN_POINT('',(-16.5,0.,82.));
#2542 = DIRECTION('',(-0.,-0.,1.));
#2543 = DIRECTION('',(-1.,0.,-0.));
#2544 = ADVANCED_FACE('',(#2545),#2559,.T.);
#2545 = FACE_BOUND('',#2546,.T.);
#2546 = EDGE_LOOP('',(#2547,#2548,#2557,#2558));
#2547 = ORIENTED_EDGE('',*,*,#2333,.F.);
#2548 = ORIENTED_EDGE('',*,*,#2549,.F.);
#2549 = EDGE_CURVE('',#2550,#2334,#2552,.T.);
#2550 = VERTEX_POINT('',#2551);
#2551 = CARTESIAN_POINT('',(16.5,-2.999519565324E-32,68.));
#2552 = CIRCLE('',#2553,2.);
#2553 = AXIS2_PLACEMENT_3D('',#2554,#2555,#2556);
#2554 = CARTESIAN_POINT('',(16.5,0.,70.));
#2555 = DIRECTION('',(-2.449293598295E-16,-1.,0.));
#2556 = DIRECTION('',(1.,-2.449293598295E-16,0.));
#2557 = ORIENTED_EDGE('',*,*,#2549,.T.);
#2558 = ORIENTED_EDGE('',*,*,#2353,.F.);
#2559 = SPHERICAL_SURFACE('',#2560,2.);
#2560 = AXIS2_PLACEMENT_3D('',#2561,#2562,#2563);
#2561 = CARTESIAN_POINT('',(16.5,0.,70.));
#2562 = DIRECTION('',(0.,0.,1.));
#2563 = DIRECTION('',(1.,0.,-0.));
#2564 = ADVANCED_FACE('',(#2565),#2595,.T.);
#2565 = FACE_BOUND('',#2566,.T.);
#2566 = EDGE_LOOP('',(#2567,#2568,#2577,#2586,#2593,#2594));
#2567 = ORIENTED_EDGE('',*,*,#2404,.F.);
#2568 = ORIENTED_EDGE('',*,*,#2569,.F.);
#2569 = EDGE_CURVE('',#2570,#2405,#2572,.T.);
#2570 = VERTEX_POINT('',#2571);
#2571 = CARTESIAN_POINT('',(12.667708341476,-7.758647762041E-16,
    43.901042195911));
#2572 = CIRCLE('',#2573,3.8);
#2573 = AXIS2_PLACEMENT_3D('',#2574,#2575,#2576);
#2574 = CARTESIAN_POINT('',(9.5,0.,46.));
#2575 = DIRECTION('',(-2.449293598295E-16,-1.,0.));
#2576 = DIRECTION('',(1.,-2.449293598295E-16,0.));
#2577 = ORIENTED_EDGE('',*,*,#2578,.T.);
#2578 = EDGE_CURVE('',#2570,#2579,#2581,.T.);
#2579 = VERTEX_POINT('',#2580);
#2580 = CARTESIAN_POINT('',(6.332291658524,-7.758647762041E-16,
    43.901042195911));
#2581 = CIRCLE('',#2582,3.167708341476);
#2582 = AXIS2_PLACEMENT_3D('',#2583,#2584,#2585);
#2583 = CARTESIAN_POINT('',(9.5,0.,43.901042195911));
#2584 = DIRECTION('',(0.,0.,1.));
#2585 = DIRECTION('',(0.,-1.,0.));
#2586 = ORIENTED_EDGE('',*,*,#2587,.T.);
#2587 = EDGE_CURVE('',#2579,#2570,#2588,.T.);
#2588 = CIRCLE('',#2589,3.167708341476);
#2589 = AXIS2_PLACEMENT_3D('',#2590,#2591,#2592);
#2590 = CARTESIAN_POINT('',(9.5,0.,43.901042195911));
#2591 = DIRECTION('',(0.,0.,1.));
#2592 = DIRECTION('',(0.,-1.,0.));
#2593 = ORIENTED_EDGE('',*,*,#2569,.T.);
#2594 = ORIENTED_EDGE('',*,*,#2426,.F.);
#2595 = SPHERICAL_SURFACE('',#2596,3.8);
#2596 = AXIS2_PLACEMENT_3D('',#2597,#2598,#2599);
#2597 = CARTESIAN_POINT('',(9.5,0.,46.));
#2598 = DIRECTION('',(0.,0.,1.));
#2599 = DIRECTION('',(1.,0.,-0.));
#2600 = ADVANCED_FACE('',(#2601),#2631,.T.);
#2601 = FACE_BOUND('',#2602,.T.);
#2602 = EDGE_LOOP('',(#2603,#2604,#2613,#2622,#2629,#2630));
#2603 = ORIENTED_EDGE('',*,*,#2477,.F.);
#2604 = ORIENTED_EDGE('',*,*,#2605,.F.);
#2605 = EDGE_CURVE('',#2606,#2478,#2608,.T.);
#2606 = VERTEX_POINT('',#2607);
#2607 = CARTESIAN_POINT('',(-6.332291658524,-7.758647762041E-16,
    43.901042195911));
#2608 = CIRCLE('',#2609,3.8);
#2609 = AXIS2_PLACEMENT_3D('',#2610,#2611,#2612);
#2610 = CARTESIAN_POINT('',(-9.5,0.,46.));
#2611 = DIRECTION('',(-2.449293598295E-16,-1.,0.));
#2612 = DIRECTION('',(1.,-2.449293598295E-16,0.));
#2613 = ORIENTED_EDGE('',*,*,#2614,.T.);
#2614 = EDGE_CURVE('',#2606,#2615,#2617,.T.);
#2615 = VERTEX_POINT('',#2616);
#2616 = CARTESIAN_POINT('',(-12.66770834147,-7.758647762041E-16,
    43.901042195911));
#2617 = CIRCLE('',#2618,3.167708341476);
#2618 = AXIS2_PLACEMENT_3D('',#2619,#2620,#2621);
#2619 = CARTESIAN_POINT('',(-9.5,0.,43.901042195911));
#2620 = DIRECTION('',(0.,0.,1.));
#2621 = DIRECTION('',(0.,-1.,0.));
#2622 = ORIENTED_EDGE('',*,*,#2623,.T.);
#2623 = EDGE_CURVE('',#2615,#2606,#2624,.T.);
#2624 = CIRCLE('',#2625,3.167708341476);
#2625 = AXIS2_PLACEMENT_3D('',#2626,#2627,#2628);
#2626 = CARTESIAN_POINT('',(-9.5,0.,43.901042195911));
#2627 = DIRECTION('',(0.,0.,1.));
#2628 = DIRECTION('',(0.,-1.,0.));
#2629 = ORIENTED_EDGE('',*,*,#2605,.T.);
#2630 = ORIENTED_EDGE('',*,*,#2498,.F.);
#2631 = SPHERICAL_SURFACE('',#2632,3.8);
#2632 = AXIS2_PLACEMENT_3D('',#2633,#2634,#2635);
#2633 = CARTESIAN_POINT('',(-9.5,0.,46.));
#2634 = DIRECTION('',(0.,0.,1.));
#2635 = DIRECTION('',(1.,0.,-0.));
#2636 = ADVANCED_FACE('',(#2637),#2651,.T.);
#2637 = FACE_BOUND('',#2638,.T.);
#2638 = EDGE_LOOP('',(#2639,#2640,#2649,#2650));
#2639 = ORIENTED_EDGE('',*,*,#2513,.F.);
#2640 = ORIENTED_EDGE('',*,*,#2641,.F.);
#2641 = EDGE_CURVE('',#2642,#2514,#2644,.T.);
#2642 = VERTEX_POINT('',#2643);
#2643 = CARTESIAN_POINT('',(-16.5,-2.999519565324E-32,68.));
#2644 = CIRCLE('',#2645,2.);
#2645 = AXIS2_PLACEMENT_3D('',#2646,#2647,#2648);
#2646 = CARTESIAN_POINT('',(-16.5,0.,70.));
#2647 = DIRECTION('',(-2.449293598295E-16,-1.,0.));
#2648 = DIRECTION('',(1.,-2.449293598295E-16,0.));
#2649 = ORIENTED_EDGE('',*,*,#2641,.T.);
#2650 = ORIENTED_EDGE('',*,*,#2533,.F.);
#2651 = SPHERICAL_SURFACE('',#2652,2.);
#2652 = AXIS2_PLACEMENT_3D('',#2653,#2654,#2655);
#2653 = CARTESIAN_POINT('',(-16.5,0.,70.));
#2654 = DIRECTION('',(0.,0.,1.));
#2655 = DIRECTION('',(1.,0.,-0.));
#2656 = ADVANCED_FACE('',(#2657),#2791,.T.);
#2657 = FACE_BOUND('',#2658,.T.);
#2658 = EDGE_LOOP('',(#2659,#2670,#2676,#2677,#2678,#2679,#2688,#2697,
    #2746));
#2659 = ORIENTED_EDGE('',*,*,#2660,.T.);
#2660 = EDGE_CURVE('',#2661,#2663,#2665,.T.);
#2661 = VERTEX_POINT('',#2662);
#2662 = CARTESIAN_POINT('',(8.230003751197,2.294378835252,8.45702959089)
  );
#2663 = VERTEX_POINT('',#2664);
#2664 = CARTESIAN_POINT('',(6.877584160479,-6.423066327806E-16,
    8.457029568893));
#2665 = CIRCLE('',#2666,2.622415839521);
#2666 = AXIS2_PLACEMENT_3D('',#2667,#2668,#2669);
#2667 = CARTESIAN_POINT('',(9.5,0.,8.457029568893));
#2668 = DIRECTION('',(0.,0.,1.));
#2669 = DIRECTION('',(0.,-1.,0.));
#2670 = ORIENTED_EDGE('',*,*,#2671,.F.);
#2671 = EDGE_CURVE('',#2579,#2663,#2672,.T.);
#2672 = LINE('',#2673,#2674);
#2673 = CARTESIAN_POINT('',(6.3,-7.837739514543E-16,46.));
#2674 = VECTOR('',#2675,1.);
#2675 = DIRECTION('',(1.53827950432E-02,3.76769814232E-18,
    -0.999881677808));
#2676 = ORIENTED_EDGE('',*,*,#2578,.F.);
#2677 = ORIENTED_EDGE('',*,*,#2587,.F.);
#2678 = ORIENTED_EDGE('',*,*,#2671,.T.);
#2679 = ORIENTED_EDGE('',*,*,#2680,.T.);
#2680 = EDGE_CURVE('',#2663,#2681,#2683,.T.);
#2681 = VERTEX_POINT('',#2682);
#2682 = CARTESIAN_POINT('',(12.122415839521,-6.423066327806E-16,
    8.457029568893));
#2683 = CIRCLE('',#2684,2.622415839521);
#2684 = AXIS2_PLACEMENT_3D('',#2685,#2686,#2687);
#2685 = CARTESIAN_POINT('',(9.5,0.,8.457029568893));
#2686 = DIRECTION('',(0.,0.,1.));
#2687 = DIRECTION('',(0.,-1.,0.));
#2688 = ORIENTED_EDGE('',*,*,#2689,.T.);
#2689 = EDGE_CURVE('',#2681,#2690,#2692,.T.);
#2690 = VERTEX_POINT('',#2691);
#2691 = CARTESIAN_POINT('',(10.769996294804,2.294378841909,
    8.457029561639));
#2692 = CIRCLE('',#2693,2.622415839521);
#2693 = AXIS2_PLACEMENT_3D('',#2694,#2695,#2696);
#2694 = CARTESIAN_POINT('',(9.5,0.,8.457029568893));
#2695 = DIRECTION('',(0.,0.,1.));
#2696 = DIRECTION('',(0.,-1.,0.));
#2697 = ORIENTED_EDGE('',*,*,#2698,.T.);
#2698 = EDGE_CURVE('',#2690,#2699,#2701,.T.);
#2699 = VERTEX_POINT('',#2700);
#2700 = CARTESIAN_POINT('',(9.5,2.626233309843,8.705165139766));
#2701 = B_SPLINE_CURVE_WITH_KNOTS('',8,(#2702,#2703,#2704,#2705,#2706,
    #2707,#2708,#2709,#2710,#2711,#2712,#2713,#2714,#2715,#2716,#2717,
    #2718,#2719,#2720,#2721,#2722,#2723,#2724,#2725,#2726,#2727,#2728,
    #2729,#2730,#2731,#2732,#2733,#2734,#2735,#2736,#2737,#2738,#2739,
    #2740,#2741,#2742,#2743,#2744,#2745),.UNSPECIFIED.,.F.,.F.,(9,7,7,7,
    7,7,9),(0.,7.466733267141E-02,0.124631172046,0.321299123087,
    0.704936890099,0.815053252903,1.),.UNSPECIFIED.);
#2702 = CARTESIAN_POINT('',(11.986475815984,0.759893424454,7.));
#2703 = CARTESIAN_POINT('',(11.983133120519,0.772384764843,
    7.029513899758));
#2704 = CARTESIAN_POINT('',(11.979307296453,0.786184600447,
    7.058624942096));
#2705 = CARTESIAN_POINT('',(11.975000894218,0.801187406918,
    7.087283111493));
#2706 = CARTESIAN_POINT('',(11.970221105712,0.817270436592,
    7.115461777662));
#2707 = CARTESIAN_POINT('',(11.964977950093,0.834307967196,
    7.143151384142));
#2708 = CARTESIAN_POINT('',(11.959282501794,0.852181511806,
    7.170354906008));
#2709 = CARTESIAN_POINT('',(11.953145160771,0.870785990084,
    7.197085076692));
#2710 = CARTESIAN_POINT('',(11.942176832249,0.902910285101,
    7.240947581376));
#2711 = CARTESIAN_POINT('',(11.937585469766,0.916075609818,
    7.258328975477));
#2712 = CARTESIAN_POINT('',(11.932802463311,0.92950091662,7.275514023488
    ));
#2713 = CARTESIAN_POINT('',(11.927830144168,0.943161512706,
    7.292509341626));
#2714 = CARTESIAN_POINT('',(11.922670589112,0.957034930792,7.30932170506
    ));
#2715 = CARTESIAN_POINT('',(11.917325620407,0.97110092911,7.325958047913
    ));
#2716 = CARTESIAN_POINT('',(11.911796805808,0.985341491407,7.34242546326
    ));
#2717 = CARTESIAN_POINT('',(11.88360442078,1.056419574073,7.422913949898
    ));
#2718 = CARTESIAN_POINT('',(11.858315130102,1.115505122282,
    7.484531885321));
#2719 = CARTESIAN_POINT('',(11.830269420725,1.176095397263,
    7.544112855716));
#2720 = CARTESIAN_POINT('',(11.799493400676,1.237599117878,
    7.601947522714));
#2721 = CARTESIAN_POINT('',(11.765999179829,1.29959328486,7.658227260602
    ));
#2722 = CARTESIAN_POINT('',(11.729779370712,1.361766091298,7.71309681521
    ));
#2723 = CARTESIAN_POINT('',(11.690793091655,1.423897346673,
    7.766667818613));
#2724 = CARTESIAN_POINT('',(11.567333689776,1.606636861596,
    7.921199572245));
#2725 = CARTESIAN_POINT('',(11.475078599838,1.726349625028,
    8.018512434389));
#2726 = CARTESIAN_POINT('',(11.371751183901,1.843635458881,
    8.111601804845));
#2727 = CARTESIAN_POINT('',(11.256848235368,1.957333066375,
    8.200238429245));
#2728 = CARTESIAN_POINT('',(11.12992610266,2.06604396527,8.283910344149)
  );
#2729 = CARTESIAN_POINT('',(10.990642314645,2.168198314427,
    8.361760518517));
#2730 = CARTESIAN_POINT('',(10.838831784903,2.261986731189,8.43271682117
    ));
#2731 = CARTESIAN_POINT('',(10.627343487916,2.369285321752,
    8.513462075056));
#2732 = CARTESIAN_POINT('',(10.579171209439,2.392344038842,
    8.530783330198));
#2733 = CARTESIAN_POINT('',(10.530004565191,2.414479991441,
    8.547384421397));
#2734 = CARTESIAN_POINT('',(10.47986127944,2.435638866845,8.563229490675
    ));
#2735 = CARTESIAN_POINT('',(10.428765487801,2.455764835705,
    8.578281227453));
#2736 = CARTESIAN_POINT('',(10.376748509661,2.4748014497,8.592501549614)
  );
#2737 = CARTESIAN_POINT('',(10.323849620612,2.492692539208,
    8.605852284589));
#2738 = CARTESIAN_POINT('',(10.179869512589,2.537415883562,
    8.639195532948));
#2739 = CARTESIAN_POINT('',(10.087234019794,2.562073419429,
    8.657544600897));
#2740 = CARTESIAN_POINT('',(9.992480178077,2.583076834058,8.673151191133
    ));
#2741 = CARTESIAN_POINT('',(9.895927577198,2.600176799821,8.685843198028
    ));
#2742 = CARTESIAN_POINT('',(9.797948043213,2.613163035922,8.695474777452
    ));
#2743 = CARTESIAN_POINT('',(9.698968056307,2.62187778978,8.701935926614)
  );
#2744 = CARTESIAN_POINT('',(9.599471108322,2.626233309843,8.705165139766
    ));
#2745 = CARTESIAN_POINT('',(9.5,2.626233309843,8.705165139766));
#2746 = ORIENTED_EDGE('',*,*,#2747,.T.);
#2747 = EDGE_CURVE('',#2699,#2661,#2748,.T.);
#2748 = B_SPLINE_CURVE_WITH_KNOTS('',6,(#2749,#2750,#2751,#2752,#2753,
    #2754,#2755,#2756,#2757,#2758,#2759,#2760,#2761,#2762,#2763,#2764,
    #2765,#2766,#2767,#2768,#2769,#2770,#2771,#2772,#2773,#2774,#2775,
    #2776,#2777,#2778,#2779,#2780,#2781,#2782,#2783,#2784,#2785,#2786,
    #2787,#2788,#2789,#2790),.UNSPECIFIED.,.F.,.F.,(7,5,5,5,5,5,5,5,7),(
    0.,0.185529660622,0.29516776453,0.479315155877,0.677903731297,
    0.844227456267,0.888441084817,0.942085268521,1.),.UNSPECIFIED.);
#2749 = CARTESIAN_POINT('',(9.5,2.626233309843,8.705165139766));
#2750 = CARTESIAN_POINT('',(9.367006983256,2.626233309843,8.705165139766
    ));
#2751 = CARTESIAN_POINT('',(9.233965260586,2.618058208123,8.699104061793
    ));
#2752 = CARTESIAN_POINT('',(9.102407733221,2.601697482057,8.686974191461
    ));
#2753 = CARTESIAN_POINT('',(8.973586915504,2.577572326654,8.669070977222
    ));
#2754 = CARTESIAN_POINT('',(8.848496892117,2.546332224344,8.645843940478
    ));
#2755 = CARTESIAN_POINT('',(8.656628786211,2.486565200055,8.601283549647
    ));
#2756 = CARTESIAN_POINT('',(8.586905018057,2.462148192124,8.583056455455
    ));
#2757 = CARTESIAN_POINT('',(8.518857560184,2.435666127218,8.563257712484
    ));
#2758 = CARTESIAN_POINT('',(8.452578458278,2.407276185302,8.541993740264
    ));
#2759 = CARTESIAN_POINT('',(8.388126897853,2.377132672218,8.519367395521
    ));
#2760 = CARTESIAN_POINT('',(8.220409421295,2.292045359843,8.455336856275
    ));
#2761 = CARTESIAN_POINT('',(8.120549725455,2.234177712638,8.411628062893
    ));
#2762 = CARTESIAN_POINT('',(8.0260787271,2.172445367043,8.364777613259)
  );
#2763 = CARTESIAN_POINT('',(7.936991261887,2.107456114911,8.315163182031
    ));
#2764 = CARTESIAN_POINT('',(7.853195005601,2.039740724291,8.263081726917
    ));
#2765 = CARTESIAN_POINT('',(7.689737606992,1.894244657214,8.150102016826
    ));
#2766 = CARTESIAN_POINT('',(7.610938179358,1.816111659233,8.088847630516
    ));
#2767 = CARTESIAN_POINT('',(7.537968952514,1.735891500925,8.025201391316
    ));
#2768 = CARTESIAN_POINT('',(7.470665850867,1.654101606253,7.959307678698
    ));
#2769 = CARTESIAN_POINT('',(7.408866692427,1.571235167049,7.891222009977
    ));
#2770 = CARTESIAN_POINT('',(7.305165654492,1.418057896952,7.76176275847)
  );
#2771 = CARTESIAN_POINT('',(7.261687276324,1.347932088192,7.701126066543
    ));
#2772 = CARTESIAN_POINT('',(7.221882068215,1.277801243855,7.638731566735
    ));
#2773 = CARTESIAN_POINT('',(7.185718695049,1.208116564272,7.574380399162
    ));
#2774 = CARTESIAN_POINT('',(7.153194500814,1.139489245819,7.507808722948
    ));
#2775 = CARTESIAN_POINT('',(7.116686726738,1.055376865054,7.419875582378
    ));
#2776 = CARTESIAN_POINT('',(7.109281175342,1.037869309706,7.401206922909
    ));
#2777 = CARTESIAN_POINT('',(7.102138143369,1.020540017367,7.382324555353
    ));
#2778 = CARTESIAN_POINT('',(7.095259549947,1.003415469284,7.363216297113
    ));
#2779 = CARTESIAN_POINT('',(7.088647931073,0.986526722904,7.343869118704
    ));
#2780 = CARTESIAN_POINT('',(7.074612338394,0.949747707992,7.300488588053
    ));
#2781 = CARTESIAN_POINT('',(7.067316308386,0.929987028424,7.276337201668
    ));
#2782 = CARTESIAN_POINT('',(7.060423250635,0.910689861731,7.251788652904
    ));
#2783 = CARTESIAN_POINT('',(7.053941015195,0.891935461334,7.226818910994
    ));
#2784 = CARTESIAN_POINT('',(7.047878948332,0.873818025869,7.20140750263)
  );
#2785 = CARTESIAN_POINT('',(7.036165534014,0.837688678289,7.14761065611)
  );
#2786 = CARTESIAN_POINT('',(7.030585499185,0.819800877381,7.119150316628
    ));
#2787 = CARTESIAN_POINT('',(7.025518872286,0.802916435467,7.090142736453
    ));
#2788 = CARTESIAN_POINT('',(7.02098015774,0.787198151282,7.060589591334)
  );
#2789 = CARTESIAN_POINT('',(7.016980804636,0.772810492476,7.030519787035
    ));
#2790 = CARTESIAN_POINT('',(7.013524184016,0.759893424454,7.));
#2791 = CONICAL_SURFACE('',#2792,3.2,1.53834017806E-02);
#2792 = AXIS2_PLACEMENT_3D('',#2793,#2794,#2795);
#2793 = CARTESIAN_POINT('',(9.5,0.,46.));
#2794 = DIRECTION('',(-0.,-0.,1.));
#2795 = DIRECTION('',(-1.,0.,-0.));
#2796 = ADVANCED_FACE('',(#2797),#2931,.T.);
#2797 = FACE_BOUND('',#2798,.T.);
#2798 = EDGE_LOOP('',(#2799,#2810,#2816,#2817,#2818,#2819,#2828,#2837,
    #2886));
#2799 = ORIENTED_EDGE('',*,*,#2800,.T.);
#2800 = EDGE_CURVE('',#2801,#2803,#2805,.T.);
#2801 = VERTEX_POINT('',#2802);
#2802 = CARTESIAN_POINT('',(-10.7699962488,2.29437883525,8.457029590889)
  );
#2803 = VERTEX_POINT('',#2804);
#2804 = CARTESIAN_POINT('',(-12.12241583952,-6.423066327806E-16,
    8.457029568893));
#2805 = CIRCLE('',#2806,2.622415839521);
#2806 = AXIS2_PLACEMENT_3D('',#2807,#2808,#2809);
#2807 = CARTESIAN_POINT('',(-9.5,0.,8.457029568893));
#2808 = DIRECTION('',(0.,0.,1.));
#2809 = DIRECTION('',(0.,-1.,0.));
#2810 = ORIENTED_EDGE('',*,*,#2811,.F.);
#2811 = EDGE_CURVE('',#2615,#2803,#2812,.T.);
#2812 = LINE('',#2813,#2814);
#2813 = CARTESIAN_POINT('',(-12.7,-7.837739514543E-16,46.));
#2814 = VECTOR('',#2815,1.);
#2815 = DIRECTION('',(1.53827950432E-02,3.76769814232E-18,
    -0.999881677808));
#2816 = ORIENTED_EDGE('',*,*,#2614,.F.);
#2817 = ORIENTED_EDGE('',*,*,#2623,.F.);
#2818 = ORIENTED_EDGE('',*,*,#2811,.T.);
#2819 = ORIENTED_EDGE('',*,*,#2820,.T.);
#2820 = EDGE_CURVE('',#2803,#2821,#2823,.T.);
#2821 = VERTEX_POINT('',#2822);
#2822 = CARTESIAN_POINT('',(-6.877584160479,-6.423066327806E-16,
    8.457029568893));
#2823 = CIRCLE('',#2824,2.622415839521);
#2824 = AXIS2_PLACEMENT_3D('',#2825,#2826,#2827);
#2825 = CARTESIAN_POINT('',(-9.5,0.,8.457029568893));
#2826 = DIRECTION('',(0.,0.,1.));
#2827 = DIRECTION('',(0.,-1.,0.));
#2828 = ORIENTED_EDGE('',*,*,#2829,.T.);
#2829 = EDGE_CURVE('',#2821,#2830,#2832,.T.);
#2830 = VERTEX_POINT('',#2831);
#2831 = CARTESIAN_POINT('',(-8.230003705194,2.294378841908,
    8.457029561638));
#2832 = CIRCLE('',#2833,2.622415839521);
#2833 = AXIS2_PLACEMENT_3D('',#2834,#2835,#2836);
#2834 = CARTESIAN_POINT('',(-9.5,0.,8.457029568893));
#2835 = DIRECTION('',(0.,0.,1.));
#2836 = DIRECTION('',(0.,-1.,0.));
#2837 = ORIENTED_EDGE('',*,*,#2838,.T.);
#2838 = EDGE_CURVE('',#2830,#2839,#2841,.T.);
#2839 = VERTEX_POINT('',#2840);
#2840 = CARTESIAN_POINT('',(-9.5,2.626233309843,8.705165139766));
#2841 = B_SPLINE_CURVE_WITH_KNOTS('',8,(#2842,#2843,#2844,#2845,#2846,
    #2847,#2848,#2849,#2850,#2851,#2852,#2853,#2854,#2855,#2856,#2857,
    #2858,#2859,#2860,#2861,#2862,#2863,#2864,#2865,#2866,#2867,#2868,
    #2869,#2870,#2871,#2872,#2873,#2874,#2875,#2876,#2877,#2878,#2879,
    #2880,#2881,#2882,#2883,#2884,#2885),.UNSPECIFIED.,.F.,.F.,(9,7,7,7,
    7,7,9),(0.,7.466733267137E-02,0.124631172046,0.321299123087,
    0.704936890099,0.815053252903,1.),.UNSPECIFIED.);
#2842 = CARTESIAN_POINT('',(-7.013524184016,0.759893424454,7.));
#2843 = CARTESIAN_POINT('',(-7.016866879481,0.772384764843,
    7.029513899758));
#2844 = CARTESIAN_POINT('',(-7.020692703547,0.786184600447,
    7.058624942096));
#2845 = CARTESIAN_POINT('',(-7.024999105782,0.801187406918,
    7.087283111493));
#2846 = CARTESIAN_POINT('',(-7.029778894288,0.817270436592,
    7.115461777662));
#2847 = CARTESIAN_POINT('',(-7.035022049907,0.834307967196,
    7.143151384142));
#2848 = CARTESIAN_POINT('',(-7.040717498206,0.852181511806,
    7.170354906008));
#2849 = CARTESIAN_POINT('',(-7.046854839229,0.870785990084,
    7.197085076692));
#2850 = CARTESIAN_POINT('',(-7.057823167751,0.902910285101,
    7.240947581376));
#2851 = CARTESIAN_POINT('',(-7.062414530234,0.916075609818,
    7.258328975477));
#2852 = CARTESIAN_POINT('',(-7.067197536689,0.92950091662,7.275514023488
    ));
#2853 = CARTESIAN_POINT('',(-7.072169855832,0.943161512706,
    7.292509341626));
#2854 = CARTESIAN_POINT('',(-7.077329410888,0.957034930792,7.30932170506
    ));
#2855 = CARTESIAN_POINT('',(-7.082674379593,0.97110092911,7.325958047913
    ));
#2856 = CARTESIAN_POINT('',(-7.088203194192,0.985341491407,7.34242546326
    ));
#2857 = CARTESIAN_POINT('',(-7.11639557922,1.056419574073,7.422913949898
    ));
#2858 = CARTESIAN_POINT('',(-7.141684869898,1.115505122283,
    7.484531885322));
#2859 = CARTESIAN_POINT('',(-7.169730579275,1.176095397262,
    7.544112855715));
#2860 = CARTESIAN_POINT('',(-7.200506599324,1.237599117878,
    7.601947522714));
#2861 = CARTESIAN_POINT('',(-7.234000820171,1.29959328486,7.658227260602
    ));
#2862 = CARTESIAN_POINT('',(-7.270220629288,1.361766091298,7.71309681521
    ));
#2863 = CARTESIAN_POINT('',(-7.309206908345,1.423897346673,
    7.766667818613));
#2864 = CARTESIAN_POINT('',(-7.432666310224,1.606636861596,
    7.921199572245));
#2865 = CARTESIAN_POINT('',(-7.524921400162,1.726349625028,
    8.018512434388));
#2866 = CARTESIAN_POINT('',(-7.6282488161,1.84363545888,8.111601804847)
  );
#2867 = CARTESIAN_POINT('',(-7.743151764631,1.957333066377,
    8.200238429242));
#2868 = CARTESIAN_POINT('',(-7.870073897341,2.066043965269,
    8.283910344151));
#2869 = CARTESIAN_POINT('',(-8.009357685355,2.168198314427,
    8.361760518517));
#2870 = CARTESIAN_POINT('',(-8.161168215097,2.261986731189,8.43271682117
    ));
#2871 = CARTESIAN_POINT('',(-8.372656512084,2.369285321752,
    8.513462075056));
#2872 = CARTESIAN_POINT('',(-8.420828790561,2.392344038842,
    8.530783330198));
#2873 = CARTESIAN_POINT('',(-8.469995434809,2.414479991441,
    8.547384421397));
#2874 = CARTESIAN_POINT('',(-8.52013872056,2.435638866845,8.563229490675
    ));
#2875 = CARTESIAN_POINT('',(-8.571234512199,2.455764835705,
    8.578281227453));
#2876 = CARTESIAN_POINT('',(-8.623251490339,2.4748014497,8.592501549614)
  );
#2877 = CARTESIAN_POINT('',(-8.676150379388,2.492692539208,
    8.605852284589));
#2878 = CARTESIAN_POINT('',(-8.820130487411,2.537415883562,
    8.639195532948));
#2879 = CARTESIAN_POINT('',(-8.912765980206,2.562073419429,
    8.657544600897));
#2880 = CARTESIAN_POINT('',(-9.007519821923,2.583076834058,
    8.673151191133));
#2881 = CARTESIAN_POINT('',(-9.104072422803,2.600176799821,
    8.685843198028));
#2882 = CARTESIAN_POINT('',(-9.202051956787,2.613163035922,
    8.695474777452));
#2883 = CARTESIAN_POINT('',(-9.301031943693,2.62187778978,8.701935926614
    ));
#2884 = CARTESIAN_POINT('',(-9.400528891678,2.626233309843,
    8.705165139766));
#2885 = CARTESIAN_POINT('',(-9.5,2.626233309843,8.705165139766));
#2886 = ORIENTED_EDGE('',*,*,#2887,.T.);
#2887 = EDGE_CURVE('',#2839,#2801,#2888,.T.);
#2888 = B_SPLINE_CURVE_WITH_KNOTS('',6,(#2889,#2890,#2891,#2892,#2893,
    #2894,#2895,#2896,#2897,#2898,#2899,#2900,#2901,#2902,#2903,#2904,
    #2905,#2906,#2907,#2908,#2909,#2910,#2911,#2912,#2913,#2914,#2915,
    #2916,#2917,#2918,#2919,#2920,#2921,#2922,#2923,#2924,#2925,#2926,
    #2927,#2928,#2929,#2930),.UNSPECIFIED.,.F.,.F.,(7,5,5,5,5,5,5,5,7),(
    0.,0.185529660622,0.29516776453,0.479315155877,0.677903731297,
    0.844227456267,0.888441084817,0.942085268521,1.),.UNSPECIFIED.);
#2889 = CARTESIAN_POINT('',(-9.5,2.626233309843,8.705165139766));
#2890 = CARTESIAN_POINT('',(-9.632993016744,2.626233309843,
    8.705165139766));
#2891 = CARTESIAN_POINT('',(-9.766034739415,2.618058208123,
    8.699104061793));
#2892 = CARTESIAN_POINT('',(-9.897592266778,2.601697482057,
    8.686974191461));
#2893 = CARTESIAN_POINT('',(-10.02641308449,2.577572326654,
    8.669070977222));
#2894 = CARTESIAN_POINT('',(-10.15150310788,2.546332224344,
    8.645843940478));
#2895 = CARTESIAN_POINT('',(-10.34337121378,2.486565200055,
    8.601283549647));
#2896 = CARTESIAN_POINT('',(-10.41309498194,2.462148192124,
    8.583056455455));
#2897 = CARTESIAN_POINT('',(-10.48114243981,2.435666127218,
    8.563257712484));
#2898 = CARTESIAN_POINT('',(-10.54742154172,2.407276185302,
    8.541993740264));
#2899 = CARTESIAN_POINT('',(-10.61187310214,2.377132672218,
    8.519367395521));
#2900 = CARTESIAN_POINT('',(-10.7795905787,2.292045359843,8.455336856275
    ));
#2901 = CARTESIAN_POINT('',(-10.87945027454,2.234177712638,
    8.411628062893));
#2902 = CARTESIAN_POINT('',(-10.9739212729,2.172445367043,8.364777613259
    ));
#2903 = CARTESIAN_POINT('',(-11.06300873811,2.107456114911,
    8.315163182031));
#2904 = CARTESIAN_POINT('',(-11.14680499439,2.039740724291,
    8.263081726917));
#2905 = CARTESIAN_POINT('',(-11.310262393,1.894244657214,8.150102016826)
  );
#2906 = CARTESIAN_POINT('',(-11.38906182064,1.816111659233,
    8.088847630516));
#2907 = CARTESIAN_POINT('',(-11.46203104748,1.735891500926,
    8.025201391316));
#2908 = CARTESIAN_POINT('',(-11.52933414913,1.654101606253,
    7.959307678698));
#2909 = CARTESIAN_POINT('',(-11.59113330757,1.571235167049,
    7.891222009978));
#2910 = CARTESIAN_POINT('',(-11.6948343455,1.418057896952,7.76176275847)
  );
#2911 = CARTESIAN_POINT('',(-11.73831272367,1.347932088192,
    7.701126066543));
#2912 = CARTESIAN_POINT('',(-11.77811793178,1.277801243855,
    7.638731566735));
#2913 = CARTESIAN_POINT('',(-11.81428130495,1.208116564272,
    7.574380399162));
#2914 = CARTESIAN_POINT('',(-11.84680549918,1.139489245819,
    7.507808722948));
#2915 = CARTESIAN_POINT('',(-11.88331327326,1.055376865054,
    7.419875582378));
#2916 = CARTESIAN_POINT('',(-11.89071882465,1.037869309706,
    7.401206922909));
#2917 = CARTESIAN_POINT('',(-11.89786185663,1.020540017367,
    7.382324555353));
#2918 = CARTESIAN_POINT('',(-11.90474045005,1.003415469284,
    7.363216297113));
#2919 = CARTESIAN_POINT('',(-11.91135206892,0.986526722904,
    7.343869118704));
#2920 = CARTESIAN_POINT('',(-11.9253876616,0.949747707992,7.300488588053
    ));
#2921 = CARTESIAN_POINT('',(-11.93268369161,0.929987028424,
    7.276337201668));
#2922 = CARTESIAN_POINT('',(-11.93957674936,0.910689861731,
    7.251788652904));
#2923 = CARTESIAN_POINT('',(-11.9460589848,0.891935461334,7.226818910994
    ));
#2924 = CARTESIAN_POINT('',(-11.95212105166,0.873818025869,7.20140750263
    ));
#2925 = CARTESIAN_POINT('',(-11.96383446598,0.837688678289,7.14761065611
    ));
#2926 = CARTESIAN_POINT('',(-11.96941450081,0.819800877381,
    7.119150316628));
#2927 = CARTESIAN_POINT('',(-11.97448112771,0.802916435467,
    7.090142736453));
#2928 = CARTESIAN_POINT('',(-11.97901984226,0.787198151282,
    7.060589591334));
#2929 = CARTESIAN_POINT('',(-11.98301919536,0.772810492476,
    7.030519787035));
#2930 = CARTESIAN_POINT('',(-11.98647581598,0.759893424454,7.));
#2931 = CONICAL_SURFACE('',#2932,3.2,1.53834017806E-02);
#2932 = AXIS2_PLACEMENT_3D('',#2933,#2934,#2935);
#2933 = CARTESIAN_POINT('',(-9.5,0.,46.));
#2934 = DIRECTION('',(-0.,-0.,1.));
#2935 = DIRECTION('',(-1.,0.,-0.));
#2936 = ADVANCED_FACE('',(#2937),#3064,.T.);
#2937 = FACE_BOUND('',#2938,.T.);
#2938 = EDGE_LOOP('',(#2939,#2948,#2949,#2950,#2959,#3026,#3035));
#2939 = ORIENTED_EDGE('',*,*,#2940,.T.);
#2940 = EDGE_CURVE('',#2941,#2681,#2943,.T.);
#2941 = VERTEX_POINT('',#2942);
#2942 = CARTESIAN_POINT('',(11.597373357321,-5.13708313732E-16,4.855));
#2943 = CIRCLE('',#2944,3.);
#2944 = AXIS2_PLACEMENT_3D('',#2945,#2946,#2947);
#2945 = CARTESIAN_POINT('',(9.5,0.,7.));
#2946 = DIRECTION('',(-2.449293598295E-16,-1.,0.));
#2947 = DIRECTION('',(1.,-2.449293598295E-16,0.));
#2948 = ORIENTED_EDGE('',*,*,#2680,.F.);
#2949 = ORIENTED_EDGE('',*,*,#2660,.F.);
#2950 = ORIENTED_EDGE('',*,*,#2951,.F.);
#2951 = EDGE_CURVE('',#2952,#2661,#2954,.T.);
#2952 = VERTEX_POINT('',#2953);
#2953 = CARTESIAN_POINT('',(7.528640192539,1.033059518845,4.988401496309
    ));
#2954 = CIRCLE('',#2955,2.5);
#2955 = AXIS2_PLACEMENT_3D('',#2956,#2957,#2958);
#2956 = CARTESIAN_POINT('',(9.5,1.558471083077,6.433283242517));
#2957 = DIRECTION('',(0.,0.939793423488,-0.341743063087));
#2958 = DIRECTION('',(0.,0.341743063087,0.939793423488));
#2959 = ORIENTED_EDGE('',*,*,#2960,.F.);
#2960 = EDGE_CURVE('',#2961,#2952,#2963,.T.);
#2961 = VERTEX_POINT('',#2962);
#2962 = CARTESIAN_POINT('',(8.47541635637,-2.450806661517,5.605806661517
    ));
#2963 = B_SPLINE_CURVE_WITH_KNOTS('',6,(#2964,#2965,#2966,#2967,#2968,
    #2969,#2970,#2971,#2972,#2973,#2974,#2975,#2976,#2977,#2978,#2979,
    #2980,#2981,#2982,#2983,#2984,#2985,#2986,#2987,#2988,#2989,#2990,
    #2991,#2992,#2993,#2994,#2995,#2996,#2997,#2998,#2999,#3000,#3001,
    #3002,#3003,#3004,#3005,#3006,#3007,#3008,#3009,#3010,#3011,#3012,
    #3013,#3014,#3015,#3016,#3017,#3018,#3019,#3020,#3021,#3022,#3023,
    #3024,#3025),.UNSPECIFIED.,.F.,.F.,(7,5,5,5,5,5,5,5,5,5,5,5,7),(0.,
    7.621314164123E-02,0.141774522928,0.200371957761,0.253376582746,
    0.431737844012,0.609106367739,0.661597316324,0.719941418688,
    0.785415457484,0.86103081836,0.915813681631,1.),.UNSPECIFIED.);
#2964 = CARTESIAN_POINT('',(8.475417291335,-2.450807261517,
    5.605807029138));
#2965 = CARTESIAN_POINT('',(8.397611083575,-2.400876308843,
    5.575214243791));
#2966 = CARTESIAN_POINT('',(8.324329459719,-2.347374791875,
    5.543181303142));
#2967 = CARTESIAN_POINT('',(8.255498410276,-2.290795555627,
    5.510212664056));
#2968 = CARTESIAN_POINT('',(8.190967542144,-2.231567419933,
    5.476742430665));
#2969 = CARTESIAN_POINT('',(8.130535480257,-2.170042267478,
    5.443130443975));
#2970 = CARTESIAN_POINT('',(8.025320070368,-2.051805337297,
    5.380864448788));
#2971 = CARTESIAN_POINT('',(7.979537626259,-1.995631232659,
    5.352178836799));
#2972 = CARTESIAN_POINT('',(7.936488090273,-1.938133818126,
    5.323785468419));
#2973 = CARTESIAN_POINT('',(7.896035790678,-1.879463695803,
    5.295840522144));
#2974 = CARTESIAN_POINT('',(7.858049429394,-1.819747943872,
    5.268475398994));
#2975 = CARTESIAN_POINT('',(7.790541581264,-1.704875140714,
    5.217957499432));
#2976 = CARTESIAN_POINT('',(7.760551058257,-1.649910131812,
    5.194667168186));
#2977 = CARTESIAN_POINT('',(7.732341388245,-1.594270676249,
    5.172007789518));
#2978 = CARTESIAN_POINT('',(7.705829985329,-1.538024383015,
    5.150047625115));
#2979 = CARTESIAN_POINT('',(7.680940305015,-1.481230820106,
    5.128845335629));
#2980 = CARTESIAN_POINT('',(7.636489587942,-1.372120283406,
    5.090003578211));
#2981 = CARTESIAN_POINT('',(7.616646956365,-1.31989416173,5.072217573359
    ));
#2982 = CARTESIAN_POINT('',(7.598021021244,-1.267301927837,
    5.055130279016));
#2983 = CARTESIAN_POINT('',(7.580563681529,-1.214379034676,
    5.038774395733));
#2984 = CARTESIAN_POINT('',(7.564230967148,-1.161157672032,
    5.023178232793));
#2985 = CARTESIAN_POINT('',(7.497673559951,-0.927669164905,
    4.958521367866));
#2986 = CARTESIAN_POINT('',(7.458649392894,-0.744629377695,
    4.917554160341));
#2987 = CARTESIAN_POINT('',(7.430385074559,-0.559643048094,
    4.886384953764));
#2988 = CARTESIAN_POINT('',(7.411890918165,-0.373533748648,
    4.865474743152));
#2989 = CARTESIAN_POINT('',(7.402626642679,-0.186852413142,4.855));
#2990 = CARTESIAN_POINT('',(7.402626642679,0.185812414862,4.855));
#2991 = CARTESIAN_POINT('',(7.411788056429,0.371455243462,4.865358454344
    ));
#2992 = CARTESIAN_POINT('',(7.430077080464,0.556534501104,4.886036701624
    ));
#2993 = CARTESIAN_POINT('',(7.458021728596,0.740509545502,4.916861906769
    ));
#2994 = CARTESIAN_POINT('',(7.496590597063,0.922573360219,4.957384019806
    ));
#2995 = CARTESIAN_POINT('',(7.562274464647,1.154650084813,5.021301013299
    ));
#2996 = CARTESIAN_POINT('',(7.578335037203,1.207385184536,5.036667471345
    ));
#2997 = CARTESIAN_POINT('',(7.595495016917,1.259830139074,5.052781198633
    ));
#2998 = CARTESIAN_POINT('',(7.613796844712,1.311953878782,5.069614966757
    ));
#2999 = CARTESIAN_POINT('',(7.633286931395,1.363722226648,5.087137356477
    ));
#3000 = CARTESIAN_POINT('',(7.677055799997,1.472202361578,5.125514859214
    ));
#3001 = CARTESIAN_POINT('',(7.701625919599,1.528820819257,5.146523293954
    ));
#3002 = CARTESIAN_POINT('',(7.727795800897,1.584902769774,5.168289003173
    ));
#3003 = CARTESIAN_POINT('',(7.75564050609,1.640389992933,5.190754787587)
  );
#3004 = CARTESIAN_POINT('',(7.785241056571,1.695216491463,5.213854126854
    ));
#3005 = CARTESIAN_POINT('',(7.851971790747,1.81001067508,5.264056735207)
  );
#3006 = CARTESIAN_POINT('',(7.889578250687,1.869784799556,5.291302972104
    ));
#3007 = CARTESIAN_POINT('',(7.929629960174,1.928529018531,5.319140986902
    ));
#3008 = CARTESIAN_POINT('',(7.972257141946,1.986118465334,5.347441726366
    ));
#3009 = CARTESIAN_POINT('',(8.017594682131,2.042405288553,5.376051855942
    ));
#3010 = CARTESIAN_POINT('',(8.121433166506,2.16052230134,5.437981159317)
  );
#3011 = CARTESIAN_POINT('',(8.180875637537,2.221849613236,5.471337201928
    ));
#3012 = CARTESIAN_POINT('',(8.244331124494,2.280948310051,5.504587557545
    ));
#3013 = CARTESIAN_POINT('',(8.311998187403,2.337480766515,5.537386656993
    ));
#3014 = CARTESIAN_POINT('',(8.384029204512,2.391035633985,5.569317627325
    ));
#3015 = CARTESIAN_POINT('',(8.515915217818,2.477439218513,5.622048425305
    ));
#3016 = CARTESIAN_POINT('',(8.573649472537,2.511922197337,5.643488035769
    ));
#3017 = CARTESIAN_POINT('',(8.633733422493,2.544405282053,5.66402875444)
  );
#3018 = CARTESIAN_POINT('',(8.696150418262,2.57467477443,5.683457602179)
  );
#3019 = CARTESIAN_POINT('',(8.760827337958,2.602500900305,5.701547292223
    ));
#3020 = CARTESIAN_POINT('',(8.930257327972,2.666303413134,5.743459998829
    ));
#3021 = CARTESIAN_POINT('',(9.037989596384,2.69867722719,5.765174699346)
  );
#3022 = CARTESIAN_POINT('',(9.150097031395,2.723833370755,5.782324662187
    ));
#3023 = CARTESIAN_POINT('',(9.265516417752,2.740979722885,5.794112358559
    ));
#3024 = CARTESIAN_POINT('',(9.382792032717,2.749545416974,5.8));
#3025 = CARTESIAN_POINT('',(9.5,2.749545416974,5.8));
#3026 = ORIENTED_EDGE('',*,*,#3027,.F.);
#3027 = EDGE_CURVE('',#3028,#2961,#3030,.T.);
#3028 = VERTEX_POINT('',#3029);
#3029 = CARTESIAN_POINT('',(10.52458364363,-2.450806661517,
    5.605806661517));
#3030 = CIRCLE('',#3031,1.26806446997);
#3031 = AXIS2_PLACEMENT_3D('',#3032,#3033,#3034);
#3032 = CARTESIAN_POINT('',(9.5,-1.9225,5.0775));
#3033 = DIRECTION('',(0.,-0.707106781187,-0.707106781187));
#3034 = DIRECTION('',(0.,0.707106781187,-0.707106781187));
#3035 = ORIENTED_EDGE('',*,*,#3036,.T.);
#3036 = EDGE_CURVE('',#3028,#2941,#3037,.T.);
#3037 = B_SPLINE_CURVE_WITH_KNOTS('',7,(#3038,#3039,#3040,#3041,#3042,
    #3043,#3044,#3045,#3046,#3047,#3048,#3049,#3050,#3051,#3052,#3053,
    #3054,#3055,#3056,#3057,#3058,#3059,#3060,#3061,#3062,#3063),
  .UNSPECIFIED.,.F.,.F.,(8,6,6,6,8),(0.,0.177104434251,0.329902976328,
    0.522679328519,1.),.UNSPECIFIED.);
#3038 = CARTESIAN_POINT('',(10.524582708665,-2.450807261517,
    5.605807029138));
#3039 = CARTESIAN_POINT('',(10.591498026824,-2.407865371913,
    5.579496455422));
#3040 = CARTESIAN_POINT('',(10.655159471275,-2.362356063091,
    5.55215036122));
#3041 = CARTESIAN_POINT('',(10.715610065597,-2.314563667206,
    5.524059854611));
#3042 = CARTESIAN_POINT('',(10.772925808263,-2.26474474255,
    5.495485486627));
#3043 = CARTESIAN_POINT('',(10.827208345769,-2.213124371659,
    5.466656157318));
#3044 = CARTESIAN_POINT('',(10.878577645767,-2.159892459417,
    5.437768021817));
#3045 = CARTESIAN_POINT('',(10.96908358956,-2.058013616345,
    5.384149185915));
#3046 = CARTESIAN_POINT('',(11.008926079916,-2.009746252511,
    5.35939545472));
#3047 = CARTESIAN_POINT('',(11.046773654857,-1.960498982624,
    5.33482905534));
#3048 = CARTESIAN_POINT('',(11.082705922359,-1.910362626276,
    5.310544687973));
#3049 = CARTESIAN_POINT('',(11.116800541427,-1.859417747112,
    5.286625776143));
#3050 = CARTESIAN_POINT('',(11.149133178732,-1.807734620255,
    5.263145342363));
#3051 = CARTESIAN_POINT('',(11.218439442584,-1.689312074366,
    5.211176401539));
#3052 = CARTESIAN_POINT('',(11.254411138898,-1.622176337341,
    5.182987153515));
#3053 = CARTESIAN_POINT('',(11.287839537162,-1.554087376331,
    5.155727083999));
#3054 = CARTESIAN_POINT('',(11.318859203719,-1.485153948061,
    5.129506068298));
#3055 = CARTESIAN_POINT('',(11.347593397526,-1.415472276138,
    5.104417770212));
#3056 = CARTESIAN_POINT('',(11.374155179412,-1.345126148878,
    5.080541499498));
#3057 = CARTESIAN_POINT('',(11.459294852024,-1.098539363192,
    5.001992079268));
#3058 = CARTESIAN_POINT('',(11.507239189777,-0.919315062461,
    4.95389931035));
#3059 = CARTESIAN_POINT('',(11.544077437742,-0.737567076166,
    4.914660637635));
#3060 = CARTESIAN_POINT('',(11.570919757581,-0.554160227862,
    4.884908448371));
#3061 = CARTESIAN_POINT('',(11.588553816997,-0.369772231408,
    4.864972342854));
#3062 = CARTESIAN_POINT('',(11.597373357321,-0.184907262624,4.855));
#3063 = CARTESIAN_POINT('',(11.597373357321,-4.440892098501E-16,4.855));
#3064 = SPHERICAL_SURFACE('',#3065,3.);
#3065 = AXIS2_PLACEMENT_3D('',#3066,#3067,#3068);
#3066 = CARTESIAN_POINT('',(9.5,0.,7.));
#3067 = DIRECTION('',(0.,0.,1.));
#3068 = DIRECTION('',(1.,0.,-0.));
#3069 = ADVANCED_FACE('',(#3070),#3159,.T.);
#3070 = FACE_BOUND('',#3071,.T.);
#3071 = EDGE_LOOP('',(#3072,#3073,#3081,#3090,#3158));
#3072 = ORIENTED_EDGE('',*,*,#2747,.F.);
#3073 = ORIENTED_EDGE('',*,*,#3074,.T.);
#3074 = EDGE_CURVE('',#2699,#3075,#3077,.T.);
#3075 = VERTEX_POINT('',#3076);
#3076 = CARTESIAN_POINT('',(9.5,9.977121764564,6.032114792595));
#3077 = LINE('',#3078,#3079);
#3078 = CARTESIAN_POINT('',(9.5,0.854357657717,9.349483558721));
#3079 = VECTOR('',#3080,1.);
#3080 = DIRECTION('',(0.,0.939793423488,-0.341743063087));
#3081 = ORIENTED_EDGE('',*,*,#3082,.F.);
#3082 = EDGE_CURVE('',#3083,#3075,#3085,.T.);
#3083 = VERTEX_POINT('',#3084);
#3084 = CARTESIAN_POINT('',(7.191629804401,9.450806661351,4.584748258341
    ));
#3085 = CIRCLE('',#3086,2.5);
#3086 = AXIS2_PLACEMENT_3D('',#3087,#3088,#3089);
#3087 = CARTESIAN_POINT('',(9.5,9.122764106847,3.682631233874));
#3088 = DIRECTION('',(0.,0.939793423488,-0.341743063087));
#3089 = DIRECTION('',(0.,0.341743063087,0.939793423488));
#3090 = ORIENTED_EDGE('',*,*,#3091,.F.);
#3091 = EDGE_CURVE('',#2952,#3083,#3092,.T.);
#3092 = B_SPLINE_CURVE_WITH_KNOTS('',8,(#3093,#3094,#3095,#3096,#3097,
    #3098,#3099,#3100,#3101,#3102,#3103,#3104,#3105,#3106,#3107,#3108,
    #3109,#3110,#3111,#3112,#3113,#3114,#3115,#3116,#3117,#3118,#3119,
    #3120,#3121,#3122,#3123,#3124,#3125,#3126,#3127,#3128,#3129,#3130,
    #3131,#3132,#3133,#3134,#3135,#3136,#3137,#3138,#3139,#3140,#3141,
    #3142,#3143,#3144,#3145,#3146,#3147,#3148,#3149,#3150,#3151,#3152,
    #3153,#3154,#3155,#3156,#3157),.UNSPECIFIED.,.F.,.F.,(9,7,7,7,7,7,7,
    7,7,9),(0.,0.308231288888,0.595052533379,0.710525434142,
    0.795704821794,0.841928862404,0.87608415684,0.915251332422,
    0.934166896477,1.),.UNSPECIFIED.);
#3093 = CARTESIAN_POINT('',(7.832612866739,-0.636580857178,
    5.249404398466));
#3094 = CARTESIAN_POINT('',(7.731542154072,-0.165819227696,
    5.174485008263));
#3095 = CARTESIAN_POINT('',(7.640857553616,0.31171392462,5.099222487161)
  );
#3096 = CARTESIAN_POINT('',(7.55941357404,0.790893816233,5.024589008714)
  );
#3097 = CARTESIAN_POINT('',(7.486089092347,1.268900007292,4.951182894326
    ));
#3098 = CARTESIAN_POINT('',(7.419820750269,1.745067988109,4.879293692674
    ));
#3099 = CARTESIAN_POINT('',(7.359664826721,2.22054203818,4.808978620807)
  );
#3100 = CARTESIAN_POINT('',(7.304877456051,2.69773512275,4.74023042141)
  );
#3101 = CARTESIAN_POINT('',(7.208592991359,3.627997148502,4.611050852697
    ));
#3102 = CARTESIAN_POINT('',(7.167845399509,4.066834741664,4.552263061819
    ));
#3103 = CARTESIAN_POINT('',(7.131347041539,4.503829108159,4.496202674175
    ));
#3104 = CARTESIAN_POINT('',(7.098507928169,4.945010151297,4.442647807572
    ));
#3105 = CARTESIAN_POINT('',(7.0694012457,5.392901185827,4.39228980788));
#3106 = CARTESIAN_POINT('',(7.044664796919,5.845308507136,4.346998540161
    ));
#3107 = CARTESIAN_POINT('',(7.025199526457,6.295756208876,4.31001332982)
  );
#3108 = CARTESIAN_POINT('',(7.007306563192,6.913813725302,4.275384102194
    ));
#3109 = CARTESIAN_POINT('',(7.003250652708,7.089879722511,4.267423289189
    ));
#3110 = CARTESIAN_POINT('',(7.000317824106,7.266034139808,4.261602619617
    ));
#3111 = CARTESIAN_POINT('',(6.998646460021,7.443057447624,4.258257266178
    ));
#3112 = CARTESIAN_POINT('',(6.998469428898,7.621115526199,4.257896500408
    ));
#3113 = CARTESIAN_POINT('',(7.000117011979,7.799846541635,4.261204059821
    ));
#3114 = CARTESIAN_POINT('',(7.004044645275,7.978500246543,4.2690277203)
  );
#3115 = CARTESIAN_POINT('',(7.0159682564,8.287155253749,4.292171988943)
  );
#3116 = CARTESIAN_POINT('',(7.02262727958,8.41764433619,4.304988902418)
  );
#3117 = CARTESIAN_POINT('',(7.031187951044,8.548246063577,4.321269666923
    ));
#3118 = CARTESIAN_POINT('',(7.042069084875,8.679196372802,4.341634081635
    ));
#3119 = CARTESIAN_POINT('',(7.055839994756,8.810371626234,4.366844089179
    ));
#3120 = CARTESIAN_POINT('',(7.073263954624,8.941367274701,4.397804336461
    ));
#3121 = CARTESIAN_POINT('',(7.095395387458,9.071594412531,4.435533232356
    ));
#3122 = CARTESIAN_POINT('',(7.139178889202,9.270282166986,4.505779370726
    ));
#3123 = CARTESIAN_POINT('',(7.156480579007,9.340021677398,4.532883880901
    ));
#3124 = CARTESIAN_POINT('',(7.175913507843,9.409314926283,4.562514916074
    ));
#3125 = CARTESIAN_POINT('',(7.197742202552,9.47790400669,4.594792855417)
  );
#3126 = CARTESIAN_POINT('',(7.222269300817,9.545563196399,4.629819075694
    ));
#3127 = CARTESIAN_POINT('',(7.249841884981,9.61209577116,4.667666925444)
  );
#3128 = CARTESIAN_POINT('',(7.280859208553,9.677330531988,4.708370418805
    ));
#3129 = CARTESIAN_POINT('',(7.341586394632,9.788251125095,4.784082855516
    ));
#3130 = CARTESIAN_POINT('',(7.369489874016,9.834533117688,4.817762303071
    ));
#3131 = CARTESIAN_POINT('',(7.39960238477,9.879786338277,4.852851888544)
  );
#3132 = CARTESIAN_POINT('',(7.432026397908,9.923863520335,4.889224731897
    ));
#3133 = CARTESIAN_POINT('',(7.466851544385,9.966643790553,4.926722786805
    ));
#3134 = CARTESIAN_POINT('',(7.504148122772,10.008028629634,
    4.965157467616));
#3135 = CARTESIAN_POINT('',(7.54395929444,10.047937820114,5.00431229264)
  );
#3136 = CARTESIAN_POINT('',(7.634836451615,10.130302923279,5.08939879415
    ));
#3137 = CARTESIAN_POINT('',(7.686604551664,10.172189951967,
    5.135395657162));
#3138 = CARTESIAN_POINT('',(7.741622655694,10.211913993484,
    5.181607602479));
#3139 = CARTESIAN_POINT('',(7.799865690527,10.249440204517,
    5.227670443223));
#3140 = CARTESIAN_POINT('',(7.861251805915,10.284749126507,
    5.273201576383));
#3141 = CARTESIAN_POINT('',(7.92563705992,10.317834439898,5.317815223236
    ));
#3142 = CARTESIAN_POINT('',(7.9928101043,10.348700718394,5.361137669775)
  );
#3143 = CARTESIAN_POINT('',(8.096136866428,10.391202591222,
    5.422953961577));
#3144 = CARTESIAN_POINT('',(8.130392621185,10.404538468045,
    5.442716579473));
#3145 = CARTESIAN_POINT('',(8.165236646481,10.417374671587,
    5.462078146175));
#3146 = CARTESIAN_POINT('',(8.200649958939,10.429716913647,
    5.481007848323));
#3147 = CARTESIAN_POINT('',(8.236612079493,10.441570759915,
    5.499476273839));
#3148 = CARTESIAN_POINT('',(8.273101033381,10.452941629972,
    5.517455411928));
#3149 = CARTESIAN_POINT('',(8.310093350153,10.46383479729,5.534918653075
    ));
#3150 = CARTESIAN_POINT('',(8.477975895652,10.510522872765,
    5.610736031395));
#3151 = CARTESIAN_POINT('',(8.61409789063,10.541041966226,5.663039850109
    ));
#3152 = CARTESIAN_POINT('',(8.755111937826,10.566110457838,
    5.707823702716));
#3153 = CARTESIAN_POINT('',(8.9001106158,10.58595204391,5.744357462367)
  );
#3154 = CARTESIAN_POINT('',(9.048121525292,10.600726277461,
    5.772102310105));
#3155 = CARTESIAN_POINT('',(9.198130194467,10.610536741109,
    5.790705928974));
#3156 = CARTESIAN_POINT('',(9.349101556575,10.6154374442,5.8));
#3157 = CARTESIAN_POINT('',(9.5,10.6154374442,5.8));
#3158 = ORIENTED_EDGE('',*,*,#2951,.T.);
#3159 = CYLINDRICAL_SURFACE('',#3160,2.5);
#3160 = AXIS2_PLACEMENT_3D('',#3161,#3162,#3163);
#3161 = CARTESIAN_POINT('',(9.5,0.,7.));
#3162 = DIRECTION('',(0.,0.939793423488,-0.341743063087));
#3163 = DIRECTION('',(0.,0.341743063087,0.939793423488));
#3164 = ADVANCED_FACE('',(#3165),#3246,.T.);
#3165 = FACE_BOUND('',#3166,.T.);
#3166 = EDGE_LOOP('',(#3167,#3176,#3177,#3178,#3187));
#3167 = ORIENTED_EDGE('',*,*,#3168,.F.);
#3168 = EDGE_CURVE('',#3075,#3169,#3171,.T.);
#3169 = VERTEX_POINT('',#3170);
#3170 = CARTESIAN_POINT('',(11.808370196373,9.450806661224,
    4.584748257676));
#3171 = CIRCLE('',#3172,2.5);
#3172 = AXIS2_PLACEMENT_3D('',#3173,#3174,#3175);
#3173 = CARTESIAN_POINT('',(9.5,9.122764106847,3.682631233874));
#3174 = DIRECTION('',(0.,0.939793423488,-0.341743063087));
#3175 = DIRECTION('',(0.,0.341743063087,0.939793423488));
#3176 = ORIENTED_EDGE('',*,*,#3074,.F.);
#3177 = ORIENTED_EDGE('',*,*,#2698,.F.);
#3178 = ORIENTED_EDGE('',*,*,#3179,.T.);
#3179 = EDGE_CURVE('',#2690,#3180,#3182,.T.);
#3180 = VERTEX_POINT('',#3181);
#3181 = CARTESIAN_POINT('',(11.471359800386,1.033059547216,
    4.988401503946));
#3182 = CIRCLE('',#3183,2.5);
#3183 = AXIS2_PLACEMENT_3D('',#3184,#3185,#3186);
#3184 = CARTESIAN_POINT('',(9.5,1.558471083077,6.433283242517));
#3185 = DIRECTION('',(0.,0.939793423488,-0.341743063087));
#3186 = DIRECTION('',(0.,0.341743063087,0.939793423488));
#3187 = ORIENTED_EDGE('',*,*,#3188,.F.);
#3188 = EDGE_CURVE('',#3169,#3180,#3189,.T.);
#3189 = B_SPLINE_CURVE_WITH_KNOTS('',7,(#3190,#3191,#3192,#3193,#3194,
    #3195,#3196,#3197,#3198,#3199,#3200,#3201,#3202,#3203,#3204,#3205,
    #3206,#3207,#3208,#3209,#3210,#3211,#3212,#3213,#3214,#3215,#3216,
    #3217,#3218,#3219,#3220,#3221,#3222,#3223,#3224,#3225,#3226,#3227,
    #3228,#3229,#3230,#3231,#3232,#3233,#3234,#3235,#3236,#3237,#3238,
    #3239,#3240,#3241,#3242,#3243,#3244,#3245),.UNSPECIFIED.,.F.,.F.,(8,
    6,6,6,6,6,6,6,6,8),(0.,6.564243567106E-02,8.450321793998E-02,
    0.123556964927,0.157123616274,0.203136564216,0.288078789471,
    0.402136512812,0.656707954113,1.),.UNSPECIFIED.);
#3190 = CARTESIAN_POINT('',(9.5,10.6154374442,5.8));
#3191 = CARTESIAN_POINT('',(9.672455363914,10.6154374442,5.8));
#3192 = CARTESIAN_POINT('',(9.84500795274,10.608903173412,5.787607905299
    ));
#3193 = CARTESIAN_POINT('',(10.01600078789,10.595820139891,
    5.762798952988));
#3194 = CARTESIAN_POINT('',(10.183777980509,10.576083947929,
    5.725915971747));
#3195 = CARTESIAN_POINT('',(10.346738198282,10.549487974354,
    5.677669920996));
#3196 = CARTESIAN_POINT('',(10.503393842635,10.515703941841,
    5.619149637446));
#3197 = CARTESIAN_POINT('',(10.695259613576,10.462346140004,
    5.532501202976));
#3198 = CARTESIAN_POINT('',(10.73744541987,10.449806792924,
    5.512440147514));
#3199 = CARTESIAN_POINT('',(10.7789534178,10.436629141458,5.491697951573
    ));
#3200 = CARTESIAN_POINT('',(10.819746657164,10.422804688276,
    5.470317748806));
#3201 = CARTESIAN_POINT('',(10.859791174979,10.408324645253,
    5.448345477602));
#3202 = CARTESIAN_POINT('',(10.899055995477,10.393179933469,
    5.425829881088));
#3203 = CARTESIAN_POINT('',(11.017143719355,10.344606366278,
    5.35518269301));
#3204 = CARTESIAN_POINT('',(11.093436013655,10.308910464438,
    5.305359399979));
#3205 = CARTESIAN_POINT('',(11.165935502344,10.270252323748,
    5.253906882226));
#3206 = CARTESIAN_POINT('',(11.234333116603,10.228628085286,
    5.20143400422));
#3207 = CARTESIAN_POINT('',(11.298451057146,10.184057173813,
    5.148563599576));
#3208 = CARTESIAN_POINT('',(11.358228621907,10.136588286429,
    5.09589182992));
#3209 = CARTESIAN_POINT('',(11.461392525423,10.043087281113,
    4.999301488572));
#3210 = CARTESIAN_POINT('',(11.505812290604,9.997871209482,
    4.955276515292));
#3211 = CARTESIAN_POINT('',(11.546976928009,9.950758651585,
    4.912240544905));
#3212 = CARTESIAN_POINT('',(11.584964791951,9.901878124685,
    4.870517638994));
#3213 = CARTESIAN_POINT('',(11.619900310203,9.851395256018,
    4.830376339045));
#3214 = CARTESIAN_POINT('',(11.651936119361,9.799522807061,
    4.792025449729));
#3215 = CARTESIAN_POINT('',(11.721409611425,9.673889330886,
    4.705709164296));
#3216 = CARTESIAN_POINT('',(11.756356577924,9.599305339003,
    4.659562393343));
#3217 = CARTESIAN_POINT('',(11.786815496708,9.523016615931,
    4.617214799417));
#3218 = CARTESIAN_POINT('',(11.813400067413,9.445304766156,
    4.578597348185));
#3219 = CARTESIAN_POINT('',(11.836626657584,9.366505499051,
    4.543570182812));
#3220 = CARTESIAN_POINT('',(11.85693255623,9.28701792974,4.511949756191)
  );
#3221 = CARTESIAN_POINT('',(11.907468101514,9.060172915185,
    4.431057263443));
#3222 = CARTESIAN_POINT('',(11.931824797586,8.911099160616,
    4.389059732117));
#3223 = CARTESIAN_POINT('',(11.950258174907,8.761156534242,
    4.355868185835));
#3224 = CARTESIAN_POINT('',(11.964276917982,8.611262133919,
    4.329851329143));
#3225 = CARTESIAN_POINT('',(11.974933311032,8.461893258224,
    4.309669410512));
#3226 = CARTESIAN_POINT('',(11.982950857013,8.312847474349,
    4.294263986938));
#3227 = CARTESIAN_POINT('',(11.996706353218,7.962009971253,4.26757780434
    ));
#3228 = CARTESIAN_POINT('',(12.000722626923,7.759600565276,
    4.259516954269));
#3229 = CARTESIAN_POINT('',(12.001900874085,7.557344663889,
    4.257153795439));
#3230 = CARTESIAN_POINT('',(12.000881803433,7.356330216594,4.25920873906
    ));
#3231 = CARTESIAN_POINT('',(11.99810808993,7.156767358453,4.26474271009)
  );
#3232 = CARTESIAN_POINT('',(11.993838060812,6.957694204379,
    4.273155857902));
#3233 = CARTESIAN_POINT('',(11.975436541523,6.308714129156,
    4.308809251004));
#3234 = CARTESIAN_POINT('',(11.955624048674,5.85147300669,4.346501020015
    ));
#3235 = CARTESIAN_POINT('',(11.930433895464,5.394091027361,
    4.392554133974));
#3236 = CARTESIAN_POINT('',(11.900847414325,4.943050420512,
    4.443436888813));
#3237 = CARTESIAN_POINT('',(11.867467716245,4.498619279751,
    4.497510511959));
#3238 = CARTESIAN_POINT('',(11.829943224378,4.054367405201,
    4.554657574922));
#3239 = CARTESIAN_POINT('',(11.728567948874,2.988349444116,
    4.698134382718));
#3240 = CARTESIAN_POINT('',(11.662483765456,2.383755810424,
    4.784315153216));
#3241 = CARTESIAN_POINT('',(11.58792434254,1.781613267286,4.87314609986)
  );
#3242 = CARTESIAN_POINT('',(11.503297062903,1.176555507701,
    4.964808289002));
#3243 = CARTESIAN_POINT('',(11.406567735866,0.567754658634,
    5.058942707162));
#3244 = CARTESIAN_POINT('',(11.295385028004,-4.03992739158E-02,
    5.154525041546));
#3245 = CARTESIAN_POINT('',(11.167387133261,-0.636580857178,
    5.249404398466));
#3246 = CYLINDRICAL_SURFACE('',#3247,2.5);
#3247 = AXIS2_PLACEMENT_3D('',#3248,#3249,#3250);
#3248 = CARTESIAN_POINT('',(9.5,0.,7.));
#3249 = DIRECTION('',(0.,0.939793423488,-0.341743063087));
#3250 = DIRECTION('',(0.,0.341743063087,0.939793423488));
#3251 = ADVANCED_FACE('',(#3252),#3304,.T.);
#3252 = FACE_BOUND('',#3253,.T.);
#3253 = EDGE_LOOP('',(#3254,#3255,#3256,#3303));
#3254 = ORIENTED_EDGE('',*,*,#2689,.F.);
#3255 = ORIENTED_EDGE('',*,*,#2940,.F.);
#3256 = ORIENTED_EDGE('',*,*,#3257,.F.);
#3257 = EDGE_CURVE('',#3180,#2941,#3258,.T.);
#3258 = B_SPLINE_CURVE_WITH_KNOTS('',7,(#3259,#3260,#3261,#3262,#3263,
    #3264,#3265,#3266,#3267,#3268,#3269,#3270,#3271,#3272,#3273,#3274,
    #3275,#3276,#3277,#3278,#3279,#3280,#3281,#3282,#3283,#3284,#3285,
    #3286,#3287,#3288,#3289,#3290,#3291,#3292,#3293,#3294,#3295,#3296,
    #3297,#3298,#3299,#3300,#3301,#3302),.UNSPECIFIED.,.F.,.F.,(8,6,6,6,
    6,6,6,8),(0.,7.242438937309E-02,0.148182904216,0.244896723732,
    0.378440759719,0.494386123192,0.640023874172,1.),.UNSPECIFIED.);
#3259 = CARTESIAN_POINT('',(9.5,2.749545416974,5.8));
#3260 = CARTESIAN_POINT('',(9.549105101667,2.749545416974,5.8));
#3261 = CARTESIAN_POINT('',(9.598212921693,2.748083729563,5.798995284585
    ));
#3262 = CARTESIAN_POINT('',(9.647204637616,2.745160239693,5.79698566292)
  );
#3263 = CARTESIAN_POINT('',(9.695967859054,2.740787453015,5.793983240027
    ));
#3264 = CARTESIAN_POINT('',(9.744396671311,2.734989229036,5.790011128571
    ));
#3265 = CARTESIAN_POINT('',(9.792391678981,2.72779951427,5.785102160639)
  );
#3266 = CARTESIAN_POINT('',(9.889513671596,2.710329561398,5.773225819931
    ));
#3267 = CARTESIAN_POINT('',(9.938594984092,2.699921560413,5.766173562742
    ));
#3268 = CARTESIAN_POINT('',(9.987001382789,2.688085348729,5.758187513156
    ));
#3269 = CARTESIAN_POINT('',(10.034647026767,2.674877286173,
    5.749322500954));
#3270 = CARTESIAN_POINT('',(10.081461381835,2.660359223856,
    5.739638904854));
#3271 = CARTESIAN_POINT('',(10.127387763922,2.644595911913,5.72920005687
    ));
#3272 = CARTESIAN_POINT('',(10.229821670872,2.606022217482,
    5.703860491613));
#3273 = CARTESIAN_POINT('',(10.285741457569,2.582468858426,
    5.688524352644));
#3274 = CARTESIAN_POINT('',(10.340056979072,2.557125792932,
    5.672192922836));
#3275 = CARTESIAN_POINT('',(10.392715626691,2.530125836796,
    5.654997500652));
#3276 = CARTESIAN_POINT('',(10.443691668646,2.501596927119,
    5.637065101643));
#3277 = CARTESIAN_POINT('',(10.492981472165,2.471657890669,
    5.618514570133));
#3278 = CARTESIAN_POINT('',(10.606349413912,2.397272426134,
    5.573131733924));
#3279 = CARTESIAN_POINT('',(10.668900219985,2.351650615985,
    5.545840296732));
#3280 = CARTESIAN_POINT('',(10.728299770219,2.303822003233,
    5.517858441023));
#3281 = CARTESIAN_POINT('',(10.784626563401,2.25403277847,5.489436468344
    ));
#3282 = CARTESIAN_POINT('',(10.837982313773,2.202498782826,
    5.460794115399));
#3283 = CARTESIAN_POINT('',(10.88848529412,2.149402189346,5.432119749353
    ));
#3284 = CARTESIAN_POINT('',(10.977745742389,2.047558132717,
    5.378781771633));
#3285 = CARTESIAN_POINT('',(11.01716871806,1.999165719939,5.354090942032
    ));
#3286 = CARTESIAN_POINT('',(11.054613891931,1.949810001427,
    5.329601859413));
#3287 = CARTESIAN_POINT('',(11.090160476473,1.899580029125,
    5.305407386361));
#3288 = CARTESIAN_POINT('',(11.123885593557,1.84855482707,5.281589332793
    ));
#3289 = CARTESIAN_POINT('',(11.155864257454,1.796803366943,
    5.258219325802));
#3290 = CARTESIAN_POINT('',(11.224235275511,1.678541811214,
    5.206645918323));
#3291 = CARTESIAN_POINT('',(11.259657931145,1.611651056129,
    5.178739538764));
#3292 = CARTESIAN_POINT('',(11.292580872199,1.543830065643,
    5.151764489292));
#3293 = CARTESIAN_POINT('',(11.323135501777,1.475184487648,
    5.125827288473));
#3294 = CARTESIAN_POINT('',(11.351442152071,1.40580792019,5.101018807402
    ));
#3295 = CARTESIAN_POINT('',(11.37761115782,1.335782001023,5.077416052135
    ));
#3296 = CARTESIAN_POINT('',(11.461393448453,1.090659275024,
    4.999885174171));
#3297 = CARTESIAN_POINT('',(11.508583139086,0.912656948079,
    4.952467179567));
#3298 = CARTESIAN_POINT('',(11.544860786251,0.732193080669,
    4.913792166086));
#3299 = CARTESIAN_POINT('',(11.571305755218,0.550109112493,
    4.884472124007));
#3300 = CARTESIAN_POINT('',(11.588682473721,0.367064966159,
    4.864826845193));
#3301 = CARTESIAN_POINT('',(11.597373357321,0.1835534376,4.855));
#3302 = CARTESIAN_POINT('',(11.597373357321,-5.13708313732E-16,4.855));
#3303 = ORIENTED_EDGE('',*,*,#3179,.F.);
#3304 = SPHERICAL_SURFACE('',#3305,3.);
#3305 = AXIS2_PLACEMENT_3D('',#3306,#3307,#3308);
#3306 = CARTESIAN_POINT('',(9.5,0.,7.));
#3307 = DIRECTION('',(0.,0.,1.));
#3308 = DIRECTION('',(1.,0.,-0.));
#3309 = ADVANCED_FACE('',(#3310),#3437,.T.);
#3310 = FACE_BOUND('',#3311,.T.);
#3311 = EDGE_LOOP('',(#3312,#3321,#3322,#3323,#3332,#3399,#3408));
#3312 = ORIENTED_EDGE('',*,*,#3313,.T.);
#3313 = EDGE_CURVE('',#3314,#2821,#3316,.T.);
#3314 = VERTEX_POINT('',#3315);
#3315 = CARTESIAN_POINT('',(-7.402626642679,-5.13708313732E-16,4.855));
#3316 = CIRCLE('',#3317,3.);
#3317 = AXIS2_PLACEMENT_3D('',#3318,#3319,#3320);
#3318 = CARTESIAN_POINT('',(-9.5,0.,7.));
#3319 = DIRECTION('',(-2.449293598295E-16,-1.,0.));
#3320 = DIRECTION('',(1.,-2.449293598295E-16,0.));
#3321 = ORIENTED_EDGE('',*,*,#2820,.F.);
#3322 = ORIENTED_EDGE('',*,*,#2800,.F.);
#3323 = ORIENTED_EDGE('',*,*,#3324,.F.);
#3324 = EDGE_CURVE('',#3325,#2801,#3327,.T.);
#3325 = VERTEX_POINT('',#3326);
#3326 = CARTESIAN_POINT('',(-11.47135980746,1.033059518845,
    4.988401496309));
#3327 = CIRCLE('',#3328,2.5);
#3328 = AXIS2_PLACEMENT_3D('',#3329,#3330,#3331);
#3329 = CARTESIAN_POINT('',(-9.5,1.558471083077,6.433283242517));
#3330 = DIRECTION('',(0.,0.939793423488,-0.341743063087));
#3331 = DIRECTION('',(0.,0.341743063087,0.939793423488));
#3332 = ORIENTED_EDGE('',*,*,#3333,.F.);
#3333 = EDGE_CURVE('',#3334,#3325,#3336,.T.);
#3334 = VERTEX_POINT('',#3335);
#3335 = CARTESIAN_POINT('',(-10.52458364363,-2.450806661517,
    5.605806661517));
#3336 = B_SPLINE_CURVE_WITH_KNOTS('',6,(#3337,#3338,#3339,#3340,#3341,
    #3342,#3343,#3344,#3345,#3346,#3347,#3348,#3349,#3350,#3351,#3352,
    #3353,#3354,#3355,#3356,#3357,#3358,#3359,#3360,#3361,#3362,#3363,
    #3364,#3365,#3366,#3367,#3368,#3369,#3370,#3371,#3372,#3373,#3374,
    #3375,#3376,#3377,#3378,#3379,#3380,#3381,#3382,#3383,#3384,#3385,
    #3386,#3387,#3388,#3389,#3390,#3391,#3392,#3393,#3394,#3395,#3396,
    #3397,#3398),.UNSPECIFIED.,.F.,.F.,(7,5,5,5,5,5,5,5,5,5,5,5,7),(0.,
    7.621314164087E-02,0.141774522927,0.20037195776,0.253376582745,
    0.43173784401,0.609106367737,0.661597316323,0.719941418687,
    0.785415457483,0.86103081836,0.91581368163,1.),.UNSPECIFIED.);
#3337 = CARTESIAN_POINT('',(-10.52458270866,-2.450807261517,
    5.605807029138));
#3338 = CARTESIAN_POINT('',(-10.60238891642,-2.400876308843,
    5.575214243791));
#3339 = CARTESIAN_POINT('',(-10.67567054028,-2.347374791875,
    5.543181303142));
#3340 = CARTESIAN_POINT('',(-10.74450158972,-2.290795555627,
    5.510212664056));
#3341 = CARTESIAN_POINT('',(-10.80903245785,-2.231567419933,
    5.476742430665));
#3342 = CARTESIAN_POINT('',(-10.86946451974,-2.170042267478,
    5.443130443975));
#3343 = CARTESIAN_POINT('',(-10.97467992963,-2.051805337297,
    5.380864448788));
#3344 = CARTESIAN_POINT('',(-11.02046237374,-1.995631232659,
    5.352178836799));
#3345 = CARTESIAN_POINT('',(-11.06351190972,-1.938133818126,
    5.323785468419));
#3346 = CARTESIAN_POINT('',(-11.10396420932,-1.879463695803,
    5.295840522144));
#3347 = CARTESIAN_POINT('',(-11.1419505706,-1.819747943872,
    5.268475398994));
#3348 = CARTESIAN_POINT('',(-11.20945841873,-1.704875140714,
    5.217957499432));
#3349 = CARTESIAN_POINT('',(-11.23944894174,-1.649910131812,
    5.194667168186));
#3350 = CARTESIAN_POINT('',(-11.26765861175,-1.594270676249,
    5.172007789518));
#3351 = CARTESIAN_POINT('',(-11.29417001467,-1.538024383015,
    5.150047625115));
#3352 = CARTESIAN_POINT('',(-11.31905969498,-1.481230820106,
    5.128845335629));
#3353 = CARTESIAN_POINT('',(-11.36351041205,-1.372120283406,
    5.090003578211));
#3354 = CARTESIAN_POINT('',(-11.38335304363,-1.31989416173,
    5.072217573359));
#3355 = CARTESIAN_POINT('',(-11.40197897875,-1.267301927837,
    5.055130279016));
#3356 = CARTESIAN_POINT('',(-11.41943631847,-1.214379034676,
    5.038774395733));
#3357 = CARTESIAN_POINT('',(-11.43576903285,-1.161157672032,
    5.023178232793));
#3358 = CARTESIAN_POINT('',(-11.50232644004,-0.927669164906,
    4.958521367866));
#3359 = CARTESIAN_POINT('',(-11.5413506071,-0.744629377695,
    4.917554160341));
#3360 = CARTESIAN_POINT('',(-11.56961492544,-0.559643048095,
    4.886384953764));
#3361 = CARTESIAN_POINT('',(-11.58810908183,-0.373533748646,
    4.865474743152));
#3362 = CARTESIAN_POINT('',(-11.59737335732,-0.186852413143,4.855));
#3363 = CARTESIAN_POINT('',(-11.59737335732,0.185812414865,4.855));
#3364 = CARTESIAN_POINT('',(-11.58821194357,0.371455243458,
    4.865358454344));
#3365 = CARTESIAN_POINT('',(-11.56992291953,0.556534501106,
    4.886036701624));
#3366 = CARTESIAN_POINT('',(-11.5419782714,0.740509545501,4.916861906769
    ));
#3367 = CARTESIAN_POINT('',(-11.50340940293,0.922573360219,
    4.957384019806));
#3368 = CARTESIAN_POINT('',(-11.43772553535,1.154650084813,
    5.021301013299));
#3369 = CARTESIAN_POINT('',(-11.42166496279,1.207385184536,
    5.036667471345));
#3370 = CARTESIAN_POINT('',(-11.40450498308,1.259830139074,
    5.052781198633));
#3371 = CARTESIAN_POINT('',(-11.38620315528,1.311953878782,
    5.069614966757));
#3372 = CARTESIAN_POINT('',(-11.3667130686,1.363722226648,5.087137356477
    ));
#3373 = CARTESIAN_POINT('',(-11.3229442,1.472202361578,5.125514859214));
#3374 = CARTESIAN_POINT('',(-11.2983740804,1.528820819257,5.146523293954
    ));
#3375 = CARTESIAN_POINT('',(-11.2722041991,1.584902769774,5.168289003173
    ));
#3376 = CARTESIAN_POINT('',(-11.24435949391,1.640389992933,
    5.190754787587));
#3377 = CARTESIAN_POINT('',(-11.21475894342,1.695216491463,
    5.213854126854));
#3378 = CARTESIAN_POINT('',(-11.14802820925,1.81001067508,5.264056735207
    ));
#3379 = CARTESIAN_POINT('',(-11.11042174931,1.869784799556,
    5.291302972104));
#3380 = CARTESIAN_POINT('',(-11.07037003982,1.928529018531,
    5.319140986902));
#3381 = CARTESIAN_POINT('',(-11.02774285805,1.986118465334,
    5.347441726366));
#3382 = CARTESIAN_POINT('',(-10.98240531786,2.042405288553,
    5.376051855942));
#3383 = CARTESIAN_POINT('',(-10.87856683349,2.16052230134,5.437981159317
    ));
#3384 = CARTESIAN_POINT('',(-10.81912436246,2.221849613236,
    5.471337201928));
#3385 = CARTESIAN_POINT('',(-10.7556688755,2.280948310051,5.504587557545
    ));
#3386 = CARTESIAN_POINT('',(-10.68800181259,2.337480766515,
    5.537386656993));
#3387 = CARTESIAN_POINT('',(-10.61597079548,2.391035633985,
    5.569317627325));
#3388 = CARTESIAN_POINT('',(-10.48408478218,2.477439218513,
    5.622048425305));
#3389 = CARTESIAN_POINT('',(-10.42635052746,2.511922197337,
    5.643488035769));
#3390 = CARTESIAN_POINT('',(-10.3662665775,2.544405282053,5.66402875444)
  );
#3391 = CARTESIAN_POINT('',(-10.30384958173,2.57467477443,5.683457602179
    ));
#3392 = CARTESIAN_POINT('',(-10.23917266204,2.602500900305,
    5.701547292223));
#3393 = CARTESIAN_POINT('',(-10.06974267202,2.666303413134,
    5.743459998829));
#3394 = CARTESIAN_POINT('',(-9.962010403617,2.698677227189,
    5.765174699346));
#3395 = CARTESIAN_POINT('',(-9.849902968604,2.723833370755,
    5.782324662187));
#3396 = CARTESIAN_POINT('',(-9.734483582249,2.740979722885,
    5.794112358558));
#3397 = CARTESIAN_POINT('',(-9.617207967282,2.749545416974,5.8));
#3398 = CARTESIAN_POINT('',(-9.5,2.749545416974,5.8));
#3399 = ORIENTED_EDGE('',*,*,#3400,.F.);
#3400 = EDGE_CURVE('',#3401,#3334,#3403,.T.);
#3401 = VERTEX_POINT('',#3402);
#3402 = CARTESIAN_POINT('',(-8.47541635637,-2.450806661517,
    5.605806661517));
#3403 = CIRCLE('',#3404,1.26806446997);
#3404 = AXIS2_PLACEMENT_3D('',#3405,#3406,#3407);
#3405 = CARTESIAN_POINT('',(-9.5,-1.9225,5.0775));
#3406 = DIRECTION('',(0.,-0.707106781187,-0.707106781187));
#3407 = DIRECTION('',(0.,0.707106781187,-0.707106781187));
#3408 = ORIENTED_EDGE('',*,*,#3409,.T.);
#3409 = EDGE_CURVE('',#3401,#3314,#3410,.T.);
#3410 = B_SPLINE_CURVE_WITH_KNOTS('',7,(#3411,#3412,#3413,#3414,#3415,
    #3416,#3417,#3418,#3419,#3420,#3421,#3422,#3423,#3424,#3425,#3426,
    #3427,#3428,#3429,#3430,#3431,#3432,#3433,#3434,#3435,#3436),
  .UNSPECIFIED.,.F.,.F.,(8,6,6,6,8),(0.,0.177104434251,0.329902976328,
    0.522679328519,1.),.UNSPECIFIED.);
#3411 = CARTESIAN_POINT('',(-8.475417291335,-2.450807261517,
    5.605807029138));
#3412 = CARTESIAN_POINT('',(-8.408501973176,-2.407865371913,
    5.579496455422));
#3413 = CARTESIAN_POINT('',(-8.344840528725,-2.362356063091,
    5.55215036122));
#3414 = CARTESIAN_POINT('',(-8.284389934403,-2.314563667206,
    5.524059854611));
#3415 = CARTESIAN_POINT('',(-8.227074191737,-2.26474474255,
    5.495485486627));
#3416 = CARTESIAN_POINT('',(-8.172791654231,-2.213124371659,
    5.466656157318));
#3417 = CARTESIAN_POINT('',(-8.121422354233,-2.159892459417,
    5.437768021817));
#3418 = CARTESIAN_POINT('',(-8.03091641044,-2.058013616345,
    5.384149185915));
#3419 = CARTESIAN_POINT('',(-7.991073920084,-2.009746252511,
    5.35939545472));
#3420 = CARTESIAN_POINT('',(-7.953226345143,-1.960498982624,
    5.33482905534));
#3421 = CARTESIAN_POINT('',(-7.917294077641,-1.910362626276,
    5.310544687973));
#3422 = CARTESIAN_POINT('',(-7.883199458573,-1.859417747112,
    5.286625776143));
#3423 = CARTESIAN_POINT('',(-7.850866821268,-1.807734620255,
    5.263145342363));
#3424 = CARTESIAN_POINT('',(-7.781560557416,-1.689312074366,
    5.211176401539));
#3425 = CARTESIAN_POINT('',(-7.745588861102,-1.622176337341,
    5.182987153515));
#3426 = CARTESIAN_POINT('',(-7.712160462838,-1.554087376331,
    5.155727083999));
#3427 = CARTESIAN_POINT('',(-7.681140796281,-1.485153948061,
    5.129506068298));
#3428 = CARTESIAN_POINT('',(-7.652406602474,-1.415472276138,
    5.104417770212));
#3429 = CARTESIAN_POINT('',(-7.625844820588,-1.345126148878,
    5.080541499498));
#3430 = CARTESIAN_POINT('',(-7.540705147976,-1.098539363192,
    5.001992079268));
#3431 = CARTESIAN_POINT('',(-7.492760810223,-0.919315062461,
    4.95389931035));
#3432 = CARTESIAN_POINT('',(-7.455922562258,-0.737567076166,
    4.914660637635));
#3433 = CARTESIAN_POINT('',(-7.429080242419,-0.554160227862,
    4.884908448371));
#3434 = CARTESIAN_POINT('',(-7.411446183004,-0.369772231409,
    4.864972342854));
#3435 = CARTESIAN_POINT('',(-7.402626642679,-0.184907262624,4.855));
#3436 = CARTESIAN_POINT('',(-7.402626642679,-4.440892098501E-16,4.855));
#3437 = SPHERICAL_SURFACE('',#3438,3.);
#3438 = AXIS2_PLACEMENT_3D('',#3439,#3440,#3441);
#3439 = CARTESIAN_POINT('',(-9.5,0.,7.));
#3440 = DIRECTION('',(0.,0.,1.));
#3441 = DIRECTION('',(1.,0.,-0.));
#3442 = ADVANCED_FACE('',(#3443),#3532,.T.);
#3443 = FACE_BOUND('',#3444,.T.);
#3444 = EDGE_LOOP('',(#3445,#3446,#3454,#3463,#3531));
#3445 = ORIENTED_EDGE('',*,*,#2887,.F.);
#3446 = ORIENTED_EDGE('',*,*,#3447,.T.);
#3447 = EDGE_CURVE('',#2839,#3448,#3450,.T.);
#3448 = VERTEX_POINT('',#3449);
#3449 = CARTESIAN_POINT('',(-9.5,9.977121764564,6.032114792595));
#3450 = LINE('',#3451,#3452);
#3451 = CARTESIAN_POINT('',(-9.5,0.854357657717,9.349483558721));
#3452 = VECTOR('',#3453,1.);
#3453 = DIRECTION('',(0.,0.939793423488,-0.341743063087));
#3454 = ORIENTED_EDGE('',*,*,#3455,.F.);
#3455 = EDGE_CURVE('',#3456,#3448,#3458,.T.);
#3456 = VERTEX_POINT('',#3457);
#3457 = CARTESIAN_POINT('',(-11.80837019559,9.450806661351,
    4.584748258341));
#3458 = CIRCLE('',#3459,2.5);
#3459 = AXIS2_PLACEMENT_3D('',#3460,#3461,#3462);
#3460 = CARTESIAN_POINT('',(-9.5,9.122764106847,3.682631233874));
#3461 = DIRECTION('',(0.,0.939793423488,-0.341743063087));
#3462 = DIRECTION('',(0.,0.341743063087,0.939793423488));
#3463 = ORIENTED_EDGE('',*,*,#3464,.F.);
#3464 = EDGE_CURVE('',#3325,#3456,#3465,.T.);
#3465 = B_SPLINE_CURVE_WITH_KNOTS('',8,(#3466,#3467,#3468,#3469,#3470,
    #3471,#3472,#3473,#3474,#3475,#3476,#3477,#3478,#3479,#3480,#3481,
    #3482,#3483,#3484,#3485,#3486,#3487,#3488,#3489,#3490,#3491,#3492,
    #3493,#3494,#3495,#3496,#3497,#3498,#3499,#3500,#3501,#3502,#3503,
    #3504,#3505,#3506,#3507,#3508,#3509,#3510,#3511,#3512,#3513,#3514,
    #3515,#3516,#3517,#3518,#3519,#3520,#3521,#3522,#3523,#3524,#3525,
    #3526,#3527,#3528,#3529,#3530),.UNSPECIFIED.,.F.,.F.,(9,7,7,7,7,7,7,
    7,7,9),(0.,0.308231288873,0.59505253337,0.710525434135,
    0.795704821789,0.8419288624,0.876084156837,0.91525133242,
    0.934166896475,1.),.UNSPECIFIED.);
#3466 = CARTESIAN_POINT('',(-11.16738713326,-0.636580857178,
    5.249404398466));
#3467 = CARTESIAN_POINT('',(-11.26845784592,-0.165819227702,
    5.174485008264));
#3468 = CARTESIAN_POINT('',(-11.35914244638,0.311713924613,
    5.099222487162));
#3469 = CARTESIAN_POINT('',(-11.44058642596,0.790893816235,
    5.024589008713));
#3470 = CARTESIAN_POINT('',(-11.51391090765,1.268900007301,
    4.951182894325));
#3471 = CARTESIAN_POINT('',(-11.58017924973,1.745067988114,
    4.879293692674));
#3472 = CARTESIAN_POINT('',(-11.64033517327,2.220542038176,
    4.808978620808));
#3473 = CARTESIAN_POINT('',(-11.69512254394,2.697735122742,
    4.740230421412));
#3474 = CARTESIAN_POINT('',(-11.79140700864,3.627997148541,
    4.611050852692));
#3475 = CARTESIAN_POINT('',(-11.83215460048,4.066834741613,
    4.552263061826));
#3476 = CARTESIAN_POINT('',(-11.86865295846,4.503829108163,
    4.496202674174));
#3477 = CARTESIAN_POINT('',(-11.90149207183,4.94501015131,4.44264780757)
  );
#3478 = CARTESIAN_POINT('',(-11.9305987543,5.392901185843,4.392289807879
    ));
#3479 = CARTESIAN_POINT('',(-11.95533520308,5.845308507125,
    4.346998540162));
#3480 = CARTESIAN_POINT('',(-11.97480047354,6.295756208879,4.31001332982
    ));
#3481 = CARTESIAN_POINT('',(-11.9926934368,6.913813725301,4.275384102194
    ));
#3482 = CARTESIAN_POINT('',(-11.99674934729,7.089879722517,
    4.267423289189));
#3483 = CARTESIAN_POINT('',(-11.99968217589,7.266034139807,
    4.261602619617));
#3484 = CARTESIAN_POINT('',(-12.00135353997,7.443057447622,
    4.258257266178));
#3485 = CARTESIAN_POINT('',(-12.0015305711,7.621115526201,4.257896500408
    ));
#3486 = CARTESIAN_POINT('',(-11.99988298802,7.799846541634,
    4.261204059821));
#3487 = CARTESIAN_POINT('',(-11.99595535472,7.978500246542,4.2690277203)
  );
#3488 = CARTESIAN_POINT('',(-11.9840317436,8.287155253751,4.292171988944
    ));
#3489 = CARTESIAN_POINT('',(-11.97737272042,8.417644336189,
    4.304988902418));
#3490 = CARTESIAN_POINT('',(-11.96881204895,8.548246063576,
    4.321269666923));
#3491 = CARTESIAN_POINT('',(-11.95793091512,8.679196372802,
    4.341634081635));
#3492 = CARTESIAN_POINT('',(-11.94416000524,8.810371626235,
    4.366844089179));
#3493 = CARTESIAN_POINT('',(-11.92673604537,8.941367274701,
    4.397804336461));
#3494 = CARTESIAN_POINT('',(-11.90460461254,9.071594412531,
    4.435533232356));
#3495 = CARTESIAN_POINT('',(-11.86082111079,9.270282166986,
    4.505779370726));
#3496 = CARTESIAN_POINT('',(-11.84351942099,9.340021677397,
    4.532883880901));
#3497 = CARTESIAN_POINT('',(-11.82408649215,9.409314926283,
    4.562514916074));
#3498 = CARTESIAN_POINT('',(-11.80225779744,9.47790400669,4.594792855417
    ));
#3499 = CARTESIAN_POINT('',(-11.77773069918,9.545563196399,
    4.629819075694));
#3500 = CARTESIAN_POINT('',(-11.75015811501,9.61209577116,4.667666925444
    ));
#3501 = CARTESIAN_POINT('',(-11.71914079144,9.677330531988,
    4.708370418805));
#3502 = CARTESIAN_POINT('',(-11.65841360536,9.788251125096,
    4.784082855516));
#3503 = CARTESIAN_POINT('',(-11.63051012598,9.834533117688,
    4.817762303071));
#3504 = CARTESIAN_POINT('',(-11.60039761523,9.879786338277,
    4.852851888544));
#3505 = CARTESIAN_POINT('',(-11.56797360209,9.923863520335,
    4.889224731897));
#3506 = CARTESIAN_POINT('',(-11.53314845561,9.966643790553,
    4.926722786805));
#3507 = CARTESIAN_POINT('',(-11.49585187722,10.008028629634,
    4.965157467616));
#3508 = CARTESIAN_POINT('',(-11.45604070555,10.047937820114,
    5.00431229264));
#3509 = CARTESIAN_POINT('',(-11.36516354838,10.130302923279,
    5.08939879415));
#3510 = CARTESIAN_POINT('',(-11.31339544833,10.172189951967,
    5.135395657162));
#3511 = CARTESIAN_POINT('',(-11.2583773443,10.211913993484,
    5.181607602479));
#3512 = CARTESIAN_POINT('',(-11.20013430947,10.249440204517,
    5.227670443223));
#3513 = CARTESIAN_POINT('',(-11.13874819408,10.284749126507,
    5.273201576383));
#3514 = CARTESIAN_POINT('',(-11.07436294008,10.317834439898,
    5.317815223237));
#3515 = CARTESIAN_POINT('',(-11.0071898957,10.348700718394,
    5.361137669775));
#3516 = CARTESIAN_POINT('',(-10.90386313357,10.391202591222,
    5.422953961577));
#3517 = CARTESIAN_POINT('',(-10.86960737881,10.404538468045,
    5.442716579473));
#3518 = CARTESIAN_POINT('',(-10.83476335351,10.417374671587,
    5.462078146175));
#3519 = CARTESIAN_POINT('',(-10.79935004106,10.429716913647,
    5.481007848323));
#3520 = CARTESIAN_POINT('',(-10.7633879205,10.441570759915,
    5.499476273839));
#3521 = CARTESIAN_POINT('',(-10.72689896661,10.452941629972,
    5.517455411928));
#3522 = CARTESIAN_POINT('',(-10.68990664984,10.46383479729,
    5.534918653075));
#3523 = CARTESIAN_POINT('',(-10.52202410434,10.510522872765,
    5.610736031395));
#3524 = CARTESIAN_POINT('',(-10.38590210937,10.541041966226,
    5.663039850109));
#3525 = CARTESIAN_POINT('',(-10.24488806217,10.566110457838,
    5.707823702716));
#3526 = CARTESIAN_POINT('',(-10.0998893842,10.58595204391,5.744357462367
    ));
#3527 = CARTESIAN_POINT('',(-9.951878474708,10.600726277461,
    5.772102310105));
#3528 = CARTESIAN_POINT('',(-9.801869805533,10.610536741109,
    5.790705928974));
#3529 = CARTESIAN_POINT('',(-9.650898443425,10.6154374442,5.8));
#3530 = CARTESIAN_POINT('',(-9.5,10.6154374442,5.8));
#3531 = ORIENTED_EDGE('',*,*,#3324,.T.);
#3532 = CYLINDRICAL_SURFACE('',#3533,2.5);
#3533 = AXIS2_PLACEMENT_3D('',#3534,#3535,#3536);
#3534 = CARTESIAN_POINT('',(-9.5,0.,7.));
#3535 = DIRECTION('',(0.,0.939793423488,-0.341743063087));
#3536 = DIRECTION('',(0.,0.341743063087,0.939793423488));
#3537 = ADVANCED_FACE('',(#3538),#3619,.T.);
#3538 = FACE_BOUND('',#3539,.T.);
#3539 = EDGE_LOOP('',(#3540,#3549,#3550,#3551,#3560));
#3540 = ORIENTED_EDGE('',*,*,#3541,.F.);
#3541 = EDGE_CURVE('',#3448,#3542,#3544,.T.);
#3542 = VERTEX_POINT('',#3543);
#3543 = CARTESIAN_POINT('',(-7.191629803626,9.450806661224,
    4.584748257675));
#3544 = CIRCLE('',#3545,2.5);
#3545 = AXIS2_PLACEMENT_3D('',#3546,#3547,#3548);
#3546 = CARTESIAN_POINT('',(-9.5,9.122764106847,3.682631233874));
#3547 = DIRECTION('',(0.,0.939793423488,-0.341743063087));
#3548 = DIRECTION('',(0.,0.341743063087,0.939793423488));
#3549 = ORIENTED_EDGE('',*,*,#3447,.F.);
#3550 = ORIENTED_EDGE('',*,*,#2838,.F.);
#3551 = ORIENTED_EDGE('',*,*,#3552,.T.);
#3552 = EDGE_CURVE('',#2830,#3553,#3555,.T.);
#3553 = VERTEX_POINT('',#3554);
#3554 = CARTESIAN_POINT('',(-7.528640199614,1.033059547216,
    4.988401503946));
#3555 = CIRCLE('',#3556,2.5);
#3556 = AXIS2_PLACEMENT_3D('',#3557,#3558,#3559);
#3557 = CARTESIAN_POINT('',(-9.5,1.558471083077,6.433283242517));
#3558 = DIRECTION('',(0.,0.939793423488,-0.341743063087));
#3559 = DIRECTION('',(0.,0.341743063087,0.939793423488));
#3560 = ORIENTED_EDGE('',*,*,#3561,.F.);
#3561 = EDGE_CURVE('',#3542,#3553,#3562,.T.);
#3562 = B_SPLINE_CURVE_WITH_KNOTS('',7,(#3563,#3564,#3565,#3566,#3567,
    #3568,#3569,#3570,#3571,#3572,#3573,#3574,#3575,#3576,#3577,#3578,
    #3579,#3580,#3581,#3582,#3583,#3584,#3585,#3586,#3587,#3588,#3589,
    #3590,#3591,#3592,#3593,#3594,#3595,#3596,#3597,#3598,#3599,#3600,
    #3601,#3602,#3603,#3604,#3605,#3606,#3607,#3608,#3609,#3610,#3611,
    #3612,#3613,#3614,#3615,#3616,#3617,#3618),.UNSPECIFIED.,.F.,.F.,(8,
    6,6,6,6,6,6,6,6,8),(0.,6.564243567293E-02,8.450321794238E-02,
    0.123556964931,0.157123616279,0.203136564223,0.288078789484,
    0.402136512825,0.656707954124,1.),.UNSPECIFIED.);
#3563 = CARTESIAN_POINT('',(-9.5,10.6154374442,5.8));
#3564 = CARTESIAN_POINT('',(-9.327544636086,10.6154374442,5.8));
#3565 = CARTESIAN_POINT('',(-9.15499204726,10.608903173412,
    5.787607905299));
#3566 = CARTESIAN_POINT('',(-8.98399921211,10.595820139891,
    5.762798952988));
#3567 = CARTESIAN_POINT('',(-8.816222019491,10.576083947929,
    5.725915971747));
#3568 = CARTESIAN_POINT('',(-8.653261801718,10.549487974354,
    5.677669920996));
#3569 = CARTESIAN_POINT('',(-8.496606157365,10.515703941841,
    5.619149637446));
#3570 = CARTESIAN_POINT('',(-8.304740386424,10.462346140004,
    5.532501202976));
#3571 = CARTESIAN_POINT('',(-8.26255458013,10.449806792924,
    5.512440147514));
#3572 = CARTESIAN_POINT('',(-8.2210465822,10.436629141458,5.491697951573
    ));
#3573 = CARTESIAN_POINT('',(-8.180253342836,10.422804688276,
    5.470317748806));
#3574 = CARTESIAN_POINT('',(-8.140208825021,10.408324645253,
    5.448345477602));
#3575 = CARTESIAN_POINT('',(-8.100944004523,10.393179933469,
    5.425829881088));
#3576 = CARTESIAN_POINT('',(-7.982856280644,10.344606366278,
    5.35518269301));
#3577 = CARTESIAN_POINT('',(-7.906563986345,10.308910464438,
    5.305359399979));
#3578 = CARTESIAN_POINT('',(-7.834064497657,10.270252323748,
    5.253906882226));
#3579 = CARTESIAN_POINT('',(-7.765666883397,10.228628085286,
    5.20143400422));
#3580 = CARTESIAN_POINT('',(-7.701548942854,10.184057173813,
    5.148563599576));
#3581 = CARTESIAN_POINT('',(-7.641771378093,10.136588286428,
    5.09589182992));
#3582 = CARTESIAN_POINT('',(-7.538607474576,10.043087281112,
    4.999301488571));
#3583 = CARTESIAN_POINT('',(-7.494187709396,9.997871209482,
    4.955276515292));
#3584 = CARTESIAN_POINT('',(-7.453023071991,9.950758651585,
    4.912240544905));
#3585 = CARTESIAN_POINT('',(-7.41503520805,9.901878124685,4.870517638994
    ));
#3586 = CARTESIAN_POINT('',(-7.380099689797,9.851395256018,
    4.830376339045));
#3587 = CARTESIAN_POINT('',(-7.348063880639,9.79952280706,4.792025449728
    ));
#3588 = CARTESIAN_POINT('',(-7.278590388575,9.673889330886,
    4.705709164296));
#3589 = CARTESIAN_POINT('',(-7.243643422076,9.599305339003,
    4.659562393343));
#3590 = CARTESIAN_POINT('',(-7.213184503292,9.523016615931,
    4.617214799418));
#3591 = CARTESIAN_POINT('',(-7.186599932587,9.445304766157,
    4.578597348185));
#3592 = CARTESIAN_POINT('',(-7.163373342416,9.36650549905,4.543570182812
    ));
#3593 = CARTESIAN_POINT('',(-7.14306744377,9.28701792974,4.511949756191)
  );
#3594 = CARTESIAN_POINT('',(-7.092531898485,9.060172915183,
    4.431057263442));
#3595 = CARTESIAN_POINT('',(-7.068175202415,8.911099160618,
    4.389059732118));
#3596 = CARTESIAN_POINT('',(-7.049741825093,8.761156534243,
    4.355868185835));
#3597 = CARTESIAN_POINT('',(-7.035723082018,8.61126213392,4.329851329142
    ));
#3598 = CARTESIAN_POINT('',(-7.025066688968,8.461893258218,
    4.309669410512));
#3599 = CARTESIAN_POINT('',(-7.017049142987,8.312847474354,
    4.294263986939));
#3600 = CARTESIAN_POINT('',(-7.003293646782,7.96200997126,4.26757780434)
  );
#3601 = CARTESIAN_POINT('',(-6.999277373076,7.759600565269,
    4.259516954268));
#3602 = CARTESIAN_POINT('',(-6.998099125915,7.557344663887,
    4.257153795439));
#3603 = CARTESIAN_POINT('',(-6.999118196568,7.356330216589,
    4.259208739061));
#3604 = CARTESIAN_POINT('',(-7.00189191007,7.156767358472,4.264742710089
    ));
#3605 = CARTESIAN_POINT('',(-7.006161939189,6.957694204368,
    4.273155857903));
#3606 = CARTESIAN_POINT('',(-7.024563458476,6.308714129183,
    4.308809251003));
#3607 = CARTESIAN_POINT('',(-7.044375951326,5.851473006684,
    4.346501020014));
#3608 = CARTESIAN_POINT('',(-7.069566104538,5.394091027325,
    4.392554133978));
#3609 = CARTESIAN_POINT('',(-7.099152585677,4.943050420509,
    4.443436888814));
#3610 = CARTESIAN_POINT('',(-7.132532283751,4.498619279788,
    4.497510511954));
#3611 = CARTESIAN_POINT('',(-7.170056775622,4.054367405194,
    4.554657574923));
#3612 = CARTESIAN_POINT('',(-7.271432051124,2.988349444142,
    4.698134382715));
#3613 = CARTESIAN_POINT('',(-7.337516234551,2.383755810349,
    4.784315153226));
#3614 = CARTESIAN_POINT('',(-7.412075657454,1.781613267372,
    4.873146099849));
#3615 = CARTESIAN_POINT('',(-7.496702937094,1.176555507683,
    4.964808289003));
#3616 = CARTESIAN_POINT('',(-7.593432264143,0.5677546586,5.058942707168)
  );
#3617 = CARTESIAN_POINT('',(-7.704614971992,-4.039927389561E-02,
    5.154525041543));
#3618 = CARTESIAN_POINT('',(-7.832612866739,-0.636580857178,
    5.249404398466));
#3619 = CYLINDRICAL_SURFACE('',#3620,2.5);
#3620 = AXIS2_PLACEMENT_3D('',#3621,#3622,#3623);
#3621 = CARTESIAN_POINT('',(-9.5,0.,7.));
#3622 = DIRECTION('',(0.,0.939793423488,-0.341743063087));
#3623 = DIRECTION('',(0.,0.341743063087,0.939793423488));
#3624 = ADVANCED_FACE('',(#3625),#3677,.T.);
#3625 = FACE_BOUND('',#3626,.T.);
#3626 = EDGE_LOOP('',(#3627,#3628,#3629,#3676));
#3627 = ORIENTED_EDGE('',*,*,#2829,.F.);
#3628 = ORIENTED_EDGE('',*,*,#3313,.F.);
#3629 = ORIENTED_EDGE('',*,*,#3630,.F.);
#3630 = EDGE_CURVE('',#3553,#3314,#3631,.T.);
#3631 = B_SPLINE_CURVE_WITH_KNOTS('',7,(#3632,#3633,#3634,#3635,#3636,
    #3637,#3638,#3639,#3640,#3641,#3642,#3643,#3644,#3645,#3646,#3647,
    #3648,#3649,#3650,#3651,#3652,#3653,#3654,#3655,#3656,#3657,#3658,
    #3659,#3660,#3661,#3662,#3663,#3664,#3665,#3666,#3667,#3668,#3669,
    #3670,#3671,#3672,#3673,#3674,#3675),.UNSPECIFIED.,.F.,.F.,(8,6,6,6,
    6,6,6,8),(0.,7.242438937308E-02,0.148182904216,0.244896723732,
    0.378440759719,0.494386123192,0.640023874172,1.),.UNSPECIFIED.);
#3632 = CARTESIAN_POINT('',(-9.5,2.749545416974,5.8));
#3633 = CARTESIAN_POINT('',(-9.450894898333,2.749545416974,5.8));
#3634 = CARTESIAN_POINT('',(-9.401787078307,2.748083729563,
    5.798995284585));
#3635 = CARTESIAN_POINT('',(-9.352795362384,2.745160239693,5.79698566292
    ));
#3636 = CARTESIAN_POINT('',(-9.304032140946,2.740787453015,
    5.793983240027));
#3637 = CARTESIAN_POINT('',(-9.255603328689,2.734989229036,
    5.790011128571));
#3638 = CARTESIAN_POINT('',(-9.207608321019,2.72779951427,5.785102160639
    ));
#3639 = CARTESIAN_POINT('',(-9.110486328404,2.710329561398,
    5.773225819931));
#3640 = CARTESIAN_POINT('',(-9.061405015908,2.699921560413,
    5.766173562742));
#3641 = CARTESIAN_POINT('',(-9.012998617211,2.688085348729,
    5.758187513156));
#3642 = CARTESIAN_POINT('',(-8.965352973233,2.674877286173,
    5.749322500954));
#3643 = CARTESIAN_POINT('',(-8.918538618165,2.660359223856,
    5.739638904854));
#3644 = CARTESIAN_POINT('',(-8.872612236078,2.644595911913,5.72920005687
    ));
#3645 = CARTESIAN_POINT('',(-8.770178329128,2.606022217482,
    5.703860491613));
#3646 = CARTESIAN_POINT('',(-8.714258542431,2.582468858426,
    5.688524352644));
#3647 = CARTESIAN_POINT('',(-8.659943020928,2.557125792932,
    5.672192922836));
#3648 = CARTESIAN_POINT('',(-8.607284373309,2.530125836796,
    5.654997500652));
#3649 = CARTESIAN_POINT('',(-8.556308331354,2.501596927119,
    5.637065101643));
#3650 = CARTESIAN_POINT('',(-8.507018527835,2.471657890669,
    5.618514570133));
#3651 = CARTESIAN_POINT('',(-8.393650586088,2.397272426134,
    5.573131733924));
#3652 = CARTESIAN_POINT('',(-8.331099780015,2.351650615985,
    5.545840296732));
#3653 = CARTESIAN_POINT('',(-8.271700229781,2.303822003233,
    5.517858441023));
#3654 = CARTESIAN_POINT('',(-8.215373436599,2.25403277847,5.489436468344
    ));
#3655 = CARTESIAN_POINT('',(-8.162017686227,2.202498782826,
    5.460794115399));
#3656 = CARTESIAN_POINT('',(-8.11151470588,2.149402189346,5.432119749353
    ));
#3657 = CARTESIAN_POINT('',(-8.022254257611,2.047558132717,
    5.378781771633));
#3658 = CARTESIAN_POINT('',(-7.98283128194,1.999165719939,5.354090942031
    ));
#3659 = CARTESIAN_POINT('',(-7.945386108069,1.949810001427,
    5.329601859413));
#3660 = CARTESIAN_POINT('',(-7.909839523527,1.899580029125,
    5.305407386361));
#3661 = CARTESIAN_POINT('',(-7.876114406443,1.84855482707,5.281589332793
    ));
#3662 = CARTESIAN_POINT('',(-7.844135742546,1.796803366942,
    5.258219325802));
#3663 = CARTESIAN_POINT('',(-7.775764724489,1.678541811214,
    5.206645918323));
#3664 = CARTESIAN_POINT('',(-7.740342068855,1.611651056129,
    5.178739538764));
#3665 = CARTESIAN_POINT('',(-7.707419127801,1.543830065643,
    5.151764489292));
#3666 = CARTESIAN_POINT('',(-7.676864498223,1.475184487648,
    5.125827288473));
#3667 = CARTESIAN_POINT('',(-7.648557847929,1.40580792019,5.101018807402
    ));
#3668 = CARTESIAN_POINT('',(-7.62238884218,1.335782001023,5.077416052135
    ));
#3669 = CARTESIAN_POINT('',(-7.538606551547,1.090659275024,
    4.999885174171));
#3670 = CARTESIAN_POINT('',(-7.491416860914,0.912656948079,
    4.952467179567));
#3671 = CARTESIAN_POINT('',(-7.455139213749,0.732193080669,
    4.913792166086));
#3672 = CARTESIAN_POINT('',(-7.428694244782,0.550109112494,
    4.884472124007));
#3673 = CARTESIAN_POINT('',(-7.411317526279,0.367064966159,
    4.864826845193));
#3674 = CARTESIAN_POINT('',(-7.402626642679,0.1835534376,4.855));
#3675 = CARTESIAN_POINT('',(-7.402626642679,-5.13708313732E-16,4.855));
#3676 = ORIENTED_EDGE('',*,*,#3552,.F.);
#3677 = SPHERICAL_SURFACE('',#3678,3.);
#3678 = AXIS2_PLACEMENT_3D('',#3679,#3680,#3681);
#3679 = CARTESIAN_POINT('',(-9.5,0.,7.));
#3680 = DIRECTION('',(0.,0.,1.));
#3681 = DIRECTION('',(1.,0.,-0.));
#3682 = ADVANCED_FACE('',(#3683),#3704,.T.);
#3683 = FACE_BOUND('',#3684,.T.);
#3684 = EDGE_LOOP('',(#3685,#3686,#3687,#3694,#3695,#3696,#3697));
#3685 = ORIENTED_EDGE('',*,*,#2960,.T.);
#3686 = ORIENTED_EDGE('',*,*,#3091,.T.);
#3687 = ORIENTED_EDGE('',*,*,#3688,.F.);
#3688 = EDGE_CURVE('',#3169,#3083,#3689,.T.);
#3689 = CIRCLE('',#3690,2.8);
#3690 = AXIS2_PLACEMENT_3D('',#3691,#3692,#3693);
#3691 = CARTESIAN_POINT('',(9.5,9.450806661517,3.));
#3692 = DIRECTION('',(0.,1.,0.));
#3693 = DIRECTION('',(0.,-0.,1.));
#3694 = ORIENTED_EDGE('',*,*,#3188,.T.);
#3695 = ORIENTED_EDGE('',*,*,#3257,.T.);
#3696 = ORIENTED_EDGE('',*,*,#3036,.F.);
#3697 = ORIENTED_EDGE('',*,*,#3698,.T.);
#3698 = EDGE_CURVE('',#3028,#2961,#3699,.T.);
#3699 = CIRCLE('',#3700,2.8);
#3700 = AXIS2_PLACEMENT_3D('',#3701,#3702,#3703);
#3701 = CARTESIAN_POINT('',(9.5,-2.450806661517,3.));
#3702 = DIRECTION('',(0.,1.,0.));
#3703 = DIRECTION('',(0.,-0.,1.));
#3704 = CYLINDRICAL_SURFACE('',#3705,2.8);
#3705 = AXIS2_PLACEMENT_3D('',#3706,#3707,#3708);
#3706 = CARTESIAN_POINT('',(9.5,-4.,3.));
#3707 = DIRECTION('',(0.,1.,0.));
#3708 = DIRECTION('',(0.,-0.,1.));
#3709 = ADVANCED_FACE('',(#3710,#3714),#3718,.T.);
#3710 = FACE_BOUND('',#3711,.T.);
#3711 = VERTEX_LOOP('',#3712);
#3712 = VERTEX_POINT('',#3713);
#3713 = CARTESIAN_POINT('',(9.5,-4.,-0.2));
#3714 = FACE_BOUND('',#3715,.T.);
#3715 = EDGE_LOOP('',(#3716,#3717));
#3716 = ORIENTED_EDGE('',*,*,#3698,.F.);
#3717 = ORIENTED_EDGE('',*,*,#3027,.T.);
#3718 = SPHERICAL_SURFACE('',#3719,3.2);
#3719 = AXIS2_PLACEMENT_3D('',#3720,#3721,#3722);
#3720 = CARTESIAN_POINT('',(9.5,-4.,3.));
#3721 = DIRECTION('',(0.,0.,1.));
#3722 = DIRECTION('',(1.,0.,-0.));
#3723 = ADVANCED_FACE('',(#3724,#3728,#3739),#3744,.T.);
#3724 = FACE_BOUND('',#3725,.T.);
#3725 = VERTEX_LOOP('',#3726);
#3726 = VERTEX_POINT('',#3727);
#3727 = CARTESIAN_POINT('',(9.5,11.,6.2));
#3728 = FACE_BOUND('',#3729,.T.);
#3729 = EDGE_LOOP('',(#3730));
#3730 = ORIENTED_EDGE('',*,*,#3731,.T.);
#3731 = EDGE_CURVE('',#3732,#3732,#3734,.T.);
#3732 = VERTEX_POINT('',#3733);
#3733 = CARTESIAN_POINT('',(9.5,13.093182416909,5.420451893664));
#3734 = CIRCLE('',#3735,2.616719086382);
#3735 = AXIS2_PLACEMENT_3D('',#3736,#3737,#3738);
#3736 = CARTESIAN_POINT('',(9.5,12.832809136181,2.816719086382));
#3737 = DIRECTION('',(0.,-0.99503719021,9.9503719021E-02));
#3738 = DIRECTION('',(0.,-9.9503719021E-02,-0.99503719021));
#3739 = FACE_BOUND('',#3740,.T.);
#3740 = EDGE_LOOP('',(#3741,#3742,#3743));
#3741 = ORIENTED_EDGE('',*,*,#3082,.T.);
#3742 = ORIENTED_EDGE('',*,*,#3168,.T.);
#3743 = ORIENTED_EDGE('',*,*,#3688,.T.);
#3744 = SPHERICAL_SURFACE('',#3745,3.2);
#3745 = AXIS2_PLACEMENT_3D('',#3746,#3747,#3748);
#3746 = CARTESIAN_POINT('',(9.5,11.,3.));
#3747 = DIRECTION('',(0.,0.,1.));
#3748 = DIRECTION('',(1.,0.,-0.));
#3749 = ADVANCED_FACE('',(#3750),#3771,.T.);
#3750 = FACE_BOUND('',#3751,.T.);
#3751 = EDGE_LOOP('',(#3752,#3753,#3754,#3761,#3762,#3763,#3764));
#3752 = ORIENTED_EDGE('',*,*,#3333,.T.);
#3753 = ORIENTED_EDGE('',*,*,#3464,.T.);
#3754 = ORIENTED_EDGE('',*,*,#3755,.F.);
#3755 = EDGE_CURVE('',#3542,#3456,#3756,.T.);
#3756 = CIRCLE('',#3757,2.8);
#3757 = AXIS2_PLACEMENT_3D('',#3758,#3759,#3760);
#3758 = CARTESIAN_POINT('',(-9.5,9.450806661517,3.));
#3759 = DIRECTION('',(0.,1.,0.));
#3760 = DIRECTION('',(0.,-0.,1.));
#3761 = ORIENTED_EDGE('',*,*,#3561,.T.);
#3762 = ORIENTED_EDGE('',*,*,#3630,.T.);
#3763 = ORIENTED_EDGE('',*,*,#3409,.F.);
#3764 = ORIENTED_EDGE('',*,*,#3765,.T.);
#3765 = EDGE_CURVE('',#3401,#3334,#3766,.T.);
#3766 = CIRCLE('',#3767,2.8);
#3767 = AXIS2_PLACEMENT_3D('',#3768,#3769,#3770);
#3768 = CARTESIAN_POINT('',(-9.5,-2.450806661517,3.));
#3769 = DIRECTION('',(0.,1.,0.));
#3770 = DIRECTION('',(0.,-0.,1.));
#3771 = CYLINDRICAL_SURFACE('',#3772,2.8);
#3772 = AXIS2_PLACEMENT_3D('',#3773,#3774,#3775);
#3773 = CARTESIAN_POINT('',(-9.5,-4.,3.));
#3774 = DIRECTION('',(0.,1.,0.));
#3775 = DIRECTION('',(0.,-0.,1.));
#3776 = ADVANCED_FACE('',(#3777,#3781),#3785,.T.);
#3777 = FACE_BOUND('',#3778,.T.);
#3778 = VERTEX_LOOP('',#3779);
#3779 = VERTEX_POINT('',#3780);
#3780 = CARTESIAN_POINT('',(-9.5,-4.,-0.2));
#3781 = FACE_BOUND('',#3782,.T.);
#3782 = EDGE_LOOP('',(#3783,#3784));
#3783 = ORIENTED_EDGE('',*,*,#3765,.F.);
#3784 = ORIENTED_EDGE('',*,*,#3400,.T.);
#3785 = SPHERICAL_SURFACE('',#3786,3.2);
#3786 = AXIS2_PLACEMENT_3D('',#3787,#3788,#3789);
#3787 = CARTESIAN_POINT('',(-9.5,-4.,3.));
#3788 = DIRECTION('',(0.,0.,1.));
#3789 = DIRECTION('',(1.,0.,-0.));
#3790 = ADVANCED_FACE('',(#3791,#3795,#3806),#3811,.T.);
#3791 = FACE_BOUND('',#3792,.T.);
#3792 = VERTEX_LOOP('',#3793);
#3793 = VERTEX_POINT('',#3794);
#3794 = CARTESIAN_POINT('',(-9.5,11.,6.2));
#3795 = FACE_BOUND('',#3796,.T.);
#3796 = EDGE_LOOP('',(#3797));
#3797 = ORIENTED_EDGE('',*,*,#3798,.T.);
#3798 = EDGE_CURVE('',#3799,#3799,#3801,.T.);
#3799 = VERTEX_POINT('',#3800);
#3800 = CARTESIAN_POINT('',(-9.5,13.093182416909,5.420451893664));
#3801 = CIRCLE('',#3802,2.616719086382);
#3802 = AXIS2_PLACEMENT_3D('',#3803,#3804,#3805);
#3803 = CARTESIAN_POINT('',(-9.5,12.832809136181,2.816719086382));
#3804 = DIRECTION('',(0.,-0.99503719021,9.9503719021E-02));
#3805 = DIRECTION('',(0.,-9.9503719021E-02,-0.99503719021));
#3806 = FACE_BOUND('',#3807,.T.);
#3807 = EDGE_LOOP('',(#3808,#3809,#3810));
#3808 = ORIENTED_EDGE('',*,*,#3455,.T.);
#3809 = ORIENTED_EDGE('',*,*,#3541,.T.);
#3810 = ORIENTED_EDGE('',*,*,#3755,.T.);
#3811 = SPHERICAL_SURFACE('',#3812,3.2);
#3812 = AXIS2_PLACEMENT_3D('',#3813,#3814,#3815);
#3813 = CARTESIAN_POINT('',(-9.5,11.,3.));
#3814 = DIRECTION('',(0.,0.,1.));
#3815 = DIRECTION('',(1.,0.,-0.));
#3816 = ADVANCED_FACE('',(#3817),#3836,.T.);
#3817 = FACE_BOUND('',#3818,.T.);
#3818 = EDGE_LOOP('',(#3819,#3828,#3834,#3835));
#3819 = ORIENTED_EDGE('',*,*,#3820,.T.);
#3820 = EDGE_CURVE('',#3821,#3821,#3823,.T.);
#3821 = VERTEX_POINT('',#3822);
#3822 = CARTESIAN_POINT('',(9.5,15.242775608389,4.987289934999));
#3823 = CIRCLE('',#3824,2.399599345061);
#3824 = AXIS2_PLACEMENT_3D('',#3825,#3826,#3827);
#3825 = CARTESIAN_POINT('',(9.5,15.004006549395,2.599599345061));
#3826 = DIRECTION('',(0.,-0.99503719021,9.9503719021E-02));
#3827 = DIRECTION('',(0.,-9.9503719021E-02,-0.99503719021));
#3828 = ORIENTED_EDGE('',*,*,#3829,.F.);
#3829 = EDGE_CURVE('',#3732,#3821,#3830,.T.);
#3830 = LINE('',#3831,#3832);
#3831 = CARTESIAN_POINT('',(9.5,11.278610413259,5.786104132588));
#3832 = VECTOR('',#3833,1.);
#3833 = DIRECTION('',(2.42516203838E-17,0.980295206686,-0.197538117203)
  );
#3834 = ORIENTED_EDGE('',*,*,#3731,.F.);
#3835 = ORIENTED_EDGE('',*,*,#3829,.T.);
#3836 = CONICAL_SURFACE('',#3837,2.8,9.91772610794E-02);
#3837 = AXIS2_PLACEMENT_3D('',#3838,#3839,#3840);
#3838 = CARTESIAN_POINT('',(9.5,11.,3.));
#3839 = DIRECTION('',(-0.,-0.99503719021,9.9503719021E-02));
#3840 = DIRECTION('',(0.,9.9503719021E-02,0.99503719021));
#3841 = ADVANCED_FACE('',(#3842),#3861,.T.);
#3842 = FACE_BOUND('',#3843,.T.);
#3843 = EDGE_LOOP('',(#3844,#3853,#3859,#3860));
#3844 = ORIENTED_EDGE('',*,*,#3845,.T.);
#3845 = EDGE_CURVE('',#3846,#3846,#3848,.T.);
#3846 = VERTEX_POINT('',#3847);
#3847 = CARTESIAN_POINT('',(-9.5,15.242775608389,4.987289934999));
#3848 = CIRCLE('',#3849,2.399599345061);
#3849 = AXIS2_PLACEMENT_3D('',#3850,#3851,#3852);
#3850 = CARTESIAN_POINT('',(-9.5,15.004006549395,2.599599345061));
#3851 = DIRECTION('',(0.,-0.99503719021,9.9503719021E-02));
#3852 = DIRECTION('',(0.,-9.9503719021E-02,-0.99503719021));
#3853 = ORIENTED_EDGE('',*,*,#3854,.F.);
#3854 = EDGE_CURVE('',#3799,#3846,#3855,.T.);
#3855 = LINE('',#3856,#3857);
#3856 = CARTESIAN_POINT('',(-9.5,11.278610413259,5.786104132588));
#3857 = VECTOR('',#3858,1.);
#3858 = DIRECTION('',(2.42516203838E-17,0.980295206686,-0.197538117203)
  );
#3859 = ORIENTED_EDGE('',*,*,#3798,.F.);
#3860 = ORIENTED_EDGE('',*,*,#3854,.T.);
#3861 = CONICAL_SURFACE('',#3862,2.8,9.91772610794E-02);
#3862 = AXIS2_PLACEMENT_3D('',#3863,#3864,#3865);
#3863 = CARTESIAN_POINT('',(-9.5,11.,3.));
#3864 = DIRECTION('',(-0.,-0.99503719021,9.9503719021E-02));
#3865 = DIRECTION('',(0.,9.9503719021E-02,0.99503719021));
#3866 = ADVANCED_FACE('',(#3867,#3871),#3874,.T.);
#3867 = FACE_BOUND('',#3868,.T.);
#3868 = VERTEX_LOOP('',#3869);
#3869 = VERTEX_POINT('',#3870);
#3870 = CARTESIAN_POINT('',(9.5,16.,5.1));
#3871 = FACE_BOUND('',#3872,.T.);
#3872 = EDGE_LOOP('',(#3873));
#3873 = ORIENTED_EDGE('',*,*,#3820,.F.);
#3874 = SPHERICAL_SURFACE('',#3875,2.6);
#3875 = AXIS2_PLACEMENT_3D('',#3876,#3877,#3878);
#3876 = CARTESIAN_POINT('',(9.5,16.,2.5));
#3877 = DIRECTION('',(0.,0.,1.));
#3878 = DIRECTION('',(1.,0.,-0.));
#3879 = ADVANCED_FACE('',(#3880,#3884),#3887,.T.);
#3880 = FACE_BOUND('',#3881,.T.);
#3881 = VERTEX_LOOP('',#3882);
#3882 = VERTEX_POINT('',#3883);
#3883 = CARTESIAN_POINT('',(-9.5,16.,5.1));
#3884 = FACE_BOUND('',#3885,.T.);
#3885 = EDGE_LOOP('',(#3886));
#3886 = ORIENTED_EDGE('',*,*,#3845,.F.);
#3887 = SPHERICAL_SURFACE('',#3888,2.6);
#3888 = AXIS2_PLACEMENT_3D('',#3889,#3890,#3891);
#3889 = CARTESIAN_POINT('',(-9.5,16.,2.5));
#3890 = DIRECTION('',(0.,0.,1.));
#3891 = DIRECTION('',(1.,0.,-0.));
#3892 = ( GEOMETRIC_REPRESENTATION_CONTEXT(3) 
GLOBAL_UNCERTAINTY_ASSIGNED_CONTEXT((#3896)) 
GLOBAL_UNIT_ASSIGNED_CONTEXT((#3893,#3894,#3895)) REPRESENTATION_CONTEXT
('Context #1','3D Context with UNIT and UNCERTAINTY') );
#3893 = ( LENGTH_UNIT() NAMED_UNIT(*) SI_UNIT(.MILLI.,.METRE.) );
#3894 = ( NAMED_UNIT(*) PLANE_ANGLE_UNIT() SI_UNIT($,.RADIAN.) );
#3895 = ( NAMED_UNIT(*) SI_UNIT($,.STERADIAN.) SOLID_ANGLE_UNIT() );
#3896 = UNCERTAINTY_MEASURE_WITH_UNIT(LENGTH_MEASURE(1.E-07),#3893,
  'distance_accuracy_value','confusion accuracy');
#3897 = PRODUCT_RELATED_PRODUCT_CATEGORY('part',$,(#7));
ENDSEC;
END-ISO-10303-21;
